[0/2] Re-checking globbed directories...
[1/1082] Scanning /home/alex/Documents/IntrinsicEngine/src/core/Core.Dag.Scheduler.Hazards.cpp for CXX dependencies
[2/1082] Scanning /home/alex/Documents/IntrinsicEngine/methods/geometry/progressive_poisson/src/ProgressivePoissonReference.cpp for CXX dependencies
[3/1082] Generating CXX dyndep file CMakeFiles/IntrinsicProgressivePoissonReference.dir/CXX.dd
[4/1082] Scanning /home/alex/Documents/IntrinsicEngine/src/core/Core.Config.EngineLoad.cpp for CXX dependencies
[5/1082] Scanning /home/alex/Documents/IntrinsicEngine/build/ci/generated/deps/tinygltf_impl.cpp for CXX dependencies
[6/1082] Generating CXX dyndep file CMakeFiles/tinygltf.dir/CXX.dd
[7/1082] Scanning /home/alex/Documents/IntrinsicEngine/src/core/Core.Dag.Scheduler.cpp for CXX dependencies
[8/1082] Scanning /home/alex/Documents/IntrinsicEngine/src/core/Core.FrameLoop.cpp for CXX dependencies
[9/1082] Scanning /home/alex/Documents/IntrinsicEngine/src/core/Core.Dag.TaskGraph.cpp for CXX dependencies
[10/1082] Scanning /home/alex/Documents/IntrinsicEngine/src/core/Core.FrameGraph.cpp for CXX dependencies
[11/1082] Scanning /home/alex/Documents/IntrinsicEngine/src/core/Core.Filesystem.cpp for CXX dependencies
[12/1082] Scanning /home/alex/Documents/IntrinsicEngine/src/core/Core.Filesystem.PathResolver.cpp for CXX dependencies
[13/1082] Scanning /home/alex/Documents/IntrinsicEngine/src/core/Core.IOBackend.cpp for CXX dependencies
[14/1082] Scanning /home/alex/Documents/IntrinsicEngine/src/core/Core.Logging.cpp for CXX dependencies
[15/1082] Scanning /home/alex/Documents/IntrinsicEngine/src/core/Core.Process.cpp for CXX dependencies
[16/1082] Scanning /home/alex/Documents/IntrinsicEngine/src/core/Core.Telemetry.cpp for CXX dependencies
[17/1082] Scanning /home/alex/Documents/IntrinsicEngine/src/core/Core.Tasks.CounterEvent.cpp for CXX dependencies
[18/1082] Scanning /home/alex/Documents/IntrinsicEngine/src/core/Core.Tasks.Dispatch.cpp for CXX dependencies
[19/1082] Scanning /home/alex/Documents/IntrinsicEngine/src/core/Core.Tasks.Job.cpp for CXX dependencies
[20/1082] Scanning /home/alex/Documents/IntrinsicEngine/src/core/Core.Tasks.Stats.cpp for CXX dependencies
[21/1082] Scanning /home/alex/Documents/IntrinsicEngine/src/core/Core.Tasks.Lifecycle.cpp for CXX dependencies
[22/1082] Scanning /home/alex/Documents/IntrinsicEngine/src/core/Core.Tasks.WaitToken.cpp for CXX dependencies
[23/1082] Scanning /home/alex/Documents/IntrinsicEngine/src/core/Core.BoundedHeap.cppm for CXX dependencies
[24/1082] Scanning /home/alex/Documents/IntrinsicEngine/src/core/Core.IndexedHeap.cppm for CXX dependencies
[25/1082] Scanning /home/alex/Documents/IntrinsicEngine/src/core/Core.Tasks.Worker.cpp for CXX dependencies
[26/1082] Scanning /home/alex/Documents/IntrinsicEngine/src/core/Core.Config.Render.cppm for CXX dependencies
[27/1082] Scanning /home/alex/Documents/IntrinsicEngine/src/core/Core.Config.Window.cppm for CXX dependencies
[28/1082] Scanning /home/alex/Documents/IntrinsicEngine/src/core/Core.Config.Engine.cppm for CXX dependencies
[29/1082] Scanning /home/alex/Documents/IntrinsicEngine/src/core/Core.Config.EngineLoad.cppm for CXX dependencies
[30/1082] Scanning /home/alex/Documents/IntrinsicEngine/src/core/Core.Dag.Scheduler.Types.cppm for CXX dependencies
[31/1082] Scanning /home/alex/Documents/IntrinsicEngine/src/core/Core.Dag.Scheduler.Policy.cppm for CXX dependencies
[32/1082] Scanning /home/alex/Documents/IntrinsicEngine/src/core/Core.Dag.Scheduler.Hazards.cppm for CXX dependencies
[33/1082] Scanning /home/alex/Documents/IntrinsicEngine/src/core/Core.Dag.Scheduler.cppm for CXX dependencies
[34/1082] Scanning /home/alex/Documents/IntrinsicEngine/src/core/Core.Dag.Scheduler.Compiler.cppm for CXX dependencies
[35/1082] Scanning /home/alex/Documents/IntrinsicEngine/src/core/Core.Dag.Scheduler.DomainGraph.cppm for CXX dependencies
[36/1082] Scanning /home/alex/Documents/IntrinsicEngine/src/core/Core.IOBackend.cppm for CXX dependencies
[37/1082] Scanning /home/alex/Documents/IntrinsicEngine/src/core/Core.FrameGraph.cppm for CXX dependencies
[38/1082] Scanning /home/alex/Documents/IntrinsicEngine/src/core/Core.Dag.TaskGraph.cppm for CXX dependencies
[39/1082] Scanning /home/alex/Documents/IntrinsicEngine/src/core/Core.RingBuffer.cppm for CXX dependencies
[40/1082] Scanning /home/alex/Documents/IntrinsicEngine/src/core/Core.Process.cppm for CXX dependencies
[41/1082] Scanning /home/alex/Documents/IntrinsicEngine/src/core/Core.ResourcePool.cppm for CXX dependencies
[42/1082] Scanning /home/alex/Documents/IntrinsicEngine/src/core/Core.Telemetry.cppm for CXX dependencies
[43/1082] Scanning /home/alex/Documents/IntrinsicEngine/src/core/Core.Error.cppm for CXX dependencies
[44/1082] Scanning /home/alex/Documents/IntrinsicEngine/src/core/Core.FrameLoop.cppm for CXX dependencies
[45/1082] Scanning /home/alex/Documents/IntrinsicEngine/src/core/Core.CallbackRegistry.cppm for CXX dependencies
[46/1082] Scanning /home/alex/Documents/IntrinsicEngine/src/core/Core.Geometry2D.cppm for CXX dependencies
[47/1082] Scanning /home/alex/Documents/IntrinsicEngine/src/core/Core.FrameClock.cppm for CXX dependencies
[48/1082] Scanning /home/alex/Documents/IntrinsicEngine/src/core/Core.HandleLease.cppm for CXX dependencies
[49/1082] Scanning /home/alex/Documents/IntrinsicEngine/src/core/Core.Hash.cppm for CXX dependencies
[50/1082] Scanning /home/alex/Documents/IntrinsicEngine/src/core/Core.Filesystem.PathResolver.cppm for CXX dependencies
[51/1082] Scanning /home/alex/Documents/IntrinsicEngine/src/core/Core.Filesystem.cppm for CXX dependencies
[52/1082] Scanning /home/alex/Documents/IntrinsicEngine/src/core/Core.Memory.Common.cppm for CXX dependencies
[53/1082] Scanning /home/alex/Documents/IntrinsicEngine/src/core/Core.Logging.cppm for CXX dependencies
[54/1082] Scanning /home/alex/Documents/IntrinsicEngine/src/core/Core.LockFreeQueue.cppm for CXX dependencies
[55/1082] Scanning /home/alex/Documents/IntrinsicEngine/src/core/Core.Memory.Polymorphic.cppm for CXX dependencies
[56/1082] Scanning /home/alex/Documents/IntrinsicEngine/src/core/Core.Memory.LinearArena.cppm for CXX dependencies
[57/1082] Scanning /home/alex/Documents/IntrinsicEngine/src/core/Core.StrongHandle.cppm for CXX dependencies
[58/1082] Scanning /home/alex/Documents/IntrinsicEngine/src/core/Core.Memory.ScopeStack.cppm for CXX dependencies
[59/1082] Scanning /home/alex/Documents/IntrinsicEngine/src/core/Core.Tasks.CounterEvent.cppm for CXX dependencies
[60/1082] Scanning /home/alex/Documents/IntrinsicEngine/src/core/Core.Tasks.cppm for CXX dependencies
[61/1082] Scanning /home/alex/Documents/IntrinsicEngine/src/core/Core.Tasks.LocalTask.cppm for CXX dependencies
[62/1082] Scanning /home/alex/Documents/IntrinsicEngine/src/core/Core.Tasks.Internal.cppm for CXX dependencies
[63/1082] Scanning /home/alex/Documents/IntrinsicEngine/src/core/Core.Memory.ScopeStack.cpp for CXX dependencies
[64/1082] Scanning /home/alex/Documents/IntrinsicEngine/src/core/Core.Memory.Polymorphic.cpp for CXX dependencies
[65/1082] Scanning /home/alex/Documents/IntrinsicEngine/src/core/Core.Tasks.LocalTask.cpp for CXX dependencies
[66/1082] Scanning /home/alex/Documents/IntrinsicEngine/src/core/Core.Memory.LinearArena.cpp for CXX dependencies
[67/1082] Scanning /home/alex/Documents/IntrinsicEngine/src/core/Core.Tasks.Internal.cpp for CXX dependencies
[68/1082] Generating CXX dyndep file src/core/CMakeFiles/ExtrinsicCore.dir/CXX.dd
[69/1082] Scanning /home/alex/Documents/IntrinsicEngine/src/geometry/Geometry.AABB.cpp for CXX dependencies
[70/1082] Scanning /home/alex/Documents/IntrinsicEngine/src/geometry/Geometry.BVH.cpp for CXX dependencies
[71/1082] Scanning /home/alex/Documents/IntrinsicEngine/src/geometry/Geometry.Capsule.cpp for CXX dependencies
[72/1082] Scanning /home/alex/Documents/IntrinsicEngine/src/geometry/Geometry.ContactManifold.cpp for CXX dependencies
[73/1082] Scanning /home/alex/Documents/IntrinsicEngine/src/geometry/Geometry.Containment.cpp for CXX dependencies
[74/1082] Scanning /home/alex/Documents/IntrinsicEngine/src/geometry/Geometry.ConvexHull.cpp for CXX dependencies
[75/1082] Scanning /home/alex/Documents/IntrinsicEngine/src/geometry/Geometry.ConvexHullBuilder.cpp for CXX dependencies
[76/1082] Scanning /home/alex/Documents/IntrinsicEngine/src/geometry/Geometry.Curve.cpp for CXX dependencies
[77/1082] Scanning /home/alex/Documents/IntrinsicEngine/src/geometry/Geometry.Cylinder.cpp for CXX dependencies
[78/1082] Scanning /home/alex/Documents/IntrinsicEngine/src/geometry/Geometry.Ellipsoid.cpp for CXX dependencies
[79/1082] Scanning /home/alex/Documents/IntrinsicEngine/src/geometry/Geometry.EPA.cpp for CXX dependencies
[80/1082] Scanning /home/alex/Documents/IntrinsicEngine/src/geometry/Geometry.Frustum.cpp for CXX dependencies
[81/1082] Scanning /home/alex/Documents/IntrinsicEngine/src/geometry/Geometry.GJK.cpp for CXX dependencies
[82/1082] Scanning /home/alex/Documents/IntrinsicEngine/src/geometry/Geometry.Graph.ShortestPath.cpp for CXX dependencies
[83/1082] Scanning /home/alex/Documents/IntrinsicEngine/src/geometry/Geometry.Graph.IO.cpp for CXX dependencies
[84/1082] Scanning /home/alex/Documents/IntrinsicEngine/src/geometry/Geometry.Grid.cpp for CXX dependencies
[85/1082] Scanning /home/alex/Documents/IntrinsicEngine/src/geometry/Geometry.Graph.Utils.cpp for CXX dependencies
[86/1082] Scanning /home/alex/Documents/IntrinsicEngine/src/geometry/Geometry.Graph.Vertex.Normals.cpp for CXX dependencies
[87/1082] Scanning /home/alex/Documents/IntrinsicEngine/src/geometry/Geometry.Graph.cpp for CXX dependencies
[88/1082] Scanning /home/alex/Documents/IntrinsicEngine/src/geometry/Geometry.HalfedgeMesh.Analysis.cpp for CXX dependencies
[89/1082] Scanning /home/alex/Documents/IntrinsicEngine/src/geometry/Geometry.HalfedgeMesh.AdaptiveRemeshing.cpp for CXX dependencies
[90/1082] Scanning /home/alex/Documents/IntrinsicEngine/src/geometry/Geometry.HalfedgeMesh.Boolean.cpp for CXX dependencies
[91/1082] Scanning /home/alex/Documents/IntrinsicEngine/src/geometry/Geometry.HalfedgeMesh.Boundary.cpp for CXX dependencies
[92/1082] Scanning /home/alex/Documents/IntrinsicEngine/src/geometry/Geometry.HalfedgeMesh.CatmullClark.cpp for CXX dependencies
[93/1082] Scanning /home/alex/Documents/IntrinsicEngine/src/geometry/Geometry.HalfedgeMesh.Builder.cpp for CXX dependencies
[94/1082] Scanning /home/alex/Documents/IntrinsicEngine/src/geometry/Geometry.HalfedgeMesh.Curvature.cpp for CXX dependencies
[95/1082] Scanning /home/alex/Documents/IntrinsicEngine/src/geometry/Geometry.HalfedgeMesh.DEC.cpp for CXX dependencies
[96/1082] Scanning /home/alex/Documents/IntrinsicEngine/src/geometry/Geometry.HalfedgeMesh.Geodesic.cpp for CXX dependencies
[97/1082] Scanning /home/alex/Documents/IntrinsicEngine/src/geometry/Geometry.HalfedgeMesh.Parameterization.cpp for CXX dependencies
[98/1082] Scanning /home/alex/Documents/IntrinsicEngine/src/geometry/Geometry.HalfedgeMesh.IO.cpp for CXX dependencies
[99/1082] Scanning /home/alex/Documents/IntrinsicEngine/src/geometry/Geometry.HalfedgeMesh.Quality.cpp for CXX dependencies
[100/1082] Scanning /home/alex/Documents/IntrinsicEngine/src/geometry/Geometry.HalfedgeMesh.Remeshing.cpp for CXX dependencies
[101/1082] Scanning /home/alex/Documents/IntrinsicEngine/src/geometry/Geometry.HalfedgeMesh.Repair.cpp for CXX dependencies
[102/1082] Scanning /home/alex/Documents/IntrinsicEngine/src/geometry/Geometry.HalfedgeMesh.Simplification.cpp for CXX dependencies
[103/1082] Scanning /home/alex/Documents/IntrinsicEngine/src/geometry/Geometry.HalfedgeMesh.SignedHeatMethod.cpp for CXX dependencies
[104/1082] Scanning /home/alex/Documents/IntrinsicEngine/src/geometry/Geometry.HalfedgeMesh.Smoothing.cpp for CXX dependencies
[105/1082] Scanning /home/alex/Documents/IntrinsicEngine/src/geometry/Geometry.HalfedgeMesh.Subdivision.cpp for CXX dependencies
[106/1082] Scanning /home/alex/Documents/IntrinsicEngine/src/geometry/Geometry.HalfedgeMesh.SubdivisionSqrt3.cpp for CXX dependencies
[107/1082] Scanning /home/alex/Documents/IntrinsicEngine/src/geometry/Geometry.HalfedgeMesh.Utils.cpp for CXX dependencies
[108/1082] Scanning /home/alex/Documents/IntrinsicEngine/src/geometry/Geometry.HalfedgeMesh.Vertices.Normals.cpp for CXX dependencies
[109/1082] Scanning /home/alex/Documents/IntrinsicEngine/src/geometry/Geometry.HtexPatch.cpp for CXX dependencies
[110/1082] Scanning /home/alex/Documents/IntrinsicEngine/src/geometry/Geometry.HalfedgeMesh.VectorHeatMethod.cpp for CXX dependencies
[111/1082] Scanning /home/alex/Documents/IntrinsicEngine/src/geometry/Geometry.HalfedgeMesh.cpp for CXX dependencies
[112/1082] Scanning /home/alex/Documents/IntrinsicEngine/src/geometry/Geometry.ImplicitPlaneField.cpp for CXX dependencies
[113/1082] Scanning /home/alex/Documents/IntrinsicEngine/src/geometry/Geometry.KDTree.cpp for CXX dependencies
[114/1082] Scanning /home/alex/Documents/IntrinsicEngine/src/geometry/Geometry.KMeans.cpp for CXX dependencies
[115/1082] Scanning /home/alex/Documents/IntrinsicEngine/src/geometry/Geometry.MarchingCubes.cpp for CXX dependencies
[116/1082] Scanning /home/alex/Documents/IntrinsicEngine/src/geometry/Geometry.Linalg.cpp for CXX dependencies
[117/1082] Scanning /home/alex/Documents/IntrinsicEngine/src/geometry/Geometry.Mesh.Conversion.cpp for CXX dependencies
[118/1082] Scanning /home/alex/Documents/IntrinsicEngine/src/geometry/Geometry.MeshClosestFace.cpp for CXX dependencies
[119/1082] Scanning /home/alex/Documents/IntrinsicEngine/src/geometry/Geometry.OBB.cpp for CXX dependencies
[120/1082] Scanning /home/alex/Documents/IntrinsicEngine/src/geometry/Geometry.MeshSoup.cpp for CXX dependencies
[121/1082] Scanning /home/alex/Documents/IntrinsicEngine/src/geometry/Geometry.Octree.cpp for CXX dependencies
[122/1082] Scanning /home/alex/Documents/IntrinsicEngine/src/geometry/Geometry.Overlap.cpp for CXX dependencies
[123/1082] Scanning /home/alex/Documents/IntrinsicEngine/src/geometry/Geometry.PCA.cpp for CXX dependencies
[124/1082] Scanning /home/alex/Documents/IntrinsicEngine/src/geometry/Geometry.Parameterization.Diagnostics.cpp for CXX dependencies
[125/1082] Scanning /home/alex/Documents/IntrinsicEngine/src/geometry/Geometry.Parameterization.Bff.cpp for CXX dependencies
[126/1082] Scanning /home/alex/Documents/IntrinsicEngine/src/geometry/Geometry.Parameterization.Harmonic.cpp for CXX dependencies
[127/1082] Scanning /home/alex/Documents/IntrinsicEngine/src/geometry/Geometry.Plane.cpp for CXX dependencies
[128/1082] Scanning /home/alex/Documents/IntrinsicEngine/src/geometry/Geometry.PointCloud.Conversion.cpp for CXX dependencies
[129/1082] Scanning /home/alex/Documents/IntrinsicEngine/src/geometry/Geometry.PointCloud.IO.cpp for CXX dependencies
[130/1082] Scanning /home/alex/Documents/IntrinsicEngine/src/geometry/Geometry.PointCloud.Normals.cpp for CXX dependencies
[131/1082] Scanning /home/alex/Documents/IntrinsicEngine/src/geometry/Geometry.PointCloud.QualityMetrics.cpp for CXX dependencies
[132/1082] Scanning /home/alex/Documents/IntrinsicEngine/src/geometry/Geometry.PointCloud.Features.cpp for CXX dependencies
[133/1082] Scanning /home/alex/Documents/IntrinsicEngine/src/geometry/Geometry.PointCloud.SurfaceSampling.cpp for CXX dependencies
[134/1082] Scanning /home/alex/Documents/IntrinsicEngine/src/geometry/Geometry.Properties.cpp for CXX dependencies
[135/1082] Scanning /home/alex/Documents/IntrinsicEngine/src/geometry/Geometry.PointCloud.Utils.cpp for CXX dependencies
[136/1082] Scanning /home/alex/Documents/IntrinsicEngine/src/geometry/Geometry.PointCloud.cpp for CXX dependencies
[137/1082] Scanning /home/alex/Documents/IntrinsicEngine/src/geometry/Geometry.Quadric.cpp for CXX dependencies
[138/1082] Scanning /home/alex/Documents/IntrinsicEngine/src/geometry/Geometry.Queries.cpp for CXX dependencies
[139/1082] Scanning /home/alex/Documents/IntrinsicEngine/src/geometry/Geometry.Raycast.cpp for CXX dependencies
[140/1082] Scanning /home/alex/Documents/IntrinsicEngine/src/geometry/Geometry.Registration.cpp for CXX dependencies
[141/1082] Scanning /home/alex/Documents/IntrinsicEngine/src/geometry/Geometry.Robust.cpp for CXX dependencies
[142/1082] Scanning /home/alex/Documents/IntrinsicEngine/src/geometry/Geometry.RobustPredicates.cpp for CXX dependencies
[143/1082] Scanning /home/alex/Documents/IntrinsicEngine/src/geometry/Geometry.Rotation.cpp for CXX dependencies
[144/1082] Scanning /home/alex/Documents/IntrinsicEngine/src/geometry/Geometry.RotationAveraging.cpp for CXX dependencies
[145/1082] Scanning /home/alex/Documents/IntrinsicEngine/src/geometry/Geometry.Sampling.cpp for CXX dependencies
[146/1082] Scanning /home/alex/Documents/IntrinsicEngine/src/geometry/Geometry.Segment.cpp for CXX dependencies
[147/1082] Scanning /home/alex/Documents/IntrinsicEngine/src/geometry/Geometry.SDF.cpp for CXX dependencies
[148/1082] Scanning /home/alex/Documents/IntrinsicEngine/src/geometry/Geometry.Sphere.Sampling.cpp for CXX dependencies
[149/1082] Scanning /home/alex/Documents/IntrinsicEngine/src/geometry/Geometry.Sphere.cpp for CXX dependencies
[150/1082] Scanning /home/alex/Documents/IntrinsicEngine/src/geometry/Geometry.Statistics.cpp for CXX dependencies
[151/1082] Scanning /home/alex/Documents/IntrinsicEngine/src/geometry/Geometry.Support.cpp for CXX dependencies
[152/1082] Scanning /home/alex/Documents/IntrinsicEngine/src/geometry/Geometry.SurfaceReconstruction.cpp for CXX dependencies
[153/1082] Scanning /home/alex/Documents/IntrinsicEngine/src/geometry/Geometry.Triangle.cpp for CXX dependencies
[154/1082] Scanning /home/alex/Documents/IntrinsicEngine/src/geometry/Geometry.Sparse.cpp for CXX dependencies
[155/1082] Scanning /home/alex/Documents/IntrinsicEngine/src/geometry/Geometry.UvAtlas.cpp for CXX dependencies
[156/1082] Scanning /home/alex/Documents/IntrinsicEngine/src/geometry/Geometry.Validation.cpp for CXX dependencies
[157/1082] Scanning /home/alex/Documents/IntrinsicEngine/src/geometry/Geometry.AABB.cppm for CXX dependencies
[158/1082] Scanning /home/alex/Documents/IntrinsicEngine/src/geometry/Geometry.BVH.cppm for CXX dependencies
[159/1082] Scanning /home/alex/Documents/IntrinsicEngine/src/geometry/Geometry.Capsule.cppm for CXX dependencies
[160/1082] Scanning /home/alex/Documents/IntrinsicEngine/src/geometry/Geometry.Circulators.cppm for CXX dependencies
[161/1082] Scanning /home/alex/Documents/IntrinsicEngine/src/geometry/Geometry.ContactManifold.cppm for CXX dependencies
[162/1082] Scanning /home/alex/Documents/IntrinsicEngine/src/geometry/Geometry.Containment.cppm for CXX dependencies
[163/1082] Scanning /home/alex/Documents/IntrinsicEngine/src/geometry/Geometry.ConvexHull.cppm for CXX dependencies
[164/1082] Scanning /home/alex/Documents/IntrinsicEngine/src/geometry/Geometry.ConvexHullBuilder.cppm for CXX dependencies
[165/1082] Scanning /home/alex/Documents/IntrinsicEngine/src/geometry/Geometry.Curve.cppm for CXX dependencies
[166/1082] Scanning /home/alex/Documents/IntrinsicEngine/src/geometry/Geometry.Cylinder.cppm for CXX dependencies
[167/1082] Scanning /home/alex/Documents/IntrinsicEngine/src/geometry/Geometry.DomainViews.cppm for CXX dependencies
[168/1082] Scanning /home/alex/Documents/IntrinsicEngine/src/geometry/Geometry.EPA.cppm for CXX dependencies
[169/1082] Scanning /home/alex/Documents/IntrinsicEngine/src/geometry/Geometry.Frustum.cppm for CXX dependencies
[170/1082] Scanning /home/alex/Documents/IntrinsicEngine/src/geometry/Geometry.Ellipsoid.cppm for CXX dependencies
[171/1082] Scanning /home/alex/Documents/IntrinsicEngine/src/geometry/Geometry.GJK.cppm for CXX dependencies
[172/1082] Scanning /home/alex/Documents/IntrinsicEngine/src/geometry/Geometry.Graph.IO.cppm for CXX dependencies
[173/1082] Scanning /home/alex/Documents/IntrinsicEngine/src/geometry/Geometry.Graph.ShortestPath.cppm for CXX dependencies
[174/1082] Scanning /home/alex/Documents/IntrinsicEngine/src/geometry/Geometry.Graph.Utils.cppm for CXX dependencies
[175/1082] Scanning /home/alex/Documents/IntrinsicEngine/src/geometry/Geometry.Graph.Vertex.Normals.cppm for CXX dependencies
[176/1082] Scanning /home/alex/Documents/IntrinsicEngine/src/geometry/Geometry.Grid.cppm for CXX dependencies
[177/1082] Scanning /home/alex/Documents/IntrinsicEngine/src/geometry/Geometry.Graph.cppm for CXX dependencies
[178/1082] Scanning /home/alex/Documents/IntrinsicEngine/src/geometry/Geometry.HalfedgeMesh.AdaptiveRemeshing.cppm for CXX dependencies
[179/1082] Scanning /home/alex/Documents/IntrinsicEngine/src/geometry/Geometry.HalfedgeMesh.Boolean.cppm for CXX dependencies
[180/1082] Scanning /home/alex/Documents/IntrinsicEngine/src/geometry/Geometry.HalfedgeMesh.Analysis.cppm for CXX dependencies
[181/1082] Scanning /home/alex/Documents/IntrinsicEngine/src/geometry/Geometry.HalfedgeMesh.Builder.cppm for CXX dependencies
[182/1082] Scanning /home/alex/Documents/IntrinsicEngine/src/geometry/Geometry.HalfedgeMesh.Boundary.cppm for CXX dependencies
[183/1082] Scanning /home/alex/Documents/IntrinsicEngine/src/geometry/Geometry.HalfedgeMesh.CatmullClark.cppm for CXX dependencies
[184/1082] Scanning /home/alex/Documents/IntrinsicEngine/src/geometry/Geometry.HalfedgeMesh.Curvature.cppm for CXX dependencies
[185/1082] Scanning /home/alex/Documents/IntrinsicEngine/src/geometry/Geometry.HalfedgeMesh.DEC.cppm for CXX dependencies
[186/1082] Scanning /home/alex/Documents/IntrinsicEngine/src/geometry/Geometry.HalfedgeMesh.Geodesic.cppm for CXX dependencies
[187/1082] Scanning /home/alex/Documents/IntrinsicEngine/src/geometry/Geometry.HalfedgeMesh.IO.cppm for CXX dependencies
[188/1082] Scanning /home/alex/Documents/IntrinsicEngine/src/geometry/Geometry.HalfedgeMesh.Remeshing.cppm for CXX dependencies
[189/1082] Scanning /home/alex/Documents/IntrinsicEngine/src/geometry/Geometry.HalfedgeMesh.Quality.cppm for CXX dependencies
[190/1082] Scanning /home/alex/Documents/IntrinsicEngine/src/geometry/Geometry.HalfedgeMesh.Parameterization.cppm for CXX dependencies
[191/1082] Scanning /home/alex/Documents/IntrinsicEngine/src/geometry/Geometry.HalfedgeMesh.Repair.cppm for CXX dependencies
[192/1082] Scanning /home/alex/Documents/IntrinsicEngine/src/geometry/Geometry.HalfedgeMesh.SignedHeatMethod.cppm for CXX dependencies
[193/1082] Scanning /home/alex/Documents/IntrinsicEngine/src/geometry/Geometry.HalfedgeMesh.Simplification.cppm for CXX dependencies
[194/1082] Scanning /home/alex/Documents/IntrinsicEngine/src/geometry/Geometry.HalfedgeMesh.SubdivisionSqrt3.cppm for CXX dependencies
[195/1082] Scanning /home/alex/Documents/IntrinsicEngine/src/geometry/Geometry.HalfedgeMesh.Utils.cppm for CXX dependencies
[196/1082] Scanning /home/alex/Documents/IntrinsicEngine/src/geometry/Geometry.HalfedgeMesh.Subdivision.cppm for CXX dependencies
[197/1082] Scanning /home/alex/Documents/IntrinsicEngine/src/geometry/Geometry.HalfedgeMesh.Smoothing.cppm for CXX dependencies
[198/1082] Scanning /home/alex/Documents/IntrinsicEngine/src/geometry/Geometry.HalfedgeMesh.Vertices.Normals.cppm for CXX dependencies
[199/1082] Scanning /home/alex/Documents/IntrinsicEngine/src/geometry/Geometry.HalfedgeMesh.VectorHeatMethod.cppm for CXX dependencies
[200/1082] Scanning /home/alex/Documents/IntrinsicEngine/src/geometry/Geometry.HtexPatch.cppm for CXX dependencies
[201/1082] Scanning /home/alex/Documents/IntrinsicEngine/src/geometry/Geometry.IO.cppm for CXX dependencies
[202/1082] Scanning /home/alex/Documents/IntrinsicEngine/src/geometry/Geometry.HalfedgeMesh.cppm for CXX dependencies
[203/1082] Scanning /home/alex/Documents/IntrinsicEngine/src/geometry/Geometry.ImplicitPlaneField.cppm for CXX dependencies
[204/1082] Scanning /home/alex/Documents/IntrinsicEngine/src/geometry/Geometry.IntersectionClassification.cppm for CXX dependencies
[205/1082] Scanning /home/alex/Documents/IntrinsicEngine/src/geometry/Geometry.KDTree.cppm for CXX dependencies
[206/1082] Scanning /home/alex/Documents/IntrinsicEngine/src/geometry/Geometry.KMeans.cppm for CXX dependencies
[207/1082] Scanning /home/alex/Documents/IntrinsicEngine/src/geometry/Geometry.LinearSolver.cppm for CXX dependencies
[208/1082] Scanning /home/alex/Documents/IntrinsicEngine/src/geometry/Geometry.Mesh.Conversion.cppm for CXX dependencies
[209/1082] Scanning /home/alex/Documents/IntrinsicEngine/src/geometry/Geometry.MarchingCubes.cppm for CXX dependencies
[210/1082] Scanning /home/alex/Documents/IntrinsicEngine/src/geometry/Geometry.MeshOperator.cppm for CXX dependencies
[211/1082] Scanning /home/alex/Documents/IntrinsicEngine/src/geometry/Geometry.Linalg.cppm for CXX dependencies
[212/1082] Scanning /home/alex/Documents/IntrinsicEngine/src/geometry/Geometry.MeshClosestFace.cppm for CXX dependencies
[213/1082] Scanning /home/alex/Documents/IntrinsicEngine/src/geometry/Geometry.MeshSoup.cppm for CXX dependencies
[214/1082] Scanning /home/alex/Documents/IntrinsicEngine/src/geometry/Geometry.OBB.cppm for CXX dependencies
[215/1082] Scanning /home/alex/Documents/IntrinsicEngine/src/geometry/Geometry.Overlap.cppm for CXX dependencies
[216/1082] Scanning /home/alex/Documents/IntrinsicEngine/src/geometry/Geometry.Octree.cppm for CXX dependencies
[217/1082] Scanning /home/alex/Documents/IntrinsicEngine/src/geometry/Geometry.PCA.cppm for CXX dependencies
[218/1082] Scanning /home/alex/Documents/IntrinsicEngine/src/geometry/Geometry.Parameterization.Diagnostics.cppm for CXX dependencies
[219/1082] Scanning /home/alex/Documents/IntrinsicEngine/src/geometry/Geometry.Parameterization.Bff.cppm for CXX dependencies
[220/1082] Scanning /home/alex/Documents/IntrinsicEngine/src/geometry/Geometry.Parameterization.Harmonic.cppm for CXX dependencies
[221/1082] Scanning /home/alex/Documents/IntrinsicEngine/src/geometry/Geometry.Plane.cppm for CXX dependencies
[222/1082] Scanning /home/alex/Documents/IntrinsicEngine/src/geometry/Geometry.PointCloud.Conversion.cppm for CXX dependencies
[223/1082] Scanning /home/alex/Documents/IntrinsicEngine/src/geometry/Geometry.PointCloud.IO.cppm for CXX dependencies
[224/1082] Scanning /home/alex/Documents/IntrinsicEngine/src/geometry/Geometry.PointCloud.Features.cppm for CXX dependencies
[225/1082] Scanning /home/alex/Documents/IntrinsicEngine/src/geometry/Geometry.PointCloud.Normals.cppm for CXX dependencies
[226/1082] Scanning /home/alex/Documents/IntrinsicEngine/src/geometry/Geometry.PointCloud.SurfaceSampling.cppm for CXX dependencies
[227/1082] Scanning /home/alex/Documents/IntrinsicEngine/src/geometry/Geometry.PointCloud.QualityMetrics.cppm for CXX dependencies
[228/1082] Scanning /home/alex/Documents/IntrinsicEngine/src/geometry/Geometry.PointCloud.Utils.cppm for CXX dependencies
[229/1082] Scanning /home/alex/Documents/IntrinsicEngine/src/geometry/Geometry.Quadric.cppm for CXX dependencies
[230/1082] Scanning /home/alex/Documents/IntrinsicEngine/src/geometry/Geometry.PointCloud.cppm for CXX dependencies
[231/1082] Scanning /home/alex/Documents/IntrinsicEngine/src/geometry/Geometry.Properties.cppm for CXX dependencies
[232/1082] Scanning /home/alex/Documents/IntrinsicEngine/src/geometry/Geometry.Queries.cppm for CXX dependencies
[233/1082] Scanning /home/alex/Documents/IntrinsicEngine/src/geometry/Geometry.Ray.cppm for CXX dependencies
[234/1082] Scanning /home/alex/Documents/IntrinsicEngine/src/geometry/Geometry.Robust.cppm for CXX dependencies
[235/1082] Scanning /home/alex/Documents/IntrinsicEngine/src/geometry/Geometry.Raycast.cppm for CXX dependencies
[236/1082] Scanning /home/alex/Documents/IntrinsicEngine/src/geometry/Geometry.Registration.cppm for CXX dependencies
[237/1082] Scanning /home/alex/Documents/IntrinsicEngine/src/geometry/Geometry.RobustPredicates.cppm for CXX dependencies
[238/1082] Scanning /home/alex/Documents/IntrinsicEngine/src/geometry/Geometry.Rotation.cppm for CXX dependencies
[239/1082] Scanning /home/alex/Documents/IntrinsicEngine/src/geometry/Geometry.Sampling.cppm for CXX dependencies
[240/1082] Scanning /home/alex/Documents/IntrinsicEngine/src/geometry/Geometry.RotationAveraging.cppm for CXX dependencies
[241/1082] Scanning /home/alex/Documents/IntrinsicEngine/src/geometry/Geometry.SDF.cppm for CXX dependencies
[242/1082] Scanning /home/alex/Documents/IntrinsicEngine/src/geometry/Geometry.SDFContact.cppm for CXX dependencies
[243/1082] Scanning /home/alex/Documents/IntrinsicEngine/src/geometry/Geometry.Segment.cppm for CXX dependencies
[244/1082] Scanning /home/alex/Documents/IntrinsicEngine/src/geometry/Geometry.SpatialQueries.cppm for CXX dependencies
[245/1082] Scanning /home/alex/Documents/IntrinsicEngine/src/geometry/Geometry.Sparse.cppm for CXX dependencies
[246/1082] Scanning /home/alex/Documents/IntrinsicEngine/src/geometry/Geometry.Sphere.Sampling.cppm for CXX dependencies
[247/1082] Scanning /home/alex/Documents/IntrinsicEngine/src/geometry/Geometry.Sphere.cppm for CXX dependencies
[248/1082] Scanning /home/alex/Documents/IntrinsicEngine/src/geometry/Geometry.Statistics.cppm for CXX dependencies
[249/1082] Scanning /home/alex/Documents/IntrinsicEngine/src/geometry/Geometry.Support.cppm for CXX dependencies
[250/1082] Scanning /home/alex/Documents/IntrinsicEngine/src/geometry/Geometry.SurfaceReconstruction.cppm for CXX dependencies
[251/1082] Scanning /home/alex/Documents/IntrinsicEngine/src/geometry/Geometry.Triangle.cppm for CXX dependencies
[252/1082] Scanning /home/alex/Documents/IntrinsicEngine/src/geometry/Geometry.UvAtlas.cppm for CXX dependencies
[253/1082] Scanning /home/alex/Documents/IntrinsicEngine/src/geometry/Geometry.Graph.Fwd.cppm for CXX dependencies
[254/1082] Scanning /home/alex/Documents/IntrinsicEngine/src/geometry/Geometry.HalfedgeMesh.Fwd.cppm for CXX dependencies
[255/1082] Scanning /home/alex/Documents/IntrinsicEngine/src/geometry/Geometry.PointCloud.Fwd.cppm for CXX dependencies
[256/1082] Scanning /home/alex/Documents/IntrinsicEngine/src/geometry/Geometry.Validation.cppm for CXX dependencies
[257/1082] Scanning /home/alex/Documents/IntrinsicEngine/src/assets/Asset.EventBus.cpp for CXX dependencies
[258/1082] Scanning /home/alex/Documents/IntrinsicEngine/src/assets/Asset.ImportRouter.cpp for CXX dependencies
[259/1082] Generating CXX dyndep file src/geometry/CMakeFiles/IntrinsicGeometry.dir/CXX.dd
[260/1082] Scanning /home/alex/Documents/IntrinsicEngine/src/assets/Asset.LoadPipeline.cpp for CXX dependencies
[261/1082] Scanning /home/alex/Documents/IntrinsicEngine/src/assets/Asset.ModelTexturePayload.cpp for CXX dependencies
[262/1082] Scanning /home/alex/Documents/IntrinsicEngine/src/assets/Asset.PathIndex.cpp for CXX dependencies
[263/1082] Scanning /home/alex/Documents/IntrinsicEngine/src/assets/Asset.Registry.cpp for CXX dependencies
[264/1082] Scanning /home/alex/Documents/IntrinsicEngine/src/assets/Asset.PayloadStore.cpp for CXX dependencies
[265/1082] Scanning /home/alex/Documents/IntrinsicEngine/src/assets/Asset.Service.cpp for CXX dependencies
[266/1082] Scanning /home/alex/Documents/IntrinsicEngine/src/assets/Asset.EventBus.cppm for CXX dependencies
[267/1082] Scanning /home/alex/Documents/IntrinsicEngine/src/assets/Asset.ImportRouter.cppm for CXX dependencies
[268/1082] Scanning /home/alex/Documents/IntrinsicEngine/src/assets/Asset.GeometryPayload.cppm for CXX dependencies
[269/1082] Scanning /home/alex/Documents/IntrinsicEngine/src/assets/Asset.OperationStatus.cppm for CXX dependencies
[270/1082] Scanning /home/alex/Documents/IntrinsicEngine/src/assets/Asset.ModelTexturePayload.cppm for CXX dependencies
[271/1082] Scanning /home/alex/Documents/IntrinsicEngine/src/assets/Asset.LoadPipeline.cppm for CXX dependencies
[272/1082] Scanning /home/alex/Documents/IntrinsicEngine/src/assets/Asset.PathIndex.cppm for CXX dependencies
[273/1082] Scanning /home/alex/Documents/IntrinsicEngine/src/assets/Asset.Registry.cppm for CXX dependencies
[274/1082] Scanning /home/alex/Documents/IntrinsicEngine/src/assets/Asset.PayloadStore.cppm for CXX dependencies
[275/1082] Scanning /home/alex/Documents/IntrinsicEngine/src/assets/Asset.TypePool.cppm for CXX dependencies
[276/1082] Scanning /home/alex/Documents/IntrinsicEngine/src/assets/Asset.Service.cppm for CXX dependencies
[277/1082] Generating CXX dyndep file src/assets/CMakeFiles/ExtrinsicAssets.dir/CXX.dd
[278/1082] Scanning /home/alex/Documents/IntrinsicEngine/src/ecs/ECS.Scene.Bootstrap.cpp for CXX dependencies
[279/1082] Scanning /home/alex/Documents/IntrinsicEngine/src/ecs/ECS.Scene.Registry.cpp for CXX dependencies
[280/1082] Scanning /home/alex/Documents/IntrinsicEngine/src/ecs/Hierarchy/ECS.Hierarchy.Structure.cpp for CXX dependencies
[281/1082] Scanning /home/alex/Documents/IntrinsicEngine/src/ecs/Hierarchy/ECS.Hierarchy.Mutation.cpp for CXX dependencies
[282/1082] Scanning /home/alex/Documents/IntrinsicEngine/src/ecs/Components/ECS.Component.Collider.cpp for CXX dependencies
[283/1082] Scanning /home/alex/Documents/IntrinsicEngine/src/ecs/Components/ECS.Component.RigidBody.cpp for CXX dependencies
[284/1082] Scanning /home/alex/Documents/IntrinsicEngine/src/ecs/Components/ECS.Component.GeometrySources.cpp for CXX dependencies
[285/1082] Scanning /home/alex/Documents/IntrinsicEngine/src/ecs/Components/ECS.Component.StableId.cpp for CXX dependencies
[286/1082] Scanning /home/alex/Documents/IntrinsicEngine/src/ecs/Components/ECS.Component.Transform.Local.cpp for CXX dependencies
[287/1082] Scanning /home/alex/Documents/IntrinsicEngine/src/ecs/Components/ECS.Component.GeometrySourcesPopulate.cpp for CXX dependencies
[288/1082] Scanning /home/alex/Documents/IntrinsicEngine/src/ecs/Systems/ECS.System.BoundsPropagation.cpp for CXX dependencies
[289/1082] Scanning /home/alex/Documents/IntrinsicEngine/src/ecs/Systems/ECS.System.RenderSync.cpp for CXX dependencies
[290/1082] Scanning /home/alex/Documents/IntrinsicEngine/src/ecs/ECS.Scene.Bootstrap.cppm for CXX dependencies
[291/1082] Scanning /home/alex/Documents/IntrinsicEngine/src/ecs/Systems/ECS.System.TransformHierarchy.cpp for CXX dependencies
[292/1082] Scanning /home/alex/Documents/IntrinsicEngine/src/ecs/ECS.Scene.Handle.cppm for CXX dependencies
[293/1082] Scanning /home/alex/Documents/IntrinsicEngine/src/ecs/ECS.Scene.Registry.cppm for CXX dependencies
[294/1082] Scanning /home/alex/Documents/IntrinsicEngine/src/ecs/Components/ECS.Component.AssetInstance.cppm for CXX dependencies
[295/1082] Scanning /home/alex/Documents/IntrinsicEngine/src/ecs/Hierarchy/ECS.Hierarchy.Structure.cppm for CXX dependencies
[296/1082] Scanning /home/alex/Documents/IntrinsicEngine/src/ecs/Hierarchy/ECS.Hierarchy.Mutation.cppm for CXX dependencies
[297/1082] Scanning /home/alex/Documents/IntrinsicEngine/src/ecs/Components/ECS.Component.Collider.cppm for CXX dependencies
[298/1082] Scanning /home/alex/Documents/IntrinsicEngine/src/ecs/Components/ECS.Component.Hierarchy.cppm for CXX dependencies
[299/1082] Scanning /home/alex/Documents/IntrinsicEngine/src/ecs/Components/ECS.Component.DirtyTags.cppm for CXX dependencies
[300/1082] Scanning /home/alex/Documents/IntrinsicEngine/src/ecs/Components/ECS.Component.GeometrySources.cppm for CXX dependencies
[301/1082] Scanning /home/alex/Documents/IntrinsicEngine/src/ecs/Components/ECS.Component.GeometrySourcesPopulate.cppm for CXX dependencies
[302/1082] Scanning /home/alex/Documents/IntrinsicEngine/src/ecs/Components/ECS.Component.MetaData.cppm for CXX dependencies
[303/1082] Scanning /home/alex/Documents/IntrinsicEngine/src/ecs/Components/ECS.Component.Light.cppm for CXX dependencies
[304/1082] Scanning /home/alex/Documents/IntrinsicEngine/src/ecs/Components/ECS.Component.ProceduralGeometryRef.cppm for CXX dependencies
[305/1082] Scanning /home/alex/Documents/IntrinsicEngine/src/ecs/Components/ECS.Component.Selection.cppm for CXX dependencies
[306/1082] Scanning /home/alex/Documents/IntrinsicEngine/src/ecs/Components/ECS.Component.StableId.cppm for CXX dependencies
[307/1082] Scanning /home/alex/Documents/IntrinsicEngine/src/ecs/Components/ECS.Component.RigidBody.cppm for CXX dependencies
[308/1082] Scanning /home/alex/Documents/IntrinsicEngine/src/ecs/Components/ECS.Component.Transform.Local.cppm for CXX dependencies
[309/1082] Scanning /home/alex/Documents/IntrinsicEngine/src/ecs/Components/ECS.Component.Transform.World.cppm for CXX dependencies
[310/1082] Scanning /home/alex/Documents/IntrinsicEngine/src/ecs/Systems/ECS.System.RenderSync.cppm for CXX dependencies
[311/1082] Scanning /home/alex/Documents/IntrinsicEngine/src/ecs/Systems/ECS.System.BoundsPropagation.cppm for CXX dependencies
[312/1082] Scanning /home/alex/Documents/IntrinsicEngine/src/graphics/rhi/RHI.CommandContext.cpp for CXX dependencies
[313/1082] Scanning /home/alex/Documents/IntrinsicEngine/src/physics/Physics.World.cpp for CXX dependencies
[314/1082] Scanning /home/alex/Documents/IntrinsicEngine/src/ecs/Systems/ECS.System.TransformHierarchy.cppm for CXX dependencies
[315/1082] Generating CXX dyndep file src/ecs/CMakeFiles/ExtrinsicECS.dir/CXX.dd
[316/1082] Scanning /home/alex/Documents/IntrinsicEngine/src/physics/Physics.World.cppm for CXX dependencies
[317/1082] Scanning /home/alex/Documents/IntrinsicEngine/src/graphics/rhi/RHI.BufferTransfer.cpp for CXX dependencies
[318/1082] Generating CXX dyndep file src/physics/CMakeFiles/ExtrinsicPhysics.dir/CXX.dd
[319/1082] Scanning /home/alex/Documents/IntrinsicEngine/src/graphics/rhi/RHI.BufferManager.cpp for CXX dependencies
[320/1082] Scanning /home/alex/Documents/IntrinsicEngine/src/graphics/rhi/RHI.TextureManager.cpp for CXX dependencies
[321/1082] Scanning /home/alex/Documents/IntrinsicEngine/src/graphics/rhi/RHI.SamplerManager.cpp for CXX dependencies
[322/1082] Scanning /home/alex/Documents/IntrinsicEngine/src/graphics/rhi/RHI.PipelineManager.cpp for CXX dependencies
[323/1082] Scanning /home/alex/Documents/IntrinsicEngine/src/graphics/rhi/RHI.Profiler.cpp for CXX dependencies
[324/1082] Scanning /home/alex/Documents/IntrinsicEngine/src/graphics/rhi/RHI.BufferView.cppm for CXX dependencies
[325/1082] Scanning /home/alex/Documents/IntrinsicEngine/src/graphics/rhi/RHI.PipelineRegistry.cpp for CXX dependencies
[326/1082] Scanning /home/alex/Documents/IntrinsicEngine/src/graphics/rhi/RHI.TextureUpload.cpp for CXX dependencies
[327/1082] Scanning /home/alex/Documents/IntrinsicEngine/src/graphics/rhi/RHI.QueueAffinity.cppm for CXX dependencies
[328/1082] Scanning /home/alex/Documents/IntrinsicEngine/src/graphics/rhi/RHI.TimelineSemaphore.cppm for CXX dependencies
[329/1082] Scanning /home/alex/Documents/IntrinsicEngine/src/graphics/rhi/RHI.BufferTransfer.cppm for CXX dependencies
[330/1082] Scanning /home/alex/Documents/IntrinsicEngine/src/graphics/rhi/RHI.Descriptors.cppm for CXX dependencies
[331/1082] Scanning /home/alex/Documents/IntrinsicEngine/src/graphics/rhi/RHI.Transfer.cppm for CXX dependencies
[332/1082] Scanning /home/alex/Documents/IntrinsicEngine/src/graphics/rhi/RHI.TextureUpload.cppm for CXX dependencies
[333/1082] Scanning /home/alex/Documents/IntrinsicEngine/src/graphics/rhi/RHI.TransferQueue.cppm for CXX dependencies
[334/1082] Scanning /home/alex/Documents/IntrinsicEngine/src/graphics/rhi/RHI.Bindless.cppm for CXX dependencies
[335/1082] Scanning /home/alex/Documents/IntrinsicEngine/src/graphics/rhi/RHI.Profiler.cppm for CXX dependencies
[336/1082] Scanning /home/alex/Documents/IntrinsicEngine/src/graphics/rhi/RHI.FrameHandle.cppm for CXX dependencies
[337/1082] Scanning /home/alex/Documents/IntrinsicEngine/src/graphics/rhi/RHI.Types.cppm for CXX dependencies
[338/1082] Scanning /home/alex/Documents/IntrinsicEngine/src/graphics/rhi/RHI.BufferManager.cppm for CXX dependencies
[339/1082] Scanning /home/alex/Documents/IntrinsicEngine/src/graphics/rhi/RHI.Device.cppm for CXX dependencies
[340/1082] Scanning /home/alex/Documents/IntrinsicEngine/src/graphics/rhi/RHI.CommandContext.cppm for CXX dependencies
[341/1082] Scanning /home/alex/Documents/IntrinsicEngine/src/graphics/rhi/RHI.SamplerManager.cppm for CXX dependencies
[342/1082] Scanning /home/alex/Documents/IntrinsicEngine/src/graphics/rhi/RHI.TextureManager.cppm for CXX dependencies
[343/1082] Scanning /home/alex/Documents/IntrinsicEngine/src/graphics/rhi/RHI.PipelineRegistry.cppm for CXX dependencies
[344/1082] Scanning /home/alex/Documents/IntrinsicEngine/src/graphics/rhi/RHI.PipelineManager.cppm for CXX dependencies
[345/1082] Generating CXX dyndep file src/graphics/rhi/CMakeFiles/ExtrinsicRHI.dir/CXX.dd
[346/1082] Scanning /home/alex/Documents/IntrinsicEngine/src/graphics/renderer/Graphics.CameraSnapshots.cpp for CXX dependencies
[347/1082] Scanning /home/alex/Documents/IntrinsicEngine/src/graphics/assets/Graphics.GpuAssetCache.cppm for CXX dependencies
[348/1082] Scanning /home/alex/Documents/IntrinsicEngine/src/graphics/assets/Graphics.GpuAssetCache.cpp for CXX dependencies
[349/1082] Scanning /home/alex/Documents/IntrinsicEngine/src/graphics/renderer/Graphics.ComputeParallelPrimitives.cpp for CXX dependencies
[350/1082] Generating CXX dyndep file src/graphics/assets/CMakeFiles/ExtrinsicGraphicsAssets.dir/CXX.dd
[351/1082] Scanning /home/alex/Documents/IntrinsicEngine/src/graphics/renderer/Graphics.RenderCommandRouter.cpp for CXX dependencies
[352/1082] Scanning /home/alex/Documents/IntrinsicEngine/src/graphics/renderer/Graphics.CurrentRendererContractAdapter.cpp for CXX dependencies
[353/1082] Scanning /home/alex/Documents/IntrinsicEngine/src/graphics/renderer/Graphics.RenderPrepPipeline.cpp for CXX dependencies
[354/1082] Scanning /home/alex/Documents/IntrinsicEngine/src/graphics/renderer/Graphics.RenderingContract.cpp for CXX dependencies
[355/1082] Scanning /home/alex/Documents/IntrinsicEngine/src/graphics/renderer/Graphics.RenderRecipeConfig.cpp for CXX dependencies
[356/1082] Scanning /home/alex/Documents/IntrinsicEngine/src/graphics/renderer/Graphics.SharedRenderRecipeExecution.cpp for CXX dependencies
[357/1082] Scanning /home/alex/Documents/IntrinsicEngine/src/graphics/renderer/Graphics.RenderSubsystemRegistry.cpp for CXX dependencies
[358/1082] Scanning /home/alex/Documents/IntrinsicEngine/src/graphics/renderer/Graphics.FrameRecipe.cpp for CXX dependencies
[359/1082] Scanning /home/alex/Documents/IntrinsicEngine/src/graphics/renderer/Graphics.TransientDebugUploadHelper.cpp for CXX dependencies
[360/1082] Scanning /home/alex/Documents/IntrinsicEngine/src/graphics/renderer/Graphics.Renderer.cpp for CXX dependencies
[361/1082] Scanning /home/alex/Documents/IntrinsicEngine/src/graphics/renderer/Graphics.VisualizationOverlayUploadHelper.cpp for CXX dependencies
[362/1082] Scanning /home/alex/Documents/IntrinsicEngine/src/graphics/renderer/Graphics.GpuTransfer.cpp for CXX dependencies
[363/1082] Scanning /home/alex/Documents/IntrinsicEngine/src/graphics/renderer/Graphics.GeometryResidency.cpp for CXX dependencies
[364/1082] Scanning /home/alex/Documents/IntrinsicEngine/src/graphics/renderer/Graphics.PropertyTextureBake.cpp for CXX dependencies
[365/1082] Scanning /home/alex/Documents/IntrinsicEngine/src/graphics/renderer/Graphics.GpuWorld.cpp for CXX dependencies
[366/1082] Scanning /home/alex/Documents/IntrinsicEngine/src/graphics/renderer/Graphics.MaterialSystem.cpp for CXX dependencies
[367/1082] Scanning /home/alex/Documents/IntrinsicEngine/src/graphics/renderer/Graphics.VisualizationPackets.cpp for CXX dependencies
[368/1082] Scanning /home/alex/Documents/IntrinsicEngine/src/graphics/renderer/Graphics.VisualizationPropertyBufferResidency.cpp for CXX dependencies
[369/1082] Scanning /home/alex/Documents/IntrinsicEngine/src/graphics/renderer/Graphics.ColormapSystem.cpp for CXX dependencies
[370/1082] Scanning /home/alex/Documents/IntrinsicEngine/src/graphics/renderer/Graphics.VisualizationSyncSystem.cpp for CXX dependencies
[371/1082] Scanning /home/alex/Documents/IntrinsicEngine/src/graphics/renderer/Graphics.GpuScene.cpp for CXX dependencies
[372/1082] Scanning /home/alex/Documents/IntrinsicEngine/src/graphics/renderer/Graphics.DebugViewSystem.cpp for CXX dependencies
[373/1082] Scanning /home/alex/Documents/IntrinsicEngine/src/graphics/renderer/Graphics.CullingSystem.cpp for CXX dependencies
[374/1082] Scanning /home/alex/Documents/IntrinsicEngine/src/graphics/renderer/Graphics.ImGuiOverlaySystem.cpp for CXX dependencies
[375/1082] Scanning /home/alex/Documents/IntrinsicEngine/src/graphics/renderer/Graphics.ImGuiUploadHelper.cpp for CXX dependencies
[376/1082] Scanning /home/alex/Documents/IntrinsicEngine/src/graphics/renderer/Graphics.SelectionSystem.cpp for CXX dependencies
[377/1082] Scanning /home/alex/Documents/IntrinsicEngine/src/graphics/renderer/Graphics.LightSystem.cpp for CXX dependencies
[378/1082] Scanning /home/alex/Documents/IntrinsicEngine/src/graphics/renderer/Graphics.ForwardSystem.cpp for CXX dependencies
[379/1082] Scanning /home/alex/Documents/IntrinsicEngine/src/graphics/renderer/Graphics.SpatialDebugVisualizers.cpp for CXX dependencies
[380/1082] Scanning /home/alex/Documents/IntrinsicEngine/src/graphics/renderer/Graphics.DeferredSystem.cpp for CXX dependencies
[381/1082] Scanning /home/alex/Documents/IntrinsicEngine/src/graphics/renderer/Graphics.PostProcessSystem.cpp for CXX dependencies
[382/1082] Scanning /home/alex/Documents/IntrinsicEngine/src/graphics/renderer/Graphics.Reconstruction.cpp for CXX dependencies
[383/1082] Scanning /home/alex/Documents/IntrinsicEngine/src/graphics/renderer/Graphics.ShadowSystem.cpp for CXX dependencies
[384/1082] Scanning /home/alex/Documents/IntrinsicEngine/src/graphics/renderer/Graphics.HZB.cpp for CXX dependencies
[385/1082] Scanning /home/alex/Documents/IntrinsicEngine/src/graphics/renderer/Graphics.LightClusters.cpp for CXX dependencies
[386/1082] Scanning /home/alex/Documents/IntrinsicEngine/src/graphics/renderer/Components/Graphics.Component.GpuSceneSlot.cpp for CXX dependencies
[387/1082] Scanning /home/alex/Documents/IntrinsicEngine/src/graphics/renderer/Graphics.UvView.cpp for CXX dependencies
[388/1082] Scanning /home/alex/Documents/IntrinsicEngine/src/graphics/renderer/Graphics.TransformSyncSystem.cpp for CXX dependencies
[389/1082] Scanning /home/alex/Documents/IntrinsicEngine/src/graphics/renderer/Backends/Null/Backends.Null.cpp for CXX dependencies
[390/1082] Scanning /home/alex/Documents/IntrinsicEngine/src/graphics/renderer/Backends/Null/Backends.Null.Profiler.cpp for CXX dependencies
[391/1082] Scanning /home/alex/Documents/IntrinsicEngine/src/graphics/renderer/Backends/Null/Backends.Null.Transfer.cpp for CXX dependencies
[392/1082] Scanning /home/alex/Documents/IntrinsicEngine/src/graphics/renderer/Backends/Null/Backends.Null.Bindless.cpp for CXX dependencies
[393/1082] Scanning /home/alex/Documents/IntrinsicEngine/src/graphics/renderer/Passes/Pass.DepthPrepass.cpp for CXX dependencies
[394/1082] Scanning /home/alex/Documents/IntrinsicEngine/src/graphics/renderer/Passes/Pass.Deferred.GBuffers.cpp for CXX dependencies
[395/1082] Scanning /home/alex/Documents/IntrinsicEngine/src/graphics/renderer/Passes/Pass.Forward.Line.cpp for CXX dependencies
[396/1082] Scanning /home/alex/Documents/IntrinsicEngine/src/graphics/renderer/Passes/Pass.Deferred.Lighting.cpp for CXX dependencies
[397/1082] Scanning /home/alex/Documents/IntrinsicEngine/src/graphics/renderer/Passes/Pass.Forward.Point.cpp for CXX dependencies
[398/1082] Scanning /home/alex/Documents/IntrinsicEngine/src/graphics/renderer/Passes/Pass.PostProcess.Bloom.cpp for CXX dependencies
[399/1082] Scanning /home/alex/Documents/IntrinsicEngine/src/graphics/renderer/Passes/Pass.Forward.Surface.cpp for CXX dependencies
[400/1082] Scanning /home/alex/Documents/IntrinsicEngine/src/graphics/renderer/Passes/Pass.PostProcess.Histogram.cpp for CXX dependencies
[401/1082] Scanning /home/alex/Documents/IntrinsicEngine/src/graphics/renderer/Passes/Pass.ImGui.cpp for CXX dependencies
[402/1082] Scanning /home/alex/Documents/IntrinsicEngine/src/graphics/renderer/Passes/Pass.Selection.EntityId.cpp for CXX dependencies
[403/1082] Scanning /home/alex/Documents/IntrinsicEngine/src/graphics/renderer/Passes/Pass.Selection.EdgeId.cpp for CXX dependencies
[404/1082] Scanning /home/alex/Documents/IntrinsicEngine/src/graphics/renderer/Passes/Pass.Selection.FaceId.cpp for CXX dependencies
[405/1082] Scanning /home/alex/Documents/IntrinsicEngine/src/graphics/renderer/Passes/Pass.Shadows.cpp for CXX dependencies
[406/1082] Scanning /home/alex/Documents/IntrinsicEngine/src/graphics/renderer/Passes/Pass.Selection.PointId.cpp for CXX dependencies
[407/1082] Scanning /home/alex/Documents/IntrinsicEngine/src/graphics/renderer/Passes/Pass.Selection.Outline.cpp for CXX dependencies
[408/1082] Scanning /home/alex/Documents/IntrinsicEngine/src/graphics/renderer/Passes/Pass.TransientDebug.Surface.cpp for CXX dependencies
[409/1082] Scanning /home/alex/Documents/IntrinsicEngine/src/graphics/renderer/Graphics.Colormap.cppm for CXX dependencies
[410/1082] Scanning /home/alex/Documents/IntrinsicEngine/src/graphics/renderer/Passes/Pass.VisualizationOverlay.cpp for CXX dependencies
[411/1082] Scanning /home/alex/Documents/IntrinsicEngine/src/graphics/renderer/Graphics.CameraSnapshots.cppm for CXX dependencies
[412/1082] Scanning /home/alex/Documents/IntrinsicEngine/src/graphics/renderer/Graphics.CurrentRendererContractAdapter.cppm for CXX dependencies
[413/1082] Scanning /home/alex/Documents/IntrinsicEngine/src/graphics/renderer/Graphics.ComputeParallelPrimitives.cppm for CXX dependencies
[414/1082] Scanning /home/alex/Documents/IntrinsicEngine/src/graphics/renderer/Graphics.FrameRecipe.cppm for CXX dependencies
[415/1082] Scanning /home/alex/Documents/IntrinsicEngine/src/graphics/renderer/Graphics.RenderRecipeConfig.cppm for CXX dependencies
[416/1082] Scanning /home/alex/Documents/IntrinsicEngine/src/graphics/renderer/Graphics.RenderCommandRouter.cppm for CXX dependencies
[417/1082] Scanning /home/alex/Documents/IntrinsicEngine/src/graphics/renderer/Graphics.RenderingContract.cppm for CXX dependencies
[418/1082] Scanning /home/alex/Documents/IntrinsicEngine/src/graphics/renderer/Graphics.RenderPrepPipeline.cppm for CXX dependencies
[419/1082] Scanning /home/alex/Documents/IntrinsicEngine/src/graphics/renderer/Graphics.RenderSubsystemRegistry.cppm for CXX dependencies
[420/1082] Scanning /home/alex/Documents/IntrinsicEngine/src/graphics/renderer/Graphics.SharedRenderRecipeExecution.cppm for CXX dependencies
[421/1082] Scanning /home/alex/Documents/IntrinsicEngine/src/graphics/renderer/Graphics.RenderWorld.cppm for CXX dependencies
[422/1082] Scanning /home/alex/Documents/IntrinsicEngine/src/graphics/renderer/Graphics.Renderer.cppm for CXX dependencies
[423/1082] Scanning /home/alex/Documents/IntrinsicEngine/src/graphics/renderer/Graphics.GpuTransfer.cppm for CXX dependencies
[424/1082] Scanning /home/alex/Documents/IntrinsicEngine/src/graphics/renderer/Graphics.GeometryResidency.cppm for CXX dependencies
[425/1082] Scanning /home/alex/Documents/IntrinsicEngine/src/graphics/renderer/Graphics.Material.cppm for CXX dependencies
[426/1082] Scanning /home/alex/Documents/IntrinsicEngine/src/graphics/renderer/Graphics.PropertyTextureBake.cppm for CXX dependencies
[427/1082] Scanning /home/alex/Documents/IntrinsicEngine/src/graphics/renderer/Graphics.MaterialSystem.cppm for CXX dependencies
[428/1082] Scanning /home/alex/Documents/IntrinsicEngine/src/graphics/renderer/Graphics.GpuWorld.cppm for CXX dependencies
[429/1082] Scanning /home/alex/Documents/IntrinsicEngine/src/graphics/renderer/Graphics.VisualizationPackets.cppm for CXX dependencies
[430/1082] Scanning /home/alex/Documents/IntrinsicEngine/src/graphics/renderer/Graphics.VisualizationSyncSystem.cppm for CXX dependencies
[431/1082] Scanning /home/alex/Documents/IntrinsicEngine/src/graphics/renderer/Graphics.VisualizationPropertyBufferResidency.cppm for CXX dependencies
[432/1082] Scanning /home/alex/Documents/IntrinsicEngine/src/graphics/renderer/Graphics.ColormapSystem.cppm for CXX dependencies
[433/1082] Scanning /home/alex/Documents/IntrinsicEngine/src/graphics/renderer/Graphics.DebugViewSystem.cppm for CXX dependencies
[434/1082] Scanning /home/alex/Documents/IntrinsicEngine/src/graphics/renderer/Graphics.ImGuiOverlaySystem.cppm for CXX dependencies
[435/1082] Scanning /home/alex/Documents/IntrinsicEngine/src/graphics/renderer/Graphics.ImGuiUploadHelper.cppm for CXX dependencies
[436/1082] Scanning /home/alex/Documents/IntrinsicEngine/src/graphics/renderer/Graphics.CullingSystem.cppm for CXX dependencies
[437/1082] Scanning /home/alex/Documents/IntrinsicEngine/src/graphics/renderer/Graphics.SelectionSystem.cppm for CXX dependencies
[438/1082] Scanning /home/alex/Documents/IntrinsicEngine/src/graphics/renderer/Graphics.ForwardSystem.cppm for CXX dependencies
[439/1082] Scanning /home/alex/Documents/IntrinsicEngine/src/graphics/renderer/Graphics.SpatialDebugVisualizers.cppm for CXX dependencies
[440/1082] Scanning /home/alex/Documents/IntrinsicEngine/src/graphics/renderer/Graphics.LightSystem.cppm for CXX dependencies
[441/1082] Scanning /home/alex/Documents/IntrinsicEngine/src/graphics/renderer/Graphics.GpuScene.cppm for CXX dependencies
[442/1082] Scanning /home/alex/Documents/IntrinsicEngine/src/graphics/renderer/Graphics.DeferredSystem.cppm for CXX dependencies
[443/1082] Scanning /home/alex/Documents/IntrinsicEngine/src/graphics/renderer/Graphics.PostProcessSystem.cppm for CXX dependencies
[444/1082] Scanning /home/alex/Documents/IntrinsicEngine/src/graphics/renderer/Graphics.Reconstruction.cppm for CXX dependencies
[445/1082] Scanning /home/alex/Documents/IntrinsicEngine/src/graphics/renderer/Graphics.LightClusters.cppm for CXX dependencies
[446/1082] Scanning /home/alex/Documents/IntrinsicEngine/src/graphics/renderer/Graphics.HZB.cppm for CXX dependencies
[447/1082] Scanning /home/alex/Documents/IntrinsicEngine/src/graphics/renderer/Graphics.ShadowSystem.cppm for CXX dependencies
[448/1082] Scanning /home/alex/Documents/IntrinsicEngine/src/graphics/renderer/Graphics.UvView.cppm for CXX dependencies
[449/1082] Scanning /home/alex/Documents/IntrinsicEngine/src/graphics/renderer/Graphics.TransformSyncSystem.cppm for CXX dependencies
[450/1082] Scanning /home/alex/Documents/IntrinsicEngine/src/graphics/renderer/Graphics.TransientDebugUploadHelper.cppm for CXX dependencies
[451/1082] Scanning /home/alex/Documents/IntrinsicEngine/src/graphics/renderer/Graphics.VisualizationOverlayUploadHelper.cppm for CXX dependencies
[452/1082] Scanning /home/alex/Documents/IntrinsicEngine/src/graphics/renderer/Components/Graphics.Component.GpuSceneSlot.cppm for CXX dependencies
[453/1082] Scanning /home/alex/Documents/IntrinsicEngine/src/graphics/renderer/Components/Graphics.Component.Material.cppm for CXX dependencies
[454/1082] Scanning /home/alex/Documents/IntrinsicEngine/src/graphics/renderer/Passes/Pass.DepthPrepass.cppm for CXX dependencies
[455/1082] Scanning /home/alex/Documents/IntrinsicEngine/src/graphics/renderer/Components/Graphics.Component.RenderGeometry.cppm for CXX dependencies
[456/1082] Scanning /home/alex/Documents/IntrinsicEngine/src/graphics/renderer/Components/Graphics.Component.VisualizationConfig.cppm for CXX dependencies
[457/1082] Scanning /home/alex/Documents/IntrinsicEngine/src/graphics/renderer/Backends/Null/Backends.Null.cppm for CXX dependencies
[458/1082] Scanning /home/alex/Documents/IntrinsicEngine/src/graphics/renderer/Passes/Pass.Deferred.GBuffers.cppm for CXX dependencies
[459/1082] Scanning /home/alex/Documents/IntrinsicEngine/src/graphics/renderer/Passes/Pass.Forward.Line.cppm for CXX dependencies
[460/1082] Scanning /home/alex/Documents/IntrinsicEngine/src/graphics/renderer/Passes/Pass.Forward.Point.cppm for CXX dependencies
[461/1082] Scanning /home/alex/Documents/IntrinsicEngine/src/graphics/renderer/Passes/Pass.Forward.Surface.cppm for CXX dependencies
[462/1082] Scanning /home/alex/Documents/IntrinsicEngine/src/graphics/renderer/Passes/Pass.PostProcess.Bloom.cppm for CXX dependencies
[463/1082] Scanning /home/alex/Documents/IntrinsicEngine/src/graphics/renderer/Passes/Pass.PostProcess.FXAA.cppm for CXX dependencies
[464/1082] Scanning /home/alex/Documents/IntrinsicEngine/src/graphics/renderer/Passes/Pass.PostProcess.Histogram.cppm for CXX dependencies
[465/1082] Scanning /home/alex/Documents/IntrinsicEngine/src/graphics/renderer/Passes/Pass.PostProcess.ToneMap.cppm for CXX dependencies
[466/1082] Scanning /home/alex/Documents/IntrinsicEngine/src/graphics/renderer/Passes/Pass.PostProcess.SMAA.cppm for CXX dependencies
[467/1082] Scanning /home/alex/Documents/IntrinsicEngine/src/graphics/renderer/Passes/Pass.Selection.EdgeId.cppm for CXX dependencies
[468/1082] Scanning /home/alex/Documents/IntrinsicEngine/src/graphics/renderer/Passes/Pass.Selection.EntityId.cppm for CXX dependencies
[469/1082] Scanning /home/alex/Documents/IntrinsicEngine/src/graphics/renderer/Passes/Pass.Selection.FaceId.cppm for CXX dependencies
[470/1082] Scanning /home/alex/Documents/IntrinsicEngine/src/graphics/renderer/Passes/Pass.Selection.Outline.cppm for CXX dependencies
[471/1082] Scanning /home/alex/Documents/IntrinsicEngine/src/graphics/renderer/Passes/Pass.Selection.PointId.cppm for CXX dependencies
[472/1082] Scanning /home/alex/Documents/IntrinsicEngine/src/graphics/renderer/Passes/Pass.Shadows.cppm for CXX dependencies
[473/1082] Scanning /home/alex/Documents/IntrinsicEngine/src/graphics/renderer/Passes/Pass.TransientDebug.Surface.cppm for CXX dependencies
[474/1082] Scanning /home/alex/Documents/IntrinsicEngine/src/graphics/renderer/Passes/Pass.VisualizationOverlay.cppm for CXX dependencies
[475/1082] Scanning /home/alex/Documents/IntrinsicEngine/src/graphics/vulkan/Backends.Vulkan.DiagnosticsLogging.cpp for CXX dependencies
[476/1082] Scanning /home/alex/Documents/IntrinsicEngine/src/graphics/vulkan/Backends.Vulkan.Mappings.cpp for CXX dependencies
[477/1082] Scanning /home/alex/Documents/IntrinsicEngine/src/graphics/vulkan/Backends.Vulkan.Staging.cpp for CXX dependencies
[478/1082] Scanning /home/alex/Documents/IntrinsicEngine/src/graphics/vulkan/Backends.Vulkan.Bindless.cpp for CXX dependencies
[479/1082] Scanning /home/alex/Documents/IntrinsicEngine/src/graphics/vulkan/Backends.Vulkan.Profiler.cpp for CXX dependencies
[480/1082] Scanning /home/alex/Documents/IntrinsicEngine/src/graphics/vulkan/Backends.Vulkan.Transfer.cpp for CXX dependencies
[481/1082] Scanning /home/alex/Documents/IntrinsicEngine/src/graphics/vulkan/Backends.Vulkan.CommandContext.cpp for CXX dependencies
[482/1082] Scanning /home/alex/Documents/IntrinsicEngine/src/graphics/vulkan/Backends.Vulkan.OperationalStatus.cpp for CXX dependencies
[483/1082] Scanning /home/alex/Documents/IntrinsicEngine/src/graphics/vulkan/Backends.Vulkan.CommandPools.cppm for CXX dependencies
[484/1082] Scanning /home/alex/Documents/IntrinsicEngine/src/graphics/vulkan/Backends.Vulkan.Device.cpp for CXX dependencies
[485/1082] Scanning /home/alex/Documents/IntrinsicEngine/src/graphics/vulkan/Vma.cpp for CXX dependencies
[486/1082] Scanning /home/alex/Documents/IntrinsicEngine/src/graphics/vulkan/Backends.Vulkan.cppm for CXX dependencies
[487/1082] Scanning /home/alex/Documents/IntrinsicEngine/src/graphics/vulkan/Backends.Vulkan.Memory.cppm for CXX dependencies
[488/1082] Scanning /home/alex/Documents/IntrinsicEngine/src/graphics/vulkan/Backends.Vulkan.Descriptors.cppm for CXX dependencies
[489/1082] Scanning /home/alex/Documents/IntrinsicEngine/src/graphics/vulkan/Backends.Vulkan.OperationalStatus.cppm for CXX dependencies
[490/1082] Scanning /home/alex/Documents/IntrinsicEngine/src/graphics/vulkan/Backends.Vulkan.Diagnostics.cppm for CXX dependencies
[491/1082] Scanning /home/alex/Documents/IntrinsicEngine/src/graphics/vulkan/Backends.Vulkan.Device.cppm for CXX dependencies
[492/1082] Scanning /home/alex/Documents/IntrinsicEngine/src/graphics/vulkan/Backends.Vulkan.Pipelines.cppm for CXX dependencies
[493/1082] Scanning /home/alex/Documents/IntrinsicEngine/src/graphics/vulkan/Backends.Vulkan.Surface.cppm for CXX dependencies
[494/1082] Scanning /home/alex/Documents/IntrinsicEngine/src/graphics/vulkan/Backends.Vulkan.Queues.cppm for CXX dependencies
[495/1082] Scanning /home/alex/Documents/IntrinsicEngine/src/graphics/vulkan/Backends.Vulkan.Swapchain.cppm for CXX dependencies
[496/1082] Scanning /home/alex/Documents/IntrinsicEngine/src/graphics/vulkan/Backends.Vulkan.Sync.cppm for CXX dependencies
[497/1082] Scanning /home/alex/Documents/IntrinsicEngine/src/graphics/framegraph/Graphics.RenderGraph.Barriers.cpp for CXX dependencies
[498/1082] Scanning /home/alex/Documents/IntrinsicEngine/src/graphics/framegraph/Graphics.RenderGraph.cpp for CXX dependencies
[499/1082] Scanning /home/alex/Documents/IntrinsicEngine/src/graphics/vulkan/Backends.Vulkan.Transfer.cppm for CXX dependencies
[500/1082] Generating CXX dyndep file src_graphics_vulkan/CMakeFiles/ExtrinsicBackendsVulkan.dir/CXX.dd
[501/1082] Scanning /home/alex/Documents/IntrinsicEngine/src/graphics/framegraph/Graphics.RenderGraph.TransientAllocator.cpp for CXX dependencies
[502/1082] Scanning /home/alex/Documents/IntrinsicEngine/src/graphics/framegraph/Graphics.RenderGraph.Compiler.cpp for CXX dependencies
[503/1082] Scanning /home/alex/Documents/IntrinsicEngine/src/graphics/framegraph/Graphics.RenderGraph.Resources.cppm for CXX dependencies
[504/1082] Scanning /home/alex/Documents/IntrinsicEngine/src/graphics/framegraph/Graphics.RenderGraph.Executor.cpp for CXX dependencies
[505/1082] Scanning /home/alex/Documents/IntrinsicEngine/src/graphics/framegraph/Graphics.RenderGraph.Pass.cppm for CXX dependencies
[506/1082] Scanning /home/alex/Documents/IntrinsicEngine/src/graphics/framegraph/Graphics.RenderGraph.cppm for CXX dependencies
[507/1082] Scanning /home/alex/Documents/IntrinsicEngine/src/graphics/framegraph/Graphics.RenderGraph.Barriers.cppm for CXX dependencies
[508/1082] Scanning /home/alex/Documents/IntrinsicEngine/src/graphics/framegraph/Graphics.RenderGraph.TransientAllocator.cppm for CXX dependencies
[509/1082] Scanning /home/alex/Documents/IntrinsicEngine/src/graphics/framegraph/Graphics.RenderGraph.Compiler.cppm for CXX dependencies
[510/1082] Scanning /home/alex/Documents/IntrinsicEngine/src/graphics/framegraph/Graphics.RenderGraph.Executor.cppm for CXX dependencies
[511/1082] Scanning /home/alex/Documents/IntrinsicEngine/src/platform/Platform.Input.cpp for CXX dependencies
[512/1082] Generating CXX dyndep file src/graphics/framegraph/CMakeFiles/ExtrinsicGraphicsRenderGraph.dir/CXX.dd
[513/1082] Scanning /home/alex/Documents/IntrinsicEngine/src/platform/Platform.CreateWindow.cpp for CXX dependencies
[514/1082] Scanning /home/alex/Documents/IntrinsicEngine/src/platform/backends/null/Platform.Backend.Null.cpp for CXX dependencies
[515/1082] Scanning /home/alex/Documents/IntrinsicEngine/src/platform/backends/glfw/Platform.Backend.Glfw.cpp for CXX dependencies
[516/1082] Generating CXX dyndep file src/graphics/renderer/CMakeFiles/ExtrinsicGraphics.dir/CXX.dd
[517/1082] Scanning /home/alex/Documents/IntrinsicEngine/src/platform/Platform.Input.cppm for CXX dependencies
[518/1082] Scanning /home/alex/Documents/IntrinsicEngine/src/platform/backends/null/Platform.Backend.Null.cppm for CXX dependencies
[519/1082] Scanning /home/alex/Documents/IntrinsicEngine/src/runtime/Runtime.AsyncWorkModule.cpp for CXX dependencies
[520/1082] Scanning /home/alex/Documents/IntrinsicEngine/src/platform/backends/glfw/Platform.Backend.Glfw.cppm for CXX dependencies
[521/1082] Scanning /home/alex/Documents/IntrinsicEngine/src/platform/Platform.IWindow.cppm for CXX dependencies
[522/1082] Generating CXX dyndep file src/platform/CMakeFiles/ExtrinsicPlatform.dir/CXX.dd
[523/1082] Scanning /home/alex/Documents/IntrinsicEngine/src/runtime/Runtime.AssetIngestStateMachine.cpp for CXX dependencies
[524/1082] Scanning /home/alex/Documents/IntrinsicEngine/src/runtime/Runtime.AssetWorkflowModule.cpp for CXX dependencies
[525/1082] Scanning /home/alex/Documents/IntrinsicEngine/src/runtime/Runtime.AssetWorkflowGeometryMaterialization.cpp for CXX dependencies
[526/1082] Scanning /home/alex/Documents/IntrinsicEngine/src/runtime/Runtime.AssetWorkflowImportExecutor.cpp for CXX dependencies
[527/1082] Scanning /home/alex/Documents/IntrinsicEngine/src/runtime/Runtime.AssetWorkflowModelMaterialization.cpp for CXX dependencies
[528/1082] Scanning /home/alex/Documents/IntrinsicEngine/src/runtime/Runtime.AssetWorkflowTextureResidency.cpp for CXX dependencies
[529/1082] Scanning /home/alex/Documents/IntrinsicEngine/src/runtime/Runtime.AssetWorkflowRecipePolicies.cpp for CXX dependencies
[530/1082] Scanning /home/alex/Documents/IntrinsicEngine/src/runtime/Runtime.AssetWorkflowModelTextureDecode.cpp for CXX dependencies
[531/1082] Scanning /home/alex/Documents/IntrinsicEngine/src/runtime/Runtime.CommandBus.cpp for CXX dependencies
[532/1082] Scanning /home/alex/Documents/IntrinsicEngine/src/runtime/Runtime.DeviceBootstrap.cpp for CXX dependencies
[533/1082] Scanning /home/alex/Documents/IntrinsicEngine/src/runtime/Runtime.JobServiceGpuQueueBridge.cpp for CXX dependencies
[534/1082] Scanning /home/alex/Documents/IntrinsicEngine/src/runtime/Runtime.JobService.cpp for CXX dependencies
[535/1082] Scanning /home/alex/Documents/IntrinsicEngine/src/runtime/Modules/Clustering/Runtime.ClusteringModule.cpp for CXX dependencies
[536/1082] Scanning /home/alex/Documents/IntrinsicEngine/src/runtime/Modules/Clustering/Runtime.ClusteringGpuBackend.cpp for CXX dependencies
[537/1082] Scanning /home/alex/Documents/IntrinsicEngine/src/runtime/Runtime.GeometryPresentation.cpp for CXX dependencies
[538/1082] Scanning /home/alex/Documents/IntrinsicEngine/src/runtime/Modules/Clustering/Runtime.ClusteringGpuState.cpp for CXX dependencies
[539/1082] Scanning /home/alex/Documents/IntrinsicEngine/src/runtime/Runtime.RenderArtifactPublication.cpp for CXX dependencies
[540/1082] Scanning /home/alex/Documents/IntrinsicEngine/src/runtime/Modules/Clustering/Runtime.ClusteringConfig.cpp for CXX dependencies
[541/1082] Scanning /home/alex/Documents/IntrinsicEngine/src/runtime/Runtime.ProgressivePoissonGpuBackend.cpp for CXX dependencies
[542/1082] Scanning /home/alex/Documents/IntrinsicEngine/src/runtime/Runtime.ProgressivePoissonConfig.cpp for CXX dependencies
[543/1082] Scanning /home/alex/Documents/IntrinsicEngine/src/runtime/Runtime.EcsSystemBundle.cpp for CXX dependencies
[544/1082] Scanning /home/alex/Documents/IntrinsicEngine/src/runtime/Runtime.ParameterizationConfig.cpp for CXX dependencies
[545/1082] Scanning /home/alex/Documents/IntrinsicEngine/src/runtime/internal/Runtime.FeatureConfigCodecs.Detail.cpp for CXX dependencies
[546/1082] Scanning /home/alex/Documents/IntrinsicEngine/src/runtime/Runtime.EditorCommandHistory.cpp for CXX dependencies
[547/1082] Scanning /home/alex/Documents/IntrinsicEngine/src/runtime/Runtime.SceneEditingOperations.Public.cpp for CXX dependencies
[548/1082] Scanning /home/alex/Documents/IntrinsicEngine/src/runtime/Runtime.GeometryProcessingOperations.Public.cpp for CXX dependencies
[549/1082] Scanning /home/alex/Documents/IntrinsicEngine/src/runtime/Runtime.VisualizationEditingOperations.Public.cpp for CXX dependencies
[550/1082] Scanning /home/alex/Documents/IntrinsicEngine/src/runtime/Runtime.RenderRecipeEditingOperations.Public.cpp for CXX dependencies
[551/1082] Scanning /home/alex/Documents/IntrinsicEngine/src/runtime/Runtime.EditorWorkspaceSnapshots.Public.cpp for CXX dependencies
[552/1082] Scanning /home/alex/Documents/IntrinsicEngine/src/runtime/internal/Runtime.EditorWorkspaceSnapshots.cpp for CXX dependencies
[553/1082] Scanning /home/alex/Documents/IntrinsicEngine/src/runtime/Runtime.RenderRecipeEditingOperations.cpp for CXX dependencies
[554/1082] Scanning /home/alex/Documents/IntrinsicEngine/src/runtime/Runtime.ParameterizationOperations.cpp for CXX dependencies
[555/1082] Scanning /home/alex/Documents/IntrinsicEngine/src/runtime/Runtime.GeometryProcessingOperations.cpp for CXX dependencies
[556/1082] Scanning /home/alex/Documents/IntrinsicEngine/src/runtime/Editor/Runtime.EditorPropertyWidgets.cpp for CXX dependencies
[557/1082] Scanning /home/alex/Documents/IntrinsicEngine/src/runtime/Editor/Runtime.EditorUiHost.cpp for CXX dependencies
[558/1082] Scanning /home/alex/Documents/IntrinsicEngine/src/runtime/Editor/Runtime.EditorWindowRegistry.cpp for CXX dependencies
[559/1082] Scanning /home/alex/Documents/IntrinsicEngine/src/runtime/Editor/Runtime.EditorUiModule.cpp for CXX dependencies
[560/1082] Scanning /home/alex/Documents/IntrinsicEngine/src/runtime/Runtime.EngineConfigControl.cpp for CXX dependencies
[561/1082] Scanning /home/alex/Documents/IntrinsicEngine/src/runtime/Runtime.Engine.cpp for CXX dependencies
[562/1082] Scanning /home/alex/Documents/IntrinsicEngine/src/runtime/Runtime.EngineConfigBoot.cpp for CXX dependencies
[563/1082] Scanning /home/alex/Documents/IntrinsicEngine/src/runtime/Runtime.InputActions.cpp for CXX dependencies
[564/1082] Scanning /home/alex/Documents/IntrinsicEngine/src/runtime/Runtime.ServiceRegistry.cpp for CXX dependencies
[565/1082] Scanning /home/alex/Documents/IntrinsicEngine/src/runtime/Runtime.ModuleSchedule.cpp for CXX dependencies
[566/1082] Scanning /home/alex/Documents/IntrinsicEngine/src/runtime/Runtime.KernelEvents.cpp for CXX dependencies
[567/1082] Scanning /home/alex/Documents/IntrinsicEngine/src/runtime/Runtime.WorldRegistry.cpp for CXX dependencies
[568/1082] Scanning /home/alex/Documents/IntrinsicEngine/src/runtime/Scene/Runtime.SceneDocumentModule.cpp for CXX dependencies
[569/1082] Scanning /home/alex/Documents/IntrinsicEngine/src/runtime/Runtime.GeometryAvailability.cpp for CXX dependencies
[570/1082] Scanning /home/alex/Documents/IntrinsicEngine/src/runtime/Runtime.PhysicsBridge.cpp for CXX dependencies
[571/1082] Scanning /home/alex/Documents/IntrinsicEngine/src/runtime/Scene/Runtime.SceneInteractionModule.cpp for CXX dependencies
[572/1082] Scanning /home/alex/Documents/IntrinsicEngine/src/runtime/Cameras/Runtime.CameraModule.cpp for CXX dependencies
[573/1082] Scanning /home/alex/Documents/IntrinsicEngine/src/runtime/Cameras/Runtime.CameraControllers.cpp for CXX dependencies
[574/1082] Scanning /home/alex/Documents/IntrinsicEngine/src/runtime/Gizmos/Runtime.GizmoFrameService.cpp for CXX dependencies
[575/1082] Scanning /home/alex/Documents/IntrinsicEngine/src/runtime/Cameras/Runtime.CameraFocusCommand.cpp for CXX dependencies
[576/1082] Scanning /home/alex/Documents/IntrinsicEngine/src/runtime/Runtime.SceneSerialization.cpp for CXX dependencies
[577/1082] Scanning /home/alex/Documents/IntrinsicEngine/src/runtime/Runtime.GeometryPlanBuilders.Graph.cpp for CXX dependencies
[578/1082] Scanning /home/alex/Documents/IntrinsicEngine/src/runtime/Runtime.GeometryPlanBuilders.Mesh.cpp for CXX dependencies
[579/1082] Scanning /home/alex/Documents/IntrinsicEngine/src/runtime/ImGui/Runtime.ImGuiAdapter.cpp for CXX dependencies
[580/1082] Scanning /home/alex/Documents/IntrinsicEngine/src/runtime/Gizmos/Runtime.GizmoInteraction.cpp for CXX dependencies
[581/1082] Scanning /home/alex/Documents/IntrinsicEngine/src/runtime/Runtime.GeometryPlanBuilders.Procedural.cpp for CXX dependencies
[582/1082] Scanning /home/alex/Documents/IntrinsicEngine/src/runtime/Runtime.GeometryPlanBuilders.MeshPrimitiveView.cpp for CXX dependencies
[583/1082] Scanning /home/alex/Documents/IntrinsicEngine/src/runtime/Runtime.GeometryPlanBuilders.PointCloud.cpp for CXX dependencies
[584/1082] Scanning /home/alex/Documents/IntrinsicEngine/src/runtime/Runtime.MeshSurfaceTopology.cpp for CXX dependencies
[585/1082] Scanning /home/alex/Documents/IntrinsicEngine/src/runtime/Runtime.RenderRecipeActivation.cpp for CXX dependencies
[586/1082] Scanning /home/alex/Documents/IntrinsicEngine/src/runtime/Runtime.PrimitiveSelectionRefinement.cpp for CXX dependencies
[587/1082] Scanning /home/alex/Documents/IntrinsicEngine/src/runtime/Runtime.ReferenceScene.cpp for CXX dependencies
[588/1082] Scanning /home/alex/Documents/IntrinsicEngine/src/runtime/Runtime.RenderExtraction.cpp for CXX dependencies
[589/1082] Scanning /home/alex/Documents/IntrinsicEngine/src/runtime/Runtime.RenderExtraction.Recipes.cpp for CXX dependencies
[590/1082] Scanning /home/alex/Documents/IntrinsicEngine/src/runtime/Runtime.RenderWorldPool.cpp for CXX dependencies
[591/1082] Scanning /home/alex/Documents/IntrinsicEngine/src/runtime/Runtime.RenderExtractionService.cpp for CXX dependencies
[592/1082] Scanning /home/alex/Documents/IntrinsicEngine/src/runtime/Runtime.RenderExtraction.Geometry.cpp for CXX dependencies
[593/1082] Scanning /home/alex/Documents/IntrinsicEngine/src/runtime/Runtime.SelectionReadback.cpp for CXX dependencies
[594/1082] Scanning /home/alex/Documents/IntrinsicEngine/src/runtime/Runtime.SelectionController.cpp for CXX dependencies
[595/1082] Scanning /home/alex/Documents/IntrinsicEngine/src/runtime/Runtime.StableEntityLookup.cpp for CXX dependencies
[596/1082] Scanning /home/alex/Documents/IntrinsicEngine/src/runtime/Runtime.VertexAttributeBinding.cpp for CXX dependencies
[597/1082] Scanning /home/alex/Documents/IntrinsicEngine/src/runtime/Runtime.TextureBakeModule.cpp for CXX dependencies
[598/1082] Scanning /home/alex/Documents/IntrinsicEngine/src/runtime/Runtime.AsyncWorkModule.cppm for CXX dependencies
[599/1082] Scanning /home/alex/Documents/IntrinsicEngine/src/runtime/Runtime.VertexChannelStreams.cpp for CXX dependencies
[600/1082] Scanning /home/alex/Documents/IntrinsicEngine/src/runtime/Visualization/Runtime.VisualizationRecipes.cpp for CXX dependencies
[601/1082] Scanning /home/alex/Documents/IntrinsicEngine/src/runtime/Runtime.AssetWorkflowModule.cppm for CXX dependencies
[602/1082] Scanning /home/alex/Documents/IntrinsicEngine/src/runtime/Runtime.AssetIngestStateMachine.cppm for CXX dependencies
[603/1082] Scanning /home/alex/Documents/IntrinsicEngine/src/runtime/Runtime.CommandBus.cppm for CXX dependencies
[604/1082] Scanning /home/alex/Documents/IntrinsicEngine/src/runtime/Runtime.DeviceBootstrap.cppm for CXX dependencies
[605/1082] Scanning /home/alex/Documents/IntrinsicEngine/src/runtime/Runtime.JobServiceGpuQueueBridge.cppm for CXX dependencies
[606/1082] Scanning /home/alex/Documents/IntrinsicEngine/src/runtime/Runtime.JobService.cppm for CXX dependencies
[607/1082] Scanning /home/alex/Documents/IntrinsicEngine/src/runtime/Modules/Clustering/Runtime.ClusteringModule.cppm for CXX dependencies
[608/1082] Scanning /home/alex/Documents/IntrinsicEngine/src/runtime/Modules/Clustering/Runtime.ClusteringGpuBackend.cppm for CXX dependencies
[609/1082] Scanning /home/alex/Documents/IntrinsicEngine/src/runtime/Runtime.GeometryPresentation.cppm for CXX dependencies
[610/1082] Scanning /home/alex/Documents/IntrinsicEngine/src/runtime/Runtime.ProgressivePoissonGpuBackend.cppm for CXX dependencies
[611/1082] Scanning /home/alex/Documents/IntrinsicEngine/src/runtime/Runtime.RenderArtifactPublication.cppm for CXX dependencies
[612/1082] Scanning /home/alex/Documents/IntrinsicEngine/src/runtime/Modules/Clustering/Runtime.ClusteringConfig.cppm for CXX dependencies
[613/1082] Scanning /home/alex/Documents/IntrinsicEngine/src/runtime/Runtime.EcsSystemBundle.cppm for CXX dependencies
[614/1082] Scanning /home/alex/Documents/IntrinsicEngine/src/runtime/Runtime.ProgressivePoissonConfig.cppm for CXX dependencies
[615/1082] Scanning /home/alex/Documents/IntrinsicEngine/src/runtime/Runtime.ParameterizationConfig.cppm for CXX dependencies
[616/1082] Scanning /home/alex/Documents/IntrinsicEngine/src/runtime/Runtime.EditorCommandHistory.cppm for CXX dependencies
[617/1082] Scanning /home/alex/Documents/IntrinsicEngine/src/runtime/Runtime.EditorCommon.cppm for CXX dependencies
[618/1082] Scanning /home/alex/Documents/IntrinsicEngine/src/runtime/Runtime.EditorJobProjection.cppm for CXX dependencies
[619/1082] Scanning /home/alex/Documents/IntrinsicEngine/src/runtime/Runtime.EditorWorkspaceSnapshots.cppm for CXX dependencies
[620/1082] Scanning /home/alex/Documents/IntrinsicEngine/src/runtime/Runtime.SceneEditingOperations.cppm for CXX dependencies
[621/1082] Scanning /home/alex/Documents/IntrinsicEngine/src/runtime/Runtime.GeometryProcessingOperations.cppm for CXX dependencies
[622/1082] Scanning /home/alex/Documents/IntrinsicEngine/src/runtime/Runtime.RenderRecipeEditingOperations.cppm for CXX dependencies
[623/1082] Scanning /home/alex/Documents/IntrinsicEngine/src/runtime/Runtime.VisualizationEditingOperations.cppm for CXX dependencies
[624/1082] Scanning /home/alex/Documents/IntrinsicEngine/src/runtime/Editor/Runtime.EditorPropertyWidgets.cppm for CXX dependencies
[625/1082] Scanning /home/alex/Documents/IntrinsicEngine/src/runtime/Editor/Runtime.EditorWindowRegistry.cppm for CXX dependencies
[626/1082] Scanning /home/alex/Documents/IntrinsicEngine/src/runtime/Editor/Runtime.EditorUiModule.cppm for CXX dependencies
[627/1082] Scanning /home/alex/Documents/IntrinsicEngine/src/runtime/Runtime.Engine.cppm for CXX dependencies
[628/1082] Scanning /home/alex/Documents/IntrinsicEngine/src/runtime/Editor/Runtime.EditorUiHost.cppm for CXX dependencies
[629/1082] Scanning /home/alex/Documents/IntrinsicEngine/src/runtime/Runtime.FramePacingDiagnostics.cppm for CXX dependencies
[630/1082] Scanning /home/alex/Documents/IntrinsicEngine/src/runtime/Runtime.EngineConfigBoot.cppm for CXX dependencies
[631/1082] Scanning /home/alex/Documents/IntrinsicEngine/src/runtime/Runtime.EngineConfigControl.cppm for CXX dependencies
[632/1082] Scanning /home/alex/Documents/IntrinsicEngine/src/runtime/Runtime.InputActions.cppm for CXX dependencies
[633/1082] Scanning /home/alex/Documents/IntrinsicEngine/src/runtime/Runtime.ModuleSchedule.cppm for CXX dependencies
[634/1082] Scanning /home/alex/Documents/IntrinsicEngine/src/runtime/Runtime.KernelEvents.cppm for CXX dependencies
[635/1082] Scanning /home/alex/Documents/IntrinsicEngine/src/runtime/Runtime.ServiceRegistry.cppm for CXX dependencies
[636/1082] Scanning /home/alex/Documents/IntrinsicEngine/src/runtime/Runtime.WorldHandle.cppm for CXX dependencies
[637/1082] Scanning /home/alex/Documents/IntrinsicEngine/src/runtime/Runtime.Module.cppm for CXX dependencies
[638/1082] Scanning /home/alex/Documents/IntrinsicEngine/src/runtime/Runtime.WorldRegistry.cppm for CXX dependencies
[639/1082] Scanning /home/alex/Documents/IntrinsicEngine/src/runtime/Runtime.GeometryAvailability.cppm for CXX dependencies
[640/1082] Scanning /home/alex/Documents/IntrinsicEngine/src/runtime/Runtime.PhysicsBridge.cppm for CXX dependencies
[641/1082] Scanning /home/alex/Documents/IntrinsicEngine/src/runtime/Scene/Runtime.SceneDocumentModule.cppm for CXX dependencies
[642/1082] Scanning /home/alex/Documents/IntrinsicEngine/src/runtime/Cameras/Runtime.CameraModule.cppm for CXX dependencies
[643/1082] Scanning /home/alex/Documents/IntrinsicEngine/src/runtime/Runtime.SceneSerialization.cppm for CXX dependencies
[644/1082] Scanning /home/alex/Documents/IntrinsicEngine/src/runtime/Scene/Runtime.SceneInteractionModule.cppm for CXX dependencies
[645/1082] Scanning /home/alex/Documents/IntrinsicEngine/src/runtime/Cameras/Runtime.CameraFocusCommand.cppm for CXX dependencies
[646/1082] Scanning /home/alex/Documents/IntrinsicEngine/src/runtime/Gizmos/Runtime.GizmoFrameService.cppm for CXX dependencies
[647/1082] Scanning /home/alex/Documents/IntrinsicEngine/src/runtime/Cameras/Runtime.CameraControllers.cppm for CXX dependencies
[648/1082] Scanning /home/alex/Documents/IntrinsicEngine/src/runtime/Runtime.MeshPrimitiveView.cppm for CXX dependencies
[649/1082] Scanning /home/alex/Documents/IntrinsicEngine/src/runtime/Gizmos/Runtime.GizmoInteraction.cppm for CXX dependencies
[650/1082] Scanning /home/alex/Documents/IntrinsicEngine/src/runtime/ImGui/Runtime.ImGuiAdapter.cppm for CXX dependencies
[651/1082] Scanning /home/alex/Documents/IntrinsicEngine/src/runtime/Runtime.MeshSurfaceTopology.cppm for CXX dependencies
[652/1082] Scanning /home/alex/Documents/IntrinsicEngine/src/runtime/Runtime.ReferenceScene.cppm for CXX dependencies
[653/1082] Scanning /home/alex/Documents/IntrinsicEngine/src/runtime/Runtime.PrimitiveSelectionRefinement.cppm for CXX dependencies
[654/1082] Scanning /home/alex/Documents/IntrinsicEngine/src/runtime/Runtime.RenderRecipeActivation.cppm for CXX dependencies
[655/1082] Scanning /home/alex/Documents/IntrinsicEngine/src/runtime/Runtime.RenderExtraction.cppm for CXX dependencies
[656/1082] Scanning /home/alex/Documents/IntrinsicEngine/src/runtime/Runtime.RenderWorldPool.cppm for CXX dependencies
[657/1082] Scanning /home/alex/Documents/IntrinsicEngine/src/runtime/Runtime.SelectionReadback.cppm for CXX dependencies
[658/1082] Scanning /home/alex/Documents/IntrinsicEngine/src/runtime/Runtime.SelectionController.cppm for CXX dependencies
[659/1082] Scanning /home/alex/Documents/IntrinsicEngine/src/runtime/Runtime.VertexChannelBindings.cppm for CXX dependencies
[660/1082] Scanning /home/alex/Documents/IntrinsicEngine/src/runtime/Runtime.VertexAttributeBinding.cppm for CXX dependencies
[661/1082] Scanning /home/alex/Documents/IntrinsicEngine/src/runtime/Runtime.TextureBakeModule.cppm for CXX dependencies
[662/1082] Scanning /home/alex/Documents/IntrinsicEngine/src/runtime/Runtime.StableEntityLookup.cppm for CXX dependencies
[663/1082] Scanning /home/alex/Documents/IntrinsicEngine/src/runtime/Runtime.VertexChannelStreams.cppm for CXX dependencies
[664/1082] Scanning /home/alex/Documents/IntrinsicEngine/src/runtime/internal/Runtime.FeatureConfigCodecs.Detail.cppm for CXX dependencies
[665/1082] Scanning /home/alex/Documents/IntrinsicEngine/src/runtime/Visualization/Runtime.VisualizationRecipes.cppm for CXX dependencies
[666/1082] Scanning /home/alex/Documents/IntrinsicEngine/src/runtime/Runtime.AssetWorkflowGeometryMaterialization.cppm for CXX dependencies
[667/1082] Scanning /home/alex/Documents/IntrinsicEngine/src/runtime/internal/Runtime.EditorFeatures.Detail.cppm for CXX dependencies
[668/1082] Scanning /home/alex/Documents/IntrinsicEngine/src/runtime/Runtime.AssetWorkflowModelTextureDecode.cppm for CXX dependencies
[669/1082] Scanning /home/alex/Documents/IntrinsicEngine/src/runtime/Runtime.AssetWorkflowImportExecutor.cppm for CXX dependencies
[670/1082] Scanning /home/alex/Documents/IntrinsicEngine/src/runtime/Runtime.AssetWorkflowModelMaterialization.cppm for CXX dependencies
[671/1082] Scanning /home/alex/Documents/IntrinsicEngine/src/runtime/Runtime.AssetWorkflowRecipePolicies.cppm for CXX dependencies
[672/1082] Scanning /home/alex/Documents/IntrinsicEngine/src/runtime/Runtime.GeometryPlanBuilders.cppm for CXX dependencies
[673/1082] Scanning /home/alex/Documents/IntrinsicEngine/src/runtime/Runtime.AssetWorkflowTextureResidency.cppm for CXX dependencies
[674/1082] Scanning /home/alex/Documents/IntrinsicEngine/src/app/Sandbox/Editor/Sandbox.EditorController.cpp for CXX dependencies
[675/1082] Scanning /home/alex/Documents/IntrinsicEngine/src/runtime/Runtime.RenderExtraction.Internal.cpp for CXX dependencies
[676/1082] Scanning /home/alex/Documents/IntrinsicEngine/src/app/Sandbox/Editor/Sandbox.EditorShell.cpp for CXX dependencies
[677/1082] Scanning /home/alex/Documents/IntrinsicEngine/src/app/Sandbox/Editor/Sandbox.DomainPanels.cpp for CXX dependencies
[678/1082] Scanning /home/alex/Documents/IntrinsicEngine/src/app/Sandbox/Editor/Sandbox.MethodPanels.cpp for CXX dependencies
[679/1082] Scanning /home/alex/Documents/IntrinsicEngine/src/app/Sandbox/Editor/Sandbox.MeshProcessingPanels.cpp for CXX dependencies
[680/1082] Generating CXX dyndep file src/runtime/CMakeFiles/ExtrinsicRuntime.dir/CXX.dd
[681/1082] Scanning /home/alex/Documents/IntrinsicEngine/src/app/Sandbox/Sandbox.ConfigSections.cpp for CXX dependencies
[682/1082] Scanning /home/alex/Documents/IntrinsicEngine/src/app/Sandbox/Editor/Sandbox.EditorController.cppm for CXX dependencies
[683/1082] Scanning /home/alex/Documents/IntrinsicEngine/src/app/Sandbox/Sandbox.cpp for CXX dependencies
[684/1082] Scanning /home/alex/Documents/IntrinsicEngine/src/app/Sandbox/Editor/Sandbox.EditorShell.cppm for CXX dependencies
[685/1082] Scanning /home/alex/Documents/IntrinsicEngine/src/app/Sandbox/Editor/Sandbox.DomainPanels.cppm for CXX dependencies
[686/1082] Scanning /home/alex/Documents/IntrinsicEngine/src/app/Sandbox/Editor/Sandbox.MeshProcessingPanels.cppm for CXX dependencies
[687/1082] Scanning /home/alex/Documents/IntrinsicEngine/src/app/Sandbox/Editor/Sandbox.MethodPanels.cppm for CXX dependencies
[688/1082] Scanning /home/alex/Documents/IntrinsicEngine/src/app/Sandbox/Sandbox.cppm for CXX dependencies
[689/1082] Scanning /home/alex/Documents/IntrinsicEngine/benchmarks/runners/BenchmarkSmokeRunner.cpp for CXX dependencies
[690/1082] Generating CXX dyndep file src/app/Sandbox/CMakeFiles/ExtrinsicSandboxEditor.dir/CXX.dd
[691/1082] Scanning /home/alex/Documents/IntrinsicEngine/benchmarks/core/Bench_TaskGraphPlanReuseSmoke.cpp for CXX dependencies
[692/1082] Scanning /home/alex/Documents/IntrinsicEngine/benchmarks/core/Bench_SchedulerHardeningSmoke.cpp for CXX dependencies
[693/1082] Scanning /home/alex/Documents/IntrinsicEngine/benchmarks/geometry/Bench_BoundaryFirstFlatteningReferenceSmoke.cpp for CXX dependencies
[694/1082] Scanning /home/alex/Documents/IntrinsicEngine/benchmarks/geometry/Bench_ExampleSmoke.cpp for CXX dependencies
[695/1082] Scanning /home/alex/Documents/IntrinsicEngine/benchmarks/geometry/Bench_PointCloudFilteringSmoke.cpp for CXX dependencies
[696/1082] Scanning /home/alex/Documents/IntrinsicEngine/benchmarks/geometry/Bench_ProgressivePoissonReferenceSmoke.cpp for CXX dependencies
[697/1082] Scanning /home/alex/Documents/IntrinsicEngine/benchmarks/geometry/Bench_QualityMetricsSmoke.cpp for CXX dependencies
[698/1082] Scanning /home/alex/Documents/IntrinsicEngine/benchmarks/geometry/Bench_SignedHeatReferenceSmoke.cpp for CXX dependencies
[699/1082] Scanning /home/alex/Documents/IntrinsicEngine/benchmarks/geometry/Bench_SurfaceSamplingSmoke.cpp for CXX dependencies
[700/1082] Scanning /home/alex/Documents/IntrinsicEngine/benchmarks/geometry/Bench_SimplificationQualitySmoke.cpp for CXX dependencies
[701/1082] Scanning /home/alex/Documents/IntrinsicEngine/benchmarks/geometry/Bench_UvAtlasSmoke.cpp for CXX dependencies
[702/1082] Scanning /home/alex/Documents/IntrinsicEngine/benchmarks/physics/Bench_RigidBodyReferenceSmoke.cpp for CXX dependencies
[703/1082] Scanning /home/alex/Documents/IntrinsicEngine/benchmarks/physics/Bench_XpbdClothReferenceSmoke.cpp for CXX dependencies
[704/1082] Scanning /home/alex/Documents/IntrinsicEngine/benchmarks/physics/Bench_ParticleSpringReferenceSmoke.cpp for CXX dependencies
[705/1082] Scanning /home/alex/Documents/IntrinsicEngine/benchmarks/physics/Bench_SphFluidReferenceSmoke.cpp for CXX dependencies
[706/1082] Scanning /home/alex/Documents/IntrinsicEngine/benchmarks/rendering/Bench_FramegraphBarrierEmissionSmoke.cpp for CXX dependencies
[707/1082] Scanning /home/alex/Documents/IntrinsicEngine/benchmarks/rendering/Bench_FramegraphCompilerIndexingSmoke.cpp for CXX dependencies
[708/1082] Scanning /home/alex/Documents/IntrinsicEngine/benchmarks/rendering/Bench_FramegraphScratchReuseSmoke.cpp for CXX dependencies
[709/1082] Scanning /home/alex/Documents/IntrinsicEngine/benchmarks/rendering/Bench_RenderGraphParallelRecordingSmoke.cpp for CXX dependencies
[710/1082] Scanning /home/alex/Documents/IntrinsicEngine/benchmarks/rendering/Bench_FrameRecipeCompileCacheSmoke.cpp for CXX dependencies
[711/1082] Scanning /home/alex/Documents/IntrinsicEngine/methods/physics/rigid_body_reference/src/RigidBodyReference.cpp for CXX dependencies
[712/1082] Scanning /home/alex/Documents/IntrinsicEngine/benchmarks/rendering/Bench_VertexFetchLayoutSmoke.cpp for CXX dependencies
[713/1082] Scanning /home/alex/Documents/IntrinsicEngine/methods/physics/particle_spring_reference/src/ParticleSpringReference.cpp for CXX dependencies
[714/1082] Scanning /home/alex/Documents/IntrinsicEngine/methods/physics/sph_fluid_reference/src/SphFluidReference.cpp for CXX dependencies
[715/1082] Scanning /home/alex/Documents/IntrinsicEngine/methods/physics/xpbd_cloth_reference/src/XpbdClothReference.cpp for CXX dependencies
[716/1082] Generating CXX dyndep file benchmarks/CMakeFiles/IntrinsicBenchmarkSmoke.dir/CXX.dd
[717/1082] Scanning /home/alex/Documents/IntrinsicEngine/benchmarks/geometry/Bench_KMeansGpuVulkanSmoke.cpp for CXX dependencies
[718/1082] Scanning /home/alex/Documents/IntrinsicEngine/tests/unit/core/Test.CoreError.cpp for CXX dependencies
[719/1082] Scanning /home/alex/Documents/IntrinsicEngine/tests/unit/core/Test_IndexedHeap.cpp for CXX dependencies
[720/1082] Generating CXX dyndep file benchmarks/CMakeFiles/IntrinsicKMeansGpuBenchmarkSmoke.dir/CXX.dd
[721/1082] Scanning /home/alex/Documents/IntrinsicEngine/tests/unit/core/Test.LogRingBuffer.cpp for CXX dependencies
[722/1082] Generating CXX dyndep file tests/CMakeFiles/CoreTestObjs.dir/CXX.dd
[723/1082] Scanning /home/alex/Documents/IntrinsicEngine/tests/unit/ecs/Test.ECS.SceneRegistry.cpp for CXX dependencies
[724/1082] Scanning /home/alex/Documents/IntrinsicEngine/tests/unit/ecs/Test.ECS.SceneBootstrap.cpp for CXX dependencies
[725/1082] Scanning /home/alex/Documents/IntrinsicEngine/tests/unit/ecs/Test.ECS.Hierarchy.cpp for CXX dependencies
[726/1082] Scanning /home/alex/Documents/IntrinsicEngine/tests/unit/ecs/Test.ECS.TransformHierarchy.cpp for CXX dependencies
[727/1082] Scanning /home/alex/Documents/IntrinsicEngine/tests/unit/ecs/Test.ECS.BoundsPropagation.cpp for CXX dependencies
[728/1082] Scanning /home/alex/Documents/IntrinsicEngine/tests/unit/ecs/Test.ECS.ColliderAuthoring.cpp for CXX dependencies
[729/1082] Scanning /home/alex/Documents/IntrinsicEngine/tests/unit/ecs/Test.ECS.Events.cpp for CXX dependencies
[730/1082] Scanning /home/alex/Documents/IntrinsicEngine/tests/unit/ecs/Test.ECS.RenderSync.cpp for CXX dependencies
[731/1082] Scanning /home/alex/Documents/IntrinsicEngine/tests/unit/ecs/Test.ECS.GeometryDirtyDomains.cpp for CXX dependencies
[732/1082] Scanning /home/alex/Documents/IntrinsicEngine/tests/unit/ecs/Test.ECS.StableIdentity.cpp for CXX dependencies
[733/1082] Scanning /home/alex/Documents/IntrinsicEngine/tests/contract/ecs/Test.ECS.LayeringBoundaries.cpp for CXX dependencies
[734/1082] Scanning /home/alex/Documents/IntrinsicEngine/tests/unit/ecs/Test.ECS.GeometrySourcesPopulate.cpp for CXX dependencies
[735/1082] Generating CXX dyndep file tests/CMakeFiles/EcsContractTestObjs.dir/CXX.dd
[736/1082] Generating CXX dyndep file tests/CMakeFiles/ECSTestObjs.dir/CXX.dd
[737/1082] Scanning /home/alex/Documents/IntrinsicEngine/tests/contract/runtime/Test.CoreGraphInterfaces.cpp for CXX dependencies
[738/1082] Scanning /home/alex/Documents/IntrinsicEngine/tests/contract/runtime/Test.GpuAssetCacheFallbackBootstrap.cpp for CXX dependencies
[739/1082] Scanning /home/alex/Documents/IntrinsicEngine/tests/contract/runtime/Test.GpuResultReadbackJob.cpp for CXX dependencies
[740/1082] Scanning /home/alex/Documents/IntrinsicEngine/tests/contract/runtime/Test.AssetIngestStateMachine.cpp for CXX dependencies
[741/1082] Scanning /home/alex/Documents/IntrinsicEngine/tests/contract/runtime/Test.AssetImportRecipe.cpp for CXX dependencies
[742/1082] Scanning /home/alex/Documents/IntrinsicEngine/tests/contract/runtime/Test.AssetImportFormatCoverage.cpp for CXX dependencies
[743/1082] Scanning /home/alex/Documents/IntrinsicEngine/tests/contract/runtime/Test.AsyncWorkModule.cpp for CXX dependencies
[744/1082] Scanning /home/alex/Documents/IntrinsicEngine/tests/contract/runtime/Test.AssetWorkflowModule.cpp for CXX dependencies
[745/1082] Scanning /home/alex/Documents/IntrinsicEngine/tests/contract/runtime/Test.EditorCommandHistory.cpp for CXX dependencies
[746/1082] Scanning /home/alex/Documents/IntrinsicEngine/tests/contract/runtime/Test.EditorUiHost.cpp for CXX dependencies
[747/1082] Scanning /home/alex/Documents/IntrinsicEngine/tests/contract/runtime/Test.EditorPropertyWidgets.cpp for CXX dependencies
[748/1082] Scanning /home/alex/Documents/IntrinsicEngine/tests/contract/runtime/Test.EditorWindowRegistry.cpp for CXX dependencies
[749/1082] Scanning /home/alex/Documents/IntrinsicEngine/tests/contract/runtime/Test.ImGuiAdapter.cpp for CXX dependencies
[750/1082] Scanning /home/alex/Documents/IntrinsicEngine/tests/contract/runtime/Test.ImGuiAdapterEngineWiring.cpp for CXX dependencies
[751/1082] Scanning /home/alex/Documents/IntrinsicEngine/tests/contract/runtime/Test.MeshGeometryExtraction.cpp for CXX dependencies
[752/1082] Scanning /home/alex/Documents/IntrinsicEngine/tests/contract/runtime/Test.MeshPrimitiveViewExtraction.cpp for CXX dependencies
[753/1082] Scanning /home/alex/Documents/IntrinsicEngine/tests/contract/runtime/Test.ProgressivePoissonGpuBackend.cpp for CXX dependencies
[754/1082] Scanning /home/alex/Documents/IntrinsicEngine/tests/contract/runtime/Test.RenderArtifactPublication.cpp for CXX dependencies
[755/1082] Scanning /home/alex/Documents/IntrinsicEngine/tests/contract/runtime/Test.RenderExtractionContract.cpp for CXX dependencies
[756/1082] Scanning /home/alex/Documents/IntrinsicEngine/tests/contract/runtime/Test.GizmoInteraction.cpp for CXX dependencies
[757/1082] Scanning /home/alex/Documents/IntrinsicEngine/tests/contract/runtime/Test.GizmoInteractionEngineWiring.cpp for CXX dependencies
[758/1082] Scanning /home/alex/Documents/IntrinsicEngine/tests/contract/runtime/Test.GraphGeometryExtraction.cpp for CXX dependencies
[759/1082] Scanning /home/alex/Documents/IntrinsicEngine/tests/contract/runtime/Test.GeometryAvailability.cpp for CXX dependencies
[760/1082] Scanning /home/alex/Documents/IntrinsicEngine/tests/contract/runtime/Test.GeometryPresentation.cpp for CXX dependencies
[761/1082] Scanning /home/alex/Documents/IntrinsicEngine/tests/contract/runtime/Test.PointCloudGeometryExtraction.cpp for CXX dependencies
[762/1082] Scanning /home/alex/Documents/IntrinsicEngine/tests/contract/runtime/Test.ParameterizationOperations.cpp for CXX dependencies
[763/1082] Scanning /home/alex/Documents/IntrinsicEngine/tests/contract/runtime/Test.PrimitiveSelectionRefinement.cpp for CXX dependencies
[764/1082] Scanning /home/alex/Documents/IntrinsicEngine/tests/contract/runtime/Test.PrimitiveSelectionRefinementWiring.cpp for CXX dependencies
[765/1082] Scanning /home/alex/Documents/IntrinsicEngine/tests/contract/runtime/Test.RuntimeConfigControl.cpp for CXX dependencies
[766/1082] Scanning /home/alex/Documents/IntrinsicEngine/tests/contract/runtime/Test.ProceduralGeometryExtraction.cpp for CXX dependencies
[767/1082] Scanning /home/alex/Documents/IntrinsicEngine/tests/contract/runtime/Test.RuntimeCameraControllers.cpp for CXX dependencies
[768/1082] Scanning /home/alex/Documents/IntrinsicEngine/tests/contract/runtime/Test.CameraModule.cpp for CXX dependencies
[769/1082] Scanning /home/alex/Documents/IntrinsicEngine/tests/contract/runtime/Test.RuntimeEngineConfigBoot.cpp for CXX dependencies
[770/1082] Scanning /home/alex/Documents/IntrinsicEngine/tests/contract/runtime/Test.RuntimeEngineLayering.cpp for CXX dependencies
[771/1082] Scanning /home/alex/Documents/IntrinsicEngine/tests/contract/runtime/Test.RuntimeEnginePrivateGlue.cpp for CXX dependencies
[772/1082] Scanning /home/alex/Documents/IntrinsicEngine/tests/contract/runtime/Test.RuntimeInputActions.cpp for CXX dependencies
[773/1082] Scanning /home/alex/Documents/IntrinsicEngine/tests/contract/runtime/Test.RuntimeRenderRecipeActivation.cpp for CXX dependencies
[774/1082] Scanning /home/alex/Documents/IntrinsicEngine/tests/contract/runtime/Test.RuntimeCommandBus.cpp for CXX dependencies
[775/1082] Scanning /home/alex/Documents/IntrinsicEngine/tests/contract/runtime/Test.ClusteringModule.cpp for CXX dependencies
[776/1082] Scanning /home/alex/Documents/IntrinsicEngine/tests/contract/runtime/Test.RuntimeCameraFocusCommand.cpp for CXX dependencies
[777/1082] Scanning /home/alex/Documents/IntrinsicEngine/tests/contract/runtime/Test.RuntimeJobService.cpp for CXX dependencies
[778/1082] Scanning /home/alex/Documents/IntrinsicEngine/tests/contract/runtime/Test.RuntimeKernelEvents.cpp for CXX dependencies
[779/1082] Scanning /home/alex/Documents/IntrinsicEngine/tests/contract/runtime/Test.RuntimeModule.cpp for CXX dependencies
[780/1082] Scanning /home/alex/Documents/IntrinsicEngine/tests/contract/runtime/Test.RuntimeWorldRegistry.cpp for CXX dependencies
[781/1082] Scanning /home/alex/Documents/IntrinsicEngine/tests/contract/runtime/Test.RuntimeEcsSystemBundle.cpp for CXX dependencies
[782/1082] Scanning /home/alex/Documents/IntrinsicEngine/tests/contract/runtime/Test.RuntimeSceneLifecycle.cpp for CXX dependencies
[783/1082] Scanning /home/alex/Documents/IntrinsicEngine/tests/contract/runtime/Test.RuntimeReferenceScene.cpp for CXX dependencies
[784/1082] Scanning /home/alex/Documents/IntrinsicEngine/tests/contract/runtime/Test.SceneDocumentModule.cpp for CXX dependencies
[785/1082] Scanning /home/alex/Documents/IntrinsicEngine/tests/contract/runtime/Test.SceneInteractionModule.cpp for CXX dependencies
[786/1082] Scanning /home/alex/Documents/IntrinsicEngine/tests/contract/runtime/Test.RuntimeVulkanBreadcrumb.cpp for CXX dependencies
[787/1082] Scanning /home/alex/Documents/IntrinsicEngine/tests/contract/runtime/Test.RuntimeSceneSerialization.cpp for CXX dependencies
[788/1082] Scanning /home/alex/Documents/IntrinsicEngine/tests/contract/runtime/Test.SandboxEditorModels.cpp for CXX dependencies
[789/1082] Scanning /home/alex/Documents/IntrinsicEngine/tests/contract/runtime/Test.SandboxEditorSceneCommands.cpp for CXX dependencies
[790/1082] Scanning /home/alex/Documents/IntrinsicEngine/tests/contract/runtime/Test.SandboxEditorClusteringMethods.cpp for CXX dependencies
[791/1082] Scanning /home/alex/Documents/IntrinsicEngine/tests/contract/runtime/Test.SandboxEditorMeshMethods.cpp for CXX dependencies
[792/1082] Scanning /home/alex/Documents/IntrinsicEngine/tests/contract/runtime/Test.SandboxEditorVisualization.cpp for CXX dependencies
[793/1082] Scanning /home/alex/Documents/IntrinsicEngine/tests/contract/runtime/Test.TextureBakeModule.cpp for CXX dependencies
[794/1082] Scanning /home/alex/Documents/IntrinsicEngine/tests/contract/runtime/Test.SandboxEditorSessionLifecycle.cpp for CXX dependencies
[795/1082] Scanning /home/alex/Documents/IntrinsicEngine/tests/contract/runtime/Test.SelectionController.cpp for CXX dependencies
[796/1082] Scanning /home/alex/Documents/IntrinsicEngine/tests/contract/runtime/Test.SelectionReadbackCorrelation.cpp for CXX dependencies
[797/1082] Scanning /home/alex/Documents/IntrinsicEngine/tests/contract/runtime/Test.SelectionSnapshotExtraction.cpp for CXX dependencies
[798/1082] Scanning /home/alex/Documents/IntrinsicEngine/tests/contract/runtime/Test.SelectionStableLookupComposition.cpp for CXX dependencies
[799/1082] Scanning /home/alex/Documents/IntrinsicEngine/tests/contract/runtime/Test.StableEntityLookup.cpp for CXX dependencies
[800/1082] Scanning /home/alex/Documents/IntrinsicEngine/tests/contract/runtime/Test.VertexAttributeBinding.cpp for CXX dependencies
[801/1082] Scanning /home/alex/Documents/IntrinsicEngine/tests/contract/runtime/Test.VertexChannelStreams.cpp for CXX dependencies
[802/1082] Scanning /home/alex/Documents/IntrinsicEngine/tests/contract/runtime/Test.RenderWorldPool.cpp for CXX dependencies
[803/1082] Scanning /home/alex/Documents/IntrinsicEngine/tests/contract/runtime/Test.RenderWorldPoolEngineWiring.cpp for CXX dependencies
[804/1082] Scanning /home/alex/Documents/IntrinsicEngine/tests/contract/runtime/Test.VisualizationRecipes.cpp for CXX dependencies
[805/1082] Scanning /home/alex/Documents/IntrinsicEngine/tests/contract/runtime/Test.AssetImportFormatCoverageSlow.cpp for CXX dependencies
[806/1082] Generating CXX dyndep file tests/CMakeFiles/RuntimeContractTestObjs.dir/CXX.dd
[807/1082] Scanning /home/alex/Documents/IntrinsicEngine/tests/integration/runtime/Test.SandboxDomainPanels.cpp for CXX dependencies
[808/1082] Scanning /home/alex/Documents/IntrinsicEngine/tests/integration/runtime/Test.SandboxConfigSections.cpp for CXX dependencies
[809/1082] Generating CXX dyndep file tests/CMakeFiles/RuntimeContractSlowTestObjs.dir/CXX.dd
[810/1082] Scanning /home/alex/Documents/IntrinsicEngine/tests/benchmark/slo/Test.ArchitectureSLO.cpp for CXX dependencies
[811/1082] Scanning /home/alex/Documents/IntrinsicEngine/tests/integration/runtime/Test.SandboxAppComposition.cpp for CXX dependencies
[812/1082] Generating CXX dyndep file tests/CMakeFiles/BenchmarkTestObjs.dir/CXX.dd
[813/1082] Scanning /home/alex/Documents/IntrinsicEngine/tests/integration/runtime/Test.SandboxEditorPresentation.cpp for CXX dependencies
[814/1082] Scanning /home/alex/Documents/IntrinsicEngine/tests/integration/runtime/Test.SandboxParameterizationPanel.cpp for CXX dependencies
[815/1082] Generating CXX dyndep file tests/CMakeFiles/SandboxEditorIntegrationTestObjs.dir/CXX.dd
[816/1082] Scanning /home/alex/Documents/IntrinsicEngine/tests/unit/physics/Test.RigidBodyReference.cpp for CXX dependencies
[817/1082] Scanning /home/alex/Documents/IntrinsicEngine/tests/unit/physics/Test.ParticleSpringReference.cpp for CXX dependencies
[818/1082] Scanning /home/alex/Documents/IntrinsicEngine/tests/unit/physics/Test.XpbdClothReference.cpp for CXX dependencies
[819/1082] Scanning /home/alex/Documents/IntrinsicEngine/methods/physics/rigid_body_reference/src/RigidBodyReference.cpp for CXX dependencies
[820/1082] Scanning /home/alex/Documents/IntrinsicEngine/methods/physics/particle_spring_reference/src/ParticleSpringReference.cpp for CXX dependencies
[821/1082] Scanning /home/alex/Documents/IntrinsicEngine/tests/unit/physics/Test.SphFluidReference.cpp for CXX dependencies
[822/1082] Scanning /home/alex/Documents/IntrinsicEngine/tests/unit/physics/Test.PhysicsSolverParity.cpp for CXX dependencies
[823/1082] Scanning /home/alex/Documents/IntrinsicEngine/methods/physics/xpbd_cloth_reference/src/XpbdClothReference.cpp for CXX dependencies
[824/1082] Scanning /home/alex/Documents/IntrinsicEngine/methods/physics/sph_fluid_reference/src/SphFluidReference.cpp for CXX dependencies
[825/1082] Generating CXX dyndep file tests/CMakeFiles/PhysicsMethodTestObjs.dir/CXX.dd
[826/1082] Scanning /home/alex/Documents/IntrinsicEngine/tests/unit/physics/Test.Physics.World.cpp for CXX dependencies
[827/1082] Generating CXX dyndep file tests/CMakeFiles/PhysicsWorldTestObjs.dir/CXX.dd
[828/1082] Scanning /home/alex/Documents/IntrinsicEngine/tests/unit/geometry/Test_Statistics.cpp for CXX dependencies
[829/1082] Scanning /home/alex/Documents/IntrinsicEngine/tests/integration/runtime/Test.RuntimePhysicsBridge.cpp for CXX dependencies
[830/1082] Scanning /home/alex/Documents/IntrinsicEngine/tests/unit/geometry/Test_RobustKernels.cpp for CXX dependencies
[831/1082] Generating CXX dyndep file tests/CMakeFiles/RuntimePhysicsBridgeTestObjs.dir/CXX.dd
[832/1082] Scanning /home/alex/Documents/IntrinsicEngine/tests/unit/geometry/Test_AABBCubify.cpp for CXX dependencies
[833/1082] Scanning /home/alex/Documents/IntrinsicEngine/tests/unit/geometry/Test_BezierCurve.cpp for CXX dependencies
[834/1082] Scanning /home/alex/Documents/IntrinsicEngine/tests/unit/geometry/Test_Curve.cpp for CXX dependencies
[835/1082] Scanning /home/alex/Documents/IntrinsicEngine/tests/unit/geometry/Test_Rotation.cpp for CXX dependencies
[836/1082] Scanning /home/alex/Documents/IntrinsicEngine/tests/unit/geometry/Test_MeshQuantities.cpp for CXX dependencies
[837/1082] Scanning /home/alex/Documents/IntrinsicEngine/tests/unit/geometry/Test_RotationAveraging.cpp for CXX dependencies
[838/1082] Scanning /home/alex/Documents/IntrinsicEngine/tests/unit/geometry/Test_LinalgEigenMap.cpp for CXX dependencies
[839/1082] Scanning /home/alex/Documents/IntrinsicEngine/tests/unit/geometry/Test_MeshClosestFace.cpp for CXX dependencies
[840/1082] Scanning /home/alex/Documents/IntrinsicEngine/tests/unit/geometry/Test_RuntimeGraph.cpp for CXX dependencies
[841/1082] Scanning /home/alex/Documents/IntrinsicEngine/tests/unit/geometry/Test_RuntimeGraphKNN.cpp for CXX dependencies
[842/1082] Scanning /home/alex/Documents/IntrinsicEngine/tests/unit/geometry/Test.GeometryProperties.cpp for CXX dependencies
[843/1082] Scanning /home/alex/Documents/IntrinsicEngine/tests/unit/geometry/Test.GraphQueries.cpp for CXX dependencies
[844/1082] Scanning /home/alex/Documents/IntrinsicEngine/tests/unit/geometry/Test_KDTree.cpp for CXX dependencies
[845/1082] Scanning /home/alex/Documents/IntrinsicEngine/tests/unit/geometry/Test_Octree.cpp for CXX dependencies
[846/1082] Scanning /home/alex/Documents/IntrinsicEngine/tests/unit/geometry/Test_BVH.cpp for CXX dependencies
[847/1082] Scanning /home/alex/Documents/IntrinsicEngine/tests/unit/geometry/Test_DEC.cpp for CXX dependencies
[848/1082] Scanning /home/alex/Documents/IntrinsicEngine/tests/unit/geometry/Test.MeshConversion.cpp for CXX dependencies
[849/1082] Scanning /home/alex/Documents/IntrinsicEngine/tests/unit/geometry/Test_MeshOperations.cpp for CXX dependencies
[850/1082] Scanning /home/alex/Documents/IntrinsicEngine/tests/unit/geometry/Test.MeshSoup.cpp for CXX dependencies
[851/1082] Scanning /home/alex/Documents/IntrinsicEngine/tests/unit/geometry/Test.PointCloudConversion.cpp for CXX dependencies
[852/1082] Scanning /home/alex/Documents/IntrinsicEngine/tests/unit/geometry/Test_GeometryProcessing.cpp for CXX dependencies
[853/1082] Scanning /home/alex/Documents/IntrinsicEngine/tests/unit/geometry/Test_MeshBuilder.cpp for CXX dependencies
[854/1082] Scanning /home/alex/Documents/IntrinsicEngine/tests/unit/geometry/Test_SurfaceReconstruction.cpp for CXX dependencies
[855/1082] Scanning /home/alex/Documents/IntrinsicEngine/tests/unit/geometry/Test_MeshQuality.cpp for CXX dependencies
[856/1082] Scanning /home/alex/Documents/IntrinsicEngine/tests/unit/geometry/Test_MeshAnalysis.cpp for CXX dependencies
[857/1082] Scanning /home/alex/Documents/IntrinsicEngine/tests/unit/geometry/Test_Parameterization.cpp for CXX dependencies
[858/1082] Scanning /home/alex/Documents/IntrinsicEngine/tests/unit/geometry/Test.ParameterizationDiagnostics.cpp for CXX dependencies
[859/1082] Scanning /home/alex/Documents/IntrinsicEngine/tests/unit/geometry/Test.HarmonicParameterization.cpp for CXX dependencies
[860/1082] Scanning /home/alex/Documents/IntrinsicEngine/tests/unit/geometry/Test.ParameterizationDispatch.cpp for CXX dependencies
[861/1082] Scanning /home/alex/Documents/IntrinsicEngine/tests/unit/geometry/Test.BoundaryFirstFlattening.cpp for CXX dependencies
[862/1082] Scanning /home/alex/Documents/IntrinsicEngine/tests/unit/geometry/Test_AdaptiveRemeshing.cpp for CXX dependencies
[863/1082] Scanning /home/alex/Documents/IntrinsicEngine/tests/unit/geometry/Test.UvAtlas.cpp for CXX dependencies
[864/1082] Scanning /home/alex/Documents/IntrinsicEngine/tests/unit/geometry/Test_PointCloud.cpp for CXX dependencies
[865/1082] Scanning /home/alex/Documents/IntrinsicEngine/tests/unit/geometry/Test_ConvexHull.cpp for CXX dependencies
[866/1082] Scanning /home/alex/Documents/IntrinsicEngine/tests/unit/geometry/Test_TriangleMetrics.cpp for CXX dependencies
[867/1082] Scanning /home/alex/Documents/IntrinsicEngine/tests/unit/geometry/Test_SphereFitting.cpp for CXX dependencies
[868/1082] Scanning /home/alex/Documents/IntrinsicEngine/tests/unit/geometry/Test_MeshBoundary.cpp for CXX dependencies
[869/1082] Scanning /home/alex/Documents/IntrinsicEngine/tests/unit/geometry/Test_Boolean.cpp for CXX dependencies
[870/1082] Scanning /home/alex/Documents/IntrinsicEngine/tests/unit/geometry/Test.GraphVertexNormals.cpp for CXX dependencies
[871/1082] Scanning /home/alex/Documents/IntrinsicEngine/tests/unit/geometry/Test_GeometryAttributePropagation.cpp for CXX dependencies
[872/1082] Scanning /home/alex/Documents/IntrinsicEngine/tests/unit/geometry/Test.HalfedgeMeshVertexNormals.cpp for CXX dependencies
[873/1082] Scanning /home/alex/Documents/IntrinsicEngine/tests/unit/geometry/Test_HalfedgeMeshPropertyAccess.cpp for CXX dependencies
[874/1082] Scanning /home/alex/Documents/IntrinsicEngine/tests/unit/geometry/Test_HalfedgeMeshTopology.cpp for CXX dependencies
[875/1082] Scanning /home/alex/Documents/IntrinsicEngine/tests/unit/geometry/Test.MeshTopologyUtilities.cpp for CXX dependencies
[876/1082] Scanning /home/alex/Documents/IntrinsicEngine/tests/unit/geometry/Test_Curvature.cpp for CXX dependencies
[877/1082] Scanning /home/alex/Documents/IntrinsicEngine/tests/unit/geometry/Test_Validation.cpp for CXX dependencies
[878/1082] Scanning /home/alex/Documents/IntrinsicEngine/tests/unit/geometry/Test_Raycast.cpp for CXX dependencies
[879/1082] Scanning /home/alex/Documents/IntrinsicEngine/tests/unit/geometry/Test.CurvatureTensor.cpp for CXX dependencies
[880/1082] Scanning /home/alex/Documents/IntrinsicEngine/tests/unit/geometry/Test_GeometryQueries.cpp for CXX dependencies
[881/1082] Scanning /home/alex/Documents/IntrinsicEngine/tests/unit/geometry/Test_PcaPrimitives.cpp for CXX dependencies
[882/1082] Scanning /home/alex/Documents/IntrinsicEngine/tests/unit/geometry/Test_Grid.cpp for CXX dependencies
[883/1082] Scanning /home/alex/Documents/IntrinsicEngine/tests/unit/geometry/Test_Overlap.cpp for CXX dependencies
[884/1082] Scanning /home/alex/Documents/IntrinsicEngine/tests/unit/geometry/Test_ImplicitPlaneField.cpp for CXX dependencies
[885/1082] Scanning /home/alex/Documents/IntrinsicEngine/tests/unit/geometry/Test_MarchingCubes.cpp for CXX dependencies
[886/1082] Scanning /home/alex/Documents/IntrinsicEngine/tests/unit/geometry/Test_Containment.cpp for CXX dependencies
[887/1082] Scanning /home/alex/Documents/IntrinsicEngine/tests/unit/geometry/Test_Support.cpp for CXX dependencies
[888/1082] Scanning /home/alex/Documents/IntrinsicEngine/tests/unit/geometry/Test_Simplification.cpp for CXX dependencies
[889/1082] Scanning /home/alex/Documents/IntrinsicEngine/tests/unit/geometry/Test_Geodesic.cpp for CXX dependencies
[890/1082] Scanning /home/alex/Documents/IntrinsicEngine/tests/unit/geometry/Test_VectorHeatMethod.cpp for CXX dependencies
[891/1082] Scanning /home/alex/Documents/IntrinsicEngine/tests/unit/geometry/Test_ShortestPath.cpp for CXX dependencies
[892/1082] Scanning /home/alex/Documents/IntrinsicEngine/tests/unit/geometry/Test_Smoothing.cpp for CXX dependencies
[893/1082] Scanning /home/alex/Documents/IntrinsicEngine/tests/unit/geometry/Test_Subdivision.cpp for CXX dependencies
[894/1082] Scanning /home/alex/Documents/IntrinsicEngine/tests/unit/geometry/Test.Sampling.cpp for CXX dependencies
[895/1082] Scanning /home/alex/Documents/IntrinsicEngine/tests/unit/geometry/Test.QualityMetrics.cpp for CXX dependencies
[896/1082] Scanning /home/alex/Documents/IntrinsicEngine/tests/unit/geometry/Test.PointCloudNormals.cpp for CXX dependencies
[897/1082] Scanning /home/alex/Documents/IntrinsicEngine/tests/unit/geometry/Test.SurfaceSampling.cpp for CXX dependencies
[898/1082] Scanning /home/alex/Documents/IntrinsicEngine/tests/unit/geometry/Test.PointCloudFeatures.cpp for CXX dependencies
[899/1082] Scanning /home/alex/Documents/IntrinsicEngine/tests/unit/geometry/Test_Registration.cpp for CXX dependencies
[900/1082] Scanning /home/alex/Documents/IntrinsicEngine/tests/unit/geometry/Test.PointCloudOutlierRemoval.cpp for CXX dependencies
[901/1082] Scanning /home/alex/Documents/IntrinsicEngine/tests/unit/geometry/Test_PointCloudRobustness.cpp for CXX dependencies
[902/1082] Scanning /home/alex/Documents/IntrinsicEngine/tests/unit/geometry/Test.RaycastClassify.cpp for CXX dependencies
[903/1082] Scanning /home/alex/Documents/IntrinsicEngine/tests/unit/geometry/Test.IntersectionClassification.cpp for CXX dependencies
[904/1082] Scanning /home/alex/Documents/IntrinsicEngine/tests/unit/geometry/Test.RobustPredicates.cpp for CXX dependencies
[905/1082] Scanning /home/alex/Documents/IntrinsicEngine/tests/unit/geometry/Test.LinearAlgebra.cpp for CXX dependencies
[906/1082] Scanning /home/alex/Documents/IntrinsicEngine/tests/unit/geometry/Test.Sparse.cpp for CXX dependencies
[907/1082] Scanning /home/alex/Documents/IntrinsicEngine/tests/unit/geometry/Test.SparseFactorization.cpp for CXX dependencies
[908/1082] Scanning /home/alex/Documents/IntrinsicEngine/tests/unit/geometry/Test.SignedHeatMethod.cpp for CXX dependencies
[909/1082] Scanning /home/alex/Documents/IntrinsicEngine/tests/unit/geometry/Test.SparseNonsymmetric.cpp for CXX dependencies
[910/1082] Scanning /home/alex/Documents/IntrinsicEngine/tests/unit/geometry/Test_SubmeshView.cpp for CXX dependencies
[911/1082] Scanning /home/alex/Documents/IntrinsicEngine/tests/unit/geometry/Test.SubmeshViewDomainBorrows.cpp for CXX dependencies
[912/1082] Generating CXX dyndep file tests/CMakeFiles/GeometryTestObjs.dir/CXX.dd
[913/1082] Scanning /home/alex/Documents/IntrinsicEngine/tests/unit/geometry/Test_RuntimeGeometry.cpp for CXX dependencies
[914/1082] Scanning /home/alex/Documents/IntrinsicEngine/tests/unit/geometry/Test_HtexPatch.cpp for CXX dependencies
[915/1082] Scanning /home/alex/Documents/IntrinsicEngine/tests/unit/geometry/Test_SDF.cpp for CXX dependencies
[916/1082] Scanning /home/alex/Documents/IntrinsicEngine/tests/unit/geometry/Test_ContactManifold.cpp for CXX dependencies
[917/1082] Scanning /home/alex/Documents/IntrinsicEngine/tests/unit/geometry/Test_GJK.cpp for CXX dependencies
[918/1082] Scanning /home/alex/Documents/IntrinsicEngine/tests/unit/geometry/Test.MeshOperationsSlow.cpp for CXX dependencies
[919/1082] Generating CXX dyndep file tests/CMakeFiles/GeometryProcessStateTestObjs.dir/CXX.dd
[920/1082] Scanning /home/alex/Documents/IntrinsicEngine/tests/unit/geometry/Test.GeometryIO.cpp for CXX dependencies
[921/1082] Generating CXX dyndep file tests/CMakeFiles/GeometrySlowTestObjs.dir/CXX.dd
[922/1082] Generating CXX dyndep file tests/CMakeFiles/GeometryIoTestObjs.dir/CXX.dd
[923/1082] Scanning /home/alex/Documents/IntrinsicEngine/tests/unit/geometry/Test.ProgressivePoissonReference.cpp for CXX dependencies
[924/1082] Generating CXX dyndep file tests/CMakeFiles/GeometryMethodTestObjs.dir/CXX.dd
[925/1082] Scanning /home/alex/Documents/IntrinsicEngine/tests/unit/assets/Test.Asset.EventBus.cpp for CXX dependencies
[926/1082] Scanning /home/alex/Documents/IntrinsicEngine/tests/unit/assets/Test.Asset.ImportRouter.cpp for CXX dependencies
[927/1082] Scanning /home/alex/Documents/IntrinsicEngine/tests/unit/geometry/Test.ProgressivePoissonReferenceSlow.cpp for CXX dependencies
[928/1082] Generating CXX dyndep file tests/CMakeFiles/GeometryMethodSlowTestObjs.dir/CXX.dd
[929/1082] Scanning /home/alex/Documents/IntrinsicEngine/tests/unit/assets/Test.Asset.ModelTexturePayload.cpp for CXX dependencies
[930/1082] Scanning /home/alex/Documents/IntrinsicEngine/tests/unit/assets/Test.Asset.OperationStatus.cpp for CXX dependencies
[931/1082] Scanning /home/alex/Documents/IntrinsicEngine/tests/unit/assets/Test.Asset.PathIndex.cpp for CXX dependencies
[932/1082] Scanning /home/alex/Documents/IntrinsicEngine/tests/unit/assets/Test.Asset.PayloadStore.cpp for CXX dependencies
[933/1082] Scanning /home/alex/Documents/IntrinsicEngine/tests/unit/assets/Test.Asset.Registry.cpp for CXX dependencies
[934/1082] Generating CXX dyndep file tests/CMakeFiles/AssetUnitTestObjs.dir/CXX.dd
[935/1082] Scanning /home/alex/Documents/IntrinsicEngine/tests/unit/core/Test.Core.BoundedHeap.cpp for CXX dependencies
[936/1082] Scanning /home/alex/Documents/IntrinsicEngine/tests/unit/core/Test.Core.CallbackRegistry.cpp for CXX dependencies
[937/1082] Scanning /home/alex/Documents/IntrinsicEngine/tests/unit/core/Test.Core.Config.cpp for CXX dependencies
[938/1082] Scanning /home/alex/Documents/IntrinsicEngine/tests/unit/core/Test.Core.EngineConfigLoad.cpp for CXX dependencies
[939/1082] Scanning /home/alex/Documents/IntrinsicEngine/tests/unit/core/Test.Core.DagScheduler.cpp for CXX dependencies
[940/1082] Scanning /home/alex/Documents/IntrinsicEngine/tests/unit/core/Test.Core.ErrorLegacy.cpp for CXX dependencies
[941/1082] Scanning /home/alex/Documents/IntrinsicEngine/tests/unit/core/Test.Core.FrameClock.cpp for CXX dependencies
[942/1082] Scanning /home/alex/Documents/IntrinsicEngine/tests/unit/core/Test.CoreFrameGraphTypeTokenHelper.cpp for CXX dependencies
[943/1082] Scanning /home/alex/Documents/IntrinsicEngine/tests/unit/core/Test.Core.Filesystem.cpp for CXX dependencies
[944/1082] Scanning /home/alex/Documents/IntrinsicEngine/tests/unit/core/Test.CoreFrameGraph.cpp for CXX dependencies
[945/1082] Scanning /home/alex/Documents/IntrinsicEngine/tests/unit/core/Test.Core.GraphCompiler.cpp for CXX dependencies
[946/1082] Scanning /home/alex/Documents/IntrinsicEngine/tests/unit/core/Test.Core.HandleLease.cpp for CXX dependencies
[947/1082] Scanning /home/alex/Documents/IntrinsicEngine/tests/unit/core/Test.CoreHash.cpp for CXX dependencies
[948/1082] Scanning /home/alex/Documents/IntrinsicEngine/tests/unit/core/Test.Core.LockFreeQueue.cpp for CXX dependencies
[949/1082] Scanning /home/alex/Documents/IntrinsicEngine/tests/unit/core/Test.Core.Logging.cpp for CXX dependencies
[950/1082] Scanning /home/alex/Documents/IntrinsicEngine/tests/unit/core/Test.CoreMemory.cpp for CXX dependencies
[951/1082] Scanning /home/alex/Documents/IntrinsicEngine/tests/unit/core/Test.Core.ResourcePool.cpp for CXX dependencies
[952/1082] Scanning /home/alex/Documents/IntrinsicEngine/tests/unit/core/Test.Core.TaskGraphLegacy.cpp for CXX dependencies
[953/1082] Scanning /home/alex/Documents/IntrinsicEngine/tests/unit/core/Test.CoreProfiling.cpp for CXX dependencies
[954/1082] Scanning /home/alex/Documents/IntrinsicEngine/tests/unit/core/Test.CoreStrongHandle.cpp for CXX dependencies
[955/1082] Scanning /home/alex/Documents/IntrinsicEngine/tests/unit/platform/Test.NullPlatform.cpp for CXX dependencies
[956/1082] Scanning /home/alex/Documents/IntrinsicEngine/tests/unit/core/Test.Core.TaskGraphCompletionLifetime.cpp for CXX dependencies
[957/1082] Scanning /home/alex/Documents/IntrinsicEngine/tests/contract/platform/Test.PlatformLayering.cpp for CXX dependencies
[958/1082] Scanning /home/alex/Documents/IntrinsicEngine/tests/unit/core/Test.CoreTasks.cpp for CXX dependencies
[959/1082] Generating CXX dyndep file tests/CMakeFiles/PlatformTestObjs.dir/CXX.dd
[960/1082] Generating CXX dyndep file tests/CMakeFiles/CoreWrapperUnitTestObjs.dir/CXX.dd
[961/1082] Scanning /home/alex/Documents/IntrinsicEngine/tests/integration/platform/Test.GlfwPlatformSmoke.cpp for CXX dependencies
[962/1082] Scanning /home/alex/Documents/IntrinsicEngine/tests/integration/graphics/Test.BufferReadbackGpuSmoke.cpp for CXX dependencies
[963/1082] Generating CXX dyndep file tests/CMakeFiles/PlatformGlfwSmokeTestObjs.dir/CXX.dd
[964/1082] Scanning /home/alex/Documents/IntrinsicEngine/tests/integration/graphics/Test.ComputeParallelPrimitivesGpuSmoke.cpp for CXX dependencies
[965/1082] Scanning /home/alex/Documents/IntrinsicEngine/tests/integration/graphics/Test.GpuTransferFacadeGpuSmoke.cpp for CXX dependencies
[966/1082] Scanning /home/alex/Documents/IntrinsicEngine/tests/integration/graphics/Test.TextureReadbackGpuSmoke.cpp for CXX dependencies
[967/1082] Scanning /home/alex/Documents/IntrinsicEngine/tests/integration/graphics/Test.HzbOcclusionConservatismGpuSmoke.cpp for CXX dependencies
[968/1082] Scanning /home/alex/Documents/IntrinsicEngine/tests/integration/graphics/Test.DefaultRecipeSurfaceGpuSmoke.cpp for CXX dependencies
[969/1082] Scanning /home/alex/Documents/IntrinsicEngine/tests/integration/graphics/Test.ImGuiSurfaceGpuSmoke.cpp for CXX dependencies
[970/1082] Scanning /home/alex/Documents/IntrinsicEngine/tests/integration/graphics/Test.TransientDebugSurfaceGpuSmoke.cpp for CXX dependencies
[971/1082] Scanning /home/alex/Documents/IntrinsicEngine/tests/integration/graphics/Test.UvViewGpuSmoke.cpp for CXX dependencies
[972/1082] Scanning /home/alex/Documents/IntrinsicEngine/tests/gpu/Test.VulkanBootstrapSmoke.cpp for CXX dependencies
[973/1082] Scanning /home/alex/Documents/IntrinsicEngine/tests/integration/graphics/Test.VisualizationOverlaySurfaceGpuSmoke.cpp for CXX dependencies
[974/1082] Generating CXX dyndep file tests/CMakeFiles/GraphicsVulkanSmokeTestObjs.dir/CXX.dd
[975/1082] Scanning /home/alex/Documents/IntrinsicEngine/tests/integration/runtime/Test.ClusteringServiceGpuSmoke.cpp for CXX dependencies
[976/1082] Scanning /home/alex/Documents/IntrinsicEngine/tests/integration/runtime/Test.RuntimeSandboxAcceptanceGpuSmoke.cpp for CXX dependencies
[977/1082] Scanning /home/alex/Documents/IntrinsicEngine/tests/integration/runtime/Test.ProgressivePoissonGpuResultReadbackGpuSmoke.cpp for CXX dependencies
[978/1082] Scanning /home/alex/Documents/IntrinsicEngine/tests/unit/graphics/Test.RHI.BufferManager.cpp for CXX dependencies
[979/1082] Generating CXX dyndep file tests/CMakeFiles/RuntimeClusteringServiceGpuSmokeTestObjs.dir/CXX.dd
[980/1082] Generating CXX dyndep file tests/CMakeFiles/RuntimeProgressivePoissonResultGpuSmokeTestObjs.dir/CXX.dd
[981/1082] Generating CXX dyndep file tests/CMakeFiles/RuntimeSandboxAcceptanceGpuSmokeTestObjs.dir/CXX.dd
[982/1082] Scanning /home/alex/Documents/IntrinsicEngine/tests/unit/graphics/Test.RHI.SamplerManager.cpp for CXX dependencies
[983/1082] Scanning /home/alex/Documents/IntrinsicEngine/tests/unit/graphics/Test.RHI.TextureManager.cpp for CXX dependencies
[984/1082] Scanning /home/alex/Documents/IntrinsicEngine/tests/unit/graphics/Test.RHI.PipelineManager.cpp for CXX dependencies
[985/1082] Scanning /home/alex/Documents/IntrinsicEngine/tests/unit/graphics/Test.RHI.PipelineRegistry.cpp for CXX dependencies
[986/1082] Generating CXX dyndep file tests/CMakeFiles/GraphicsUnitTestObjs.dir/CXX.dd
[987/1082] Scanning /home/alex/Documents/IntrinsicEngine/tests/unit/graphics/Test.RHI.Profiler.cpp for CXX dependencies
[988/1082] Generating CXX dyndep file tests/CMakeFiles/GraphicsRhiCpuUnitTestObjs.dir/CXX.dd
[989/1082] Scanning /home/alex/Documents/IntrinsicEngine/tests/contract/graphics/Test.BufferTransfer.cpp for CXX dependencies
[990/1082] Generating CXX dyndep file tests/CMakeFiles/GraphicsBufferTransferTestObjs.dir/CXX.dd
[991/1082] Scanning /home/alex/Documents/IntrinsicEngine/tests/unit/graphics/Test.Graphics.DebugViewSystem.cpp for CXX dependencies
[992/1082] Scanning /home/alex/Documents/IntrinsicEngine/tests/unit/graphics/Test.Graphics.ColormapSystem.cpp for CXX dependencies
[993/1082] Scanning /home/alex/Documents/IntrinsicEngine/tests/unit/graphics/Test.Graphics.GpuSceneSlot.cpp for CXX dependencies
[994/1082] Scanning /home/alex/Documents/IntrinsicEngine/tests/unit/graphics/Test.Graphics.ImGuiOverlaySystem.cpp for CXX dependencies
[995/1082] Scanning /home/alex/Documents/IntrinsicEngine/tests/unit/graphics/Test.Graphics.PostProcessSystem.cpp for CXX dependencies
[996/1082] Scanning /home/alex/Documents/IntrinsicEngine/tests/unit/graphics/Test.Graphics.MaterialSystem.cpp for CXX dependencies
[997/1082] Scanning /home/alex/Documents/IntrinsicEngine/tests/unit/graphics/Test.RenderGraphDebugDump.cpp for CXX dependencies
[998/1082] Scanning /home/alex/Documents/IntrinsicEngine/tests/unit/graphics/Test.GpuAssetCache.cpp for CXX dependencies
[999/1082] Scanning /home/alex/Documents/IntrinsicEngine/tests/unit/graphics/Test.Graphics.SpatialDebugVisualizers.cpp for CXX dependencies
[1000/1082] Scanning /home/alex/Documents/IntrinsicEngine/tests/unit/graphics/Test.Graphics.VisualizationPackets.cpp for CXX dependencies
[1001/1082] Generating CXX dyndep file tests/CMakeFiles/GraphicsAssetsUnitTestObjs.dir/CXX.dd
[1002/1082] Generating CXX dyndep file tests/CMakeFiles/GraphicsRendererCpuUnitTestObjs.dir/CXX.dd
[1003/1082] Scanning /home/alex/Documents/IntrinsicEngine/tests/contract/graphics/Test.GpuTransferFacade.cpp for CXX dependencies
[1004/1082] Scanning /home/alex/Documents/IntrinsicEngine/tests/contract/graphics/Test.PropertyTextureBake.cpp for CXX dependencies
[1005/1082] Scanning /home/alex/Documents/IntrinsicEngine/tests/contract/graphics/Test.MinimalTriangleAcceptance.cpp for CXX dependencies
[1006/1082] Scanning /home/alex/Documents/IntrinsicEngine/tests/contract/graphics/Test.RHI.CommandContextBarriers.cpp for CXX dependencies
[1007/1082] Scanning /home/alex/Documents/IntrinsicEngine/tests/contract/graphics/Test.RendererRhiBoundary.cpp for CXX dependencies
[1008/1082] Scanning /home/alex/Documents/IntrinsicEngine/tests/contract/graphics/Test.TextureReadback.cpp for CXX dependencies
[1009/1082] Scanning /home/alex/Documents/IntrinsicEngine/tests/contract/graphics/Test.TextureUploadLayout.cpp for CXX dependencies
[1010/1082] Scanning /home/alex/Documents/IntrinsicEngine/tests/contract/graphics/Test.TransferQueueReadback.cpp for CXX dependencies
[1011/1082] Generating CXX dyndep file tests/CMakeFiles/GraphicsContractTestObjs.dir/CXX.dd
[1012/1082] Scanning /home/alex/Documents/IntrinsicEngine/tests/contract/graphics/Test.VulkanFailClosedContract.cpp for CXX dependencies
[1013/1082] Scanning /home/alex/Documents/IntrinsicEngine/tests/contract/graphics/Test.VulkanOperationalStatusEvaluator.cpp for CXX dependencies
[1014/1082] Scanning /home/alex/Documents/IntrinsicEngine/tests/contract/graphics/Test.VulkanOperationalDiagnosticsSnapshot.cpp for CXX dependencies
[1015/1082] Generating CXX dyndep file tests/CMakeFiles/GraphicsVulkanContractTestObjs.dir/CXX.dd
[1016/1082] Scanning /home/alex/Documents/IntrinsicEngine/tests/contract/graphics/Test.CrossQueueTimeline.cpp for CXX dependencies
[1017/1082] Scanning /home/alex/Documents/IntrinsicEngine/tests/contract/graphics/Test.CurrentRendererContractAdapter.cpp for CXX dependencies
[1018/1082] Scanning /home/alex/Documents/IntrinsicEngine/tests/contract/graphics/Test.CullingPassContracts.cpp for CXX dependencies
[1019/1082] Scanning /home/alex/Documents/IntrinsicEngine/tests/contract/graphics/Test.DefaultRecipeBackbufferReadback.cpp for CXX dependencies
[1020/1082] Scanning /home/alex/Documents/IntrinsicEngine/tests/contract/graphics/Test.ComputeParallelPrimitives.cpp for CXX dependencies
[1021/1082] Scanning /home/alex/Documents/IntrinsicEngine/tests/contract/graphics/Test.DebugViewContract.cpp for CXX dependencies
[1022/1082] Scanning /home/alex/Documents/IntrinsicEngine/tests/contract/graphics/Test.DebugViewPass.cpp for CXX dependencies
[1023/1082] Scanning /home/alex/Documents/IntrinsicEngine/tests/contract/graphics/Test.FrameRecipeContract.cpp for CXX dependencies
[1024/1082] Scanning /home/alex/Documents/IntrinsicEngine/tests/contract/graphics/Test.GeometryResidency.cpp for CXX dependencies
[1025/1082] Scanning /home/alex/Documents/IntrinsicEngine/tests/contract/graphics/Test.GpuWorldCompactionContract.cpp for CXX dependencies
[1026/1082] Scanning /home/alex/Documents/IntrinsicEngine/tests/contract/graphics/Test.GpuWorldLifetimeContract.cpp for CXX dependencies
[1027/1082] Scanning /home/alex/Documents/IntrinsicEngine/tests/contract/graphics/Test.GpuWorldStoragePlanContract.cpp for CXX dependencies
[1028/1082] Scanning /home/alex/Documents/IntrinsicEngine/tests/contract/graphics/Test.HZBResourceLifetime.cpp for CXX dependencies
[1029/1082] Scanning /home/alex/Documents/IntrinsicEngine/tests/contract/graphics/Test.ImGuiPass.cpp for CXX dependencies
[1030/1082] Scanning /home/alex/Documents/IntrinsicEngine/tests/contract/graphics/Test.ImGuiPresentContract.cpp for CXX dependencies
[1031/1082] Scanning /home/alex/Documents/IntrinsicEngine/tests/contract/graphics/Test.LightingShadowContracts.cpp for CXX dependencies
[1032/1082] Scanning /home/alex/Documents/IntrinsicEngine/tests/contract/graphics/Test.LightClusterGrid.cpp for CXX dependencies
[1033/1082] Scanning /home/alex/Documents/IntrinsicEngine/tests/contract/graphics/Test.LinePointPassContracts.cpp for CXX dependencies
[1034/1082] Scanning /home/alex/Documents/IntrinsicEngine/tests/contract/graphics/Test.MaterialSubstitutionContract.cpp for CXX dependencies
[1035/1082] Scanning /home/alex/Documents/IntrinsicEngine/tests/contract/graphics/Test.MinimalTriangleReadbackHarness.cpp for CXX dependencies
[1036/1082] Scanning /home/alex/Documents/IntrinsicEngine/tests/contract/graphics/Test.OwnershipTransferBarriers.cpp for CXX dependencies
[1037/1082] Scanning /home/alex/Documents/IntrinsicEngine/tests/contract/graphics/Test.PostProcessChainContract.cpp for CXX dependencies
[1038/1082] Scanning /home/alex/Documents/IntrinsicEngine/tests/contract/graphics/Test.PresentPass.cpp for CXX dependencies
[1039/1082] Scanning /home/alex/Documents/IntrinsicEngine/tests/contract/graphics/Test.Profiler.cpp for CXX dependencies
[1040/1082] Scanning /home/alex/Documents/IntrinsicEngine/tests/contract/graphics/Test.QueueAffinity.cpp for CXX dependencies
[1041/1082] Scanning /home/alex/Documents/IntrinsicEngine/tests/contract/graphics/Test.RHIResourceSlotRecycling.cpp for CXX dependencies
[1042/1082] Scanning /home/alex/Documents/IntrinsicEngine/tests/contract/graphics/Test.ReconstructionContract.cpp for CXX dependencies
[1043/1082] Scanning /home/alex/Documents/IntrinsicEngine/tests/contract/graphics/Test.RenderingContract.cpp for CXX dependencies
[1044/1082] Scanning /home/alex/Documents/IntrinsicEngine/tests/contract/graphics/Test.RenderCommandRouter.cpp for CXX dependencies
[1045/1082] Scanning /home/alex/Documents/IntrinsicEngine/tests/contract/graphics/Test.RenderRecipeConfig.cpp for CXX dependencies
[1046/1082] Scanning /home/alex/Documents/IntrinsicEngine/tests/contract/graphics/Test.RenderPrepPipeline.cpp for CXX dependencies
[1047/1082] Scanning /home/alex/Documents/IntrinsicEngine/tests/contract/graphics/Test.RenderSubsystemRegistry.cpp for CXX dependencies
[1048/1082] Scanning /home/alex/Documents/IntrinsicEngine/tests/contract/graphics/Test.RendererFrameLifecycle.cpp for CXX dependencies
[1049/1082] Scanning /home/alex/Documents/IntrinsicEngine/tests/contract/graphics/Test.RenderWorldContract.cpp for CXX dependencies
[1050/1082] Scanning /home/alex/Documents/IntrinsicEngine/tests/contract/graphics/Test.RenderGraphValidation.cpp for CXX dependencies
[1051/1082] Scanning /home/alex/Documents/IntrinsicEngine/tests/contract/graphics/Test.RenderGraphParallelRecording.cpp for CXX dependencies
[1052/1082] Scanning /home/alex/Documents/IntrinsicEngine/tests/contract/graphics/Test.SharedRenderRecipeExecution.cpp for CXX dependencies
[1053/1082] Scanning /home/alex/Documents/IntrinsicEngine/tests/contract/graphics/Test.SelectionPassContracts.cpp for CXX dependencies
[1054/1082] Scanning /home/alex/Documents/IntrinsicEngine/tests/contract/graphics/Test.SelectionSystemContracts.cpp for CXX dependencies
[1055/1082] Scanning /home/alex/Documents/IntrinsicEngine/tests/contract/graphics/Test.SurfacePassContracts.cpp for CXX dependencies
[1056/1082] Scanning /home/alex/Documents/IntrinsicEngine/tests/contract/graphics/Test.TransformSyncSystem.cpp for CXX dependencies
[1057/1082] Scanning /home/alex/Documents/IntrinsicEngine/tests/contract/graphics/Test.VisualizationOverlayPass.cpp for CXX dependencies
[1058/1082] Scanning /home/alex/Documents/IntrinsicEngine/tests/contract/graphics/Test.TransientDebugSurfacePass.cpp for CXX dependencies
[1059/1082] Scanning /home/alex/Documents/IntrinsicEngine/tests/contract/graphics/Test.UvView.cpp for CXX dependencies
[1060/1082] Scanning /home/alex/Documents/IntrinsicEngine/tests/contract/graphics/Test.VisualizationPropertyBufferResidency.cpp for CXX dependencies
[1061/1082] Generating CXX dyndep file tests/CMakeFiles/GraphicsContractCpuTestObjs.dir/CXX.dd
[1062/1082] Scanning /home/alex/Documents/IntrinsicEngine/tests/contract/runtime/Test.RuntimeFrameLoopContract.cpp for CXX dependencies
[1063/1082] Scanning /home/alex/Documents/IntrinsicEngine/tests/contract/runtime/Test.RuntimeDeviceSelection.cpp for CXX dependencies
[1064/1082] Scanning /home/alex/Documents/IntrinsicEngine/tests/integration/runtime/Test.RuntimeRenderExtraction.cpp for CXX dependencies
[1065/1082] Scanning /home/alex/Documents/IntrinsicEngine/tests/integration/runtime/Test.RenderWorldPoolPipelined.cpp for CXX dependencies
[1066/1082] Scanning /home/alex/Documents/IntrinsicEngine/tests/integration/runtime/Test.AssetLoadPipeline.cpp for CXX dependencies
[1067/1082] Scanning /home/alex/Documents/IntrinsicEngine/tests/integration/runtime/Test.AssetService.cpp for CXX dependencies
[1068/1082] Scanning /home/alex/Documents/IntrinsicEngine/tests/integration/runtime/Test.RuntimeSandboxAcceptance.cpp for CXX dependencies
[1069/1082] Generating CXX dyndep file tests/CMakeFiles/RuntimeGraphicsCpuTestObjs.dir/CXX.dd
[1070/1082] Scanning /home/alex/Documents/IntrinsicEngine/tests/integration/runtime/Test.CoreFrameGraphParallel.cpp for CXX dependencies
[1071/1082] Scanning /home/alex/Documents/IntrinsicEngine/tests/integration/runtime/Test.CoreGraphStress.cpp for CXX dependencies
[1072/1082] Scanning /home/alex/Documents/IntrinsicEngine/tests/integration/runtime/Test.CoreProcess.cpp for CXX dependencies
[1073/1082] Generating CXX dyndep file tests/CMakeFiles/RuntimeIntegrationCpuTestObjs.dir/CXX.dd
[1074/1082] Scanning /home/alex/Documents/IntrinsicEngine/tests/integration/graphics/Test.GpuWorldAndCulling.cpp for CXX dependencies
[1075/1082] Generating CXX dyndep file tests/CMakeFiles/TestSupportObjs.dir/CXX.dd
[1076/1082] Scanning /home/alex/Documents/IntrinsicEngine/tests/integration/graphics/Test.RenderGraphLegacy.cpp for CXX dependencies
[1077/1082] Scanning /home/alex/Documents/IntrinsicEngine/tests/integration/graphics/Test.RendererLegacy.cpp for CXX dependencies
[1078/1082] Generating CXX dyndep file tests/CMakeFiles/GraphicsIntegrationCpuTestObjs.dir/CXX.dd
[1079/1082] Scanning /home/alex/Documents/IntrinsicEngine/tests/regression/platform/Test.GlfwLifecycleLsanProcess.cpp for CXX dependencies
[1080/1082] Generating CXX dyndep file tests/CMakeFiles/IntrinsicGlfwLifecycleLsanProcess.dir/CXX.dd
[1081/1082] Scanning /home/alex/Documents/IntrinsicEngine/tests/integration/runtime/Test.GpuResultReadbackGpuSmoke.cpp for CXX dependencies
[1082/1082] Generating CXX dyndep file tests/CMakeFiles/RuntimeGpuResultReadbackSmokeTestObjs.dir/CXX.dd
