[0/2] Re-checking globbed directories...
[1/1115] Scanning /home/alex/Documents/IntrinsicEngine/external/vcpkg-installed/ci-ubsan/x64-linux/share/imgui/backends/imgui_impl_glfw.cpp for CXX dependencies
[2/1115] Scanning /home/alex/Documents/IntrinsicEngine/external/vcpkg-installed/ci-ubsan/x64-linux/share/imgui/backends/imgui_impl_vulkan.cpp for CXX dependencies
[3/1115] Generating CXX dyndep file CMakeFiles/imgui_lib.dir/CXX.dd
[4/1115] Scanning /home/alex/Documents/IntrinsicEngine/methods/geometry/progressive_poisson/src/ProgressivePoissonReference.cpp for CXX dependencies
[5/1115] Scanning /home/alex/Documents/IntrinsicEngine/build/ci-ubsan/generated/deps/tinygltf_impl.cpp for CXX dependencies
[6/1115] Generating CXX dyndep file CMakeFiles/tinygltf.dir/CXX.dd
[7/1115] Scanning /home/alex/Documents/IntrinsicEngine/src/core/Core.Config.EngineLoad.cpp for CXX dependencies
[8/1115] Generating CXX dyndep file CMakeFiles/IntrinsicProgressivePoissonReference.dir/CXX.dd
[9/1115] Building CXX object CMakeFiles/imgui_lib.dir/external/vcpkg-installed/ci-ubsan/x64-linux/share/imgui/backends/imgui_impl_glfw.cpp.o
[10/1115] Scanning /home/alex/Documents/IntrinsicEngine/src/core/Core.Dag.Scheduler.Hazards.cpp for CXX dependencies
[11/1115] Scanning /home/alex/Documents/IntrinsicEngine/src/core/Core.Dag.Scheduler.cpp for CXX dependencies
[12/1115] Scanning /home/alex/Documents/IntrinsicEngine/src/core/Core.Dag.TaskGraph.cpp for CXX dependencies
[13/1115] Building CXX object CMakeFiles/imgui_lib.dir/external/vcpkg-installed/ci-ubsan/x64-linux/share/imgui/backends/imgui_impl_vulkan.cpp.o
[14/1115] Linking CXX static library lib/libimgui_lib.a
[15/1115] Scanning /home/alex/Documents/IntrinsicEngine/src/core/Core.FrameLoop.cpp for CXX dependencies
[16/1115] Scanning /home/alex/Documents/IntrinsicEngine/src/core/Core.FrameGraph.cpp for CXX dependencies
[17/1115] Scanning /home/alex/Documents/IntrinsicEngine/src/core/Core.Filesystem.cpp for CXX dependencies
[18/1115] Scanning /home/alex/Documents/IntrinsicEngine/src/core/Core.Filesystem.PathResolver.cpp for CXX dependencies
[19/1115] Scanning /home/alex/Documents/IntrinsicEngine/src/core/Core.IOBackend.cpp for CXX dependencies
[20/1115] Scanning /home/alex/Documents/IntrinsicEngine/src/core/Core.Logging.cpp for CXX dependencies
[21/1115] Scanning /home/alex/Documents/IntrinsicEngine/src/core/Core.Process.cpp for CXX dependencies
[22/1115] Scanning /home/alex/Documents/IntrinsicEngine/src/core/Core.Telemetry.cpp for CXX dependencies
[23/1115] Scanning /home/alex/Documents/IntrinsicEngine/src/core/Core.Tasks.CounterEvent.cpp for CXX dependencies
[24/1115] Scanning /home/alex/Documents/IntrinsicEngine/src/core/Core.Tasks.Dispatch.cpp for CXX dependencies
[25/1115] Scanning /home/alex/Documents/IntrinsicEngine/src/core/Core.Tasks.Job.cpp for CXX dependencies
[26/1115] Scanning /home/alex/Documents/IntrinsicEngine/src/core/Core.Tasks.Lifecycle.cpp for CXX dependencies
[27/1115] Scanning /home/alex/Documents/IntrinsicEngine/src/core/Core.Tasks.Stats.cpp for CXX dependencies
[28/1115] Scanning /home/alex/Documents/IntrinsicEngine/src/core/Core.Tasks.WaitToken.cpp for CXX dependencies
[29/1115] Scanning /home/alex/Documents/IntrinsicEngine/src/core/Core.Tasks.Worker.cpp for CXX dependencies
[30/1115] Scanning /home/alex/Documents/IntrinsicEngine/src/core/Core.BoundedHeap.cppm for CXX dependencies
[31/1115] Scanning /home/alex/Documents/IntrinsicEngine/src/core/Core.IndexedHeap.cppm for CXX dependencies
[32/1115] Scanning /home/alex/Documents/IntrinsicEngine/src/core/Core.Config.Window.cppm for CXX dependencies
[33/1115] Scanning /home/alex/Documents/IntrinsicEngine/src/core/Core.Config.Render.cppm for CXX dependencies
[34/1115] Scanning /home/alex/Documents/IntrinsicEngine/src/core/Core.Config.Engine.cppm for CXX dependencies
[35/1115] Scanning /home/alex/Documents/IntrinsicEngine/src/core/Core.Config.EngineLoad.cppm for CXX dependencies
[36/1115] Scanning /home/alex/Documents/IntrinsicEngine/src/core/Core.Dag.Scheduler.cppm for CXX dependencies
[37/1115] Scanning /home/alex/Documents/IntrinsicEngine/src/core/Core.Dag.Scheduler.Types.cppm for CXX dependencies
[38/1115] Scanning /home/alex/Documents/IntrinsicEngine/src/core/Core.Dag.Scheduler.Policy.cppm for CXX dependencies
[39/1115] Scanning /home/alex/Documents/IntrinsicEngine/src/core/Core.Dag.Scheduler.Hazards.cppm for CXX dependencies
[40/1115] Scanning /home/alex/Documents/IntrinsicEngine/src/core/Core.Dag.Scheduler.Compiler.cppm for CXX dependencies
[41/1115] Scanning /home/alex/Documents/IntrinsicEngine/src/core/Core.Dag.Scheduler.DomainGraph.cppm for CXX dependencies
[42/1115] Scanning /home/alex/Documents/IntrinsicEngine/src/core/Core.Dag.TaskGraph.cppm for CXX dependencies
[43/1115] Scanning /home/alex/Documents/IntrinsicEngine/src/core/Core.FrameGraph.cppm for CXX dependencies
[44/1115] Scanning /home/alex/Documents/IntrinsicEngine/src/core/Core.IOBackend.cppm for CXX dependencies
[45/1115] Scanning /home/alex/Documents/IntrinsicEngine/src/core/Core.RingBuffer.cppm for CXX dependencies
[46/1115] Scanning /home/alex/Documents/IntrinsicEngine/src/core/Core.Process.cppm for CXX dependencies
[47/1115] Scanning /home/alex/Documents/IntrinsicEngine/src/core/Core.ResourcePool.cppm for CXX dependencies
[48/1115] Scanning /home/alex/Documents/IntrinsicEngine/src/core/Core.Telemetry.cppm for CXX dependencies
[49/1115] Scanning /home/alex/Documents/IntrinsicEngine/src/core/Core.CallbackRegistry.cppm for CXX dependencies
[50/1115] Scanning /home/alex/Documents/IntrinsicEngine/src/core/Core.Error.cppm for CXX dependencies
[51/1115] Scanning /home/alex/Documents/IntrinsicEngine/src/core/Core.FrameLoop.cppm for CXX dependencies
[52/1115] Scanning /home/alex/Documents/IntrinsicEngine/src/core/Core.FrameClock.cppm for CXX dependencies
[53/1115] Scanning /home/alex/Documents/IntrinsicEngine/src/core/Core.Geometry2D.cppm for CXX dependencies
[54/1115] Scanning /home/alex/Documents/IntrinsicEngine/src/core/Core.Filesystem.PathResolver.cppm for CXX dependencies
[55/1115] Scanning /home/alex/Documents/IntrinsicEngine/src/core/Core.Filesystem.cppm for CXX dependencies
[56/1115] Scanning /home/alex/Documents/IntrinsicEngine/src/core/Core.Hash.cppm for CXX dependencies
[57/1115] Scanning /home/alex/Documents/IntrinsicEngine/src/core/Core.HandleLease.cppm for CXX dependencies
[58/1115] Building CXX object CMakeFiles/IntrinsicProgressivePoissonReference.dir/methods/geometry/progressive_poisson/src/ProgressivePoissonReference.cpp.o
[59/1115] Linking CXX static library lib/libIntrinsicProgressivePoissonReference.a
[60/1115] Scanning /home/alex/Documents/IntrinsicEngine/src/core/Core.Logging.cppm for CXX dependencies
[61/1115] Scanning /home/alex/Documents/IntrinsicEngine/src/core/Core.LockFreeQueue.cppm for CXX dependencies
[62/1115] Scanning /home/alex/Documents/IntrinsicEngine/src/core/Core.Memory.Common.cppm for CXX dependencies
[63/1115] Scanning /home/alex/Documents/IntrinsicEngine/src/core/Core.Memory.Polymorphic.cppm for CXX dependencies
[64/1115] Scanning /home/alex/Documents/IntrinsicEngine/src/core/Core.Memory.LinearArena.cppm for CXX dependencies
[65/1115] Scanning /home/alex/Documents/IntrinsicEngine/src/core/Core.Memory.ScopeStack.cppm for CXX dependencies
[66/1115] Scanning /home/alex/Documents/IntrinsicEngine/src/core/Core.StrongHandle.cppm for CXX dependencies
[67/1115] Scanning /home/alex/Documents/IntrinsicEngine/src/core/Core.Tasks.CounterEvent.cppm for CXX dependencies
[68/1115] Scanning /home/alex/Documents/IntrinsicEngine/src/core/Core.Tasks.cppm for CXX dependencies
[69/1115] Scanning /home/alex/Documents/IntrinsicEngine/src/core/Core.Tasks.Internal.cppm for CXX dependencies
[70/1115] Scanning /home/alex/Documents/IntrinsicEngine/src/core/Core.Tasks.LocalTask.cppm for CXX dependencies
[71/1115] Scanning /home/alex/Documents/IntrinsicEngine/src/core/Core.Tasks.Internal.cpp for CXX dependencies
[72/1115] Scanning /home/alex/Documents/IntrinsicEngine/src/core/Core.Tasks.LocalTask.cpp for CXX dependencies
[73/1115] Scanning /home/alex/Documents/IntrinsicEngine/src/core/Core.Memory.ScopeStack.cpp for CXX dependencies
[74/1115] Scanning /home/alex/Documents/IntrinsicEngine/src/core/Core.Memory.Polymorphic.cpp for CXX dependencies
[75/1115] Scanning /home/alex/Documents/IntrinsicEngine/src/core/Core.Memory.LinearArena.cpp for CXX dependencies
[76/1115] Generating CXX dyndep file src/core/CMakeFiles/ExtrinsicCore.dir/CXX.dd
[77/1115] Scanning /home/alex/Documents/IntrinsicEngine/src/geometry/Geometry.AABB.cpp for CXX dependencies
[78/1115] Scanning /home/alex/Documents/IntrinsicEngine/src/geometry/Geometry.BVH.cpp for CXX dependencies
[79/1115] Scanning /home/alex/Documents/IntrinsicEngine/src/geometry/Geometry.Capsule.cpp for CXX dependencies
[80/1115] Scanning /home/alex/Documents/IntrinsicEngine/src/geometry/Geometry.ContactManifold.cpp for CXX dependencies
[81/1115] Scanning /home/alex/Documents/IntrinsicEngine/src/geometry/Geometry.Containment.cpp for CXX dependencies
[82/1115] Scanning /home/alex/Documents/IntrinsicEngine/src/geometry/Geometry.ConvexHull.cpp for CXX dependencies
[83/1115] Scanning /home/alex/Documents/IntrinsicEngine/src/geometry/Geometry.Curve.cpp for CXX dependencies
[84/1115] Scanning /home/alex/Documents/IntrinsicEngine/src/geometry/Geometry.ConvexHullBuilder.cpp for CXX dependencies
[85/1115] Scanning /home/alex/Documents/IntrinsicEngine/src/geometry/Geometry.Cylinder.cpp for CXX dependencies
[86/1115] Scanning /home/alex/Documents/IntrinsicEngine/src/geometry/Geometry.Ellipsoid.cpp for CXX dependencies
[87/1115] Scanning /home/alex/Documents/IntrinsicEngine/src/geometry/Geometry.EPA.cpp for CXX dependencies
[88/1115] Scanning /home/alex/Documents/IntrinsicEngine/src/geometry/Geometry.FixedPoint.Anderson.cpp for CXX dependencies
[89/1115] Scanning /home/alex/Documents/IntrinsicEngine/src/geometry/Geometry.Frustum.cpp for CXX dependencies
[90/1115] Scanning /home/alex/Documents/IntrinsicEngine/src/geometry/Geometry.GJK.cpp for CXX dependencies
[91/1115] Scanning /home/alex/Documents/IntrinsicEngine/src/geometry/Geometry.GaussianMixture.cpp for CXX dependencies
[92/1115] Scanning /home/alex/Documents/IntrinsicEngine/src/geometry/Geometry.Graph.ShortestPath.cpp for CXX dependencies
[93/1115] Scanning /home/alex/Documents/IntrinsicEngine/src/geometry/Geometry.Graph.IO.cpp for CXX dependencies
[94/1115] Scanning /home/alex/Documents/IntrinsicEngine/src/geometry/Geometry.Graph.Utils.cpp for CXX dependencies
[95/1115] Scanning /home/alex/Documents/IntrinsicEngine/src/geometry/Geometry.Grid.cpp for CXX dependencies
[96/1115] Scanning /home/alex/Documents/IntrinsicEngine/src/geometry/Geometry.Graph.Vertex.Normals.cpp for CXX dependencies
[97/1115] Scanning /home/alex/Documents/IntrinsicEngine/src/geometry/Geometry.Graph.cpp for CXX dependencies
[98/1115] Scanning /home/alex/Documents/IntrinsicEngine/src/geometry/Geometry.HalfedgeMesh.AdaptiveRemeshing.cpp for CXX dependencies
[99/1115] Scanning /home/alex/Documents/IntrinsicEngine/src/geometry/Geometry.HalfedgeMesh.Analysis.cpp for CXX dependencies
[100/1115] Scanning /home/alex/Documents/IntrinsicEngine/src/geometry/Geometry.HalfedgeMesh.Boundary.cpp for CXX dependencies
[101/1115] Scanning /home/alex/Documents/IntrinsicEngine/src/geometry/Geometry.HalfedgeMesh.Boolean.cpp for CXX dependencies
[102/1115] Scanning /home/alex/Documents/IntrinsicEngine/src/geometry/Geometry.HalfedgeMesh.Builder.cpp for CXX dependencies
[103/1115] Scanning /home/alex/Documents/IntrinsicEngine/src/geometry/Geometry.HalfedgeMesh.CatmullClark.cpp for CXX dependencies
[104/1115] Scanning /home/alex/Documents/IntrinsicEngine/src/geometry/Geometry.HalfedgeMesh.Curvature.cpp for CXX dependencies
[105/1115] Scanning /home/alex/Documents/IntrinsicEngine/src/geometry/Geometry.HalfedgeMesh.DEC.cpp for CXX dependencies
[106/1115] Scanning /home/alex/Documents/IntrinsicEngine/src/geometry/Geometry.HalfedgeMesh.Geodesic.cpp for CXX dependencies
[107/1115] Scanning /home/alex/Documents/IntrinsicEngine/src/geometry/Geometry.HalfedgeMesh.IO.cpp for CXX dependencies
[108/1115] Scanning /home/alex/Documents/IntrinsicEngine/src/geometry/Geometry.HalfedgeMesh.Parameterization.cpp for CXX dependencies
[109/1115] Scanning /home/alex/Documents/IntrinsicEngine/src/geometry/Geometry.HalfedgeMesh.Quality.cpp for CXX dependencies
[110/1115] Scanning /home/alex/Documents/IntrinsicEngine/src/geometry/Geometry.HalfedgeMesh.Remeshing.cpp for CXX dependencies
[111/1115] Scanning /home/alex/Documents/IntrinsicEngine/src/geometry/Geometry.HalfedgeMesh.Repair.cpp for CXX dependencies
[112/1115] Scanning /home/alex/Documents/IntrinsicEngine/src/geometry/Geometry.HalfedgeMesh.Simplification.cpp for CXX dependencies
[113/1115] Scanning /home/alex/Documents/IntrinsicEngine/src/geometry/Geometry.HalfedgeMesh.SignedHeatMethod.cpp for CXX dependencies
[114/1115] Scanning /home/alex/Documents/IntrinsicEngine/src/geometry/Geometry.HalfedgeMesh.Smoothing.cpp for CXX dependencies
[115/1115] Scanning /home/alex/Documents/IntrinsicEngine/src/geometry/Geometry.HalfedgeMesh.Subdivision.cpp for CXX dependencies
[116/1115] Scanning /home/alex/Documents/IntrinsicEngine/src/geometry/Geometry.HalfedgeMesh.SubdivisionSqrt3.cpp for CXX dependencies
[117/1115] Scanning /home/alex/Documents/IntrinsicEngine/src/geometry/Geometry.HalfedgeMesh.Vertices.Normals.cpp for CXX dependencies
[118/1115] Scanning /home/alex/Documents/IntrinsicEngine/src/geometry/Geometry.HalfedgeMesh.Utils.cpp for CXX dependencies
[119/1115] Scanning /home/alex/Documents/IntrinsicEngine/src/geometry/Geometry.HalfedgeMesh.VectorHeatMethod.cpp for CXX dependencies
[120/1115] Scanning /home/alex/Documents/IntrinsicEngine/src/geometry/Geometry.HtexPatch.cpp for CXX dependencies
[121/1115] Scanning /home/alex/Documents/IntrinsicEngine/src/geometry/Geometry.HalfedgeMesh.cpp for CXX dependencies
[122/1115] Scanning /home/alex/Documents/IntrinsicEngine/src/geometry/Geometry.ImplicitPlaneField.cpp for CXX dependencies
[123/1115] Scanning /home/alex/Documents/IntrinsicEngine/src/geometry/Geometry.KDTree.cpp for CXX dependencies
[124/1115] Scanning /home/alex/Documents/IntrinsicEngine/src/geometry/Geometry.KMeans.cpp for CXX dependencies
[125/1115] Scanning /home/alex/Documents/IntrinsicEngine/src/geometry/Geometry.MarchingCubes.cpp for CXX dependencies
[126/1115] Scanning /home/alex/Documents/IntrinsicEngine/src/geometry/Geometry.Mesh.Conversion.cpp for CXX dependencies
[127/1115] Scanning /home/alex/Documents/IntrinsicEngine/src/geometry/Geometry.Linalg.cpp for CXX dependencies
[128/1115] Scanning /home/alex/Documents/IntrinsicEngine/src/geometry/Geometry.MeshClosestFace.cpp for CXX dependencies
[129/1115] Scanning /home/alex/Documents/IntrinsicEngine/src/geometry/Geometry.OBB.cpp for CXX dependencies
[130/1115] Scanning /home/alex/Documents/IntrinsicEngine/src/geometry/Geometry.MeshSoup.cpp for CXX dependencies
[131/1115] Scanning /home/alex/Documents/IntrinsicEngine/src/geometry/Geometry.PCA.cpp for CXX dependencies
[132/1115] Scanning /home/alex/Documents/IntrinsicEngine/src/geometry/Geometry.Octree.cpp for CXX dependencies
[133/1115] Scanning /home/alex/Documents/IntrinsicEngine/src/geometry/Geometry.Overlap.cpp for CXX dependencies
[134/1115] Scanning /home/alex/Documents/IntrinsicEngine/src/geometry/Geometry.Parameterization.Diagnostics.cpp for CXX dependencies
[135/1115] Scanning /home/alex/Documents/IntrinsicEngine/src/geometry/Geometry.Parameterization.Bff.cpp for CXX dependencies
[136/1115] Scanning /home/alex/Documents/IntrinsicEngine/src/geometry/Geometry.Parameterization.Harmonic.cpp for CXX dependencies
[137/1115] Scanning /home/alex/Documents/IntrinsicEngine/src/geometry/Geometry.Plane.cpp for CXX dependencies
[138/1115] Scanning /home/alex/Documents/IntrinsicEngine/src/geometry/Geometry.Parameterization.Optimize.cpp for CXX dependencies
[139/1115] Scanning /home/alex/Documents/IntrinsicEngine/src/geometry/Geometry.PointCloud.Consolidation.cpp for CXX dependencies
[140/1115] Scanning /home/alex/Documents/IntrinsicEngine/src/geometry/Geometry.PointCloud.Conversion.cpp for CXX dependencies
[141/1115] Scanning /home/alex/Documents/IntrinsicEngine/src/geometry/Geometry.PointCloud.IO.cpp for CXX dependencies
[142/1115] Scanning /home/alex/Documents/IntrinsicEngine/src/geometry/Geometry.PointCloud.Features.cpp for CXX dependencies
[143/1115] Scanning /home/alex/Documents/IntrinsicEngine/src/geometry/Geometry.PointCloud.Kernels.cpp for CXX dependencies
[144/1115] Scanning /home/alex/Documents/IntrinsicEngine/src/geometry/Geometry.PointCloud.Normals.cpp for CXX dependencies
[145/1115] Scanning /home/alex/Documents/IntrinsicEngine/src/geometry/Geometry.PointCloud.QualityMetrics.cpp for CXX dependencies
[146/1115] Scanning /home/alex/Documents/IntrinsicEngine/src/geometry/Geometry.PointCloud.SurfaceSampling.cpp for CXX dependencies
[147/1115] Scanning /home/alex/Documents/IntrinsicEngine/src/geometry/Geometry.PointCloud.Utils.cpp for CXX dependencies
[148/1115] Scanning /home/alex/Documents/IntrinsicEngine/src/geometry/Geometry.PointCloud.cpp for CXX dependencies
[149/1115] Scanning /home/alex/Documents/IntrinsicEngine/src/geometry/Geometry.Properties.cpp for CXX dependencies
[150/1115] Scanning /home/alex/Documents/IntrinsicEngine/src/geometry/Geometry.Quadric.cpp for CXX dependencies
[151/1115] Scanning /home/alex/Documents/IntrinsicEngine/src/geometry/Geometry.Queries.cpp for CXX dependencies
[152/1115] Scanning /home/alex/Documents/IntrinsicEngine/src/geometry/Geometry.Raycast.cpp for CXX dependencies
[153/1115] Scanning /home/alex/Documents/IntrinsicEngine/src/geometry/Geometry.Registration.cpp for CXX dependencies
[154/1115] Scanning /home/alex/Documents/IntrinsicEngine/src/geometry/Geometry.Robust.cpp for CXX dependencies
[155/1115] Scanning /home/alex/Documents/IntrinsicEngine/src/geometry/Geometry.RobustPredicates.cpp for CXX dependencies
[156/1115] Scanning /home/alex/Documents/IntrinsicEngine/src/geometry/Geometry.Rotation.cpp for CXX dependencies
[157/1115] Scanning /home/alex/Documents/IntrinsicEngine/src/geometry/Geometry.RotationAveraging.cpp for CXX dependencies
[158/1115] Scanning /home/alex/Documents/IntrinsicEngine/src/geometry/Geometry.Sampling.cpp for CXX dependencies
[159/1115] Scanning /home/alex/Documents/IntrinsicEngine/src/geometry/Geometry.SDF.cpp for CXX dependencies
[160/1115] Scanning /home/alex/Documents/IntrinsicEngine/src/geometry/Geometry.Segment.cpp for CXX dependencies
[161/1115] Scanning /home/alex/Documents/IntrinsicEngine/src/geometry/Geometry.Sphere.Sampling.cpp for CXX dependencies
[162/1115] Scanning /home/alex/Documents/IntrinsicEngine/src/geometry/Geometry.Sphere.cpp for CXX dependencies
[163/1115] Scanning /home/alex/Documents/IntrinsicEngine/src/geometry/Geometry.Statistics.cpp for CXX dependencies
[164/1115] Scanning /home/alex/Documents/IntrinsicEngine/src/geometry/Geometry.Support.cpp for CXX dependencies
[165/1115] Scanning /home/alex/Documents/IntrinsicEngine/src/geometry/Geometry.SupportRadius.cpp for CXX dependencies
[166/1115] Scanning /home/alex/Documents/IntrinsicEngine/src/geometry/Geometry.Sparse.cpp for CXX dependencies
[167/1115] Scanning /home/alex/Documents/IntrinsicEngine/src/geometry/Geometry.SurfaceReconstruction.cpp for CXX dependencies
[168/1115] Scanning /home/alex/Documents/IntrinsicEngine/src/geometry/Geometry.Triangle.cpp for CXX dependencies
[169/1115] Scanning /home/alex/Documents/IntrinsicEngine/src/geometry/Geometry.UvAtlas.cpp for CXX dependencies
[170/1115] Scanning /home/alex/Documents/IntrinsicEngine/src/geometry/Geometry.Validation.cpp for CXX dependencies
[171/1115] Scanning /home/alex/Documents/IntrinsicEngine/src/geometry/Geometry.AABB.cppm for CXX dependencies
[172/1115] Scanning /home/alex/Documents/IntrinsicEngine/src/geometry/Geometry.BVH.cppm for CXX dependencies
[173/1115] Scanning /home/alex/Documents/IntrinsicEngine/src/geometry/Geometry.Capsule.cppm for CXX dependencies
[174/1115] Scanning /home/alex/Documents/IntrinsicEngine/src/geometry/Geometry.Circulators.cppm for CXX dependencies
[175/1115] Scanning /home/alex/Documents/IntrinsicEngine/src/geometry/Geometry.ContactManifold.cppm for CXX dependencies
[176/1115] Scanning /home/alex/Documents/IntrinsicEngine/src/geometry/Geometry.ConvexHull.cppm for CXX dependencies
[177/1115] Scanning /home/alex/Documents/IntrinsicEngine/src/geometry/Geometry.Containment.cppm for CXX dependencies
[178/1115] Scanning /home/alex/Documents/IntrinsicEngine/src/geometry/Geometry.ConvexHullBuilder.cppm for CXX dependencies
[179/1115] Scanning /home/alex/Documents/IntrinsicEngine/src/geometry/Geometry.Cylinder.cppm for CXX dependencies
[180/1115] Scanning /home/alex/Documents/IntrinsicEngine/src/geometry/Geometry.Curve.cppm for CXX dependencies
[181/1115] Scanning /home/alex/Documents/IntrinsicEngine/src/geometry/Geometry.DomainViews.cppm for CXX dependencies
[182/1115] Scanning /home/alex/Documents/IntrinsicEngine/src/geometry/Geometry.Ellipsoid.cppm for CXX dependencies
[183/1115] Scanning /home/alex/Documents/IntrinsicEngine/src/geometry/Geometry.EPA.cppm for CXX dependencies
[184/1115] Scanning /home/alex/Documents/IntrinsicEngine/src/geometry/Geometry.FixedPoint.Anderson.cppm for CXX dependencies
[185/1115] Scanning /home/alex/Documents/IntrinsicEngine/src/geometry/Geometry.Frustum.cppm for CXX dependencies
[186/1115] Scanning /home/alex/Documents/IntrinsicEngine/src/geometry/Geometry.GaussianMixture.cppm for CXX dependencies
[187/1115] Scanning /home/alex/Documents/IntrinsicEngine/src/geometry/Geometry.GJK.cppm for CXX dependencies
[188/1115] Scanning /home/alex/Documents/IntrinsicEngine/src/geometry/Geometry.Graph.ShortestPath.cppm for CXX dependencies
[189/1115] Scanning /home/alex/Documents/IntrinsicEngine/src/geometry/Geometry.Graph.IO.cppm for CXX dependencies
[190/1115] Scanning /home/alex/Documents/IntrinsicEngine/src/geometry/Geometry.Graph.Utils.cppm for CXX dependencies
[191/1115] Scanning /home/alex/Documents/IntrinsicEngine/src/geometry/Geometry.Graph.Vertex.Normals.cppm for CXX dependencies
[192/1115] Scanning /home/alex/Documents/IntrinsicEngine/src/geometry/Geometry.Graph.cppm for CXX dependencies
[193/1115] Scanning /home/alex/Documents/IntrinsicEngine/src/geometry/Geometry.HalfedgeMesh.AdaptiveRemeshing.cppm for CXX dependencies
[194/1115] Scanning /home/alex/Documents/IntrinsicEngine/src/geometry/Geometry.Grid.cppm for CXX dependencies
[195/1115] Scanning /home/alex/Documents/IntrinsicEngine/src/geometry/Geometry.HalfedgeMesh.Analysis.cppm for CXX dependencies
[196/1115] Scanning /home/alex/Documents/IntrinsicEngine/src/geometry/Geometry.HalfedgeMesh.Boolean.cppm for CXX dependencies
[197/1115] Scanning /home/alex/Documents/IntrinsicEngine/src/geometry/Geometry.HalfedgeMesh.Boundary.cppm for CXX dependencies
[198/1115] Scanning /home/alex/Documents/IntrinsicEngine/src/geometry/Geometry.HalfedgeMesh.Builder.cppm for CXX dependencies
[199/1115] Scanning /home/alex/Documents/IntrinsicEngine/src/geometry/Geometry.HalfedgeMesh.CatmullClark.cppm for CXX dependencies
[200/1115] Scanning /home/alex/Documents/IntrinsicEngine/src/geometry/Geometry.HalfedgeMesh.DEC.cppm for CXX dependencies
[201/1115] Scanning /home/alex/Documents/IntrinsicEngine/src/geometry/Geometry.HalfedgeMesh.Curvature.cppm for CXX dependencies
[202/1115] Scanning /home/alex/Documents/IntrinsicEngine/src/geometry/Geometry.HalfedgeMesh.Geodesic.cppm for CXX dependencies
[203/1115] Scanning /home/alex/Documents/IntrinsicEngine/src/geometry/Geometry.HalfedgeMesh.IO.cppm for CXX dependencies
[204/1115] Scanning /home/alex/Documents/IntrinsicEngine/src/geometry/Geometry.HalfedgeMesh.Quality.cppm for CXX dependencies
[205/1115] Scanning /home/alex/Documents/IntrinsicEngine/src/geometry/Geometry.HalfedgeMesh.Remeshing.cppm for CXX dependencies
[206/1115] Scanning /home/alex/Documents/IntrinsicEngine/src/geometry/Geometry.HalfedgeMesh.Parameterization.cppm for CXX dependencies
[207/1115] Scanning /home/alex/Documents/IntrinsicEngine/src/geometry/Geometry.HalfedgeMesh.SignedHeatMethod.cppm for CXX dependencies
[208/1115] Scanning /home/alex/Documents/IntrinsicEngine/src/geometry/Geometry.HalfedgeMesh.Repair.cppm for CXX dependencies
[209/1115] Scanning /home/alex/Documents/IntrinsicEngine/src/geometry/Geometry.HalfedgeMesh.Simplification.cppm for CXX dependencies
[210/1115] Scanning /home/alex/Documents/IntrinsicEngine/src/geometry/Geometry.HalfedgeMesh.SubdivisionSqrt3.cppm for CXX dependencies
[211/1115] Scanning /home/alex/Documents/IntrinsicEngine/src/geometry/Geometry.HalfedgeMesh.Subdivision.cppm for CXX dependencies
[212/1115] Scanning /home/alex/Documents/IntrinsicEngine/src/geometry/Geometry.HalfedgeMesh.Smoothing.cppm for CXX dependencies
[213/1115] Scanning /home/alex/Documents/IntrinsicEngine/src/geometry/Geometry.HalfedgeMesh.Utils.cppm for CXX dependencies
[214/1115] Scanning /home/alex/Documents/IntrinsicEngine/src/geometry/Geometry.HalfedgeMesh.Vertices.Normals.cppm for CXX dependencies
[215/1115] Scanning /home/alex/Documents/IntrinsicEngine/src/geometry/Geometry.HalfedgeMesh.VectorHeatMethod.cppm for CXX dependencies
[216/1115] Scanning /home/alex/Documents/IntrinsicEngine/src/geometry/Geometry.IO.cppm for CXX dependencies
[217/1115] Scanning /home/alex/Documents/IntrinsicEngine/src/geometry/Geometry.HalfedgeMesh.cppm for CXX dependencies
[218/1115] Scanning /home/alex/Documents/IntrinsicEngine/src/geometry/Geometry.HtexPatch.cppm for CXX dependencies
[219/1115] Scanning /home/alex/Documents/IntrinsicEngine/src/geometry/Geometry.IntersectionClassification.cppm for CXX dependencies
[220/1115] Scanning /home/alex/Documents/IntrinsicEngine/src/geometry/Geometry.ImplicitPlaneField.cppm for CXX dependencies
[221/1115] Scanning /home/alex/Documents/IntrinsicEngine/src/geometry/Geometry.KDTree.cppm for CXX dependencies
[222/1115] Scanning /home/alex/Documents/IntrinsicEngine/src/geometry/Geometry.LinearSolver.cppm for CXX dependencies
[223/1115] Scanning /home/alex/Documents/IntrinsicEngine/src/geometry/Geometry.KMeans.cppm for CXX dependencies
[224/1115] Scanning /home/alex/Documents/IntrinsicEngine/src/geometry/Geometry.Mesh.Conversion.cppm for CXX dependencies
[225/1115] Scanning /home/alex/Documents/IntrinsicEngine/src/geometry/Geometry.Linalg.cppm for CXX dependencies
[226/1115] Scanning /home/alex/Documents/IntrinsicEngine/src/geometry/Geometry.MarchingCubes.cppm for CXX dependencies
[227/1115] Scanning /home/alex/Documents/IntrinsicEngine/src/geometry/Geometry.MeshOperator.cppm for CXX dependencies
[228/1115] Scanning /home/alex/Documents/IntrinsicEngine/src/geometry/Geometry.MeshSoup.cppm for CXX dependencies
[229/1115] Scanning /home/alex/Documents/IntrinsicEngine/src/geometry/Geometry.MeshClosestFace.cppm for CXX dependencies
[230/1115] Scanning /home/alex/Documents/IntrinsicEngine/src/geometry/Geometry.OBB.cppm for CXX dependencies
[231/1115] Scanning /home/alex/Documents/IntrinsicEngine/src/geometry/Geometry.Octree.cppm for CXX dependencies
[232/1115] Scanning /home/alex/Documents/IntrinsicEngine/src/geometry/Geometry.Overlap.cppm for CXX dependencies
[233/1115] Scanning /home/alex/Documents/IntrinsicEngine/src/geometry/Geometry.PCA.cppm for CXX dependencies
[234/1115] Scanning /home/alex/Documents/IntrinsicEngine/src/geometry/Geometry.Parameterization.Diagnostics.cppm for CXX dependencies
[235/1115] Scanning /home/alex/Documents/IntrinsicEngine/src/geometry/Geometry.Parameterization.Bff.cppm for CXX dependencies
[236/1115] Scanning /home/alex/Documents/IntrinsicEngine/src/geometry/Geometry.Parameterization.Harmonic.cppm for CXX dependencies
[237/1115] Scanning /home/alex/Documents/IntrinsicEngine/src/geometry/Geometry.Parameterization.Optimize.cppm for CXX dependencies
[238/1115] Scanning /home/alex/Documents/IntrinsicEngine/src/geometry/Geometry.Plane.cppm for CXX dependencies
[239/1115] Scanning /home/alex/Documents/IntrinsicEngine/src/geometry/Geometry.PointCloud.Consolidation.cppm for CXX dependencies
[240/1115] Scanning /home/alex/Documents/IntrinsicEngine/src/geometry/Geometry.PointCloud.Conversion.cppm for CXX dependencies
[241/1115] Scanning /home/alex/Documents/IntrinsicEngine/src/geometry/Geometry.PointCloud.IO.cppm for CXX dependencies
[242/1115] Scanning /home/alex/Documents/IntrinsicEngine/src/geometry/Geometry.PointCloud.Features.cppm for CXX dependencies
[243/1115] Scanning /home/alex/Documents/IntrinsicEngine/src/geometry/Geometry.PointCloud.Kernels.cppm for CXX dependencies
[244/1115] Scanning /home/alex/Documents/IntrinsicEngine/src/geometry/Geometry.PointCloud.QualityMetrics.cppm for CXX dependencies
[245/1115] Scanning /home/alex/Documents/IntrinsicEngine/src/geometry/Geometry.PointCloud.Normals.cppm for CXX dependencies
[246/1115] Scanning /home/alex/Documents/IntrinsicEngine/src/geometry/Geometry.PointCloud.SurfaceSampling.cppm for CXX dependencies
[247/1115] Scanning /home/alex/Documents/IntrinsicEngine/src/geometry/Geometry.PointCloud.Utils.cppm for CXX dependencies
[248/1115] Scanning /home/alex/Documents/IntrinsicEngine/src/geometry/Geometry.Properties.cppm for CXX dependencies
[249/1115] Scanning /home/alex/Documents/IntrinsicEngine/src/geometry/Geometry.PointCloud.cppm for CXX dependencies
[250/1115] Scanning /home/alex/Documents/IntrinsicEngine/src/geometry/Geometry.Quadric.cppm for CXX dependencies
[251/1115] Scanning /home/alex/Documents/IntrinsicEngine/src/geometry/Geometry.Queries.cppm for CXX dependencies
[252/1115] Scanning /home/alex/Documents/IntrinsicEngine/src/geometry/Geometry.Ray.cppm for CXX dependencies
[253/1115] Scanning /home/alex/Documents/IntrinsicEngine/src/geometry/Geometry.Robust.cppm for CXX dependencies
[254/1115] Scanning /home/alex/Documents/IntrinsicEngine/src/geometry/Geometry.Raycast.cppm for CXX dependencies
[255/1115] Scanning /home/alex/Documents/IntrinsicEngine/src/geometry/Geometry.Registration.cppm for CXX dependencies
[256/1115] Scanning /home/alex/Documents/IntrinsicEngine/src/geometry/Geometry.RobustPredicates.cppm for CXX dependencies
[257/1115] Scanning /home/alex/Documents/IntrinsicEngine/src/geometry/Geometry.Rotation.cppm for CXX dependencies
[258/1115] Scanning /home/alex/Documents/IntrinsicEngine/src/geometry/Geometry.RotationAveraging.cppm for CXX dependencies
[259/1115] Scanning /home/alex/Documents/IntrinsicEngine/src/geometry/Geometry.Sampling.cppm for CXX dependencies
[260/1115] Scanning /home/alex/Documents/IntrinsicEngine/src/geometry/Geometry.SDF.cppm for CXX dependencies
[261/1115] Scanning /home/alex/Documents/IntrinsicEngine/src/geometry/Geometry.SDFContact.cppm for CXX dependencies
[262/1115] Scanning /home/alex/Documents/IntrinsicEngine/src/geometry/Geometry.SpatialQueries.cppm for CXX dependencies
[263/1115] Scanning /home/alex/Documents/IntrinsicEngine/src/geometry/Geometry.Segment.cppm for CXX dependencies
[264/1115] Scanning /home/alex/Documents/IntrinsicEngine/src/geometry/Geometry.Sparse.cppm for CXX dependencies
[265/1115] Scanning /home/alex/Documents/IntrinsicEngine/src/geometry/Geometry.Sphere.Sampling.cppm for CXX dependencies
[266/1115] Scanning /home/alex/Documents/IntrinsicEngine/src/geometry/Geometry.Sphere.cppm for CXX dependencies
[267/1115] Scanning /home/alex/Documents/IntrinsicEngine/src/geometry/Geometry.Statistics.cppm for CXX dependencies
[268/1115] Scanning /home/alex/Documents/IntrinsicEngine/src/geometry/Geometry.Support.cppm for CXX dependencies
[269/1115] Scanning /home/alex/Documents/IntrinsicEngine/src/geometry/Geometry.SupportRadius.cppm for CXX dependencies
[270/1115] Scanning /home/alex/Documents/IntrinsicEngine/src/geometry/Geometry.SurfaceReconstruction.cppm for CXX dependencies
[271/1115] Scanning /home/alex/Documents/IntrinsicEngine/src/geometry/Geometry.Triangle.cppm for CXX dependencies
[272/1115] Scanning /home/alex/Documents/IntrinsicEngine/src/geometry/Geometry.UvAtlas.cppm for CXX dependencies
[273/1115] Scanning /home/alex/Documents/IntrinsicEngine/src/geometry/Geometry.Graph.Fwd.cppm for CXX dependencies
[274/1115] Scanning /home/alex/Documents/IntrinsicEngine/src/geometry/Geometry.HalfedgeMesh.Fwd.cppm for CXX dependencies
[275/1115] Scanning /home/alex/Documents/IntrinsicEngine/src/geometry/Geometry.Validation.cppm for CXX dependencies
[276/1115] Scanning /home/alex/Documents/IntrinsicEngine/src/geometry/Geometry.PointCloud.Fwd.cppm for CXX dependencies
[277/1115] Generating CXX dyndep file src/geometry/CMakeFiles/IntrinsicGeometry.dir/CXX.dd
[278/1138] Scanning /home/alex/Documents/IntrinsicEngine/src/assets/Asset.EventBus.cpp for CXX dependencies
[279/1138] Scanning /home/alex/Documents/IntrinsicEngine/src/assets/Asset.ImportRouter.cpp for CXX dependencies
[280/1138] Scanning /home/alex/Documents/IntrinsicEngine/src/assets/Asset.LoadPipeline.cpp for CXX dependencies
[281/1138] Scanning /home/alex/Documents/IntrinsicEngine/src/assets/Asset.ModelTexturePayload.cpp for CXX dependencies
[282/1138] Scanning /home/alex/Documents/IntrinsicEngine/src/assets/Asset.PathIndex.cpp for CXX dependencies
[283/1138] Scanning /home/alex/Documents/IntrinsicEngine/src/assets/Asset.PayloadStore.cpp for CXX dependencies
[284/1138] Scanning /home/alex/Documents/IntrinsicEngine/src/assets/Asset.Registry.cpp for CXX dependencies
[285/1138] Scanning /home/alex/Documents/IntrinsicEngine/src/assets/Asset.Service.cpp for CXX dependencies
[286/1138] Scanning /home/alex/Documents/IntrinsicEngine/src/assets/Asset.EventBus.cppm for CXX dependencies
[287/1138] Scanning /home/alex/Documents/IntrinsicEngine/src/assets/Asset.GeometryPayload.cppm for CXX dependencies
[288/1138] Scanning /home/alex/Documents/IntrinsicEngine/src/assets/Asset.ImportRouter.cppm for CXX dependencies
[289/1138] Scanning /home/alex/Documents/IntrinsicEngine/src/assets/Asset.LoadPipeline.cppm for CXX dependencies
[290/1138] Scanning /home/alex/Documents/IntrinsicEngine/src/assets/Asset.ModelTexturePayload.cppm for CXX dependencies
[291/1138] Scanning /home/alex/Documents/IntrinsicEngine/src/assets/Asset.OperationStatus.cppm for CXX dependencies
[292/1138] Scanning /home/alex/Documents/IntrinsicEngine/src/assets/Asset.PathIndex.cppm for CXX dependencies
[293/1138] Scanning /home/alex/Documents/IntrinsicEngine/src/assets/Asset.PayloadStore.cppm for CXX dependencies
[294/1138] Building CXX object CMakeFiles/tinygltf.dir/generated/deps/tinygltf_impl.cpp.o
[295/1138] Scanning /home/alex/Documents/IntrinsicEngine/src/assets/Asset.Registry.cppm for CXX dependencies
[296/1138] Linking CXX static library lib/libtinygltf.a
[297/1138] Building CXX object src/geometry/CMakeFiles/IntrinsicGeometry.dir/Geometry.SupportRadius.cppm.o
[298/1138] Scanning /home/alex/Documents/IntrinsicEngine/src/assets/Asset.TypePool.cppm for CXX dependencies
[299/1138] Scanning /home/alex/Documents/IntrinsicEngine/src/assets/Asset.Service.cppm for CXX dependencies
[300/1138] Generating CXX dyndep file src/assets/CMakeFiles/ExtrinsicAssets.dir/CXX.dd
[301/1138] Scanning /home/alex/Documents/IntrinsicEngine/src/ecs/ECS.Scene.Bootstrap.cpp for CXX dependencies
[302/1138] Scanning /home/alex/Documents/IntrinsicEngine/src/ecs/ECS.Scene.Registry.cpp for CXX dependencies
[303/1138] Scanning /home/alex/Documents/IntrinsicEngine/src/ecs/Hierarchy/ECS.Hierarchy.Structure.cpp for CXX dependencies
[304/1138] Scanning /home/alex/Documents/IntrinsicEngine/src/ecs/Hierarchy/ECS.Hierarchy.Mutation.cpp for CXX dependencies
[305/1138] Scanning /home/alex/Documents/IntrinsicEngine/src/ecs/Components/ECS.Component.Collider.cpp for CXX dependencies
[306/1138] Scanning /home/alex/Documents/IntrinsicEngine/src/ecs/Components/ECS.Component.GeometrySources.cpp for CXX dependencies
[307/1138] Scanning /home/alex/Documents/IntrinsicEngine/src/ecs/Components/ECS.Component.RigidBody.cpp for CXX dependencies
[308/1138] Scanning /home/alex/Documents/IntrinsicEngine/src/ecs/Components/ECS.Component.StableId.cpp for CXX dependencies
[309/1138] Scanning /home/alex/Documents/IntrinsicEngine/src/ecs/Components/ECS.Component.Transform.Local.cpp for CXX dependencies
[310/1138] Scanning /home/alex/Documents/IntrinsicEngine/src/ecs/Components/ECS.Component.GeometrySourcesPopulate.cpp for CXX dependencies
[311/1138] Scanning /home/alex/Documents/IntrinsicEngine/src/ecs/Systems/ECS.System.BoundsPropagation.cpp for CXX dependencies
[312/1138] Scanning /home/alex/Documents/IntrinsicEngine/src/ecs/Systems/ECS.System.RenderSync.cpp for CXX dependencies
[313/1138] Scanning /home/alex/Documents/IntrinsicEngine/src/ecs/Systems/ECS.System.TransformHierarchy.cpp for CXX dependencies
[314/1138] Scanning /home/alex/Documents/IntrinsicEngine/src/ecs/ECS.Scene.Registry.cppm for CXX dependencies
[315/1138] Scanning /home/alex/Documents/IntrinsicEngine/src/ecs/ECS.Scene.Bootstrap.cppm for CXX dependencies
[316/1138] Scanning /home/alex/Documents/IntrinsicEngine/src/ecs/ECS.Scene.Handle.cppm for CXX dependencies
[317/1138] Scanning /home/alex/Documents/IntrinsicEngine/src/ecs/Hierarchy/ECS.Hierarchy.Structure.cppm for CXX dependencies
[318/1138] Scanning /home/alex/Documents/IntrinsicEngine/src/ecs/Hierarchy/ECS.Hierarchy.Mutation.cppm for CXX dependencies
[319/1138] Scanning /home/alex/Documents/IntrinsicEngine/src/ecs/Components/ECS.Component.AssetInstance.cppm for CXX dependencies
[320/1138] Scanning /home/alex/Documents/IntrinsicEngine/src/ecs/Components/ECS.Component.Collider.cppm for CXX dependencies
[321/1138] Scanning /home/alex/Documents/IntrinsicEngine/src/ecs/Components/ECS.Component.DirtyTags.cppm for CXX dependencies
[322/1138] Scanning /home/alex/Documents/IntrinsicEngine/src/ecs/Components/ECS.Component.GeometrySources.cppm for CXX dependencies
[323/1138] Scanning /home/alex/Documents/IntrinsicEngine/src/ecs/Components/ECS.Component.Hierarchy.cppm for CXX dependencies
[324/1138] Scanning /home/alex/Documents/IntrinsicEngine/src/ecs/Components/ECS.Component.GeometrySourcesPopulate.cppm for CXX dependencies
[325/1138] Scanning /home/alex/Documents/IntrinsicEngine/src/ecs/Components/ECS.Component.MetaData.cppm for CXX dependencies
[326/1138] Scanning /home/alex/Documents/IntrinsicEngine/src/ecs/Components/ECS.Component.Light.cppm for CXX dependencies
[327/1138] Scanning /home/alex/Documents/IntrinsicEngine/src/ecs/Components/ECS.Component.ProceduralGeometryRef.cppm for CXX dependencies
[328/1138] Scanning /home/alex/Documents/IntrinsicEngine/src/ecs/Components/ECS.Component.Selection.cppm for CXX dependencies
[329/1138] Scanning /home/alex/Documents/IntrinsicEngine/src/ecs/Components/ECS.Component.RigidBody.cppm for CXX dependencies
[330/1138] Scanning /home/alex/Documents/IntrinsicEngine/src/ecs/Components/ECS.Component.StableId.cppm for CXX dependencies
[331/1138] Scanning /home/alex/Documents/IntrinsicEngine/src/ecs/Components/ECS.Component.Transform.Local.cppm for CXX dependencies
[332/1138] Scanning /home/alex/Documents/IntrinsicEngine/src/ecs/Components/ECS.Component.Transform.World.cppm for CXX dependencies
[333/1138] Scanning /home/alex/Documents/IntrinsicEngine/src/ecs/Systems/ECS.System.BoundsPropagation.cppm for CXX dependencies
[334/1138] Scanning /home/alex/Documents/IntrinsicEngine/src/ecs/Systems/ECS.System.RenderSync.cppm for CXX dependencies
[335/1138] Scanning /home/alex/Documents/IntrinsicEngine/src/physics/Physics.World.cpp for CXX dependencies
[336/1138] Scanning /home/alex/Documents/IntrinsicEngine/src/ecs/Systems/ECS.System.TransformHierarchy.cppm for CXX dependencies
[337/1138] Generating CXX dyndep file src/ecs/CMakeFiles/ExtrinsicECS.dir/CXX.dd
[338/1138] Scanning /home/alex/Documents/IntrinsicEngine/src/graphics/rhi/RHI.CommandContext.cpp for CXX dependencies
[339/1138] Scanning /home/alex/Documents/IntrinsicEngine/src/physics/Physics.World.cppm for CXX dependencies
[340/1138] Generating CXX dyndep file src/physics/CMakeFiles/ExtrinsicPhysics.dir/CXX.dd
[341/1138] Scanning /home/alex/Documents/IntrinsicEngine/src/graphics/rhi/RHI.BufferTransfer.cpp for CXX dependencies
[342/1138] Scanning /home/alex/Documents/IntrinsicEngine/src/graphics/rhi/RHI.BufferManager.cpp for CXX dependencies
[343/1138] Scanning /home/alex/Documents/IntrinsicEngine/src/graphics/rhi/RHI.TextureManager.cpp for CXX dependencies
[344/1138] Scanning /home/alex/Documents/IntrinsicEngine/src/graphics/rhi/RHI.SamplerManager.cpp for CXX dependencies
[345/1138] Scanning /home/alex/Documents/IntrinsicEngine/src/graphics/rhi/RHI.PipelineManager.cpp for CXX dependencies
[346/1138] Scanning /home/alex/Documents/IntrinsicEngine/src/graphics/rhi/RHI.Profiler.cpp for CXX dependencies
[347/1138] Scanning /home/alex/Documents/IntrinsicEngine/src/graphics/rhi/RHI.PipelineRegistry.cpp for CXX dependencies
[348/1138] Scanning /home/alex/Documents/IntrinsicEngine/src/graphics/rhi/RHI.BufferView.cppm for CXX dependencies
[349/1138] Scanning /home/alex/Documents/IntrinsicEngine/src/graphics/rhi/RHI.TextureUpload.cpp for CXX dependencies
[350/1138] Scanning /home/alex/Documents/IntrinsicEngine/src/graphics/rhi/RHI.BufferTransfer.cppm for CXX dependencies
[351/1138] Scanning /home/alex/Documents/IntrinsicEngine/src/graphics/rhi/RHI.Descriptors.cppm for CXX dependencies
[352/1138] Scanning /home/alex/Documents/IntrinsicEngine/src/graphics/rhi/RHI.QueueAffinity.cppm for CXX dependencies
[353/1138] Scanning /home/alex/Documents/IntrinsicEngine/src/graphics/rhi/RHI.TimelineSemaphore.cppm for CXX dependencies
[354/1138] Scanning /home/alex/Documents/IntrinsicEngine/src/graphics/rhi/RHI.Transfer.cppm for CXX dependencies
[355/1138] Scanning /home/alex/Documents/IntrinsicEngine/src/graphics/rhi/RHI.TransferQueue.cppm for CXX dependencies
[356/1138] Scanning /home/alex/Documents/IntrinsicEngine/src/graphics/rhi/RHI.TextureUpload.cppm for CXX dependencies
[357/1138] Scanning /home/alex/Documents/IntrinsicEngine/src/graphics/rhi/RHI.Bindless.cppm for CXX dependencies
[358/1138] Scanning /home/alex/Documents/IntrinsicEngine/src/graphics/rhi/RHI.Profiler.cppm for CXX dependencies
[359/1138] Scanning /home/alex/Documents/IntrinsicEngine/src/graphics/rhi/RHI.Types.cppm for CXX dependencies
[360/1138] Building CXX object src/geometry/CMakeFiles/IntrinsicGeometry.dir/Geometry.HalfedgeMesh.Utils.cppm.o
[361/1138] Scanning /home/alex/Documents/IntrinsicEngine/src/graphics/rhi/RHI.FrameHandle.cppm for CXX dependencies
[362/1138] Scanning /home/alex/Documents/IntrinsicEngine/src/graphics/rhi/RHI.CommandContext.cppm for CXX dependencies
[363/1138] Building CXX object src/geometry/CMakeFiles/IntrinsicGeometry.dir/Geometry.SupportRadius.cpp.o
[364/1138] Building CXX object src/geometry/CMakeFiles/IntrinsicGeometry.dir/Geometry.HalfedgeMesh.AdaptiveRemeshing.cpp.o
[365/1138] Building CXX object src/geometry/CMakeFiles/IntrinsicGeometry.dir/Geometry.HalfedgeMesh.Boolean.cpp.o
[366/1138] Building CXX object src/geometry/CMakeFiles/IntrinsicGeometry.dir/Geometry.HalfedgeMesh.CatmullClark.cpp.o
[367/1138] Building CXX object src/geometry/CMakeFiles/IntrinsicGeometry.dir/Geometry.HalfedgeMesh.Analysis.cpp.o
[368/1138] Building CXX object src/geometry/CMakeFiles/IntrinsicGeometry.dir/Geometry.HalfedgeMesh.Curvature.cpp.o
[369/1138] Building CXX object src/geometry/CMakeFiles/IntrinsicGeometry.dir/Geometry.HalfedgeMesh.DEC.cpp.o
[370/1138] Building CXX object src/geometry/CMakeFiles/IntrinsicGeometry.dir/Geometry.HalfedgeMesh.Geodesic.cpp.o
[371/1138] Building CXX object src/geometry/CMakeFiles/IntrinsicGeometry.dir/Geometry.HalfedgeMesh.Quality.cpp.o
[372/1138] Building CXX object src/geometry/CMakeFiles/IntrinsicGeometry.dir/Geometry.HalfedgeMesh.Remeshing.cpp.o
[373/1138] Building CXX object src/geometry/CMakeFiles/IntrinsicGeometry.dir/Geometry.HalfedgeMesh.Parameterization.cpp.o
[374/1138] Building CXX object src/geometry/CMakeFiles/IntrinsicGeometry.dir/Geometry.HalfedgeMesh.Repair.cpp.o
[375/1138] Building CXX object src/geometry/CMakeFiles/IntrinsicGeometry.dir/Geometry.HalfedgeMesh.Simplification.cpp.o
[376/1138] Building CXX object src/geometry/CMakeFiles/IntrinsicGeometry.dir/Geometry.HalfedgeMesh.SignedHeatMethod.cpp.o
[377/1138] Building CXX object src/geometry/CMakeFiles/IntrinsicGeometry.dir/Geometry.HalfedgeMesh.Smoothing.cpp.o
[378/1138] Building CXX object src/geometry/CMakeFiles/IntrinsicGeometry.dir/Geometry.HalfedgeMesh.SubdivisionSqrt3.cpp.o
[379/1138] Building CXX object src/geometry/CMakeFiles/IntrinsicGeometry.dir/Geometry.HalfedgeMesh.Subdivision.cpp.o
[380/1138] Building CXX object src/geometry/CMakeFiles/IntrinsicGeometry.dir/Geometry.Parameterization.Diagnostics.cpp.o
[381/1138] Building CXX object src/geometry/CMakeFiles/IntrinsicGeometry.dir/Geometry.HalfedgeMesh.VectorHeatMethod.cpp.o
[382/1138] Building CXX object src/geometry/CMakeFiles/IntrinsicGeometry.dir/Geometry.Parameterization.Bff.cpp.o
[383/1138] Building CXX object src/geometry/CMakeFiles/IntrinsicGeometry.dir/Geometry.HalfedgeMesh.Utils.cpp.o
[384/1138] Building CXX object src/geometry/CMakeFiles/IntrinsicGeometry.dir/Geometry.cppm.o
[385/1138] Scanning /home/alex/Documents/IntrinsicEngine/src/graphics/rhi/RHI.Device.cppm for CXX dependencies
[386/1138] Scanning /home/alex/Documents/IntrinsicEngine/src/graphics/rhi/RHI.BufferManager.cppm for CXX dependencies
[387/1138] Scanning /home/alex/Documents/IntrinsicEngine/src/graphics/rhi/RHI.TextureManager.cppm for CXX dependencies
[388/1138] Scanning /home/alex/Documents/IntrinsicEngine/src/graphics/rhi/RHI.SamplerManager.cppm for CXX dependencies
[389/1138] Scanning /home/alex/Documents/IntrinsicEngine/src/graphics/rhi/RHI.PipelineManager.cppm for CXX dependencies
[390/1138] Scanning /home/alex/Documents/IntrinsicEngine/src/graphics/rhi/RHI.PipelineRegistry.cppm for CXX dependencies
[391/1138] Generating CXX dyndep file src/graphics/rhi/CMakeFiles/ExtrinsicRHI.dir/CXX.dd
[392/1138] Scanning /home/alex/Documents/IntrinsicEngine/src/graphics/assets/Graphics.GpuAssetCache.cpp for CXX dependencies
[393/1138] Scanning /home/alex/Documents/IntrinsicEngine/src/graphics/assets/Graphics.GpuAssetCache.cppm for CXX dependencies
[394/1138] Generating CXX dyndep file src/graphics/assets/CMakeFiles/ExtrinsicGraphicsAssets.dir/CXX.dd
[395/1138] Building CXX object src/geometry/CMakeFiles/IntrinsicGeometry.dir/Geometry.Parameterization.Optimize.cpp.o
[396/1138] Scanning /home/alex/Documents/IntrinsicEngine/src/graphics/renderer/Graphics.CameraSnapshots.cpp for CXX dependencies
[397/1138] Scanning /home/alex/Documents/IntrinsicEngine/src/graphics/renderer/Graphics.ComputeParallelPrimitives.cpp for CXX dependencies
[398/1138] Scanning /home/alex/Documents/IntrinsicEngine/src/graphics/renderer/Graphics.CurrentRendererContractAdapter.cpp for CXX dependencies
[399/1138] Scanning /home/alex/Documents/IntrinsicEngine/src/graphics/renderer/Graphics.RenderCommandRouter.cpp for CXX dependencies
[400/1138] Scanning /home/alex/Documents/IntrinsicEngine/src/graphics/renderer/Graphics.RenderRecipeConfig.cpp for CXX dependencies
[401/1138] Scanning /home/alex/Documents/IntrinsicEngine/src/graphics/renderer/Graphics.RenderPrepPipeline.cpp for CXX dependencies
[402/1138] Scanning /home/alex/Documents/IntrinsicEngine/src/graphics/renderer/Graphics.RenderingContract.cpp for CXX dependencies
[403/1138] Scanning /home/alex/Documents/IntrinsicEngine/src/graphics/renderer/Graphics.SharedRenderRecipeExecution.cpp for CXX dependencies
[404/1138] Scanning /home/alex/Documents/IntrinsicEngine/src/graphics/renderer/Graphics.RenderSubsystemRegistry.cpp for CXX dependencies
[405/1138] Scanning /home/alex/Documents/IntrinsicEngine/src/graphics/renderer/Graphics.FrameRecipe.cpp for CXX dependencies
[406/1138] Scanning /home/alex/Documents/IntrinsicEngine/src/graphics/renderer/Graphics.Renderer.cpp for CXX dependencies
[407/1138] Scanning /home/alex/Documents/IntrinsicEngine/src/graphics/renderer/Graphics.TransientDebugUploadHelper.cpp for CXX dependencies
[408/1138] Scanning /home/alex/Documents/IntrinsicEngine/src/graphics/renderer/Graphics.VisualizationOverlayUploadHelper.cpp for CXX dependencies
[409/1138] Scanning /home/alex/Documents/IntrinsicEngine/src/graphics/renderer/Graphics.GpuTransfer.cpp for CXX dependencies
[410/1138] Scanning /home/alex/Documents/IntrinsicEngine/src/graphics/renderer/Graphics.GeometryResidency.cpp for CXX dependencies
[411/1138] Scanning /home/alex/Documents/IntrinsicEngine/src/graphics/renderer/Graphics.GpuWorld.cpp for CXX dependencies
[412/1138] Scanning /home/alex/Documents/IntrinsicEngine/src/graphics/renderer/Graphics.MaterialSystem.cpp for CXX dependencies
[413/1138] Scanning /home/alex/Documents/IntrinsicEngine/src/graphics/renderer/Graphics.PropertyTextureBake.cpp for CXX dependencies
[414/1138] Scanning /home/alex/Documents/IntrinsicEngine/src/graphics/renderer/Graphics.VisualizationPackets.cpp for CXX dependencies
[415/1138] Scanning /home/alex/Documents/IntrinsicEngine/src/graphics/renderer/Graphics.ColormapSystem.cpp for CXX dependencies
[416/1138] Scanning /home/alex/Documents/IntrinsicEngine/src/graphics/renderer/Graphics.VisualizationPropertyBufferResidency.cpp for CXX dependencies
[417/1138] Building CXX object src/geometry/CMakeFiles/IntrinsicGeometry.dir/Geometry.PointCloud.SurfaceSampling.cpp.o
[418/1138] Scanning /home/alex/Documents/IntrinsicEngine/src/graphics/renderer/Graphics.VisualizationSyncSystem.cpp for CXX dependencies
[419/1138] Scanning /home/alex/Documents/IntrinsicEngine/src/graphics/renderer/Graphics.GpuScene.cpp for CXX dependencies
[420/1138] Scanning /home/alex/Documents/IntrinsicEngine/src/graphics/renderer/Graphics.DebugViewSystem.cpp for CXX dependencies
[421/1138] Scanning /home/alex/Documents/IntrinsicEngine/src/graphics/renderer/Graphics.CullingSystem.cpp for CXX dependencies
[422/1138] Scanning /home/alex/Documents/IntrinsicEngine/src/graphics/renderer/Graphics.ImGuiOverlaySystem.cpp for CXX dependencies
[423/1138] Scanning /home/alex/Documents/IntrinsicEngine/src/graphics/renderer/Graphics.ImGuiUploadHelper.cpp for CXX dependencies
[424/1138] Scanning /home/alex/Documents/IntrinsicEngine/src/graphics/renderer/Graphics.SelectionSystem.cpp for CXX dependencies
[425/1138] Scanning /home/alex/Documents/IntrinsicEngine/src/graphics/renderer/Graphics.LightSystem.cpp for CXX dependencies
[426/1138] Scanning /home/alex/Documents/IntrinsicEngine/src/graphics/renderer/Graphics.ForwardSystem.cpp for CXX dependencies
[427/1138] Scanning /home/alex/Documents/IntrinsicEngine/src/graphics/renderer/Graphics.SpatialDebugVisualizers.cpp for CXX dependencies
[428/1138] Scanning /home/alex/Documents/IntrinsicEngine/src/graphics/renderer/Graphics.DeferredSystem.cpp for CXX dependencies
[429/1138] Scanning /home/alex/Documents/IntrinsicEngine/src/graphics/renderer/Graphics.PostProcessSystem.cpp for CXX dependencies
[430/1138] Scanning /home/alex/Documents/IntrinsicEngine/src/graphics/renderer/Graphics.ShadowSystem.cpp for CXX dependencies
[431/1138] Scanning /home/alex/Documents/IntrinsicEngine/src/graphics/renderer/Graphics.Reconstruction.cpp for CXX dependencies
[432/1138] Scanning /home/alex/Documents/IntrinsicEngine/src/graphics/renderer/Graphics.HZB.cpp for CXX dependencies
[433/1138] Scanning /home/alex/Documents/IntrinsicEngine/src/graphics/renderer/Graphics.LightClusters.cpp for CXX dependencies
[434/1138] Scanning /home/alex/Documents/IntrinsicEngine/src/graphics/renderer/Components/Graphics.Component.GpuSceneSlot.cpp for CXX dependencies
[435/1138] Scanning /home/alex/Documents/IntrinsicEngine/src/graphics/renderer/Graphics.TransformSyncSystem.cpp for CXX dependencies
[436/1138] Scanning /home/alex/Documents/IntrinsicEngine/src/graphics/renderer/Graphics.UvView.cpp for CXX dependencies
[437/1138] Scanning /home/alex/Documents/IntrinsicEngine/src/graphics/renderer/Backends/Null/Backends.Null.cpp for CXX dependencies
[438/1138] Scanning /home/alex/Documents/IntrinsicEngine/src/graphics/renderer/Backends/Null/Backends.Null.Bindless.cpp for CXX dependencies
[439/1138] Scanning /home/alex/Documents/IntrinsicEngine/src/graphics/renderer/Backends/Null/Backends.Null.Profiler.cpp for CXX dependencies
[440/1138] Scanning /home/alex/Documents/IntrinsicEngine/src/graphics/renderer/Passes/Pass.Deferred.GBuffers.cpp for CXX dependencies
[441/1138] Scanning /home/alex/Documents/IntrinsicEngine/src/graphics/renderer/Passes/Pass.DepthPrepass.cpp for CXX dependencies
[442/1138] Scanning /home/alex/Documents/IntrinsicEngine/src/graphics/renderer/Backends/Null/Backends.Null.Transfer.cpp for CXX dependencies
[443/1138] Scanning /home/alex/Documents/IntrinsicEngine/src/graphics/renderer/Passes/Pass.Deferred.Lighting.cpp for CXX dependencies
[444/1138] Scanning /home/alex/Documents/IntrinsicEngine/src/graphics/renderer/Passes/Pass.Forward.Line.cpp for CXX dependencies
[445/1138] Scanning /home/alex/Documents/IntrinsicEngine/src/graphics/renderer/Passes/Pass.Forward.Point.cpp for CXX dependencies
[446/1138] Scanning /home/alex/Documents/IntrinsicEngine/src/graphics/renderer/Passes/Pass.Forward.Surface.cpp for CXX dependencies
[447/1138] Scanning /home/alex/Documents/IntrinsicEngine/src/graphics/renderer/Passes/Pass.PostProcess.Bloom.cpp for CXX dependencies
[448/1138] Scanning /home/alex/Documents/IntrinsicEngine/src/graphics/renderer/Passes/Pass.ImGui.cpp for CXX dependencies
[449/1138] Scanning /home/alex/Documents/IntrinsicEngine/src/graphics/renderer/Passes/Pass.PostProcess.Histogram.cpp for CXX dependencies
[450/1138] Scanning /home/alex/Documents/IntrinsicEngine/src/graphics/renderer/Passes/Pass.Selection.EdgeId.cpp for CXX dependencies
[451/1138] Scanning /home/alex/Documents/IntrinsicEngine/src/graphics/renderer/Passes/Pass.Selection.EntityId.cpp for CXX dependencies
[452/1138] Scanning /home/alex/Documents/IntrinsicEngine/src/graphics/renderer/Passes/Pass.Selection.FaceId.cpp for CXX dependencies
[453/1138] Scanning /home/alex/Documents/IntrinsicEngine/src/graphics/renderer/Passes/Pass.Selection.PointId.cpp for CXX dependencies
[454/1138] Scanning /home/alex/Documents/IntrinsicEngine/src/graphics/renderer/Passes/Pass.Shadows.cpp for CXX dependencies
[455/1138] Scanning /home/alex/Documents/IntrinsicEngine/src/graphics/renderer/Passes/Pass.Selection.Outline.cpp for CXX dependencies
[456/1138] Scanning /home/alex/Documents/IntrinsicEngine/src/graphics/renderer/Passes/Pass.TransientDebug.Surface.cpp for CXX dependencies
[457/1138] Scanning /home/alex/Documents/IntrinsicEngine/src/graphics/renderer/Passes/Pass.VisualizationOverlay.cpp for CXX dependencies
[458/1138] Scanning /home/alex/Documents/IntrinsicEngine/src/graphics/renderer/Graphics.Colormap.cppm for CXX dependencies
[459/1138] Scanning /home/alex/Documents/IntrinsicEngine/src/graphics/renderer/Graphics.CameraSnapshots.cppm for CXX dependencies
[460/1138] Scanning /home/alex/Documents/IntrinsicEngine/src/graphics/renderer/Graphics.CurrentRendererContractAdapter.cppm for CXX dependencies
[461/1138] Scanning /home/alex/Documents/IntrinsicEngine/src/graphics/renderer/Graphics.ComputeParallelPrimitives.cppm for CXX dependencies
[462/1138] Scanning /home/alex/Documents/IntrinsicEngine/src/graphics/renderer/Graphics.FrameRecipe.cppm for CXX dependencies
[463/1138] Scanning /home/alex/Documents/IntrinsicEngine/src/graphics/renderer/Graphics.RenderRecipeConfig.cppm for CXX dependencies
[464/1138] Scanning /home/alex/Documents/IntrinsicEngine/src/graphics/renderer/Graphics.RenderCommandRouter.cppm for CXX dependencies
[465/1138] Scanning /home/alex/Documents/IntrinsicEngine/src/graphics/renderer/Graphics.RenderingContract.cppm for CXX dependencies
[466/1138] Scanning /home/alex/Documents/IntrinsicEngine/src/graphics/renderer/Graphics.RenderPrepPipeline.cppm for CXX dependencies
[467/1138] Scanning /home/alex/Documents/IntrinsicEngine/src/graphics/renderer/Graphics.SharedRenderRecipeExecution.cppm for CXX dependencies
[468/1138] Scanning /home/alex/Documents/IntrinsicEngine/src/graphics/renderer/Graphics.RenderSubsystemRegistry.cppm for CXX dependencies
[469/1138] Scanning /home/alex/Documents/IntrinsicEngine/src/graphics/renderer/Graphics.RenderWorld.cppm for CXX dependencies
[470/1138] Scanning /home/alex/Documents/IntrinsicEngine/src/graphics/renderer/Graphics.Renderer.cppm for CXX dependencies
[471/1138] Scanning /home/alex/Documents/IntrinsicEngine/src/graphics/renderer/Graphics.GpuTransfer.cppm for CXX dependencies
[472/1138] Scanning /home/alex/Documents/IntrinsicEngine/src/graphics/renderer/Graphics.GeometryResidency.cppm for CXX dependencies
[473/1138] Scanning /home/alex/Documents/IntrinsicEngine/src/graphics/renderer/Graphics.GpuWorld.cppm for CXX dependencies
[474/1138] Scanning /home/alex/Documents/IntrinsicEngine/src/graphics/renderer/Graphics.Material.cppm for CXX dependencies
[475/1138] Scanning /home/alex/Documents/IntrinsicEngine/src/graphics/renderer/Graphics.PropertyTextureBake.cppm for CXX dependencies
[476/1138] Scanning /home/alex/Documents/IntrinsicEngine/src/graphics/renderer/Graphics.MaterialSystem.cppm for CXX dependencies
[477/1138] Scanning /home/alex/Documents/IntrinsicEngine/src/graphics/renderer/Graphics.ColormapSystem.cppm for CXX dependencies
[478/1138] Scanning /home/alex/Documents/IntrinsicEngine/src/graphics/renderer/Graphics.VisualizationPackets.cppm for CXX dependencies
[479/1138] Scanning /home/alex/Documents/IntrinsicEngine/src/graphics/renderer/Graphics.VisualizationPropertyBufferResidency.cppm for CXX dependencies
[480/1138] Scanning /home/alex/Documents/IntrinsicEngine/src/graphics/renderer/Graphics.VisualizationSyncSystem.cppm for CXX dependencies
[481/1138] Scanning /home/alex/Documents/IntrinsicEngine/src/graphics/renderer/Graphics.DebugViewSystem.cppm for CXX dependencies
[482/1138] Scanning /home/alex/Documents/IntrinsicEngine/src/graphics/renderer/Graphics.ImGuiOverlaySystem.cppm for CXX dependencies
[483/1138] Scanning /home/alex/Documents/IntrinsicEngine/src/graphics/renderer/Graphics.CullingSystem.cppm for CXX dependencies
[484/1138] Scanning /home/alex/Documents/IntrinsicEngine/src/graphics/renderer/Graphics.ImGuiUploadHelper.cppm for CXX dependencies
[485/1138] Scanning /home/alex/Documents/IntrinsicEngine/src/graphics/renderer/Graphics.ForwardSystem.cppm for CXX dependencies
[486/1138] Scanning /home/alex/Documents/IntrinsicEngine/src/graphics/renderer/Graphics.SelectionSystem.cppm for CXX dependencies
[487/1138] Scanning /home/alex/Documents/IntrinsicEngine/src/graphics/renderer/Graphics.LightSystem.cppm for CXX dependencies
[488/1138] Scanning /home/alex/Documents/IntrinsicEngine/src/graphics/renderer/Graphics.SpatialDebugVisualizers.cppm for CXX dependencies
[489/1138] Scanning /home/alex/Documents/IntrinsicEngine/src/graphics/renderer/Graphics.GpuScene.cppm for CXX dependencies
[490/1138] Scanning /home/alex/Documents/IntrinsicEngine/src/graphics/renderer/Graphics.DeferredSystem.cppm for CXX dependencies
[491/1138] Scanning /home/alex/Documents/IntrinsicEngine/src/graphics/renderer/Graphics.PostProcessSystem.cppm for CXX dependencies
[492/1138] Scanning /home/alex/Documents/IntrinsicEngine/src/graphics/renderer/Graphics.Reconstruction.cppm for CXX dependencies
[493/1138] Scanning /home/alex/Documents/IntrinsicEngine/src/graphics/renderer/Graphics.ShadowSystem.cppm for CXX dependencies
[494/1138] Scanning /home/alex/Documents/IntrinsicEngine/src/graphics/renderer/Graphics.LightClusters.cppm for CXX dependencies
[495/1138] Scanning /home/alex/Documents/IntrinsicEngine/src/graphics/renderer/Graphics.HZB.cppm for CXX dependencies
[496/1138] Scanning /home/alex/Documents/IntrinsicEngine/src/graphics/renderer/Graphics.TransformSyncSystem.cppm for CXX dependencies
[497/1138] Scanning /home/alex/Documents/IntrinsicEngine/src/graphics/renderer/Graphics.UvView.cppm for CXX dependencies
[498/1138] Scanning /home/alex/Documents/IntrinsicEngine/src/graphics/renderer/Graphics.TransientDebugUploadHelper.cppm for CXX dependencies
[499/1138] Scanning /home/alex/Documents/IntrinsicEngine/src/graphics/renderer/Components/Graphics.Component.GpuSceneSlot.cppm for CXX dependencies
[500/1138] Scanning /home/alex/Documents/IntrinsicEngine/src/graphics/renderer/Graphics.VisualizationOverlayUploadHelper.cppm for CXX dependencies
[501/1138] Scanning /home/alex/Documents/IntrinsicEngine/src/graphics/renderer/Components/Graphics.Component.Material.cppm for CXX dependencies
[502/1138] Scanning /home/alex/Documents/IntrinsicEngine/src/graphics/renderer/Components/Graphics.Component.RenderGeometry.cppm for CXX dependencies
[503/1138] Scanning /home/alex/Documents/IntrinsicEngine/src/graphics/renderer/Components/Graphics.Component.VisualizationConfig.cppm for CXX dependencies
[504/1138] Scanning /home/alex/Documents/IntrinsicEngine/src/graphics/renderer/Passes/Pass.Deferred.GBuffers.cppm for CXX dependencies
[505/1138] Scanning /home/alex/Documents/IntrinsicEngine/src/graphics/renderer/Passes/Pass.DepthPrepass.cppm for CXX dependencies
[506/1138] Scanning /home/alex/Documents/IntrinsicEngine/src/graphics/renderer/Backends/Null/Backends.Null.cppm for CXX dependencies
[507/1138] Scanning /home/alex/Documents/IntrinsicEngine/src/graphics/renderer/Passes/Pass.Forward.Line.cppm for CXX dependencies
[508/1138] Scanning /home/alex/Documents/IntrinsicEngine/src/graphics/renderer/Passes/Pass.Forward.Point.cppm for CXX dependencies
[509/1138] Scanning /home/alex/Documents/IntrinsicEngine/src/graphics/renderer/Passes/Pass.Forward.Surface.cppm for CXX dependencies
[510/1138] Scanning /home/alex/Documents/IntrinsicEngine/src/graphics/renderer/Passes/Pass.PostProcess.FXAA.cppm for CXX dependencies
[511/1138] Scanning /home/alex/Documents/IntrinsicEngine/src/graphics/renderer/Passes/Pass.PostProcess.Bloom.cppm for CXX dependencies
[512/1138] Scanning /home/alex/Documents/IntrinsicEngine/src/graphics/renderer/Passes/Pass.PostProcess.Histogram.cppm for CXX dependencies
[513/1138] Scanning /home/alex/Documents/IntrinsicEngine/src/graphics/renderer/Passes/Pass.PostProcess.ToneMap.cppm for CXX dependencies
[514/1138] Scanning /home/alex/Documents/IntrinsicEngine/src/graphics/renderer/Passes/Pass.PostProcess.SMAA.cppm for CXX dependencies
[515/1138] Scanning /home/alex/Documents/IntrinsicEngine/src/graphics/renderer/Passes/Pass.Selection.EdgeId.cppm for CXX dependencies
[516/1138] Scanning /home/alex/Documents/IntrinsicEngine/src/graphics/renderer/Passes/Pass.Selection.EntityId.cppm for CXX dependencies
[517/1138] Scanning /home/alex/Documents/IntrinsicEngine/src/graphics/renderer/Passes/Pass.Selection.FaceId.cppm for CXX dependencies
[518/1138] Scanning /home/alex/Documents/IntrinsicEngine/src/graphics/renderer/Passes/Pass.Selection.PointId.cppm for CXX dependencies
[519/1138] Scanning /home/alex/Documents/IntrinsicEngine/src/graphics/renderer/Passes/Pass.Selection.Outline.cppm for CXX dependencies
[520/1138] Scanning /home/alex/Documents/IntrinsicEngine/src/graphics/renderer/Passes/Pass.Shadows.cppm for CXX dependencies
[521/1138] Scanning /home/alex/Documents/IntrinsicEngine/src/graphics/renderer/Passes/Pass.TransientDebug.Surface.cppm for CXX dependencies
[522/1138] Scanning /home/alex/Documents/IntrinsicEngine/src/graphics/renderer/Passes/Pass.VisualizationOverlay.cppm for CXX dependencies
[523/1138] Scanning /home/alex/Documents/IntrinsicEngine/src/graphics/vulkan/Backends.Vulkan.Mappings.cpp for CXX dependencies
[524/1138] Scanning /home/alex/Documents/IntrinsicEngine/src/graphics/vulkan/Backends.Vulkan.DiagnosticsLogging.cpp for CXX dependencies
[525/1138] Scanning /home/alex/Documents/IntrinsicEngine/src/graphics/vulkan/Backends.Vulkan.Staging.cpp for CXX dependencies
[526/1138] Scanning /home/alex/Documents/IntrinsicEngine/src/graphics/vulkan/Backends.Vulkan.Bindless.cpp for CXX dependencies
[527/1138] Scanning /home/alex/Documents/IntrinsicEngine/src/graphics/vulkan/Backends.Vulkan.Profiler.cpp for CXX dependencies
[528/1138] Scanning /home/alex/Documents/IntrinsicEngine/src/graphics/vulkan/Backends.Vulkan.Transfer.cpp for CXX dependencies
[529/1138] Scanning /home/alex/Documents/IntrinsicEngine/src/graphics/vulkan/Backends.Vulkan.CommandContext.cpp for CXX dependencies
[530/1138] Scanning /home/alex/Documents/IntrinsicEngine/src/graphics/vulkan/Backends.Vulkan.OperationalStatus.cpp for CXX dependencies
[531/1138] Scanning /home/alex/Documents/IntrinsicEngine/src/graphics/vulkan/Backends.Vulkan.Device.cpp for CXX dependencies
[532/1138] Scanning /home/alex/Documents/IntrinsicEngine/src/graphics/vulkan/Backends.Vulkan.cppm for CXX dependencies
[533/1138] Scanning /home/alex/Documents/IntrinsicEngine/src/graphics/vulkan/Vma.cpp for CXX dependencies
[534/1138] Scanning /home/alex/Documents/IntrinsicEngine/src/graphics/vulkan/Backends.Vulkan.CommandPools.cppm for CXX dependencies
[535/1138] Scanning /home/alex/Documents/IntrinsicEngine/src/graphics/vulkan/Backends.Vulkan.Descriptors.cppm for CXX dependencies
[536/1138] Scanning /home/alex/Documents/IntrinsicEngine/src/graphics/vulkan/Backends.Vulkan.Device.cppm for CXX dependencies
[537/1138] Scanning /home/alex/Documents/IntrinsicEngine/src/graphics/vulkan/Backends.Vulkan.Memory.cppm for CXX dependencies
[538/1138] Scanning /home/alex/Documents/IntrinsicEngine/src/graphics/vulkan/Backends.Vulkan.Diagnostics.cppm for CXX dependencies
[539/1138] Scanning /home/alex/Documents/IntrinsicEngine/src/graphics/vulkan/Backends.Vulkan.OperationalStatus.cppm for CXX dependencies
[540/1138] Scanning /home/alex/Documents/IntrinsicEngine/src/graphics/vulkan/Backends.Vulkan.Pipelines.cppm for CXX dependencies
[541/1138] Scanning /home/alex/Documents/IntrinsicEngine/src/graphics/vulkan/Backends.Vulkan.Surface.cppm for CXX dependencies
[542/1138] Scanning /home/alex/Documents/IntrinsicEngine/src/graphics/vulkan/Backends.Vulkan.Queues.cppm for CXX dependencies
[543/1138] Scanning /home/alex/Documents/IntrinsicEngine/src/graphics/vulkan/Backends.Vulkan.Swapchain.cppm for CXX dependencies
[544/1138] Scanning /home/alex/Documents/IntrinsicEngine/src/graphics/vulkan/Backends.Vulkan.Sync.cppm for CXX dependencies
[545/1138] Scanning /home/alex/Documents/IntrinsicEngine/src/graphics/vulkan/Backends.Vulkan.Transfer.cppm for CXX dependencies
[546/1138] Scanning /home/alex/Documents/IntrinsicEngine/src/graphics/framegraph/Graphics.RenderGraph.Barriers.cpp for CXX dependencies
[547/1138] Generating CXX dyndep file src_graphics_vulkan/CMakeFiles/ExtrinsicBackendsVulkan.dir/CXX.dd
[548/1138] Scanning /home/alex/Documents/IntrinsicEngine/src/graphics/framegraph/Graphics.RenderGraph.cpp for CXX dependencies
[549/1138] Scanning /home/alex/Documents/IntrinsicEngine/src/graphics/framegraph/Graphics.RenderGraph.TransientAllocator.cpp for CXX dependencies
[550/1138] Scanning /home/alex/Documents/IntrinsicEngine/src/graphics/framegraph/Graphics.RenderGraph.Compiler.cpp for CXX dependencies
[551/1138] Scanning /home/alex/Documents/IntrinsicEngine/src/graphics/framegraph/Graphics.RenderGraph.Executor.cpp for CXX dependencies
[552/1138] Scanning /home/alex/Documents/IntrinsicEngine/src/graphics/framegraph/Graphics.RenderGraph.Resources.cppm for CXX dependencies
[553/1138] Scanning /home/alex/Documents/IntrinsicEngine/src/graphics/framegraph/Graphics.RenderGraph.cppm for CXX dependencies
[554/1138] Scanning /home/alex/Documents/IntrinsicEngine/src/graphics/framegraph/Graphics.RenderGraph.Pass.cppm for CXX dependencies
[555/1138] Scanning /home/alex/Documents/IntrinsicEngine/src/graphics/framegraph/Graphics.RenderGraph.Barriers.cppm for CXX dependencies
[556/1138] Scanning /home/alex/Documents/IntrinsicEngine/src/graphics/framegraph/Graphics.RenderGraph.Compiler.cppm for CXX dependencies
[557/1138] Scanning /home/alex/Documents/IntrinsicEngine/src/graphics/framegraph/Graphics.RenderGraph.TransientAllocator.cppm for CXX dependencies
[558/1138] Scanning /home/alex/Documents/IntrinsicEngine/src/graphics/framegraph/Graphics.RenderGraph.Executor.cppm for CXX dependencies
[559/1138] Scanning /home/alex/Documents/IntrinsicEngine/src/platform/Platform.Input.cpp for CXX dependencies
[560/1138] Generating CXX dyndep file src/graphics/framegraph/CMakeFiles/ExtrinsicGraphicsRenderGraph.dir/CXX.dd
[561/1138] Scanning /home/alex/Documents/IntrinsicEngine/src/platform/Platform.CreateWindow.cpp for CXX dependencies
[562/1138] Generating CXX dyndep file src/graphics/renderer/CMakeFiles/ExtrinsicGraphics.dir/CXX.dd
[563/1138] Scanning /home/alex/Documents/IntrinsicEngine/src/platform/backends/null/Platform.Backend.Null.cpp for CXX dependencies
[564/1138] Scanning /home/alex/Documents/IntrinsicEngine/src/platform/Platform.Input.cppm for CXX dependencies
[565/1138] Scanning /home/alex/Documents/IntrinsicEngine/src/platform/backends/glfw/Platform.Backend.Glfw.cpp for CXX dependencies
[566/1138] Scanning /home/alex/Documents/IntrinsicEngine/src/platform/Platform.IWindow.cppm for CXX dependencies
[567/1138] Scanning /home/alex/Documents/IntrinsicEngine/src/platform/backends/null/Platform.Backend.Null.cppm for CXX dependencies
[568/1138] Scanning /home/alex/Documents/IntrinsicEngine/src/runtime/Runtime.AsyncWorkModule.cpp for CXX dependencies
[569/1138] Scanning /home/alex/Documents/IntrinsicEngine/src/platform/backends/glfw/Platform.Backend.Glfw.cppm for CXX dependencies
[570/1138] Generating CXX dyndep file src/platform/CMakeFiles/ExtrinsicPlatform.dir/CXX.dd
[571/1138] Scanning /home/alex/Documents/IntrinsicEngine/src/runtime/Runtime.AssetWorkflowModule.cpp for CXX dependencies
[572/1138] Scanning /home/alex/Documents/IntrinsicEngine/src/runtime/Runtime.AssetWorkflowImportExecutor.cpp for CXX dependencies
[573/1138] Scanning /home/alex/Documents/IntrinsicEngine/src/runtime/Runtime.AssetIngestStateMachine.cpp for CXX dependencies
[574/1138] Scanning /home/alex/Documents/IntrinsicEngine/src/runtime/Runtime.AssetWorkflowGeometryMaterialization.cpp for CXX dependencies
[575/1138] Scanning /home/alex/Documents/IntrinsicEngine/src/runtime/Runtime.AssetWorkflowModelMaterialization.cpp for CXX dependencies
[576/1138] Scanning /home/alex/Documents/IntrinsicEngine/src/runtime/Runtime.AssetWorkflowRecipePolicies.cpp for CXX dependencies
[577/1138] Scanning /home/alex/Documents/IntrinsicEngine/src/runtime/Runtime.AssetWorkflowModelTextureDecode.cpp for CXX dependencies
[578/1138] Scanning /home/alex/Documents/IntrinsicEngine/src/runtime/Runtime.AssetWorkflowTextureResidency.cpp for CXX dependencies
[579/1138] Scanning /home/alex/Documents/IntrinsicEngine/src/runtime/Runtime.CommandBus.cpp for CXX dependencies
[580/1138] Scanning /home/alex/Documents/IntrinsicEngine/src/runtime/Runtime.DeviceBootstrap.cpp for CXX dependencies
[581/1138] Scanning /home/alex/Documents/IntrinsicEngine/src/runtime/Runtime.JobService.cpp for CXX dependencies
[582/1138] Scanning /home/alex/Documents/IntrinsicEngine/src/runtime/Modules/Clustering/Runtime.ClusteringModule.cpp for CXX dependencies
[583/1138] Scanning /home/alex/Documents/IntrinsicEngine/src/runtime/Modules/Clustering/Runtime.ClusteringGpuBackend.cpp for CXX dependencies
[584/1138] Scanning /home/alex/Documents/IntrinsicEngine/src/runtime/Runtime.GeometryPresentation.cpp for CXX dependencies
[585/1138] Scanning /home/alex/Documents/IntrinsicEngine/src/runtime/Modules/Clustering/Runtime.ClusteringGpuState.cpp for CXX dependencies
[586/1138] Scanning /home/alex/Documents/IntrinsicEngine/src/runtime/Runtime.ProgressivePoissonGpuBackend.cpp for CXX dependencies
[587/1138] Scanning /home/alex/Documents/IntrinsicEngine/src/runtime/Runtime.RenderArtifactPublication.cpp for CXX dependencies
[588/1138] Scanning /home/alex/Documents/IntrinsicEngine/src/runtime/Modules/Clustering/Runtime.ClusteringConfig.cpp for CXX dependencies
[589/1138] Scanning /home/alex/Documents/IntrinsicEngine/src/runtime/Runtime.ProgressivePoissonConfig.cpp for CXX dependencies
[590/1138] Scanning /home/alex/Documents/IntrinsicEngine/src/runtime/Runtime.ParameterizationConfig.cpp for CXX dependencies
[591/1138] Scanning /home/alex/Documents/IntrinsicEngine/src/runtime/Runtime.PointCloudConsolidationConfig.cpp for CXX dependencies
[592/1138] Scanning /home/alex/Documents/IntrinsicEngine/src/runtime/Runtime.PointCloudConsolidationModule.cpp for CXX dependencies
[593/1138] Scanning /home/alex/Documents/IntrinsicEngine/src/runtime/Runtime.EditorCommandHistory.cpp for CXX dependencies
[594/1138] Scanning /home/alex/Documents/IntrinsicEngine/src/runtime/internal/Runtime.FeatureConfigCodecs.Detail.cpp for CXX dependencies
[595/1138] Scanning /home/alex/Documents/IntrinsicEngine/src/runtime/Runtime.EditorJobProjection.Public.cpp for CXX dependencies
[596/1138] Scanning /home/alex/Documents/IntrinsicEngine/src/runtime/Runtime.EditorWorkspaceAttachment.cpp for CXX dependencies
[597/1138] Scanning /home/alex/Documents/IntrinsicEngine/src/runtime/Runtime.SceneEditingOperations.Public.cpp for CXX dependencies
[598/1138] Scanning /home/alex/Documents/IntrinsicEngine/src/runtime/Runtime.SceneEditingOperations.Debug.cpp for CXX dependencies
[599/1138] Scanning /home/alex/Documents/IntrinsicEngine/src/runtime/Runtime.SceneEditingOperations.Actions.cpp for CXX dependencies
[600/1138] Scanning /home/alex/Documents/IntrinsicEngine/src/runtime/Runtime.VisualizationEditingOperations.Public.cpp for CXX dependencies
[601/1138] Scanning /home/alex/Documents/IntrinsicEngine/src/runtime/Runtime.GeometryProcessingOperations.Public.cpp for CXX dependencies
[602/1138] Scanning /home/alex/Documents/IntrinsicEngine/src/runtime/Runtime.VisualizationEditingOperations.Debug.cpp for CXX dependencies
[603/1138] Scanning /home/alex/Documents/IntrinsicEngine/src/runtime/Runtime.RenderRecipeEditingOperations.Public.cpp for CXX dependencies
[604/1138] Scanning /home/alex/Documents/IntrinsicEngine/src/runtime/Runtime.VisualizationEditingOperations.Actions.cpp for CXX dependencies
[605/1138] Scanning /home/alex/Documents/IntrinsicEngine/src/runtime/Runtime.EditorWorkspaceSnapshots.Public.cpp for CXX dependencies
[606/1138] Scanning /home/alex/Documents/IntrinsicEngine/src/runtime/internal/Runtime.EditorFeatureContextAdapters.cpp for CXX dependencies
[607/1138] Scanning /home/alex/Documents/IntrinsicEngine/src/runtime/Runtime.EditorWorkspaceSnapshots.Models.cpp for CXX dependencies
[608/1138] Scanning /home/alex/Documents/IntrinsicEngine/src/runtime/internal/Runtime.EditorWorkspaceSession.cpp for CXX dependencies
[609/1138] Scanning /home/alex/Documents/IntrinsicEngine/src/runtime/Runtime.GeometryProcessingOperations.cpp for CXX dependencies
[610/1138] Scanning /home/alex/Documents/IntrinsicEngine/src/runtime/Runtime.GeometryProcessingOperations.Mesh.cpp for CXX dependencies
[611/1138] Scanning /home/alex/Documents/IntrinsicEngine/src/runtime/Runtime.RenderRecipeEditingOperations.cpp for CXX dependencies
[612/1138] Scanning /home/alex/Documents/IntrinsicEngine/src/runtime/Runtime.ParameterizationOperations.cpp for CXX dependencies
[613/1138] Scanning /home/alex/Documents/IntrinsicEngine/src/runtime/Runtime.RenderRecipeEditingOperations.Debug.cpp for CXX dependencies
[614/1138] Scanning /home/alex/Documents/IntrinsicEngine/src/runtime/Editor/Runtime.EditorPropertyWidgets.cpp for CXX dependencies
[615/1138] Scanning /home/alex/Documents/IntrinsicEngine/src/runtime/Editor/Runtime.EditorUiHost.cpp for CXX dependencies
[616/1138] Scanning /home/alex/Documents/IntrinsicEngine/src/runtime/Editor/Runtime.EditorUiModule.cpp for CXX dependencies
[617/1138] Scanning /home/alex/Documents/IntrinsicEngine/src/runtime/Editor/Runtime.EditorWindowRegistry.cpp for CXX dependencies
[618/1138] Scanning /home/alex/Documents/IntrinsicEngine/src/runtime/Runtime.EngineConfigControl.cpp for CXX dependencies
[619/1138] Scanning /home/alex/Documents/IntrinsicEngine/src/runtime/Runtime.EngineConfigBoot.cpp for CXX dependencies
[620/1138] Scanning /home/alex/Documents/IntrinsicEngine/src/runtime/Runtime.Engine.cpp for CXX dependencies
[621/1138] Scanning /home/alex/Documents/IntrinsicEngine/src/runtime/Runtime.InputActions.cpp for CXX dependencies
[622/1138] Scanning /home/alex/Documents/IntrinsicEngine/src/runtime/Runtime.ServiceRegistry.cpp for CXX dependencies
[623/1138] Scanning /home/alex/Documents/IntrinsicEngine/src/runtime/Runtime.KernelEvents.cpp for CXX dependencies
[624/1138] Scanning /home/alex/Documents/IntrinsicEngine/src/runtime/Runtime.WorldRegistry.cpp for CXX dependencies
[625/1138] Scanning /home/alex/Documents/IntrinsicEngine/src/runtime/Runtime.GeometryAvailability.cpp for CXX dependencies
[626/1138] Scanning /home/alex/Documents/IntrinsicEngine/src/runtime/Runtime.PhysicsModule.cpp for CXX dependencies
[627/1138] Scanning /home/alex/Documents/IntrinsicEngine/src/runtime/Scene/Runtime.SceneDocumentModule.cpp for CXX dependencies
[628/1138] Scanning /home/alex/Documents/IntrinsicEngine/src/runtime/Scene/Runtime.SceneInteractionModule.cpp for CXX dependencies
[629/1138] Scanning /home/alex/Documents/IntrinsicEngine/src/runtime/Cameras/Runtime.CameraModule.cpp for CXX dependencies
[630/1138] Scanning /home/alex/Documents/IntrinsicEngine/src/runtime/Runtime.SceneSerialization.cpp for CXX dependencies
[631/1138] Scanning /home/alex/Documents/IntrinsicEngine/src/runtime/Cameras/Runtime.CameraControllers.cpp for CXX dependencies
[632/1138] Scanning /home/alex/Documents/IntrinsicEngine/src/runtime/Cameras/Runtime.CameraFocusCommand.cpp for CXX dependencies
[633/1138] Scanning /home/alex/Documents/IntrinsicEngine/src/runtime/Gizmos/Runtime.GizmoInteraction.cpp for CXX dependencies
[634/1138] Scanning /home/alex/Documents/IntrinsicEngine/src/runtime/Runtime.GeometryPlanBuilders.Graph.cpp for CXX dependencies
[635/1138] Scanning /home/alex/Documents/IntrinsicEngine/src/runtime/ImGui/Runtime.ImGuiAdapter.cpp for CXX dependencies
[636/1138] Scanning /home/alex/Documents/IntrinsicEngine/src/runtime/Runtime.GeometryPlanBuilders.Mesh.cpp for CXX dependencies
[637/1138] Scanning /home/alex/Documents/IntrinsicEngine/src/runtime/Runtime.GeometryPlanBuilders.PointCloud.cpp for CXX dependencies
[638/1138] Scanning /home/alex/Documents/IntrinsicEngine/src/runtime/Runtime.GeometryPlanBuilders.MeshPrimitiveView.cpp for CXX dependencies
[639/1138] Scanning /home/alex/Documents/IntrinsicEngine/src/runtime/Runtime.GeometryPlanBuilders.Procedural.cpp for CXX dependencies
[640/1138] Scanning /home/alex/Documents/IntrinsicEngine/src/runtime/Runtime.MeshSurfaceTopology.cpp for CXX dependencies
[641/1138] Scanning /home/alex/Documents/IntrinsicEngine/src/runtime/Runtime.PrimitiveSelectionRefinement.cpp for CXX dependencies
[642/1138] Scanning /home/alex/Documents/IntrinsicEngine/src/runtime/Runtime.RenderRecipeActivation.cpp for CXX dependencies
[643/1138] Scanning /home/alex/Documents/IntrinsicEngine/src/runtime/Runtime.ReferenceScene.cpp for CXX dependencies
[644/1138] Building CXX object src/geometry/CMakeFiles/IntrinsicGeometry.dir/Geometry.UvAtlas.cpp.o
[645/1138] Scanning /home/alex/Documents/IntrinsicEngine/src/runtime/Runtime.RenderExtraction.cpp for CXX dependencies
[646/1138] Scanning /home/alex/Documents/IntrinsicEngine/src/runtime/Runtime.RenderExtraction.Recipes.cpp for CXX dependencies
[647/1138] Scanning /home/alex/Documents/IntrinsicEngine/src/runtime/Runtime.RenderExtraction.Geometry.cpp for CXX dependencies
[648/1138] Scanning /home/alex/Documents/IntrinsicEngine/src/runtime/Runtime.RenderExtractionService.cpp for CXX dependencies
[649/1138] Scanning /home/alex/Documents/IntrinsicEngine/src/runtime/Runtime.RenderWorldPool.cpp for CXX dependencies
[650/1138] Scanning /home/alex/Documents/IntrinsicEngine/src/runtime/Runtime.SelectionController.cpp for CXX dependencies
[651/1138] Scanning /home/alex/Documents/IntrinsicEngine/src/runtime/Runtime.StableEntityLookup.cpp for CXX dependencies
[652/1138] Scanning /home/alex/Documents/IntrinsicEngine/src/runtime/Runtime.TextureBakeModule.cpp for CXX dependencies
[653/1138] Scanning /home/alex/Documents/IntrinsicEngine/src/runtime/Runtime.VertexAttributeBinding.cpp for CXX dependencies
[654/1138] Scanning /home/alex/Documents/IntrinsicEngine/src/runtime/Runtime.AsyncWorkModule.cppm for CXX dependencies
[655/1138] Scanning /home/alex/Documents/IntrinsicEngine/src/runtime/Runtime.VertexChannelStreams.cpp for CXX dependencies
[656/1138] Linking CXX static library lib/libIntrinsicGeometry.a
[657/1138] Scanning /home/alex/Documents/IntrinsicEngine/src/runtime/Visualization/Runtime.VisualizationRecipes.cpp for CXX dependencies
[658/1138] Scanning /home/alex/Documents/IntrinsicEngine/src/runtime/Runtime.AssetIngestStateMachine.cppm for CXX dependencies
[659/1138] Scanning /home/alex/Documents/IntrinsicEngine/src/runtime/Runtime.AssetWorkflowModule.cppm for CXX dependencies
[660/1138] Scanning /home/alex/Documents/IntrinsicEngine/src/runtime/Runtime.CommandBus.cppm for CXX dependencies
[661/1138] Scanning /home/alex/Documents/IntrinsicEngine/src/runtime/Runtime.DeviceBootstrap.cppm for CXX dependencies
[662/1138] Scanning /home/alex/Documents/IntrinsicEngine/src/runtime/Modules/Clustering/Runtime.ClusteringModule.cppm for CXX dependencies
[663/1138] Scanning /home/alex/Documents/IntrinsicEngine/src/runtime/Runtime.JobService.cppm for CXX dependencies
[664/1138] Scanning /home/alex/Documents/IntrinsicEngine/src/runtime/Modules/Clustering/Runtime.ClusteringGpuBackend.cppm for CXX dependencies
[665/1138] Scanning /home/alex/Documents/IntrinsicEngine/src/runtime/Runtime.GeometryPresentation.cppm for CXX dependencies
[666/1138] Scanning /home/alex/Documents/IntrinsicEngine/src/runtime/Modules/Clustering/Runtime.ClusteringConfig.cppm for CXX dependencies
[667/1138] Scanning /home/alex/Documents/IntrinsicEngine/src/runtime/Runtime.RenderArtifactPublication.cppm for CXX dependencies
[668/1138] Scanning /home/alex/Documents/IntrinsicEngine/src/runtime/Runtime.ProgressivePoissonConfig.cppm for CXX dependencies
[669/1138] Scanning /home/alex/Documents/IntrinsicEngine/src/runtime/Runtime.ProgressivePoissonGpuBackend.cppm for CXX dependencies
[670/1138] Scanning /home/alex/Documents/IntrinsicEngine/src/runtime/Runtime.PointCloudConsolidationConfig.cppm for CXX dependencies
[671/1138] Scanning /home/alex/Documents/IntrinsicEngine/src/runtime/Runtime.ParameterizationConfig.cppm for CXX dependencies
[672/1138] Scanning /home/alex/Documents/IntrinsicEngine/src/runtime/Runtime.PointCloudConsolidationModule.cppm for CXX dependencies
[673/1138] Scanning /home/alex/Documents/IntrinsicEngine/src/runtime/Runtime.EditorCommandHistory.cppm for CXX dependencies
[674/1138] Scanning /home/alex/Documents/IntrinsicEngine/src/runtime/Runtime.EditorCommon.cppm for CXX dependencies
[675/1138] Scanning /home/alex/Documents/IntrinsicEngine/src/runtime/Runtime.EditorWorkspaceAttachment.cppm for CXX dependencies
[676/1138] Scanning /home/alex/Documents/IntrinsicEngine/src/runtime/Runtime.EditorJobProjection.cppm for CXX dependencies
[677/1138] Scanning /home/alex/Documents/IntrinsicEngine/src/runtime/Runtime.EditorWorkspaceSnapshots.cppm for CXX dependencies
[678/1138] Scanning /home/alex/Documents/IntrinsicEngine/src/runtime/Runtime.SceneEditingOperations.cppm for CXX dependencies
[679/1138] Scanning /home/alex/Documents/IntrinsicEngine/src/runtime/Runtime.GeometryProcessingOperations.cppm for CXX dependencies
[680/1138] Scanning /home/alex/Documents/IntrinsicEngine/src/runtime/Runtime.VisualizationEditingOperations.cppm for CXX dependencies
[681/1138] Scanning /home/alex/Documents/IntrinsicEngine/src/runtime/Runtime.RenderRecipeEditingOperations.cppm for CXX dependencies
[682/1138] Scanning /home/alex/Documents/IntrinsicEngine/src/runtime/Editor/Runtime.EditorPropertyWidgets.cppm for CXX dependencies
[683/1138] Scanning /home/alex/Documents/IntrinsicEngine/src/runtime/Editor/Runtime.EditorWindowRegistry.cppm for CXX dependencies
[684/1138] Scanning /home/alex/Documents/IntrinsicEngine/src/runtime/Editor/Runtime.EditorUiHost.cppm for CXX dependencies
[685/1138] Scanning /home/alex/Documents/IntrinsicEngine/src/runtime/Editor/Runtime.EditorUiModule.cppm for CXX dependencies
[686/1138] Scanning /home/alex/Documents/IntrinsicEngine/src/runtime/Runtime.Engine.cppm for CXX dependencies
[687/1138] Scanning /home/alex/Documents/IntrinsicEngine/src/runtime/Runtime.FramePacingDiagnostics.cppm for CXX dependencies
[688/1138] Scanning /home/alex/Documents/IntrinsicEngine/src/runtime/Runtime.EngineConfigBoot.cppm for CXX dependencies
[689/1138] Scanning /home/alex/Documents/IntrinsicEngine/src/runtime/Runtime.EngineConfigControl.cppm for CXX dependencies
[690/1138] Scanning /home/alex/Documents/IntrinsicEngine/src/runtime/Runtime.InputActions.cppm for CXX dependencies
[691/1138] Scanning /home/alex/Documents/IntrinsicEngine/src/runtime/Runtime.WorldHandle.cppm for CXX dependencies
[692/1138] Scanning /home/alex/Documents/IntrinsicEngine/src/runtime/Runtime.ServiceRegistry.cppm for CXX dependencies
[693/1138] Scanning /home/alex/Documents/IntrinsicEngine/src/runtime/Runtime.KernelEvents.cppm for CXX dependencies
[694/1138] Scanning /home/alex/Documents/IntrinsicEngine/src/runtime/Runtime.Module.cppm for CXX dependencies
[695/1138] Scanning /home/alex/Documents/IntrinsicEngine/src/runtime/Runtime.WorldRegistry.cppm for CXX dependencies
[696/1138] Scanning /home/alex/Documents/IntrinsicEngine/src/runtime/Runtime.GeometryAvailability.cppm for CXX dependencies
[697/1138] Scanning /home/alex/Documents/IntrinsicEngine/src/runtime/Scene/Runtime.SceneDocumentModule.cppm for CXX dependencies
[698/1138] Scanning /home/alex/Documents/IntrinsicEngine/src/runtime/Runtime.PhysicsModule.cppm for CXX dependencies
[699/1138] Scanning /home/alex/Documents/IntrinsicEngine/src/runtime/Cameras/Runtime.CameraModule.cppm for CXX dependencies
[700/1138] Scanning /home/alex/Documents/IntrinsicEngine/src/runtime/Runtime.SceneSerialization.cppm for CXX dependencies
[701/1138] Scanning /home/alex/Documents/IntrinsicEngine/src/runtime/Scene/Runtime.SceneInteractionModule.cppm for CXX dependencies
[702/1138] Scanning /home/alex/Documents/IntrinsicEngine/src/runtime/Cameras/Runtime.CameraFocusCommand.cppm for CXX dependencies
[703/1138] Scanning /home/alex/Documents/IntrinsicEngine/src/runtime/Cameras/Runtime.CameraControllers.cppm for CXX dependencies
[704/1138] Scanning /home/alex/Documents/IntrinsicEngine/src/runtime/ImGui/Runtime.ImGuiAdapter.cppm for CXX dependencies
[705/1138] Scanning /home/alex/Documents/IntrinsicEngine/src/runtime/Runtime.MeshPrimitiveView.cppm for CXX dependencies
[706/1138] Scanning /home/alex/Documents/IntrinsicEngine/src/runtime/Gizmos/Runtime.GizmoInteraction.cppm for CXX dependencies
[707/1138] Scanning /home/alex/Documents/IntrinsicEngine/src/runtime/Runtime.MeshSurfaceTopology.cppm for CXX dependencies
[708/1138] Scanning /home/alex/Documents/IntrinsicEngine/src/runtime/Runtime.ReferenceScene.cppm for CXX dependencies
[709/1138] Scanning /home/alex/Documents/IntrinsicEngine/src/runtime/Runtime.RenderRecipeActivation.cppm for CXX dependencies
[710/1138] Scanning /home/alex/Documents/IntrinsicEngine/src/runtime/Runtime.PrimitiveSelectionRefinement.cppm for CXX dependencies
[711/1138] Scanning /home/alex/Documents/IntrinsicEngine/src/runtime/Runtime.RenderWorldPool.cppm for CXX dependencies
[712/1138] Scanning /home/alex/Documents/IntrinsicEngine/src/runtime/Runtime.SelectionController.cppm for CXX dependencies
[713/1138] Scanning /home/alex/Documents/IntrinsicEngine/src/runtime/Runtime.RenderExtraction.cppm for CXX dependencies
[714/1138] Scanning /home/alex/Documents/IntrinsicEngine/src/runtime/Runtime.VertexChannelBindings.cppm for CXX dependencies
[715/1138] Scanning /home/alex/Documents/IntrinsicEngine/src/runtime/Runtime.StableEntityLookup.cppm for CXX dependencies
[716/1138] Scanning /home/alex/Documents/IntrinsicEngine/src/runtime/Runtime.TextureBakeModule.cppm for CXX dependencies
[717/1138] Scanning /home/alex/Documents/IntrinsicEngine/src/runtime/Runtime.VertexAttributeBinding.cppm for CXX dependencies
[718/1138] Scanning /home/alex/Documents/IntrinsicEngine/src/runtime/Runtime.VertexChannelStreams.cppm for CXX dependencies
[719/1138] Scanning /home/alex/Documents/IntrinsicEngine/src/runtime/Visualization/Runtime.VisualizationRecipes.cppm for CXX dependencies
[720/1138] Scanning /home/alex/Documents/IntrinsicEngine/src/runtime/internal/Runtime.FeatureConfigCodecs.Detail.cppm for CXX dependencies
[721/1138] Scanning /home/alex/Documents/IntrinsicEngine/src/runtime/Runtime.AssetWorkflowGeometryMaterialization.cppm for CXX dependencies
[722/1138] Scanning /home/alex/Documents/IntrinsicEngine/src/runtime/internal/Runtime.EditorWorkspaceAttachment.Detail.cppm for CXX dependencies
[723/1138] Scanning /home/alex/Documents/IntrinsicEngine/src/runtime/internal/Runtime.EditorFeatures.Detail.cppm for CXX dependencies
[724/1138] Scanning /home/alex/Documents/IntrinsicEngine/src/runtime/Runtime.AssetWorkflowImportExecutor.cppm for CXX dependencies
[725/1138] Scanning /home/alex/Documents/IntrinsicEngine/src/runtime/Runtime.AssetWorkflowModelTextureDecode.cppm for CXX dependencies
[726/1138] Scanning /home/alex/Documents/IntrinsicEngine/src/runtime/Runtime.AssetWorkflowModelMaterialization.cppm for CXX dependencies
[727/1138] Scanning /home/alex/Documents/IntrinsicEngine/src/runtime/Runtime.AssetWorkflowRecipePolicies.cppm for CXX dependencies
[728/1138] Scanning /home/alex/Documents/IntrinsicEngine/src/runtime/Runtime.GeometryPlanBuilders.cppm for CXX dependencies
[729/1138] Scanning /home/alex/Documents/IntrinsicEngine/src/runtime/Runtime.AssetWorkflowTextureResidency.cppm for CXX dependencies
[730/1138] Scanning /home/alex/Documents/IntrinsicEngine/src/app/Sandbox/Editor/Sandbox.EditorController.cpp for CXX dependencies
[731/1138] Scanning /home/alex/Documents/IntrinsicEngine/src/runtime/Runtime.RenderExtraction.Internal.cpp for CXX dependencies
[732/1138] Scanning /home/alex/Documents/IntrinsicEngine/src/app/Sandbox/Editor/Sandbox.EditorShell.cpp for CXX dependencies
[733/1138] Scanning /home/alex/Documents/IntrinsicEngine/src/app/Sandbox/Editor/Sandbox.DomainPanels.cpp for CXX dependencies
[734/1138] Scanning /home/alex/Documents/IntrinsicEngine/src/app/Sandbox/Editor/Sandbox.MethodPanels.cpp for CXX dependencies
[735/1138] Generating CXX dyndep file src/runtime/CMakeFiles/ExtrinsicRuntime.dir/CXX.dd
[736/1191] Scanning /home/alex/Documents/IntrinsicEngine/src/app/Sandbox/Sandbox.ConfigSections.cpp for CXX dependencies
[737/1191] Scanning /home/alex/Documents/IntrinsicEngine/src/app/Sandbox/Sandbox.cpp for CXX dependencies
[738/1191] Scanning /home/alex/Documents/IntrinsicEngine/src/app/Sandbox/Editor/Sandbox.MeshProcessingPanels.cpp for CXX dependencies
[739/1191] Scanning /home/alex/Documents/IntrinsicEngine/src/app/Sandbox/Editor/Sandbox.EditorController.cppm for CXX dependencies
[740/1191] Scanning /home/alex/Documents/IntrinsicEngine/src/app/Sandbox/Editor/Sandbox.EditorShell.cppm for CXX dependencies
[741/1191] Scanning /home/alex/Documents/IntrinsicEngine/src/app/Sandbox/Editor/Sandbox.DomainPanels.cppm for CXX dependencies
[742/1191] Scanning /home/alex/Documents/IntrinsicEngine/src/app/Sandbox/Editor/Sandbox.MethodPanels.cppm for CXX dependencies
[743/1191] Scanning /home/alex/Documents/IntrinsicEngine/src/app/Sandbox/Sandbox.ConfigSections.cppm for CXX dependencies
[744/1191] Scanning /home/alex/Documents/IntrinsicEngine/src/app/Sandbox/Editor/Sandbox.MeshProcessingPanels.cppm for CXX dependencies
[745/1191] Scanning /home/alex/Documents/IntrinsicEngine/src/app/Sandbox/Sandbox.cppm for CXX dependencies
[746/1191] Generating CXX dyndep file src/app/Sandbox/CMakeFiles/ExtrinsicSandboxEditor.dir/CXX.dd
[747/1198] Scanning /home/alex/Documents/IntrinsicEngine/tests/unit/core/Test_IndexedHeap.cpp for CXX dependencies
[748/1198] Scanning /home/alex/Documents/IntrinsicEngine/tests/unit/core/Test.CoreError.cpp for CXX dependencies
[749/1198] Scanning /home/alex/Documents/IntrinsicEngine/tests/unit/core/Test.LogRingBuffer.cpp for CXX dependencies
[750/1198] Generating CXX dyndep file tests/CMakeFiles/CoreTestObjs.dir/CXX.dd
[751/1198] Scanning /home/alex/Documents/IntrinsicEngine/tests/unit/ecs/Test.ECS.SceneRegistry.cpp for CXX dependencies
[752/1198] Scanning /home/alex/Documents/IntrinsicEngine/tests/unit/ecs/Test.ECS.SceneBootstrap.cpp for CXX dependencies
[753/1198] Scanning /home/alex/Documents/IntrinsicEngine/tests/unit/ecs/Test.ECS.Hierarchy.cpp for CXX dependencies
[754/1198] Scanning /home/alex/Documents/IntrinsicEngine/tests/unit/ecs/Test.ECS.TransformHierarchy.cpp for CXX dependencies
[755/1198] Scanning /home/alex/Documents/IntrinsicEngine/tests/unit/ecs/Test.ECS.BoundsPropagation.cpp for CXX dependencies
[756/1198] Scanning /home/alex/Documents/IntrinsicEngine/tests/unit/ecs/Test.ECS.ColliderAuthoring.cpp for CXX dependencies
[757/1198] Scanning /home/alex/Documents/IntrinsicEngine/tests/unit/ecs/Test.ECS.Events.cpp for CXX dependencies
[758/1198] Building CXX object src/runtime/CMakeFiles/ExtrinsicRuntime.dir/Runtime.PointCloudConsolidationConfig.cppm.o
[759/1198] Scanning /home/alex/Documents/IntrinsicEngine/tests/unit/ecs/Test.ECS.RenderSync.cpp for CXX dependencies
[760/1198] Scanning /home/alex/Documents/IntrinsicEngine/tests/unit/ecs/Test.ECS.StableIdentity.cpp for CXX dependencies
[761/1198] Scanning /home/alex/Documents/IntrinsicEngine/tests/unit/ecs/Test.ECS.GeometryDirtyDomains.cpp for CXX dependencies
[762/1198] Scanning /home/alex/Documents/IntrinsicEngine/tests/unit/ecs/Test.ECS.GeometrySourcesPopulate.cpp for CXX dependencies
[763/1198] Generating CXX dyndep file tests/CMakeFiles/ECSTestObjs.dir/CXX.dd
[764/1198] Scanning /home/alex/Documents/IntrinsicEngine/tests/contract/ecs/Test.ECS.LayeringBoundaries.cpp for CXX dependencies
[765/1198] Generating CXX dyndep file tests/CMakeFiles/EcsContractTestObjs.dir/CXX.dd
[766/1198] Scanning /home/alex/Documents/IntrinsicEngine/tests/contract/runtime/Test.CoreGraphInterfaces.cpp for CXX dependencies
[767/1198] Scanning /home/alex/Documents/IntrinsicEngine/tests/contract/runtime/Test.GpuAssetCacheFallbackBootstrap.cpp for CXX dependencies
[768/1198] Scanning /home/alex/Documents/IntrinsicEngine/tests/contract/runtime/Test.GpuResultReadbackJob.cpp for CXX dependencies
[769/1198] Scanning /home/alex/Documents/IntrinsicEngine/tests/contract/runtime/Test.AssetIngestStateMachine.cpp for CXX dependencies
[770/1198] Scanning /home/alex/Documents/IntrinsicEngine/tests/contract/runtime/Test.AssetImportRecipe.cpp for CXX dependencies
[771/1198] Scanning /home/alex/Documents/IntrinsicEngine/tests/contract/runtime/Test.AssetImportFormatCoverage.cpp for CXX dependencies
[772/1198] Scanning /home/alex/Documents/IntrinsicEngine/tests/contract/runtime/Test.AssetWorkflowModule.cpp for CXX dependencies
[773/1198] Scanning /home/alex/Documents/IntrinsicEngine/tests/contract/runtime/Test.AsyncWorkModule.cpp for CXX dependencies
[774/1198] Scanning /home/alex/Documents/IntrinsicEngine/tests/contract/runtime/Test.EditorCommandHistory.cpp for CXX dependencies
[775/1198] Scanning /home/alex/Documents/IntrinsicEngine/tests/contract/runtime/Test.EditorUiHost.cpp for CXX dependencies
[776/1198] Scanning /home/alex/Documents/IntrinsicEngine/tests/contract/runtime/Test.EditorPropertyWidgets.cpp for CXX dependencies
[777/1198] Scanning /home/alex/Documents/IntrinsicEngine/tests/contract/runtime/Test.EditorWindowRegistry.cpp for CXX dependencies
[778/1198] Scanning /home/alex/Documents/IntrinsicEngine/tests/contract/runtime/Test.ImGuiAdapter.cpp for CXX dependencies
[779/1198] Scanning /home/alex/Documents/IntrinsicEngine/tests/contract/runtime/Test.ImGuiAdapterEngineWiring.cpp for CXX dependencies
[780/1198] Scanning /home/alex/Documents/IntrinsicEngine/tests/contract/runtime/Test.MeshGeometryExtraction.cpp for CXX dependencies
[781/1198] Scanning /home/alex/Documents/IntrinsicEngine/tests/contract/runtime/Test.MeshPrimitiveViewExtraction.cpp for CXX dependencies
[782/1198] Scanning /home/alex/Documents/IntrinsicEngine/tests/contract/runtime/Test.RenderArtifactPublication.cpp for CXX dependencies
[783/1198] Scanning /home/alex/Documents/IntrinsicEngine/tests/contract/runtime/Test.ProgressivePoissonGpuBackend.cpp for CXX dependencies
[784/1198] Scanning /home/alex/Documents/IntrinsicEngine/tests/contract/runtime/Test.RenderExtractionContract.cpp for CXX dependencies
[785/1198] Scanning /home/alex/Documents/IntrinsicEngine/tests/contract/runtime/Test.GizmoInteraction.cpp for CXX dependencies
[786/1198] Scanning /home/alex/Documents/IntrinsicEngine/tests/contract/runtime/Test.GizmoInteractionEngineWiring.cpp for CXX dependencies
[787/1198] Scanning /home/alex/Documents/IntrinsicEngine/tests/contract/runtime/Test.GraphGeometryExtraction.cpp for CXX dependencies
[788/1198] Scanning /home/alex/Documents/IntrinsicEngine/tests/contract/runtime/Test.GeometryAvailability.cpp for CXX dependencies
[789/1198] Scanning /home/alex/Documents/IntrinsicEngine/tests/contract/runtime/Test.GeometryPresentation.cpp for CXX dependencies
[790/1198] Scanning /home/alex/Documents/IntrinsicEngine/tests/contract/runtime/Test.PointCloudGeometryExtraction.cpp for CXX dependencies
[791/1198] Scanning /home/alex/Documents/IntrinsicEngine/tests/contract/runtime/Test.ParameterizationOperations.cpp for CXX dependencies
[792/1198] Scanning /home/alex/Documents/IntrinsicEngine/tests/contract/runtime/Test.PrimitiveSelectionRefinement.cpp for CXX dependencies
[793/1198] Scanning /home/alex/Documents/IntrinsicEngine/tests/contract/runtime/Test.PrimitiveSelectionRefinementWiring.cpp for CXX dependencies
[794/1198] Scanning /home/alex/Documents/IntrinsicEngine/tests/contract/runtime/Test.ProceduralGeometryExtraction.cpp for CXX dependencies
[795/1198] Scanning /home/alex/Documents/IntrinsicEngine/tests/contract/runtime/Test.CameraModule.cpp for CXX dependencies
[796/1198] Scanning /home/alex/Documents/IntrinsicEngine/tests/contract/runtime/Test.RuntimeCameraControllers.cpp for CXX dependencies
[797/1198] Scanning /home/alex/Documents/IntrinsicEngine/tests/contract/runtime/Test.RuntimeConfigControl.cpp for CXX dependencies
[798/1198] Scanning /home/alex/Documents/IntrinsicEngine/tests/contract/runtime/Test.RuntimeEngineConfigBoot.cpp for CXX dependencies
[799/1198] Scanning /home/alex/Documents/IntrinsicEngine/tests/contract/runtime/Test.RuntimeEngineLayering.cpp for CXX dependencies
[800/1198] Scanning /home/alex/Documents/IntrinsicEngine/tests/contract/runtime/Test.RuntimeEnginePrivateGlue.cpp for CXX dependencies
[801/1198] Scanning /home/alex/Documents/IntrinsicEngine/tests/contract/runtime/Test.RuntimeInputActions.cpp for CXX dependencies
[802/1198] Scanning /home/alex/Documents/IntrinsicEngine/tests/contract/runtime/Test.RuntimeRenderRecipeActivation.cpp for CXX dependencies
[803/1198] Scanning /home/alex/Documents/IntrinsicEngine/tests/contract/runtime/Test.RuntimeCameraFocusCommand.cpp for CXX dependencies
[804/1198] Scanning /home/alex/Documents/IntrinsicEngine/tests/contract/runtime/Test.ClusteringModule.cpp for CXX dependencies
[805/1198] Scanning /home/alex/Documents/IntrinsicEngine/tests/contract/runtime/Test.PointCloudConsolidationConfig.cpp for CXX dependencies
[806/1198] Scanning /home/alex/Documents/IntrinsicEngine/tests/contract/runtime/Test.PointCloudConsolidationModule.cpp for CXX dependencies
[807/1198] Scanning /home/alex/Documents/IntrinsicEngine/tests/contract/runtime/Test.RuntimeCommandBus.cpp for CXX dependencies
[808/1198] Scanning /home/alex/Documents/IntrinsicEngine/tests/contract/runtime/Test.RuntimeJobService.cpp for CXX dependencies
[809/1198] Scanning /home/alex/Documents/IntrinsicEngine/tests/contract/runtime/Test.RuntimeKernelEvents.cpp for CXX dependencies
[810/1198] Scanning /home/alex/Documents/IntrinsicEngine/tests/contract/runtime/Test.RuntimeModule.cpp for CXX dependencies
[811/1198] Scanning /home/alex/Documents/IntrinsicEngine/tests/contract/runtime/Test.RuntimeWorldRegistry.cpp for CXX dependencies
[812/1198] Scanning /home/alex/Documents/IntrinsicEngine/tests/contract/runtime/Test.RuntimeReferenceScene.cpp for CXX dependencies
[813/1198] Scanning /home/alex/Documents/IntrinsicEngine/tests/contract/runtime/Test.RuntimeSceneLifecycle.cpp for CXX dependencies
[814/1198] Scanning /home/alex/Documents/IntrinsicEngine/tests/contract/runtime/Test.SceneDocumentModule.cpp for CXX dependencies
[815/1198] Scanning /home/alex/Documents/IntrinsicEngine/tests/contract/runtime/Test.SceneInteractionModule.cpp for CXX dependencies
[816/1198] Scanning /home/alex/Documents/IntrinsicEngine/tests/contract/runtime/Test.RuntimeSceneSerialization.cpp for CXX dependencies
[817/1198] Scanning /home/alex/Documents/IntrinsicEngine/tests/contract/runtime/Test.RuntimeVulkanBreadcrumb.cpp for CXX dependencies
[818/1198] Scanning /home/alex/Documents/IntrinsicEngine/tests/contract/runtime/Test.SandboxEditorModels.cpp for CXX dependencies
[819/1198] Scanning /home/alex/Documents/IntrinsicEngine/tests/contract/runtime/Test.SandboxEditorSceneCommands.cpp for CXX dependencies
[820/1198] Scanning /home/alex/Documents/IntrinsicEngine/tests/contract/runtime/Test.SandboxEditorClusteringMethods.cpp for CXX dependencies
[821/1198] Scanning /home/alex/Documents/IntrinsicEngine/tests/contract/runtime/Test.SandboxEditorMeshMethods.cpp for CXX dependencies
[822/1198] Scanning /home/alex/Documents/IntrinsicEngine/tests/contract/runtime/Test.SandboxEditorVisualization.cpp for CXX dependencies
[823/1198] Scanning /home/alex/Documents/IntrinsicEngine/tests/contract/runtime/Test.SandboxEditorSessionLifecycle.cpp for CXX dependencies
[824/1198] Scanning /home/alex/Documents/IntrinsicEngine/tests/contract/runtime/Test.TextureBakeModule.cpp for CXX dependencies
[825/1198] Scanning /home/alex/Documents/IntrinsicEngine/tests/contract/runtime/Test.SelectionController.cpp for CXX dependencies
[826/1198] Scanning /home/alex/Documents/IntrinsicEngine/tests/contract/runtime/Test.SelectionSnapshotExtraction.cpp for CXX dependencies
[827/1198] Scanning /home/alex/Documents/IntrinsicEngine/tests/contract/runtime/Test.SelectionStableLookupComposition.cpp for CXX dependencies
[828/1198] Scanning /home/alex/Documents/IntrinsicEngine/tests/contract/runtime/Test.StableEntityLookup.cpp for CXX dependencies
[829/1198] Scanning /home/alex/Documents/IntrinsicEngine/tests/contract/runtime/Test.VertexAttributeBinding.cpp for CXX dependencies
[830/1198] Scanning /home/alex/Documents/IntrinsicEngine/tests/contract/runtime/Test.VertexChannelStreams.cpp for CXX dependencies
[831/1198] Scanning /home/alex/Documents/IntrinsicEngine/tests/contract/runtime/Test.RenderWorldPool.cpp for CXX dependencies
[832/1198] Scanning /home/alex/Documents/IntrinsicEngine/tests/contract/runtime/Test.RenderWorldPoolEngineWiring.cpp for CXX dependencies
[833/1198] Scanning /home/alex/Documents/IntrinsicEngine/tests/integration/runtime/Test.SandboxDomainPanels.cpp for CXX dependencies
[834/1198] Scanning /home/alex/Documents/IntrinsicEngine/tests/contract/runtime/Test.VisualizationRecipes.cpp for CXX dependencies
[835/1198] Scanning /home/alex/Documents/IntrinsicEngine/tests/integration/runtime/Test.SandboxConfigSections.cpp for CXX dependencies
[836/1198] Generating CXX dyndep file tests/CMakeFiles/RuntimeContractTestObjs.dir/CXX.dd
[837/1236] Scanning /home/alex/Documents/IntrinsicEngine/tests/integration/runtime/Test.SandboxAppComposition.cpp for CXX dependencies
[838/1236] Scanning /home/alex/Documents/IntrinsicEngine/tests/integration/runtime/Test.SandboxEditorPresentation.cpp for CXX dependencies
[839/1236] Scanning /home/alex/Documents/IntrinsicEngine/tests/integration/runtime/Test.SandboxParameterizationPanel.cpp for CXX dependencies
[840/1236] Scanning /home/alex/Documents/IntrinsicEngine/tests/integration/runtime/Test.SandboxPointCloudConsolidationPanel.cpp for CXX dependencies
[841/1236] Generating CXX dyndep file tests/CMakeFiles/SandboxEditorIntegrationTestObjs.dir/CXX.dd
[842/1239] Scanning /home/alex/Documents/IntrinsicEngine/tests/unit/physics/Test.RigidBodyReference.cpp for CXX dependencies
[843/1239] Scanning /home/alex/Documents/IntrinsicEngine/tests/unit/physics/Test.ParticleSpringReference.cpp for CXX dependencies
[844/1239] Scanning /home/alex/Documents/IntrinsicEngine/tests/unit/physics/Test.XpbdClothReference.cpp for CXX dependencies
[845/1239] Scanning /home/alex/Documents/IntrinsicEngine/tests/unit/physics/Test.SphFluidReference.cpp for CXX dependencies
[846/1239] Scanning /home/alex/Documents/IntrinsicEngine/tests/unit/physics/Test.PhysicsSolverParity.cpp for CXX dependencies
[847/1239] Scanning /home/alex/Documents/IntrinsicEngine/methods/physics/rigid_body_reference/src/RigidBodyReference.cpp for CXX dependencies
[848/1239] Scanning /home/alex/Documents/IntrinsicEngine/methods/physics/particle_spring_reference/src/ParticleSpringReference.cpp for CXX dependencies
[849/1239] Scanning /home/alex/Documents/IntrinsicEngine/methods/physics/xpbd_cloth_reference/src/XpbdClothReference.cpp for CXX dependencies
[850/1239] Scanning /home/alex/Documents/IntrinsicEngine/methods/physics/sph_fluid_reference/src/SphFluidReference.cpp for CXX dependencies
[851/1239] Generating CXX dyndep file tests/CMakeFiles/PhysicsMethodTestObjs.dir/CXX.dd
[852/1239] Scanning /home/alex/Documents/IntrinsicEngine/tests/unit/physics/Test.Physics.World.cpp for CXX dependencies
[853/1239] Generating CXX dyndep file tests/CMakeFiles/PhysicsWorldTestObjs.dir/CXX.dd
[854/1239] Scanning /home/alex/Documents/IntrinsicEngine/tests/integration/runtime/Test.PhysicsModule.cpp for CXX dependencies
[855/1239] Generating CXX dyndep file tests/CMakeFiles/RuntimePhysicsModuleTestObjs.dir/CXX.dd
[856/1239] Scanning /home/alex/Documents/IntrinsicEngine/tests/unit/geometry/Test_Statistics.cpp for CXX dependencies
[857/1239] Scanning /home/alex/Documents/IntrinsicEngine/tests/unit/geometry/Test_RobustKernels.cpp for CXX dependencies
[858/1239] Scanning /home/alex/Documents/IntrinsicEngine/tests/unit/geometry/Test_AABBCubify.cpp for CXX dependencies
[859/1239] Scanning /home/alex/Documents/IntrinsicEngine/tests/unit/geometry/Test_BezierCurve.cpp for CXX dependencies
[860/1239] Scanning /home/alex/Documents/IntrinsicEngine/tests/unit/geometry/Test_Curve.cpp for CXX dependencies
[861/1239] Scanning /home/alex/Documents/IntrinsicEngine/tests/unit/geometry/Test_Rotation.cpp for CXX dependencies
[862/1239] Scanning /home/alex/Documents/IntrinsicEngine/tests/unit/geometry/Test_RotationAveraging.cpp for CXX dependencies
[863/1239] Scanning /home/alex/Documents/IntrinsicEngine/tests/unit/geometry/Test_MeshQuantities.cpp for CXX dependencies
[864/1239] Scanning /home/alex/Documents/IntrinsicEngine/tests/unit/geometry/Test_MeshClosestFace.cpp for CXX dependencies
[865/1239] Scanning /home/alex/Documents/IntrinsicEngine/tests/unit/geometry/Test_LinalgEigenMap.cpp for CXX dependencies
[866/1239] Scanning /home/alex/Documents/IntrinsicEngine/tests/unit/geometry/Test_RuntimeGraph.cpp for CXX dependencies
[867/1239] Scanning /home/alex/Documents/IntrinsicEngine/tests/unit/geometry/Test_RuntimeGraphKNN.cpp for CXX dependencies
[868/1239] Scanning /home/alex/Documents/IntrinsicEngine/tests/unit/geometry/Test.GraphQueries.cpp for CXX dependencies
[869/1239] Scanning /home/alex/Documents/IntrinsicEngine/tests/unit/geometry/Test.GeometryProperties.cpp for CXX dependencies
[870/1239] Building CXX object tests/CMakeFiles/RuntimeContractTestObjs.dir/contract/runtime/Test.PointCloudConsolidationConfig.cpp.o
[871/1239] Scanning /home/alex/Documents/IntrinsicEngine/tests/unit/geometry/Test_KDTree.cpp for CXX dependencies
[872/1239] Scanning /home/alex/Documents/IntrinsicEngine/tests/unit/geometry/Test_Octree.cpp for CXX dependencies
[873/1239] Scanning /home/alex/Documents/IntrinsicEngine/tests/unit/geometry/Test_BVH.cpp for CXX dependencies
[874/1239] Scanning /home/alex/Documents/IntrinsicEngine/tests/unit/geometry/Test_DEC.cpp for CXX dependencies
[875/1239] Scanning /home/alex/Documents/IntrinsicEngine/tests/unit/geometry/Test_MeshOperations.cpp for CXX dependencies
[876/1239] Scanning /home/alex/Documents/IntrinsicEngine/tests/unit/geometry/Test.MeshConversion.cpp for CXX dependencies
[877/1239] Scanning /home/alex/Documents/IntrinsicEngine/tests/unit/geometry/Test.MeshSoup.cpp for CXX dependencies
[878/1239] Scanning /home/alex/Documents/IntrinsicEngine/tests/unit/geometry/Test.PointCloudConversion.cpp for CXX dependencies
[879/1239] Scanning /home/alex/Documents/IntrinsicEngine/tests/unit/geometry/Test_MeshBuilder.cpp for CXX dependencies
[880/1239] Building CXX object tests/CMakeFiles/RuntimeContractTestObjs.dir/contract/runtime/Test.RuntimeEngineLayering.cpp.o
[881/1239] Scanning /home/alex/Documents/IntrinsicEngine/tests/unit/geometry/Test_GeometryProcessing.cpp for CXX dependencies
[882/1239] Scanning /home/alex/Documents/IntrinsicEngine/tests/unit/geometry/Test.GaussianMixture.cpp for CXX dependencies
[883/1239] Scanning /home/alex/Documents/IntrinsicEngine/tests/unit/geometry/Test_SurfaceReconstruction.cpp for CXX dependencies
[884/1239] Scanning /home/alex/Documents/IntrinsicEngine/tests/unit/geometry/Test_MeshQuality.cpp for CXX dependencies
[885/1239] Scanning /home/alex/Documents/IntrinsicEngine/tests/unit/geometry/Test_MeshAnalysis.cpp for CXX dependencies
[886/1239] Scanning /home/alex/Documents/IntrinsicEngine/tests/unit/geometry/Test_Parameterization.cpp for CXX dependencies
[887/1239] Scanning /home/alex/Documents/IntrinsicEngine/tests/unit/geometry/Test.ParameterizationDiagnostics.cpp for CXX dependencies
[888/1239] Scanning /home/alex/Documents/IntrinsicEngine/tests/unit/geometry/Test.HarmonicParameterization.cpp for CXX dependencies
[889/1239] Scanning /home/alex/Documents/IntrinsicEngine/tests/unit/geometry/Test.ParameterizationOptimize.cpp for CXX dependencies
[890/1239] Scanning /home/alex/Documents/IntrinsicEngine/tests/unit/geometry/Test.ParameterizationDispatch.cpp for CXX dependencies
[891/1239] Scanning /home/alex/Documents/IntrinsicEngine/tests/unit/geometry/Test.BoundaryFirstFlattening.cpp for CXX dependencies
[892/1239] Scanning /home/alex/Documents/IntrinsicEngine/tests/unit/geometry/Test.UvAtlas.cpp for CXX dependencies
[893/1239] Scanning /home/alex/Documents/IntrinsicEngine/tests/unit/geometry/Test_AdaptiveRemeshing.cpp for CXX dependencies
[894/1239] Scanning /home/alex/Documents/IntrinsicEngine/tests/unit/geometry/Test_ConvexHull.cpp for CXX dependencies
[895/1239] Scanning /home/alex/Documents/IntrinsicEngine/tests/unit/geometry/Test_PointCloud.cpp for CXX dependencies
[896/1239] Scanning /home/alex/Documents/IntrinsicEngine/tests/unit/geometry/Test_SphereFitting.cpp for CXX dependencies
[897/1239] Scanning /home/alex/Documents/IntrinsicEngine/tests/unit/geometry/Test_TriangleMetrics.cpp for CXX dependencies
[898/1239] Scanning /home/alex/Documents/IntrinsicEngine/tests/unit/geometry/Test_Boolean.cpp for CXX dependencies
[899/1239] Scanning /home/alex/Documents/IntrinsicEngine/tests/unit/geometry/Test_MeshBoundary.cpp for CXX dependencies
[900/1239] Scanning /home/alex/Documents/IntrinsicEngine/tests/unit/geometry/Test_GeometryAttributePropagation.cpp for CXX dependencies
[901/1239] Scanning /home/alex/Documents/IntrinsicEngine/tests/unit/geometry/Test.GraphVertexNormals.cpp for CXX dependencies
[902/1239] Scanning /home/alex/Documents/IntrinsicEngine/tests/unit/geometry/Test.HalfedgeMeshVertexNormals.cpp for CXX dependencies
[903/1239] Scanning /home/alex/Documents/IntrinsicEngine/tests/unit/geometry/Test_HalfedgeMeshPropertyAccess.cpp for CXX dependencies
[904/1239] Scanning /home/alex/Documents/IntrinsicEngine/tests/unit/geometry/Test_HalfedgeMeshTopology.cpp for CXX dependencies
[905/1239] Scanning /home/alex/Documents/IntrinsicEngine/tests/unit/geometry/Test.MeshTopologyUtilities.cpp for CXX dependencies
[906/1239] Scanning /home/alex/Documents/IntrinsicEngine/tests/unit/geometry/Test_Validation.cpp for CXX dependencies
[907/1239] Scanning /home/alex/Documents/IntrinsicEngine/tests/unit/geometry/Test_Curvature.cpp for CXX dependencies
[908/1239] Scanning /home/alex/Documents/IntrinsicEngine/tests/unit/geometry/Test.CurvatureTensor.cpp for CXX dependencies
[909/1239] Scanning /home/alex/Documents/IntrinsicEngine/tests/unit/geometry/Test_Raycast.cpp for CXX dependencies
[910/1239] Scanning /home/alex/Documents/IntrinsicEngine/tests/unit/geometry/Test_GeometryQueries.cpp for CXX dependencies
[911/1239] Scanning /home/alex/Documents/IntrinsicEngine/tests/unit/geometry/Test_PcaPrimitives.cpp for CXX dependencies
[912/1239] Scanning /home/alex/Documents/IntrinsicEngine/tests/unit/geometry/Test_Overlap.cpp for CXX dependencies
[913/1239] Scanning /home/alex/Documents/IntrinsicEngine/tests/unit/geometry/Test_Grid.cpp for CXX dependencies
[914/1239] Scanning /home/alex/Documents/IntrinsicEngine/tests/unit/geometry/Test_MarchingCubes.cpp for CXX dependencies
[915/1239] Scanning /home/alex/Documents/IntrinsicEngine/tests/unit/geometry/Test_ImplicitPlaneField.cpp for CXX dependencies
[916/1239] Scanning /home/alex/Documents/IntrinsicEngine/tests/unit/geometry/Test_Containment.cpp for CXX dependencies
[917/1239] Scanning /home/alex/Documents/IntrinsicEngine/tests/unit/geometry/Test_Support.cpp for CXX dependencies
[918/1239] Scanning /home/alex/Documents/IntrinsicEngine/tests/unit/geometry/Test.SupportRadius.cpp for CXX dependencies
[919/1239] Scanning /home/alex/Documents/IntrinsicEngine/tests/unit/geometry/Test_Simplification.cpp for CXX dependencies
[920/1239] Scanning /home/alex/Documents/IntrinsicEngine/tests/unit/geometry/Test_Geodesic.cpp for CXX dependencies
[921/1239] Scanning /home/alex/Documents/IntrinsicEngine/tests/unit/geometry/Test_VectorHeatMethod.cpp for CXX dependencies
[922/1239] Scanning /home/alex/Documents/IntrinsicEngine/tests/unit/geometry/Test_ShortestPath.cpp for CXX dependencies
[923/1239] Scanning /home/alex/Documents/IntrinsicEngine/tests/unit/geometry/Test_Subdivision.cpp for CXX dependencies
[924/1239] Scanning /home/alex/Documents/IntrinsicEngine/tests/unit/geometry/Test_Smoothing.cpp for CXX dependencies
[925/1239] Scanning /home/alex/Documents/IntrinsicEngine/tests/unit/geometry/Test.QualityMetrics.cpp for CXX dependencies
[926/1239] Scanning /home/alex/Documents/IntrinsicEngine/tests/unit/geometry/Test.Sampling.cpp for CXX dependencies
[927/1239] Scanning /home/alex/Documents/IntrinsicEngine/tests/unit/geometry/Test.SurfaceSampling.cpp for CXX dependencies
[928/1239] Scanning /home/alex/Documents/IntrinsicEngine/tests/unit/geometry/Test.PointCloudNormals.cpp for CXX dependencies
[929/1239] Scanning /home/alex/Documents/IntrinsicEngine/tests/unit/geometry/Test.PointCloudConsolidation.cpp for CXX dependencies
[930/1239] Scanning /home/alex/Documents/IntrinsicEngine/tests/unit/geometry/Test.PointCloudFeatures.cpp for CXX dependencies
[931/1239] Scanning /home/alex/Documents/IntrinsicEngine/tests/unit/geometry/Test.PointCloudKernels.cpp for CXX dependencies
[932/1239] Scanning /home/alex/Documents/IntrinsicEngine/tests/unit/geometry/Test_Registration.cpp for CXX dependencies
[933/1239] Scanning /home/alex/Documents/IntrinsicEngine/tests/unit/geometry/Test_PointCloudRobustness.cpp for CXX dependencies
[934/1239] Scanning /home/alex/Documents/IntrinsicEngine/tests/unit/geometry/Test.PointCloudOutlierRemoval.cpp for CXX dependencies
[935/1239] Scanning /home/alex/Documents/IntrinsicEngine/tests/unit/geometry/Test.IntersectionClassification.cpp for CXX dependencies
[936/1239] Scanning /home/alex/Documents/IntrinsicEngine/tests/unit/geometry/Test.RaycastClassify.cpp for CXX dependencies
[937/1239] Scanning /home/alex/Documents/IntrinsicEngine/tests/unit/geometry/Test.RobustPredicates.cpp for CXX dependencies
[938/1239] Scanning /home/alex/Documents/IntrinsicEngine/tests/unit/geometry/Test.LinearAlgebra.cpp for CXX dependencies
[939/1239] Scanning /home/alex/Documents/IntrinsicEngine/tests/unit/geometry/Test.Sparse.cpp for CXX dependencies
[940/1239] Scanning /home/alex/Documents/IntrinsicEngine/tests/unit/geometry/Test.SparseFactorization.cpp for CXX dependencies
[941/1239] Scanning /home/alex/Documents/IntrinsicEngine/tests/unit/geometry/Test.SparseNonsymmetric.cpp for CXX dependencies
[942/1239] Scanning /home/alex/Documents/IntrinsicEngine/tests/unit/geometry/Test.SignedHeatMethod.cpp for CXX dependencies
[943/1239] Scanning /home/alex/Documents/IntrinsicEngine/tests/unit/geometry/Test_SubmeshView.cpp for CXX dependencies
[944/1239] Scanning /home/alex/Documents/IntrinsicEngine/tests/unit/geometry/Test.SubmeshViewDomainBorrows.cpp for CXX dependencies
[945/1239] Scanning /home/alex/Documents/IntrinsicEngine/tests/unit/geometry/Test_RuntimeGeometry.cpp for CXX dependencies
[946/1239] Generating CXX dyndep file tests/CMakeFiles/GeometryTestObjs.dir/CXX.dd
[947/1293] Scanning /home/alex/Documents/IntrinsicEngine/tests/unit/geometry/Test_HtexPatch.cpp for CXX dependencies
[948/1293] Scanning /home/alex/Documents/IntrinsicEngine/tests/unit/geometry/Test_SDF.cpp for CXX dependencies
[949/1293] Building CXX object tests/CMakeFiles/GeometryTestObjs.dir/unit/geometry/Test_MeshClosestFace.cpp.o
[950/1293] Building CXX object tests/CMakeFiles/GeometryTestObjs.dir/unit/geometry/Test_MeshQuantities.cpp.o
[951/1293] Building CXX object tests/CMakeFiles/GeometryTestObjs.dir/unit/geometry/Test_RuntimeGraph.cpp.o
[952/1293] Building CXX object tests/CMakeFiles/GeometryTestObjs.dir/unit/geometry/Test_RuntimeGraphKNN.cpp.o
[953/1293] Building CXX object tests/CMakeFiles/GeometryTestObjs.dir/unit/geometry/Test.GraphQueries.cpp.o
[954/1293] Building CXX object tests/CMakeFiles/GeometryTestObjs.dir/unit/geometry/Test.GeometryProperties.cpp.o
[955/1293] Building CXX object src/runtime/CMakeFiles/ExtrinsicRuntime.dir/Runtime.Module.cppm.o
[956/1293] Building CXX object tests/CMakeFiles/GeometryTestObjs.dir/unit/geometry/Test_KDTree.cpp.o
[957/1293] Building CXX object tests/CMakeFiles/GeometryTestObjs.dir/unit/geometry/Test_Octree.cpp.o
[958/1293] Building CXX object tests/CMakeFiles/GeometryTestObjs.dir/unit/geometry/Test_BVH.cpp.o
[959/1293] Building CXX object src/runtime/CMakeFiles/ExtrinsicRuntime.dir/Runtime.AsyncWorkModule.cppm.o
[960/1293] Building CXX object src/runtime/CMakeFiles/ExtrinsicRuntime.dir/Runtime.AsyncWorkModule.cpp.o
[961/1293] Building CXX object src/runtime/CMakeFiles/ExtrinsicRuntime.dir/Runtime.PointCloudConsolidationModule.cppm.o
[962/1293] Building CXX object src/runtime/CMakeFiles/ExtrinsicRuntime.dir/Editor/Runtime.EditorUiModule.cppm.o
[963/1293] Building CXX object src/runtime/CMakeFiles/ExtrinsicRuntime.dir/Runtime.Engine.cppm.o
[964/1293] Building CXX object src/runtime/CMakeFiles/ExtrinsicRuntime.dir/Runtime.PointCloudConsolidationModule.cpp.o
[965/1293] Building CXX object src/runtime/CMakeFiles/ExtrinsicRuntime.dir/Runtime.RenderExtractionService.cpp.o
[966/1293] Building CXX object src/runtime/CMakeFiles/ExtrinsicRuntime.dir/Modules/Clustering/Runtime.ClusteringModule.cppm.o
[967/1293] Building CXX object src/runtime/CMakeFiles/ExtrinsicRuntime.dir/Runtime.EngineConfigControl.cppm.o
[968/1293] Building CXX object src/runtime/CMakeFiles/ExtrinsicRuntime.dir/Modules/Clustering/Runtime.ClusteringModule.cpp.o
[969/1293] Building CXX object src/runtime/CMakeFiles/ExtrinsicRuntime.dir/Modules/Clustering/Runtime.ClusteringGpuBackend.cpp.o
[970/1293] Building CXX object src/runtime/CMakeFiles/ExtrinsicRuntime.dir/Modules/Clustering/Runtime.ClusteringGpuState.cpp.o
[971/1293] Building CXX object src/runtime/CMakeFiles/ExtrinsicRuntime.dir/Runtime.EngineConfigControl.cpp.o
[972/1293] Building CXX object src/runtime/CMakeFiles/ExtrinsicRuntime.dir/Scene/Runtime.SceneDocumentModule.cppm.o
[973/1293] Building CXX object src/runtime/CMakeFiles/ExtrinsicRuntime.dir/Modules/Clustering/Runtime.ClusteringConfig.cppm.o
[974/1293] Building CXX object src/runtime/CMakeFiles/ExtrinsicRuntime.dir/Runtime.PhysicsModule.cppm.o
[975/1293] Building CXX object src/runtime/CMakeFiles/ExtrinsicRuntime.dir/Scene/Runtime.SceneDocumentModule.cpp.o
[976/1293] Building CXX object src/runtime/CMakeFiles/ExtrinsicRuntime.dir/Runtime.PhysicsModule.cpp.o
[977/1293] Building CXX object src/runtime/CMakeFiles/ExtrinsicRuntime.dir/Runtime.RenderRecipeEditingOperations.cppm.o
[978/1293] Building CXX object src/runtime/CMakeFiles/ExtrinsicRuntime.dir/Cameras/Runtime.CameraModule.cppm.o
[979/1293] Building CXX object src/runtime/CMakeFiles/ExtrinsicRuntime.dir/Runtime.RenderRecipeEditingOperations.cpp.o
[980/1293] Building CXX object src/runtime/CMakeFiles/ExtrinsicRuntime.dir/Cameras/Runtime.CameraModule.cpp.o
[981/1293] Building CXX object src/runtime/CMakeFiles/ExtrinsicRuntime.dir/Runtime.RenderRecipeEditingOperations.Debug.cpp.o
[982/1293] Building CXX object src/runtime/CMakeFiles/ExtrinsicRuntime.dir/ImGui/Runtime.ImGuiAdapter.cppm.o
[983/1293] Building CXX object src/runtime/CMakeFiles/ExtrinsicRuntime.dir/Editor/Runtime.EditorUiModule.cpp.o
[984/1293] Building CXX object src/runtime/CMakeFiles/ExtrinsicRuntime.dir/Scene/Runtime.SceneInteractionModule.cppm.o
[985/1293] Building CXX object src/runtime/CMakeFiles/ExtrinsicRuntime.dir/ImGui/Runtime.ImGuiAdapter.cpp.o
[986/1293] Building CXX object src/runtime/CMakeFiles/ExtrinsicRuntime.dir/Scene/Runtime.SceneInteractionModule.cpp.o
[987/1293] Building CXX object src/app/Sandbox/CMakeFiles/ExtrinsicSandboxEditor.dir/Sandbox.ConfigSections.cppm.o
[988/1293] Building CXX object src/app/Sandbox/CMakeFiles/ExtrinsicSandboxEditor.dir/Sandbox.ConfigSections.cpp.o
[989/1293] Building CXX object tests/CMakeFiles/RuntimeContractTestObjs.dir/contract/runtime/Test.AsyncWorkModule.cpp.o
[990/1293] Building CXX object src/runtime/CMakeFiles/ExtrinsicRuntime.dir/Runtime.TextureBakeModule.cppm.o
[991/1293] Building CXX object src/runtime/CMakeFiles/ExtrinsicRuntime.dir/internal/Runtime.FeatureConfigCodecs.Detail.cppm.o
[992/1293] Building CXX object tests/CMakeFiles/RuntimeContractTestObjs.dir/contract/runtime/Test.EditorUiHost.cpp.o
[993/1293] Building CXX object src/runtime/CMakeFiles/ExtrinsicRuntime.dir/Modules/Clustering/Runtime.ClusteringConfig.cpp.o
[994/1293] Building CXX object src/runtime/CMakeFiles/ExtrinsicRuntime.dir/Runtime.ProgressivePoissonConfig.cpp.o
[995/1293] Building CXX object src/runtime/CMakeFiles/ExtrinsicRuntime.dir/Runtime.ParameterizationConfig.cpp.o
[996/1293] Building CXX object src/runtime/CMakeFiles/ExtrinsicRuntime.dir/Runtime.PointCloudConsolidationConfig.cpp.o
[997/1293] Building CXX object src/runtime/CMakeFiles/ExtrinsicRuntime.dir/Runtime.TextureBakeModule.cpp.o
[998/1293] Building CXX object src/runtime/CMakeFiles/ExtrinsicRuntime.dir/internal/Runtime.FeatureConfigCodecs.Detail.cpp.o
[999/1293] Building CXX object src/runtime/CMakeFiles/ExtrinsicRuntime.dir/Runtime.AssetWorkflowRecipePolicies.cppm.o
[1000/1293] Building CXX object src/runtime/CMakeFiles/ExtrinsicRuntime.dir/Runtime.GeometryProcessingOperations.cppm.o
[1001/1293] Building CXX object src/runtime/CMakeFiles/ExtrinsicRuntime.dir/Runtime.AssetWorkflowModule.cppm.o
[1002/1293] Building CXX object src/runtime/CMakeFiles/ExtrinsicRuntime.dir/Runtime.AssetWorkflowRecipePolicies.cpp.o
[1003/1293] Building CXX object src/runtime/CMakeFiles/ExtrinsicRuntime.dir/Runtime.AssetWorkflowModelMaterialization.cppm.o
[1004/1293] Building CXX object src/runtime/CMakeFiles/ExtrinsicRuntime.dir/Runtime.ParameterizationOperations.cpp.o
[1005/1293] Building CXX object src/runtime/CMakeFiles/ExtrinsicRuntime.dir/Runtime.SceneEditingOperations.Actions.cpp.o
[1006/1293] Building CXX object src/runtime/CMakeFiles/ExtrinsicRuntime.dir/Runtime.AssetWorkflowModelMaterialization.cpp.o
[1007/1293] Building CXX object src/runtime/CMakeFiles/ExtrinsicRuntime.dir/Runtime.GeometryProcessingOperations.cpp.o
[1008/1293] Building CXX object src/runtime/CMakeFiles/ExtrinsicRuntime.dir/Runtime.Engine.cpp.o
[1009/1293] Building CXX object tests/CMakeFiles/RuntimeContractTestObjs.dir/contract/runtime/Test.GpuAssetCacheFallbackBootstrap.cpp.o
[1010/1293] Building CXX object tests/CMakeFiles/RuntimeContractTestObjs.dir/contract/runtime/Test.AssetImportRecipe.cpp.o
[1011/1293] Building CXX object src/runtime/CMakeFiles/ExtrinsicRuntime.dir/Runtime.GeometryProcessingOperations.Mesh.cpp.o
[1012/1293] Building CXX object tests/CMakeFiles/RuntimeContractTestObjs.dir/contract/runtime/Test.ImGuiAdapter.cpp.o
[1013/1293] Building CXX object tests/CMakeFiles/RuntimeContractTestObjs.dir/contract/runtime/Test.ImGuiAdapterEngineWiring.cpp.o
[1014/1293] Building CXX object tests/CMakeFiles/RuntimeContractTestObjs.dir/contract/runtime/Test.AssetWorkflowModule.cpp.o
[1015/1293] Building CXX object src/runtime/CMakeFiles/ExtrinsicRuntime.dir/Runtime.AssetWorkflowImportExecutor.cppm.o
[1016/1293] Building CXX object tests/CMakeFiles/RuntimeContractTestObjs.dir/contract/runtime/Test.MeshPrimitiveViewExtraction.cpp.o
[1017/1293] Building CXX object tests/CMakeFiles/RuntimeContractTestObjs.dir/contract/runtime/Test.MeshGeometryExtraction.cpp.o
[1018/1293] Building CXX object src/runtime/CMakeFiles/ExtrinsicRuntime.dir/Runtime.AssetWorkflowModule.cpp.o
[1019/1293] Building CXX object tests/CMakeFiles/RuntimeContractTestObjs.dir/contract/runtime/Test.RenderExtractionContract.cpp.o
[1020/1293] Building CXX object src/runtime/CMakeFiles/ExtrinsicRuntime.dir/Runtime.AssetWorkflowImportExecutor.cpp.o
[1021/1293] Building CXX object tests/CMakeFiles/RuntimeContractTestObjs.dir/contract/runtime/Test.GizmoInteractionEngineWiring.cpp.o
[1022/1293] Building CXX object tests/CMakeFiles/RuntimeContractTestObjs.dir/contract/runtime/Test.GraphGeometryExtraction.cpp.o
[1023/1293] Building CXX object tests/CMakeFiles/RuntimeContractTestObjs.dir/contract/runtime/Test.ProceduralGeometryExtraction.cpp.o
[1024/1293] Building CXX object tests/CMakeFiles/RuntimeContractTestObjs.dir/contract/runtime/Test.PointCloudGeometryExtraction.cpp.o
[1025/1293] Building CXX object tests/CMakeFiles/RuntimeContractTestObjs.dir/contract/runtime/Test.CameraModule.cpp.o
[1026/1293] Building CXX object tests/CMakeFiles/RuntimeContractTestObjs.dir/contract/runtime/Test.ClusteringModule.cpp.o
[1027/1293] Building CXX object tests/CMakeFiles/RuntimeContractTestObjs.dir/contract/runtime/Test.RuntimeJobService.cpp.o
[1028/1293] Building CXX object tests/CMakeFiles/RuntimeContractTestObjs.dir/contract/runtime/Test.PointCloudConsolidationModule.cpp.o
[1029/1293] Building CXX object tests/CMakeFiles/RuntimeContractTestObjs.dir/contract/runtime/Test.RuntimeKernelEvents.cpp.o
[1030/1293] Building CXX object tests/CMakeFiles/RuntimeContractTestObjs.dir/contract/runtime/Test.RuntimeModule.cpp.o
[1031/1293] Building CXX object tests/CMakeFiles/RuntimeContractTestObjs.dir/contract/runtime/Test.RuntimeWorldRegistry.cpp.o
[1032/1293] Building CXX object tests/CMakeFiles/RuntimeContractTestObjs.dir/contract/runtime/Test.SceneDocumentModule.cpp.o
[1033/1293] Building CXX object tests/CMakeFiles/RuntimeContractTestObjs.dir/contract/runtime/Test.RuntimeSceneLifecycle.cpp.o
[1034/1293] Building CXX object src/runtime/CMakeFiles/ExtrinsicRuntime.dir/Runtime.VisualizationEditingOperations.cppm.o
[1035/1293] Building CXX object tests/CMakeFiles/RuntimeContractTestObjs.dir/contract/runtime/Test.RuntimeVulkanBreadcrumb.cpp.o
[1036/1293] Building CXX object src/runtime/CMakeFiles/ExtrinsicRuntime.dir/Runtime.VisualizationEditingOperations.Debug.cpp.o
[1037/1293] Building CXX object tests/CMakeFiles/RuntimeContractTestObjs.dir/contract/runtime/Test.SceneInteractionModule.cpp.o
[1038/1293] Building CXX object tests/CMakeFiles/RuntimeContractTestObjs.dir/contract/runtime/Test.SelectionSnapshotExtraction.cpp.o
[1039/1293] Building CXX object tests/CMakeFiles/RuntimeContractTestObjs.dir/contract/runtime/Test.SelectionStableLookupComposition.cpp.o
[1040/1293] Building CXX object tests/CMakeFiles/SandboxEditorIntegrationTestObjs.dir/integration/runtime/Test.SandboxConfigSections.cpp.o
[1041/1293] Building CXX object tests/CMakeFiles/RuntimePhysicsModuleTestObjs.dir/integration/runtime/Test.PhysicsModule.cpp.o
[1042/1293] Building CXX object tests/CMakeFiles/SandboxEditorIntegrationTestObjs.dir/integration/runtime/Test.SandboxAppComposition.cpp.o
[1043/1293] Building CXX object tests/CMakeFiles/GeometryTestObjs.dir/unit/geometry/Test_DEC.cpp.o
[1044/1293] Building CXX object tests/CMakeFiles/GeometryTestObjs.dir/unit/geometry/Test_MeshOperations.cpp.o
[1045/1293] Building CXX object src/runtime/CMakeFiles/ExtrinsicRuntime.dir/Runtime.VisualizationEditingOperations.Actions.cpp.o
[1046/1293] Building CXX object tests/CMakeFiles/GeometryTestObjs.dir/unit/geometry/Test_MeshBuilder.cpp.o
[1047/1293] Building CXX object tests/CMakeFiles/GeometryTestObjs.dir/unit/geometry/Test_GeometryProcessing.cpp.o
[1048/1293] Building CXX object tests/CMakeFiles/GeometryTestObjs.dir/unit/geometry/Test_MeshQuality.cpp.o
[1049/1293] Building CXX object tests/CMakeFiles/GeometryTestObjs.dir/unit/geometry/Test_SurfaceReconstruction.cpp.o
/home/alex/Documents/IntrinsicEngine/tests/unit/geometry/Test_SurfaceReconstruction.cpp:63:34: warning: unused function 'MakeSphereSDF' [-Wunused-function]
   63 | static Geometry::Grid::DenseGrid MakeSphereSDF(
      |                                  ^~~~~~~~~~~~~
/home/alex/Documents/IntrinsicEngine/tests/unit/geometry/Test_SurfaceReconstruction.cpp:96:34: warning: unused function 'MakePlaneSDF' [-Wunused-function]
   96 | static Geometry::Grid::DenseGrid MakePlaneSDF(
      |                                  ^~~~~~~~~~~~
2 warnings generated.
[1050/1293] Building CXX object tests/CMakeFiles/GeometryTestObjs.dir/unit/geometry/Test_Parameterization.cpp.o
[1051/1293] Building CXX object tests/CMakeFiles/GeometryTestObjs.dir/unit/geometry/Test.ParameterizationDiagnostics.cpp.o
[1052/1293] Building CXX object tests/CMakeFiles/GeometryTestObjs.dir/unit/geometry/Test_MeshAnalysis.cpp.o
[1053/1293] Building CXX object tests/CMakeFiles/GeometryTestObjs.dir/unit/geometry/Test.HarmonicParameterization.cpp.o
[1054/1293] Building CXX object tests/CMakeFiles/GeometryTestObjs.dir/unit/geometry/Test.ParameterizationDispatch.cpp.o
[1055/1293] Building CXX object tests/CMakeFiles/GeometryTestObjs.dir/unit/geometry/Test.BoundaryFirstFlattening.cpp.o
[1056/1293] Building CXX object tests/CMakeFiles/GeometryTestObjs.dir/unit/geometry/Test.ParameterizationOptimize.cpp.o
[1057/1293] Building CXX object tests/CMakeFiles/GeometryTestObjs.dir/unit/geometry/Test_AdaptiveRemeshing.cpp.o
[1058/1293] Building CXX object tests/CMakeFiles/GeometryTestObjs.dir/unit/geometry/Test.UvAtlas.cpp.o
[1059/1293] Building CXX object tests/CMakeFiles/GeometryTestObjs.dir/unit/geometry/Test_ConvexHull.cpp.o
[1060/1293] Building CXX object tests/CMakeFiles/GeometryTestObjs.dir/unit/geometry/Test_Boolean.cpp.o
[1061/1293] Building CXX object tests/CMakeFiles/GeometryTestObjs.dir/unit/geometry/Test_SphereFitting.cpp.o
[1062/1293] Building CXX object tests/CMakeFiles/GeometryTestObjs.dir/unit/geometry/Test_PointCloud.cpp.o
[1063/1293] Building CXX object tests/CMakeFiles/GeometryTestObjs.dir/unit/geometry/Test_MeshBoundary.cpp.o
[1064/1293] Building CXX object tests/CMakeFiles/GeometryTestObjs.dir/unit/geometry/Test_GeometryAttributePropagation.cpp.o
[1065/1293] Building CXX object tests/CMakeFiles/GeometryTestObjs.dir/unit/geometry/Test_HalfedgeMeshPropertyAccess.cpp.o
[1066/1293] Building CXX object tests/CMakeFiles/GeometryTestObjs.dir/unit/geometry/Test_HalfedgeMeshTopology.cpp.o
[1067/1293] Building CXX object tests/CMakeFiles/GeometryTestObjs.dir/unit/geometry/Test.MeshTopologyUtilities.cpp.o
[1068/1293] Building CXX object tests/CMakeFiles/GeometryTestObjs.dir/unit/geometry/Test_Validation.cpp.o
[1069/1293] Building CXX object src/runtime/CMakeFiles/ExtrinsicRuntime.dir/Runtime.EditorWorkspaceSnapshots.cppm.o
[1070/1293] Building CXX object tests/CMakeFiles/GeometryTestObjs.dir/unit/geometry/Test_Curvature.cpp.o
[1071/1293] Building CXX object tests/CMakeFiles/GeometryTestObjs.dir/unit/geometry/Test_Raycast.cpp.o
[1072/1293] Building CXX object tests/CMakeFiles/GeometryTestObjs.dir/unit/geometry/Test.CurvatureTensor.cpp.o
[1073/1293] Building CXX object tests/CMakeFiles/RuntimeContractTestObjs.dir/contract/runtime/Test.ParameterizationOperations.cpp.o
[1074/1293] Building CXX object tests/CMakeFiles/RuntimeContractTestObjs.dir/contract/runtime/Test.RuntimeConfigControl.cpp.o
[1075/1293] Building CXX object tests/CMakeFiles/RuntimeContractTestObjs.dir/contract/runtime/Test.AssetImportFormatCoverage.cpp.o
[1076/1293] Building CXX object tests/CMakeFiles/RuntimeContractTestObjs.dir/contract/runtime/Test.RuntimeRenderRecipeActivation.cpp.o
[1077/1293] Building CXX object tests/CMakeFiles/RuntimeContractTestObjs.dir/contract/runtime/Test.RuntimeInputActions.cpp.o
[1078/1293] Building CXX object tests/CMakeFiles/RuntimeContractTestObjs.dir/contract/runtime/Test.RuntimeReferenceScene.cpp.o
[1079/1293] Building CXX object tests/CMakeFiles/RuntimeContractTestObjs.dir/contract/runtime/Test.SandboxEditorModels.cpp.o
[1080/1293] Building CXX object tests/CMakeFiles/RuntimeContractTestObjs.dir/contract/runtime/Test.SandboxEditorSceneCommands.cpp.o
[1081/1293] Building CXX object src/app/Sandbox/CMakeFiles/ExtrinsicSandboxEditor.dir/Editor/Sandbox.EditorShell.cppm.o
[1082/1293] Building CXX object src/app/Sandbox/CMakeFiles/ExtrinsicSandboxEditor.dir/Editor/Sandbox.EditorShell.cpp.o
[1083/1293] Building CXX object tests/CMakeFiles/RuntimeContractTestObjs.dir/contract/runtime/Test.SandboxEditorClusteringMethods.cpp.o
[1084/1293] Building CXX object tests/CMakeFiles/RuntimeContractTestObjs.dir/contract/runtime/Test.SandboxEditorMeshMethods.cpp.o
[1085/1293] Building CXX object src/runtime/CMakeFiles/ExtrinsicRuntime.dir/internal/Runtime.EditorFeatures.Detail.cppm.o
[1086/1293] Building CXX object src/runtime/CMakeFiles/ExtrinsicRuntime.dir/Runtime.EditorWorkspaceSnapshots.Models.cpp.o
[1087/1293] Building CXX object src/runtime/CMakeFiles/ExtrinsicRuntime.dir/internal/Runtime.EditorFeatureContextAdapters.cpp.o
[1088/1293] Building CXX object src/runtime/CMakeFiles/ExtrinsicRuntime.dir/internal/Runtime.EditorWorkspaceSession.cpp.o
[1089/1293] Building CXX object src/app/Sandbox/CMakeFiles/ExtrinsicSandboxEditor.dir/Editor/Sandbox.DomainPanels.cppm.o
[1090/1293] Building CXX object src/app/Sandbox/CMakeFiles/ExtrinsicSandboxEditor.dir/Editor/Sandbox.MethodPanels.cppm.o
[1091/1293] Building CXX object src/app/Sandbox/CMakeFiles/ExtrinsicSandboxEditor.dir/Editor/Sandbox.MeshProcessingPanels.cppm.o
[1092/1293] Building CXX object src/app/Sandbox/CMakeFiles/ExtrinsicSandboxEditor.dir/Editor/Sandbox.DomainPanels.cpp.o
[1093/1293] Building CXX object src/app/Sandbox/CMakeFiles/ExtrinsicSandboxEditor.dir/Editor/Sandbox.EditorController.cpp.o
[1094/1293] Building CXX object src/app/Sandbox/CMakeFiles/ExtrinsicSandboxEditor.dir/Editor/Sandbox.MethodPanels.cpp.o
[1095/1293] Building CXX object src/app/Sandbox/CMakeFiles/ExtrinsicSandboxEditor.dir/Editor/Sandbox.MeshProcessingPanels.cpp.o
[1096/1293] Building CXX object tests/CMakeFiles/RuntimeContractTestObjs.dir/contract/runtime/Test.TextureBakeModule.cpp.o
[1097/1293] Building CXX object tests/CMakeFiles/RuntimeContractTestObjs.dir/contract/runtime/Test.SandboxEditorSessionLifecycle.cpp.o
[1098/1293] Building CXX object tests/CMakeFiles/SandboxEditorIntegrationTestObjs.dir/integration/runtime/Test.SandboxDomainPanels.cpp.o
[1099/1293] Building CXX object tests/CMakeFiles/RuntimeContractTestObjs.dir/contract/runtime/Test.SandboxEditorVisualization.cpp.o
[1100/1293] Building CXX object tests/CMakeFiles/SandboxEditorIntegrationTestObjs.dir/integration/runtime/Test.SandboxEditorPresentation.cpp.o
[1101/1293] Building CXX object tests/CMakeFiles/SandboxEditorIntegrationTestObjs.dir/integration/runtime/Test.SandboxParameterizationPanel.cpp.o
[1102/1293] Building CXX object tests/CMakeFiles/GeometryTestObjs.dir/unit/geometry/Test_GeometryQueries.cpp.o
[1103/1293] Building CXX object src/runtime/CMakeFiles/ExtrinsicRuntime.dir/internal/Runtime.EditorWorkspaceAttachment.Detail.cppm.o
[1104/1293] Building CXX object tests/CMakeFiles/GeometryTestObjs.dir/unit/geometry/Test_PcaPrimitives.cpp.o
[1105/1293] Building CXX object tests/CMakeFiles/GeometryTestObjs.dir/unit/geometry/Test_Overlap.cpp.o
[1106/1293] Building CXX object src/runtime/CMakeFiles/ExtrinsicRuntime.dir/Runtime.EditorWorkspaceAttachment.cpp.o
[1107/1293] Building CXX object src/runtime/CMakeFiles/ExtrinsicRuntime.dir/Runtime.SceneEditingOperations.Public.cpp.o
[1108/1293] Building CXX object src/runtime/CMakeFiles/ExtrinsicRuntime.dir/Runtime.VisualizationEditingOperations.Public.cpp.o
[1109/1293] Building CXX object tests/CMakeFiles/SandboxEditorIntegrationTestObjs.dir/integration/runtime/Test.SandboxPointCloudConsolidationPanel.cpp.o
[1110/1293] Building CXX object src/runtime/CMakeFiles/ExtrinsicRuntime.dir/Runtime.GeometryProcessingOperations.Public.cpp.o
[1111/1293] Building CXX object src/runtime/CMakeFiles/ExtrinsicRuntime.dir/Runtime.RenderRecipeEditingOperations.Public.cpp.o
[1112/1293] Building CXX object tests/CMakeFiles/GeometryTestObjs.dir/unit/geometry/Test_Grid.cpp.o
[1113/1293] Building CXX object tests/CMakeFiles/GeometryTestObjs.dir/unit/geometry/Test_MarchingCubes.cpp.o
/home/alex/Documents/IntrinsicEngine/tests/unit/geometry/Test_MarchingCubes.cpp:56:5: warning: ignoring return value of function declared with 'nodiscard' attribute [-Wunused-result]
   56 |     grid.AddProperty<float>("scalar", 10.0f);
      |     ^~~~~~~~~~~~~~~~~~~~~~~~~~~~~~~~~~~~~~~~
1 warning generated.
[1114/1293] Building CXX object tests/CMakeFiles/GeometryTestObjs.dir/unit/geometry/Test_ImplicitPlaneField.cpp.o
[1115/1293] Building CXX object src/runtime/CMakeFiles/ExtrinsicRuntime.dir/Runtime.EditorWorkspaceSnapshots.Public.cpp.o
[1116/1293] Linking CXX static library lib/libExtrinsicRuntime.a
[1117/1293] Linking CXX static library lib/libExtrinsicSandboxEditor.a
[1118/1293] Building CXX object tests/CMakeFiles/GeometryTestObjs.dir/unit/geometry/Test.SupportRadius.cpp.o
[1119/1293] Building CXX object tests/CMakeFiles/GeometryTestObjs.dir/unit/geometry/Test_Containment.cpp.o
[1120/1293] Building CXX object tests/CMakeFiles/GeometryTestObjs.dir/unit/geometry/Test_Support.cpp.o
[1121/1293] Building CXX object tests/CMakeFiles/GeometryTestObjs.dir/unit/geometry/Test_Simplification.cpp.o
[1122/1293] Building CXX object tests/CMakeFiles/GeometryTestObjs.dir/unit/geometry/Test_Geodesic.cpp.o
[1123/1293] Building CXX object tests/CMakeFiles/GeometryTestObjs.dir/unit/geometry/Test_VectorHeatMethod.cpp.o
[1124/1293] Building CXX object tests/CMakeFiles/GeometryTestObjs.dir/unit/geometry/Test_ShortestPath.cpp.o
[1125/1293] Building CXX object tests/CMakeFiles/GeometryTestObjs.dir/unit/geometry/Test_Subdivision.cpp.o
[1126/1293] Building CXX object tests/CMakeFiles/GeometryTestObjs.dir/unit/geometry/Test_Smoothing.cpp.o
[1127/1293] Building CXX object tests/CMakeFiles/GeometryTestObjs.dir/unit/geometry/Test.SignedHeatMethod.cpp.o
[1128/1293] Scanning /home/alex/Documents/IntrinsicEngine/tests/unit/geometry/Test_ContactManifold.cpp for CXX dependencies
[1129/1293] Scanning /home/alex/Documents/IntrinsicEngine/tests/unit/geometry/Test_GJK.cpp for CXX dependencies
[1130/1293] Generating CXX dyndep file tests/CMakeFiles/GeometryProcessStateTestObjs.dir/CXX.dd
[1131/1298] Building CXX object tests/CMakeFiles/GeometryTestObjs.dir/unit/geometry/Test_SubmeshView.cpp.o
[1132/1298] Building CXX object tests/CMakeFiles/GeometryTestObjs.dir/unit/geometry/Test_Registration.cpp.o
[1133/1298] Building CXX object tests/CMakeFiles/GeometryTestObjs.dir/unit/geometry/Test.SubmeshViewDomainBorrows.cpp.o
[1134/1298] Building CXX object tests/CMakeFiles/GeometryProcessStateTestObjs.dir/unit/geometry/Test_SDF.cpp.o
[1135/1298] Building CXX object tests/CMakeFiles/GeometryProcessStateTestObjs.dir/unit/geometry/Test_RuntimeGeometry.cpp.o
[1136/1298] Scanning /home/alex/Documents/IntrinsicEngine/tests/unit/geometry/Test.GeometryIO.cpp for CXX dependencies
[1137/1298] Generating CXX dyndep file tests/CMakeFiles/GeometryIoTestObjs.dir/CXX.dd
[1138/1299] Building CXX object tests/CMakeFiles/GeometryProcessStateTestObjs.dir/unit/geometry/Test_HtexPatch.cpp.o
[1139/1299] Scanning /home/alex/Documents/IntrinsicEngine/tests/unit/geometry/Test.ProgressivePoissonReference.cpp for CXX dependencies
[1140/1299] Generating CXX dyndep file tests/CMakeFiles/GeometryMethodTestObjs.dir/CXX.dd
[1141/1299] Scanning /home/alex/Documents/IntrinsicEngine/tests/unit/assets/Test.Asset.EventBus.cpp for CXX dependencies
[1142/1299] Scanning /home/alex/Documents/IntrinsicEngine/tests/unit/assets/Test.Asset.ImportRouter.cpp for CXX dependencies
[1143/1299] Scanning /home/alex/Documents/IntrinsicEngine/tests/unit/assets/Test.Asset.ModelTexturePayload.cpp for CXX dependencies
[1144/1299] Scanning /home/alex/Documents/IntrinsicEngine/tests/unit/assets/Test.Asset.OperationStatus.cpp for CXX dependencies
[1145/1299] Scanning /home/alex/Documents/IntrinsicEngine/tests/unit/assets/Test.Asset.PathIndex.cpp for CXX dependencies
[1146/1299] Scanning /home/alex/Documents/IntrinsicEngine/tests/unit/assets/Test.Asset.PayloadStore.cpp for CXX dependencies
[1147/1299] Scanning /home/alex/Documents/IntrinsicEngine/tests/unit/assets/Test.Asset.Registry.cpp for CXX dependencies
[1148/1299] Generating CXX dyndep file tests/CMakeFiles/AssetUnitTestObjs.dir/CXX.dd
[1149/1299] Scanning /home/alex/Documents/IntrinsicEngine/tests/unit/core/Test.Core.BoundedHeap.cpp for CXX dependencies
[1150/1299] Scanning /home/alex/Documents/IntrinsicEngine/tests/unit/core/Test.Core.CallbackRegistry.cpp for CXX dependencies
[1151/1299] Scanning /home/alex/Documents/IntrinsicEngine/tests/unit/core/Test.Core.Config.cpp for CXX dependencies
[1152/1299] Scanning /home/alex/Documents/IntrinsicEngine/tests/unit/core/Test.Core.EngineConfigLoad.cpp for CXX dependencies
[1153/1299] Scanning /home/alex/Documents/IntrinsicEngine/tests/unit/core/Test.Core.DagScheduler.cpp for CXX dependencies
[1154/1299] Scanning /home/alex/Documents/IntrinsicEngine/tests/unit/core/Test.Core.ErrorLegacy.cpp for CXX dependencies
[1155/1299] Scanning /home/alex/Documents/IntrinsicEngine/tests/unit/core/Test.Core.FrameClock.cpp for CXX dependencies
[1156/1299] Scanning /home/alex/Documents/IntrinsicEngine/tests/unit/core/Test.Core.Filesystem.cpp for CXX dependencies
[1157/1299] Scanning /home/alex/Documents/IntrinsicEngine/tests/unit/core/Test.CoreFrameGraph.cpp for CXX dependencies
[1158/1299] Scanning /home/alex/Documents/IntrinsicEngine/tests/unit/core/Test.CoreFrameGraphTypeTokenHelper.cpp for CXX dependencies
[1159/1299] Scanning /home/alex/Documents/IntrinsicEngine/tests/unit/core/Test.Core.GraphCompiler.cpp for CXX dependencies
[1160/1299] Scanning /home/alex/Documents/IntrinsicEngine/tests/unit/core/Test.Core.HandleLease.cpp for CXX dependencies
[1161/1299] Scanning /home/alex/Documents/IntrinsicEngine/tests/unit/core/Test.CoreHash.cpp for CXX dependencies
[1162/1299] Scanning /home/alex/Documents/IntrinsicEngine/tests/unit/core/Test.Core.LockFreeQueue.cpp for CXX dependencies
[1163/1299] Scanning /home/alex/Documents/IntrinsicEngine/tests/unit/core/Test.Core.Logging.cpp for CXX dependencies
[1164/1299] Scanning /home/alex/Documents/IntrinsicEngine/tests/unit/core/Test.CoreMemory.cpp for CXX dependencies
[1165/1299] Scanning /home/alex/Documents/IntrinsicEngine/tests/unit/core/Test.CoreProfiling.cpp for CXX dependencies
[1166/1299] Scanning /home/alex/Documents/IntrinsicEngine/tests/unit/core/Test.Core.ResourcePool.cpp for CXX dependencies
[1167/1299] Scanning /home/alex/Documents/IntrinsicEngine/tests/unit/core/Test.CoreStrongHandle.cpp for CXX dependencies
[1168/1299] Scanning /home/alex/Documents/IntrinsicEngine/tests/unit/core/Test.Core.TaskGraphLegacy.cpp for CXX dependencies
[1169/1299] Scanning /home/alex/Documents/IntrinsicEngine/tests/unit/core/Test.Core.TaskGraphCompletionLifetime.cpp for CXX dependencies
[1170/1299] Scanning /home/alex/Documents/IntrinsicEngine/tests/unit/core/Test.CoreTasks.cpp for CXX dependencies
[1171/1299] Generating CXX dyndep file tests/CMakeFiles/CoreWrapperUnitTestObjs.dir/CXX.dd
[1172/1299] Scanning /home/alex/Documents/IntrinsicEngine/tests/unit/platform/Test.NullPlatform.cpp for CXX dependencies
[1173/1299] Scanning /home/alex/Documents/IntrinsicEngine/tests/contract/platform/Test.PlatformLayering.cpp for CXX dependencies
[1174/1299] Generating CXX dyndep file tests/CMakeFiles/PlatformTestObjs.dir/CXX.dd
[1175/1299] Scanning /home/alex/Documents/IntrinsicEngine/tests/unit/graphics/Test.RHI.BufferManager.cpp for CXX dependencies
[1176/1299] Scanning /home/alex/Documents/IntrinsicEngine/tests/unit/graphics/Test.RHI.SamplerManager.cpp for CXX dependencies
[1177/1299] Scanning /home/alex/Documents/IntrinsicEngine/tests/unit/graphics/Test.RHI.TextureManager.cpp for CXX dependencies
[1178/1299] Generating CXX dyndep file tests/CMakeFiles/GraphicsUnitTestObjs.dir/CXX.dd
[1179/1299] Scanning /home/alex/Documents/IntrinsicEngine/tests/unit/graphics/Test.RHI.PipelineManager.cpp for CXX dependencies
[1180/1299] Scanning /home/alex/Documents/IntrinsicEngine/tests/unit/graphics/Test.RHI.PipelineRegistry.cpp for CXX dependencies
[1181/1299] Scanning /home/alex/Documents/IntrinsicEngine/tests/unit/graphics/Test.RHI.Profiler.cpp for CXX dependencies
[1182/1299] Generating CXX dyndep file tests/CMakeFiles/GraphicsRhiCpuUnitTestObjs.dir/CXX.dd
[1183/1299] Scanning /home/alex/Documents/IntrinsicEngine/tests/contract/graphics/Test.BufferTransfer.cpp for CXX dependencies
[1184/1299] Building CXX object tests/CMakeFiles/GeometryProcessStateTestObjs.dir/unit/geometry/Test_ContactManifold.cpp.o
[1185/1299] Generating CXX dyndep file tests/CMakeFiles/GraphicsBufferTransferTestObjs.dir/CXX.dd
[1186/1299] Scanning /home/alex/Documents/IntrinsicEngine/tests/unit/graphics/Test.Graphics.ColormapSystem.cpp for CXX dependencies
[1187/1299] Scanning /home/alex/Documents/IntrinsicEngine/tests/unit/graphics/Test.Graphics.DebugViewSystem.cpp for CXX dependencies
[1188/1299] Scanning /home/alex/Documents/IntrinsicEngine/tests/unit/graphics/Test.Graphics.GpuSceneSlot.cpp for CXX dependencies
[1189/1299] Scanning /home/alex/Documents/IntrinsicEngine/tests/unit/graphics/Test.Graphics.ImGuiOverlaySystem.cpp for CXX dependencies
[1190/1299] Scanning /home/alex/Documents/IntrinsicEngine/tests/unit/graphics/Test.Graphics.MaterialSystem.cpp for CXX dependencies
[1191/1299] Scanning /home/alex/Documents/IntrinsicEngine/tests/unit/graphics/Test.Graphics.PostProcessSystem.cpp for CXX dependencies
[1192/1299] Scanning /home/alex/Documents/IntrinsicEngine/tests/unit/graphics/Test.RenderGraphDebugDump.cpp for CXX dependencies
[1193/1299] Scanning /home/alex/Documents/IntrinsicEngine/tests/unit/graphics/Test.Graphics.SpatialDebugVisualizers.cpp for CXX dependencies
[1194/1299] Scanning /home/alex/Documents/IntrinsicEngine/tests/unit/graphics/Test.Graphics.VisualizationPackets.cpp for CXX dependencies
[1195/1299] Scanning /home/alex/Documents/IntrinsicEngine/tests/unit/graphics/Test.GpuAssetCache.cpp for CXX dependencies
[1196/1299] Generating CXX dyndep file tests/CMakeFiles/GraphicsAssetsUnitTestObjs.dir/CXX.dd
[1197/1299] Generating CXX dyndep file tests/CMakeFiles/GraphicsRendererCpuUnitTestObjs.dir/CXX.dd
[1198/1299] Scanning /home/alex/Documents/IntrinsicEngine/tests/contract/graphics/Test.GpuTransferFacade.cpp for CXX dependencies
[1199/1299] Scanning /home/alex/Documents/IntrinsicEngine/tests/contract/graphics/Test.MinimalTriangleAcceptance.cpp for CXX dependencies
[1200/1299] Scanning /home/alex/Documents/IntrinsicEngine/tests/contract/graphics/Test.PropertyTextureBake.cpp for CXX dependencies
[1201/1299] Scanning /home/alex/Documents/IntrinsicEngine/tests/contract/graphics/Test.RHI.CommandContextBarriers.cpp for CXX dependencies
[1202/1299] Scanning /home/alex/Documents/IntrinsicEngine/tests/contract/graphics/Test.RendererRhiBoundary.cpp for CXX dependencies
[1203/1299] Scanning /home/alex/Documents/IntrinsicEngine/tests/contract/graphics/Test.TextureReadback.cpp for CXX dependencies
[1204/1299] Scanning /home/alex/Documents/IntrinsicEngine/tests/contract/graphics/Test.TextureUploadLayout.cpp for CXX dependencies
[1205/1299] Scanning /home/alex/Documents/IntrinsicEngine/tests/contract/graphics/Test.TransferQueueReadback.cpp for CXX dependencies
[1206/1299] Generating CXX dyndep file tests/CMakeFiles/GraphicsContractTestObjs.dir/CXX.dd
[1207/1299] Scanning /home/alex/Documents/IntrinsicEngine/tests/contract/graphics/Test.VulkanFailClosedContract.cpp for CXX dependencies
[1208/1299] Scanning /home/alex/Documents/IntrinsicEngine/tests/contract/graphics/Test.VulkanOperationalStatusEvaluator.cpp for CXX dependencies
[1209/1299] Scanning /home/alex/Documents/IntrinsicEngine/tests/contract/graphics/Test.VulkanOperationalDiagnosticsSnapshot.cpp for CXX dependencies
[1210/1299] Generating CXX dyndep file tests/CMakeFiles/GraphicsVulkanContractTestObjs.dir/CXX.dd
[1211/1299] Scanning /home/alex/Documents/IntrinsicEngine/tests/contract/graphics/Test.CrossQueueTimeline.cpp for CXX dependencies
[1212/1299] Scanning /home/alex/Documents/IntrinsicEngine/tests/contract/graphics/Test.CurrentRendererContractAdapter.cpp for CXX dependencies
[1213/1299] Scanning /home/alex/Documents/IntrinsicEngine/tests/contract/graphics/Test.CullingPassContracts.cpp for CXX dependencies
[1214/1299] Scanning /home/alex/Documents/IntrinsicEngine/tests/contract/graphics/Test.DefaultRecipeBackbufferReadback.cpp for CXX dependencies
[1215/1299] Scanning /home/alex/Documents/IntrinsicEngine/tests/contract/graphics/Test.ComputeParallelPrimitives.cpp for CXX dependencies
[1216/1299] Scanning /home/alex/Documents/IntrinsicEngine/tests/contract/graphics/Test.DebugViewContract.cpp for CXX dependencies
[1217/1299] Scanning /home/alex/Documents/IntrinsicEngine/tests/contract/graphics/Test.DebugViewPass.cpp for CXX dependencies
[1218/1299] Scanning /home/alex/Documents/IntrinsicEngine/tests/contract/graphics/Test.FrameRecipeContract.cpp for CXX dependencies
[1219/1299] Scanning /home/alex/Documents/IntrinsicEngine/tests/contract/graphics/Test.GeometryResidency.cpp for CXX dependencies
[1220/1299] Scanning /home/alex/Documents/IntrinsicEngine/tests/contract/graphics/Test.GpuWorldCompactionContract.cpp for CXX dependencies
[1221/1299] Scanning /home/alex/Documents/IntrinsicEngine/tests/contract/graphics/Test.GpuWorldLifetimeContract.cpp for CXX dependencies
[1222/1299] Scanning /home/alex/Documents/IntrinsicEngine/tests/contract/graphics/Test.GpuWorldUniformSoAContract.cpp for CXX dependencies
[1223/1299] Scanning /home/alex/Documents/IntrinsicEngine/tests/contract/graphics/Test.HZBResourceLifetime.cpp for CXX dependencies
[1224/1299] Scanning /home/alex/Documents/IntrinsicEngine/tests/contract/graphics/Test.ImGuiPass.cpp for CXX dependencies
[1225/1299] Scanning /home/alex/Documents/IntrinsicEngine/tests/contract/graphics/Test.ImGuiPresentContract.cpp for CXX dependencies
[1226/1299] Scanning /home/alex/Documents/IntrinsicEngine/tests/contract/graphics/Test.LightingShadowContracts.cpp for CXX dependencies
[1227/1299] Scanning /home/alex/Documents/IntrinsicEngine/tests/contract/graphics/Test.LightClusterGrid.cpp for CXX dependencies
[1228/1299] Scanning /home/alex/Documents/IntrinsicEngine/tests/contract/graphics/Test.LinePointPassContracts.cpp for CXX dependencies
[1229/1299] Scanning /home/alex/Documents/IntrinsicEngine/tests/contract/graphics/Test.MaterialSubstitutionContract.cpp for CXX dependencies
[1230/1299] Scanning /home/alex/Documents/IntrinsicEngine/tests/contract/graphics/Test.MinimalTriangleReadbackHarness.cpp for CXX dependencies
[1231/1299] Scanning /home/alex/Documents/IntrinsicEngine/tests/contract/graphics/Test.OwnershipTransferBarriers.cpp for CXX dependencies
[1232/1299] Scanning /home/alex/Documents/IntrinsicEngine/tests/contract/graphics/Test.PostProcessChainContract.cpp for CXX dependencies
[1233/1299] Scanning /home/alex/Documents/IntrinsicEngine/tests/contract/graphics/Test.PresentPass.cpp for CXX dependencies
[1234/1299] Scanning /home/alex/Documents/IntrinsicEngine/tests/contract/graphics/Test.Profiler.cpp for CXX dependencies
[1235/1299] Scanning /home/alex/Documents/IntrinsicEngine/tests/contract/graphics/Test.QueueAffinity.cpp for CXX dependencies
[1236/1299] Scanning /home/alex/Documents/IntrinsicEngine/tests/contract/graphics/Test.RHIResourceSlotRecycling.cpp for CXX dependencies
[1237/1299] Scanning /home/alex/Documents/IntrinsicEngine/tests/contract/graphics/Test.ReconstructionContract.cpp for CXX dependencies
[1238/1299] Scanning /home/alex/Documents/IntrinsicEngine/tests/contract/graphics/Test.RenderCommandRouter.cpp for CXX dependencies
[1239/1299] Scanning /home/alex/Documents/IntrinsicEngine/tests/contract/graphics/Test.RenderingContract.cpp for CXX dependencies
[1240/1299] Scanning /home/alex/Documents/IntrinsicEngine/tests/contract/graphics/Test.RenderRecipeConfig.cpp for CXX dependencies
[1241/1299] Scanning /home/alex/Documents/IntrinsicEngine/tests/contract/graphics/Test.RenderPrepPipeline.cpp for CXX dependencies
[1242/1299] Scanning /home/alex/Documents/IntrinsicEngine/tests/contract/graphics/Test.RenderSubsystemRegistry.cpp for CXX dependencies
[1243/1299] Scanning /home/alex/Documents/IntrinsicEngine/tests/contract/graphics/Test.RendererFrameLifecycle.cpp for CXX dependencies
[1244/1299] Scanning /home/alex/Documents/IntrinsicEngine/tests/contract/graphics/Test.RenderWorldContract.cpp for CXX dependencies
[1245/1299] Scanning /home/alex/Documents/IntrinsicEngine/tests/contract/graphics/Test.RenderGraphParallelRecording.cpp for CXX dependencies
[1246/1299] Scanning /home/alex/Documents/IntrinsicEngine/tests/contract/graphics/Test.RenderGraphValidation.cpp for CXX dependencies
[1247/1299] Scanning /home/alex/Documents/IntrinsicEngine/tests/contract/graphics/Test.SharedRenderRecipeExecution.cpp for CXX dependencies
[1248/1299] Scanning /home/alex/Documents/IntrinsicEngine/tests/contract/graphics/Test.SelectionPassContracts.cpp for CXX dependencies
[1249/1299] Scanning /home/alex/Documents/IntrinsicEngine/tests/contract/graphics/Test.SelectionSystemContracts.cpp for CXX dependencies
[1250/1299] Scanning /home/alex/Documents/IntrinsicEngine/tests/contract/graphics/Test.SurfacePassContracts.cpp for CXX dependencies
[1251/1299] Scanning /home/alex/Documents/IntrinsicEngine/tests/contract/graphics/Test.TransformSyncSystem.cpp for CXX dependencies
[1252/1299] Scanning /home/alex/Documents/IntrinsicEngine/tests/contract/graphics/Test.TransientDebugSurfacePass.cpp for CXX dependencies
[1253/1299] Scanning /home/alex/Documents/IntrinsicEngine/tests/contract/graphics/Test.UvView.cpp for CXX dependencies
[1254/1299] Scanning /home/alex/Documents/IntrinsicEngine/tests/contract/graphics/Test.VisualizationOverlayPass.cpp for CXX dependencies
[1255/1299] Scanning /home/alex/Documents/IntrinsicEngine/tests/contract/graphics/Test.VisualizationPropertyBufferResidency.cpp for CXX dependencies
[1256/1299] Generating CXX dyndep file tests/CMakeFiles/GraphicsContractCpuTestObjs.dir/CXX.dd
[1257/1299] Scanning /home/alex/Documents/IntrinsicEngine/tests/integration/runtime/Test.RuntimeRenderExtraction.cpp for CXX dependencies
[1258/1299] Scanning /home/alex/Documents/IntrinsicEngine/tests/contract/runtime/Test.RuntimeDeviceSelection.cpp for CXX dependencies
[1259/1299] Scanning /home/alex/Documents/IntrinsicEngine/tests/contract/runtime/Test.RuntimeFrameLoopContract.cpp for CXX dependencies
[1260/1299] Scanning /home/alex/Documents/IntrinsicEngine/tests/integration/runtime/Test.RenderWorldPoolPipelined.cpp for CXX dependencies
[1261/1299] Scanning /home/alex/Documents/IntrinsicEngine/tests/integration/runtime/Test.RuntimeSandboxAcceptance.cpp for CXX dependencies
[1262/1299] Generating CXX dyndep file tests/CMakeFiles/RuntimeGraphicsCpuTestObjs.dir/CXX.dd
[1263/1301] Scanning /home/alex/Documents/IntrinsicEngine/tests/integration/runtime/Test.AssetLoadPipeline.cpp for CXX dependencies
[1264/1301] Building CXX object tests/CMakeFiles/GeometryProcessStateTestObjs.dir/unit/geometry/Test_GJK.cpp.o
[1265/1301] Scanning /home/alex/Documents/IntrinsicEngine/tests/integration/runtime/Test.AssetService.cpp for CXX dependencies
[1266/1301] Scanning /home/alex/Documents/IntrinsicEngine/tests/integration/runtime/Test.CoreFrameGraphParallel.cpp for CXX dependencies
[1267/1301] Scanning /home/alex/Documents/IntrinsicEngine/tests/integration/runtime/Test.CoreGraphStress.cpp for CXX dependencies
[1268/1301] Scanning /home/alex/Documents/IntrinsicEngine/tests/integration/runtime/Test.CoreProcess.cpp for CXX dependencies
[1269/1301] Generating CXX dyndep file tests/CMakeFiles/RuntimeIntegrationCpuTestObjs.dir/CXX.dd
[1270/1301] Scanning /home/alex/Documents/IntrinsicEngine/tests/integration/graphics/Test.GpuWorldAndCulling.cpp for CXX dependencies
[1271/1301] Scanning /home/alex/Documents/IntrinsicEngine/tests/integration/graphics/Test.RenderGraphLegacy.cpp for CXX dependencies
[1272/1301] Scanning /home/alex/Documents/IntrinsicEngine/tests/integration/graphics/Test.RendererLegacy.cpp for CXX dependencies
[1273/1301] Generating CXX dyndep file tests/CMakeFiles/GraphicsIntegrationCpuTestObjs.dir/CXX.dd
[1274/1301] Generating CXX dyndep file tests/CMakeFiles/TestSupportObjs.dir/CXX.dd
[1275/1301] Linking CXX executable bin/IntrinsicRuntimeIntegrationTests
[1276/1301] Linking CXX executable bin/IntrinsicGraphicsIntegrationCpuTests
[1277/1301] Linking CXX executable bin/IntrinsicECSTests
[1278/1301] Building CXX object tests/CMakeFiles/GeometryIoTestObjs.dir/unit/geometry/Test.GeometryIO.cpp.o
[1279/1301] Linking CXX executable bin/IntrinsicRuntimeContractTests
[1280/1301] Linking CXX executable bin/IntrinsicPhysicsMethodTests
[1281/1301] Linking CXX executable bin/IntrinsicGeometryMethodTests
[1282/1301] Linking CXX executable bin/IntrinsicPhysicsWorldTests
[1283/1301] Linking CXX executable bin/IntrinsicSandboxEditorIntegrationTests
[1284/1301] Linking CXX executable bin/IntrinsicRuntimePhysicsModuleTests
[1285/1301] Linking CXX executable bin/IntrinsicGeometryIoTests
[1286/1301] Linking CXX executable bin/IntrinsicGeometryProcessStateTests
[1287/1301] Linking CXX executable bin/IntrinsicPlatformTests
[1288/1301] Scanning /home/alex/Documents/IntrinsicEngine/tests/regression/platform/Test.GlfwLifecycleLsanProcess.cpp for CXX dependencies
[1289/1301] Generating CXX dyndep file tests/CMakeFiles/IntrinsicGlfwLifecycleLsanProcess.dir/CXX.dd
[1290/1301] Linking CXX executable bin/IntrinsicGeometryTests
[1291/1301] Linking CXX executable bin/IntrinsicGlfwLifecycleLsanProcess
[1292/1301] Linking CXX executable bin/IntrinsicGraphicsUnitTests
[1293/1301] Linking CXX executable bin/IntrinsicGraphicsAssetsUnitTests
[1294/1301] Linking CXX executable bin/IntrinsicGraphicsRhiCpuUnitTests
[1295/1301] Linking CXX executable bin/IntrinsicGraphicsRendererCpuUnitTests
[1296/1301] Linking CXX executable bin/IntrinsicGraphicsVulkanContractTests
[1297/1301] Linking CXX executable bin/IntrinsicGraphicsContractTests
[1298/1301] Linking CXX executable bin/IntrinsicGraphicsContractCpuTests
[1299/1301] Building CXX object tests/CMakeFiles/RuntimeGraphicsCpuTestObjs.dir/integration/runtime/Test.RuntimeSandboxAcceptance.cpp.o
[1300/1301] Building CXX object tests/CMakeFiles/RuntimeGraphicsCpuTestObjs.dir/integration/runtime/Test.RuntimeRenderExtraction.cpp.o
[1301/1301] Linking CXX executable bin/IntrinsicRuntimeGraphicsCpuTests
