Internal ctest changing into directory: /tmp/intrinsic-geometry-e2e.GJlhXS/build/ci
Test project /tmp/intrinsic-geometry-e2e.GJlhXS/build/ci
          Start 1245: ProgressivePoissonReference.MinPairwiseFindsPairsBeyondAdjacentCells
   1/1616 Test #1245: ProgressivePoissonReference.MinPairwiseFindsPairsBeyondAdjacentCells ............................................   Passed    0.00 sec
          Start 1246: ProgressivePoissonReference.DeterministicForFixedSeeds
   2/1616 Test #1246: ProgressivePoissonReference.DeterministicForFixedSeeds ..........................................................   Passed    0.25 sec
          Start 1247: ProgressivePoissonReference.ShuffleSeedPermutesWithinLevelButKeepsBoundaries
   3/1616 Test #1247: ProgressivePoissonReference.ShuffleSeedPermutesWithinLevelButKeepsBoundaries ....................................   Passed    0.25 sec
          Start 1248: ProgressivePoissonReference.EmptyInputIsValidAndEmpty
   4/1616 Test #1248: ProgressivePoissonReference.EmptyInputIsValidAndEmpty ...........................................................   Passed    0.00 sec
          Start 1249: ProgressivePoissonReference.CoincidentPairAcceptsExactlyOne
   5/1616 Test #1249: ProgressivePoissonReference.CoincidentPairAcceptsExactlyOne .....................................................   Passed    0.01 sec
          Start 1250: ProgressivePoissonReference.NonFiniteInputFailsClosed
   6/1616 Test #1250: ProgressivePoissonReference.NonFiniteInputFailsClosed ...........................................................   Passed    0.00 sec
          Start 1251: ProgressivePoissonReference.InvalidDimensionFailsClosed
   7/1616 Test #1251: ProgressivePoissonReference.InvalidDimensionFailsClosed .........................................................   Passed    0.00 sec
          Start 1252: ProgressivePoissonReference.TwoDimensionalIgnoresZComponent
   8/1616 Test #1252: ProgressivePoissonReference.TwoDimensionalIgnoresZComponent .....................................................   Passed    0.05 sec
          Start 1253: ProgressivePoissonReference.ZeroGridWidthAndLevelsAreClamped
   9/1616 Test #1253: ProgressivePoissonReference.ZeroGridWidthAndLevelsAreClamped ....................................................   Passed    0.00 sec
          Start 1254: ProgressivePoissonReference.AlphaOutOfRangeDefaultsToSqrtDOverTwo
  10/1616 Test #1254: ProgressivePoissonReference.AlphaOutOfRangeDefaultsToSqrtDOverTwo ...............................................   Passed    0.02 sec
          Start 1255: Dimensions/ProgressivePoissonReferenceDim.SmallDeterministicCloudHoldsAtEveryLevelBoundary/2
  11/1616 Test #1255: Dimensions/ProgressivePoissonReferenceDim.SmallDeterministicCloudHoldsAtEveryLevelBoundary/2 ....................   Passed    0.00 sec
          Start 1256: Dimensions/ProgressivePoissonReferenceDim.SmallDeterministicCloudHoldsAtEveryLevelBoundary/3
  12/1616 Test #1256: Dimensions/ProgressivePoissonReferenceDim.SmallDeterministicCloudHoldsAtEveryLevelBoundary/3 ....................   Passed    0.00 sec
          Start 1257: Dimensions/ProgressivePoissonReferenceDim.MinPairwiseHelperEqualsBruteForce/2
  13/1616 Test #1257: Dimensions/ProgressivePoissonReferenceDim.MinPairwiseHelperEqualsBruteForce/2 ...................................   Passed    0.11 sec
          Start 1258: Dimensions/ProgressivePoissonReferenceDim.MinPairwiseHelperEqualsBruteForce/3
  14/1616 Test #1258: Dimensions/ProgressivePoissonReferenceDim.MinPairwiseHelperEqualsBruteForce/3 ...................................   Passed    0.21 sec
          Start 1287: GeometryStatistics.StreamingMomentsMatchBatch
  15/1616 Test #1287: GeometryStatistics.StreamingMomentsMatchBatch ...................................................................   Passed    0.00 sec
          Start 1288: GeometryStatistics.MergeEqualsConcatenation
  16/1616 Test #1288: GeometryStatistics.MergeEqualsConcatenation .....................................................................   Passed    0.00 sec
          Start 1289: GeometryStatistics.MedianOddAndEven
  17/1616 Test #1289: GeometryStatistics.MedianOddAndEven .............................................................................   Passed    0.00 sec
          Start 1290: GeometryStatistics.QuantileLinearInterpolation
  18/1616 Test #1290: GeometryStatistics.QuantileLinearInterpolation ..................................................................   Passed    0.00 sec
          Start 1291: GeometryStatistics.GenericMedianAndQuantileSupportNonDoubleVectors
  19/1616 Test #1291: GeometryStatistics.GenericMedianAndQuantileSupportNonDoubleVectors ..............................................   Passed    0.00 sec
          Start 1292: GeometryStatistics.RunningMedianTracksMedian
  20/1616 Test #1292: GeometryStatistics.RunningMedianTracksMedian ....................................................................   Passed    0.00 sec
          Start 1293: GeometryStatistics.SafeTrigClampsOutOfDomain
  21/1616 Test #1293: GeometryStatistics.SafeTrigClampsOutOfDomain ....................................................................   Passed    0.00 sec
          Start 1294: GeometryStatistics.FailClosedOnDegenerateInput
  22/1616 Test #1294: GeometryStatistics.FailClosedOnDegenerateInput ..................................................................   Passed    0.00 sec
          Start 1295: GeometryRobust.WeightMatchesAnalyticForms
  23/1616 Test #1295: GeometryRobust.WeightMatchesAnalyticForms .......................................................................   Passed    0.00 sec
          Start 1296: GeometryRobust.WeightEqualsPsiOverU
  24/1616 Test #1296: GeometryRobust.WeightEqualsPsiOverU .............................................................................   Passed    0.01 sec
          Start 1297: GeometryRobust.WeightFiniteAtZeroAndNonIncreasing
  25/1616 Test #1297: GeometryRobust.WeightFiniteAtZeroAndNonIncreasing ...............................................................   Passed    0.01 sec
          Start 1298: GeometryRobust.RedescendingDownweightsLargeResiduals
  26/1616 Test #1298: GeometryRobust.RedescendingDownweightsLargeResiduals ............................................................   Passed    0.00 sec
          Start 1299: GeometryRobust.FailClosedOnBadInputs
  27/1616 Test #1299: GeometryRobust.FailClosedOnBadInputs ............................................................................   Passed    0.01 sec
          Start 1300: GeometryRobust.RhoIsZeroAtZeroAndPositiveElsewhere
  28/1616 Test #1300: GeometryRobust.RhoIsZeroAtZeroAndPositiveElsewhere ..............................................................   Passed    0.01 sec
          Start 1301: AABBCubify.MakeCubicExpandsAroundCenterAndContainsOriginal
  29/1616 Test #1301: AABBCubify.MakeCubicExpandsAroundCenterAndContainsOriginal ......................................................   Passed    0.01 sec
          Start 1302: AABBCubify.ChildOctantsTileParentWithoutPositiveOverlap
  30/1616 Test #1302: AABBCubify.ChildOctantsTileParentWithoutPositiveOverlap .........................................................   Passed    0.01 sec
          Start 1303: AABBCubify.InvalidInputAndOutOfRangeOctantsFailClosed
  31/1616 Test #1303: AABBCubify.InvalidInputAndOutOfRangeOctantsFailClosed ...........................................................   Passed    0.01 sec
          Start 1304: BezierCurve.ReportsDegreeAndInterpolatesEndpoints
  32/1616 Test #1304: BezierCurve.ReportsDegreeAndInterpolatesEndpoints ...............................................................   Passed    0.01 sec
          Start 1305: BezierCurve.DegreeOneEqualsLinearLerp
  33/1616 Test #1305: BezierCurve.DegreeOneEqualsLinearLerp ...........................................................................   Passed    0.01 sec
          Start 1306: BezierCurve.BernsteinMatchesDeCasteljauForQuadraticAndCubic
  34/1616 Test #1306: BezierCurve.BernsteinMatchesDeCasteljauForQuadraticAndCubic .....................................................   Passed    0.00 sec
          Start 1307: BezierCurve.EmptyAndNonFiniteInputsFailClosed
  35/1616 Test #1307: BezierCurve.EmptyAndNonFiniteInputsFailClosed ...................................................................   Passed    0.00 sec
          Start 1308: GeometryCurve.EndpointsInterpolateControlPoints
  36/1616 Test #1308: GeometryCurve.EndpointsInterpolateControlPoints .................................................................   Passed    0.00 sec
          Start 1309: GeometryCurve.DegreeOneIsLinearLerp
  37/1616 Test #1309: GeometryCurve.DegreeOneIsLinearLerp .............................................................................   Passed    0.00 sec
          Start 1310: GeometryCurve.DeCasteljauMatchesBernstein
  38/1616 Test #1310: GeometryCurve.DeCasteljauMatchesBernstein .......................................................................   Passed    0.00 sec
          Start 1311: GeometryCurve.DerivativeAtEndpoints
  39/1616 Test #1311: GeometryCurve.DerivativeAtEndpoints .............................................................................   Passed    0.00 sec
          Start 1312: GeometryCurve.SingleControlPointIsConstant
  40/1616 Test #1312: GeometryCurve.SingleControlPointIsConstant ......................................................................   Passed    0.00 sec
          Start 1313: GeometryCurve.FailClosedOnBadInput
  41/1616 Test #1313: GeometryCurve.FailClosedOnBadInput ..............................................................................   Passed    0.01 sec
          Start 1314: GeometryRotation.HatVeeInverse
  42/1616 Test #1314: GeometryRotation.HatVeeInverse ..................................................................................   Passed    0.01 sec
          Start 1315: GeometryRotation.ExpLogRoundTrip
  43/1616 Test #1315: GeometryRotation.ExpLogRoundTrip ................................................................................   Passed    0.01 sec
          Start 1316: GeometryRotation.LogExpRoundTripFromRandom
  44/1616 Test #1316: GeometryRotation.LogExpRoundTripFromRandom ......................................................................   Passed    0.01 sec
          Start 1317: GeometryRotation.AngularDistanceMatchesAngle
  45/1616 Test #1317: GeometryRotation.AngularDistanceMatchesAngle ....................................................................   Passed    0.02 sec
          Start 1318: GeometryRotation.ChordalDistanceRelation
  46/1616 Test #1318: GeometryRotation.ChordalDistanceRelation ........................................................................   Passed    0.01 sec
          Start 1319: GeometryRotation.RandomRotationDeterministicAndValid
  47/1616 Test #1319: GeometryRotation.RandomRotationDeterministicAndValid ............................................................   Passed    0.01 sec
          Start 1320: GeometryRotation.ProjectOnSO3
  48/1616 Test #1320: GeometryRotation.ProjectOnSO3 ...................................................................................   Passed    0.01 sec
          Start 1321: GeometryRotation.OptimalRotationRecoversKnown
  49/1616 Test #1321: GeometryRotation.OptimalRotationRecoversKnown ...................................................................   Passed    0.01 sec
          Start 1322: GeometryRotation.FailClosed
  50/1616 Test #1322: GeometryRotation.FailClosed .....................................................................................   Passed    0.01 sec
          Start 1323: GeometryRotationAveraging.AllRoutinesReturnRepeatedRotation
  51/1616 Test #1323: GeometryRotationAveraging.AllRoutinesReturnRepeatedRotation .....................................................   Passed    0.01 sec
          Start 1324: GeometryRotationAveraging.ChordalAndKarcherAgreeOnCluster
  52/1616 Test #1324: GeometryRotationAveraging.ChordalAndKarcherAgreeOnCluster .......................................................   Passed    0.00 sec
          Start 1325: GeometryRotationAveraging.WeightedKarcherMeanMatchesAnalyticSlerp
  53/1616 Test #1325: GeometryRotationAveraging.WeightedKarcherMeanMatchesAnalyticSlerp ...............................................   Passed    0.00 sec
          Start 1326: GeometryRotationAveraging.MediansStayCloserToInliersThanMeansWithOutliers
  54/1616 Test #1326: GeometryRotationAveraging.MediansStayCloserToInliersThanMeansWithOutliers .......................................   Passed    0.01 sec
          Start 1327: GeometryRotationAveraging.DeterministicAcrossRepeatedCallsAndPermutation
  55/1616 Test #1327: GeometryRotationAveraging.DeterministicAcrossRepeatedCallsAndPermutation ........................................   Passed    0.01 sec
          Start 1328: GeometryRotationAveraging.FailClosedStatuses
  56/1616 Test #1328: GeometryRotationAveraging.FailClosedStatuses ....................................................................   Passed    0.00 sec
          Start 1329: GeometryMeshQuantities.SingleTriangleAreaVectorCentroid
  57/1616 Test #1329: GeometryMeshQuantities.SingleTriangleAreaVectorCentroid .........................................................   Passed    0.00 sec
          Start 1330: GeometryMeshQuantities.BarycentricAreasSumToSurfaceArea
  58/1616 Test #1330: GeometryMeshQuantities.BarycentricAreasSumToSurfaceArea .........................................................   Passed    0.00 sec
          Start 1331: GeometryMeshQuantities.EquilateralTriangleAreaIsAnalytic
  59/1616 Test #1331: GeometryMeshQuantities.EquilateralTriangleAreaIsAnalytic ........................................................   Passed    0.00 sec
          Start 1332: GeometryMeshQuantities.ClosedMeshAreaVectorsSumToZero
  60/1616 Test #1332: GeometryMeshQuantities.ClosedMeshAreaVectorsSumToZero ...........................................................   Passed    0.00 sec
          Start 1333: GeometryMeshQuantities.PublishCanonicalQuantityProperties
  61/1616 Test #1333: GeometryMeshQuantities.PublishCanonicalQuantityProperties .......................................................   Passed    0.00 sec
          Start 1334: GeometryMeshQuantities.FaceCentroidIsCornerAverageNotOneRing
  62/1616 Test #1334: GeometryMeshQuantities.FaceCentroidIsCornerAverageNotOneRing ....................................................   Passed    0.00 sec
          Start 1335: GeometryMeshQuantities.FailClosedOnInvalidFace
  63/1616 Test #1335: GeometryMeshQuantities.FailClosedOnInvalidFace ..................................................................   Passed    0.00 sec
          Start 1336: GeometryMeshQuantities.FaceScalarGradientMatchesLinearField
  64/1616 Test #1336: GeometryMeshQuantities.FaceScalarGradientMatchesLinearField .....................................................   Passed    0.00 sec
          Start 1337: GeometryMeshQuantities.FaceScalarGradientFailsClosed
  65/1616 Test #1337: GeometryMeshQuantities.FaceScalarGradientFailsClosed ............................................................   Passed    0.00 sec
          Start 1338: GeometryMeshQuantities.ProjectToUnitSphereLeavesOriginAndNormalizesFiniteVertices
  66/1616 Test #1338: GeometryMeshQuantities.ProjectToUnitSphereLeavesOriginAndNormalizesFiniteVertices ...............................   Passed    0.00 sec
          Start 1339: GeometryMeshQuantities.VertexOneRingPcaAlignsWithSphereNormal
  67/1616 Test #1339: GeometryMeshQuantities.VertexOneRingPcaAlignsWithSphereNormal ...................................................   Passed    0.00 sec
          Start 1340: GeometryMeshQuantities.VertexOneRingPcaFailsClosedWhenUnderdetermined
  68/1616 Test #1340: GeometryMeshQuantities.VertexOneRingPcaFailsClosedWhenUnderdetermined ...........................................   Passed    0.00 sec
          Start 1341: GeometryMeshQuantities.NonPlanarQuadAreaUsesTriangleFan
  69/1616 Test #1341: GeometryMeshQuantities.NonPlanarQuadAreaUsesTriangleFan .........................................................   Passed    0.00 sec
          Start 1342: GeometryMeshQuantities.PlanarConcavePolygonUsesShoelaceArea
  70/1616 Test #1342: GeometryMeshQuantities.PlanarConcavePolygonUsesShoelaceArea .....................................................   Passed    0.00 sec
          Start 1343: GeometryMeshQuantities.FailClosedOnNonFiniteCorner
  71/1616 Test #1343: GeometryMeshQuantities.FailClosedOnNonFiniteCorner ..............................................................   Passed    0.01 sec
          Start 1344: GeometryMeshClosestFace.MatchesBruteForce
  72/1616 Test #1344: GeometryMeshClosestFace.MatchesBruteForce .......................................................................   Passed    0.06 sec
          Start 1345: GeometryMeshClosestFace.PointOnSurfaceHasZeroDistance
  73/1616 Test #1345: GeometryMeshClosestFace.PointOnSurfaceHasZeroDistance ...........................................................   Passed    0.00 sec
          Start 1346: GeometryMeshClosestFace.FailClosed
  74/1616 Test #1346: GeometryMeshClosestFace.FailClosed ..............................................................................   Passed    0.00 sec
          Start 1347: GeometryMeshClosestFace.KNearestAndRadiusMatchBruteForce
  75/1616 Test #1347: GeometryMeshClosestFace.KNearestAndRadiusMatchBruteForce ........................................................   Passed    0.00 sec
          Start 1348: GeometryMeshClosestFace.SubsetBuildRestrictsCandidates
  76/1616 Test #1348: GeometryMeshClosestFace.SubsetBuildRestrictsCandidates ..........................................................   Passed    0.00 sec
          Start 1349: GeometryLinalgEigenMap.MapsVec3ArrayAsNby3
  77/1616 Test #1349: GeometryLinalgEigenMap.MapsVec3ArrayAsNby3 ......................................................................   Passed    0.00 sec
          Start 1350: GeometryLinalgEigenMap.MutableMapAliasesStorage
  78/1616 Test #1350: GeometryLinalgEigenMap.MutableMapAliasesStorage .................................................................   Passed    0.00 sec
          Start 1351: GeometryLinalgEigenMap.EmptySpanYieldsZeroRows
  79/1616 Test #1351: GeometryLinalgEigenMap.EmptySpanYieldsZeroRows ..................................................................   Passed    0.01 sec
          Start 1352: GeometryLinalgEigenMap.MapAsMatrixAliasesStridedRows
  80/1616 Test #1352: GeometryLinalgEigenMap.MapAsMatrixAliasesStridedRows ............................................................   Passed    0.01 sec
          Start 1353: GeometryLinalgEigenMap.MapVectorAsMatrixAliasesFixedSizeVectors
  81/1616 Test #1353: GeometryLinalgEigenMap.MapVectorAsMatrixAliasesFixedSizeVectors .................................................   Passed    0.00 sec
          Start 1354: RuntimeGraph.AddEdge_FindEdge
  82/1616 Test #1354: RuntimeGraph.AddEdge_FindEdge ...................................................................................   Passed    0.01 sec
          Start 1355: RuntimeGraph.DeleteVertex_ThenGarbageCollect
  83/1616 Test #1355: RuntimeGraph.DeleteVertex_ThenGarbageCollect ....................................................................   Passed    0.01 sec
          Start 1356: RuntimeGraph.ForceDirectedLayoutRejectsDegenerateInputs
  84/1616 Test #1356: RuntimeGraph.ForceDirectedLayoutRejectsDegenerateInputs .........................................................   Passed    0.01 sec
          Start 1357: RuntimeGraph.ForceDirectedLayoutProducesFiniteSeparatedEmbedding
  85/1616 Test #1357: RuntimeGraph.ForceDirectedLayoutProducesFiniteSeparatedEmbedding ................................................   Passed    0.01 sec
          Start 1358: RuntimeGraph.SpectralLayoutRejectsDegenerateInputs
  86/1616 Test #1358: RuntimeGraph.SpectralLayoutRejectsDegenerateInputs ..............................................................   Passed    0.01 sec
          Start 1359: RuntimeGraph.SpectralLayoutProducesFiniteCenteredEmbedding
  87/1616 Test #1359: RuntimeGraph.SpectralLayoutProducesFiniteCenteredEmbedding ......................................................   Passed    0.01 sec
          Start 1360: RuntimeGraph.SpectralLayoutNormalizedVariantProducesFiniteEmbedding
  88/1616 Test #1360: RuntimeGraph.SpectralLayoutNormalizedVariantProducesFiniteEmbedding .............................................   Passed    0.01 sec
          Start 1361: RuntimeGraph.HierarchicalLayoutRejectsDegenerateInputs
  89/1616 Test #1361: RuntimeGraph.HierarchicalLayoutRejectsDegenerateInputs ..........................................................   Passed    0.00 sec
          Start 1362: RuntimeGraph.HierarchicalLayoutProducesLayeredEmbedding
  90/1616 Test #1362: RuntimeGraph.HierarchicalLayoutProducesLayeredEmbedding .........................................................   Passed    0.00 sec
          Start 1363: RuntimeGraph.HierarchicalLayoutCrossingMinimizationReducesCrossings
  91/1616 Test #1363: RuntimeGraph.HierarchicalLayoutCrossingMinimizationReducesCrossings .............................................   Passed    0.00 sec
          Start 1364: RuntimeGraph.HierarchicalLayoutAutoRootCentersLongPath
  92/1616 Test #1364: RuntimeGraph.HierarchicalLayoutAutoRootCentersLongPath ..........................................................   Passed    0.01 sec
          Start 1365: RuntimeGraph.CountEdgeCrossingsRejectsDegenerateInput
  93/1616 Test #1365: RuntimeGraph.CountEdgeCrossingsRejectsDegenerateInput ...........................................................   Passed    0.00 sec
          Start 1366: RuntimeGraph.CountEdgeCrossingsCountsOnlyNonIncidentByDefault
  94/1616 Test #1366: RuntimeGraph.CountEdgeCrossingsCountsOnlyNonIncidentByDefault ...................................................   Passed    0.00 sec
          Start 1367: RuntimeGraph.CountEdgeCrossingsCanIncludeIncidentAndCollinearOverlaps
  95/1616 Test #1367: RuntimeGraph.CountEdgeCrossingsCanIncludeIncidentAndCollinearOverlaps ...........................................   Passed    0.00 sec
          Start 1368: RuntimeGraph.TopologicalLayersIndependentPasses
  96/1616 Test #1368: RuntimeGraph.TopologicalLayersIndependentPasses .................................................................   Passed    0.01 sec
          Start 1369: GraphCirculators.HalfedgesAroundVertexTraversesIncidentRing
  97/1616 Test #1369: GraphCirculators.HalfedgesAroundVertexTraversesIncidentRing .....................................................   Passed    0.01 sec
          Start 1370: GraphCirculators.BoundaryHalfedgesVisitBoundaryLoopOnce
  98/1616 Test #1370: GraphCirculators.BoundaryHalfedgesVisitBoundaryLoopOnce .........................................................   Passed    0.01 sec
          Start 1371: GraphCirculators.IsolatedVertexProducesEmptyHalfedgeRing
  99/1616 Test #1371: GraphCirculators.IsolatedVertexProducesEmptyHalfedgeRing ........................................................   Passed    0.00 sec
          Start 1372: RuntimeGraphKNN.ReturnsNulloptForDegenerateInputs
 100/1616 Test #1372: RuntimeGraphKNN.ReturnsNulloptForDegenerateInputs ...............................................................   Passed    0.00 sec
          Start 1373: RuntimeGraphKNN.UnionConnectivityBuildsSymmetricNeighborhoodGraph
 101/1616 Test #1373: RuntimeGraphKNN.UnionConnectivityBuildsSymmetricNeighborhoodGraph ...............................................   Passed    0.01 sec
          Start 1374: RuntimeGraphKNN.MutualConnectivityFiltersNonReciprocalNeighbors
 102/1616 Test #1374: RuntimeGraphKNN.MutualConnectivityFiltersNonReciprocalNeighbors .................................................   Passed    0.01 sec
          Start 1375: RuntimeGraphKNN.CoincidentPointsAreRejectedByDistanceEpsilon
 103/1616 Test #1375: RuntimeGraphKNN.CoincidentPointsAreRejectedByDistanceEpsilon ....................................................   Passed    0.00 sec
          Start 1376: RuntimeGraphKNN.BuildFromIndicesCreatesExpectedGraph
 104/1616 Test #1376: RuntimeGraphKNN.BuildFromIndicesCreatesExpectedGraph ............................................................   Passed    0.01 sec
          Start 1377: RuntimeGraphKNN.BuildFromIndicesRejectsInvalidAndCoincidentPairs
 105/1616 Test #1377: RuntimeGraphKNN.BuildFromIndicesRejectsInvalidAndCoincidentPairs ................................................   Passed    0.01 sec
          Start 1378: RuntimeGraphKNN.OctreeBuilderMatchesBruteForceNeighborSets
 106/1616 Test #1378: RuntimeGraphKNN.OctreeBuilderMatchesBruteForceNeighborSets ......................................................   Passed    0.00 sec
          Start 1379: GraphQueries.EnsureEdgeLengthsCachesCanonicalProperty
 107/1616 Test #1379: GraphQueries.EnsureEdgeLengthsCachesCanonicalProperty ...........................................................   Passed    0.01 sec
          Start 1380: GraphQueries.ClosestKAndRadiusQueriesMatchBruteForce
 108/1616 Test #1380: GraphQueries.ClosestKAndRadiusQueriesMatchBruteForce ............................................................   Passed    0.01 sec
          Start 1381: GraphQueries.ClosestEdgeWithinOneRingOnlySearchesIncidentEdges
 109/1616 Test #1381: GraphQueries.ClosestEdgeWithinOneRingOnlySearchesIncidentEdges ..................................................   Passed    0.01 sec
          Start 1382: GraphQueries.GaussianNoiseIsDeterministicAndIdentityAtZeroScale
 110/1616 Test #1382: GraphQueries.GaussianNoiseIsDeterministicAndIdentityAtZeroScale .................................................   Passed    0.01 sec
          Start 1383: GraphQueries.DegenerateInputsFailClosed
 111/1616 Test #1383: GraphQueries.DegenerateInputsFailClosed .........................................................................   Passed    0.00 sec
          Start 1384: GeometryPropertiesContract.NameAccessorsReturnStableStringView
 112/1616 Test #1384: GeometryPropertiesContract.NameAccessorsReturnStableStringView ..................................................   Passed    0.00 sec
          Start 1385: GeometryPropertiesContract.RegistryHandlesFailClosed
 113/1616 Test #1385: GeometryPropertiesContract.RegistryHandlesFailClosed ............................................................   Passed    0.00 sec
          Start 1386: GeometryPropertiesContract.DefaultConstPropertySetIsSafeEmptyView
 114/1616 Test #1386: GeometryPropertiesContract.DefaultConstPropertySetIsSafeEmptyView ...............................................   Passed    0.00 sec
          Start 1387: GeometryPropertiesContract.ConstLookupReturnsReadOnlyProperty
 115/1616 Test #1387: GeometryPropertiesContract.ConstLookupReturnsReadOnlyProperty ...................................................   Passed    0.00 sec
          Start 1388: GeometryPropertiesContract.BoolPropertySupportsScalarProxyAccessOnly
 116/1616 Test #1388: GeometryPropertiesContract.BoolPropertySupportsScalarProxyAccessOnly ............................................   Passed    0.00 sec
          Start 1389: GeometryPropertiesContract.MapPropertyAliasesScalarAndVectorColumns
 117/1616 Test #1389: GeometryPropertiesContract.MapPropertyAliasesScalarAndVectorColumns .............................................   Passed    0.00 sec
          Start 1390: GeometryPropertiesContract.MapPropertyBoolReturnsCopiedNumericColumn
 118/1616 Test #1390: GeometryPropertiesContract.MapPropertyBoolReturnsCopiedNumericColumn ............................................   Passed    0.00 sec
          Start 1391: GeometryPropertiesContract.DescriptorCatalogReportsTypeAndAccessMetadata
 119/1616 Test #1391: GeometryPropertiesContract.DescriptorCatalogReportsTypeAndAccessMetadata ........................................   Passed    0.00 sec
          Start 1392: GeometryPropertiesContract.ShrinkToFitIsCanonicalSpelling
 120/1616 Test #1392: GeometryPropertiesContract.ShrinkToFitIsCanonicalSpelling .......................................................   Passed    0.00 sec
          Start 1393: GeometryPropertiesContract.LiveElementRangeSkipsDeletedAndFailsClosed
 121/1616 Test #1393: GeometryPropertiesContract.LiveElementRangeSkipsDeletedAndFailsClosed ...........................................   Passed    0.00 sec
          Start 1394: GeometryPropertiesContract.MeshLiveRangesMatchManualDeletedFilter
 122/1616 Test #1394: GeometryPropertiesContract.MeshLiveRangesMatchManualDeletedFilter ...............................................   Passed    0.00 sec
          Start 1395: GeometryPropertiesContract.ConstDomainViewsExposeReadOnlyLiveRanges
 123/1616 Test #1395: GeometryPropertiesContract.ConstDomainViewsExposeReadOnlyLiveRanges .............................................   Passed    0.00 sec
          Start 1396: KDTree.RejectsDegenerateBuildInputs
 124/1616 Test #1396: KDTree.RejectsDegenerateBuildInputs .............................................................................   Passed    0.00 sec
          Start 1397: KDTree.KnnMatchesBruteForceOrderingForPointAabbs
 125/1616 Test #1397: KDTree.KnnMatchesBruteForceOrderingForPointAabbs ................................................................   Passed    0.00 sec
          Start 1398: KDTree.RadiusQueryMatchesBruteForceSetForPointAabbs
 126/1616 Test #1398: KDTree.RadiusQueryMatchesBruteForceSetForPointAabbs .............................................................   Passed    0.00 sec
          Start 1399: KDTree.SupportsVolumetricElementsThroughAabbInput
 127/1616 Test #1399: KDTree.SupportsVolumetricElementsThroughAabbInput ...............................................................   Passed    0.00 sec
          Start 1400: KDTree.HandlesCoincidentElementsAndInvalidQueries
 128/1616 Test #1400: KDTree.HandlesCoincidentElementsAndInvalidQueries ...............................................................   Passed    0.00 sec
          Start 1401: Octree.BuildFromPointsMatchesExplicitPointAabbs
 129/1616 Test #1401: Octree.BuildFromPointsMatchesExplicitPointAabbs .................................................................   Passed    0.00 sec
          Start 1402: Octree.Build_EmptyInput
 130/1616 Test #1402: Octree.Build_EmptyInput .........................................................................................   Passed    0.00 sec
          Start 1403: Octree.Build_SingleElement
 131/1616 Test #1403: Octree.Build_SingleElement ......................................................................................   Passed    0.00 sec
          Start 1404: Octree.Build_SmallSet
 132/1616 Test #1404: Octree.Build_SmallSet ...........................................................................................   Passed    0.00 sec
          Start 1405: Octree.Build_LargeSet
 133/1616 Test #1405: Octree.Build_LargeSet ...........................................................................................   Passed    0.01 sec
          Start 1406: Octree.Build_DifferentSplitPolicies
 134/1616 Test #1406: Octree.Build_DifferentSplitPolicies .............................................................................   Passed    0.01 sec
          Start 1407: Octree.QueryAABB_EmptyResult
 135/1616 Test #1407: Octree.QueryAABB_EmptyResult ....................................................................................   Passed    0.01 sec
          Start 1408: Octree.QueryAABB_AllElements
 136/1616 Test #1408: Octree.QueryAABB_AllElements ....................................................................................   Passed    0.01 sec
          Start 1409: Octree.QueryAABB_PartialOverlap
 137/1616 Test #1409: Octree.QueryAABB_PartialOverlap .................................................................................   Passed    0.01 sec
          Start 1410: Octree.QueryAABB_CorrectResults
 138/1616 Test #1410: Octree.QueryAABB_CorrectResults .................................................................................   Passed    0.02 sec
          Start 1411: Octree.QuerySphere_Basic
 139/1616 Test #1411: Octree.QuerySphere_Basic ........................................................................................   Passed    0.01 sec
          Start 1412: Octree.QuerySphere_CorrectResults
 140/1616 Test #1412: Octree.QuerySphere_CorrectResults ...............................................................................   Passed    0.01 sec
          Start 1413: Octree.QueryRay_Basic
 141/1616 Test #1413: Octree.QueryRay_Basic ...........................................................................................   Passed    0.01 sec
          Start 1414: Octree.QueryRay_Miss
 142/1616 Test #1414: Octree.QueryRay_Miss ............................................................................................   Passed    0.01 sec
          Start 1415: Octree.QueryNearest_Basic
 143/1616 Test #1415: Octree.QueryNearest_Basic .......................................................................................   Passed    0.01 sec
          Start 1416: Octree.QueryNearest_CorrectResult
 144/1616 Test #1416: Octree.QueryNearest_CorrectResult ...............................................................................   Passed    0.01 sec
          Start 1417: Octree.QueryKNN_Basic
 145/1616 Test #1417: Octree.QueryKNN_Basic ...........................................................................................   Passed    0.01 sec
          Start 1418: Octree.QueryKNN_KGreaterThanElements
 146/1616 Test #1418: Octree.QueryKNN_KGreaterThanElements ............................................................................   Passed    0.01 sec
          Start 1419: Octree.QueryKNN_CorrectResults
 147/1616 Test #1419: Octree.QueryKNN_CorrectResults ..................................................................................   Passed    0.02 sec
          Start 1420: Octree.AddNodeProperty
 148/1616 Test #1420: Octree.AddNodeProperty ..........................................................................................   Passed    0.01 sec
          Start 1421: Octree.GetNodeProperty
 149/1616 Test #1421: Octree.GetNodeProperty ..........................................................................................   Passed    0.01 sec
          Start 1422: Octree.HasNodeProperty
 150/1616 Test #1422: Octree.HasNodeProperty ..........................................................................................   Passed    0.01 sec
          Start 1423: Octree.AllElementsAtSamePoint
 151/1616 Test #1423: Octree.AllElementsAtSamePoint ...................................................................................   Passed    0.01 sec
          Start 1424: Octree.LargeExtentDifferences
 152/1616 Test #1424: Octree.LargeExtentDifferences ...................................................................................   Passed    0.01 sec
          Start 1425: BVH.RejectsDegenerateBuildInputs
 153/1616 Test #1425: BVH.RejectsDegenerateBuildInputs ................................................................................   Passed    0.02 sec
          Start 1426: BVH.QueryAabbAndRayMatchExpectedPrimitiveSet
 154/1616 Test #1426: BVH.QueryAabbAndRayMatchExpectedPrimitiveSet ....................................................................   Passed    0.02 sec
          Start 1427: BVH.HandlesCoincidentCentroidsWithoutDroppingElements
 155/1616 Test #1427: BVH.HandlesCoincidentCentroidsWithoutDroppingElements ...........................................................   Passed    0.01 sec
          Start 1428: BVH.QueryRayIncludesBoundaryCoincidentBoxes
 156/1616 Test #1428: BVH.QueryRayIncludesBoundaryCoincidentBoxes .....................................................................   Passed    0.02 sec
          Start 1429: DEC_ExteriorDerivative0.DimensionsMatchMesh
 157/1616 Test #1429: DEC_ExteriorDerivative0.DimensionsMatchMesh .....................................................................   Passed    0.02 sec
          Start 1430: DEC_ExteriorDerivative0.EachRowHasTwoEntries
 158/1616 Test #1430: DEC_ExteriorDerivative0.EachRowHasTwoEntries ....................................................................   Passed    0.01 sec
          Start 1431: DEC_ExteriorDerivative0.RowSumIsZero
 159/1616 Test #1431: DEC_ExteriorDerivative0.RowSumIsZero ............................................................................   Passed    0.01 sec
          Start 1432: DEC_ExteriorDerivative0.GradientOfConstantIsZero
 160/1616 Test #1432: DEC_ExteriorDerivative0.GradientOfConstantIsZero ................................................................   Passed    0.01 sec
          Start 1433: DEC_ExteriorDerivative0.GradientOfLinearFunction
 161/1616 Test #1433: DEC_ExteriorDerivative0.GradientOfLinearFunction ................................................................   Passed    0.01 sec
          Start 1434: DEC_ExteriorDerivative1.DimensionsMatchMesh
 162/1616 Test #1434: DEC_ExteriorDerivative1.DimensionsMatchMesh .....................................................................   Passed    0.01 sec
          Start 1435: DEC_ExteriorDerivative1.TriangleFacesHaveThreeEntries
 163/1616 Test #1435: DEC_ExteriorDerivative1.TriangleFacesHaveThreeEntries ...........................................................   Passed    0.01 sec
          Start 1436: DEC_ExteriorDerivative1.EntriesArePlusMinusOne
 164/1616 Test #1436: DEC_ExteriorDerivative1.EntriesArePlusMinusOne ..................................................................   Passed    0.01 sec
          Start 1437: DEC_ExteriorDerivative1.ExactnessD1D0IsZero
 165/1616 Test #1437: DEC_ExteriorDerivative1.ExactnessD1D0IsZero .....................................................................   Passed    0.01 sec
          Start 1438: DEC_HodgeStar0.DimensionsMatchVertexCount
 166/1616 Test #1438: DEC_HodgeStar0.DimensionsMatchVertexCount .......................................................................   Passed    0.01 sec
          Start 1439: DEC_HodgeStar0.AllEntriesPositive
 167/1616 Test #1439: DEC_HodgeStar0.AllEntriesPositive ...............................................................................   Passed    0.01 sec
          Start 1440: DEC_HodgeStar0.SumEqualsTotalArea
 168/1616 Test #1440: DEC_HodgeStar0.SumEqualsTotalArea ...............................................................................   Passed    0.01 sec
          Start 1441: DEC_HodgeStar0.SingleTriangleSumEqualsArea
 169/1616 Test #1441: DEC_HodgeStar0.SingleTriangleSumEqualsArea ......................................................................   Passed    0.00 sec
          Start 1442: DEC_HodgeStar0.EquilateralTriangleEqualAreas
 170/1616 Test #1442: DEC_HodgeStar0.EquilateralTriangleEqualAreas ....................................................................   Passed    0.00 sec
          Start 1443: DEC_HodgeStar0.RegularTetrahedronEqualAreas
 171/1616 Test #1443: DEC_HodgeStar0.RegularTetrahedronEqualAreas .....................................................................   Passed    0.00 sec
          Start 1444: DEC_HodgeStar1.DimensionsMatchEdgeCount
 172/1616 Test #1444: DEC_HodgeStar1.DimensionsMatchEdgeCount .........................................................................   Passed    0.00 sec
          Start 1445: DEC_HodgeStar1.InteriorEdgesPositive
 173/1616 Test #1445: DEC_HodgeStar1.InteriorEdgesPositive ............................................................................   Passed    0.00 sec
          Start 1446: DEC_HodgeStar1.RegularTetrahedronEqualWeights
 174/1616 Test #1446: DEC_HodgeStar1.RegularTetrahedronEqualWeights ...................................................................   Passed    0.00 sec
          Start 1447: DEC_HodgeStar1.EquilateralTriangleCotanValue
 175/1616 Test #1447: DEC_HodgeStar1.EquilateralTriangleCotanValue ....................................................................   Passed    0.00 sec
          Start 1448: DEC_HodgeStar2.DimensionsMatchFaceCount
 176/1616 Test #1448: DEC_HodgeStar2.DimensionsMatchFaceCount .........................................................................   Passed    0.00 sec
          Start 1449: DEC_HodgeStar2.AllEntriesPositive
 177/1616 Test #1449: DEC_HodgeStar2.AllEntriesPositive ...............................................................................   Passed    0.00 sec
          Start 1450: DEC_HodgeStar2.InverseAreaCorrect
 178/1616 Test #1450: DEC_HodgeStar2.InverseAreaCorrect ...............................................................................   Passed    0.00 sec
          Start 1451: DEC_HodgeStar2.TwoTriangleSquareAreas
 179/1616 Test #1451: DEC_HodgeStar2.TwoTriangleSquareAreas ...........................................................................   Passed    0.00 sec
          Start 1452: DEC_Laplacian.DimensionsAreVxV
 180/1616 Test #1452: DEC_Laplacian.DimensionsAreVxV ..................................................................................   Passed    0.00 sec
          Start 1453: DEC_Laplacian.RowSumsAreZero
 181/1616 Test #1453: DEC_Laplacian.RowSumsAreZero ....................................................................................   Passed    0.00 sec
          Start 1454: DEC_Laplacian.ConstantFunctionInKernel
 182/1616 Test #1454: DEC_Laplacian.ConstantFunctionInKernel ..........................................................................   Passed    0.00 sec
          Start 1455: DEC_Laplacian.SymmetricMatrix
 183/1616 Test #1455: DEC_Laplacian.SymmetricMatrix ...................................................................................   Passed    0.00 sec
          Start 1456: DEC_Laplacian.NegativeSemidefinite
 184/1616 Test #1456: DEC_Laplacian.NegativeSemidefinite ..............................................................................   Passed    0.00 sec
          Start 1457: DEC_Laplacian.OffDiagonalNonPositive
 185/1616 Test #1457: DEC_Laplacian.OffDiagonalNonPositive ............................................................................   Passed    0.00 sec
          Start 1458: DEC_Laplacian.DiagonalPositive
 186/1616 Test #1458: DEC_Laplacian.DiagonalPositive ..................................................................................   Passed    0.00 sec
          Start 1459: DEC_Laplacian.RegularTetrahedronSymmetricRows
 187/1616 Test #1459: DEC_Laplacian.RegularTetrahedronSymmetricRows ...................................................................   Passed    0.00 sec
          Start 1460: DEC_BuildOperators.AllOperatorsValid
 188/1616 Test #1460: DEC_BuildOperators.AllOperatorsValid ............................................................................   Passed    0.00 sec
          Start 1461: DEC_BuildOperators.ConsistentDimensions
 189/1616 Test #1461: DEC_BuildOperators.ConsistentDimensions .........................................................................   Passed    0.00 sec
          Start 1462: DEC_SparseMatrix.MultiplyTransposeConsistent
 190/1616 Test #1462: DEC_SparseMatrix.MultiplyTransposeConsistent ....................................................................   Passed    0.00 sec
          Start 1463: DEC_DiagonalMatrix.MultiplyCorrect
 191/1616 Test #1463: DEC_DiagonalMatrix.MultiplyCorrect ..............................................................................   Passed    0.00 sec
          Start 1464: DEC_DiagonalMatrix.MultiplyInverseCorrect
 192/1616 Test #1464: DEC_DiagonalMatrix.MultiplyInverseCorrect .......................................................................   Passed    0.00 sec
          Start 1465: DEC_DiagonalMatrix.MultiplyInverseHandlesZero
 193/1616 Test #1465: DEC_DiagonalMatrix.MultiplyInverseHandlesZero ...................................................................   Passed    0.01 sec
          Start 1466: DEC_Integration.HodgeStarDuality
 194/1616 Test #1466: DEC_Integration.HodgeStarDuality ................................................................................   Passed    0.01 sec
          Start 1467: DEC_Integration.LaplacianMatchesD0TH1D0
 195/1616 Test #1467: DEC_Integration.LaplacianMatchesD0TH1D0 .........................................................................   Passed    0.01 sec
          Start 1468: DEC_EdgeCases.SingleTriangleBoundary
 196/1616 Test #1468: DEC_EdgeCases.SingleTriangleBoundary ............................................................................   Passed    0.01 sec
          Start 1469: DEC_EdgeCases.SubdividedTriangleMixedBoundary
 197/1616 Test #1469: DEC_EdgeCases.SubdividedTriangleMixedBoundary ...................................................................   Passed    0.01 sec
          Start 1470: DEC_LaplacianCache.BuildFromRegularTetrahedron
 198/1616 Test #1470: DEC_LaplacianCache.BuildFromRegularTetrahedron ..................................................................   Passed    0.00 sec
          Start 1471: DEC_LaplacianCache.MassInverseIsConsistentWithHodge0
 199/1616 Test #1471: DEC_LaplacianCache.MassInverseIsConsistentWithHodge0 ............................................................   Passed    0.00 sec
          Start 1472: DEC_LaplacianCache.MassSqrtInverseIsConsistentWithHodge0
 200/1616 Test #1472: DEC_LaplacianCache.MassSqrtInverseIsConsistentWithHodge0 ........................................................   Passed    0.00 sec
          Start 1473: DEC_LaplacianCache.SymNormalizedLaplacianIsSymmetric
 201/1616 Test #1473: DEC_LaplacianCache.SymNormalizedLaplacianIsSymmetric ............................................................   Passed    0.00 sec
          Start 1474: DEC_LaplacianCache.SymNormalizedRowSumsAreZero
 202/1616 Test #1474: DEC_LaplacianCache.SymNormalizedRowSumsAreZero ..................................................................   Passed    0.01 sec
          Start 1475: DEC_Diagnostics.RegularTetrahedronPassesAll
 203/1616 Test #1475: DEC_Diagnostics.RegularTetrahedronPassesAll .....................................................................   Passed    0.01 sec
          Start 1476: DEC_Diagnostics.SubdividedTrianglePassesAll
 204/1616 Test #1476: DEC_Diagnostics.SubdividedTrianglePassesAll .....................................................................   Passed    0.01 sec
          Start 1477: DEC_Diagnostics.SingleTrianglePassesAll
 205/1616 Test #1477: DEC_Diagnostics.SingleTrianglePassesAll .........................................................................   Passed    0.01 sec
          Start 1478: DEC_Diagnostics.EmptyMatrixDoesNotCrash
 206/1616 Test #1478: DEC_Diagnostics.EmptyMatrixDoesNotCrash .........................................................................   Passed    0.01 sec
          Start 1479: DEC_HeatKernel.HodgeStar1AllPositive
 207/1616 Test #1479: DEC_HeatKernel.HodgeStar1AllPositive ............................................................................   Passed    0.01 sec
          Start 1480: DEC_HeatKernel.RegularTetrahedronEqualWeights
 208/1616 Test #1480: DEC_HeatKernel.RegularTetrahedronEqualWeights ...................................................................   Passed    0.01 sec
          Start 1481: DEC_HeatKernel.AutoTimeParamMeanEdgeLengthSq
 209/1616 Test #1481: DEC_HeatKernel.AutoTimeParamMeanEdgeLengthSq ....................................................................   Passed    0.02 sec
          Start 1482: DEC_HeatKernel.ExplicitTimeParam
 210/1616 Test #1482: DEC_HeatKernel.ExplicitTimeParam ................................................................................   Passed    0.01 sec
          Start 1483: DEC_HeatKernel.LargeTimeLimitUniform
 211/1616 Test #1483: DEC_HeatKernel.LargeTimeLimitUniform ............................................................................   Passed    0.01 sec
          Start 1484: DEC_HeatKernel.SmallTimeDiscriminatesEdgeLengths
 212/1616 Test #1484: DEC_HeatKernel.SmallTimeDiscriminatesEdgeLengths ................................................................   Passed    0.01 sec
          Start 1485: DEC_HeatKernel.LaplacianPassesDiagnostics
 213/1616 Test #1485: DEC_HeatKernel.LaplacianPassesDiagnostics .......................................................................   Passed    0.01 sec
          Start 1486: DEC_HeatKernel.LaplacianSubdividedTrianglePassesDiagnostics
 214/1616 Test #1486: DEC_HeatKernel.LaplacianSubdividedTrianglePassesDiagnostics .....................................................   Passed    0.01 sec
          Start 1487: DEC_HeatKernel.LaplacianConstantInKernel
 215/1616 Test #1487: DEC_HeatKernel.LaplacianConstantInKernel ........................................................................   Passed    0.01 sec
          Start 1488: DEC_HeatKernel.LaplacianMatchesHodge1Weights
 216/1616 Test #1488: DEC_HeatKernel.LaplacianMatchesHodge1Weights ....................................................................   Passed    0.01 sec
          Start 1489: DEC_HeatKernel.BuildOperatorsValid
 217/1616 Test #1489: DEC_HeatKernel.BuildOperatorsValid ..............................................................................   Passed    0.01 sec
          Start 1490: DEC_HeatKernel.LaplacianCacheValid
 218/1616 Test #1490: DEC_HeatKernel.LaplacianCacheValid ..............................................................................   Passed    0.01 sec
          Start 1491: DEC_HeatKernel.SymNormalizedLaplacianSymmetric
 219/1616 Test #1491: DEC_HeatKernel.SymNormalizedLaplacianSymmetric ..................................................................   Passed    0.01 sec
          Start 1492: DEC_HeatKernel.ObtuseTriangleAlwaysPositive
 220/1616 Test #1492: DEC_HeatKernel.ObtuseTriangleAlwaysPositive .....................................................................   Passed    0.01 sec
          Start 1493: DEC_HeatKernel.CotanModePassthrough
 221/1616 Test #1493: DEC_HeatKernel.CotanModePassthrough .............................................................................   Passed    0.01 sec
          Start 1494: DEC_HeatKernel.SolveCGShiftedWithHeatKernel
 222/1616 Test #1494: DEC_HeatKernel.SolveCGShiftedWithHeatKernel .....................................................................   Passed    0.01 sec
          Start 1495: DEC_StiffnessModes.RowSumsZeroAndSymmetricForEveryMode
 223/1616 Test #1495: DEC_StiffnessModes.RowSumsZeroAndSymmetricForEveryMode ..........................................................   Passed    0.00 sec
          Start 1496: DEC_StiffnessModes.GraphWeightsAreUnitPerEdge
 224/1616 Test #1496: DEC_StiffnessModes.GraphWeightsAreUnitPerEdge ...................................................................   Passed    0.00 sec
          Start 1497: DEC_StiffnessModes.FujiwaraWeightsMatchInverseLength
 225/1616 Test #1497: DEC_StiffnessModes.FujiwaraWeightsMatchInverseLength ............................................................   Passed    0.00 sec
          Start 1498: DEC_StiffnessModes.ModifiedNormalEqualsCotanTimesNormalDot
 226/1616 Test #1498: DEC_StiffnessModes.ModifiedNormalEqualsCotanTimesNormalDot ......................................................   Passed    0.00 sec
          Start 1499: DEC_StiffnessModes.FailClosedOnEmptyMesh
 227/1616 Test #1499: DEC_StiffnessModes.FailClosedOnEmptyMesh ........................................................................   Passed    0.00 sec
          Start 1500: DEC_StiffnessModes.FailClosedOnNonFinitePositions
 228/1616 Test #1500: DEC_StiffnessModes.FailClosedOnNonFinitePositions ...............................................................   Passed    0.01 sec
          Start 1501: DEC_ClampedHalfedgeCotan.MatchesEdgeCotanWeight
 229/1616 Test #1501: DEC_ClampedHalfedgeCotan.MatchesEdgeCotanWeight .................................................................   Passed    0.00 sec
          Start 1502: DEC_ClampedHalfedgeCotan.ClampEngagesOnSliver
 230/1616 Test #1502: DEC_ClampedHalfedgeCotan.ClampEngagesOnSliver ...................................................................   Passed    0.00 sec
          Start 1503: DEC_MassModes.VoronoiVariantReproducesDefault
 231/1616 Test #1503: DEC_MassModes.VoronoiVariantReproducesDefault ...................................................................   Passed    0.00 sec
          Start 1504: DEC_MassModes.AllLumpedModesPartitionTotalArea
 232/1616 Test #1504: DEC_MassModes.AllLumpedModesPartitionTotalArea ..................................................................   Passed    0.00 sec
          Start 1505: DEC_MassModes.BarycentricIsOneThirdIncidentArea
 233/1616 Test #1505: DEC_MassModes.BarycentricIsOneThirdIncidentArea .................................................................   Passed    0.00 sec
          Start 1506: DEC_MassModes.GalerkinRowSumsEqualLumpedSum
 234/1616 Test #1506: DEC_MassModes.GalerkinRowSumsEqualLumpedSum .....................................................................   Passed    0.00 sec
          Start 1507: DEC_MassModes.GalerkinConsistentMassIsSymmetricSPD
 235/1616 Test #1507: DEC_MassModes.GalerkinConsistentMassIsSymmetricSPD ..............................................................   Passed    0.00 sec
          Start 1508: DEC_MassModes.GalerkinOperatorsPopulateConsistentAndLumped
 236/1616 Test #1508: DEC_MassModes.GalerkinOperatorsPopulateConsistentAndLumped ......................................................   Passed    0.01 sec
          Start 1509: DEC_MassModes.FailClosedOnEmptyAndNonFinite
 237/1616 Test #1509: DEC_MassModes.FailClosedOnEmptyAndNonFinite .....................................................................   Passed    0.01 sec
          Start 1510: Quadric_Probabilistic.PlaneZeroVarianceMatchesDeterministicPlane
 238/1616 Test #1510: Quadric_Probabilistic.PlaneZeroVarianceMatchesDeterministicPlane ................................................   Passed    0.00 sec
          Start 1511: Quadric_Probabilistic.PlaneIsotropicAndGeneralCovarianceVariantsAgree
 239/1616 Test #1511: Quadric_Probabilistic.PlaneIsotropicAndGeneralCovarianceVariantsAgree ...........................................   Passed    0.01 sec
          Start 1512: Quadric_Probabilistic.TriangleIsotropicAndGeneralCovarianceVariantsAgree
 240/1616 Test #1512: Quadric_Probabilistic.TriangleIsotropicAndGeneralCovarianceVariantsAgree ........................................   Passed    0.01 sec
          Start 1513: Quadric_Probabilistic.DegenerateTriangleProducesFiniteEnergy
 241/1616 Test #1513: Quadric_Probabilistic.DegenerateTriangleProducesFiniteEnergy ....................................................   Passed    0.01 sec
          Start 1514: MeshTopology_Flip.FlipPreservesVertexCount
 242/1616 Test #1514: MeshTopology_Flip.FlipPreservesVertexCount ......................................................................   Passed    0.01 sec
          Start 1515: MeshTopology_Flip.FlipChangesEndpoints
 243/1616 Test #1515: MeshTopology_Flip.FlipChangesEndpoints ..........................................................................   Passed    0.01 sec
          Start 1516: MeshTopology_Flip.TwoTriangleSquareRejected
 244/1616 Test #1516: MeshTopology_Flip.TwoTriangleSquareRejected .....................................................................   Passed    0.01 sec
          Start 1517: MeshTopology_Flip.BoundaryEdgeReject
 245/1616 Test #1517: MeshTopology_Flip.BoundaryEdgeReject ............................................................................   Passed    0.01 sec
          Start 1518: MeshTopology_Split.InteriorSplitCreatesCorrectCounts
 246/1616 Test #1518: MeshTopology_Split.InteriorSplitCreatesCorrectCounts ............................................................   Passed    0.01 sec
          Start 1519: MeshTopology_Split.BoundarySplitCreatesCorrectCounts
 247/1616 Test #1519: MeshTopology_Split.BoundarySplitCreatesCorrectCounts ............................................................   Passed    0.01 sec
          Start 1520: MeshTopology_Split.NewVertexAtCorrectPosition
 248/1616 Test #1520: MeshTopology_Split.NewVertexAtCorrectPosition ...................................................................   Passed    0.01 sec
          Start 1521: MeshTopology_Collapse.CollapseReducesCounts
 249/1616 Test #1521: MeshTopology_Collapse.CollapseReducesCounts .....................................................................   Passed    0.01 sec
          Start 1522: MeshTopology_Collapse.SingleCollapsePreservesNextCycles
 250/1616 Test #1522: MeshTopology_Collapse.SingleCollapsePreservesNextCycles .........................................................   Passed    0.01 sec
          Start 1523: MeshTopology_Collapse.SurvivingVertexAtCorrectPosition
 251/1616 Test #1523: MeshTopology_Collapse.SurvivingVertexAtCorrectPosition ..........................................................   Passed    0.01 sec
          Start 1524: MeshTopology_Collapse.DirectedHalfedgeCollapsePreservesToVertexWhileLegacyEdgeCollapseKeepsHistoricalSurvivor
 252/1616 Test #1524: MeshTopology_Collapse.DirectedHalfedgeCollapsePreservesToVertexWhileLegacyEdgeCollapseKeepsHistoricalSurvivor ...   Passed    0.01 sec
          Start 1525: Simplification_QEM.ReducesFaceCount
 253/1616 Test #1525: Simplification_QEM.ReducesFaceCount .............................................................................   Passed    0.01 sec
          Start 1526: Simplification_QEM.RespectsTargetFaceCount
 254/1616 Test #1526: Simplification_QEM.RespectsTargetFaceCount ......................................................................   Passed    0.01 sec
          Start 1527: Simplification_QEM.TooFewFacesReturnsNullopt
 255/1616 Test #1527: Simplification_QEM.TooFewFacesReturnsNullopt ....................................................................   Passed    0.01 sec
          Start 1528: Simplification_QEM.ErrorThresholdStopsEarly
 256/1616 Test #1528: Simplification_QEM.ErrorThresholdStopsEarly .....................................................................   Passed    0.01 sec
          Start 1529: Simplification_QEM.PreservedMeshIsValid
 257/1616 Test #1529: Simplification_QEM.PreservedMeshIsValid .........................................................................   Passed    0.01 sec
          Start 1530: Simplification_QEM.GarbageCollectionKeepsFaceHalfedgesValidAfterDenseSimplification
 258/1616 Test #1530: Simplification_QEM.GarbageCollectionKeepsFaceHalfedgesValidAfterDenseSimplification .............................   Passed    0.21 sec
          Start 1531: Simplification_QEM.DenseClosedMeshStaysClosed
 259/1616 Test #1531: Simplification_QEM.DenseClosedMeshStaysClosed ...................................................................   Passed    0.21 sec
          Start 1532: Simplification_QEM.HausdorffErrorConstraintSmallMeshSentinel
 260/1616 Test #1532: Simplification_QEM.HausdorffErrorConstraintSmallMeshSentinel ....................................................   Passed    0.02 sec
          Start 1533: Simplification_QEM.RepeatedWorkflowSmallMeshSentinel
 261/1616 Test #1533: Simplification_QEM.RepeatedWorkflowSmallMeshSentinel ............................................................   Passed    0.01 sec
          Start 1534: Simplification_QEM.ConfigurableQuadricsSmallMeshSentinel
 262/1616 Test #1534: Simplification_QEM.ConfigurableQuadricsSmallMeshSentinel ........................................................   Passed    0.01 sec
          Start 1535: Simplification_QEM.ProbabilisticQuadricsSmallMeshSentinel
 263/1616 Test #1535: Simplification_QEM.ProbabilisticQuadricsSmallMeshSentinel .......................................................   Passed    0.01 sec
          Start 1536: Simplification_QEM.MissingCovariancePropertiesFallBackToZeroCovariance
 264/1616 Test #1536: Simplification_QEM.MissingCovariancePropertiesFallBackToZeroCovariance ..........................................   Passed    0.20 sec
          Start 1537: Simplification_QEM.OpenBoundaryPatchKeepsDiskTopology
 265/1616 Test #1537: Simplification_QEM.OpenBoundaryPatchKeepsDiskTopology ...........................................................   Passed    0.00 sec
          Start 1538: Simplification_QEM.PreserveBoundaryPreventsCollapsesOnOpenPatch
 266/1616 Test #1538: Simplification_QEM.PreserveBoundaryPreventsCollapsesOnOpenPatch .................................................   Passed    0.00 sec
          Start 1539: MeshRepair_BoundaryDetection.ClosedMeshHasNoBoundary
 267/1616 Test #1539: MeshRepair_BoundaryDetection.ClosedMeshHasNoBoundary ............................................................   Passed    0.00 sec
          Start 1540: MeshRepair_BoundaryDetection.OpenMeshHasBoundary
 268/1616 Test #1540: MeshRepair_BoundaryDetection.OpenMeshHasBoundary ................................................................   Passed    0.00 sec
          Start 1541: MeshRepair_BoundaryDetection.TwoTriangleSquareHasBoundary
 269/1616 Test #1541: MeshRepair_BoundaryDetection.TwoTriangleSquareHasBoundary .......................................................   Passed    0.00 sec
          Start 1542: MeshRepair_HoleFilling.FillsTriangularHole
 270/1616 Test #1542: MeshRepair_HoleFilling.FillsTriangularHole ......................................................................   Passed    0.00 sec
          Start 1543: MeshRepair_HoleFilling.EmptyMeshReturnsNullopt
 271/1616 Test #1543: MeshRepair_HoleFilling.EmptyMeshReturnsNullopt ..................................................................   Passed    0.00 sec
          Start 1544: MeshRepair_HoleFilling.ClosedMeshReportsZeroHoles
 272/1616 Test #1544: MeshRepair_HoleFilling.ClosedMeshReportsZeroHoles ...............................................................   Passed    0.00 sec
          Start 1545: MeshRepair_DegenerateFaces.DetectsZeroAreaTriangle
 273/1616 Test #1545: MeshRepair_DegenerateFaces.DetectsZeroAreaTriangle ..............................................................   Passed    0.00 sec
          Start 1546: MeshRepair_DegenerateFaces.PreservesValidTriangles
 274/1616 Test #1546: MeshRepair_DegenerateFaces.PreservesValidTriangles ..............................................................   Passed    0.00 sec
          Start 1547: MeshRepair_DegenerateFaces.EmptyMeshReturnsNullopt
 275/1616 Test #1547: MeshRepair_DegenerateFaces.EmptyMeshReturnsNullopt ..............................................................   Passed    0.00 sec
          Start 1548: MeshRepair_Orientation.ClosedMeshIsConsistent
 276/1616 Test #1548: MeshRepair_Orientation.ClosedMeshIsConsistent ...................................................................   Passed    0.00 sec
          Start 1549: MeshRepair_Orientation.EmptyMeshReturnsNullopt
 277/1616 Test #1549: MeshRepair_Orientation.EmptyMeshReturnsNullopt ..................................................................   Passed    0.00 sec
          Start 1550: MeshRepair_Orientation.IcosahedronSingleComponent
 278/1616 Test #1550: MeshRepair_Orientation.IcosahedronSingleComponent ...............................................................   Passed    0.00 sec
          Start 1551: MeshRepair_Combined.RepairValidMesh
 279/1616 Test #1551: MeshRepair_Combined.RepairValidMesh .............................................................................   Passed    0.00 sec
          Start 1552: MeshRepair_Combined.RepairWithDegenerates
 280/1616 Test #1552: MeshRepair_Combined.RepairWithDegenerates .......................................................................   Passed    0.00 sec
          Start 1553: MeshRepair_Combined.EmptyMeshReturnsNullopt
 281/1616 Test #1553: MeshRepair_Combined.EmptyMeshReturnsNullopt .....................................................................   Passed    0.00 sec
          Start 1554: MeshConversion.ConvertsValidSoupToHalfedgeMeshWithFailureDiagnostics
 282/1616 Test #1554: MeshConversion.ConvertsValidSoupToHalfedgeMeshWithFailureDiagnostics ............................................   Passed    0.00 sec
          Start 1555: MeshConversion.ConvertsHalfedgeMeshToIndexedSoupAndBack
 283/1616 Test #1555: MeshConversion.ConvertsHalfedgeMeshToIndexedSoupAndBack .........................................................   Passed    0.00 sec
          Start 1556: MeshConversion.ConvertedHalfedgeMeshOutlivesSourceViaMoveOwnershipTransfer
 284/1616 Test #1556: MeshConversion.ConvertedHalfedgeMeshOutlivesSourceViaMoveOwnershipTransfer ......................................   Passed    0.00 sec
          Start 1557: MeshSoup.EmptyInputIsValid
 285/1616 Test #1557: MeshSoup.EmptyInputIsValid ......................................................................................   Passed    0.00 sec
          Start 1558: MeshSoup.ValidTriangleSoupAndBorrowedViewAreAccepted
 286/1616 Test #1558: MeshSoup.ValidTriangleSoupAndBorrowedViewAreAccepted ............................................................   Passed    0.00 sec
          Start 1559: MeshSoup.PolygonSoupIsAccepted
 287/1616 Test #1559: MeshSoup.PolygonSoupIsAccepted ..................................................................................   Passed    0.00 sec
          Start 1560: MeshSoup.DuplicateVerticesAreWarnings
 288/1616 Test #1560: MeshSoup.DuplicateVerticesAreWarnings ...........................................................................   Passed    0.00 sec
          Start 1561: MeshSoup.DuplicateVerticesTreatSignedZeroAsEqual
 289/1616 Test #1561: MeshSoup.DuplicateVerticesTreatSignedZeroAsEqual ................................................................   Passed    0.00 sec
          Start 1562: MeshSoup.InvalidIndicesAreErrors
 290/1616 Test #1562: MeshSoup.InvalidIndicesAreErrors ................................................................................   Passed    0.00 sec
          Start 1563: MeshSoup.DegenerateFacesAreErrors
 291/1616 Test #1563: MeshSoup.DegenerateFacesAreErrors ...............................................................................   Passed    0.00 sec
          Start 1564: MeshSoup.NonManifoldEdgesAreErrors
 292/1616 Test #1564: MeshSoup.NonManifoldEdgesAreErrors ..............................................................................   Passed    0.00 sec
          Start 1565: MeshSoup.InconsistentWindingIsReportedForSameDirectedSharedEdge
 293/1616 Test #1565: MeshSoup.InconsistentWindingIsReportedForSameDirectedSharedEdge .................................................   Passed    0.00 sec
          Start 1566: MeshSoup.PropertySetsStoreVertexFaceAndCornerDomains
 294/1616 Test #1566: MeshSoup.PropertySetsStoreVertexFaceAndCornerDomains ............................................................   Passed    0.00 sec
          Start 1567: MeshSoup.CopyAndMoveRebindBuiltInPropertyHandles
 295/1616 Test #1567: MeshSoup.CopyAndMoveRebindBuiltInPropertyHandles ................................................................   Passed    0.01 sec
          Start 1568: MeshSoup.AttributeArityMismatchesUsePropertySetDomainCardinality
 296/1616 Test #1568: MeshSoup.AttributeArityMismatchesUsePropertySetDomainCardinality ................................................   Passed    0.01 sec
          Start 1569: PointCloudConversion.EmptyCloudRoundTripsThroughSoup
 297/1616 Test #1569: PointCloudConversion.EmptyCloudRoundTripsThroughSoup ............................................................   Passed    0.01 sec
          Start 1570: PointCloudConversion.CloudPositionsRoundTripPreservesOrder
 298/1616 Test #1570: PointCloudConversion.CloudPositionsRoundTripPreservesOrder ......................................................   Passed    0.01 sec
          Start 1571: PointCloudConversion.ConvertedCloudOutlivesAndDecouplesFromSource
 299/1616 Test #1571: PointCloudConversion.ConvertedCloudOutlivesAndDecouplesFromSource ...............................................   Passed    0.01 sec
          Start 1572: PointCloudConversion.DeletedPointsAreOmittedWithDiagnostic
 300/1616 Test #1572: PointCloudConversion.DeletedPointsAreOmittedWithDiagnostic ......................................................   Passed    0.01 sec
          Start 1573: PointCloudConversion.SoupFacesAreDroppedWithDiagnostic
 301/1616 Test #1573: PointCloudConversion.SoupFacesAreDroppedWithDiagnostic ..........................................................   Passed    0.00 sec
          Start 1574: PointCloudConversion.CloudWithBuiltInAttributesEmitsRemapWarnings
 302/1616 Test #1574: PointCloudConversion.CloudWithBuiltInAttributesEmitsRemapWarnings ...............................................   Passed    0.01 sec
          Start 1575: PointCloudConversion.CloudWithUserPropertyEmitsRemapWarning
 303/1616 Test #1575: PointCloudConversion.CloudWithUserPropertyEmitsRemapWarning .....................................................   Passed    0.01 sec
          Start 1576: PointCloudConversion.InvalidSoupIndexHaltsToPointCloud
 304/1616 Test #1576: PointCloudConversion.InvalidSoupIndexHaltsToPointCloud ..........................................................   Passed    0.00 sec
          Start 1577: PointCloudConversion.BorrowedViewWithFacePropertiesEmitsRemapWarning
 305/1616 Test #1577: PointCloudConversion.BorrowedViewWithFacePropertiesEmitsRemapWarning ............................................   Passed    0.00 sec
          Start 1578: PointCloudConversion.SubmeshViewHonorsOffsetAndSize
 306/1616 Test #1578: PointCloudConversion.SubmeshViewHonorsOffsetAndSize .............................................................   Passed    0.00 sec
          Start 1579: PointCloudConversion.SubmeshViewSkipsDeletedInRangeAndIgnoresDeletedOutsideRange
 307/1616 Test #1579: PointCloudConversion.SubmeshViewSkipsDeletedInRangeAndIgnoresDeletedOutsideRange ................................   Passed    0.00 sec
          Start 1580: MeshBuilder.AABBProducesQuadBox
 308/1616 Test #1580: MeshBuilder.AABBProducesQuadBox .................................................................................   Passed    0.00 sec
          Start 1581: MeshBuilder.DegenerateAABBReturnsNullopt
 309/1616 Test #1581: MeshBuilder.DegenerateAABBReturnsNullopt ........................................................................   Passed    0.00 sec
          Start 1582: MeshBuilder.OBBProducesQuadBox
 310/1616 Test #1582: MeshBuilder.OBBProducesQuadBox ..................................................................................   Passed    0.00 sec
          Start 1583: MeshBuilder.SphereSubdivisionZeroMatchesIcosahedronCounts
 311/1616 Test #1583: MeshBuilder.SphereSubdivisionZeroMatchesIcosahedronCounts .......................................................   Passed    0.00 sec
          Start 1584: MeshBuilder.DegenerateSphereReturnsNullopt
 312/1616 Test #1584: MeshBuilder.DegenerateSphereReturnsNullopt ......................................................................   Passed    0.00 sec
          Start 1585: MeshBuilder.CylinderProducesClosedMesh
 313/1616 Test #1585: MeshBuilder.CylinderProducesClosedMesh ..........................................................................   Passed    0.01 sec
          Start 1586: MeshBuilder.CapsuleZeroAxisFallsBackToSphere
 314/1616 Test #1586: MeshBuilder.CapsuleZeroAxisFallsBackToSphere ....................................................................   Passed    0.03 sec
          Start 1587: MeshBuilder.CapsuleProducesClosedMesh
 315/1616 Test #1587: MeshBuilder.CapsuleProducesClosedMesh ...........................................................................   Passed    0.01 sec
          Start 1588: MeshBuilder.EllipsoidProducesFiniteTransformedSphere
 316/1616 Test #1588: MeshBuilder.EllipsoidProducesFiniteTransformedSphere ............................................................   Passed    0.01 sec
          Start 1589: MeshBuilder.PlatonicSolidCounts
 317/1616 Test #1589: MeshBuilder.PlatonicSolidCounts .................................................................................   Passed    0.00 sec
          Start 1590: CG_Solver.SolvesIdentitySystem
 318/1616 Test #1590: CG_Solver.SolvesIdentitySystem ..................................................................................   Passed    0.00 sec
          Start 1591: CG_Solver.SolvesDiagonalSystem
 319/1616 Test #1591: CG_Solver.SolvesDiagonalSystem ..................................................................................   Passed    0.00 sec
          Start 1592: CG_Solver.SolvesSPDTridiagonal
 320/1616 Test #1592: CG_Solver.SolvesSPDTridiagonal ..................................................................................   Passed    0.00 sec
          Start 1593: CG_Solver.SolvesLaplacianSystem
 321/1616 Test #1593: CG_Solver.SolvesLaplacianSystem .................................................................................   Passed    0.00 sec
          Start 1594: CG_Solver.ShiftedSolverConverges
 322/1616 Test #1594: CG_Solver.ShiftedSolverConverges ................................................................................   Passed    0.00 sec
          Start 1595: Remeshing_Isotropic.ReducesEdgeLengthVariance
 323/1616 Test #1595: Remeshing_Isotropic.ReducesEdgeLengthVariance ...................................................................   Passed    0.00 sec
          Start 1596: Remeshing_Isotropic.PerformsSplitsAndCollapses
 324/1616 Test #1596: Remeshing_Isotropic.PerformsSplitsAndCollapses ..................................................................   Passed    0.00 sec
          Start 1597: Remeshing_Isotropic.ShorterTargetIncreasesVertexCount
 325/1616 Test #1597: Remeshing_Isotropic.ShorterTargetIncreasesVertexCount ...........................................................   Passed    0.00 sec
          Start 1598: Remeshing_Isotropic.PreservesBoundaryVertices
 326/1616 Test #1598: Remeshing_Isotropic.PreservesBoundaryVertices ...................................................................   Passed    0.00 sec
          Start 1599: Remeshing_Isotropic.MaintainsValidMesh
 327/1616 Test #1599: Remeshing_Isotropic.MaintainsValidMesh ..........................................................................   Passed    0.00 sec
          Start 1600: Remeshing_Isotropic.TooFewFacesReturnsNullopt
 328/1616 Test #1600: Remeshing_Isotropic.TooFewFacesReturnsNullopt ...................................................................   Passed    0.01 sec
          Start 1601: Remeshing_Isotropic.EmptyMeshReturnsNullopt
 329/1616 Test #1601: Remeshing_Isotropic.EmptyMeshReturnsNullopt .....................................................................   Passed    0.01 sec
          Start 1602: MeshUtils_CotanLaplacian.EmptyMeshReturnsEmptyVector
 330/1616 Test #1602: MeshUtils_CotanLaplacian.EmptyMeshReturnsEmptyVector ............................................................   Passed    0.01 sec
          Start 1603: MeshUtils_CotanLaplacian.SingleTriangleNonZero
 331/1616 Test #1603: MeshUtils_CotanLaplacian.SingleTriangleNonZero ..................................................................   Passed    0.02 sec
          Start 1604: MeshUtils_CotanLaplacian.EquilateralTriangleSymmetry
 332/1616 Test #1604: MeshUtils_CotanLaplacian.EquilateralTriangleSymmetry ............................................................   Passed    0.01 sec
          Start 1605: MeshUtils_CotanLaplacian.ClampedWeightsNonNegative
 333/1616 Test #1605: MeshUtils_CotanLaplacian.ClampedWeightsNonNegative ..............................................................   Passed    0.01 sec
          Start 1606: MeshUtils_CotanLaplacian.ClosedMeshLaplacianSumsToZero
 334/1616 Test #1606: MeshUtils_CotanLaplacian.ClosedMeshLaplacianSumsToZero ..........................................................   Passed    0.01 sec
          Start 1607: MeshUtils_EdgeCotanWeight.EquilateralTriangleBoundaryWeight
 335/1616 Test #1607: MeshUtils_EdgeCotanWeight.EquilateralTriangleBoundaryWeight .....................................................   Passed    0.01 sec
          Start 1608: MeshUtils_OneRingCentroid.IsolatedVertexReturnsSelf
 336/1616 Test #1608: MeshUtils_OneRingCentroid.IsolatedVertexReturnsSelf .............................................................   Passed    0.01 sec
          Start 1609: MeshUtils_OneRingCentroid.EquilateralTriangleCentroids
 337/1616 Test #1609: MeshUtils_OneRingCentroid.EquilateralTriangleCentroids ..........................................................   Passed    0.01 sec
          Start 1610: MeshUtils_OneRingCentroid.RegularTetrahedronSymmetry
 338/1616 Test #1610: MeshUtils_OneRingCentroid.RegularTetrahedronSymmetry ............................................................   Passed    0.01 sec
          Start 1611: EdgeLoop.InvalidEdgeReturnsEmpty
 339/1616 Test #1611: EdgeLoop.InvalidEdgeReturnsEmpty ................................................................................   Passed    0.02 sec
          Start 1612: EdgeLoop.SingleTriangleProducesPath
 340/1616 Test #1612: EdgeLoop.SingleTriangleProducesPath .............................................................................   Passed    0.01 sec
          Start 1613: EdgeLoop.QuadStripVerticalEdgeSelectsColumn
 341/1616 Test #1613: EdgeLoop.QuadStripVerticalEdgeSelectsColumn .....................................................................   Passed    0.01 sec
          Start 1614: EdgeLoop.QuadStripHorizontalEdgeSelectsRow
 342/1616 Test #1614: EdgeLoop.QuadStripHorizontalEdgeSelectsRow ......................................................................   Passed    0.01 sec
          Start 1615: EdgeLoop.ClosedMeshNoDuplicatesOrOverflow
 343/1616 Test #1615: EdgeLoop.ClosedMeshNoDuplicatesOrOverflow .......................................................................   Passed    0.01 sec
          Start 1616: EdgeLoop.StrictQuadStopsAtNonQuadVertex
 344/1616 Test #1616: EdgeLoop.StrictQuadStopsAtNonQuadVertex .........................................................................   Passed    0.01 sec
          Start 1617: EdgeLoop.StrictQuadTraversesQuadStripInterior
 345/1616 Test #1617: EdgeLoop.StrictQuadTraversesQuadStripInterior ...................................................................   Passed    0.01 sec
          Start 1618: EdgeLoop.OddValenceVertexProducesDeterministicResult
 346/1616 Test #1618: EdgeLoop.OddValenceVertexProducesDeterministicResult ............................................................   Passed    0.00 sec
          Start 1619: EdgeLoop.MixedTriQuadFanNoDuplicatesOrOverflow
 347/1616 Test #1619: EdgeLoop.MixedTriQuadFanNoDuplicatesOrOverflow ..................................................................   Passed    0.00 sec
          Start 1620: EdgeLoop.BoundaryMeshStopsAtBoundary
 348/1616 Test #1620: EdgeLoop.BoundaryMeshStopsAtBoundary ............................................................................   Passed    0.00 sec
          Start 1621: EdgeLoop.TwoTriangleDiamondBoundary
 349/1616 Test #1621: EdgeLoop.TwoTriangleDiamondBoundary .............................................................................   Passed    0.01 sec
          Start 1622: EdgeLoop.SubdividedTriangleValence6Interior
 350/1616 Test #1622: EdgeLoop.SubdividedTriangleValence6Interior .....................................................................   Passed    0.01 sec
          Start 1623: EdgeLoop.OrderingIsConsistentAcrossRuns
 351/1616 Test #1623: EdgeLoop.OrderingIsConsistentAcrossRuns .........................................................................   Passed    0.00 sec
          Start 1624: EdgeLoop.AlwaysContainsStartEdge
 352/1616 Test #1624: EdgeLoop.AlwaysContainsStartEdge ................................................................................   Passed    0.00 sec
          Start 1625: EdgeLoop.DegenerateZeroLengthEdgeDoesNotCrash
 353/1616 Test #1625: EdgeLoop.DegenerateZeroLengthEdgeDoesNotCrash ...................................................................   Passed    0.00 sec
          Start 1626: EdgeRing.InvalidEdgeReturnsEmpty
 354/1616 Test #1626: EdgeRing.InvalidEdgeReturnsEmpty ................................................................................   Passed    0.00 sec
          Start 1627: EdgeRing.SingleTriangleBoundaryStops
 355/1616 Test #1627: EdgeRing.SingleTriangleBoundaryStops ............................................................................   Passed    0.00 sec
          Start 1628: EdgeRing.QuadStripVerticalEdgeSelectsAllVerticalEdges
 356/1616 Test #1628: EdgeRing.QuadStripVerticalEdgeSelectsAllVerticalEdges ...........................................................   Passed    0.00 sec
          Start 1629: EdgeRing.QuadStripHorizontalEdgeCrossesStripHeight
 357/1616 Test #1629: EdgeRing.QuadStripHorizontalEdgeCrossesStripHeight ..............................................................   Passed    0.00 sec
          Start 1630: EdgeRing.TriangleStripProducesPath
 358/1616 Test #1630: EdgeRing.TriangleStripProducesPath ..............................................................................   Passed    0.00 sec
          Start 1631: EdgeRing.ClosedMeshNoDuplicatesOrOverflow
 359/1616 Test #1631: EdgeRing.ClosedMeshNoDuplicatesOrOverflow .......................................................................   Passed    0.00 sec
          Start 1632: EdgeRing.StrictQuadStopsAtTriangleFace
 360/1616 Test #1632: EdgeRing.StrictQuadStopsAtTriangleFace ..........................................................................   Passed    0.00 sec
          Start 1633: EdgeRing.StrictQuadTraversesQuadStrip
 361/1616 Test #1633: EdgeRing.StrictQuadTraversesQuadStrip ...........................................................................   Passed    0.00 sec
          Start 1634: EdgeRing.MixedTriQuadFanNoDuplicatesOrOverflow
 362/1616 Test #1634: EdgeRing.MixedTriQuadFanNoDuplicatesOrOverflow ..................................................................   Passed    0.00 sec
          Start 1635: EdgeRing.BoundaryMeshStopsAtBoundary
 363/1616 Test #1635: EdgeRing.BoundaryMeshStopsAtBoundary ............................................................................   Passed    0.00 sec
          Start 1636: EdgeRing.OrderingIsConsistentAcrossRuns
 364/1616 Test #1636: EdgeRing.OrderingIsConsistentAcrossRuns .........................................................................   Passed    0.00 sec
          Start 1637: EdgeRing.AlwaysContainsStartEdge
 365/1616 Test #1637: EdgeRing.AlwaysContainsStartEdge ................................................................................   Passed    0.00 sec
          Start 1638: AndersonAcceleration.ContractionUsesFiniteSafeguardedMix
 366/1616 Test #1638: AndersonAcceleration.ContractionUsesFiniteSafeguardedMix ........................................................   Passed    0.00 sec
          Start 1639: AndersonAcceleration.DimensionChangesResetPrivateHistory
 367/1616 Test #1639: AndersonAcceleration.DimensionChangesResetPrivateHistory ........................................................   Passed    0.00 sec
          Start 1640: AndersonAcceleration.ExtremeFiniteInputsFailClosedWithoutHistoryMutation
 368/1616 Test #1640: AndersonAcceleration.ExtremeFiniteInputsFailClosedWithoutHistoryMutation ........................................   Passed    0.00 sec
          Start 1641: AndersonAcceleration.SafeguardAndSingularMixFallBackToPlainStep
 369/1616 Test #1641: AndersonAcceleration.SafeguardAndSingularMixFallBackToPlainStep .................................................   Passed    0.00 sec
          Start 1642: AndersonAcceleration.ZeroDampingPublishesThePlainMappedValue
 370/1616 Test #1642: AndersonAcceleration.ZeroDampingPublishesThePlainMappedValue ....................................................   Passed    0.00 sec
          Start 1643: GaussianMixture.KMeansPlusPlusInitializationIsSeedDeterministic
 371/1616 Test #1643: GaussianMixture.KMeansPlusPlusInitializationIsSeedDeterministic .................................................   Passed    0.00 sec
          Start 1644: GaussianMixture.IdentityLogPdfAndSeededSampleAreDeterministic
 372/1616 Test #1644: GaussianMixture.IdentityLogPdfAndSeededSampleAreDeterministic ...................................................   Passed    0.01 sec
          Start 1645: GaussianMixture.CovarianceSymmetryCheckIsScaleAware
 373/1616 Test #1645: GaussianMixture.CovarianceSymmetryCheckIsScaleAware .............................................................   Passed    0.01 sec
          Start 1646: GaussianMixture.RecoversSeparatedComponentsAndMonotonicLikelihood
 374/1616 Test #1646: GaussianMixture.RecoversSeparatedComponentsAndMonotonicLikelihood ...............................................   Passed    0.01 sec
          Start 1647: GaussianMixture.RecoversThreeSeparatedComponents
 375/1616 Test #1647: GaussianMixture.RecoversThreeSeparatedComponents ................................................................   Passed    0.01 sec
          Start 1648: GaussianMixture.AndersonMatchesPlainEmWithoutMoreIterations
 376/1616 Test #1648: GaussianMixture.AndersonMatchesPlainEmWithoutMoreIterations .....................................................   Passed    0.04 sec
          Start 1649: GaussianMixture.CoincidentPointsUseCovarianceFloorDeterministically
 377/1616 Test #1649: GaussianMixture.CoincidentPointsUseCovarianceFloorDeterministically .............................................   Passed    0.00 sec
          Start 1650: GaussianMixture.InvalidInputsFailClosed
 378/1616 Test #1650: GaussianMixture.InvalidInputsFailClosed .........................................................................   Passed    0.00 sec
          Start 1651: SurfaceReconstruction.EmptyPointsReturnsNullopt
 379/1616 Test #1651: SurfaceReconstruction.EmptyPointsReturnsNullopt .................................................................   Passed    0.00 sec
          Start 1652: SurfaceReconstruction.TooFewPointsReturnsNullopt
 380/1616 Test #1652: SurfaceReconstruction.TooFewPointsReturnsNullopt ................................................................   Passed    0.00 sec
          Start 1653: SurfaceReconstruction.MismatchedNormalsReturnsNullopt
 381/1616 Test #1653: SurfaceReconstruction.MismatchedNormalsReturnsNullopt ...........................................................   Passed    0.00 sec
          Start 1654: SurfaceReconstruction.NoNormalsAndNoEstimationReturnsNullopt
 382/1616 Test #1654: SurfaceReconstruction.NoNormalsAndNoEstimationReturnsNullopt ....................................................   Passed    0.00 sec
          Start 1655: SurfaceReconstruction.ZeroResolutionReturnsNullopt
 383/1616 Test #1655: SurfaceReconstruction.ZeroResolutionReturnsNullopt ..............................................................   Passed    0.00 sec
          Start 1656: SurfaceReconstruction.InvalidNormalsAreRejected
 384/1616 Test #1656: SurfaceReconstruction.InvalidNormalsAreRejected .................................................................   Passed    0.04 sec
          Start 1657: SurfaceReconstruction.AllInvalidNormalsReturnNullopt
 385/1616 Test #1657: SurfaceReconstruction.AllInvalidNormalsReturnNullopt ............................................................   Passed    0.00 sec
          Start 1658: SurfaceReconstruction.SphereWithProvidedNormals
 386/1616 Test #1658: SurfaceReconstruction.SphereWithProvidedNormals .................................................................   Passed    0.07 sec
          Start 1659: SurfaceReconstruction.SphereWithEstimatedNormals
 387/1616 Test #1659: SurfaceReconstruction.SphereWithEstimatedNormals ................................................................   Passed    0.07 sec
          Start 1660: SurfaceReconstruction.SphereWithWeightedDistance
 388/1616 Test #1660: SurfaceReconstruction.SphereWithWeightedDistance ................................................................   Passed    0.17 sec
          Start 1661: SurfaceReconstruction.OutputMeshHasVerticesAndFaces
 389/1616 Test #1661: SurfaceReconstruction.OutputMeshHasVerticesAndFaces .............................................................   Passed    0.04 sec
          Start 1662: SurfaceReconstruction.HigherResolutionMoreDetail
 390/1616 Test #1662: SurfaceReconstruction.HigherResolutionMoreDetail ................................................................   Passed    0.13 sec
          Start 1663: SurfaceReconstruction.SphereReconstructionApproximatesRadius
 391/1616 Test #1663: SurfaceReconstruction.SphereReconstructionApproximatesRadius ....................................................   Passed    0.12 sec
          Start 1664: SurfaceReconstruction.AcceptsBorrowedSpanInput
 392/1616 Test #1664: SurfaceReconstruction.AcceptsBorrowedSpanInput ..................................................................   Passed    0.01 sec
          Start 1665: MeshQuality.EmptyMeshReturnsNullopt
 393/1616 Test #1665: MeshQuality.EmptyMeshReturnsNullopt .............................................................................   Passed    0.00 sec
          Start 1666: MeshQuality.EquilateralAngles60
 394/1616 Test #1666: MeshQuality.EquilateralAngles60 .................................................................................   Passed    0.00 sec
          Start 1667: MeshQuality.EquilateralAspectRatio1
 395/1616 Test #1667: MeshQuality.EquilateralAspectRatio1 .............................................................................   Passed    0.00 sec
          Start 1668: MeshQuality.TetrahedronClosed
 396/1616 Test #1668: MeshQuality.TetrahedronClosed ...................................................................................   Passed    0.01 sec
          Start 1669: MeshQuality.TetrahedronVolume
 397/1616 Test #1669: MeshQuality.TetrahedronVolume ...................................................................................   Passed    0.01 sec
          Start 1670: MeshQuality.SingleTriangleNotClosed
 398/1616 Test #1670: MeshQuality.SingleTriangleNotClosed .............................................................................   Passed    0.01 sec
          Start 1671: MeshQuality.EulerCharacteristic
 399/1616 Test #1671: MeshQuality.EulerCharacteristic .................................................................................   Passed    0.01 sec
          Start 1672: MeshQuality.IcosahedronUniformValence5
 400/1616 Test #1672: MeshQuality.IcosahedronUniformValence5 ..........................................................................   Passed    0.01 sec
          Start 1673: MeshQuality.EdgeLengthStats
 401/1616 Test #1673: MeshQuality.EdgeLengthStats .....................................................................................   Passed    0.01 sec
          Start 1674: MeshQuality.BoundaryLoopCount
 402/1616 Test #1674: MeshQuality.BoundaryLoopCount ...................................................................................   Passed    0.01 sec
          Start 1675: MeshAnalysis.EmptyMeshReturnsNullopt
 403/1616 Test #1675: MeshAnalysis.EmptyMeshReturnsNullopt ............................................................................   Passed    0.01 sec
          Start 1676: MeshAnalysis.TetrahedronHasNoProblems
 404/1616 Test #1676: MeshAnalysis.TetrahedronHasNoProblems ...........................................................................   Passed    0.01 sec
          Start 1677: MeshAnalysis.SingleTriangleMarksBoundaryRegion
 405/1616 Test #1677: MeshAnalysis.SingleTriangleMarksBoundaryRegion ..................................................................   Passed    0.01 sec
          Start 1678: MeshAnalysis.DegenerateTriangleIsDetected
 406/1616 Test #1678: MeshAnalysis.DegenerateTriangleIsDetected .......................................................................   Passed    0.01 sec
          Start 1679: MeshAnalysis.SingleQuadFlagsNonTriangleFace
 407/1616 Test #1679: MeshAnalysis.SingleQuadFlagsNonTriangleFace .....................................................................   Passed    0.01 sec
          Start 1680: LSCM.EmptyMeshReturnsNullopt
 408/1616 Test #1680: LSCM.EmptyMeshReturnsNullopt ....................................................................................   Passed    0.01 sec
          Start 1681: LSCM.ClosedMeshReturnsNullopt
 409/1616 Test #1681: LSCM.ClosedMeshReturnsNullopt ...................................................................................   Passed    0.00 sec
          Start 1682: LSCM.DiskTopologyProducesUVs
 410/1616 Test #1682: LSCM.DiskTopologyProducesUVs ....................................................................................   Passed    0.01 sec
          Start 1683: LSCM.PinnedVerticesHaveCorrectUVs
 411/1616 Test #1683: LSCM.PinnedVerticesHaveCorrectUVs ...............................................................................   Passed    0.01 sec
          Start 1684: LSCM.NoFlippedTrianglesOnConvexDisk
 412/1616 Test #1684: LSCM.NoFlippedTrianglesOnConvexDisk .............................................................................   Passed    0.01 sec
          Start 1685: LSCM.FlatDiskDistortionNearOne
 413/1616 Test #1685: LSCM.FlatDiskDistortionNearOne ..................................................................................   Passed    0.00 sec
          Start 1686: LSCM.UVAreaPositive
 414/1616 Test #1686: LSCM.UVAreaPositive .............................................................................................   Passed    0.00 sec
          Start 1687: LSCM.SingleTriangleDiskTopology
 415/1616 Test #1687: LSCM.SingleTriangleDiskTopology .................................................................................   Passed    0.00 sec
          Start 1688: ParameterizationDiagnostics.IdentityTriangleHasZeroNormalizedError
 416/1616 Test #1688: ParameterizationDiagnostics.IdentityTriangleHasZeroNormalizedError ..............................................   Passed    0.00 sec
          Start 1689: ParameterizationDiagnostics.IdentitySquareReportsBoundaryMetrics
 417/1616 Test #1689: ParameterizationDiagnostics.IdentitySquareReportsBoundaryMetrics ................................................   Passed    0.00 sec
          Start 1690: ParameterizationDiagnostics.StretchedRectangleHasPredictableDistortion
 418/1616 Test #1690: ParameterizationDiagnostics.StretchedRectangleHasPredictableDistortion ..........................................   Passed    0.00 sec
          Start 1691: ParameterizationDiagnostics.FlippedUvReportsElementWithoutFailing
 419/1616 Test #1691: ParameterizationDiagnostics.FlippedUvReportsElementWithoutFailing ...............................................   Passed    0.00 sec
          Start 1692: ParameterizationDiagnostics.DegeneratePositionTriangleIsSkipped
 420/1616 Test #1692: ParameterizationDiagnostics.DegeneratePositionTriangleIsSkipped .................................................   Passed    0.00 sec
          Start 1693: ParameterizationDiagnostics.DegenerateUvTriangleIsSkipped
 421/1616 Test #1693: ParameterizationDiagnostics.DegenerateUvTriangleIsSkipped .......................................................   Passed    0.01 sec
          Start 1694: ParameterizationDiagnostics.DeletedFaceKeepsStorageAlignedNanSentinel
 422/1616 Test #1694: ParameterizationDiagnostics.DeletedFaceKeepsStorageAlignedNanSentinel ...........................................   Passed    0.00 sec
          Start 1695: ParameterizationDiagnostics.NonTriangleFaceIsReported
 423/1616 Test #1695: ParameterizationDiagnostics.NonTriangleFaceIsReported ...........................................................   Passed    0.00 sec
          Start 1696: ParameterizationDiagnostics.MissingUvsFailBeforeEvaluation
 424/1616 Test #1696: ParameterizationDiagnostics.MissingUvsFailBeforeEvaluation ......................................................   Passed    0.00 sec
          Start 1697: ParameterizationDiagnostics.NonFiniteUvsAreReported
 425/1616 Test #1697: ParameterizationDiagnostics.NonFiniteUvsAreReported .............................................................   Passed    0.00 sec
          Start 1698: HarmonicParameterization.SquareFanCenterAtHarmonicAverage
 426/1616 Test #1698: HarmonicParameterization.SquareFanCenterAtHarmonicAverage .......................................................   Passed    0.00 sec
          Start 1699: HarmonicParameterization.CircleBoundaryIsOnCircleAndDeterministic
 427/1616 Test #1699: HarmonicParameterization.CircleBoundaryIsOnCircleAndDeterministic ...............................................   Passed    0.01 sec
          Start 1700: HarmonicParameterization.SquareArcLengthBoundaryProducesValidEmbedding
 428/1616 Test #1700: HarmonicParameterization.SquareArcLengthBoundaryProducesValidEmbedding ..........................................   Passed    0.01 sec
          Start 1701: HarmonicParameterization.TutteEmbeddingHasNoFlippedTriangles
 429/1616 Test #1701: HarmonicParameterization.TutteEmbeddingHasNoFlippedTriangles ....................................................   Passed    0.01 sec
          Start 1702: HarmonicParameterization.ClosedMeshIsNotDiskTopology
 430/1616 Test #1702: HarmonicParameterization.ClosedMeshIsNotDiskTopology ............................................................   Passed    0.01 sec
          Start 1703: HarmonicParameterization.MultipleBoundaryLoopsAreNotDiskTopology
 431/1616 Test #1703: HarmonicParameterization.MultipleBoundaryLoopsAreNotDiskTopology ................................................   Passed    0.01 sec
          Start 1704: HarmonicParameterization.PuncturedGenusOneMeshIsNotDiskTopology
 432/1616 Test #1704: HarmonicParameterization.PuncturedGenusOneMeshIsNotDiskTopology .................................................   Passed    0.01 sec
          Start 1705: HarmonicParameterization.FewerThanThreeVerticesAreReported
 433/1616 Test #1705: HarmonicParameterization.FewerThanThreeVerticesAreReported ......................................................   Passed    0.01 sec
          Start 1706: HarmonicParameterization.NonTriangleMeshIsRejected
 434/1616 Test #1706: HarmonicParameterization.NonTriangleMeshIsRejected ..............................................................   Passed    0.01 sec
          Start 1707: HarmonicParameterization.MismatchedBoundaryArrayIsRejected
 435/1616 Test #1707: HarmonicParameterization.MismatchedBoundaryArrayIsRejected ......................................................   Passed    0.00 sec
          Start 1708: HarmonicParameterization.DuplicatePinIsRejected
 436/1616 Test #1708: HarmonicParameterization.DuplicatePinIsRejected .................................................................   Passed    0.01 sec
          Start 1709: HarmonicParameterization.DeletedPinIsRejected
 437/1616 Test #1709: HarmonicParameterization.DeletedPinIsRejected ...................................................................   Passed    0.01 sec
          Start 1710: HarmonicParameterization.NonFinitePinUvIsRejected
 438/1616 Test #1710: HarmonicParameterization.NonFinitePinUvIsRejected ...............................................................   Passed    0.01 sec
          Start 1711: HarmonicParameterization.CustomBoundaryNotFullyPinnedIsRejected
 439/1616 Test #1711: HarmonicParameterization.CustomBoundaryNotFullyPinnedIsRejected .................................................   Passed    0.01 sec
          Start 1712: HarmonicParameterization.LscmApiRemainsReachable
 440/1616 Test #1712: HarmonicParameterization.LscmApiRemainsReachable ................................................................   Passed    0.01 sec
          Start 1713: ParameterizationDispatch.LscmMatchesDirectSolverAndCarriesDiagnostics
 441/1616 Test #1713: ParameterizationDispatch.LscmMatchesDirectSolverAndCarriesDiagnostics ...........................................   Passed    0.01 sec
          Start 1714: ParameterizationDispatch.HarmonicAndTutteMatchDirectSolver
 442/1616 Test #1714: ParameterizationDispatch.HarmonicAndTutteMatchDirectSolver ......................................................   Passed    0.01 sec
          Start 1715: ParameterizationDispatch.InvalidInputsFailClosedThroughStatus
 443/1616 Test #1715: ParameterizationDispatch.InvalidInputsFailClosedThroughStatus ...................................................   Passed    0.01 sec
          Start 1716: ParameterizationDispatch.UnusableDiagnosticsFailClosedWithoutUvs
 444/1616 Test #1716: ParameterizationDispatch.UnusableDiagnosticsFailClosedWithoutUvs ................................................   Passed    0.01 sec
          Start 1717: ParameterizationDispatch.LscmNonConvergenceIsSolverFailureWithoutUvs
 445/1616 Test #1717: ParameterizationDispatch.LscmNonConvergenceIsSolverFailureWithoutUvs ............................................   Passed    0.01 sec
          Start 1718: ParameterizationDispatch.RepeatedCallsAreDeterministic
 446/1616 Test #1718: ParameterizationDispatch.RepeatedCallsAreDeterministic ..........................................................   Passed    0.01 sec
          Start 1719: BoundaryFirstFlattening.AutomaticPlanarDiskIsDeterministicAndConformal
 447/1616 Test #1719: BoundaryFirstFlattening.AutomaticPlanarDiskIsDeterministicAndConformal ..........................................   Passed    0.01 sec
          Start 1720: BoundaryFirstFlattening.AutomaticCurvedDiskMeetsAbsoluteQualityBounds
 448/1616 Test #1720: BoundaryFirstFlattening.AutomaticCurvedDiskMeetsAbsoluteQualityBounds ...........................................   Passed    0.01 sec
          Start 1721: BoundaryFirstFlattening.AutomaticModeIsInvariantToUniformInputScale
 449/1616 Test #1721: BoundaryFirstFlattening.AutomaticModeIsInvariantToUniformInputScale .............................................   Passed    0.01 sec
          Start 1722: BoundaryFirstFlattening.UniformTargetLengthsAreRealized
 450/1616 Test #1722: BoundaryFirstFlattening.UniformTargetLengthsAreRealized .........................................................   Passed    0.01 sec
          Start 1723: BoundaryFirstFlattening.NonIntegrableLengthRequestReportsApproximation
 451/1616 Test #1723: BoundaryFirstFlattening.NonIntegrableLengthRequestReportsApproximation ..........................................   Passed    0.00 sec
          Start 1724: BoundaryFirstFlattening.TargetAnglesPreserveSquareCorners
 452/1616 Test #1724: BoundaryFirstFlattening.TargetAnglesPreserveSquareCorners .......................................................   Passed    0.01 sec
          Start 1725: BoundaryFirstFlattening.IrregularTriangleUsesPerEdgeClosureWeights
 453/1616 Test #1725: BoundaryFirstFlattening.IrregularTriangleUsesPerEdgeClosureWeights ..............................................   Passed    0.01 sec
          Start 1726: BoundaryFirstFlattening.InvalidTopologyAndGeometryFailClosed
 454/1616 Test #1726: BoundaryFirstFlattening.InvalidTopologyAndGeometryFailClosed ....................................................   Passed    0.01 sec
          Start 1727: BoundaryFirstFlattening.InvalidBoundaryDataFailsClosed
 455/1616 Test #1727: BoundaryFirstFlattening.InvalidBoundaryDataFailsClosed ..........................................................   Passed    0.01 sec
          Start 1728: BoundaryFirstFlattening.TypedDispatchMatchesDirectAndFailsClosed
 456/1616 Test #1728: BoundaryFirstFlattening.TypedDispatchMatchesDirectAndFailsClosed ................................................   Passed    0.01 sec
          Start 1729: UvAtlas.FakeBackendCanReplaceDefault
 457/1616 Test #1729: UvAtlas.FakeBackendCanReplaceDefault ............................................................................   Passed    0.02 sec
          Start 1730: UvAtlas.FastStagedRequestUsesBuiltInBackendWithoutXAtlasFallback
 458/1616 Test #1730: UvAtlas.FastStagedRequestUsesBuiltInBackendWithoutXAtlasFallback ................................................   Passed    0.02 sec
          Start 1731: UvAtlas.FastStagedCubeCutsFaceChartsAndCopiesProperties
 459/1616 Test #1731: UvAtlas.FastStagedCubeCutsFaceChartsAndCopiesProperties .........................................................   Passed    0.01 sec
          Start 1732: UvAtlas.FastStagedHighCardinalityGridIsFiniteAndDeterministic
 460/1616 Test #1732: UvAtlas.FastStagedHighCardinalityGridIsFiniteAndDeterministic ...................................................   Passed    0.10 sec
          Start 1733: UvAtlas.FastStagedKeepsFirstSeenBoundaryAndNonmanifoldSeamOrder
 461/1616 Test #1733: UvAtlas.FastStagedKeepsFirstSeenBoundaryAndNonmanifoldSeamOrder .................................................   Passed    0.00 sec
          Start 1734: UvAtlas.FastStagedFailingBackendFallsBackToXAtlasWhenAllowed
 462/1616 Test #1734: UvAtlas.FastStagedFailingBackendFallsBackToXAtlasWhenAllowed ....................................................   Passed    0.10 sec
          Start 1735: UvAtlas.FastStagedFailingBackendFailsClosedWhenXAtlasFallbackDisabled
 463/1616 Test #1735: UvAtlas.FastStagedFailingBackendFailsClosedWhenXAtlasFallbackDisabled ...........................................   Passed    0.00 sec
          Start 1736: UvAtlas.FastStagedRequestCanUseCallerSuppliedBackend
 464/1616 Test #1736: UvAtlas.FastStagedRequestCanUseCallerSuppliedBackend ............................................................   Passed    0.00 sec
          Start 1737: UvAtlas.ValidAuthoredUvsArePreservedWithoutCallingBackend
 465/1616 Test #1737: UvAtlas.ValidAuthoredUvsArePreservedWithoutCallingBackend .......................................................   Passed    0.00 sec
          Start 1738: UvAtlas.MissingUvsGenerateFiniteNormalizedFastStagedUvsByDefault
 466/1616 Test #1738: UvAtlas.MissingUvsGenerateFiniteNormalizedFastStagedUvsByDefault ................................................   Passed    0.00 sec
          Start 1739: UvAtlas.ExplicitXAtlasMethodGeneratesFiniteNormalizedUvs
 467/1616 Test #1739: UvAtlas.ExplicitXAtlasMethodGeneratesFiniteNormalizedUvs ........................................................   Passed    0.01 sec
          Start 1740: UvAtlas.SeamSplitXrefsPreserveVertexProperties
 468/1616 Test #1740: UvAtlas.SeamSplitXrefsPreserveVertexProperties ..................................................................   Passed    0.01 sec
          Start 1741: UvAtlas.InvalidInputsReturnExplicitStatuses
 469/1616 Test #1741: UvAtlas.InvalidInputsReturnExplicitStatuses .....................................................................   Passed    0.01 sec
          Start 1742: UvAtlas.InvalidAuthoredUvsFallBackToDefaultBackend
 470/1616 Test #1742: UvAtlas.InvalidAuthoredUvsFallBackToDefaultBackend ..............................................................   Passed    0.01 sec
          Start 1743: AdaptiveRemesh.EmptyMeshReturnsNullopt
 471/1616 Test #1743: AdaptiveRemesh.EmptyMeshReturnsNullopt ..........................................................................   Passed    0.01 sec
          Start 1744: AdaptiveRemesh.SingleTriangleReturnsNullopt
 472/1616 Test #1744: AdaptiveRemesh.SingleTriangleReturnsNullopt .....................................................................   Passed    0.01 sec
          Start 1745: AdaptiveRemesh.TwoTrianglesMinimalCase
 473/1616 Test #1745: AdaptiveRemesh.TwoTrianglesMinimalCase ..........................................................................   Passed    0.01 sec
          Start 1746: AdaptiveRemesh.FlatPlaneUniformSizing
 474/1616 Test #1746: AdaptiveRemesh.FlatPlaneUniformSizing ...........................................................................   Passed    0.01 sec
          Start 1747: AdaptiveRemesh.SphereRefinement
 475/1616 Test #1747: AdaptiveRemesh.SphereRefinement .................................................................................   Passed    0.01 sec
          Start 1748: AdaptiveRemesh.BoundaryPreservation
 476/1616 Test #1748: AdaptiveRemesh.BoundaryPreservation .............................................................................   Passed    0.00 sec
          Start 1749: AdaptiveRemesh.MultiIterationConvergence
 477/1616 Test #1749: AdaptiveRemesh.MultiIterationConvergence ........................................................................   Passed    0.01 sec
          Start 1750: AdaptiveRemesh.ZeroAdaptationBehavesLikeIsotropic
 478/1616 Test #1750: AdaptiveRemesh.ZeroAdaptationBehavesLikeIsotropic ...............................................................   Passed    0.00 sec
          Start 1751: AdaptiveRemesh.EdgeLengthBoundsRespected
 479/1616 Test #1751: AdaptiveRemesh.EdgeLengthBoundsRespected ........................................................................   Passed    0.01 sec
          Start 1752: AdaptiveRemesh.ResultDiagnostics
 480/1616 Test #1752: AdaptiveRemesh.ResultDiagnostics ................................................................................   Passed    0.01 sec
          Start 1753: AdaptiveRemesh.ReferenceProjectionPathProducesValidMesh
 481/1616 Test #1753: AdaptiveRemesh.ReferenceProjectionPathProducesValidMesh .........................................................   Passed    0.01 sec
          Start 1754: AdaptiveRemesh.ReferenceProjectorProjectsToFrozenSurface
 482/1616 Test #1754: AdaptiveRemesh.ReferenceProjectorProjectsToFrozenSurface ........................................................   Passed    0.00 sec
          Start 1755: AdaptiveRemesh.ErrorBoundedSizingPathProducesValidMesh
 483/1616 Test #1755: AdaptiveRemesh.ErrorBoundedSizingPathProducesValidMesh ..........................................................   Passed    0.01 sec
          Start 1756: ConvexHull_Degenerate.EmptyInputReturnsNullopt
 484/1616 Test #1756: ConvexHull_Degenerate.EmptyInputReturnsNullopt ..................................................................   Passed    0.00 sec
          Start 1757: ConvexHull_Degenerate.SinglePointReturnsNullopt
 485/1616 Test #1757: ConvexHull_Degenerate.SinglePointReturnsNullopt .................................................................   Passed    0.00 sec
          Start 1758: ConvexHull_Degenerate.TwoPointsReturnsNullopt
 486/1616 Test #1758: ConvexHull_Degenerate.TwoPointsReturnsNullopt ...................................................................   Passed    0.00 sec
          Start 1759: ConvexHull_Degenerate.ThreePointsReturnsNullopt
 487/1616 Test #1759: ConvexHull_Degenerate.ThreePointsReturnsNullopt .................................................................   Passed    0.00 sec
          Start 1760: ConvexHull_Degenerate.CoincidentPointsReturnsNullopt
 488/1616 Test #1760: ConvexHull_Degenerate.CoincidentPointsReturnsNullopt ............................................................   Passed    0.00 sec
          Start 1761: ConvexHull_Degenerate.CollinearPointsReturnsNullopt
 489/1616 Test #1761: ConvexHull_Degenerate.CollinearPointsReturnsNullopt .............................................................   Passed    0.00 sec
          Start 1762: ConvexHull_Degenerate.CoplanarPointsReturnsNullopt
 490/1616 Test #1762: ConvexHull_Degenerate.CoplanarPointsReturnsNullopt ..............................................................   Passed    0.00 sec
          Start 1763: ConvexHull_Tetrahedron.FourPointsProduceTetrahedron
 491/1616 Test #1763: ConvexHull_Tetrahedron.FourPointsProduceTetrahedron .............................................................   Passed    0.00 sec
          Start 1764: ConvexHull_Tetrahedron.PlanesHaveOutwardNormals
 492/1616 Test #1764: ConvexHull_Tetrahedron.PlanesHaveOutwardNormals .................................................................   Passed    0.00 sec
          Start 1765: ConvexHull_Cube.EightVerticesTwelveFaces
 493/1616 Test #1765: ConvexHull_Cube.EightVerticesTwelveFaces ........................................................................   Passed    0.00 sec
          Start 1766: ConvexHull_Octahedron.SixVerticesEightFaces
 494/1616 Test #1766: ConvexHull_Octahedron.SixVerticesEightFaces .....................................................................   Passed    0.00 sec
          Start 1767: ConvexHull_Interior.CubeWithInteriorPoints
 495/1616 Test #1767: ConvexHull_Interior.CubeWithInteriorPoints ......................................................................   Passed    0.00 sec
          Start 1768: ConvexHull_Interior.SphereWithCentroid
 496/1616 Test #1768: ConvexHull_Interior.SphereWithCentroid ..........................................................................   Passed    0.00 sec
          Start 1769: ConvexHull_Sphere.AllSurfacePointsOnHull
 497/1616 Test #1769: ConvexHull_Sphere.AllSurfacePointsOnHull ........................................................................   Passed    0.00 sec
          Start 1770: ConvexHull_Sphere.LargerSphereConverges
 498/1616 Test #1770: ConvexHull_Sphere.LargerSphereConverges .........................................................................   Passed    0.01 sec
          Start 1771: ConvexHull_Random.UniformCubeDistribution
 499/1616 Test #1771: ConvexHull_Random.UniformCubeDistribution .......................................................................   Passed    0.01 sec
          Start 1772: ConvexHull_Random.GaussianDistribution
 500/1616 Test #1772: ConvexHull_Random.GaussianDistribution ..........................................................................   Passed    0.01 sec
          Start 1773: ConvexHull_Random.LargePointCloud
 501/1616 Test #1773: ConvexHull_Random.LargePointCloud ...............................................................................   Passed    0.01 sec
          Start 1774: ConvexHull_HRep.PlaneCountMatchesFaceCount
 502/1616 Test #1774: ConvexHull_HRep.PlaneCountMatchesFaceCount ......................................................................   Passed    0.00 sec
          Start 1775: ConvexHull_HRep.PlanesAreNormalized
 503/1616 Test #1775: ConvexHull_HRep.PlanesAreNormalized .............................................................................   Passed    0.00 sec
          Start 1776: ConvexHull_HRep.SkipPlanesWhenDisabled
 504/1616 Test #1776: ConvexHull_HRep.SkipPlanesWhenDisabled ..........................................................................   Passed    0.00 sec
          Start 1777: ConvexHull_Mesh.BuildMeshProducesValidHalfedgeMesh
 505/1616 Test #1777: ConvexHull_Mesh.BuildMeshProducesValidHalfedgeMesh ..............................................................   Passed    0.00 sec
          Start 1778: ConvexHull_Mesh.CubeMeshTopology
 506/1616 Test #1778: ConvexHull_Mesh.CubeMeshTopology ................................................................................   Passed    0.01 sec
          Start 1779: ConvexHull_Mesh.MeshNotBuiltByDefault
 507/1616 Test #1779: ConvexHull_Mesh.MeshNotBuiltByDefault ...........................................................................   Passed    0.01 sec
          Start 1780: ConvexHull_FromMesh.TetrahedronMesh
 508/1616 Test #1780: ConvexHull_FromMesh.TetrahedronMesh .............................................................................   Passed    0.00 sec
          Start 1781: ConvexHull_FromMesh.EmptyMeshReturnsNullopt
 509/1616 Test #1781: ConvexHull_FromMesh.EmptyMeshReturnsNullopt .....................................................................   Passed    0.00 sec
          Start 1782: ConvexHull_Robustness.DuplicatePoints
 510/1616 Test #1782: ConvexHull_Robustness.DuplicatePoints ...........................................................................   Passed    0.00 sec
          Start 1783: ConvexHull_Robustness.NearlyCoplanarWithOffset
 511/1616 Test #1783: ConvexHull_Robustness.NearlyCoplanarWithOffset ..................................................................   Passed    0.00 sec
          Start 1784: ConvexHull_Robustness.PointsOnHullEdges
 512/1616 Test #1784: ConvexHull_Robustness.PointsOnHullEdges .........................................................................   Passed    0.00 sec
          Start 1785: ConvexHull_Robustness.ScaledCoordinates
 513/1616 Test #1785: ConvexHull_Robustness.ScaledCoordinates .........................................................................   Passed    0.00 sec
          Start 1786: ConvexHull_Robustness.SmallCoordinates
 514/1616 Test #1786: ConvexHull_Robustness.SmallCoordinates ..........................................................................   Passed    0.00 sec
          Start 1787: ConvexHull_Convexity.AllFaceNormalsPointOutward
 515/1616 Test #1787: ConvexHull_Convexity.AllFaceNormalsPointOutward .................................................................   Passed    0.00 sec
          Start 1788: ConvexHull_Diagnostics.InputPointCountCorrect
 516/1616 Test #1788: ConvexHull_Diagnostics.InputPointCountCorrect ...................................................................   Passed    0.00 sec
          Start 1789: ConvexHull_Diagnostics.InteriorPlusHullEqualsInput
 517/1616 Test #1789: ConvexHull_Diagnostics.InteriorPlusHullEqualsInput ..............................................................   Passed    0.00 sec
          Start 1790: PointCloud_Cloud.EmptyCloudIsValid
 518/1616 Test #1790: PointCloud_Cloud.EmptyCloudIsValid ..............................................................................   Passed    0.00 sec
          Start 1791: PointCloud_Cloud.PositionsOnlyIsValid
 519/1616 Test #1791: PointCloud_Cloud.PositionsOnlyIsValid ...........................................................................   Passed    0.00 sec
          Start 1792: PointCloud_Cloud.FullAttributesAreValid
 520/1616 Test #1792: PointCloud_Cloud.FullAttributesAreValid .........................................................................   Passed    0.00 sec
          Start 1793: PointCloud_Cloud.ConstPropertyAccessUsesReadOnlyViews
 521/1616 Test #1793: PointCloud_Cloud.ConstPropertyAccessUsesReadOnlyViews ...........................................................   Passed    0.00 sec
          Start 1794: PointCloud_Cloud.MismatchedNormalsInvalid
 522/1616 Test #1794: PointCloud_Cloud.MismatchedNormalsInvalid .......................................................................   Passed    0.00 sec
          Start 1795: PointCloud_Cloud.MismatchedColorsInvalid
 523/1616 Test #1795: PointCloud_Cloud.MismatchedColorsInvalid ........................................................................   Passed    0.00 sec
          Start 1796: PointCloud_BoundingBox.EmptyCloudReturnsZeroAABB
 524/1616 Test #1796: PointCloud_BoundingBox.EmptyCloudReturnsZeroAABB ................................................................   Passed    0.00 sec
          Start 1797: PointCloud_BoundingBox.SinglePointBB
 525/1616 Test #1797: PointCloud_BoundingBox.SinglePointBB ............................................................................   Passed    0.00 sec
          Start 1798: PointCloud_BoundingBox.UnitSphereBoundedByUnitCube
 526/1616 Test #1798: PointCloud_BoundingBox.UnitSphereBoundedByUnitCube ..............................................................   Passed    0.00 sec
          Start 1799: PointCloud_Statistics.EmptyReturnsNullopt
 527/1616 Test #1799: PointCloud_Statistics.EmptyReturnsNullopt .......................................................................   Passed    0.01 sec
          Start 1800: PointCloud_Statistics.SinglePointStats
 528/1616 Test #1800: PointCloud_Statistics.SinglePointStats ..........................................................................   Passed    0.01 sec
          Start 1801: PointCloud_Statistics.SphereStatistics
 529/1616 Test #1801: PointCloud_Statistics.SphereStatistics ..........................................................................   Passed    0.01 sec
          Start 1802: PointCloud_Downsample.EmptyReturnsNullopt
 530/1616 Test #1802: PointCloud_Downsample.EmptyReturnsNullopt .......................................................................   Passed    0.01 sec
          Start 1803: PointCloud_Downsample.InvalidVoxelSizeReturnsNullopt
 531/1616 Test #1803: PointCloud_Downsample.InvalidVoxelSizeReturnsNullopt ............................................................   Passed    0.00 sec
          Start 1804: PointCloud_Downsample.LargeVoxelCollapsesToFewPoints
 532/1616 Test #1804: PointCloud_Downsample.LargeVoxelCollapsesToFewPoints ............................................................   Passed    0.01 sec
          Start 1805: PointCloud_Downsample.SmallVoxelPreservesPoints
 533/1616 Test #1805: PointCloud_Downsample.SmallVoxelPreservesPoints .................................................................   Passed    0.01 sec
          Start 1806: PointCloud_Downsample.PreservesNormals
 534/1616 Test #1806: PointCloud_Downsample.PreservesNormals ..........................................................................   Passed    0.01 sec
          Start 1807: PointCloud_Downsample.PreservesColors
 535/1616 Test #1807: PointCloud_Downsample.PreservesColors ...........................................................................   Passed    0.01 sec
          Start 1808: PointCloud_Downsample.OutputCloudIsValid
 536/1616 Test #1808: PointCloud_Downsample.OutputCloudIsValid ........................................................................   Passed    0.01 sec
          Start 1809: PointCloud_Radius.TooFewPointsReturnsNullopt
 537/1616 Test #1809: PointCloud_Radius.TooFewPointsReturnsNullopt ....................................................................   Passed    0.01 sec
          Start 1810: PointCloud_Radius.SphereRadiiReasonable
 538/1616 Test #1810: PointCloud_Radius.SphereRadiiReasonable .........................................................................   Passed    0.02 sec
          Start 1811: PointCloud_Radius.ScaleFactorMultipliesRadius
 539/1616 Test #1811: PointCloud_Radius.ScaleFactorMultipliesRadius ...................................................................   Passed    0.01 sec
          Start 1812: PointCloud_Subsample.EmptyReturnsNullopt
 540/1616 Test #1812: PointCloud_Subsample.EmptyReturnsNullopt ........................................................................   Passed    0.00 sec
          Start 1813: PointCloud_Subsample.SubsampleReducesCount
 541/1616 Test #1813: PointCloud_Subsample.SubsampleReducesCount ......................................................................   Passed    0.00 sec
          Start 1814: PointCloud_Subsample.ReturnedCloudKeepsValidPositionSpan
 542/1616 Test #1814: PointCloud_Subsample.ReturnedCloudKeepsValidPositionSpan ........................................................   Passed    0.00 sec
          Start 1815: PointCloud_Subsample.TargetLargerThanCloudReturnsAll
 543/1616 Test #1815: PointCloud_Subsample.TargetLargerThanCloudReturnsAll ............................................................   Passed    0.01 sec
          Start 1816: PointCloud_Subsample.DeterministicWithSameSeed
 544/1616 Test #1816: PointCloud_Subsample.DeterministicWithSameSeed ..................................................................   Passed    0.01 sec
          Start 1817: PointCloud_Subsample.DifferentSeedsGiveDifferentResults
 545/1616 Test #1817: PointCloud_Subsample.DifferentSeedsGiveDifferentResults .........................................................   Passed    0.01 sec
          Start 1818: PointCloud_Subsample.IndicesAreValid
 546/1616 Test #1818: PointCloud_Subsample.IndicesAreValid ............................................................................   Passed    0.00 sec
          Start 1819: PointCloud_RenderMode.EnumValues
 547/1616 Test #1819: PointCloud_RenderMode.EnumValues ................................................................................   Passed    0.00 sec
          Start 1820: PointCloud_Integration.DownsampleThenEstimateRadii
 548/1616 Test #1820: PointCloud_Integration.DownsampleThenEstimateRadii ..............................................................   Passed    0.01 sec
          Start 1821: PointCloud_Edge.CollinearPointsDownsample
 549/1616 Test #1821: PointCloud_Edge.CollinearPointsDownsample .......................................................................   Passed    0.00 sec
          Start 1822: PointCloud_Edge.DuplicatePointsDownsample
 550/1616 Test #1822: PointCloud_Edge.DuplicatePointsDownsample .......................................................................   Passed    0.00 sec
          Start 1823: PointCloud_KMeans.EmptyInputReturnsNullopt
 551/1616 Test #1823: PointCloud_KMeans.EmptyInputReturnsNullopt ......................................................................   Passed    0.00 sec
          Start 1824: PointCloud_KMeans.DegenerateClusterCountReturnsNullopt
 552/1616 Test #1824: PointCloud_KMeans.DegenerateClusterCountReturnsNullopt ..........................................................   Passed    0.00 sec
          Start 1825: PointCloud_KMeans.TwoSeparatedBlobsProduceTwoCentroids
 553/1616 Test #1825: PointCloud_KMeans.TwoSeparatedBlobsProduceTwoCentroids ..........................................................   Passed    0.00 sec
          Start 1826: PointCloud_KMeans.CpuEntryReportsGpuRequestAsCpuFallback
 554/1616 Test #1826: PointCloud_KMeans.CpuEntryReportsGpuRequestAsCpuFallback ........................................................   Passed    0.01 sec
          Start 1827: PointCloud_KMeans.ClusterCountIsClampedToPointCount
 555/1616 Test #1827: PointCloud_KMeans.ClusterCountIsClampedToPointCount .............................................................   Passed    0.00 sec
          Start 1828: PointCloud_KMeans.ReusesPersistentCentroidSeedsAndBuildsCpuScratchTree
 556/1616 Test #1828: PointCloud_KMeans.ReusesPersistentCentroidSeedsAndBuildsCpuScratchTree ..........................................   Passed    0.01 sec
          Start 1829: PointCloud_KMeans.RecomputeCentroidsMatchesPerLabelMeans
 557/1616 Test #1829: PointCloud_KMeans.RecomputeCentroidsMatchesPerLabelMeans ........................................................   Passed    0.00 sec
          Start 1830: PointCloud_KMeans.RecomputeCentroidsLeavesEmptyClustersAtOrigin
 558/1616 Test #1830: PointCloud_KMeans.RecomputeCentroidsLeavesEmptyClustersAtOrigin .................................................   Passed    0.00 sec
          Start 1831: PointCloud_KMeans.ClassifyPointToCentroidUsesCentroidVoronoiCells
 559/1616 Test #1831: PointCloud_KMeans.ClassifyPointToCentroidUsesCentroidVoronoiCells ...............................................   Passed    0.00 sec
          Start 1832: PointCloud_GaussianNoise.ZeroScaleIsIdentity
 560/1616 Test #1832: PointCloud_GaussianNoise.ZeroScaleIsIdentity ....................................................................   Passed    0.00 sec
          Start 1833: PointCloud_GaussianNoise.SameSeedIsDeterministic
 561/1616 Test #1833: PointCloud_GaussianNoise.SameSeedIsDeterministic ................................................................   Passed    0.01 sec
          Start 1834: PointCloud_GaussianNoise.SinglePointNonZeroScaleFailsClosed
 562/1616 Test #1834: PointCloud_GaussianNoise.SinglePointNonZeroScaleFailsClosed .....................................................   Passed    0.01 sec
          Start 1835: SphereFitting.ReturnsNulloptForEmptyInput
 563/1616 Test #1835: SphereFitting.ReturnsNulloptForEmptyInput .......................................................................   Passed    0.01 sec
          Start 1836: SphereFitting.ReturnsNulloptForOnlyNonFiniteSamples
 564/1616 Test #1836: SphereFitting.ReturnsNulloptForOnlyNonFiniteSamples .............................................................   Passed    0.01 sec
          Start 1837: SphereFitting.FitsDiameterSphereForTwoPoints
 565/1616 Test #1837: SphereFitting.FitsDiameterSphereForTwoPoints ....................................................................   Passed    0.01 sec
          Start 1838: SphereFitting.FitsExactSphereFromAxisSamples
 566/1616 Test #1838: SphereFitting.FitsExactSphereFromAxisSamples ....................................................................   Passed    0.02 sec
          Start 1839: SphereFitting.LeastSquaresRecoversNoisySphere
 567/1616 Test #1839: SphereFitting.LeastSquaresRecoversNoisySphere ...................................................................   Passed    0.01 sec
          Start 1840: SphereFitting.IterativeGeometricImprovesOrMatchesLeastSquaresResidual
 568/1616 Test #1840: SphereFitting.IterativeGeometricImprovesOrMatchesLeastSquaresResidual ...........................................   Passed    0.01 sec
          Start 1841: SphereFitting.IterativeGeometricFailsClosedForInvalidInputs
 569/1616 Test #1841: SphereFitting.IterativeGeometricFailsClosedForInvalidInputs .....................................................   Passed    0.01 sec
          Start 1842: SphereFitting.BoundingSphereContainsAllSamples
 570/1616 Test #1842: SphereFitting.BoundingSphereContainsAllSamples ..................................................................   Passed    0.01 sec
          Start 1843: SphereFitting.EnforceContainmentInflatesLeastSquaresFit
 571/1616 Test #1843: SphereFitting.EnforceContainmentInflatesLeastSquaresFit .........................................................   Passed    0.01 sec
          Start 1844: TriangleMetrics.ThreeFourFiveTriangleMatchesAnalyticValues
 572/1616 Test #1844: TriangleMetrics.ThreeFourFiveTriangleMatchesAnalyticValues ......................................................   Passed    0.01 sec
          Start 1845: TriangleMetrics.SafeAcosClampsOutsideDomain
 573/1616 Test #1845: TriangleMetrics.SafeAcosClampsOutsideDomain .....................................................................   Passed    0.01 sec
          Start 1846: TriangleMetrics.DegenerateTriangleReturnsFiniteZeroedMetrics
 574/1616 Test #1846: TriangleMetrics.DegenerateTriangleReturnsFiniteZeroedMetrics ....................................................   Passed    0.01 sec
          Start 1847: TriangleMetrics.NonFiniteTriangleReturnsFiniteZeroedMetrics
 575/1616 Test #1847: TriangleMetrics.NonFiniteTriangleReturnsFiniteZeroedMetrics .....................................................   Passed    0.01 sec
          Start 1848: BooleanCSG.DisjointUnionAppendsBothMeshes
 576/1616 Test #1848: BooleanCSG.DisjointUnionAppendsBothMeshes .......................................................................   Passed    0.01 sec
          Start 1849: BooleanCSG.DisjointIntersectionReturnsEmptyMesh
 577/1616 Test #1849: BooleanCSG.DisjointIntersectionReturnsEmptyMesh .................................................................   Passed    0.01 sec
          Start 1850: BooleanCSG.DisjointDifferenceReturnsFirstMesh
 578/1616 Test #1850: BooleanCSG.DisjointDifferenceReturnsFirstMesh ...................................................................   Passed    0.01 sec
          Start 1851: BooleanCSG.DisjointVolumes_AllOperations
 579/1616 Test #1851: BooleanCSG.DisjointVolumes_AllOperations ........................................................................   Passed    0.01 sec
          Start 1852: BooleanCSG.ContainmentIntersectionReturnsInnerMesh
 580/1616 Test #1852: BooleanCSG.ContainmentIntersectionReturnsInnerMesh ..............................................................   Passed    0.01 sec
          Start 1853: BooleanCSG.ContainmentUnionReturnsOuterMesh
 581/1616 Test #1853: BooleanCSG.ContainmentUnionReturnsOuterMesh .....................................................................   Passed    0.01 sec
          Start 1854: BooleanCSG.ContainmentDifference_AInsideB_ReturnsEmpty
 582/1616 Test #1854: BooleanCSG.ContainmentDifference_AInsideB_ReturnsEmpty ..........................................................   Passed    0.01 sec
          Start 1855: BooleanCSG.ContainmentDifference_BInsideA_ReturnsNullopt
 583/1616 Test #1855: BooleanCSG.ContainmentDifference_BInsideA_ReturnsNullopt ........................................................   Passed    0.01 sec
          Start 1856: BooleanCSG.ContainmentIntersection_Reversed
 584/1616 Test #1856: BooleanCSG.ContainmentIntersection_Reversed .....................................................................   Passed    0.01 sec
          Start 1857: BooleanCSG.ContainmentUnion_Reversed
 585/1616 Test #1857: BooleanCSG.ContainmentUnion_Reversed ............................................................................   Passed    0.01 sec
          Start 1858: BooleanCSG.PartialOverlapReturnsNullopt
 586/1616 Test #1858: BooleanCSG.PartialOverlapReturnsNullopt .........................................................................   Passed    0.01 sec
          Start 1859: BooleanCSG.PartialOverlapDifferenceReturnsNullopt
 587/1616 Test #1859: BooleanCSG.PartialOverlapDifferenceReturnsNullopt ...............................................................   Passed    0.00 sec
          Start 1860: BooleanCSG.PartialOverlapIntersectionReturnsNullopt
 588/1616 Test #1860: BooleanCSG.PartialOverlapIntersectionReturnsNullopt .............................................................   Passed    0.01 sec
          Start 1861: BooleanCSG.EmptyMeshA_ReturnsNullopt
 589/1616 Test #1861: BooleanCSG.EmptyMeshA_ReturnsNullopt ............................................................................   Passed    0.01 sec
          Start 1862: BooleanCSG.EmptyMeshB_ReturnsNullopt
 590/1616 Test #1862: BooleanCSG.EmptyMeshB_ReturnsNullopt ............................................................................   Passed    0.01 sec
          Start 1863: BooleanCSG.BothMeshesEmpty_ReturnsNullopt
 591/1616 Test #1863: BooleanCSG.BothMeshesEmpty_ReturnsNullopt .......................................................................   Passed    0.01 sec
          Start 1864: BooleanCSG.IdenticalMeshes_UnionReturnsOneMesh
 592/1616 Test #1864: BooleanCSG.IdenticalMeshes_UnionReturnsOneMesh ..................................................................   Passed    0.01 sec
          Start 1865: BooleanCSG.IdenticalMeshes_IntersectionReturnsOneMesh
 593/1616 Test #1865: BooleanCSG.IdenticalMeshes_IntersectionReturnsOneMesh ...........................................................   Passed    0.01 sec
          Start 1866: BooleanCSG.FaceContactUnion
 594/1616 Test #1866: BooleanCSG.FaceContactUnion .....................................................................................   Passed    0.01 sec
          Start 1867: BooleanCSG.EdgeContactUnion
 595/1616 Test #1867: BooleanCSG.EdgeContactUnion .....................................................................................   Passed    0.01 sec
          Start 1868: BooleanCSG.VertexContactUnion
 596/1616 Test #1868: BooleanCSG.VertexContactUnion ...................................................................................   Passed    0.01 sec
          Start 1869: BooleanCSG.DisjointResult_HasDiagnostic
 597/1616 Test #1869: BooleanCSG.DisjointResult_HasDiagnostic .........................................................................   Passed    0.02 sec
          Start 1870: BooleanCSG.ContainmentResult_HasDiagnostic
 598/1616 Test #1870: BooleanCSG.ContainmentResult_HasDiagnostic ......................................................................   Passed    0.01 sec
          Start 1871: BooleanCSG.CustomEpsilon_DisjointStillWorks
 599/1616 Test #1871: BooleanCSG.CustomEpsilon_DisjointStillWorks .....................................................................   Passed    0.01 sec
          Start 1872: BooleanCSG.OutputMeshIsClearedBeforeWrite
 600/1616 Test #1872: BooleanCSG.OutputMeshIsClearedBeforeWrite .......................................................................   Passed    0.01 sec
          Start 1873: MeshBoundary.EmptyMeshReturnsEmptyResult
 601/1616 Test #1873: MeshBoundary.EmptyMeshReturnsEmptyResult ........................................................................   Passed    0.02 sec
          Start 1874: MeshBoundary.ClosedMeshHasNoBoundary
 602/1616 Test #1874: MeshBoundary.ClosedMeshHasNoBoundary ............................................................................   Passed    0.01 sec
          Start 1875: MeshBoundary.SingleTriangleHasBoundary
 603/1616 Test #1875: MeshBoundary.SingleTriangleHasBoundary ..........................................................................   Passed    0.01 sec
          Start 1876: MeshBoundary.TwoTriangleSquareBoundary
 604/1616 Test #1876: MeshBoundary.TwoTriangleSquareBoundary ..........................................................................   Passed    0.01 sec
          Start 1877: MeshBoundary.IcosahedronFullyClosed
 605/1616 Test #1877: MeshBoundary.IcosahedronFullyClosed .............................................................................   Passed    0.01 sec
          Start 1878: MeshBoundary.MarkBoundaryVerticesAsFeature
 606/1616 Test #1878: MeshBoundary.MarkBoundaryVerticesAsFeature ......................................................................   Passed    0.00 sec
          Start 1879: MeshBoundary.MarkBoundaryEdgesAsFeature
 607/1616 Test #1879: MeshBoundary.MarkBoundaryEdgesAsFeature .........................................................................   Passed    0.00 sec
          Start 1880: MeshBoundary.BoundaryPropertyTracksCorrectly
 608/1616 Test #1880: MeshBoundary.BoundaryPropertyTracksCorrectly ....................................................................   Passed    0.00 sec
          Start 1881: MeshBoundary.CubeIsFullyClosed
 609/1616 Test #1881: MeshBoundary.CubeIsFullyClosed ..................................................................................   Passed    0.00 sec
          Start 1882: Attributes_TopologyEdits.SplitInterpolatesVertexPropertyAtRequestedPosition
 610/1616 Test #1882: Attributes_TopologyEdits.SplitInterpolatesVertexPropertyAtRequestedPosition .....................................   Passed    0.00 sec
          Start 1883: Attributes_TopologyEdits.CollapseInterpolatesVertexPropertyAtRequestedPosition
 611/1616 Test #1883: Attributes_TopologyEdits.CollapseInterpolatesVertexPropertyAtRequestedPosition ..................................   Passed    0.00 sec
          Start 1884: Attributes_TriangleSoupBridge.BuildAndExtractPreserveTexcoords
 612/1616 Test #1884: Attributes_TriangleSoupBridge.BuildAndExtractPreserveTexcoords ..................................................   Passed    0.00 sec
          Start 1885: Attributes_TriangleSoupBridge.WeldSkipsUVSeams
 613/1616 Test #1885: Attributes_TriangleSoupBridge.WeldSkipsUVSeams ..................................................................   Passed    0.01 sec
          Start 1886: Attributes_TriangleSoupBridge.ExtractIndexedTrianglesReportsAuthoritativeFaceIdsForTriangulatedNgons
 614/1616 Test #1886: Attributes_TriangleSoupBridge.ExtractIndexedTrianglesReportsAuthoritativeFaceIdsForTriangulatedNgons ............   Passed    0.01 sec
          Start 1887: Attributes_Subdivision.LoopSubdivisionPreservesTexcoords
 615/1616 Test #1887: Attributes_Subdivision.LoopSubdivisionPreservesTexcoords ........................................................   Passed    0.01 sec
          Start 1888: Attributes_Subdivision.CatmullClarkPreservesTexcoords
 616/1616 Test #1888: Attributes_Subdivision.CatmullClarkPreservesTexcoords ...........................................................   Passed    0.01 sec
          Start 1889: Attributes_TopologyOperators.SimplificationPreservesTexcoords
 617/1616 Test #1889: Attributes_TopologyOperators.SimplificationPreservesTexcoords ...................................................   Passed    0.01 sec
          Start 1890: Attributes_TopologyOperators.SimplificationWithConfigurableQuadricsPreservesTexcoords
 618/1616 Test #1890: Attributes_TopologyOperators.SimplificationWithConfigurableQuadricsPreservesTexcoords ...........................   Passed    0.01 sec
          Start 1891: Attributes_TopologyOperators.IsotropicRemeshingPreservesTexcoords
 619/1616 Test #1891: Attributes_TopologyOperators.IsotropicRemeshingPreservesTexcoords ...............................................   Passed    0.01 sec
          Start 1892: Attributes_TopologyOperators.AdaptiveRemeshingPreservesTexcoords
 620/1616 Test #1892: Attributes_TopologyOperators.AdaptiveRemeshingPreservesTexcoords ................................................   Passed    0.01 sec
          Start 1893: GraphVertexNormals.DebugNamesAreStable
 621/1616 Test #1893: GraphVertexNormals.DebugNamesAreStable ..........................................................................   Passed    0.01 sec
          Start 1894: GraphVertexNormals.PlanarCycleWritesCanonicalNormals
 622/1616 Test #1894: GraphVertexNormals.PlanarCycleWritesCanonicalNormals ............................................................   Passed    0.01 sec
          Start 1895: GraphVertexNormals.LineGraphReportsDegreeOneAndCollinearFallbacks
 623/1616 Test #1895: GraphVertexNormals.LineGraphReportsDegreeOneAndCollinearFallbacks ...............................................   Passed    0.01 sec
          Start 1896: GraphVertexNormals.IsolatedDuplicateAndNonFiniteInputsStayFinite
 624/1616 Test #1896: GraphVertexNormals.IsolatedDuplicateAndNonFiniteInputsStayFinite ................................................   Passed    0.01 sec
          Start 1897: GraphVertexNormals.RawPropertySetOverloadReportsInvalidEdges
 625/1616 Test #1897: GraphVertexNormals.RawPropertySetOverloadReportsInvalidEdges ....................................................   Passed    0.01 sec
          Start 1898: GraphVertexNormals.OutputPropertyTypeConflictFailsClosed
 626/1616 Test #1898: GraphVertexNormals.OutputPropertyTypeConflictFailsClosed ........................................................   Passed    0.01 sec
          Start 1899: HalfedgeMeshVertexNormals.DebugNamesAreStable
 627/1616 Test #1899: HalfedgeMeshVertexNormals.DebugNamesAreStable ...................................................................   Passed    0.01 sec
          Start 1900: HalfedgeMeshVertexNormals.WeightingModesProduceExpectedCornerNormal
 628/1616 Test #1900: HalfedgeMeshVertexNormals.WeightingModesProduceExpectedCornerNormal .............................................   Passed    0.01 sec
          Start 1901: HalfedgeMeshVertexNormals.DegenerateFaceWritesFallbackNormals
 629/1616 Test #1901: HalfedgeMeshVertexNormals.DegenerateFaceWritesFallbackNormals ...................................................   Passed    0.01 sec
          Start 1902: HalfedgeMeshVertexNormals.InvalidFallbackIsRepairedDeterministically
 630/1616 Test #1902: HalfedgeMeshVertexNormals.InvalidFallbackIsRepairedDeterministically ............................................   Passed    0.01 sec
          Start 1903: HalfedgeMeshVertexNormals.NonFiniteFaceDoesNotProduceNaNNormals
 631/1616 Test #1903: HalfedgeMeshVertexNormals.NonFiniteFaceDoesNotProduceNaNNormals .................................................   Passed    0.01 sec
          Start 1904: HalfedgeMeshVertexNormals.EmptyMeshReturnsEmptyProperty
 632/1616 Test #1904: HalfedgeMeshVertexNormals.EmptyMeshReturnsEmptyProperty .........................................................   Passed    0.01 sec
          Start 1905: HalfedgeMeshVertexNormals.InvalidOutputPropertyFailsClosed
 633/1616 Test #1905: HalfedgeMeshVertexNormals.InvalidOutputPropertyFailsClosed ......................................................   Passed    0.01 sec
          Start 1906: HalfedgeMeshVertexNormals.ExistingPropertyWithWrongTypeFailsClosed
 634/1616 Test #1906: HalfedgeMeshVertexNormals.ExistingPropertyWithWrongTypeFailsClosed ..............................................   Passed    0.01 sec
          Start 1907: HalfedgeMesh_PropertyAccess.EdgeProperties_NonConst_ReturnsCorrectSize
 635/1616 Test #1907: HalfedgeMesh_PropertyAccess.EdgeProperties_NonConst_ReturnsCorrectSize ..........................................   Passed    0.01 sec
          Start 1908: HalfedgeMesh_PropertyAccess.EdgeProperties_Const_ReturnsCorrectSize
 636/1616 Test #1908: HalfedgeMesh_PropertyAccess.EdgeProperties_Const_ReturnsCorrectSize .............................................   Passed    0.01 sec
          Start 1909: HalfedgeMesh_PropertyAccess.EdgeProperties_CanAddUserProperty
 637/1616 Test #1909: HalfedgeMesh_PropertyAccess.EdgeProperties_CanAddUserProperty ...................................................   Passed    0.01 sec
          Start 1910: HalfedgeMesh_PropertyAccess.EdgeProperties_ListsProperties
 638/1616 Test #1910: HalfedgeMesh_PropertyAccess.EdgeProperties_ListsProperties ......................................................   Passed    0.02 sec
          Start 1911: HalfedgeMesh_PropertyAccess.FaceProperties_NonConst_ReturnsCorrectSize
 639/1616 Test #1911: HalfedgeMesh_PropertyAccess.FaceProperties_NonConst_ReturnsCorrectSize ..........................................   Passed    0.02 sec
          Start 1912: HalfedgeMesh_PropertyAccess.FaceProperties_Const_ReturnsCorrectSize
 640/1616 Test #1912: HalfedgeMesh_PropertyAccess.FaceProperties_Const_ReturnsCorrectSize .............................................   Passed    0.01 sec
          Start 1913: HalfedgeMesh_PropertyAccess.FaceProperties_CanAddUserProperty
 641/1616 Test #1913: HalfedgeMesh_PropertyAccess.FaceProperties_CanAddUserProperty ...................................................   Passed    0.01 sec
          Start 1914: HalfedgeMesh_PropertyAccess.FaceProperties_SpanAccess
 642/1616 Test #1914: HalfedgeMesh_PropertyAccess.FaceProperties_SpanAccess ...........................................................   Passed    0.01 sec
          Start 1915: HalfedgeMesh_PropertyAccess.HalfedgeProperties_NonConst_ReturnsCorrectSize
 643/1616 Test #1915: HalfedgeMesh_PropertyAccess.HalfedgeProperties_NonConst_ReturnsCorrectSize ......................................   Passed    0.01 sec
          Start 1916: HalfedgeMesh_PropertyAccess.HalfedgeProperties_Const_ReturnsCorrectSize
 644/1616 Test #1916: HalfedgeMesh_PropertyAccess.HalfedgeProperties_Const_ReturnsCorrectSize .........................................   Passed    0.01 sec
          Start 1917: HalfedgeMesh_PropertyAccess.HalfedgeProperties_CanAddUserProperty
 645/1616 Test #1917: HalfedgeMesh_PropertyAccess.HalfedgeProperties_CanAddUserProperty ...............................................   Passed    0.01 sec
          Start 1918: HalfedgeMesh_PropertyAccess.AllPropertySets_SizesConsistent
 646/1616 Test #1918: HalfedgeMesh_PropertyAccess.AllPropertySets_SizesConsistent .....................................................   Passed    0.01 sec
          Start 1919: HalfedgeMesh_PropertyAccess.PropertySet_RemoveThenReuseSameNameWorks
 647/1616 Test #1919: HalfedgeMesh_PropertyAccess.PropertySet_RemoveThenReuseSameNameWorks ............................................   Passed    0.01 sec
          Start 1920: HalfedgeMesh_PropertyAccess.VertexProperties_RemainUsableAfterGarbageCollection
 648/1616 Test #1920: HalfedgeMesh_PropertyAccess.VertexProperties_RemainUsableAfterGarbageCollection .................................   Passed    0.00 sec
          Start 1921: HalfedgeMesh_PropertyAccess.CurvatureMutableOverloadsPublishVertexProperties
 649/1616 Test #1921: HalfedgeMesh_PropertyAccess.CurvatureMutableOverloadsPublishVertexProperties ....................................   Passed    0.01 sec
          Start 1922: HalfedgeMesh_PropertyAccess.GeodesicMutableOverloadPublishesDistanceAndSourceProperties
 650/1616 Test #1922: HalfedgeMesh_PropertyAccess.GeodesicMutableOverloadPublishesDistanceAndSourceProperties .........................   Passed    0.00 sec
          Start 1923: HalfedgeMesh_PropertyAccess.ParameterizationMutableOverloadPublishesUvAndPinProperties
 651/1616 Test #1923: HalfedgeMesh_PropertyAccess.ParameterizationMutableOverloadPublishesUvAndPinProperties ..........................   Passed    0.00 sec
          Start 1924: HalfedgeMesh_View.Mesh_BindsDirectPropertySets
 652/1616 Test #1924: HalfedgeMesh_View.Mesh_BindsDirectPropertySets ..................................................................   Passed    0.00 sec
          Start 1925: HalfedgeMesh_View.MoveAssignment_RebindsBuiltInPropertyHandles
 653/1616 Test #1925: HalfedgeMesh_View.MoveAssignment_RebindsBuiltInPropertyHandles ..................................................   Passed    0.00 sec
          Start 1926: HalfedgeMesh_Traversal.HalfedgesAroundFace_QuadMatchesNextCycle
 654/1616 Test #1926: HalfedgeMesh_Traversal.HalfedgesAroundFace_QuadMatchesNextCycle .................................................   Passed    0.00 sec
          Start 1927: HalfedgeMesh_Traversal.VerticesAroundFace_QuadMatchesHalfedgeToVertices
 655/1616 Test #1927: HalfedgeMesh_Traversal.VerticesAroundFace_QuadMatchesHalfedgeToVertices .........................................   Passed    0.00 sec
          Start 1928: HalfedgeMesh_Traversal.HalfedgesAroundVertex_CountMatchesValence
 656/1616 Test #1928: HalfedgeMesh_Traversal.HalfedgesAroundVertex_CountMatchesValence ................................................   Passed    0.00 sec
          Start 1929: HalfedgeMesh_Traversal.FacesAroundVertex_BoundaryVertexSkipsBoundaryGap
 657/1616 Test #1929: HalfedgeMesh_Traversal.FacesAroundVertex_BoundaryVertexSkipsBoundaryGap .........................................   Passed    0.01 sec
          Start 1930: HalfedgeMesh_Traversal.FacesAroundVertex_InteriorVertexVisitsIncidentFacesOnce
 658/1616 Test #1930: HalfedgeMesh_Traversal.FacesAroundVertex_InteriorVertexVisitsIncidentFacesOnce ..................................   Passed    0.01 sec
          Start 1931: HalfedgeMesh_Traversal.VertexOneRingRangesAreEmptyForIsolatedVertex
 659/1616 Test #1931: HalfedgeMesh_Traversal.VertexOneRingRangesAreEmptyForIsolatedVertex .............................................   Passed    0.01 sec
          Start 1932: HalfedgeMesh_Traversal.BoundaryHalfedges_VisitsEachBoundaryEdgeOnce
 660/1616 Test #1932: HalfedgeMesh_Traversal.BoundaryHalfedges_VisitsEachBoundaryEdgeOnce .............................................   Passed    0.01 sec
          Start 1933: HalfedgeMesh_Traversal.BoundaryVertices_MatchesBoundaryLoopConnectivity
 661/1616 Test #1933: HalfedgeMesh_Traversal.BoundaryVertices_MatchesBoundaryLoopConnectivity .........................................   Passed    0.02 sec
          Start 1934: HalfedgeMesh_EdgeExtraction.SingleTriangle_ReturnsThreeEdges
 662/1616 Test #1934: HalfedgeMesh_EdgeExtraction.SingleTriangle_ReturnsThreeEdges ....................................................   Passed    0.01 sec
          Start 1935: HalfedgeMesh_EdgeExtraction.EdgeVertices_AreValidIndices
 663/1616 Test #1935: HalfedgeMesh_EdgeExtraction.EdgeVertices_AreValidIndices ........................................................   Passed    0.00 sec
          Start 1936: HalfedgeMesh_EdgeExtraction.TwoTriangles_SharedEdgeAppearsOnce
 664/1616 Test #1936: HalfedgeMesh_EdgeExtraction.TwoTriangles_SharedEdgeAppearsOnce ..................................................   Passed    0.01 sec
          Start 1937: HalfedgeMesh_EdgeExtraction.TwoQuads_SharedEdgeAppearsOnce
 665/1616 Test #1937: HalfedgeMesh_EdgeExtraction.TwoQuads_SharedEdgeAppearsOnce ......................................................   Passed    0.01 sec
          Start 1938: HalfedgeMesh_EdgeExtraction.MatchesFromVertex_ToVertex
 666/1616 Test #1938: HalfedgeMesh_EdgeExtraction.MatchesFromVertex_ToVertex ..........................................................   Passed    0.01 sec
          Start 1939: HalfedgeMesh_EdgeExtraction.SpanOverload_FillsCorrectly
 667/1616 Test #1939: HalfedgeMesh_EdgeExtraction.SpanOverload_FillsCorrectly .........................................................   Passed    0.01 sec
          Start 1940: HalfedgeMesh_EdgeExtraction.SpanOverload_PartialBuffer
 668/1616 Test #1940: HalfedgeMesh_EdgeExtraction.SpanOverload_PartialBuffer ..........................................................   Passed    0.01 sec
          Start 1941: HalfedgeMesh_EdgeExtraction.EmptyMesh_ReturnsEmpty
 669/1616 Test #1941: HalfedgeMesh_EdgeExtraction.EmptyMesh_ReturnsEmpty ..............................................................   Passed    0.02 sec
          Start 1942: HalfedgeMesh_EdgeExtraction.AfterEdgeDelete_SkipsDeletedEdge
 670/1616 Test #1942: HalfedgeMesh_EdgeExtraction.AfterEdgeDelete_SkipsDeletedEdge ....................................................   Passed    0.02 sec
          Start 1943: HalfedgeMesh_EdgeExtraction.EdgeVertexPair_SizeOf8
 671/1616 Test #1943: HalfedgeMesh_EdgeExtraction.EdgeVertexPair_SizeOf8 ..............................................................   Passed    0.02 sec
          Start 1944: HalfedgeMesh_Topology.EmptyMesh_HasZeroCounts
 672/1616 Test #1944: HalfedgeMesh_Topology.EmptyMesh_HasZeroCounts ...................................................................   Passed    0.01 sec
          Start 1945: HalfedgeMesh_Topology.AddVertex_IncreasesCount
 673/1616 Test #1945: HalfedgeMesh_Topology.AddVertex_IncreasesCount ..................................................................   Passed    0.01 sec
          Start 1946: HalfedgeMesh_Topology.SingleTriangle_Counts
 674/1616 Test #1946: HalfedgeMesh_Topology.SingleTriangle_Counts .....................................................................   Passed    0.01 sec
          Start 1947: HalfedgeMesh_Topology.TwoTriangles_SharedEdge
 675/1616 Test #1947: HalfedgeMesh_Topology.TwoTriangles_SharedEdge ...................................................................   Passed    0.00 sec
          Start 1948: HalfedgeMesh_Topology.Tetrahedron_ClosedManifold
 676/1616 Test #1948: HalfedgeMesh_Topology.Tetrahedron_ClosedManifold ................................................................   Passed    0.00 sec
          Start 1949: HalfedgeMesh_Topology.Icosahedron_ClosedManifold
 677/1616 Test #1949: HalfedgeMesh_Topology.Icosahedron_ClosedManifold ................................................................   Passed    0.00 sec
          Start 1950: HalfedgeMesh_Topology.Cube_ClosedManifold
 678/1616 Test #1950: HalfedgeMesh_Topology.Cube_ClosedManifold .......................................................................   Passed    0.00 sec
          Start 1951: HalfedgeMesh_Topology.QuadPair_Counts
 679/1616 Test #1951: HalfedgeMesh_Topology.QuadPair_Counts ...........................................................................   Passed    0.00 sec
          Start 1952: HalfedgeMesh_Topology.SingleTriangle_AllVerticesBoundary
 680/1616 Test #1952: HalfedgeMesh_Topology.SingleTriangle_AllVerticesBoundary ........................................................   Passed    0.01 sec
          Start 1953: HalfedgeMesh_Topology.Tetrahedron_NoBoundaryVertices
 681/1616 Test #1953: HalfedgeMesh_Topology.Tetrahedron_NoBoundaryVertices ............................................................   Passed    0.01 sec
          Start 1954: HalfedgeMesh_Topology.Tetrahedron_NoBoundaryEdges
 682/1616 Test #1954: HalfedgeMesh_Topology.Tetrahedron_NoBoundaryEdges ...............................................................   Passed    0.01 sec
          Start 1955: HalfedgeMesh_Topology.SingleTriangle_AllValence2
 683/1616 Test #1955: HalfedgeMesh_Topology.SingleTriangle_AllValence2 ................................................................   Passed    0.01 sec
          Start 1956: HalfedgeMesh_Topology.Tetrahedron_AllValence3
 684/1616 Test #1956: HalfedgeMesh_Topology.Tetrahedron_AllValence3 ...................................................................   Passed    0.01 sec
          Start 1957: HalfedgeMesh_Topology.SubdividedTriangle_InteriorVertexValence
 685/1616 Test #1957: HalfedgeMesh_Topology.SubdividedTriangle_InteriorVertexValence ..................................................   Passed    0.01 sec
          Start 1958: HalfedgeMesh_Topology.DeleteFace_ReducesFaceCount
 686/1616 Test #1958: HalfedgeMesh_Topology.DeleteFace_ReducesFaceCount ...............................................................   Passed    0.01 sec
          Start 1959: HalfedgeMesh_Topology.DeleteAllFaces_EmptyAfterGC
 687/1616 Test #1959: HalfedgeMesh_Topology.DeleteAllFaces_EmptyAfterGC ...............................................................   Passed    0.00 sec
          Start 1960: HalfedgeMesh_Topology.GarbageCollection_CompactsStorage
 688/1616 Test #1960: HalfedgeMesh_Topology.GarbageCollection_CompactsStorage .........................................................   Passed    0.00 sec
          Start 1961: HalfedgeMesh_Topology.SetPosition_UpdatesCorrectly
 689/1616 Test #1961: HalfedgeMesh_Topology.SetPosition_UpdatesCorrectly ..............................................................   Passed    0.01 sec
          Start 1962: HalfedgeMesh_Topology.ConstMesh_PositionIsReadOnly
 690/1616 Test #1962: HalfedgeMesh_Topology.ConstMesh_PositionIsReadOnly ..............................................................   Passed    0.01 sec
          Start 1963: HalfedgeMesh_Topology.OppositeHalfedge_IsSymmetric
 691/1616 Test #1963: HalfedgeMesh_Topology.OppositeHalfedge_IsSymmetric ..............................................................   Passed    0.01 sec
          Start 1964: HalfedgeMesh_Topology.NextHalfedge_CyclesBackToStart
 692/1616 Test #1964: HalfedgeMesh_Topology.NextHalfedge_CyclesBackToStart ............................................................   Passed    0.01 sec
          Start 1965: HalfedgeMesh_Topology.FromToVertex_Consistency
 693/1616 Test #1965: HalfedgeMesh_Topology.FromToVertex_Consistency ..................................................................   Passed    0.01 sec
          Start 1966: HalfedgeMesh_Topology.FaceIncidence_IsSeparateFromGraphTraversalConnectivity
 694/1616 Test #1966: HalfedgeMesh_Topology.FaceIncidence_IsSeparateFromGraphTraversalConnectivity ....................................   Passed    0.01 sec
          Start 1967: HalfedgeMesh_Topology.EdgeHalfedge_RoundTrip
 695/1616 Test #1967: HalfedgeMesh_Topology.EdgeHalfedge_RoundTrip ....................................................................   Passed    0.01 sec
          Start 1968: HalfedgeMesh_Topology.IsolatedVertex_HasNoConnectivity
 696/1616 Test #1968: HalfedgeMesh_Topology.IsolatedVertex_HasNoConnectivity ..........................................................   Passed    0.00 sec
          Start 1969: HalfedgeMesh_Topology.ConnectedVertex_IsNotIsolated
 697/1616 Test #1969: HalfedgeMesh_Topology.ConnectedVertex_IsNotIsolated .............................................................   Passed    0.00 sec
          Start 1970: HalfedgeMesh_Topology.MakeEquilateralTriangle_SameAsSingleTriangle
 698/1616 Test #1970: HalfedgeMesh_Topology.MakeEquilateralTriangle_SameAsSingleTriangle ..............................................   Passed    0.01 sec
          Start 1971: HalfedgeMesh_Topology.MakeTwoTriangles_SameAsTwoTriangleSquare
 699/1616 Test #1971: HalfedgeMesh_Topology.MakeTwoTriangles_SameAsTwoTriangleSquare ..................................................   Passed    0.01 sec
          Start 1972: MeshTopologyUtilities.TriangulateFansPolygonFace
 700/1616 Test #1972: MeshTopologyUtilities.TriangulateFansPolygonFace ................................................................   Passed    0.01 sec
          Start 1973: MeshTopologyUtilities.ConnectedComponentsPublishLabelsAndSplitMeshes
 701/1616 Test #1973: MeshTopologyUtilities.ConnectedComponentsPublishLabelsAndSplitMeshes ............................................   Passed    0.00 sec
          Start 1974: MeshTopologyUtilities.TriangleAdjacencyAndNearestFaceAreDeterministic
 702/1616 Test #1974: MeshTopologyUtilities.TriangleAdjacencyAndNearestFaceAreDeterministic ...........................................   Passed    0.01 sec
          Start 1975: MeshTopologyUtilities.UpdateEdgeLengthsPublishesCanonicalCache
 703/1616 Test #1975: MeshTopologyUtilities.UpdateEdgeLengthsPublishesCanonicalCache ..................................................   Passed    0.01 sec
          Start 1976: Validation_IsFinite.Float_FiniteValues
 704/1616 Test #1976: Validation_IsFinite.Float_FiniteValues ..........................................................................   Passed    0.01 sec
          Start 1977: Validation_IsFinite.Float_NonFiniteValues
 705/1616 Test #1977: Validation_IsFinite.Float_NonFiniteValues .......................................................................   Passed    0.01 sec
          Start 1978: Validation_IsFinite.Double_FiniteValues
 706/1616 Test #1978: Validation_IsFinite.Double_FiniteValues .........................................................................   Passed    0.00 sec
          Start 1979: Validation_IsFinite.Double_NonFiniteValues
 707/1616 Test #1979: Validation_IsFinite.Double_NonFiniteValues ......................................................................   Passed    0.00 sec
          Start 1980: Validation_IsFinite.Vec2_AllFinite
 708/1616 Test #1980: Validation_IsFinite.Vec2_AllFinite ..............................................................................   Passed    0.00 sec
          Start 1981: Validation_IsFinite.Vec2_AnyNonFinite
 709/1616 Test #1981: Validation_IsFinite.Vec2_AnyNonFinite ...........................................................................   Passed    0.01 sec
          Start 1982: Validation_IsFinite.Vec3_AllFinite
 710/1616 Test #1982: Validation_IsFinite.Vec3_AllFinite ..............................................................................   Passed    0.01 sec
          Start 1983: Validation_IsFinite.Vec3_AnyNonFinite
 711/1616 Test #1983: Validation_IsFinite.Vec3_AnyNonFinite ...........................................................................   Passed    0.01 sec
          Start 1984: Validation_IsFinite.DVec3_AllFinite
 712/1616 Test #1984: Validation_IsFinite.DVec3_AllFinite .............................................................................   Passed    0.01 sec
          Start 1985: Validation_IsFinite.DVec3_AnyNonFinite
 713/1616 Test #1985: Validation_IsFinite.DVec3_AnyNonFinite ..........................................................................   Passed    0.00 sec
          Start 1986: Validation_Vector.IsNormalized_UnitVectors
 714/1616 Test #1986: Validation_Vector.IsNormalized_UnitVectors ......................................................................   Passed    0.01 sec
          Start 1987: Validation_Vector.IsNormalized_NonUnitVectors
 715/1616 Test #1987: Validation_Vector.IsNormalized_NonUnitVectors ...................................................................   Passed    0.01 sec
          Start 1988: Validation_Vector.IsZero_ZeroVector
 716/1616 Test #1988: Validation_Vector.IsZero_ZeroVector .............................................................................   Passed    0.01 sec
          Start 1989: Validation_Vector.IsZero_NonZeroVector
 717/1616 Test #1989: Validation_Vector.IsZero_NonZeroVector ..........................................................................   Passed    0.01 sec
          Start 1990: Validation_Primitives.Sphere_ValidAndInvalid
 718/1616 Test #1990: Validation_Primitives.Sphere_ValidAndInvalid ....................................................................   Passed    0.01 sec
          Start 1991: Validation_Primitives.AABB_ValidAndInvalid
 719/1616 Test #1991: Validation_Primitives.AABB_ValidAndInvalid ......................................................................   Passed    0.01 sec
          Start 1992: Validation_Primitives.Triangle_ValidAndDegenerate
 720/1616 Test #1992: Validation_Primitives.Triangle_ValidAndDegenerate ...............................................................   Passed    0.01 sec
          Start 1993: Validation_Primitives.OBB_ValidAndDegenerate
 721/1616 Test #1993: Validation_Primitives.OBB_ValidAndDegenerate ....................................................................   Passed    0.01 sec
          Start 1994: Validation_Primitives.Capsule_ValidAndDegenerate
 722/1616 Test #1994: Validation_Primitives.Capsule_ValidAndDegenerate ................................................................   Passed    0.01 sec
          Start 1995: Validation_Primitives.Ray_ValidAndInvalid
 723/1616 Test #1995: Validation_Primitives.Ray_ValidAndInvalid .......................................................................   Passed    0.01 sec
          Start 1996: Validation_Primitives.Plane_ValidAndInvalid
 724/1616 Test #1996: Validation_Primitives.Plane_ValidAndInvalid .....................................................................   Passed    0.01 sec
          Start 1997: Validation_Primitives.Segment_ValidAndDegenerate
 725/1616 Test #1997: Validation_Primitives.Segment_ValidAndDegenerate ................................................................   Passed    0.01 sec
          Start 1998: Validation_Sanitize.Sphere_FixesNonFiniteCenter
 726/1616 Test #1998: Validation_Sanitize.Sphere_FixesNonFiniteCenter .................................................................   Passed    0.01 sec
          Start 1999: Validation_Sanitize.AABB_FixesInvertedMinMax
 727/1616 Test #1999: Validation_Sanitize.AABB_FixesInvertedMinMax ....................................................................   Passed    0.01 sec
          Start 2000: Validation_Sanitize.Ray_FixesZeroDirection
 728/1616 Test #2000: Validation_Sanitize.Ray_FixesZeroDirection ......................................................................   Passed    0.01 sec
          Start 2001: Validation_Sanitize.OBB_FixesZeroQuaternion
 729/1616 Test #2001: Validation_Sanitize.OBB_FixesZeroQuaternion .....................................................................   Passed    0.01 sec
          Start 2002: Curvature_MeanCurvature.EmptyMesh_ReturnsNullopt
 730/1616 Test #2002: Curvature_MeanCurvature.EmptyMesh_ReturnsNullopt ................................................................   Passed    0.01 sec
          Start 2003: Curvature_MeanCurvature.Tetrahedron_UniformPositiveCurvature
 731/1616 Test #2003: Curvature_MeanCurvature.Tetrahedron_UniformPositiveCurvature ....................................................   Passed    0.01 sec
          Start 2004: Curvature_MeanCurvature.FlatMesh_NearZeroCurvatureAtInteriorVertices
 732/1616 Test #2004: Curvature_MeanCurvature.FlatMesh_NearZeroCurvatureAtInteriorVertices ............................................   Passed    0.02 sec
          Start 2005: Curvature_MeanCurvature.FlippedClosedMesh_NegativeCurvature
 733/1616 Test #2005: Curvature_MeanCurvature.FlippedClosedMesh_NegativeCurvature .....................................................   Passed    0.01 sec
          Start 2006: Curvature_GaussianCurvature.EmptyMesh_ReturnsNullopt
 734/1616 Test #2006: Curvature_GaussianCurvature.EmptyMesh_ReturnsNullopt ............................................................   Passed    0.01 sec
          Start 2007: Curvature_GaussianCurvature.Tetrahedron_GaussBonnet
 735/1616 Test #2007: Curvature_GaussianCurvature.Tetrahedron_GaussBonnet .............................................................   Passed    0.02 sec
          Start 2008: Curvature_GaussianCurvature.FlatMesh_NearZeroCurvatureAtInteriorVertices
 736/1616 Test #2008: Curvature_GaussianCurvature.FlatMesh_NearZeroCurvatureAtInteriorVertices ........................................   Passed    0.02 sec
          Start 2009: Curvature_Full.Icosahedron_SymmetricCurvatureValues
 737/1616 Test #2009: Curvature_Full.Icosahedron_SymmetricCurvatureValues .............................................................   Passed    0.01 sec
          Start 2010: Curvature_Full.PrincipalRelation_K1GeK2_And_H_Equals_Average
 738/1616 Test #2010: Curvature_Full.PrincipalRelation_K1GeK2_And_H_Equals_Average ....................................................   Passed    0.01 sec
          Start 2011: MeshUtils_VertexNormal.ClosedConvexMesh_NormalsPointOutward
 739/1616 Test #2011: MeshUtils_VertexNormal.ClosedConvexMesh_NormalsPointOutward .....................................................   Passed    0.01 sec
          Start 2012: MeshUtils_VertexNormal.FlatMesh_NormalsPointAlongFaceNormal
 740/1616 Test #2012: MeshUtils_VertexNormal.FlatMesh_NormalsPointAlongFaceNormal .....................................................   Passed    0.01 sec
          Start 2013: MeshUtils_PublishNormals.VertexNormals_StoredAsProperty
 741/1616 Test #2013: MeshUtils_PublishNormals.VertexNormals_StoredAsProperty .........................................................   Passed    0.01 sec
          Start 2014: MeshUtils_PublishNormals.FaceNormals_StoredAsProperty
 742/1616 Test #2014: MeshUtils_PublishNormals.FaceNormals_StoredAsProperty ...........................................................   Passed    0.01 sec
          Start 2015: MeshUtils_AngleDefect.ClosedTetrahedron_TotalDefectEqualsFourPi
 743/1616 Test #2015: MeshUtils_AngleDefect.ClosedTetrahedron_TotalDefectEqualsFourPi .................................................   Passed    0.01 sec
          Start 2016: MeshUtils_AngleDefect.BoundaryVertex_UsesPiMinusAngleSum
 744/1616 Test #2016: MeshUtils_AngleDefect.BoundaryVertex_UsesPiMinusAngleSum ........................................................   Passed    0.01 sec
          Start 2017: CurvatureTensor.EmptyMesh_ReturnsNullopt
 745/1616 Test #2017: CurvatureTensor.EmptyMesh_ReturnsNullopt ........................................................................   Passed    0.01 sec
          Start 2018: CurvatureTensor.NoFaceMesh_ReturnsNullopt
 746/1616 Test #2018: CurvatureTensor.NoFaceMesh_ReturnsNullopt .......................................................................   Passed    0.01 sec
          Start 2019: CurvatureTensor.Sphere_IsotropicAndTangent
 747/1616 Test #2019: CurvatureTensor.Sphere_IsotropicAndTangent ......................................................................   Passed    0.04 sec
          Start 2020: CurvatureTensor.Cylinder_AxisAligned
 748/1616 Test #2020: CurvatureTensor.Cylinder_AxisAligned ............................................................................   Passed    0.08 sec
          Start 2021: CurvatureTensor.Saddle_OppositeSignsAxisAligned
 749/1616 Test #2021: CurvatureTensor.Saddle_OppositeSignsAxisAligned .................................................................   Passed    0.06 sec
          Start 2022: CurvatureTensor.NonFiniteCornerOnClosedMeshFailsClosed
 750/1616 Test #2022: CurvatureTensor.NonFiniteCornerOnClosedMeshFailsClosed ..........................................................   Passed    0.00 sec
          Start 2023: CurvatureTensor.Deterministic
 751/1616 Test #2023: CurvatureTensor.Deterministic ...................................................................................   Passed    0.04 sec
          Start 2024: CurvatureTensor.ComputeCurvaturePreservesScalarsAndPublishesDirections
 752/1616 Test #2024: CurvatureTensor.ComputeCurvaturePreservesScalarsAndPublishesDirections ..........................................   Passed    0.03 sec
          Start 2025: CurvatureTensor.FlatRegionAndBoundaryFailClosed
 753/1616 Test #2025: CurvatureTensor.FlatRegionAndBoundaryFailClosed .................................................................   Passed    0.01 sec
          Start 2026: Raycast.RayHitsTriangleFrontFace
 754/1616 Test #2026: Raycast.RayHitsTriangleFrontFace ................................................................................   Passed    0.00 sec
          Start 2027: Raycast.RayMissesTriangle
 755/1616 Test #2027: Raycast.RayMissesTriangle .......................................................................................   Passed    0.01 sec
          Start 2028: Raycast.RayHitsTriangleFromBehind
 756/1616 Test #2028: Raycast.RayHitsTriangleFromBehind ...............................................................................   Passed    0.01 sec
          Start 2029: Raycast.RayParallelToTriangle
 757/1616 Test #2029: Raycast.RayParallelToTriangle ...................................................................................   Passed    0.01 sec
          Start 2030: Raycast.RayHitsTriangleEdge
 758/1616 Test #2030: Raycast.RayHitsTriangleEdge .....................................................................................   Passed    0.01 sec
          Start 2031: Raycast.RayHitsTriangleVertex
 759/1616 Test #2031: Raycast.RayHitsTriangleVertex ...................................................................................   Passed    0.01 sec
          Start 2032: Raycast.DegenerateTriangleReturnsNullopt
 760/1616 Test #2032: Raycast.DegenerateTriangleReturnsNullopt ........................................................................   Passed    0.01 sec
          Start 2033: Raycast.RespectsTMinBound
 761/1616 Test #2033: Raycast.RespectsTMinBound .......................................................................................   Passed    0.00 sec
          Start 2034: Raycast.RespectsTMaxBound
 762/1616 Test #2034: Raycast.RespectsTMaxBound .......................................................................................   Passed    0.01 sec
          Start 2035: Raycast.BarycentricCoordinatesAtCentroid
 763/1616 Test #2035: Raycast.BarycentricCoordinatesAtCentroid ........................................................................   Passed    0.01 sec
          Start 2036: GeometryQueries.ClosestRaySegment_Perpendicular
 764/1616 Test #2036: GeometryQueries.ClosestRaySegment_Perpendicular .................................................................   Passed    0.01 sec
          Start 2037: GeometryQueries.ClosestRaySegment_Crossing
 765/1616 Test #2037: GeometryQueries.ClosestRaySegment_Crossing ......................................................................   Passed    0.01 sec
          Start 2038: GeometryQueries.ClosestRaySegment_DegenerateSegment
 766/1616 Test #2038: GeometryQueries.ClosestRaySegment_DegenerateSegment .............................................................   Passed    0.01 sec
          Start 2039: GeometryQueries.ClosestPointSegment_PointOnSegment
 767/1616 Test #2039: GeometryQueries.ClosestPointSegment_PointOnSegment ..............................................................   Passed    0.01 sec
          Start 2040: GeometryQueries.ClosestPointSegment_PointOffSegment
 768/1616 Test #2040: GeometryQueries.ClosestPointSegment_PointOffSegment .............................................................   Passed    0.01 sec
          Start 2041: GeometryQueries.ClosestPointSegment_PointBeyondEndpointA
 769/1616 Test #2041: GeometryQueries.ClosestPointSegment_PointBeyondEndpointA ........................................................   Passed    0.01 sec
          Start 2042: GeometryQueries.ClosestPointSegment_PointBeyondEndpointB
 770/1616 Test #2042: GeometryQueries.ClosestPointSegment_PointBeyondEndpointB ........................................................   Passed    0.01 sec
          Start 2043: GeometryQueries.ClosestPointSegment_DegenerateSegment
 771/1616 Test #2043: GeometryQueries.ClosestPointSegment_DegenerateSegment ...........................................................   Passed    0.01 sec
          Start 2044: GeometryQueries.ClosestPointRay_PointOnRay
 772/1616 Test #2044: GeometryQueries.ClosestPointRay_PointOnRay ......................................................................   Passed    0.01 sec
          Start 2045: GeometryQueries.ClosestPointRay_PointOffRay
 773/1616 Test #2045: GeometryQueries.ClosestPointRay_PointOffRay .....................................................................   Passed    0.01 sec
          Start 2046: GeometryQueries.ClosestPointRay_PointBehindOrigin
 774/1616 Test #2046: GeometryQueries.ClosestPointRay_PointBehindOrigin ...............................................................   Passed    0.00 sec
          Start 2047: GeometryQueries.ClosestPointRay_OriginOnRay
 775/1616 Test #2047: GeometryQueries.ClosestPointRay_OriginOnRay .....................................................................   Passed    0.00 sec
          Start 2048: PcaPrimitives.PcaRecoversDominantAxisForLineSamples
 776/1616 Test #2048: PcaPrimitives.PcaRecoversDominantAxisForLineSamples .............................................................   Passed    0.00 sec
          Start 2049: PcaPrimitives.PlaneFitRecoversTiltedPlane
 777/1616 Test #2049: PcaPrimitives.PlaneFitRecoversTiltedPlane .......................................................................   Passed    0.01 sec
          Start 2050: PcaPrimitives.SegmentFitTracksPrincipalExtent
 778/1616 Test #2050: PcaPrimitives.SegmentFitTracksPrincipalExtent ...................................................................   Passed    0.01 sec
          Start 2051: PcaPrimitives.OBBFitContainsRotatedBoxCorners
 779/1616 Test #2051: PcaPrimitives.OBBFitContainsRotatedBoxCorners ...................................................................   Passed    0.00 sec
          Start 2052: PcaPrimitives.EllipsoidFitContainsRotatedBoxCorners
 780/1616 Test #2052: PcaPrimitives.EllipsoidFitContainsRotatedBoxCorners .............................................................   Passed    0.00 sec
          Start 2053: Overlap.SphereSphereOverlapping
 781/1616 Test #2053: Overlap.SphereSphereOverlapping .................................................................................   Passed    0.00 sec
          Start 2054: Overlap.SphereSphereSeparated
 782/1616 Test #2054: Overlap.SphereSphereSeparated ...................................................................................   Passed    0.00 sec
          Start 2055: Overlap.SphereSphereTouching
 783/1616 Test #2055: Overlap.SphereSphereTouching ....................................................................................   Passed    0.00 sec
          Start 2056: Overlap.SphereSphereContained
 784/1616 Test #2056: Overlap.SphereSphereContained ...................................................................................   Passed    0.00 sec
          Start 2057: Overlap.AABBAABBOverlapping
 785/1616 Test #2057: Overlap.AABBAABBOverlapping .....................................................................................   Passed    0.00 sec
          Start 2058: Overlap.AABBAABBSeparated
 786/1616 Test #2058: Overlap.AABBAABBSeparated .......................................................................................   Passed    0.01 sec
          Start 2059: Overlap.SphereAABBOverlapping
 787/1616 Test #2059: Overlap.SphereAABBOverlapping ...................................................................................   Passed    0.01 sec
          Start 2060: Overlap.SphereAABBSeparated
 788/1616 Test #2060: Overlap.SphereAABBSeparated .....................................................................................   Passed    0.01 sec
          Start 2061: Overlap.RayAABBHit
 789/1616 Test #2061: Overlap.RayAABBHit ..............................................................................................   Passed    0.00 sec
          Start 2062: Overlap.RayAABBMiss
 790/1616 Test #2062: Overlap.RayAABBMiss .............................................................................................   Passed    0.01 sec
          Start 2063: Overlap.RayAABBInsideBox
 791/1616 Test #2063: Overlap.RayAABBInsideBox ........................................................................................   Passed    0.00 sec
          Start 2064: Overlap.RayAABBOnSlabBoundaryAxisParallel
 792/1616 Test #2064: Overlap.RayAABBOnSlabBoundaryAxisParallel .......................................................................   Passed    0.01 sec
          Start 2065: Overlap.RayAABBOverlapMatchesRayCastForBoundaryCorpus
 793/1616 Test #2065: Overlap.RayAABBOverlapMatchesRayCastForBoundaryCorpus ...........................................................   Passed    0.01 sec
          Start 2066: Overlap.RaySphereHit
 794/1616 Test #2066: Overlap.RaySphereHit ............................................................................................   Passed    0.01 sec
          Start 2067: Overlap.RaySphereMiss
 795/1616 Test #2067: Overlap.RaySphereMiss ...........................................................................................   Passed    0.01 sec
          Start 2068: Overlap.FrustumSphereInside
 796/1616 Test #2068: Overlap.FrustumSphereInside .....................................................................................   Passed    0.01 sec
          Start 2069: Overlap.FrustumSphereOutside
 797/1616 Test #2069: Overlap.FrustumSphereOutside ....................................................................................   Passed    0.01 sec
          Start 2070: Overlap.FrustumAABBInside
 798/1616 Test #2070: Overlap.FrustumAABBInside .......................................................................................   Passed    0.01 sec
          Start 2071: Overlap.FrustumAABBOutsideBehindCamera
 799/1616 Test #2071: Overlap.FrustumAABBOutsideBehindCamera ..........................................................................   Passed    0.01 sec
          Start 2072: Overlap.FrustumAABBOutsideFarBeyondFar
 800/1616 Test #2072: Overlap.FrustumAABBOutsideFarBeyondFar ..........................................................................   Passed    0.01 sec
          Start 2073: Overlap.FrustumAABBStraddlingNearPlane
 801/1616 Test #2073: Overlap.FrustumAABBStraddlingNearPlane ..........................................................................   Passed    0.00 sec
          Start 2074: Overlap.FrustumAABBOffToTheSide
 802/1616 Test #2074: Overlap.FrustumAABBOffToTheSide .................................................................................   Passed    0.01 sec
          Start 2075: Overlap.FrustumAABBBatteryAgreesWithLegacyOracle
 803/1616 Test #2075: Overlap.FrustumAABBBatteryAgreesWithLegacyOracle ................................................................   Passed    0.01 sec
          Start 2076: Overlap.FrustumSphereStraddlingPlaneIsKept
 804/1616 Test #2076: Overlap.FrustumSphereStraddlingPlaneIsKept ......................................................................   Passed    0.01 sec
          Start 2077: Overlap.FrustumSphereBatteryAgreesWithLegacyOracle
 805/1616 Test #2077: Overlap.FrustumSphereBatteryAgreesWithLegacyOracle ..............................................................   Passed    0.01 sec
          Start 2078: Overlap.SphereCapsuleOverlapping
 806/1616 Test #2078: Overlap.SphereCapsuleOverlapping ................................................................................   Passed    0.01 sec
          Start 2079: Overlap.SphereCapsuleSeparated
 807/1616 Test #2079: Overlap.SphereCapsuleSeparated ..................................................................................   Passed    0.02 sec
          Start 2080: Overlap.OBBSphereOverlapping
 808/1616 Test #2080: Overlap.OBBSphereOverlapping ....................................................................................   Passed    0.02 sec
          Start 2081: Overlap.OBBSphereSeparated
 809/1616 Test #2081: Overlap.OBBSphereSeparated ......................................................................................   Passed    0.01 sec
          Start 2082: GridDimensions.VertexCount
 810/1616 Test #2082: GridDimensions.VertexCount ......................................................................................   Passed    0.01 sec
          Start 2083: GridDimensions.CellCount
 811/1616 Test #2083: GridDimensions.CellCount ........................................................................................   Passed    0.02 sec
          Start 2084: GridDimensions.LinearIndexRoundTrip
 812/1616 Test #2084: GridDimensions.LinearIndexRoundTrip .............................................................................   Passed    0.02 sec
          Start 2085: GridDimensions.LinearIndexFormula
 813/1616 Test #2085: GridDimensions.LinearIndexFormula ...............................................................................   Passed    0.02 sec
          Start 2086: GridDimensions.WorldPosition
 814/1616 Test #2086: GridDimensions.WorldPosition ....................................................................................   Passed    0.02 sec
          Start 2087: GridDimensions.CellCenter
 815/1616 Test #2087: GridDimensions.CellCenter .......................................................................................   Passed    0.01 sec
          Start 2088: GridDimensions.InBounds
 816/1616 Test #2088: GridDimensions.InBounds .........................................................................................   Passed    0.01 sec
          Start 2089: GridDimensions.IsValid
 817/1616 Test #2089: GridDimensions.IsValid ..........................................................................................   Passed    0.01 sec
          Start 2090: GridDimensions.EqualityComparesLayoutFields
 818/1616 Test #2090: GridDimensions.EqualityComparesLayoutFields .....................................................................   Passed    0.01 sec
          Start 2091: DenseGrid.ConstructionAllocatesCorrectSize
 819/1616 Test #2091: DenseGrid.ConstructionAllocatesCorrectSize ......................................................................   Passed    0.01 sec
          Start 2092: DenseGrid.AddAndGetProperty
 820/1616 Test #2092: DenseGrid.AddAndGetProperty .....................................................................................   Passed    0.01 sec
          Start 2093: DenseGrid.GetOrAddProperty
 821/1616 Test #2093: DenseGrid.GetOrAddProperty ......................................................................................   Passed    0.01 sec
          Start 2094: DenseGrid.MultipleProperties
 822/1616 Test #2094: DenseGrid.MultipleProperties ....................................................................................   Passed    0.01 sec
          Start 2095: DenseGrid.ScalarFieldReadWrite
 823/1616 Test #2095: DenseGrid.ScalarFieldReadWrite ..................................................................................   Passed    0.01 sec
          Start 2096: DenseGrid.VertexIndexMatchesDimensions
 824/1616 Test #2096: DenseGrid.VertexIndexMatchesDimensions ..........................................................................   Passed    0.01 sec
          Start 2097: DenseGrid.Reset
 825/1616 Test #2097: DenseGrid.Reset .................................................................................................   Passed    0.01 sec
          Start 2098: DenseGrid.MarchingCubesExtraction
 826/1616 Test #2098: DenseGrid.MarchingCubesExtraction ...............................................................................   Passed    0.01 sec
          Start 2099: DenseGrid.MarchingCubesCustomPropertyName
 827/1616 Test #2099: DenseGrid.MarchingCubesCustomPropertyName .......................................................................   Passed    0.01 sec
          Start 2100: DenseGrid.MarchingCubesInvalidGridReturnsNullopt
 828/1616 Test #2100: DenseGrid.MarchingCubesInvalidGridReturnsNullopt ................................................................   Passed    0.00 sec
          Start 2101: DenseGrid.ScalarPropertyRoundTrip
 829/1616 Test #2101: DenseGrid.ScalarPropertyRoundTrip ...............................................................................   Passed    0.00 sec
          Start 2102: DenseGrid.SpanAccessForGPUUpload
 830/1616 Test #2102: DenseGrid.SpanAccessForGPUUpload ................................................................................   Passed    0.00 sec
          Start 2103: DenseGrid.MarchingCubesExtractSphereSDF
 831/1616 Test #2103: DenseGrid.MarchingCubesExtractSphereSDF .........................................................................   Passed    0.00 sec
          Start 2104: SparseGrid.EmptyGridHasNoBlocks
 832/1616 Test #2104: SparseGrid.EmptyGridHasNoBlocks .................................................................................   Passed    0.01 sec
          Start 2105: SparseGrid.TouchVertexAllocatesBlock
 833/1616 Test #2105: SparseGrid.TouchVertexAllocatesBlock ............................................................................   Passed    0.01 sec
          Start 2106: SparseGrid.VertexIndexReturnsNulloptForUnallocated
 834/1616 Test #2106: SparseGrid.VertexIndexReturnsNulloptForUnallocated ..............................................................   Passed    0.00 sec
          Start 2107: SparseGrid.VertexIndexAfterTouch
 835/1616 Test #2107: SparseGrid.VertexIndexAfterTouch ................................................................................   Passed    0.01 sec
          Start 2108: SparseGrid.SameBlockForNearbyVertices
 836/1616 Test #2108: SparseGrid.SameBlockForNearbyVertices ...........................................................................   Passed    0.01 sec
          Start 2109: SparseGrid.IsAllocated
 837/1616 Test #2109: SparseGrid.IsAllocated ..........................................................................................   Passed    0.01 sec
          Start 2110: SparseGrid.ScalarFieldWriteRead
 838/1616 Test #2110: SparseGrid.ScalarFieldWriteRead .................................................................................   Passed    0.02 sec
          Start 2111: SparseGrid.MultipleProperties
 839/1616 Test #2111: SparseGrid.MultipleProperties ...................................................................................   Passed    0.00 sec
          Start 2112: SparseGrid.ForEachBlock
 840/1616 Test #2112: SparseGrid.ForEachBlock .........................................................................................   Passed    0.01 sec
          Start 2113: SparseGrid.ForEachAllocatedVertex
 841/1616 Test #2113: SparseGrid.ForEachAllocatedVertex ...............................................................................   Passed    0.01 sec
          Start 2114: SparseGrid.Reset
 842/1616 Test #2114: SparseGrid.Reset ................................................................................................   Passed    0.01 sec
          Start 2115: SparseGrid.MemoryEfficiency
 843/1616 Test #2115: SparseGrid.MemoryEfficiency .....................................................................................   Passed    0.18 sec
          Start 2116: SparseGrid.IntraBlockLocalityConsecutiveIndices
 844/1616 Test #2116: SparseGrid.IntraBlockLocalityConsecutiveIndices .................................................................   Passed    0.00 sec
          Start 2117: MarchingCubes.InvalidGridReturnsNullopt
 845/1616 Test #2117: MarchingCubes.InvalidGridReturnsNullopt .........................................................................   Passed    0.00 sec
          Start 2118: MarchingCubes.EmptyIsosurfaceReturnsNullopt
 846/1616 Test #2118: MarchingCubes.EmptyIsosurfaceReturnsNullopt .....................................................................   Passed    0.00 sec
          Start 2119: MarchingCubes.SphereExtractionProducesTriangles
 847/1616 Test #2119: MarchingCubes.SphereExtractionProducesTriangles .................................................................   Passed    0.00 sec
          Start 2120: MarchingCubes.SphereExtractionWithNormals
 848/1616 Test #2120: MarchingCubes.SphereExtractionWithNormals .......................................................................   Passed    0.00 sec
          Start 2121: MarchingCubes.SphereVerticesNearSurface
 849/1616 Test #2121: MarchingCubes.SphereVerticesNearSurface .........................................................................   Passed    0.01 sec
          Start 2122: MarchingCubes.VertexWeldingProducesSharedVertices
 850/1616 Test #2122: MarchingCubes.VertexWeldingProducesSharedVertices ...............................................................   Passed    0.01 sec
          Start 2123: MarchingCubes.ToMeshProducesValidHalfedgeMesh
 851/1616 Test #2123: MarchingCubes.ToMeshProducesValidHalfedgeMesh ...................................................................   Passed    0.01 sec
          Start 2124: MarchingCubes.ToMeshEmptyResultReturnsNullopt
 852/1616 Test #2124: MarchingCubes.ToMeshEmptyResultReturnsNullopt ...................................................................   Passed    0.01 sec
          Start 2125: MarchingCubes.DenseGridDimensionsValid
 853/1616 Test #2125: MarchingCubes.DenseGridDimensionsValid ..........................................................................   Passed    0.01 sec
          Start 2126: MarchingCubes.DenseGridLinearIndex
 854/1616 Test #2126: MarchingCubes.DenseGridLinearIndex ..............................................................................   Passed    0.01 sec
          Start 2127: MarchingCubes.NonZeroIsovalue
 855/1616 Test #2127: MarchingCubes.NonZeroIsovalue ...................................................................................   Passed    0.02 sec
          Start 2128: ImplicitPlaneField.BuildFromQuadProducesActiveLeavesAndSignedEvaluation
 856/1616 Test #2128: ImplicitPlaneField.BuildFromQuadProducesActiveLeavesAndSignedEvaluation .........................................   Passed    0.01 sec
          Start 2129: ImplicitPlaneField.ProjectSnapsToSurface
 857/1616 Test #2129: ImplicitPlaneField.ProjectSnapsToSurface ........................................................................   Passed    0.00 sec
          Start 2130: ImplicitPlaneField.EmptyMeshReturnsNullopt
 858/1616 Test #2130: ImplicitPlaneField.EmptyMeshReturnsNullopt ......................................................................   Passed    0.01 sec
          Start 2131: ImplicitPlaneField.CanSampleToDenseGrid
 859/1616 Test #2131: ImplicitPlaneField.CanSampleToDenseGrid .........................................................................   Passed    0.01 sec
          Start 2132: ImplicitPlaneField.ExtractMeshProducesGeometry
 860/1616 Test #2132: ImplicitPlaneField.ExtractMeshProducesGeometry ..................................................................   Passed    0.03 sec
          Start 2133: Containment.SphereSphere_FullyContained
 861/1616 Test #2133: Containment.SphereSphere_FullyContained .........................................................................   Passed    0.00 sec
          Start 2134: Containment.SphereSphere_PartialOverlap
 862/1616 Test #2134: Containment.SphereSphere_PartialOverlap .........................................................................   Passed    0.00 sec
          Start 2135: Containment.SphereSphere_NoOverlap
 863/1616 Test #2135: Containment.SphereSphere_NoOverlap ..............................................................................   Passed    0.00 sec
          Start 2136: Containment.SphereSphere_Concentric
 864/1616 Test #2136: Containment.SphereSphere_Concentric .............................................................................   Passed    0.00 sec
          Start 2137: Containment.SphereSphere_PointContainment
 865/1616 Test #2137: Containment.SphereSphere_PointContainment .......................................................................   Passed    0.01 sec
          Start 2138: Containment.SphereSphere_PointOutside
 866/1616 Test #2138: Containment.SphereSphere_PointOutside ...........................................................................   Passed    0.01 sec
          Start 2139: Containment.AABBPoint_Inside
 867/1616 Test #2139: Containment.AABBPoint_Inside ....................................................................................   Passed    0.01 sec
          Start 2140: Containment.AABBPoint_OnBoundary
 868/1616 Test #2140: Containment.AABBPoint_OnBoundary ................................................................................   Passed    0.01 sec
          Start 2141: Containment.AABBPoint_Outside
 869/1616 Test #2141: Containment.AABBPoint_Outside ...................................................................................   Passed    0.00 sec
          Start 2142: Containment.AABBAABB_FullyContained
 870/1616 Test #2142: Containment.AABBAABB_FullyContained .............................................................................   Passed    0.00 sec
          Start 2143: Containment.AABBAABB_PartialOverlap
 871/1616 Test #2143: Containment.AABBAABB_PartialOverlap .............................................................................   Passed    0.00 sec
          Start 2144: Containment.AABBAABB_Equal
 872/1616 Test #2144: Containment.AABBAABB_Equal ......................................................................................   Passed    0.00 sec
          Start 2145: Containment.SphereAABB_FullyContained
 873/1616 Test #2145: Containment.SphereAABB_FullyContained ...........................................................................   Passed    0.00 sec
          Start 2146: Containment.SphereAABB_PartialOverlap
 874/1616 Test #2146: Containment.SphereAABB_PartialOverlap ...........................................................................   Passed    0.00 sec
          Start 2147: Containment.FrustumAABB_Inside
 875/1616 Test #2147: Containment.FrustumAABB_Inside ..................................................................................   Passed    0.00 sec
          Start 2148: Containment.FrustumAABB_Outside
 876/1616 Test #2148: Containment.FrustumAABB_Outside .................................................................................   Passed    0.00 sec
          Start 2149: Containment.FrustumSphere_Inside
 877/1616 Test #2149: Containment.FrustumSphere_Inside ................................................................................   Passed    0.00 sec
          Start 2150: Containment.FrustumSphere_StraddlingPlane
 878/1616 Test #2150: Containment.FrustumSphere_StraddlingPlane .......................................................................   Passed    0.00 sec
          Start 2151: Containment.FrustumAABB_DeepInsideMatchesLegacy
 879/1616 Test #2151: Containment.FrustumAABB_DeepInsideMatchesLegacy .................................................................   Passed    0.00 sec
          Start 2152: Containment.FrustumAABB_StraddlingNearPlaneIsNotContained
 880/1616 Test #2152: Containment.FrustumAABB_StraddlingNearPlaneIsNotContained .......................................................   Passed    0.00 sec
          Start 2153: Containment.FrustumAABB_OutsideMatchesLegacy
 881/1616 Test #2153: Containment.FrustumAABB_OutsideMatchesLegacy ....................................................................   Passed    0.00 sec
          Start 2154: Containment.FrustumAABB_BatteryNeverOverReportsContainment
 882/1616 Test #2154: Containment.FrustumAABB_BatteryNeverOverReportsContainment ......................................................   Passed    0.01 sec
          Start 2155: Containment.FrustumSphere_DeepInsideMatchesLegacy
 883/1616 Test #2155: Containment.FrustumSphere_DeepInsideMatchesLegacy ...............................................................   Passed    0.01 sec
          Start 2156: Containment.FrustumSphere_StraddlingFarPlaneIsNotContained
 884/1616 Test #2156: Containment.FrustumSphere_StraddlingFarPlaneIsNotContained ......................................................   Passed    0.01 sec
          Start 2157: Containment.FrustumSphere_BatteryNeverOverReportsContainment
 885/1616 Test #2157: Containment.FrustumSphere_BatteryNeverOverReportsContainment ....................................................   Passed    0.01 sec
          Start 2158: Support.Sphere_PositiveX
 886/1616 Test #2158: Support.Sphere_PositiveX ........................................................................................   Passed    0.01 sec
          Start 2159: Support.Sphere_NegativeY
 887/1616 Test #2159: Support.Sphere_NegativeY ........................................................................................   Passed    0.01 sec
          Start 2160: Support.Sphere_Diagonal
 888/1616 Test #2160: Support.Sphere_Diagonal .........................................................................................   Passed    0.00 sec
          Start 2161: Support.Sphere_ZeroDirection
 889/1616 Test #2161: Support.Sphere_ZeroDirection ....................................................................................   Passed    0.01 sec
          Start 2162: Support.AABB_PositiveX
 890/1616 Test #2162: Support.AABB_PositiveX ..........................................................................................   Passed    0.01 sec
          Start 2163: Support.AABB_NegativeCorner
 891/1616 Test #2163: Support.AABB_NegativeCorner .....................................................................................   Passed    0.00 sec
          Start 2164: Support.AABB_AllPositive
 892/1616 Test #2164: Support.AABB_AllPositive ........................................................................................   Passed    0.00 sec
          Start 2165: Support.Capsule_AlongAxis
 893/1616 Test #2165: Support.Capsule_AlongAxis .......................................................................................   Passed    0.00 sec
          Start 2166: Support.Capsule_AgainstAxis
 894/1616 Test #2166: Support.Capsule_AgainstAxis .....................................................................................   Passed    0.00 sec
          Start 2167: Support.Capsule_Perpendicular
 895/1616 Test #2167: Support.Capsule_Perpendicular ...................................................................................   Passed    0.00 sec
          Start 2168: Support.OBB_AxisAligned
 896/1616 Test #2168: Support.OBB_AxisAligned .........................................................................................   Passed    0.01 sec
          Start 2169: Support.OBB_Rotated90
 897/1616 Test #2169: Support.OBB_Rotated90 ...........................................................................................   Passed    0.01 sec
          Start 2170: Support.Cylinder_AlongAxis
 898/1616 Test #2170: Support.Cylinder_AlongAxis ......................................................................................   Passed    0.01 sec
          Start 2171: Support.Cylinder_Perpendicular
 899/1616 Test #2171: Support.Cylinder_Perpendicular ..................................................................................   Passed    0.00 sec
          Start 2172: Support.Ellipsoid_AlongPrincipalAxis
 900/1616 Test #2172: Support.Ellipsoid_AlongPrincipalAxis ............................................................................   Passed    0.01 sec
          Start 2173: Support.Ellipsoid_ShortAxis
 901/1616 Test #2173: Support.Ellipsoid_ShortAxis .....................................................................................   Passed    0.00 sec
          Start 2174: Support.Ellipsoid_SubMillimeterScaleProducesNonCenterSupport
 902/1616 Test #2174: Support.Ellipsoid_SubMillimeterScaleProducesNonCenterSupport ....................................................   Passed    0.01 sec
          Start 2175: Support.Ellipsoid_NonUniformSubMillimeterRadii
 903/1616 Test #2175: Support.Ellipsoid_NonUniformSubMillimeterRadii ..................................................................   Passed    0.00 sec
          Start 2176: Support.Ellipsoid_HighlyAnisotropicThinAxisProducesSurfaceSupport
 904/1616 Test #2176: Support.Ellipsoid_HighlyAnisotropicThinAxisProducesSurfaceSupport ...............................................   Passed    0.01 sec
          Start 2177: Support.Cylinder_FatDiskExpandsRadially
 905/1616 Test #2177: Support.Cylinder_FatDiskExpandsRadially .........................................................................   Passed    0.01 sec
          Start 2178: Support.Segment_Forward
 906/1616 Test #2178: Support.Segment_Forward .........................................................................................   Passed    0.01 sec
          Start 2179: Support.Segment_Backward
 907/1616 Test #2179: Support.Segment_Backward ........................................................................................   Passed    0.01 sec
          Start 2180: Support.Triangle_VertexA
 908/1616 Test #2180: Support.Triangle_VertexA ........................................................................................   Passed    0.01 sec
          Start 2181: Support.Triangle_VertexB
 909/1616 Test #2181: Support.Triangle_VertexB ........................................................................................   Passed    0.00 sec
          Start 2182: Support.Triangle_VertexC
 910/1616 Test #2182: Support.Triangle_VertexC ........................................................................................   Passed    0.00 sec
          Start 2183: Support.ConvexHull_Cube
 911/1616 Test #2183: Support.ConvexHull_Cube .........................................................................................   Passed    0.00 sec
          Start 2184: Support.ConvexHull_SingleVertex
 912/1616 Test #2184: Support.ConvexHull_SingleVertex .................................................................................   Passed    0.00 sec
          Start 2185: Support.Frustum_ReturnsCorner
 913/1616 Test #2185: Support.Frustum_ReturnsCorner ...................................................................................   Passed    0.00 sec
          Start 2186: Support.Ray_AlongDirection
 914/1616 Test #2186: Support.Ray_AlongDirection ......................................................................................   Passed    0.00 sec
          Start 2187: Support.Ray_AgainstDirection
 915/1616 Test #2187: Support.Ray_AgainstDirection ....................................................................................   Passed    0.00 sec
          Start 2188: Simplification.ReducesToTargetFaceCount
 916/1616 Test #2188: Simplification.ReducesToTargetFaceCount .........................................................................   Passed    0.08 sec
          Start 2189: Simplification.ErrorThresholdStopsEarly
 917/1616 Test #2189: Simplification.ErrorThresholdStopsEarly .........................................................................   Passed    0.02 sec
          Start 2190: Simplification.PreservesBoundary
 918/1616 Test #2190: Simplification.PreservesBoundary ................................................................................   Passed    0.00 sec
          Start 2191: Simplification.ClosedMeshRemainsClosedAfterSimplification
 919/1616 Test #2191: Simplification.ClosedMeshRemainsClosedAfterSimplification .......................................................   Passed    0.06 sec
          Start 2192: Simplification.ReturnsNulloptForEmptyMesh
 920/1616 Test #2192: Simplification.ReturnsNulloptForEmptyMesh .......................................................................   Passed    0.00 sec
          Start 2193: Simplification.ReturnsNulloptForSingleFaceMesh
 921/1616 Test #2193: Simplification.ReturnsNulloptForSingleFaceMesh ..................................................................   Passed    0.00 sec
          Start 2194: Simplification.MaxCollapseErrorIsNonNegative
 922/1616 Test #2194: Simplification.MaxCollapseErrorIsNonNegative ....................................................................   Passed    0.06 sec
          Start 2195: Simplification.TetrahedronMinimalSimplification
 923/1616 Test #2195: Simplification.TetrahedronMinimalSimplification .................................................................   Passed    0.00 sec
          Start 2196: Simplification.QuadricMinimizerPlacement
 924/1616 Test #2196: Simplification.QuadricMinimizerPlacement ........................................................................   Passed    0.09 sec
          Start 2197: Simplification.FeatureAwarePreservesCubeCorners
 925/1616 Test #2197: Simplification.FeatureAwarePreservesCubeCorners .................................................................   Passed    0.04 sec
          Start 2198: Simplification.ClassicalMetricRemainsReachable
 926/1616 Test #2198: Simplification.ClassicalMetricRemainsReachable ..................................................................   Passed    0.07 sec
          Start 2199: Simplification.FeatureAwareIsDeterministic
 927/1616 Test #2199: Simplification.FeatureAwareIsDeterministic ......................................................................   Passed    0.07 sec
          Start 2200: Simplification.FeatureAwareCornerErrorNotWorseThanClassical
 928/1616 Test #2200: Simplification.FeatureAwareCornerErrorNotWorseThanClassical .....................................................   Passed    0.21 sec
          Start 2201: Simplification.FeatureAwarePreservesUvSeams
 929/1616 Test #2201: Simplification.FeatureAwarePreservesUvSeams .....................................................................   Passed    0.01 sec
          Start 2202: Simplification.DiagnosticsCountersPopulated
 930/1616 Test #2202: Simplification.DiagnosticsCountersPopulated .....................................................................   Passed    0.04 sec
          Start 2203: Geodesic.SourceVertexHasZeroDistance
 931/1616 Test #2203: Geodesic.SourceVertexHasZeroDistance ............................................................................   Passed    0.01 sec
          Start 2204: Geodesic.AllDistancesNonNegative
 932/1616 Test #2204: Geodesic.AllDistancesNonNegative ................................................................................   Passed    0.01 sec
          Start 2205: Geodesic.DistanceIncreasesWithTopologicalDistance
 933/1616 Test #2205: Geodesic.DistanceIncreasesWithTopologicalDistance ...............................................................   Passed    0.01 sec
          Start 2206: Geodesic.MultipleSourceVertices
 934/1616 Test #2206: Geodesic.MultipleSourceVertices .................................................................................   Passed    0.02 sec
          Start 2207: Geodesic.ReturnsNulloptForEmptyMesh
 935/1616 Test #2207: Geodesic.ReturnsNulloptForEmptyMesh .............................................................................   Passed    0.01 sec
          Start 2208: Geodesic.ReturnsNulloptForEmptySources
 936/1616 Test #2208: Geodesic.ReturnsNulloptForEmptySources ..........................................................................   Passed    0.01 sec
          Start 2209: Geodesic.SolverIterationsReported
 937/1616 Test #2209: Geodesic.SolverIterationsReported ...............................................................................   Passed    0.01 sec
          Start 2210: Geodesic.CustomTimeStep
 938/1616 Test #2210: Geodesic.CustomTimeStep .........................................................................................   Passed    0.01 sec
          Start 2211: VectorHeatMethod.TransportConverges
 939/1616 Test #2211: VectorHeatMethod.TransportConverges .............................................................................   Passed    0.02 sec
          Start 2212: VectorHeatMethod.TransportedVectorsAreTangent
 940/1616 Test #2212: VectorHeatMethod.TransportedVectorsAreTangent ...................................................................   Passed    0.01 sec
          Start 2213: VectorHeatMethod.TransportedVectorsAreUnitLength
 941/1616 Test #2213: VectorHeatMethod.TransportedVectorsAreUnitLength ................................................................   Passed    0.01 sec
          Start 2214: VectorHeatMethod.FlatSurfaceTransportPreservesDirection
 942/1616 Test #2214: VectorHeatMethod.FlatSurfaceTransportPreservesDirection .........................................................   Passed    0.01 sec
          Start 2215: VectorHeatMethod.MultiSourceTransport
 943/1616 Test #2215: VectorHeatMethod.MultiSourceTransport ...........................................................................   Passed    0.01 sec
          Start 2216: VectorHeatMethod.LogMapConverges
 944/1616 Test #2216: VectorHeatMethod.LogMapConverges ................................................................................   Passed    0.02 sec
          Start 2217: VectorHeatMethod.LogMapSourceIsOrigin
 945/1616 Test #2217: VectorHeatMethod.LogMapSourceIsOrigin ...........................................................................   Passed    0.02 sec
          Start 2218: VectorHeatMethod.LogMapDistanceConsistency
 946/1616 Test #2218: VectorHeatMethod.LogMapDistanceConsistency ......................................................................   Passed    0.01 sec
          Start 2219: VectorHeatMethod.FlatGridLogMapCircularSymmetry
 947/1616 Test #2219: VectorHeatMethod.FlatGridLogMapCircularSymmetry .................................................................   Passed    0.01 sec
          Start 2220: VectorHeatMethod.TransportReturnsNulloptForEmptyMesh
 948/1616 Test #2220: VectorHeatMethod.TransportReturnsNulloptForEmptyMesh ............................................................   Passed    0.00 sec
          Start 2221: VectorHeatMethod.TransportReturnsNulloptForEmptySources
 949/1616 Test #2221: VectorHeatMethod.TransportReturnsNulloptForEmptySources .........................................................   Passed    0.00 sec
          Start 2222: VectorHeatMethod.TransportReturnsNulloptForMismatchedArrays
 950/1616 Test #2222: VectorHeatMethod.TransportReturnsNulloptForMismatchedArrays .....................................................   Passed    0.01 sec
          Start 2223: VectorHeatMethod.LogMapReturnsNulloptForEmptyMesh
 951/1616 Test #2223: VectorHeatMethod.LogMapReturnsNulloptForEmptyMesh ...............................................................   Passed    0.01 sec
          Start 2224: VectorHeatMethod.LogMapReturnsNulloptForInvalidVertex
 952/1616 Test #2224: VectorHeatMethod.LogMapReturnsNulloptForInvalidVertex ...........................................................   Passed    0.01 sec
          Start 2225: VectorHeatMethod.TransportOnTetrahedron
 953/1616 Test #2225: VectorHeatMethod.TransportOnTetrahedron .........................................................................   Passed    0.00 sec
          Start 2226: VectorHeatMethod.CustomTimeStep
 954/1616 Test #2226: VectorHeatMethod.CustomTimeStep .................................................................................   Passed    0.00 sec
          Start 2227: ShortestPath.MeshBackedGraphViewTriangleChoosesDirectEdge
 955/1616 Test #2227: ShortestPath.MeshBackedGraphViewTriangleChoosesDirectEdge .......................................................   Passed    0.00 sec
          Start 2228: ShortestPath.MeshBackedGraphViewReusesSharedConnectivityProperties
 956/1616 Test #2228: ShortestPath.MeshBackedGraphViewReusesSharedConnectivityProperties ..............................................   Passed    0.00 sec
          Start 2229: ShortestPath.ReturnsNulloptWhenBothSetsEmpty
 957/1616 Test #2229: ShortestPath.ReturnsNulloptWhenBothSetsEmpty ....................................................................   Passed    0.01 sec
          Start 2230: ShortestPath.ReverseTreeWhenStartsEmpty
 958/1616 Test #2230: ShortestPath.ReverseTreeWhenStartsEmpty .........................................................................   Passed    0.00 sec
          Start 2231: ShortestPath.ForwardTreeWhenTargetsEmpty
 959/1616 Test #2231: ShortestPath.ForwardTreeWhenTargetsEmpty ........................................................................   Passed    0.01 sec
          Start 2232: ShortestPath.GraphChainMatchesMeshBackedGraphViewContract
 960/1616 Test #2232: ShortestPath.GraphChainMatchesMeshBackedGraphViewContract .......................................................   Passed    0.01 sec
          Start 2233: ShortestPath.MultiGoalExtractionProducesNetwork
 961/1616 Test #2233: ShortestPath.MultiGoalExtractionProducesNetwork .................................................................   Passed    0.01 sec
          Start 2234: ShortestPath.ReturnsNulloptForEmptyMeshBackedGraphView
 962/1616 Test #2234: ShortestPath.ReturnsNulloptForEmptyMeshBackedGraphView ..........................................................   Passed    0.00 sec
          Start 2235: ShortestPath.EarlyTerminatesAfterAllTargetsSettled
 963/1616 Test #2235: ShortestPath.EarlyTerminatesAfterAllTargetsSettled ..............................................................   Passed    0.00 sec
          Start 2236: ShortestPath.SettleBudgetPreventsConvergenceWhenTooSmall
 964/1616 Test #2236: ShortestPath.SettleBudgetPreventsConvergenceWhenTooSmall ........................................................   Passed    0.00 sec
          Start 2237: ShortestPath.IndexedHeapMatchesPriorityQueueReferenceOnSeededRandomGraphs
 965/1616 Test #2237: ShortestPath.IndexedHeapMatchesPriorityQueueReferenceOnSeededRandomGraphs .......................................   Passed    0.01 sec
          Start 2238: ShortestPath.IndexedHeapMatchesPriorityQueueReferenceOnDisconnectedComponents
 966/1616 Test #2238: ShortestPath.IndexedHeapMatchesPriorityQueueReferenceOnDisconnectedComponents ...................................   Passed    0.01 sec
          Start 2239: ShortestPath.IndexedHeapPreservesEqualWeightTieBreak
 967/1616 Test #2239: ShortestPath.IndexedHeapPreservesEqualWeightTieBreak ............................................................   Passed    0.01 sec
          Start 2240: Subdivision.SingleIterationQuadruplesFaces
 968/1616 Test #2240: Subdivision.SingleIterationQuadruplesFaces ......................................................................   Passed    0.01 sec
          Start 2241: Subdivision.TwoIterations
 969/1616 Test #2241: Subdivision.TwoIterations .......................................................................................   Passed    0.01 sec
          Start 2242: Subdivision.VertexCountFormula
 970/1616 Test #2242: Subdivision.VertexCountFormula ..................................................................................   Passed    0.01 sec
          Start 2243: Subdivision.IcosahedronConvergesToSphere
 971/1616 Test #2243: Subdivision.IcosahedronConvergesToSphere ........................................................................   Passed    0.02 sec
          Start 2244: Subdivision.OutputIsClosedWhenInputIsClosed
 972/1616 Test #2244: Subdivision.OutputIsClosedWhenInputIsClosed .....................................................................   Passed    0.00 sec
          Start 2245: Subdivision.ReturnsNulloptForEmptyMesh
 973/1616 Test #2245: Subdivision.ReturnsNulloptForEmptyMesh ..........................................................................   Passed    0.00 sec
          Start 2246: Subdivision.ReturnsNulloptForNonTriangleMesh
 974/1616 Test #2246: Subdivision.ReturnsNulloptForNonTriangleMesh ....................................................................   Passed    0.00 sec
          Start 2247: Subdivision.ZeroIterationsReturnsNullopt
 975/1616 Test #2247: Subdivision.ZeroIterationsReturnsNullopt ........................................................................   Passed    0.01 sec
          Start 2248: Subdivision.InputMeshIsNotModified
 976/1616 Test #2248: Subdivision.InputMeshIsNotModified ..............................................................................   Passed    0.00 sec
          Start 2249: Subdivision.RespectsMaxOutputFaceBudget
 977/1616 Test #2249: Subdivision.RespectsMaxOutputFaceBudget .........................................................................   Passed    0.00 sec
          Start 2250: Subdivision.ReturnsNulloptWhenBudgetBlocksFirstIteration
 978/1616 Test #2250: Subdivision.ReturnsNulloptWhenBudgetBlocksFirstIteration ........................................................   Passed    0.00 sec
          Start 2251: Subdivision.FeatureEdgeMaskPropagatesToSplitEdges
 979/1616 Test #2251: Subdivision.FeatureEdgeMaskPropagatesToSplitEdges ...............................................................   Passed    0.01 sec
          Start 2252: CatmullClark.SingleTriangleProducesQuads
 980/1616 Test #2252: CatmullClark.SingleTriangleProducesQuads ........................................................................   Passed    0.01 sec
          Start 2253: CatmullClark.TetrahedronProducesAllQuads
 981/1616 Test #2253: CatmullClark.TetrahedronProducesAllQuads ........................................................................   Passed    0.00 sec
          Start 2254: CatmullClark.CubeProducesAllQuads
 982/1616 Test #2254: CatmullClark.CubeProducesAllQuads ...............................................................................   Passed    0.00 sec
          Start 2255: CatmullClark.PreservesClosedMeshEulerCharacteristic
 983/1616 Test #2255: CatmullClark.PreservesClosedMeshEulerCharacteristic .............................................................   Passed    0.01 sec
          Start 2256: CatmullClark.CubePreservesEulerCharacteristic
 984/1616 Test #2256: CatmullClark.CubePreservesEulerCharacteristic ...................................................................   Passed    0.00 sec
          Start 2257: CatmullClark.TwoIterationsWork
 985/1616 Test #2257: CatmullClark.TwoIterationsWork ..................................................................................   Passed    0.00 sec
          Start 2258: CatmullClark.CubeConvergesToSphere
 986/1616 Test #2258: CatmullClark.CubeConvergesToSphere ..............................................................................   Passed    0.01 sec
          Start 2259: CatmullClark.EmptyMeshReturnsNullopt
 987/1616 Test #2259: CatmullClark.EmptyMeshReturnsNullopt ............................................................................   Passed    0.01 sec
          Start 2260: CatmullClark.ZeroIterationsReturnsNullopt
 988/1616 Test #2260: CatmullClark.ZeroIterationsReturnsNullopt .......................................................................   Passed    0.01 sec
          Start 2261: CatmullClark.VertexCountFormula
 989/1616 Test #2261: CatmullClark.VertexCountFormula .................................................................................   Passed    0.01 sec
          Start 2262: SubdivisionSqrt3.SingleTriangleSplitsIntoThreeTriangles
 990/1616 Test #2262: SubdivisionSqrt3.SingleTriangleSplitsIntoThreeTriangles .........................................................   Passed    0.01 sec
          Start 2263: Smoothing.UniformLaplacianReducesRoughness
 991/1616 Test #2263: Smoothing.UniformLaplacianReducesRoughness ......................................................................   Passed    0.01 sec
          Start 2264: Smoothing.UniformLaplacianCausesShrinkage
 992/1616 Test #2264: Smoothing.UniformLaplacianCausesShrinkage .......................................................................   Passed    0.02 sec
          Start 2265: Smoothing.UniformLaplacianReturnsNulloptForEmptyMesh
 993/1616 Test #2265: Smoothing.UniformLaplacianReturnsNulloptForEmptyMesh ............................................................   Passed    0.01 sec
          Start 2266: Smoothing.UniformLaplacianReturnsNulloptForZeroIterations
 994/1616 Test #2266: Smoothing.UniformLaplacianReturnsNulloptForZeroIterations .......................................................   Passed    0.01 sec
          Start 2267: Smoothing.CotanLaplacianConverges
 995/1616 Test #2267: Smoothing.CotanLaplacianConverges ...............................................................................   Passed    0.01 sec
          Start 2268: Smoothing.TaubinPreservesVolume
 996/1616 Test #2268: Smoothing.TaubinPreservesVolume .................................................................................   Passed    0.01 sec
          Start 2269: Smoothing.TaubinReturnsNulloptForEmptyMesh
 997/1616 Test #2269: Smoothing.TaubinReturnsNulloptForEmptyMesh ......................................................................   Passed    0.00 sec
          Start 2270: Smoothing.ImplicitLaplacianConverges
 998/1616 Test #2270: Smoothing.ImplicitLaplacianConverges ............................................................................   Passed    0.01 sec
          Start 2271: Smoothing.ImplicitLaplacianReturnsNulloptForEmptyMesh
 999/1616 Test #2271: Smoothing.ImplicitLaplacianReturnsNulloptForEmptyMesh ...........................................................   Passed    0.00 sec
          Start 2272: Smoothing.SmoothingPreservesTopology
1000/1616 Test #2272: Smoothing.SmoothingPreservesTopology ............................................................................   Passed    0.00 sec
          Start 2273: Smoothing.UniformPreservesBoundary
1001/1616 Test #2273: Smoothing.UniformPreservesBoundary ..............................................................................   Passed    0.00 sec
          Start 2274: Smoothing.CotanReducesEdgeLengthVariance
1002/1616 Test #2274: Smoothing.CotanReducesEdgeLengthVariance ........................................................................   Passed    0.01 sec
          Start 2275: Smoothing.TaubinFlatMeshStaysFlat
1003/1616 Test #2275: Smoothing.TaubinFlatMeshStaysFlat ...............................................................................   Passed    0.01 sec
          Start 2276: Smoothing.ImplicitFlatMeshStaysFlat
1004/1616 Test #2276: Smoothing.ImplicitFlatMeshStaysFlat .............................................................................   Passed    0.01 sec
          Start 2277: Smoothing.ImplicitReducesNoise
1005/1616 Test #2277: Smoothing.ImplicitReducesNoise ..................................................................................   Passed    0.00 sec
          Start 2278: Smoothing.ImplicitPreservesBoundary
1006/1616 Test #2278: Smoothing.ImplicitPreservesBoundary .............................................................................   Passed    0.01 sec
          Start 2279: Smoothing.ImplicitUnconditionallyStable
1007/1616 Test #2279: Smoothing.ImplicitUnconditionallyStable .........................................................................   Passed    0.01 sec
          Start 2280: Smoothing.ImplicitMultipleIterationsSmootherThanOne
1008/1616 Test #2280: Smoothing.ImplicitMultipleIterationsSmootherThanOne .............................................................   Passed    0.01 sec
          Start 2281: Smoothing.FilterFaceNormalsFlatMeshIsIdentity
1009/1616 Test #2281: Smoothing.FilterFaceNormalsFlatMeshIsIdentity ...................................................................   Passed    0.01 sec
          Start 2282: Smoothing.FilterFaceNormalsCleanMeshNearIdentity
1010/1616 Test #2282: Smoothing.FilterFaceNormalsCleanMeshNearIdentity ................................................................   Passed    0.02 sec
          Start 2283: Smoothing.FilterFaceNormalsIsDeterministic
1011/1616 Test #2283: Smoothing.FilterFaceNormalsIsDeterministic ......................................................................   Passed    0.02 sec
          Start 2284: Smoothing.FilterFaceNormalsFailsClosedOnEmptyMesh
1012/1616 Test #2284: Smoothing.FilterFaceNormalsFailsClosedOnEmptyMesh ...............................................................   Passed    0.00 sec
          Start 2285: Smoothing.FilterFaceNormalsFailsClosedOnNonFiniteSigma
1013/1616 Test #2285: Smoothing.FilterFaceNormalsFailsClosedOnNonFiniteSigma ..........................................................   Passed    0.01 sec
          Start 2286: Smoothing.DenoiseBilateralCleanMeshNearIdentity
1014/1616 Test #2286: Smoothing.DenoiseBilateralCleanMeshNearIdentity .................................................................   Passed    0.02 sec
          Start 2287: Smoothing.DenoiseBilateralReducesNoise
1015/1616 Test #2287: Smoothing.DenoiseBilateralReducesNoise ..........................................................................   Passed    0.03 sec
          Start 2288: Smoothing.DenoiseBilateralPreservesFeatureBetterThanUniform
1016/1616 Test #2288: Smoothing.DenoiseBilateralPreservesFeatureBetterThanUniform .....................................................   Passed    0.05 sec
          Start 2289: Smoothing.DenoiseBilateralIsDeterministic
1017/1616 Test #2289: Smoothing.DenoiseBilateralIsDeterministic .......................................................................   Passed    0.02 sec
          Start 2290: Smoothing.DenoiseBilateralFailsClosedOnEmptyMesh
1018/1616 Test #2290: Smoothing.DenoiseBilateralFailsClosedOnEmptyMesh ................................................................   Passed    0.00 sec
          Start 2291: Smoothing.DenoiseBilateralFailsClosedOnNonManifoldInput
1019/1616 Test #2291: Smoothing.DenoiseBilateralFailsClosedOnNonManifoldInput .........................................................   Passed    0.00 sec
          Start 2292: Smoothing.DenoiseBilateralFailsClosedOnDegenerateGeometry
1020/1616 Test #2292: Smoothing.DenoiseBilateralFailsClosedOnDegenerateGeometry .......................................................   Passed    0.00 sec
          Start 2293: Smoothing.DenoiseBilateralFailsClosedOnNonFiniteInput
1021/1616 Test #2293: Smoothing.DenoiseBilateralFailsClosedOnNonFiniteInput ...........................................................   Passed    0.00 sec
          Start 2294: Smoothing.DenoiseBilateralFailsClosedOnNonFiniteSigma
1022/1616 Test #2294: Smoothing.DenoiseBilateralFailsClosedOnNonFiniteSigma ...........................................................   Passed    0.01 sec
          Start 2295: Smoothing.DenoiseBilateralExtremeCoordinatesStayFinite
1023/1616 Test #2295: Smoothing.DenoiseBilateralExtremeCoordinatesStayFinite ..........................................................   Passed    0.02 sec
          Start 2296: Smoothing.DenoiseBilateralPreservesBoundary
1024/1616 Test #2296: Smoothing.DenoiseBilateralPreservesBoundary .....................................................................   Passed    0.01 sec
          Start 2297: QualityMetrics.NearestNeighborCvAndPoissonRatioForGrid
1025/1616 Test #2297: QualityMetrics.NearestNeighborCvAndPoissonRatioForGrid ..........................................................   Passed    0.01 sec
          Start 2298: QualityMetrics.JitteredGridHasLowNearestNeighborVariation
1026/1616 Test #2298: QualityMetrics.JitteredGridHasLowNearestNeighborVariation .......................................................   Passed    0.00 sec
          Start 2299: QualityMetrics.RadialDistributionForWhiteNoiseApproachesOneAwayFromZero
1027/1616 Test #2299: QualityMetrics.RadialDistributionForWhiteNoiseApproachesOneAwayFromZero .........................................   Passed    0.02 sec
          Start 2300: QualityMetrics.PeriodogramFindsRegularLatticeFrequencyPeaks
1028/1616 Test #2300: QualityMetrics.PeriodogramFindsRegularLatticeFrequencyPeaks .....................................................   Passed    0.00 sec
          Start 2301: QualityMetrics.RadiallyAveragedPowerSpectrumForWhiteNoiseIsBroadlyFlat
1029/1616 Test #2301: QualityMetrics.RadiallyAveragedPowerSpectrumForWhiteNoiseIsBroadlyFlat ..........................................   Passed    0.01 sec
          Start 2302: QualityMetrics.CoverageMeasuresReferenceFractionWithinRadius
1030/1616 Test #2302: QualityMetrics.CoverageMeasuresReferenceFractionWithinRadius ....................................................   Passed    0.00 sec
          Start 2303: QualityMetrics.CloudAdaptersUseLivePoints
1031/1616 Test #2303: QualityMetrics.CloudAdaptersUseLivePoints .......................................................................   Passed    0.00 sec
          Start 2304: QualityMetrics.InvalidInputsFailClosed
1032/1616 Test #2304: QualityMetrics.InvalidInputsFailClosed ..........................................................................   Passed    0.00 sec
          Start 2305: QualityMetrics.SpectralMetricsReject3DInput
1033/1616 Test #2305: QualityMetrics.SpectralMetricsReject3DInput .....................................................................   Passed    0.00 sec
          Start 2306: Sampling.GaussianDisplacementIsDeterministicPerSeedAndElement
1034/1616 Test #2306: Sampling.GaussianDisplacementIsDeterministicPerSeedAndElement ...................................................   Passed    0.00 sec
          Start 2307: SphereSampling.SurfaceRandomIsSeededAndDefaultDeterministic
1035/1616 Test #2307: SphereSampling.SurfaceRandomIsSeededAndDefaultDeterministic .....................................................   Passed    0.00 sec
          Start 2308: SphereSampling.VolumeRandomAndUniformAreSeededAndBounded
1036/1616 Test #2308: SphereSampling.VolumeRandomAndUniformAreSeededAndBounded ........................................................   Passed    0.00 sec
          Start 2309: SurfaceSampling.SamplesFacesInProportionToSurfaceArea
1037/1616 Test #2309: SurfaceSampling.SamplesFacesInProportionToSurfaceArea ...........................................................   Passed    0.01 sec
          Start 2310: SurfaceSampling.DeterministicForFixedSeedAndVariesForDifferentSeed
1038/1616 Test #2310: SurfaceSampling.DeterministicForFixedSeedAndVariesForDifferentSeed ..............................................   Passed    0.00 sec
          Start 2311: SurfaceSampling.InterpolatesSourceVertexNormalsIntoPointCloudNormals
1039/1616 Test #2311: SurfaceSampling.InterpolatesSourceVertexNormalsIntoPointCloudNormals ............................................   Passed    0.00 sec
          Start 2312: SurfaceSampling.FallsBackToGeometricFaceNormalsWhenNoSourceNormalsExist
1040/1616 Test #2312: SurfaceSampling.FallsBackToGeometricFaceNormalsWhenNoSourceNormalsExist .........................................   Passed    0.00 sec
          Start 2313: SurfaceSampling.FailsClosedForInvalidSampleCounts
1041/1616 Test #2313: SurfaceSampling.FailsClosedForInvalidSampleCounts ...............................................................   Passed    0.00 sec
          Start 2314: SurfaceSampling.FailsClosedForEmptyMesh
1042/1616 Test #2314: SurfaceSampling.FailsClosedForEmptyMesh .........................................................................   Passed    0.00 sec
          Start 2315: SurfaceSampling.ReportsDegenerateNonTriangleAndNonFiniteFaces
1043/1616 Test #2315: SurfaceSampling.ReportsDegenerateNonTriangleAndNonFiniteFaces ...................................................   Passed    0.00 sec
          Start 2316: PointCloudNormals.DebugNamesAreStable
1044/1616 Test #2316: PointCloudNormals.DebugNamesAreStable ...........................................................................   Passed    0.01 sec
          Start 2317: PointCloudNormals.FlatGridEstimatePointsAlongZ
1045/1616 Test #2317: PointCloudNormals.FlatGridEstimatePointsAlongZ ..................................................................   Passed    0.01 sec
          Start 2318: PointCloudNormals.SphereNormalsAreUnitAndMostlyOutwardAfterOrientation
1046/1616 Test #2318: PointCloudNormals.SphereNormalsAreUnitAndMostlyOutwardAfterOrientation ..........................................   Passed    0.01 sec
          Start 2319: PointCloudNormals.EstimateReturnsNulloptForEmptyOrTooFewPoints
1047/1616 Test #2319: PointCloudNormals.EstimateReturnsNulloptForEmptyOrTooFewPoints ..................................................   Passed    0.00 sec
          Start 2320: PointCloudNormals.OrientationCanBeDisabled
1048/1616 Test #2320: PointCloudNormals.OrientationCanBeDisabled ......................................................................   Passed    0.01 sec
          Start 2321: PointCloudNormals.CloudRecomputeWritesCanonicalVertexNormalProperty
1049/1616 Test #2321: PointCloudNormals.CloudRecomputeWritesCanonicalVertexNormalProperty .............................................   Passed    0.01 sec
          Start 2322: PointCloudNormals.SuppliedKDTreePathReusesCallerIndex
1050/1616 Test #2322: PointCloudNormals.SuppliedKDTreePathReusesCallerIndex ...........................................................   Passed    0.01 sec
          Start 2323: PointCloudNormals.SuppliedOctreePathReusesCallerIndex
1051/1616 Test #2323: PointCloudNormals.SuppliedOctreePathReusesCallerIndex ...........................................................   Passed    0.01 sec
          Start 2324: PointCloudNormals.RadiusSearchFailsClosedWhenTooFewNeighbors
1052/1616 Test #2324: PointCloudNormals.RadiusSearchFailsClosedWhenTooFewNeighbors ....................................................   Passed    0.01 sec
          Start 2325: PointCloudNormals.NonFinitePointDoesNotProduceNaNNormal
1053/1616 Test #2325: PointCloudNormals.NonFinitePointDoesNotProduceNaNNormal .........................................................   Passed    0.01 sec
          Start 2326: PointCloudNormals.WrongOutputPropertyTypeFailsClosed
1054/1616 Test #2326: PointCloudNormals.WrongOutputPropertyTypeFailsClosed ............................................................   Passed    0.00 sec
          Start 2327: PointCloudFeatures.RowAccessorIsBoundsChecked
1055/1616 Test #2327: PointCloudFeatures.RowAccessorIsBoundsChecked ...................................................................   Passed    0.00 sec
          Start 2328: PointCloudFeatures.MatchRejectsMismatchedDimensions
1056/1616 Test #2328: PointCloudFeatures.MatchRejectsMismatchedDimensions .............................................................   Passed    0.00 sec
          Start 2329: PointCloudFeatures.MatchTieBreakPrefersLowestTargetRow
1057/1616 Test #2329: PointCloudFeatures.MatchTieBreakPrefersLowestTargetRow ..........................................................   Passed    0.00 sec
          Start 2330: PointCloudFeatures.MatchRatioRejectsSingleTargetAmbiguity
1058/1616 Test #2330: PointCloudFeatures.MatchRatioRejectsSingleTargetAmbiguity .......................................................   Passed    0.00 sec
          Start 2331: PointCloudFeatures.MatchRatioRejectsDuplicateTargets
1059/1616 Test #2331: PointCloudFeatures.MatchRatioRejectsDuplicateTargets ............................................................   Passed    0.00 sec
          Start 2332: PointCloudFeatures.ComputeDescriptorsSkipsDeletedPoints
1060/1616 Test #2332: PointCloudFeatures.ComputeDescriptorsSkipsDeletedPoints .........................................................   Passed    0.01 sec
          Start 2333: PointCloudFeatures.KeypointsSkipDeletedPoints
1061/1616 Test #2333: PointCloudFeatures.KeypointsSkipDeletedPoints ...................................................................   Passed    0.01 sec
          Start 2334: PointCloudFeatures.ComputeDescriptorsRequiresNormals
1062/1616 Test #2334: PointCloudFeatures.ComputeDescriptorsRequiresNormals ............................................................   Passed    0.00 sec
          Start 2335: PointCloudFeatures.DetectKeypointsIsDeterministic
1063/1616 Test #2335: PointCloudFeatures.DetectKeypointsIsDeterministic ...............................................................   Passed    0.02 sec
          Start 2336: PointCloudFeatures.DetectKeypointsRejectsTooFewPoints
1064/1616 Test #2336: PointCloudFeatures.DetectKeypointsRejectsTooFewPoints ...........................................................   Passed    0.00 sec
          Start 2337: PointCloudFeatures.DescriptorMatchingIsRotationInvariant
1065/1616 Test #2337: PointCloudFeatures.DescriptorMatchingIsRotationInvariant ........................................................   Passed    0.02 sec
          Start 2338: PointCloudFeatures.CoarseAlignmentRecoversKnownTransform
1066/1616 Test #2338: PointCloudFeatures.CoarseAlignmentRecoversKnownTransform ........................................................   Passed    0.14 sec
          Start 2339: PointCloudFeatures.CoarseAlignmentRejectsOutliers
1067/1616 Test #2339: PointCloudFeatures.CoarseAlignmentRejectsOutliers ...............................................................   Passed    0.08 sec
          Start 2340: PointCloudFeatures.CoarseAlignmentHonorsLargerSampleSize
1068/1616 Test #2340: PointCloudFeatures.CoarseAlignmentHonorsLargerSampleSize ........................................................   Passed    0.14 sec
          Start 2341: PointCloudFeatures.CoarseAlignmentInsufficientCorrespondences
1069/1616 Test #2341: PointCloudFeatures.CoarseAlignmentInsufficientCorrespondences ...................................................   Passed    0.00 sec
          Start 2342: PointCloudFeatures.HandlesCollinearAndDuplicatePoints
1070/1616 Test #2342: PointCloudFeatures.HandlesCollinearAndDuplicatePoints ...........................................................   Passed    0.00 sec
          Start 2343: PointCloudFeatures.IcpRegistrationRemainsReachable
1071/1616 Test #2343: PointCloudFeatures.IcpRegistrationRemainsReachable ..............................................................   Passed    0.00 sec
          Start 2344: PointCloudKernels.RadialWeightsMatchDocumentedClosedForms
1072/1616 Test #2344: PointCloudKernels.RadialWeightsMatchDocumentedClosedForms .......................................................   Passed    0.00 sec
          Start 2345: PointCloudKernels.RadialWeightsFailClosed
1073/1616 Test #2345: PointCloudKernels.RadialWeightsFailClosed .......................................................................   Passed    0.00 sec
          Start 2346: PointCloudKernels.LinearRepulsionHasFiniteZeroLimit
1074/1616 Test #2346: PointCloudKernels.LinearRepulsionHasFiniteZeroLimit .............................................................   Passed    0.00 sec
          Start 2347: PointCloudKernels.DensityDistinguishesDenseClusterFromSparseTail
1075/1616 Test #2347: PointCloudKernels.DensityDistinguishesDenseClusterFromSparseTail ................................................   Passed    0.00 sec
          Start 2348: PointCloudKernels.UniformGridInteriorHasConstantDensity
1076/1616 Test #2348: PointCloudKernels.UniformGridInteriorHasConstantDensity .........................................................   Passed    0.01 sec
          Start 2349: PointCloudKernels.SuppliedIndexAndRepeatedRunsAreBitwiseDeterministic
1077/1616 Test #2349: PointCloudKernels.SuppliedIndexAndRepeatedRunsAreBitwiseDeterministic ...........................................   Passed    0.01 sec
          Start 2350: PointCloudKernels.DensityFailuresPublishNoWeights
1078/1616 Test #2350: PointCloudKernels.DensityFailuresPublishNoWeights ...............................................................   Passed    0.01 sec
          Start 2351: Registration_ICP.ReturnsNulloptForEmptySource
1079/1616 Test #2351: Registration_ICP.ReturnsNulloptForEmptySource ...................................................................   Passed    0.01 sec
          Start 2352: Registration_ICP.ReturnsNulloptForEmptyTarget
1080/1616 Test #2352: Registration_ICP.ReturnsNulloptForEmptyTarget ...................................................................   Passed    0.01 sec
          Start 2353: Registration_ICP.ReturnsNulloptForTooFewPoints
1081/1616 Test #2353: Registration_ICP.ReturnsNulloptForTooFewPoints ..................................................................   Passed    0.01 sec
          Start 2354: Registration_ICP.ReturnsNulloptForZeroIterations
1082/1616 Test #2354: Registration_ICP.ReturnsNulloptForZeroIterations ................................................................   Passed    0.01 sec
          Start 2355: Registration_ICP.ReturnsNulloptForInvalidInlierRatio
1083/1616 Test #2355: Registration_ICP.ReturnsNulloptForInvalidInlierRatio ............................................................   Passed    0.01 sec
          Start 2356: Registration_ICP.ReturnsNulloptForInvalidRobustScaleOnlyWhenEnabled
1084/1616 Test #2356: Registration_ICP.ReturnsNulloptForInvalidRobustScaleOnlyWhenEnabled .............................................   Passed    0.01 sec
          Start 2357: Registration_ICP.IdentityAlignmentPointToPoint
1085/1616 Test #2357: Registration_ICP.IdentityAlignmentPointToPoint ..................................................................   Passed    0.01 sec
          Start 2358: Registration_ICP.IdentityAlignmentPointToPlane
1086/1616 Test #2358: Registration_ICP.IdentityAlignmentPointToPlane ..................................................................   Passed    0.01 sec
          Start 2359: Registration_ICP.RecoversPureTranslation_PointToPoint
1087/1616 Test #2359: Registration_ICP.RecoversPureTranslation_PointToPoint ...........................................................   Passed    0.01 sec
          Start 2360: Registration_ICP.RecoversPureTranslation_PointToPlane
1088/1616 Test #2360: Registration_ICP.RecoversPureTranslation_PointToPlane ...........................................................   Passed    0.05 sec
          Start 2361: Registration_ICP.RecoversSmallRotation_PointToPoint
1089/1616 Test #2361: Registration_ICP.RecoversSmallRotation_PointToPoint .............................................................   Passed    0.01 sec
          Start 2362: Registration_ICP.RecoversSmallRotation_PointToPlane
1090/1616 Test #2362: Registration_ICP.RecoversSmallRotation_PointToPlane .............................................................   Passed    0.02 sec
          Start 2363: Registration_ICP.RecoversRigidTransform_PointToPoint
1091/1616 Test #2363: Registration_ICP.RecoversRigidTransform_PointToPoint ............................................................   Passed    0.01 sec
          Start 2364: Registration_ICP.RecoversRigidTransform_PointToPlane
1092/1616 Test #2364: Registration_ICP.RecoversRigidTransform_PointToPlane ............................................................   Passed    0.05 sec
          Start 2365: Registration_ICP.PointToPlane_FallbackWithoutNormals
1093/1616 Test #2365: Registration_ICP.PointToPlane_FallbackWithoutNormals ............................................................   Passed    0.01 sec
          Start 2366: Registration_ICP.RMSEHistoryIsMonotonicallyDecreasing
1094/1616 Test #2366: Registration_ICP.RMSEHistoryIsMonotonicallyDecreasing ...........................................................   Passed    0.01 sec
          Start 2367: Registration_ICP.ConvergesOnIdenticalClouds
1095/1616 Test #2367: Registration_ICP.ConvergesOnIdenticalClouds .....................................................................   Passed    0.01 sec
          Start 2368: Registration_ICP.OutlierRejectionImproveAlignment
1096/1616 Test #2368: Registration_ICP.OutlierRejectionImproveAlignment ...............................................................   Passed    0.01 sec
          Start 2369: Registration_ICP.RobustKernelDownweightsGrossOutliers
1097/1616 Test #2369: Registration_ICP.RobustKernelDownweightsGrossOutliers ...........................................................   Passed    0.02 sec
          Start 2370: Registration_ICP.MaxCorrespondenceDistanceRejectsDistantPairs
1098/1616 Test #2370: Registration_ICP.MaxCorrespondenceDistanceRejectsDistantPairs ...................................................   Passed    0.01 sec
          Start 2371: Registration_ICP.FlatGridTranslation_PointToPlane
1099/1616 Test #2371: Registration_ICP.FlatGridTranslation_PointToPlane ...............................................................   Passed    0.01 sec
          Start 2372: Registration_ICP.ResultFieldsArePopulated
1100/1616 Test #2372: Registration_ICP.ResultFieldsArePopulated .......................................................................   Passed    0.01 sec
          Start 2373: Registration_ICP.PointToPlaneConvergesWell
1101/1616 Test #2373: Registration_ICP.PointToPlaneConvergesWell ......................................................................   Passed    0.19 sec
          Start 2374: Registration_ICP.ObserverDoesNotChangeResult
1102/1616 Test #2374: Registration_ICP.ObserverDoesNotChangeResult ....................................................................   Passed    0.02 sec
          Start 2375: Registration_ICP.ObserverReceivesPerIterationTraces
1103/1616 Test #2375: Registration_ICP.ObserverReceivesPerIterationTraces .............................................................   Passed    0.01 sec
          Start 2376: BilateralFilter.NulloptOnEmptyCloud
1104/1616 Test #2376: BilateralFilter.NulloptOnEmptyCloud .............................................................................   Passed    0.00 sec
          Start 2377: BilateralFilter.NulloptOnSinglePoint
1105/1616 Test #2377: BilateralFilter.NulloptOnSinglePoint ............................................................................   Passed    0.00 sec
          Start 2378: BilateralFilter.NulloptWithoutNormals
1106/1616 Test #2378: BilateralFilter.NulloptWithoutNormals ...........................................................................   Passed    0.00 sec
          Start 2379: BilateralFilter.ZeroIterationsReturnsEmptyResult
1107/1616 Test #2379: BilateralFilter.ZeroIterationsReturnsEmptyResult ................................................................   Passed    0.00 sec
          Start 2380: BilateralFilter.FlatGridUnchanged
1108/1616 Test #2380: BilateralFilter.FlatGridUnchanged ...............................................................................   Passed    0.01 sec
          Start 2381: BilateralFilter.ReducesNoise
1109/1616 Test #2381: BilateralFilter.ReducesNoise ....................................................................................   Passed    0.02 sec
          Start 2382: BilateralFilter.MultipleIterationsConverge
1110/1616 Test #2382: BilateralFilter.MultipleIterationsConverge ......................................................................   Passed    0.01 sec
          Start 2383: BilateralFilter.DegenerateNormalsSkipped
1111/1616 Test #2383: BilateralFilter.DegenerateNormalsSkipped ........................................................................   Passed    0.00 sec
          Start 2384: BilateralFilter.ResultDiagnosticsComplete
1112/1616 Test #2384: BilateralFilter.ResultDiagnosticsComplete .......................................................................   Passed    0.01 sec
          Start 2385: OutlierEstimation.NulloptOnEmptyCloud
1113/1616 Test #2385: OutlierEstimation.NulloptOnEmptyCloud ...........................................................................   Passed    0.00 sec
          Start 2386: OutlierEstimation.NulloptOnSinglePoint
1114/1616 Test #2386: OutlierEstimation.NulloptOnSinglePoint ..........................................................................   Passed    0.00 sec
          Start 2387: OutlierEstimation.UniformCloudLowScores
1115/1616 Test #2387: OutlierEstimation.UniformCloudLowScores .........................................................................   Passed    0.01 sec
          Start 2388: OutlierEstimation.DetectsOutliers
1116/1616 Test #2388: OutlierEstimation.DetectsOutliers ...............................................................................   Passed    0.01 sec
          Start 2389: OutlierEstimation.PublishesProperty
1117/1616 Test #2389: OutlierEstimation.PublishesProperty .............................................................................   Passed    0.00 sec
          Start 2390: OutlierEstimation.ScoreThresholdAffectsCount
1118/1616 Test #2390: OutlierEstimation.ScoreThresholdAffectsCount ....................................................................   Passed    0.01 sec
          Start 2391: OutlierEstimation.ResultDiagnosticsComplete
1119/1616 Test #2391: OutlierEstimation.ResultDiagnosticsComplete .....................................................................   Passed    0.01 sec
          Start 2392: KDE.NulloptOnEmptyCloud
1120/1616 Test #2392: KDE.NulloptOnEmptyCloud .........................................................................................   Passed    0.00 sec
          Start 2393: KDE.NulloptOnSinglePoint
1121/1616 Test #2393: KDE.NulloptOnSinglePoint ........................................................................................   Passed    0.00 sec
          Start 2394: KDE.UniformCloudSimilarDensities
1122/1616 Test #2394: KDE.UniformCloudSimilarDensities ................................................................................   Passed    0.01 sec
          Start 2395: KDE.HigherDensityInDenseRegion
1123/1616 Test #2395: KDE.HigherDensityInDenseRegion ..................................................................................   Passed    0.01 sec
          Start 2396: KDE.PublishesProperty
1124/1616 Test #2396: KDE.PublishesProperty ...........................................................................................   Passed    0.00 sec
          Start 2397: KDE.CustomBandwidth
1125/1616 Test #2397: KDE.CustomBandwidth .............................................................................................   Passed    0.01 sec
          Start 2398: KDE.SilvermanBandwidthAutomatic
1126/1616 Test #2398: KDE.SilvermanBandwidthAutomatic .................................................................................   Passed    0.01 sec
          Start 2399: KDE.ResultDiagnosticsComplete
1127/1616 Test #2399: KDE.ResultDiagnosticsComplete ...................................................................................   Passed    0.01 sec
          Start 2400: PointCloudOutlierRemoval.StatisticalRejectsKnownOutliers
1128/1616 Test #2400: PointCloudOutlierRemoval.StatisticalRejectsKnownOutliers ........................................................   Passed    0.00 sec
          Start 2401: PointCloudOutlierRemoval.StatisticalIsDeterministic
1129/1616 Test #2401: PointCloudOutlierRemoval.StatisticalIsDeterministic .............................................................   Passed    0.01 sec
          Start 2402: PointCloudOutlierRemoval.StatisticalRejectsNonFinitePositions
1130/1616 Test #2402: PointCloudOutlierRemoval.StatisticalRejectsNonFinitePositions ...................................................   Passed    0.00 sec
          Start 2403: PointCloudOutlierRemoval.StatisticalInvalidInputs
1131/1616 Test #2403: PointCloudOutlierRemoval.StatisticalInvalidInputs ...............................................................   Passed    0.01 sec
          Start 2404: PointCloudOutlierRemoval.RadiusRejectsIsolatedPoints
1132/1616 Test #2404: PointCloudOutlierRemoval.RadiusRejectsIsolatedPoints ............................................................   Passed    0.01 sec
          Start 2405: PointCloudOutlierRemoval.RadiusIsDeterministicAndAscending
1133/1616 Test #2405: PointCloudOutlierRemoval.RadiusIsDeterministicAndAscending ......................................................   Passed    0.01 sec
          Start 2406: PointCloudOutlierRemoval.RadiusInvalidInputs
1134/1616 Test #2406: PointCloudOutlierRemoval.RadiusInvalidInputs ....................................................................   Passed    0.01 sec
          Start 2407: PointCloudOutlierRemoval.RadiusRejectsNonFinitePositions
1135/1616 Test #2407: PointCloudOutlierRemoval.RadiusRejectsNonFinitePositions ........................................................   Passed    0.00 sec
          Start 2408: IntersectionClassificationEnums.KindValuesArePinned
1136/1616 Test #2408: IntersectionClassificationEnums.KindValuesArePinned .............................................................   Passed    0.00 sec
          Start 2409: IntersectionClassificationEnums.SegmentFeatureValuesArePinned
1137/1616 Test #2409: IntersectionClassificationEnums.SegmentFeatureValuesArePinned ...................................................   Passed    0.00 sec
          Start 2410: IntersectionClassificationEnums.RayFeatureValuesArePinned
1138/1616 Test #2410: IntersectionClassificationEnums.RayFeatureValuesArePinned .......................................................   Passed    0.01 sec
          Start 2411: IntersectionClassificationEnums.TriangleFeatureValuesArePinned
1139/1616 Test #2411: IntersectionClassificationEnums.TriangleFeatureValuesArePinned ..................................................   Passed    0.01 sec
          Start 2412: IntersectionClassificationDefaults.AllRecordsDefaultToUncertain
1140/1616 Test #2412: IntersectionClassificationDefaults.AllRecordsDefaultToUncertain .................................................   Passed    0.01 sec
          Start 2413: IntersectionClassificationDefaults.ScalarFieldsAreUnspecified
1141/1616 Test #2413: IntersectionClassificationDefaults.ScalarFieldsAreUnspecified ...................................................   Passed    0.01 sec
          Start 2414: IntersectionClassificationDefaults.FeatureFieldsAreNone
1142/1616 Test #2414: IntersectionClassificationDefaults.FeatureFieldsAreNone .........................................................   Passed    0.01 sec
          Start 2415: IntersectionClassificationRecords.RecordsAreTriviallyCopyable
1143/1616 Test #2415: IntersectionClassificationRecords.RecordsAreTriviallyCopyable ...................................................   Passed    0.01 sec
          Start 2416: IntersectionClassificationHelpers.HasIntersectionMatchesContract
1144/1616 Test #2416: IntersectionClassificationHelpers.HasIntersectionMatchesContract ................................................   Passed    0.01 sec
          Start 2417: IntersectionClassificationHelpers.IsAmbiguousIsOnlyTrueForUncertain
1145/1616 Test #2417: IntersectionClassificationHelpers.IsAmbiguousIsOnlyTrueForUncertain .............................................   Passed    0.01 sec
          Start 2418: IntersectionClassificationHelpers.TriangleFeatureFromBarycentricMapsVerticesAndEdges
1146/1616 Test #2418: IntersectionClassificationHelpers.TriangleFeatureFromBarycentricMapsVerticesAndEdges ............................   Passed    0.01 sec
          Start 2419: IntersectionClassificationHelpers.TriangleFeatureFromBarycentricMapsOutOfTriangleToNone
1147/1616 Test #2419: IntersectionClassificationHelpers.TriangleFeatureFromBarycentricMapsOutOfTriangleToNone .........................   Passed    0.01 sec
          Start 2420: IntersectionClassificationCallerUse.ProperSegmentSegmentRoundTrip
1148/1616 Test #2420: IntersectionClassificationCallerUse.ProperSegmentSegmentRoundTrip ...............................................   Passed    0.01 sec
          Start 2421: IntersectionClassificationCallerUse.UncertainPointTrianglePropagatesPredicateDiagnostics
1149/1616 Test #2421: IntersectionClassificationCallerUse.UncertainPointTrianglePropagatesPredicateDiagnostics ........................   Passed    0.01 sec
          Start 2422: RayTriangleClassifyParity.InteriorHitMatchesWatertightAndReportsProper
1150/1616 Test #2422: RayTriangleClassifyParity.InteriorHitMatchesWatertightAndReportsProper ..........................................   Passed    0.01 sec
          Start 2423: RayTriangleClassifyParity.MissReportsNoneAndMatchesWatertight
1151/1616 Test #2423: RayTriangleClassifyParity.MissReportsNoneAndMatchesWatertight ...................................................   Passed    0.00 sec
          Start 2424: RayTriangleClassifyParity.BehindTMinReportsNone
1152/1616 Test #2424: RayTriangleClassifyParity.BehindTMinReportsNone .................................................................   Passed    0.00 sec
          Start 2425: RayTriangleClassifyParity.BeyondTMaxReportsNone
1153/1616 Test #2425: RayTriangleClassifyParity.BeyondTMaxReportsNone .................................................................   Passed    0.00 sec
          Start 2426: RayTriangleClassifyParity.BatchedConfigurationsAgreeOnHitGeometry
1154/1616 Test #2426: RayTriangleClassifyParity.BatchedConfigurationsAgreeOnHitGeometry ...............................................   Passed    0.01 sec
          Start 2427: RayTriangleClassifyDegenerate.ZeroAreaTriangleReportsDegenerateInput
1155/1616 Test #2427: RayTriangleClassifyDegenerate.ZeroAreaTriangleReportsDegenerateInput ............................................   Passed    0.00 sec
          Start 2428: RayTriangleClassifyDegenerate.InvalidRayReportsDegenerateInput
1156/1616 Test #2428: RayTriangleClassifyDegenerate.InvalidRayReportsDegenerateInput ..................................................   Passed    0.01 sec
          Start 2429: RayTriangleClassifyBoundary.VertexAHitReportsTouchingVertexA
1157/1616 Test #2429: RayTriangleClassifyBoundary.VertexAHitReportsTouchingVertexA ....................................................   Passed    0.01 sec
          Start 2430: RayTriangleClassifyBoundary.VertexBHitReportsTouchingVertexB
1158/1616 Test #2430: RayTriangleClassifyBoundary.VertexBHitReportsTouchingVertexB ....................................................   Passed    0.01 sec
          Start 2431: RayTriangleClassifyBoundary.VertexCHitReportsTouchingVertexC
1159/1616 Test #2431: RayTriangleClassifyBoundary.VertexCHitReportsTouchingVertexC ....................................................   Passed    0.00 sec
          Start 2432: RayTriangleClassifyBoundary.EdgeABMidpointReportsTouchingEdgeAB
1160/1616 Test #2432: RayTriangleClassifyBoundary.EdgeABMidpointReportsTouchingEdgeAB .................................................   Passed    0.00 sec
          Start 2433: RayTriangleClassifyBoundary.EdgeBCMidpointReportsTouchingEdgeBC
1161/1616 Test #2433: RayTriangleClassifyBoundary.EdgeBCMidpointReportsTouchingEdgeBC .................................................   Passed    0.01 sec
          Start 2434: RayTriangleClassifyBoundary.EdgeCAMidpointReportsTouchingEdgeCA
1162/1616 Test #2434: RayTriangleClassifyBoundary.EdgeCAMidpointReportsTouchingEdgeCA .................................................   Passed    0.00 sec
          Start 2435: RayTriangleClassifyRayFeature.OriginOnTriangleReportsOriginFeature
1163/1616 Test #2435: RayTriangleClassifyRayFeature.OriginOnTriangleReportsOriginFeature ..............................................   Passed    0.01 sec
          Start 2436: RayTriangleClassifyRayFeature.ForwardHitReportsInteriorRayFeature
1164/1616 Test #2436: RayTriangleClassifyRayFeature.ForwardHitReportsInteriorRayFeature ...............................................   Passed    0.01 sec
          Start 2437: RobustPredicatesScaledEpsilon.ZeroScaleStillReturnsPositiveFloor
1165/1616 Test #2437: RobustPredicatesScaledEpsilon.ZeroScaleStillReturnsPositiveFloor ................................................   Passed    0.00 sec
          Start 2438: RobustPredicatesScaledEpsilon.GrowsWithScale
1166/1616 Test #2438: RobustPredicatesScaledEpsilon.GrowsWithScale ....................................................................   Passed    0.00 sec
          Start 2439: RobustPredicatesApproxZero.ExactZeroIsCertainZeroAtAnyScale
1167/1616 Test #2439: RobustPredicatesApproxZero.ExactZeroIsCertainZeroAtAnyScale .....................................................   Passed    0.00 sec
          Start 2440: RobustPredicatesApproxZero.OrdinaryMagnitudeIsCertainPositive
1168/1616 Test #2440: RobustPredicatesApproxZero.OrdinaryMagnitudeIsCertainPositive ...................................................   Passed    0.00 sec
          Start 2441: RobustPredicatesApproxZero.InsideBandIsUncertainPositive
1169/1616 Test #2441: RobustPredicatesApproxZero.InsideBandIsUncertainPositive ........................................................   Passed    0.00 sec
          Start 2442: RobustPredicatesApproxZero.ScaleAdaptsBandSize
1170/1616 Test #2442: RobustPredicatesApproxZero.ScaleAdaptsBandSize ..................................................................   Passed    0.00 sec
          Start 2443: RobustPredicatesApproxZero.NegativeInputsAreTreatedAsMagnitude
1171/1616 Test #2443: RobustPredicatesApproxZero.NegativeInputsAreTreatedAsMagnitude ..................................................   Passed    0.01 sec
          Start 2444: RobustPredicatesApproxZero.FilterBoundMatchesScaledEpsilon
1172/1616 Test #2444: RobustPredicatesApproxZero.FilterBoundMatchesScaledEpsilon ......................................................   Passed    0.00 sec
          Start 2445: RobustPredicatesOrientation2D.ProperCounterClockwiseIsPositiveCertain
1173/1616 Test #2445: RobustPredicatesOrientation2D.ProperCounterClockwiseIsPositiveCertain ...........................................   Passed    0.01 sec
          Start 2446: RobustPredicatesOrientation2D.ProperClockwiseIsNegativeCertain
1174/1616 Test #2446: RobustPredicatesOrientation2D.ProperClockwiseIsNegativeCertain ..................................................   Passed    0.00 sec
          Start 2447: RobustPredicatesOrientation2D.CollinearExactlyIsZeroCertain
1175/1616 Test #2447: RobustPredicatesOrientation2D.CollinearExactlyIsZeroCertain .....................................................   Passed    0.01 sec
          Start 2448: RobustPredicatesOrientation2D.DuplicatedPointIsZero
1176/1616 Test #2448: RobustPredicatesOrientation2D.DuplicatedPointIsZero .............................................................   Passed    0.00 sec
          Start 2449: RobustPredicatesOrientation2D.LargeScaleIsDecidable
1177/1616 Test #2449: RobustPredicatesOrientation2D.LargeScaleIsDecidable .............................................................   Passed    0.01 sec
          Start 2450: RobustPredicatesOrientation2D.SmallScaleIsDecidable
1178/1616 Test #2450: RobustPredicatesOrientation2D.SmallScaleIsDecidable .............................................................   Passed    0.01 sec
          Start 2451: RobustPredicatesOrientation2D.NonDegenerateInputReportsActiveFilter
1179/1616 Test #2451: RobustPredicatesOrientation2D.NonDegenerateInputReportsActiveFilter .............................................   Passed    0.01 sec
          Start 2452: RobustPredicatesOrientation3D.PointAbovePlaneIsPositiveCertain
1180/1616 Test #2452: RobustPredicatesOrientation3D.PointAbovePlaneIsPositiveCertain ..................................................   Passed    0.01 sec
          Start 2453: RobustPredicatesOrientation3D.PointBelowPlaneIsNegativeCertain
1181/1616 Test #2453: RobustPredicatesOrientation3D.PointBelowPlaneIsNegativeCertain ..................................................   Passed    0.01 sec
          Start 2454: RobustPredicatesOrientation3D.CoplanarExactlyIsZeroCertain
1182/1616 Test #2454: RobustPredicatesOrientation3D.CoplanarExactlyIsZeroCertain ......................................................   Passed    0.01 sec
          Start 2455: RobustPredicatesOrientation3D.DegenerateBaseTriangleStillProducesResult
1183/1616 Test #2455: RobustPredicatesOrientation3D.DegenerateBaseTriangleStillProducesResult .........................................   Passed    0.01 sec
          Start 2456: RobustPredicatesSignedDistanceToPlane.AboveAndBelowPlane
1184/1616 Test #2456: RobustPredicatesSignedDistanceToPlane.AboveAndBelowPlane ........................................................   Passed    0.01 sec
          Start 2457: RobustPredicatesSignedDistanceToPlane.OnPlaneIsZero
1185/1616 Test #2457: RobustPredicatesSignedDistanceToPlane.OnPlaneIsZero .............................................................   Passed    0.01 sec
          Start 2458: RobustPredicatesSignedDistanceToHessianPlane.ExactZeroOnPlaneIsCertainZero
1186/1616 Test #2458: RobustPredicatesSignedDistanceToHessianPlane.ExactZeroOnPlaneIsCertainZero ......................................   Passed    0.01 sec
          Start 2459: RobustPredicatesSignedDistanceToHessianPlane.AboveAndBelowReportCertainSign
1187/1616 Test #2459: RobustPredicatesSignedDistanceToHessianPlane.AboveAndBelowReportCertainSign .....................................   Passed    0.01 sec
          Start 2460: RobustPredicatesSignedDistanceToHessianPlane.MatchesOriginFormForUnitNormal
1188/1616 Test #2460: RobustPredicatesSignedDistanceToHessianPlane.MatchesOriginFormForUnitNormal .....................................   Passed    0.00 sec
          Start 2461: RobustPredicatesSignedDistanceToHessianPlane.ScaledNormalScalesValueButNotSign
1189/1616 Test #2461: RobustPredicatesSignedDistanceToHessianPlane.ScaledNormalScalesValueButNotSign ..................................   Passed    0.01 sec
          Start 2462: RobustPredicatesSignedDistanceToHessianPlane.LargeAndSmallScaleAreDecidable
1190/1616 Test #2462: RobustPredicatesSignedDistanceToHessianPlane.LargeAndSmallScaleAreDecidable .....................................   Passed    0.00 sec
          Start 2463: RobustPredicatesBarycentric.CentroidIsInterior
1191/1616 Test #2463: RobustPredicatesBarycentric.CentroidIsInterior ..................................................................   Passed    0.00 sec
          Start 2464: RobustPredicatesBarycentric.VertexIncidence
1192/1616 Test #2464: RobustPredicatesBarycentric.VertexIncidence .....................................................................   Passed    0.00 sec
          Start 2465: RobustPredicatesBarycentric.EdgeMidpointIncidence
1193/1616 Test #2465: RobustPredicatesBarycentric.EdgeMidpointIncidence ...............................................................   Passed    0.00 sec
          Start 2466: RobustPredicatesBarycentric.ClearlyOutsideIsOutside
1194/1616 Test #2466: RobustPredicatesBarycentric.ClearlyOutsideIsOutside .............................................................   Passed    0.00 sec
          Start 2467: RobustPredicatesBarycentric.DegenerateTriangleReportsDegenerate
1195/1616 Test #2467: RobustPredicatesBarycentric.DegenerateTriangleReportsDegenerate .................................................   Passed    0.00 sec
          Start 2468: RobustPredicatesBarycentric.AboveTriangleStillProjectsToInteriorRegion
1196/1616 Test #2468: RobustPredicatesBarycentric.AboveTriangleStillProjectsToInteriorRegion ..........................................   Passed    0.00 sec
          Start 2469: RobustPredicatesBarycentric.LargeAndSmallScaleAreDecidable
1197/1616 Test #2469: RobustPredicatesBarycentric.LargeAndSmallScaleAreDecidable ......................................................   Passed    0.00 sec
          Start 2470: LinearAlgebra.GlmEigenAdaptersRoundTripFixedSizeValues
1198/1616 Test #2470: LinearAlgebra.GlmEigenAdaptersRoundTripFixedSizeValues ..........................................................   Passed    0.00 sec
          Start 2471: LinearAlgebra.MapRowMajorMatrixViewsContiguousBufferWithoutCopy
1199/1616 Test #2471: LinearAlgebra.MapRowMajorMatrixViewsContiguousBufferWithoutCopy .................................................   Passed    0.00 sec
          Start 2472: LinearAlgebra.SvdReconstructsDeterministicMatrix
1200/1616 Test #2472: LinearAlgebra.SvdReconstructsDeterministicMatrix ................................................................   Passed    0.00 sec
          Start 2473: LinearAlgebra.QrAndSymmetricEigenSolveSmallSystems
1201/1616 Test #2473: LinearAlgebra.QrAndSymmetricEigenSolveSmallSystems ..............................................................   Passed    0.00 sec
          Start 2474: LinearAlgebra.LeastSquaresPolarAndCovarianceReturnDiagnostics
1202/1616 Test #2474: LinearAlgebra.LeastSquaresPolarAndCovarianceReturnDiagnostics ...................................................   Passed    0.00 sec
          Start 2475: LinearAlgebra.RobustPCARecoversLowRankPlusSparseMatrix
1203/1616 Test #2475: LinearAlgebra.RobustPCARecoversLowRankPlusSparseMatrix ..........................................................   Passed    0.03 sec
          Start 2476: LinearAlgebra.RobustPCAIsDeterministicForIdenticalInput
1204/1616 Test #2476: LinearAlgebra.RobustPCAIsDeterministicForIdenticalInput .........................................................   Passed    0.04 sec
          Start 2477: LinearAlgebra.RobustPCAFailsClosedForDegenerateInput
1205/1616 Test #2477: LinearAlgebra.RobustPCAFailsClosedForDegenerateInput ............................................................   Passed    0.00 sec
          Start 2478: Sparse.BuilderSortsMergesDropsAndMultiplies
1206/1616 Test #2478: Sparse.BuilderSortsMergesDropsAndMultiplies .....................................................................   Passed    0.00 sec
          Start 2479: Sparse.DiagnosticsClassifyLaplacianLikeMatrix
1207/1616 Test #2479: Sparse.DiagnosticsClassifyLaplacianLikeMatrix ...................................................................   Passed    0.00 sec
          Start 2480: Sparse.ConjugateGradientReportsConvergenceAndBreakdown
1208/1616 Test #2480: Sparse.ConjugateGradientReportsConvergenceAndBreakdown ..........................................................   Passed    0.01 sec
          Start 2481: Sparse.ShiftedConjugateGradientUsesDiagonalMassTerm
1209/1616 Test #2481: Sparse.ShiftedConjugateGradientUsesDiagonalMassTerm .............................................................   Passed    0.01 sec
          Start 2482: SparseFactorization.LDLTSolvesOneDimensionalPoissonSystem
1210/1616 Test #2482: SparseFactorization.LDLTSolvesOneDimensionalPoissonSystem .......................................................   Passed    0.01 sec
          Start 2483: SparseFactorization.LLTSolvesTriangleFanMassPlusLaplacianShape
1211/1616 Test #2483: SparseFactorization.LLTSolvesTriangleFanMassPlusLaplacianShape ..................................................   Passed    0.00 sec
          Start 2484: SparseFactorization.LDLTAndLLTClassifyIndefiniteAndSingularSystems
1212/1616 Test #2484: SparseFactorization.LDLTAndLLTClassifyIndefiniteAndSingularSystems ..............................................   Passed    0.00 sec
          Start 2485: SparseFactorization.MultiRhsSolveMatchesKnownSolutions
1213/1616 Test #2485: SparseFactorization.MultiRhsSolveMatchesKnownSolutions ..........................................................   Passed    0.00 sec
          Start 2486: SparseFactorization.SolveInPlaceReusesRhsStorage
1214/1616 Test #2486: SparseFactorization.SolveInPlaceReusesRhsStorage ................................................................   Passed    0.01 sec
          Start 2487: SparseFactorization.RejectsInvalidInputAndDimensionMismatches
1215/1616 Test #2487: SparseFactorization.RejectsInvalidInputAndDimensionMismatches ...................................................   Passed    0.00 sec
          Start 2488: SparseFactorization.FactorOnceSolveManyIsBitStable
1216/1616 Test #2488: SparseFactorization.FactorOnceSolveManyIsBitStable ..............................................................   Passed    0.01 sec
          Start 2489: SparseNonsymmetric.BiCGSTABSolvesAdvectionDiffusionSystem
1217/1616 Test #2489: SparseNonsymmetric.BiCGSTABSolvesAdvectionDiffusionSystem .......................................................   Passed    0.01 sec
          Start 2490: SparseNonsymmetric.BiCGSTABMatchesCGOnSPDSystem
1218/1616 Test #2490: SparseNonsymmetric.BiCGSTABMatchesCGOnSPDSystem .................................................................   Passed    0.01 sec
          Start 2491: SparseNonsymmetric.SingularSystemReportsFailureWithoutMutatingOutput
1219/1616 Test #2491: SparseNonsymmetric.SingularSystemReportsFailureWithoutMutatingOutput ............................................   Passed    0.01 sec
          Start 2492: SparseNonsymmetric.RejectsInvalidInputs
1220/1616 Test #2492: SparseNonsymmetric.RejectsInvalidInputs .........................................................................   Passed    0.01 sec
          Start 2493: SparseNonsymmetric.MultiRhsSolveMatchesKnownSolutions
1221/1616 Test #2493: SparseNonsymmetric.MultiRhsSolveMatchesKnownSolutions ...........................................................   Passed    0.01 sec
          Start 2494: SparseNonsymmetric.PreconditionersAgreeWithinTolerance
1222/1616 Test #2494: SparseNonsymmetric.PreconditionersAgreeWithinTolerance ..........................................................   Passed    0.01 sec
          Start 2495: SparseNonsymmetric.IdenticalInputsAreBitStable
1223/1616 Test #2495: SparseNonsymmetric.IdenticalInputsAreBitStable ..................................................................   Passed    0.01 sec
          Start 2496: SignedHeatMethod.ClosedSquareProducesFiniteSignedField
1224/1616 Test #2496: SignedHeatMethod.ClosedSquareProducesFiniteSignedField ..........................................................   Passed    0.01 sec
          Start 2497: SignedHeatMethod.ReversingBoundaryFlipsSign
1225/1616 Test #2497: SignedHeatMethod.ReversingBoundaryFlipsSign .....................................................................   Passed    0.01 sec
          Start 2498: SignedHeatMethod.OpenBoundaryReportsDegenerateButFinite
1226/1616 Test #2498: SignedHeatMethod.OpenBoundaryReportsDegenerateButFinite .........................................................   Passed    0.01 sec
          Start 2499: SignedHeatMethod.InvalidInputsFailClosed
1227/1616 Test #2499: SignedHeatMethod.InvalidInputsFailClosed ........................................................................   Passed    0.01 sec
          Start 2500: SignedHeatMethod.IdenticalInputsAreBitStable
1228/1616 Test #2500: SignedHeatMethod.IdenticalInputsAreBitStable ....................................................................   Passed    0.01 sec
          Start 2501: SubmeshView_Mesh.DefaultMeshIsNotView
1229/1616 Test #2501: SubmeshView_Mesh.DefaultMeshIsNotView ...........................................................................   Passed    0.01 sec
          Start 2502: SubmeshView_Mesh.CreateViewSharesStorage
1230/1616 Test #2502: SubmeshView_Mesh.CreateViewSharesStorage ........................................................................   Passed    0.01 sec
          Start 2503: SubmeshView_Mesh.ViewPositionsReturnSubspan
1231/1616 Test #2503: SubmeshView_Mesh.ViewPositionsReturnSubspan .....................................................................   Passed    0.01 sec
          Start 2504: SubmeshView_Mesh.ViewRangeAccessors
1232/1616 Test #2504: SubmeshView_Mesh.ViewRangeAccessors .............................................................................   Passed    0.01 sec
          Start 2505: SubmeshView_Mesh.ViewClampsToSourceExtent
1233/1616 Test #2505: SubmeshView_Mesh.ViewClampsToSourceExtent .......................................................................   Passed    0.01 sec
          Start 2506: SubmeshView_Mesh.ViewWithOffsetBeyondSizeGivesEmpty
1234/1616 Test #2506: SubmeshView_Mesh.ViewWithOffsetBeyondSizeGivesEmpty .............................................................   Passed    0.01 sec
          Start 2507: SubmeshView_Mesh.ViewSharesPositionDataWithSource
1235/1616 Test #2507: SubmeshView_Mesh.ViewSharesPositionDataWithSource ...............................................................   Passed    0.01 sec
          Start 2508: SubmeshView_Graph.DefaultGraphIsNotView
1236/1616 Test #2508: SubmeshView_Graph.DefaultGraphIsNotView .........................................................................   Passed    0.01 sec
          Start 2509: SubmeshView_Graph.CreateViewRestrictsSize
1237/1616 Test #2509: SubmeshView_Graph.CreateViewRestrictsSize .......................................................................   Passed    0.00 sec
          Start 2510: SubmeshView_Graph.ViewRangeAccessors
1238/1616 Test #2510: SubmeshView_Graph.ViewRangeAccessors ............................................................................   Passed    0.00 sec
          Start 2511: SubmeshView_Cloud.DefaultCloudIsNotView
1239/1616 Test #2511: SubmeshView_Cloud.DefaultCloudIsNotView .........................................................................   Passed    0.00 sec
          Start 2512: SubmeshView_Cloud.CreateViewRestrictsSize
1240/1616 Test #2512: SubmeshView_Cloud.CreateViewRestrictsSize .......................................................................   Passed    0.00 sec
          Start 2513: SubmeshView_Cloud.ViewPositionsReturnSubspan
1241/1616 Test #2513: SubmeshView_Cloud.ViewPositionsReturnSubspan ....................................................................   Passed    0.00 sec
          Start 2514: SubmeshView_Cloud.ViewNormalsReturnSubspan
1242/1616 Test #2514: SubmeshView_Cloud.ViewNormalsReturnSubspan ......................................................................   Passed    0.00 sec
          Start 2515: SubmeshView_Cloud.ViewSharesDataWithSource
1243/1616 Test #2515: SubmeshView_Cloud.ViewSharesDataWithSource ......................................................................   Passed    0.00 sec
          Start 2516: SubmeshView_Cloud.ViewClampsOverflow
1244/1616 Test #2516: SubmeshView_Cloud.ViewClampsOverflow ............................................................................   Passed    0.00 sec
          Start 2517: SubmeshView_Cloud.ViewRangeAccessor
1245/1616 Test #2517: SubmeshView_Cloud.ViewRangeAccessor .............................................................................   Passed    0.00 sec
          Start 2518: SubmeshView_Cloud.MeshBackedCloudUsesCanonicalVertexPointProperty
1246/1616 Test #2518: SubmeshView_Cloud.MeshBackedCloudUsesCanonicalVertexPointProperty ...............................................   Passed    0.00 sec
          Start 2519: SubmeshView_Cloud.GraphBackedCloudUsesCanonicalVertexPointProperty
1247/1616 Test #2519: SubmeshView_Cloud.GraphBackedCloudUsesCanonicalVertexPointProperty ..............................................   Passed    0.00 sec
          Start 2520: SubmeshViewDomainBorrows.MeshAsGraphSharesVertexAndConnectivityPropertyStorage
1248/1616 Test #2520: SubmeshViewDomainBorrows.MeshAsGraphSharesVertexAndConnectivityPropertyStorage ..................................   Passed    0.00 sec
          Start 2521: SubmeshViewDomainBorrows.MeshAsGraphDoesNotAllocateCompatibilityCopyProperties
1249/1616 Test #2521: SubmeshViewDomainBorrows.MeshAsGraphDoesNotAllocateCompatibilityCopyProperties ..................................   Passed    0.00 sec
          Start 2522: SubmeshViewDomainBorrows.MeshAsGraphSharesSizesAndIgnoresFaceState
1250/1616 Test #2522: SubmeshViewDomainBorrows.MeshAsGraphSharesSizesAndIgnoresFaceState ..............................................   Passed    0.00 sec
          Start 2523: SubmeshViewDomainBorrows.MeshSidePositionEditIsVisibleThroughGraphView
1251/1616 Test #2523: SubmeshViewDomainBorrows.MeshSidePositionEditIsVisibleThroughGraphView ..........................................   Passed    0.01 sec
          Start 2524: SubmeshViewDomainBorrows.GraphSidePositionEditIsVisibleOnSourceMesh
1252/1616 Test #2524: SubmeshViewDomainBorrows.GraphSidePositionEditIsVisibleOnSourceMesh .............................................   Passed    0.01 sec
          Start 2525: SubmeshViewDomainBorrows.EmptyMeshBorrowsAsEmptyGraph
1253/1616 Test #2525: SubmeshViewDomainBorrows.EmptyMeshBorrowsAsEmptyGraph ...........................................................   Passed    0.01 sec
          Start 2526: SubmeshViewDomainBorrows.MeshAsCloudSharesVertexPositionPropertyStorage
1254/1616 Test #2526: SubmeshViewDomainBorrows.MeshAsCloudSharesVertexPositionPropertyStorage .........................................   Passed    0.01 sec
          Start 2527: SubmeshViewDomainBorrows.MeshAsCloudDoesNotAllocatePPositionCompatibilityCopy
1255/1616 Test #2527: SubmeshViewDomainBorrows.MeshAsCloudDoesNotAllocatePPositionCompatibilityCopy ...................................   Passed    0.00 sec
          Start 2528: SubmeshViewDomainBorrows.MeshAsCloudReusesExistingVertexNormalProperty
1256/1616 Test #2528: SubmeshViewDomainBorrows.MeshAsCloudReusesExistingVertexNormalProperty ..........................................   Passed    0.00 sec
          Start 2529: SubmeshViewDomainBorrows.MeshSidePositionEditIsVisibleThroughCloudView
1257/1616 Test #2529: SubmeshViewDomainBorrows.MeshSidePositionEditIsVisibleThroughCloudView ..........................................   Passed    0.01 sec
          Start 2530: SubmeshViewDomainBorrows.CloudSidePositionEditIsVisibleOnSourceMesh
1258/1616 Test #2530: SubmeshViewDomainBorrows.CloudSidePositionEditIsVisibleOnSourceMesh .............................................   Passed    0.01 sec
          Start 2531: SubmeshViewDomainBorrows.PointAddedThroughCloudViewAppearsOnSourceMesh
1259/1616 Test #2531: SubmeshViewDomainBorrows.PointAddedThroughCloudViewAppearsOnSourceMesh ..........................................   Passed    0.01 sec
          Start 2532: SubmeshViewDomainBorrows.EmptyMeshBorrowsAsEmptyCloud
1260/1616 Test #2532: SubmeshViewDomainBorrows.EmptyMeshBorrowsAsEmptyCloud ...........................................................   Passed    0.01 sec
          Start 2533: SubmeshViewDomainBorrows.CloudSubviewOfMeshBorrowSeesMeshBackedRows
1261/1616 Test #2533: SubmeshViewDomainBorrows.CloudSubviewOfMeshBorrowSeesMeshBackedRows .............................................   Passed    0.01 sec
          Start 2534: SubmeshViewDomainBorrows.CloudSubviewOfEmptyMeshBorrowClampsToZero
1262/1616 Test #2534: SubmeshViewDomainBorrows.CloudSubviewOfEmptyMeshBorrowClampsToZero ..............................................   Passed    0.01 sec
          Start 2535: SubmeshViewDomainBorrows.CloudDeleteThroughMeshBorrowDoesNotTouchMeshDeletionCounter
1263/1616 Test #2535: SubmeshViewDomainBorrows.CloudDeleteThroughMeshBorrowDoesNotTouchMeshDeletionCounter ............................   Passed    0.01 sec
          Start 2536: SubmeshViewDomainBorrows.MeshGarbageCollectionAfterCloudDeleteIsConsistent
1264/1616 Test #2536: SubmeshViewDomainBorrows.MeshGarbageCollectionAfterCloudDeleteIsConsistent ......................................   Passed    0.00 sec
          Start 2537: SubmeshViewDomainBorrows.GraphAsCloudSharesVertexPositionPropertyStorage
1265/1616 Test #2537: SubmeshViewDomainBorrows.GraphAsCloudSharesVertexPositionPropertyStorage ........................................   Passed    0.01 sec
          Start 2538: SubmeshViewDomainBorrows.GraphAsCloudDoesNotAllocatePPositionCompatibilityCopy
1266/1616 Test #2538: SubmeshViewDomainBorrows.GraphAsCloudDoesNotAllocatePPositionCompatibilityCopy ..................................   Passed    0.01 sec
          Start 2539: SubmeshViewDomainBorrows.GraphAsCloudDoesNotExposeHalfedgeOrEdgePropertySets
1267/1616 Test #2539: SubmeshViewDomainBorrows.GraphAsCloudDoesNotExposeHalfedgeOrEdgePropertySets ....................................   Passed    0.00 sec
          Start 2540: SubmeshViewDomainBorrows.GraphAsCloudSharesVertexConnectivitySlotAsDocumentedUbBoundary
1268/1616 Test #2540: SubmeshViewDomainBorrows.GraphAsCloudSharesVertexConnectivitySlotAsDocumentedUbBoundary .........................   Passed    0.00 sec
          Start 2541: SubmeshViewDomainBorrows.GraphAsCloudReusesExistingVertexNormalProperty
1269/1616 Test #2541: SubmeshViewDomainBorrows.GraphAsCloudReusesExistingVertexNormalProperty .........................................   Passed    0.00 sec
          Start 2542: SubmeshViewDomainBorrows.GraphSidePositionEditIsVisibleThroughCloudView
1270/1616 Test #2542: SubmeshViewDomainBorrows.GraphSidePositionEditIsVisibleThroughCloudView .........................................   Passed    0.00 sec
          Start 2543: SubmeshViewDomainBorrows.CloudSidePositionEditIsVisibleOnSourceGraph
1271/1616 Test #2543: SubmeshViewDomainBorrows.CloudSidePositionEditIsVisibleOnSourceGraph ............................................   Passed    0.00 sec
          Start 2544: SubmeshViewDomainBorrows.PointAddedThroughCloudViewAppearsOnSourceGraph
1272/1616 Test #2544: SubmeshViewDomainBorrows.PointAddedThroughCloudViewAppearsOnSourceGraph .........................................   Passed    0.00 sec
          Start 2545: SubmeshViewDomainBorrows.EmptyGraphBorrowsAsEmptyCloud
1273/1616 Test #2545: SubmeshViewDomainBorrows.EmptyGraphBorrowsAsEmptyCloud ..........................................................   Passed    0.00 sec
          Start 2546: SubmeshViewDomainBorrows.CloudDeleteThroughGraphBorrowDoesNotTouchGraphDeletionCounter
1274/1616 Test #2546: SubmeshViewDomainBorrows.CloudDeleteThroughGraphBorrowDoesNotTouchGraphDeletionCounter ..........................   Passed    0.00 sec
          Start 2547: SubmeshViewDomainBorrows.ConstViewsAreReadOnlyAtCompileTime
1275/1616 Test #2547: SubmeshViewDomainBorrows.ConstViewsAreReadOnlyAtCompileTime .....................................................   Passed    0.00 sec
          Start 2548: SubmeshViewDomainBorrows.ConstMeshGraphViewSharesStorageAndSeesLiveEdits
1276/1616 Test #2548: SubmeshViewDomainBorrows.ConstMeshGraphViewSharesStorageAndSeesLiveEdits ........................................   Passed    0.01 sec
          Start 2549: SubmeshViewDomainBorrows.ConstMeshCloudViewSharesStorageAndSeesLiveEdits
1277/1616 Test #2549: SubmeshViewDomainBorrows.ConstMeshCloudViewSharesStorageAndSeesLiveEdits ........................................   Passed    0.00 sec
          Start 2550: SubmeshViewDomainBorrows.ConstGraphCloudViewSharesStorageAndSeesLiveEdits
1278/1616 Test #2550: SubmeshViewDomainBorrows.ConstGraphCloudViewSharesStorageAndSeesLiveEdits .......................................   Passed    0.00 sec
          Start 2551: SubmeshViewDomainBorrows.HardCopyOfMeshBackedGraphBorrowOwnsIndependentStorage
1279/1616 Test #2551: SubmeshViewDomainBorrows.HardCopyOfMeshBackedGraphBorrowOwnsIndependentStorage ..................................   Passed    0.00 sec
          Start 2552: SubmeshViewDomainBorrows.HardCopyOfMeshBackedCloudBorrowOwnsIndependentStorage
1280/1616 Test #2552: SubmeshViewDomainBorrows.HardCopyOfMeshBackedCloudBorrowOwnsIndependentStorage ..................................   Passed    0.00 sec
          Start 2553: SubmeshViewDomainBorrows.HardCopyOfGraphBackedCloudBorrowOwnsIndependentStorage
1281/1616 Test #2553: SubmeshViewDomainBorrows.HardCopyOfGraphBackedCloudBorrowOwnsIndependentStorage .................................   Passed    0.00 sec
          Start 2554: SubmeshViewDomainBorrows.CopyAssignIntoBorrowedDestinationWritesThroughToSource
1282/1616 Test #2554: SubmeshViewDomainBorrows.CopyAssignIntoBorrowedDestinationWritesThroughToSource .................................   Passed    0.00 sec
          Start 2555: GeometryIO_Metadata.ReportsSupportedImportAndExportDomains
1283/1616 Test #2555: GeometryIO_Metadata.ReportsSupportedImportAndExportDomains ......................................................   Passed    0.00 sec
          Start 2556: GeometryIO_Metadata.ReportsAssetRoutingReadinessForAllPromotedFormats
1284/1616 Test #2556: GeometryIO_Metadata.ReportsAssetRoutingReadinessForAllPromotedFormats ...........................................   Passed    0.00 sec
          Start 2557: GeometryIO_MeshIO.LoadsOFFTriangle
1285/1616 Test #2557: GeometryIO_MeshIO.LoadsOFFTriangle ..............................................................................   Passed    0.00 sec
          Start 2558: GeometryIO_MeshIO.LoadsCOFFTriangleWithVertexColors
1286/1616 Test #2558: GeometryIO_MeshIO.LoadsCOFFTriangleWithVertexColors .............................................................   Passed    0.00 sec
          Start 2559: GeometryIO_MeshIO.LoadsCOFFAlphaTokenIsConsumedNotStored
1287/1616 Test #2559: GeometryIO_MeshIO.LoadsCOFFAlphaTokenIsConsumedNotStored ........................................................   Passed    0.00 sec
          Start 2560: GeometryIO_MeshIO.LoadsNOFFTriangleWithVertexNormals
1288/1616 Test #2560: GeometryIO_MeshIO.LoadsNOFFTriangleWithVertexNormals ............................................................   Passed    0.00 sec
          Start 2561: GeometryIO_MeshIO.LoadsCNOFFTriangleWithNormalsAndColors
1289/1616 Test #2561: GeometryIO_MeshIO.LoadsCNOFFTriangleWithNormalsAndColors ........................................................   Passed    0.00 sec
          Start 2562: GeometryIO_MeshIO.LoadOFFRejectsDegenerateFaceRows
1290/1616 Test #2562: GeometryIO_MeshIO.LoadOFFRejectsDegenerateFaceRows ..............................................................   Passed    0.00 sec
          Start 2563: GeometryIO_MeshIO.LoadOFFRejectsAllDegenerateFaces
1291/1616 Test #2563: GeometryIO_MeshIO.LoadOFFRejectsAllDegenerateFaces ..............................................................   Passed    0.00 sec
          Start 2564: GeometryIO_MeshIO.LoadOFFRejectsHugeHeaderCountsBeforeReserve
1292/1616 Test #2564: GeometryIO_MeshIO.LoadOFFRejectsHugeHeaderCountsBeforeReserve ...................................................   Passed    0.00 sec
          Start 2565: GeometryIO_MeshIO.LoadOFFPreservesCommentBeforeFirstVertexAndFaceRows
1293/1616 Test #2565: GeometryIO_MeshIO.LoadOFFPreservesCommentBeforeFirstVertexAndFaceRows ...........................................   Passed    0.00 sec
          Start 2566: GeometryIO_MeshIO.LoadOFFRejectsUnknownMagic
1294/1616 Test #2566: GeometryIO_MeshIO.LoadOFFRejectsUnknownMagic ....................................................................   Passed    0.00 sec
          Start 2567: GeometryIO_MeshIO.LoadOFFRejectsOutOfRangeVertexIndex
1295/1616 Test #2567: GeometryIO_MeshIO.LoadOFFRejectsOutOfRangeVertexIndex ...........................................................   Passed    0.00 sec
          Start 2568: GeometryIO_MeshIO.LoadsOBJTriangle
1296/1616 Test #2568: GeometryIO_MeshIO.LoadsOBJTriangle ..............................................................................   Passed    0.00 sec
          Start 2569: GeometryIO_MeshIO.LoadsOBJTriangleWithVertexNormals
1297/1616 Test #2569: GeometryIO_MeshIO.LoadsOBJTriangleWithVertexNormals .............................................................   Passed    0.00 sec
          Start 2570: GeometryIO_MeshIO.LoadOBJIgnoresMismatchedVertexNormalCount
1298/1616 Test #2570: GeometryIO_MeshIO.LoadOBJIgnoresMismatchedVertexNormalCount .....................................................   Passed    0.00 sec
          Start 2571: GeometryIO_MeshIO.LoadOBJRejectsMalformedVertexNormal
1299/1616 Test #2571: GeometryIO_MeshIO.LoadOBJRejectsMalformedVertexNormal ...........................................................   Passed    0.00 sec
          Start 2572: GeometryIO_MeshIO.LoadsOBJTriangleWithVertexTexcoords
1300/1616 Test #2572: GeometryIO_MeshIO.LoadsOBJTriangleWithVertexTexcoords ...........................................................   Passed    0.00 sec
          Start 2573: GeometryIO_MeshIO.LoadsOBJVertexTexcoordWithOptionalThirdComponent
1301/1616 Test #2573: GeometryIO_MeshIO.LoadsOBJVertexTexcoordWithOptionalThirdComponent ..............................................   Passed    0.00 sec
          Start 2574: GeometryIO_MeshIO.LoadOBJIgnoresMismatchedVertexTexcoordCount
1302/1616 Test #2574: GeometryIO_MeshIO.LoadOBJIgnoresMismatchedVertexTexcoordCount ...................................................   Passed    0.00 sec
          Start 2575: GeometryIO_MeshIO.LoadOBJRejectsMalformedVertexTexcoord
1303/1616 Test #2575: GeometryIO_MeshIO.LoadOBJRejectsMalformedVertexTexcoord .........................................................   Passed    0.00 sec
          Start 2576: GeometryIO_MeshIO.LoadOBJVertexTexcoordAndNormalCoexist
1304/1616 Test #2576: GeometryIO_MeshIO.LoadOBJVertexTexcoordAndNormalCoexist .........................................................   Passed    0.00 sec
          Start 2577: GeometryIO_MeshIO.LoadsOBJTriangleWithVertexColors
1305/1616 Test #2577: GeometryIO_MeshIO.LoadsOBJTriangleWithVertexColors ..............................................................   Passed    0.00 sec
          Start 2578: GeometryIO_MeshIO.LoadOBJIgnoresMismatchedVertexColorCount
1306/1616 Test #2578: GeometryIO_MeshIO.LoadOBJIgnoresMismatchedVertexColorCount ......................................................   Passed    0.00 sec
          Start 2579: GeometryIO_MeshIO.LoadOBJRejectsMalformedVertexColor
1307/1616 Test #2579: GeometryIO_MeshIO.LoadOBJRejectsMalformedVertexColor ............................................................   Passed    0.00 sec
          Start 2580: GeometryIO_MeshIO.LoadOBJVertexColorAndTexcoordCoexist
1308/1616 Test #2580: GeometryIO_MeshIO.LoadOBJVertexColorAndTexcoordCoexist ..........................................................   Passed    0.00 sec
          Start 2581: GeometryIO_MeshIO.LoadsOBJTriangleWithVertexColorsAndAlpha
1309/1616 Test #2581: GeometryIO_MeshIO.LoadsOBJTriangleWithVertexColorsAndAlpha ......................................................   Passed    0.00 sec
          Start 2582: GeometryIO_MeshIO.LoadsOBJMixedSevenAndEightTokenVertexColors
1310/1616 Test #2582: GeometryIO_MeshIO.LoadsOBJMixedSevenAndEightTokenVertexColors ...................................................   Passed    0.00 sec
          Start 2583: GeometryIO_MeshIO.LoadOBJRejectsMalformedVertexColorAlpha
1311/1616 Test #2583: GeometryIO_MeshIO.LoadOBJRejectsMalformedVertexColorAlpha .......................................................   Passed    0.00 sec
          Start 2584: GeometryIO_MeshIO.LoadOBJVertexColorAlphaSurvivesFaceAttributeRemap
1312/1616 Test #2584: GeometryIO_MeshIO.LoadOBJVertexColorAlphaSurvivesFaceAttributeRemap .............................................   Passed    0.00 sec
          Start 2585: GeometryIO_MeshIO.LoadsOBJFaceTexcoordIndicesDuplicateSharedPositions
1313/1616 Test #2585: GeometryIO_MeshIO.LoadsOBJFaceTexcoordIndicesDuplicateSharedPositions ...........................................   Passed    0.00 sec
          Start 2586: GeometryIO_MeshIO.LoadsOBJFaceNormalIndicesWithoutLockstepNormals
1314/1616 Test #2586: GeometryIO_MeshIO.LoadsOBJFaceNormalIndicesWithoutLockstepNormals ...............................................   Passed    0.00 sec
          Start 2587: GeometryIO_MeshIO.LoadsOBJFaceAttributeNegativeIndices
1315/1616 Test #2587: GeometryIO_MeshIO.LoadsOBJFaceAttributeNegativeIndices ..........................................................   Passed    0.00 sec
          Start 2588: GeometryIO_MeshIO.LoadOBJRejectsOutOfRangeFaceTexcoordIndex
1316/1616 Test #2588: GeometryIO_MeshIO.LoadOBJRejectsOutOfRangeFaceTexcoordIndex .....................................................   Passed    0.00 sec
          Start 2589: GeometryIO_MeshIO.LoadsASCIIPLYTriangle
1317/1616 Test #2589: GeometryIO_MeshIO.LoadsASCIIPLYTriangle .........................................................................   Passed    0.00 sec
          Start 2590: GeometryIO_MeshIO.LoadsASCIIPLYTriangleWithVertexNormalsAndColors
1318/1616 Test #2590: GeometryIO_MeshIO.LoadsASCIIPLYTriangleWithVertexNormalsAndColors ...............................................   Passed    0.00 sec
          Start 2591: GeometryIO_MeshIO.LoadsASCIIPLYTriangleWithVertexTexcoords
1319/1616 Test #2591: GeometryIO_MeshIO.LoadsASCIIPLYTriangleWithVertexTexcoords ......................................................   Passed    0.00 sec
          Start 2592: GeometryIO_MeshIO.LoadsASCIIPLYTriangleWithTextureUVAliases
1320/1616 Test #2592: GeometryIO_MeshIO.LoadsASCIIPLYTriangleWithTextureUVAliases .....................................................   Passed    0.00 sec
          Start 2593: GeometryIO_MeshIO.LoadASCIIPLYIgnoresPartialTexcoordAxis
1321/1616 Test #2593: GeometryIO_MeshIO.LoadASCIIPLYIgnoresPartialTexcoordAxis ........................................................   Passed    0.00 sec
          Start 2594: GeometryIO_MeshIO.LoadsASCIISTLTriangle
1322/1616 Test #2594: GeometryIO_MeshIO.LoadsASCIISTLTriangle .........................................................................   Passed    0.00 sec
          Start 2595: GeometryIO_MeshIO.MeshImportersRejectNonFinitePositions
1323/1616 Test #2595: GeometryIO_MeshIO.MeshImportersRejectNonFinitePositions .........................................................   Passed    0.00 sec
          Start 2596: GeometryIO_MeshIO.MeshImportersRejectNonFiniteVertexColors
1324/1616 Test #2596: GeometryIO_MeshIO.MeshImportersRejectNonFiniteVertexColors ......................................................   Passed    0.00 sec
          Start 2597: GeometryIO_MeshIO.MeshImportersRejectNonFiniteVertexNormals
1325/1616 Test #2597: GeometryIO_MeshIO.MeshImportersRejectNonFiniteVertexNormals .....................................................   Passed    0.00 sec
          Start 2598: GeometryIO_MeshIO.MeshImportersRejectNonFiniteVertexTexcoords
1326/1616 Test #2598: GeometryIO_MeshIO.MeshImportersRejectNonFiniteVertexTexcoords ...................................................   Passed    0.00 sec
          Start 2599: GeometryIO_MeshIO.WritesOFFQuadRoundTripsFaceArity
1327/1616 Test #2599: GeometryIO_MeshIO.WritesOFFQuadRoundTripsFaceArity ..............................................................   Passed    0.00 sec
          Start 2600: GeometryIO_MeshIO.WriteOFFIsByteDeterministic
1328/1616 Test #2600: GeometryIO_MeshIO.WriteOFFIsByteDeterministic ...................................................................   Passed    0.00 sec
          Start 2601: GeometryIO_MeshIO.WriteOFFFailsClosed
1329/1616 Test #2601: GeometryIO_MeshIO.WriteOFFFailsClosed ...........................................................................   Passed    0.00 sec
          Start 2602: GeometryIO_MeshIO.WritesOBJTriangle
1330/1616 Test #2602: GeometryIO_MeshIO.WritesOBJTriangle .............................................................................   Passed    0.00 sec
          Start 2603: GeometryIO_MeshIO.WritesOBJTriangleWithNormals
1331/1616 Test #2603: GeometryIO_MeshIO.WritesOBJTriangleWithNormals ..................................................................   Passed    0.00 sec
          Start 2604: GeometryIO_MeshIO.WritesOBJTriangleWithTexcoords
1332/1616 Test #2604: GeometryIO_MeshIO.WritesOBJTriangleWithTexcoords ................................................................   Passed    0.00 sec
          Start 2605: GeometryIO_MeshIO.WritesOBJTriangleWithTexcoordsAndNormals
1333/1616 Test #2605: GeometryIO_MeshIO.WritesOBJTriangleWithTexcoordsAndNormals ......................................................   Passed    0.00 sec
          Start 2606: GeometryIO_MeshIO.WritesOBJTriangleWithVertexColors
1334/1616 Test #2606: GeometryIO_MeshIO.WritesOBJTriangleWithVertexColors .............................................................   Passed    0.00 sec
          Start 2607: GeometryIO_MeshIO.WritesOBJTriangleWithColorsAndNormals
1335/1616 Test #2607: GeometryIO_MeshIO.WritesOBJTriangleWithColorsAndNormals .........................................................   Passed    0.00 sec
          Start 2608: GeometryIO_MeshIO.WritesOBJTriangleWithColorsAndTexcoords
1336/1616 Test #2608: GeometryIO_MeshIO.WritesOBJTriangleWithColorsAndTexcoords .......................................................   Passed    0.00 sec
          Start 2609: GeometryIO_MeshIO.WriteOBJOmitsColorsWhenAbsent
1337/1616 Test #2609: GeometryIO_MeshIO.WriteOBJOmitsColorsWhenAbsent .................................................................   Passed    0.00 sec
          Start 2610: GeometryIO_MeshIO.WriteOBJOmitsColorsWhenMismatchedCount
1338/1616 Test #2610: GeometryIO_MeshIO.WriteOBJOmitsColorsWhenMismatchedCount ........................................................   Passed    0.00 sec
          Start 2611: GeometryIO_MeshIO.WriteOBJReportsFailureOnUnformattableVertexColor
1339/1616 Test #2611: GeometryIO_MeshIO.WriteOBJReportsFailureOnUnformattableVertexColor ..............................................   Passed    0.00 sec
          Start 2612: GeometryIO_MeshIO.WriteOBJOmitsTexcoordsWhenAbsent
1340/1616 Test #2612: GeometryIO_MeshIO.WriteOBJOmitsTexcoordsWhenAbsent ..............................................................   Passed    0.00 sec
          Start 2613: GeometryIO_MeshIO.WritesOBJQuadRoundTripsFaceArity
1341/1616 Test #2613: GeometryIO_MeshIO.WritesOBJQuadRoundTripsFaceArity ..............................................................   Passed    0.00 sec
          Start 2614: GeometryIO_MeshIO.WriteOBJRejectsEmptyMesh
1342/1616 Test #2614: GeometryIO_MeshIO.WriteOBJRejectsEmptyMesh ......................................................................   Passed    0.00 sec
          Start 2615: GeometryIO_MeshIO.WriteOBJRejectsOutOfRangeIndex
1343/1616 Test #2615: GeometryIO_MeshIO.WriteOBJRejectsOutOfRangeIndex ................................................................   Passed    0.00 sec
          Start 2616: GeometryIO_MeshIO.WriteOBJRejectsBadPath
1344/1616 Test #2616: GeometryIO_MeshIO.WriteOBJRejectsBadPath ........................................................................   Passed    0.00 sec
          Start 2617: GeometryIO_MeshIO.WritesPLYTriangle
1345/1616 Test #2617: GeometryIO_MeshIO.WritesPLYTriangle .............................................................................   Passed    0.00 sec
          Start 2618: GeometryIO_MeshIO.WritesPLYTriangleWithNormals
1346/1616 Test #2618: GeometryIO_MeshIO.WritesPLYTriangleWithNormals ..................................................................   Passed    0.00 sec
          Start 2619: GeometryIO_MeshIO.WritesPLYTriangleWithVertexColors
1347/1616 Test #2619: GeometryIO_MeshIO.WritesPLYTriangleWithVertexColors .............................................................   Passed    0.00 sec
          Start 2620: GeometryIO_MeshIO.WritesPLYTriangleWithVertexTexcoords
1348/1616 Test #2620: GeometryIO_MeshIO.WritesPLYTriangleWithVertexTexcoords ..........................................................   Passed    0.00 sec
          Start 2621: GeometryIO_MeshIO.WritesPLYQuadRoundTripsFaceArity
1349/1616 Test #2621: GeometryIO_MeshIO.WritesPLYQuadRoundTripsFaceArity ..............................................................   Passed    0.00 sec
          Start 2622: GeometryIO_MeshIO.WritePLYRejectsEmptyMesh
1350/1616 Test #2622: GeometryIO_MeshIO.WritePLYRejectsEmptyMesh ......................................................................   Passed    0.00 sec
          Start 2623: GeometryIO_MeshIO.WritePLYRejectsOutOfRangeIndex
1351/1616 Test #2623: GeometryIO_MeshIO.WritePLYRejectsOutOfRangeIndex ................................................................   Passed    0.00 sec
          Start 2624: GeometryIO_MeshIO.WritePLYRejectsBadPath
1352/1616 Test #2624: GeometryIO_MeshIO.WritePLYRejectsBadPath ........................................................................   Passed    0.00 sec
          Start 2625: GeometryIO_MeshIO.WritesPLYBinaryTriangle
1353/1616 Test #2625: GeometryIO_MeshIO.WritesPLYBinaryTriangle .......................................................................   Passed    0.00 sec
          Start 2626: GeometryIO_MeshIO.WritesPLYBinaryTriangleWithNormals
1354/1616 Test #2626: GeometryIO_MeshIO.WritesPLYBinaryTriangleWithNormals ............................................................   Passed    0.00 sec
          Start 2627: GeometryIO_MeshIO.WritesPLYBinaryTriangleWithVertexColors
1355/1616 Test #2627: GeometryIO_MeshIO.WritesPLYBinaryTriangleWithVertexColors .......................................................   Passed    0.00 sec
          Start 2628: GeometryIO_MeshIO.WritesPLYBinaryTriangleWithVertexTexcoords
1356/1616 Test #2628: GeometryIO_MeshIO.WritesPLYBinaryTriangleWithVertexTexcoords ....................................................   Passed    0.00 sec
          Start 2629: GeometryIO_MeshIO.WritesPLYBinaryQuadRoundTripsFaceArity
1357/1616 Test #2629: GeometryIO_MeshIO.WritesPLYBinaryQuadRoundTripsFaceArity ........................................................   Passed    0.00 sec
          Start 2630: GeometryIO_MeshIO.WritePLYBinaryRejectsEmptyMesh
1358/1616 Test #2630: GeometryIO_MeshIO.WritePLYBinaryRejectsEmptyMesh ................................................................   Passed    0.00 sec
          Start 2631: GeometryIO_MeshIO.WritePLYBinaryRejectsOutOfRangeIndex
1359/1616 Test #2631: GeometryIO_MeshIO.WritePLYBinaryRejectsOutOfRangeIndex ..........................................................   Passed    0.00 sec
          Start 2632: GeometryIO_MeshIO.WritePLYBinaryRejectsBadPath
1360/1616 Test #2632: GeometryIO_MeshIO.WritePLYBinaryRejectsBadPath ..................................................................   Passed    0.00 sec
          Start 2633: GeometryIO_MeshIO.MeshExportersRejectNonFinitePositions
1361/1616 Test #2633: GeometryIO_MeshIO.MeshExportersRejectNonFinitePositions .........................................................   Passed    0.00 sec
          Start 2634: GeometryIO_MeshIO.MeshExportersRejectNonFiniteVertexColors
1362/1616 Test #2634: GeometryIO_MeshIO.MeshExportersRejectNonFiniteVertexColors ......................................................   Passed    0.00 sec
          Start 2635: GeometryIO_MeshIO.MeshExportersRejectNonFiniteVertexNormals
1363/1616 Test #2635: GeometryIO_MeshIO.MeshExportersRejectNonFiniteVertexNormals .....................................................   Passed    0.00 sec
          Start 2636: GeometryIO_MeshIO.MeshExportersRejectNonFiniteVertexTexcoords
1364/1616 Test #2636: GeometryIO_MeshIO.MeshExportersRejectNonFiniteVertexTexcoords ...................................................   Passed    0.00 sec
          Start 2637: GeometryIO_MeshIO.LoadsBinarySTLSingleTriangle
1365/1616 Test #2637: GeometryIO_MeshIO.LoadsBinarySTLSingleTriangle ..................................................................   Passed    0.00 sec
          Start 2638: GeometryIO_MeshIO.LoadsBinarySTLTwoTriangles
1366/1616 Test #2638: GeometryIO_MeshIO.LoadsBinarySTLTwoTriangles ....................................................................   Passed    0.00 sec
          Start 2639: GeometryIO_MeshIO.LoadSTLRejectsTruncatedBinaryPayload
1367/1616 Test #2639: GeometryIO_MeshIO.LoadSTLRejectsTruncatedBinaryPayload ..........................................................   Passed    0.00 sec
          Start 2640: GeometryIO_MeshIO.LoadsASCIISTLAfterBinaryDispatch
1368/1616 Test #2640: GeometryIO_MeshIO.LoadsASCIISTLAfterBinaryDispatch ..............................................................   Passed    0.00 sec
          Start 2641: GeometryIO_MeshIO.WritesSTLTriangle
1369/1616 Test #2641: GeometryIO_MeshIO.WritesSTLTriangle .............................................................................   Passed    0.00 sec
          Start 2642: GeometryIO_MeshIO.WritesSTLTriangleEmitsFacetNormal
1370/1616 Test #2642: GeometryIO_MeshIO.WritesSTLTriangleEmitsFacetNormal .............................................................   Passed    0.00 sec
          Start 2643: GeometryIO_MeshIO.WriteSTLRejectsQuadFace
1371/1616 Test #2643: GeometryIO_MeshIO.WriteSTLRejectsQuadFace .......................................................................   Passed    0.00 sec
          Start 2644: GeometryIO_MeshIO.WriteSTLRejectsEmptyMesh
1372/1616 Test #2644: GeometryIO_MeshIO.WriteSTLRejectsEmptyMesh ......................................................................   Passed    0.00 sec
          Start 2645: GeometryIO_MeshIO.WriteSTLRejectsOutOfRangeIndex
1373/1616 Test #2645: GeometryIO_MeshIO.WriteSTLRejectsOutOfRangeIndex ................................................................   Passed    0.00 sec
          Start 2646: GeometryIO_MeshIO.WriteSTLRejectsBadPath
1374/1616 Test #2646: GeometryIO_MeshIO.WriteSTLRejectsBadPath ........................................................................   Passed    0.00 sec
          Start 2647: GeometryIO_MeshIO.WritesSTLBinaryTriangleRoundTrip
1375/1616 Test #2647: GeometryIO_MeshIO.WritesSTLBinaryTriangleRoundTrip ..............................................................   Passed    0.00 sec
          Start 2648: GeometryIO_MeshIO.WritesSTLBinaryReportsTriangleCountInHeader
1376/1616 Test #2648: GeometryIO_MeshIO.WritesSTLBinaryReportsTriangleCountInHeader ...................................................   Passed    0.00 sec
          Start 2649: GeometryIO_MeshIO.WriteSTLBinaryRejectsQuadFace
1377/1616 Test #2649: GeometryIO_MeshIO.WriteSTLBinaryRejectsQuadFace .................................................................   Passed    0.00 sec
          Start 2650: GeometryIO_MeshIO.WriteSTLBinaryRejectsEmptyMesh
1378/1616 Test #2650: GeometryIO_MeshIO.WriteSTLBinaryRejectsEmptyMesh ................................................................   Passed    0.00 sec
          Start 2651: GeometryIO_MeshIO.WriteSTLBinaryRejectsOutOfRangeIndex
1379/1616 Test #2651: GeometryIO_MeshIO.WriteSTLBinaryRejectsOutOfRangeIndex ..........................................................   Passed    0.00 sec
          Start 2652: GeometryIO_MeshIO.WriteSTLBinaryRejectsBadPath
1380/1616 Test #2652: GeometryIO_MeshIO.WriteSTLBinaryRejectsBadPath ..................................................................   Passed    0.00 sec
          Start 2653: GeometryIO_MeshIO.LoadsBinaryLittleEndianPLYTriangle
1381/1616 Test #2653: GeometryIO_MeshIO.LoadsBinaryLittleEndianPLYTriangle ............................................................   Passed    0.00 sec
          Start 2654: GeometryIO_MeshIO.LoadsBinaryBigEndianPLYTriangle
1382/1616 Test #2654: GeometryIO_MeshIO.LoadsBinaryBigEndianPLYTriangle ...............................................................   Passed    0.00 sec
          Start 2655: GeometryIO_MeshIO.LoadsBinaryLittleEndianPLYQuad
1383/1616 Test #2655: GeometryIO_MeshIO.LoadsBinaryLittleEndianPLYQuad ................................................................   Passed    0.00 sec
          Start 2656: GeometryIO_MeshIO.LoadsBinaryLittleEndianPLYWithExtraVertexProperties
1384/1616 Test #2656: GeometryIO_MeshIO.LoadsBinaryLittleEndianPLYWithExtraVertexProperties ...........................................   Passed    0.00 sec
          Start 2657: GeometryIO_MeshIO.LoadsBinaryPLYTriangleWithVertexTexcoords
1385/1616 Test #2657: GeometryIO_MeshIO.LoadsBinaryPLYTriangleWithVertexTexcoords .....................................................   Passed    0.00 sec
          Start 2658: GeometryIO_MeshIO.LoadsBinaryPLYTriangleWithDoubleScalars
1386/1616 Test #2658: GeometryIO_MeshIO.LoadsBinaryPLYTriangleWithDoubleScalars .......................................................   Passed    0.00 sec
          Start 2659: GeometryIO_MeshIO.LoadPLYRejectsTruncatedBinaryBody
1387/1616 Test #2659: GeometryIO_MeshIO.LoadPLYRejectsTruncatedBinaryBody .............................................................   Passed    0.00 sec
          Start 2660: GeometryIO_MeshIO.LoadPLYRejectsHugeAsciiHeaderCountsBeforeReserve
1388/1616 Test #2660: GeometryIO_MeshIO.LoadPLYRejectsHugeAsciiHeaderCountsBeforeReserve ..............................................   Passed    0.00 sec
          Start 2661: GeometryIO_MeshIO.LoadPLYRejectsHugeBinaryHeaderCountsBeforeReserve
1389/1616 Test #2661: GeometryIO_MeshIO.LoadPLYRejectsHugeBinaryHeaderCountsBeforeReserve .............................................   Passed    0.00 sec
          Start 2662: GeometryIO_MeshIO.LoadPLYRejectsNonIntegralListCountType
1390/1616 Test #2662: GeometryIO_MeshIO.LoadPLYRejectsNonIntegralListCountType ........................................................   Passed    0.00 sec
          Start 2663: GeometryIO_MeshIO.LoadPLYRejectsNegativeBinaryListCount
1391/1616 Test #2663: GeometryIO_MeshIO.LoadPLYRejectsNegativeBinaryListCount .........................................................   Passed    0.00 sec
          Start 2664: GeometryIO_MeshIO.LoadPLYRejectsBinaryFaceListBelowThree
1392/1616 Test #2664: GeometryIO_MeshIO.LoadPLYRejectsBinaryFaceListBelowThree ........................................................   Passed    0.00 sec
          Start 2665: GeometryIO_MeshIO.LoadsAsciiPLYAfterBinaryDispatch
1393/1616 Test #2665: GeometryIO_MeshIO.LoadsAsciiPLYAfterBinaryDispatch ..............................................................   Passed    0.00 sec
          Start 2666: GeometryIO_MeshIO.LoadPLYRejectsUnsupportedFormatVersion
1394/1616 Test #2666: GeometryIO_MeshIO.LoadPLYRejectsUnsupportedFormatVersion ........................................................   Passed    0.00 sec
          Start 2667: GeometryIO_MeshIO.MeshImportersRejectDuplicateVertexFaces
1395/1616 Test #2667: GeometryIO_MeshIO.MeshImportersRejectDuplicateVertexFaces .......................................................   Passed    0.00 sec
          Start 2668: GeometryIO_PointCloudIO.LoadsXYZWithColor
1396/1616 Test #2668: GeometryIO_PointCloudIO.LoadsXYZWithColor .......................................................................   Passed    0.00 sec
          Start 2669: GeometryIO_PointCloudIO.LoadsXYZRGBTrailingColor
1397/1616 Test #2669: GeometryIO_PointCloudIO.LoadsXYZRGBTrailingColor ................................................................   Passed    0.00 sec
          Start 2670: GeometryIO_PointCloudIO.LoadsXYZSemicolonDelimited
1398/1616 Test #2670: GeometryIO_PointCloudIO.LoadsXYZSemicolonDelimited ..............................................................   Passed    0.00 sec
          Start 2671: GeometryIO_PointCloudIO.LoadsXYZSkipsScanLineMarkers
1399/1616 Test #2671: GeometryIO_PointCloudIO.LoadsXYZSkipsScanLineMarkers ............................................................   Passed    0.00 sec
          Start 2672: GeometryIO_PointCloudIO.LoadsXYZSoftSkipsMalformedRows
1400/1616 Test #2672: GeometryIO_PointCloudIO.LoadsXYZSoftSkipsMalformedRows ..........................................................   Passed    0.00 sec
          Start 2673: GeometryIO_PointCloudIO.LoadXYZRejectsAllMalformedInput
1401/1616 Test #2673: GeometryIO_PointCloudIO.LoadXYZRejectsAllMalformedInput .........................................................   Passed    0.00 sec
          Start 2674: GeometryIO_PointCloudIO.LoadsPTSFixture
1402/1616 Test #2674: GeometryIO_PointCloudIO.LoadsPTSFixture .........................................................................   Passed    0.00 sec
          Start 2675: GeometryIO_PointCloudIO.LoadsPWNFixtureWithNormals
1403/1616 Test #2675: GeometryIO_PointCloudIO.LoadsPWNFixtureWithNormals ..............................................................   Passed    0.00 sec
          Start 2676: GeometryIO_PointCloudIO.LoadsCSVFixtureWithNormals
1404/1616 Test #2676: GeometryIO_PointCloudIO.LoadsCSVFixtureWithNormals ..............................................................   Passed    0.00 sec
          Start 2677: GeometryIO_PointCloudIO.Loads3DFixture
1405/1616 Test #2677: GeometryIO_PointCloudIO.Loads3DFixture ..........................................................................   Passed    0.00 sec
          Start 2678: GeometryIO_PointCloudIO.LoadsTXTFixtureWithColor
1406/1616 Test #2678: GeometryIO_PointCloudIO.LoadsTXTFixtureWithColor ................................................................   Passed    0.00 sec
          Start 2679: GeometryIO_PointCloudIO.StrictAsciiReadersRejectMalformedInput
1407/1616 Test #2679: GeometryIO_PointCloudIO.StrictAsciiReadersRejectMalformedInput ..................................................   Passed    0.00 sec
          Start 2680: GeometryIO_PointCloudIO.StrictAsciiReaderLoadsAreDeterministic
1408/1616 Test #2680: GeometryIO_PointCloudIO.StrictAsciiReaderLoadsAreDeterministic ..................................................   Passed    0.00 sec
          Start 2681: GeometryIO_PointCloudIO.PointCloudImportersRejectNonFinitePositions
1409/1616 Test #2681: GeometryIO_PointCloudIO.PointCloudImportersRejectNonFinitePositions .............................................   Passed    0.00 sec
          Start 2682: GeometryIO_PointCloudIO.PointCloudImportersRejectNonFiniteColors
1410/1616 Test #2682: GeometryIO_PointCloudIO.PointCloudImportersRejectNonFiniteColors ................................................   Passed    0.00 sec
          Start 2683: GeometryIO_PointCloudIO.PointCloudImportersRejectNonFiniteNormals
1411/1616 Test #2683: GeometryIO_PointCloudIO.PointCloudImportersRejectNonFiniteNormals ...............................................   Passed    0.00 sec
          Start 2684: GeometryIO_PointCloudIO.LoadsASCIIPCDWithNormalsAndColor
1412/1616 Test #2684: GeometryIO_PointCloudIO.LoadsASCIIPCDWithNormalsAndColor ........................................................   Passed    0.00 sec
          Start 2685: GeometryIO_PointCloudIO.LoadsASCIIPCDWithPackedFloatRgb
1413/1616 Test #2685: GeometryIO_PointCloudIO.LoadsASCIIPCDWithPackedFloatRgb .........................................................   Passed    0.00 sec
          Start 2686: GeometryIO_PointCloudIO.LoadsASCIIPCDWithSignedPackedRgba
1414/1616 Test #2686: GeometryIO_PointCloudIO.LoadsASCIIPCDWithSignedPackedRgba .......................................................   Passed    0.00 sec
          Start 2687: GeometryIO_PointCloudIO.LoadsVertexOnlyASCIIPLY
1415/1616 Test #2687: GeometryIO_PointCloudIO.LoadsVertexOnlyASCIIPLY .................................................................   Passed    0.00 sec
          Start 2688: GeometryIO_PointCloudIO.LoadsBinaryLittleEndianPLYPointCloud
1416/1616 Test #2688: GeometryIO_PointCloudIO.LoadsBinaryLittleEndianPLYPointCloud ....................................................   Passed    0.00 sec
          Start 2689: GeometryIO_PointCloudIO.LoadsBinaryBigEndianPLYPointCloud
1417/1616 Test #2689: GeometryIO_PointCloudIO.LoadsBinaryBigEndianPLYPointCloud .......................................................   Passed    0.00 sec
          Start 2690: GeometryIO_PointCloudIO.LoadsBinaryLittleEndianPLYPointCloudWithFaceList
1418/1616 Test #2690: GeometryIO_PointCloudIO.LoadsBinaryLittleEndianPLYPointCloudWithFaceList ........................................   Passed    0.00 sec
          Start 2691: GeometryIO_PointCloudIO.LoadsBinaryBigEndianPLYPointCloudWithFaceList
1419/1616 Test #2691: GeometryIO_PointCloudIO.LoadsBinaryBigEndianPLYPointCloudWithFaceList ...........................................   Passed    0.00 sec
          Start 2692: GeometryIO_PointCloudIO.LoadsBinaryBigEndianPLYPointCloudWithInterleavedNonVertexProperties
1420/1616 Test #2692: GeometryIO_PointCloudIO.LoadsBinaryBigEndianPLYPointCloudWithInterleavedNonVertexProperties .....................   Passed    0.00 sec
          Start 2693: GeometryIO_PointCloudIO.LoadsCheckedInBinaryPLYPointCloudEndianFixtures
1421/1616 Test #2693: GeometryIO_PointCloudIO.LoadsCheckedInBinaryPLYPointCloudEndianFixtures .........................................   Passed    0.00 sec
          Start 2694: GeometryIO_PointCloudIO.LoadsBinaryPLYPointCloudWithNormalsAndColor
1422/1616 Test #2694: GeometryIO_PointCloudIO.LoadsBinaryPLYPointCloudWithNormalsAndColor .............................................   Passed    0.00 sec
          Start 2695: GeometryIO_PointCloudIO.LoadsBinaryPLYPointCloudWithDoubleScalars
1423/1616 Test #2695: GeometryIO_PointCloudIO.LoadsBinaryPLYPointCloudWithDoubleScalars ...............................................   Passed    0.00 sec
          Start 2696: GeometryIO_PointCloudIO.LoadsBinaryPLYPointCloudSkipsExtraScalars
1424/1616 Test #2696: GeometryIO_PointCloudIO.LoadsBinaryPLYPointCloudSkipsExtraScalars ...............................................   Passed    0.00 sec
          Start 2697: GeometryIO_PointCloudIO.LoadPLYPointCloudRejectsTruncatedBinaryBody
1425/1616 Test #2697: GeometryIO_PointCloudIO.LoadPLYPointCloudRejectsTruncatedBinaryBody .............................................   Passed    0.00 sec
          Start 2698: GeometryIO_PointCloudIO.BinaryPLYPointCloudRejectsTruncatedNonVertexListCount
1426/1616 Test #2698: GeometryIO_PointCloudIO.BinaryPLYPointCloudRejectsTruncatedNonVertexListCount ...................................   Passed    0.00 sec
          Start 2699: GeometryIO_PointCloudIO.BinaryPLYPointCloudRejectsTruncatedNonVertexListPayload
1427/1616 Test #2699: GeometryIO_PointCloudIO.BinaryPLYPointCloudRejectsTruncatedNonVertexListPayload .................................   Passed    0.00 sec
          Start 2700: GeometryIO_PointCloudIO.BinaryPLYPointCloudRejectsNegativeBigEndianListCount
1428/1616 Test #2700: GeometryIO_PointCloudIO.BinaryPLYPointCloudRejectsNegativeBigEndianListCount ....................................   Passed    0.00 sec
          Start 2701: GeometryIO_PointCloudIO.BinaryPLYPointCloudRejectsFloatingListCountType
1429/1616 Test #2701: GeometryIO_PointCloudIO.BinaryPLYPointCloudRejectsFloatingListCountType .........................................   Passed    0.00 sec
          Start 2702: GeometryIO_PointCloudIO.BinaryPLYPointCloudRejectsOversizedListPayloadBeforeMultiplication
1430/1616 Test #2702: GeometryIO_PointCloudIO.BinaryPLYPointCloudRejectsOversizedListPayloadBeforeMultiplication ......................   Passed    0.00 sec
          Start 2703: GeometryIO_PointCloudIO.BinaryPLYPointCloudRejectsOverflowingFixedElementByteCount
1431/1616 Test #2703: GeometryIO_PointCloudIO.BinaryPLYPointCloudRejectsOverflowingFixedElementByteCount ..............................   Passed    0.00 sec
          Start 2704: GeometryIO_PointCloudIO.LoadPLYPointCloudRejectsListPropertyInVertex
1432/1616 Test #2704: GeometryIO_PointCloudIO.LoadPLYPointCloudRejectsListPropertyInVertex ............................................   Passed    0.00 sec
          Start 2705: GeometryIO_PointCloudIO.LoadsAsciiPLYPointCloudAfterBinaryDispatch
1433/1616 Test #2705: GeometryIO_PointCloudIO.LoadsAsciiPLYPointCloudAfterBinaryDispatch ..............................................   Passed    0.00 sec
          Start 2706: GeometryIO_PointCloudIO.LoadPLYPointCloudRejectsUnsupportedFormatVersion
1434/1616 Test #2706: GeometryIO_PointCloudIO.LoadPLYPointCloudRejectsUnsupportedFormatVersion ........................................   Passed    0.00 sec
          Start 2707: GeometryIO_PointCloudIO.LoadAsciiPLYPointCloudRejectsListPropertyInVertex
1435/1616 Test #2707: GeometryIO_PointCloudIO.LoadAsciiPLYPointCloudRejectsListPropertyInVertex .......................................   Passed    0.00 sec
          Start 2708: GeometryIO_PointCloudIO.LoadsBinaryPCDPointCloud
1436/1616 Test #2708: GeometryIO_PointCloudIO.LoadsBinaryPCDPointCloud ................................................................   Passed    0.00 sec
          Start 2709: GeometryIO_PointCloudIO.LoadsBinaryPCDPointCloudWithNormalsAndColor
1437/1616 Test #2709: GeometryIO_PointCloudIO.LoadsBinaryPCDPointCloudWithNormalsAndColor .............................................   Passed    0.00 sec
          Start 2710: GeometryIO_PointCloudIO.LoadsBinaryPCDPointCloudWithPackedRgba
1438/1616 Test #2710: GeometryIO_PointCloudIO.LoadsBinaryPCDPointCloudWithPackedRgba ..................................................   Passed    0.00 sec
          Start 2711: GeometryIO_PointCloudIO.LoadsBinaryPCDPointCloudSkipsExtraScalars
1439/1616 Test #2711: GeometryIO_PointCloudIO.LoadsBinaryPCDPointCloudSkipsExtraScalars ...............................................   Passed    0.00 sec
          Start 2712: GeometryIO_PointCloudIO.LoadsBinaryPCDPointCloudFromWidthHeight
1440/1616 Test #2712: GeometryIO_PointCloudIO.LoadsBinaryPCDPointCloudFromWidthHeight .................................................   Passed    0.00 sec
          Start 2713: GeometryIO_PointCloudIO.LoadPCDRejectsTruncatedBinaryBody
1441/1616 Test #2713: GeometryIO_PointCloudIO.LoadPCDRejectsTruncatedBinaryBody .......................................................   Passed    0.00 sec
          Start 2714: GeometryIO_PointCloudIO.LoadPCDRejectsBinaryCompressed
1442/1616 Test #2714: GeometryIO_PointCloudIO.LoadPCDRejectsBinaryCompressed ..........................................................   Passed    0.00 sec
          Start 2715: GeometryIO_PointCloudIO.LoadPCDRejectsZeroSizeField
1443/1616 Test #2715: GeometryIO_PointCloudIO.LoadPCDRejectsZeroSizeField .............................................................   Passed    0.00 sec
          Start 2716: GeometryIO_PointCloudIO.LoadPCDRejectsUnsupportedScalarFieldLayouts
1444/1616 Test #2716: GeometryIO_PointCloudIO.LoadPCDRejectsUnsupportedScalarFieldLayouts .............................................   Passed    0.00 sec
          Start 2717: GeometryIO_PointCloudIO.WritesPLYPointCloud
1445/1616 Test #2717: GeometryIO_PointCloudIO.WritesPLYPointCloud .....................................................................   Passed    0.00 sec
          Start 2718: GeometryIO_PointCloudIO.WritesPLYPointCloudWithNormalsAndColors
1446/1616 Test #2718: GeometryIO_PointCloudIO.WritesPLYPointCloudWithNormalsAndColors .................................................   Passed    0.00 sec
          Start 2719: GeometryIO_PointCloudIO.WritesPLYPointCloudWithRadiiEmitsRadiusProperty
1447/1616 Test #2719: GeometryIO_PointCloudIO.WritesPLYPointCloudWithRadiiEmitsRadiusProperty .........................................   Passed    0.00 sec
          Start 2720: GeometryIO_PointCloudIO.WritePLYPointCloudRejectsEmptyCloud
1448/1616 Test #2720: GeometryIO_PointCloudIO.WritePLYPointCloudRejectsEmptyCloud .....................................................   Passed    0.00 sec
          Start 2721: GeometryIO_PointCloudIO.WritePLYPointCloudRejectsBadPath
1449/1616 Test #2721: GeometryIO_PointCloudIO.WritePLYPointCloudRejectsBadPath ........................................................   Passed    0.00 sec
          Start 2722: GeometryIO_PointCloudIO.WritesPLYBinaryPointCloud
1450/1616 Test #2722: GeometryIO_PointCloudIO.WritesPLYBinaryPointCloud ...............................................................   Passed    0.00 sec
          Start 2723: GeometryIO_PointCloudIO.WritesPLYBinaryPointCloudWithNormalsAndColors
1451/1616 Test #2723: GeometryIO_PointCloudIO.WritesPLYBinaryPointCloudWithNormalsAndColors ...........................................   Passed    0.00 sec
          Start 2724: GeometryIO_PointCloudIO.WritesPLYBinaryPointCloudWithRadiiEmitsRadiusProperty
1452/1616 Test #2724: GeometryIO_PointCloudIO.WritesPLYBinaryPointCloudWithRadiiEmitsRadiusProperty ...................................   Passed    0.00 sec
          Start 2725: GeometryIO_PointCloudIO.WritePLYBinaryPointCloudRejectsEmptyCloud
1453/1616 Test #2725: GeometryIO_PointCloudIO.WritePLYBinaryPointCloudRejectsEmptyCloud ...............................................   Passed    0.00 sec
          Start 2726: GeometryIO_PointCloudIO.WritePLYBinaryPointCloudRejectsBadPath
1454/1616 Test #2726: GeometryIO_PointCloudIO.WritePLYBinaryPointCloudRejectsBadPath ..................................................   Passed    0.00 sec
          Start 2727: GeometryIO_PointCloudIO.WritesXYZPositionsOnly
1455/1616 Test #2727: GeometryIO_PointCloudIO.WritesXYZPositionsOnly ..................................................................   Passed    0.00 sec
          Start 2728: GeometryIO_PointCloudIO.WritesXYZWithColorsRoundTrips
1456/1616 Test #2728: GeometryIO_PointCloudIO.WritesXYZWithColorsRoundTrips ...........................................................   Passed    0.00 sec
          Start 2729: GeometryIO_PointCloudIO.WritesXYZIgnoresRadiiAndNormals
1457/1616 Test #2729: GeometryIO_PointCloudIO.WritesXYZIgnoresRadiiAndNormals .........................................................   Passed    0.00 sec
          Start 2730: GeometryIO_PointCloudIO.WriteXYZRejectsEmptyCloud
1458/1616 Test #2730: GeometryIO_PointCloudIO.WriteXYZRejectsEmptyCloud ...............................................................   Passed    0.00 sec
          Start 2731: GeometryIO_PointCloudIO.WriteXYZRejectsBadPath
1459/1616 Test #2731: GeometryIO_PointCloudIO.WriteXYZRejectsBadPath ..................................................................   Passed    0.00 sec
          Start 2732: GeometryIO_PointCloudIO.WritesPCDPositionsOnly
1460/1616 Test #2732: GeometryIO_PointCloudIO.WritesPCDPositionsOnly ..................................................................   Passed    0.00 sec
          Start 2733: GeometryIO_PointCloudIO.WritesPCDWithNormalsAndColorsRoundTrips
1461/1616 Test #2733: GeometryIO_PointCloudIO.WritesPCDWithNormalsAndColorsRoundTrips .................................................   Passed    0.00 sec
          Start 2734: GeometryIO_PointCloudIO.WritesPCDIgnoresRadii
1462/1616 Test #2734: GeometryIO_PointCloudIO.WritesPCDIgnoresRadii ...................................................................   Passed    0.00 sec
          Start 2735: GeometryIO_PointCloudIO.WritePCDRejectsEmptyCloud
1463/1616 Test #2735: GeometryIO_PointCloudIO.WritePCDRejectsEmptyCloud ...............................................................   Passed    0.00 sec
          Start 2736: GeometryIO_PointCloudIO.WritePCDRejectsBadPath
1464/1616 Test #2736: GeometryIO_PointCloudIO.WritePCDRejectsBadPath ..................................................................   Passed    0.00 sec
          Start 2737: GeometryIO_PointCloudIO.WritesPCDBinaryPositionsOnly
1465/1616 Test #2737: GeometryIO_PointCloudIO.WritesPCDBinaryPositionsOnly ............................................................   Passed    0.00 sec
          Start 2738: GeometryIO_PointCloudIO.WritesPCDBinaryWithNormalsAndColorsRoundTrips
1466/1616 Test #2738: GeometryIO_PointCloudIO.WritesPCDBinaryWithNormalsAndColorsRoundTrips ...........................................   Passed    0.00 sec
          Start 2739: GeometryIO_PointCloudIO.WritesPCDBinaryIgnoresRadii
1467/1616 Test #2739: GeometryIO_PointCloudIO.WritesPCDBinaryIgnoresRadii .............................................................   Passed    0.00 sec
          Start 2740: GeometryIO_PointCloudIO.WritePCDBinaryRejectsEmptyCloud
1468/1616 Test #2740: GeometryIO_PointCloudIO.WritePCDBinaryRejectsEmptyCloud .........................................................   Passed    0.00 sec
          Start 2741: GeometryIO_PointCloudIO.WritePCDBinaryRejectsBadPath
1469/1616 Test #2741: GeometryIO_PointCloudIO.WritePCDBinaryRejectsBadPath ............................................................   Passed    0.00 sec
          Start 2742: GeometryIO_PointCloudIO.PointCloudExportersRejectNonFinitePositions
1470/1616 Test #2742: GeometryIO_PointCloudIO.PointCloudExportersRejectNonFinitePositions .............................................   Passed    0.00 sec
          Start 2743: GeometryIO_PointCloudIO.PointCloudExportersRejectNonFiniteColors
1471/1616 Test #2743: GeometryIO_PointCloudIO.PointCloudExportersRejectNonFiniteColors ................................................   Passed    0.00 sec
          Start 2744: GeometryIO_PointCloudIO.PointCloudExportersRejectNonFiniteNormalsWhenSerialized
1472/1616 Test #2744: GeometryIO_PointCloudIO.PointCloudExportersRejectNonFiniteNormalsWhenSerialized .................................   Passed    0.00 sec
          Start 2745: GeometryIO_PointCloudIO.PointCloudPLYExportersRejectNonFiniteRadii
1473/1616 Test #2745: GeometryIO_PointCloudIO.PointCloudPLYExportersRejectNonFiniteRadii ..............................................   Passed    0.00 sec
          Start 2746: GeometryIO_GraphIO.LoadsTGFWithLabelsAndWeight
1474/1616 Test #2746: GeometryIO_GraphIO.LoadsTGFWithLabelsAndWeight ..................................................................   Passed    0.00 sec
          Start 2747: GeometryIO_GraphIO.LoadsEdgeListWithImplicitVertices
1475/1616 Test #2747: GeometryIO_GraphIO.LoadsEdgeListWithImplicitVertices ............................................................   Passed    0.00 sec
          Start 2748: GeometryIO_GraphIO.LoadTGFRejectsNonFiniteVertexPosition
1476/1616 Test #2748: GeometryIO_GraphIO.LoadTGFRejectsNonFiniteVertexPosition ........................................................   Passed    0.00 sec
          Start 2749: GeometryIO_GraphIO.GraphImportersRejectNonFiniteEdgeWeight
1477/1616 Test #2749: GeometryIO_GraphIO.GraphImportersRejectNonFiniteEdgeWeight ......................................................   Passed    0.00 sec
          Start 2750: GeometryIO_GraphIO.WritesTGFRoundTripsVerticesAndEdges
1478/1616 Test #2750: GeometryIO_GraphIO.WritesTGFRoundTripsVerticesAndEdges ..........................................................   Passed    0.00 sec
          Start 2751: GeometryIO_GraphIO.WritesTGFRoundTripsLabelsAndWeight
1479/1616 Test #2751: GeometryIO_GraphIO.WritesTGFRoundTripsLabelsAndWeight ...........................................................   Passed    0.00 sec
          Start 2752: GeometryIO_GraphIO.WritesTGFEmitsSeparatorEvenWithoutEdges
1480/1616 Test #2752: GeometryIO_GraphIO.WritesTGFEmitsSeparatorEvenWithoutEdges ......................................................   Passed    0.00 sec
          Start 2753: GeometryIO_GraphIO.WritesTGFSkipsDeletedVertices
1481/1616 Test #2753: GeometryIO_GraphIO.WritesTGFSkipsDeletedVertices ................................................................   Passed    0.00 sec
          Start 2754: GeometryIO_GraphIO.WriteTGFRejectsEmptyGraph
1482/1616 Test #2754: GeometryIO_GraphIO.WriteTGFRejectsEmptyGraph ....................................................................   Passed    0.00 sec
          Start 2755: GeometryIO_GraphIO.WriteTGFRejectsBadPath
1483/1616 Test #2755: GeometryIO_GraphIO.WriteTGFRejectsBadPath .......................................................................   Passed    0.00 sec
          Start 2756: GeometryIO_GraphIO.WritesEdgeListRoundTripsEdges
1484/1616 Test #2756: GeometryIO_GraphIO.WritesEdgeListRoundTripsEdges ................................................................   Passed    0.00 sec
          Start 2757: GeometryIO_GraphIO.WritesEdgeListRoundTripsLabelsAndWeight
1485/1616 Test #2757: GeometryIO_GraphIO.WritesEdgeListRoundTripsLabelsAndWeight ......................................................   Passed    0.00 sec
          Start 2758: GeometryIO_GraphIO.WritesEdgeListEmitsWeightWhenLabelOnly
1486/1616 Test #2758: GeometryIO_GraphIO.WritesEdgeListEmitsWeightWhenLabelOnly .......................................................   Passed    0.00 sec
          Start 2759: GeometryIO_GraphIO.WritesEdgeListSkipsDeletedEdges
1487/1616 Test #2759: GeometryIO_GraphIO.WritesEdgeListSkipsDeletedEdges ..............................................................   Passed    0.00 sec
          Start 2760: GeometryIO_GraphIO.WriteEdgeListRejectsEmptyGraph
1488/1616 Test #2760: GeometryIO_GraphIO.WriteEdgeListRejectsEmptyGraph ...............................................................   Passed    0.00 sec
          Start 2761: GeometryIO_GraphIO.WriteEdgeListRejectsEdgelessGraph
1489/1616 Test #2761: GeometryIO_GraphIO.WriteEdgeListRejectsEdgelessGraph ............................................................   Passed    0.00 sec
          Start 2762: GeometryIO_GraphIO.WriteEdgeListRejectsBadPath
1490/1616 Test #2762: GeometryIO_GraphIO.WriteEdgeListRejectsBadPath ..................................................................   Passed    0.00 sec
          Start 2763: GeometryIO_GraphIO.WriteTGFRejectsNonFiniteVertexPosition
1491/1616 Test #2763: GeometryIO_GraphIO.WriteTGFRejectsNonFiniteVertexPosition .......................................................   Passed    0.00 sec
          Start 2764: GeometryIO_GraphIO.GraphExportersRejectNonFiniteEdgeWeight
1492/1616 Test #2764: GeometryIO_GraphIO.GraphExportersRejectNonFiniteEdgeWeight ......................................................   Passed    0.00 sec
          Start 2765: GeometryProperties.NoRTTI_System
1493/1616 Test #2765: GeometryProperties.NoRTTI_System ................................................................................   Passed    0.00 sec
          Start 2766: SDF_Solver.Sphere_Vs_Sphere
1494/1616 Test #2766: SDF_Solver.Sphere_Vs_Sphere .....................................................................................   Passed    0.00 sec
          Start 2767: SDF_Solver.OBB_Vs_Sphere_Deep
1495/1616 Test #2767: SDF_Solver.OBB_Vs_Sphere_Deep ...................................................................................   Passed    0.00 sec
          Start 2768: SDF_Solver.Capsule_Vs_Box
1496/1616 Test #2768: SDF_Solver.Capsule_Vs_Box .......................................................................................   Passed    0.00 sec
          Start 2769: SDF_Solver.No_Overlap
1497/1616 Test #2769: SDF_Solver.No_Overlap ...........................................................................................   Passed    0.00 sec
          Start 2770: SDF_Solver.Sphere_Vs_Triangle
1498/1616 Test #2770: SDF_Solver.Sphere_Vs_Triangle ...................................................................................   Passed    0.00 sec
          Start 2771: HalfedgeMesh.SingleTriangle_Connectivity
1499/1616 Test #2771: HalfedgeMesh.SingleTriangle_Connectivity ........................................................................   Passed    0.00 sec
          Start 2772: HalfedgeMesh.TwoTriangles_SharedEdge
1500/1616 Test #2772: HalfedgeMesh.TwoTriangles_SharedEdge ............................................................................   Passed    0.00 sec
          Start 2773: HalfedgeMesh.AddFace_RejectsNonBoundaryInsertion
1501/1616 Test #2773: HalfedgeMesh.AddFace_RejectsNonBoundaryInsertion ................................................................   Passed    0.00 sec
          Start 2774: HalfedgeMesh.DeleteFace_ThenGarbageCollect
1502/1616 Test #2774: HalfedgeMesh.DeleteFace_ThenGarbageCollect ......................................................................   Passed    0.00 sec
          Start 2775: GeometryPrimitives.AABB_CommonUtils
1503/1616 Test #2775: GeometryPrimitives.AABB_CommonUtils .............................................................................   Passed    0.00 sec
          Start 2776: GeometryPrimitives.OBB_CommonUtils
1504/1616 Test #2776: GeometryPrimitives.OBB_CommonUtils ..............................................................................   Passed    0.00 sec
          Start 2777: GeometryPrimitives.Plane_CommonUtils
1505/1616 Test #2777: GeometryPrimitives.Plane_CommonUtils ............................................................................   Passed    0.00 sec
          Start 2778: GeometryPrimitives.Segment_And_Triangle_ClosestPoint
1506/1616 Test #2778: GeometryPrimitives.Segment_And_Triangle_ClosestPoint ............................................................   Passed    0.00 sec
          Start 2779: Physics_Contact.EPA_UsesScratchArena_Smoke
1507/1616 Test #2779: Physics_Contact.EPA_UsesScratchArena_Smoke ......................................................................   Passed    0.00 sec
          Start 2780: HtexPatch.BuildPatchMetadataProducesOneEntryPerEdge
1508/1616 Test #2780: HtexPatch.BuildPatchMetadataProducesOneEntryPerEdge .............................................................   Passed    0.00 sec
          Start 2781: HtexPatch.BoundaryEdgesAreFlaggedAndHaveOneIncidentFace
1509/1616 Test #2781: HtexPatch.BoundaryEdgesAreFlaggedAndHaveOneIncidentFace .........................................................   Passed    0.00 sec
          Start 2782: HtexPatch.BuildPatchMetadataRejectsEmptyMesh
1510/1616 Test #2782: HtexPatch.BuildPatchMetadataRejectsEmptyMesh ....................................................................   Passed    0.00 sec
          Start 2783: HtexPatch.TriangleToPatchUVReflectsOrientation
1511/1616 Test #2783: HtexPatch.TriangleToPatchUVReflectsOrientation ..................................................................   Passed    0.00 sec
          Start 2784: HtexPatch.PatchToTriangleUVInvertsPatchOrientation
1512/1616 Test #2784: HtexPatch.PatchToTriangleUVInvertsPatchOrientation ..............................................................   Passed    0.00 sec
          Start 2785: HtexPatch.IsTriangleLocalUVRejectsTexelsOutsideHalfedgeTriangle
1513/1616 Test #2785: HtexPatch.IsTriangleLocalUVRejectsTexelsOutsideHalfedgeTriangle .................................................   Passed    0.00 sec
          Start 2786: HtexPatch.ComputeAtlasLayoutPacksPatchTilesIntoBoundedGrid
1514/1616 Test #2786: HtexPatch.ComputeAtlasLayoutPacksPatchTilesIntoBoundedGrid ......................................................   Passed    0.00 sec
          Start 2787: HtexPatch.BuildPatchMetadataHandlesReversedResolutionBounds
1515/1616 Test #2787: HtexPatch.BuildPatchMetadataHandlesReversedResolutionBounds .....................................................   Passed    0.00 sec
          Start 2788: HtexPatch.BuildHalfedgeTriangleKeepsValidSliverFaces
1516/1616 Test #2788: HtexPatch.BuildHalfedgeTriangleKeepsValidSliverFaces ............................................................   Passed    0.00 sec
          Start 2789: HtexPatch.BuildCategoricalPatchAtlasHandlesValidSliverTriangles
1517/1616 Test #2789: HtexPatch.BuildCategoricalPatchAtlasHandlesValidSliverTriangles .................................................   Passed    0.00 sec
          Start 2790: HtexPatch.BuildCategoricalPatchAtlasEncodesNearestClusterIdsLosslessly
1518/1616 Test #2790: HtexPatch.BuildCategoricalPatchAtlasEncodesNearestClusterIdsLosslessly ..........................................   Passed    0.00 sec
          Start 2791: HtexPatch.BuildCategoricalPatchAtlasRejectsMissingCentroids
1519/1616 Test #2791: HtexPatch.BuildCategoricalPatchAtlasRejectsMissingCentroids .....................................................   Passed    0.00 sec
          Start 2792: SDF_Math.Sphere_AtSurface
1520/1616 Test #2792: SDF_Math.Sphere_AtSurface .......................................................................................   Passed    0.00 sec
          Start 2793: SDF_Math.Sphere_Inside
1521/1616 Test #2793: SDF_Math.Sphere_Inside ..........................................................................................   Passed    0.00 sec
          Start 2794: SDF_Math.Sphere_Outside
1522/1616 Test #2794: SDF_Math.Sphere_Outside .........................................................................................   Passed    0.00 sec
          Start 2795: SDF_Math.AABB_Inside
1523/1616 Test #2795: SDF_Math.AABB_Inside ............................................................................................   Passed    0.00 sec
          Start 2796: SDF_Math.AABB_OnFace
1524/1616 Test #2796: SDF_Math.AABB_OnFace ............................................................................................   Passed    0.00 sec
          Start 2797: SDF_Math.AABB_Outside
1525/1616 Test #2797: SDF_Math.AABB_Outside ...........................................................................................   Passed    0.00 sec
          Start 2798: SDF_Math.Capsule_OnSurface
1526/1616 Test #2798: SDF_Math.Capsule_OnSurface ......................................................................................   Passed    0.00 sec
          Start 2799: SDF_Math.Capsule_Inside
1527/1616 Test #2799: SDF_Math.Capsule_Inside .........................................................................................   Passed    0.00 sec
          Start 2800: SDF_Math.Capsule_DegenerateSegmentFallback
1528/1616 Test #2800: SDF_Math.Capsule_DegenerateSegmentFallback ......................................................................   Passed    0.00 sec
          Start 2801: SDF_Math.Segment_DistanceToMidpoint
1529/1616 Test #2801: SDF_Math.Segment_DistanceToMidpoint .............................................................................   Passed    0.00 sec
          Start 2802: SDF_Math.Segment_DegenerateToPointDistance
1530/1616 Test #2802: SDF_Math.Segment_DegenerateToPointDistance ......................................................................   Passed    0.00 sec
          Start 2803: SDF_Math.Plane_PositiveSide
1531/1616 Test #2803: SDF_Math.Plane_PositiveSide .....................................................................................   Passed    0.00 sec
          Start 2804: SDF_Math.Plane_NegativeSide
1532/1616 Test #2804: SDF_Math.Plane_NegativeSide .....................................................................................   Passed    0.00 sec
          Start 2805: SDF_Math.Triangle_AtVertex
1533/1616 Test #2805: SDF_Math.Triangle_AtVertex ......................................................................................   Passed    0.00 sec
          Start 2806: SDF_Math.Triangle_AboveFace
1534/1616 Test #2806: SDF_Math.Triangle_AboveFace .....................................................................................   Passed    0.00 sec
          Start 2807: SDF_Math.Triangle_DegenerateEdgeFallback
1535/1616 Test #2807: SDF_Math.Triangle_DegenerateEdgeFallback ........................................................................   Passed    0.00 sec
          Start 2808: SDF_Math.Ray_DistancePerpendicular
1536/1616 Test #2808: SDF_Math.Ray_DistancePerpendicular ..............................................................................   Passed    0.00 sec
          Start 2809: SDF_Math.Ray_BehindOrigin
1537/1616 Test #2809: SDF_Math.Ray_BehindOrigin .......................................................................................   Passed    0.00 sec
          Start 2810: SDF_Math.Ray_ZeroDirectionFallsBackToPointDistance
1538/1616 Test #2810: SDF_Math.Ray_ZeroDirectionFallsBackToPointDistance ..............................................................   Passed    0.00 sec
          Start 2811: SDF_Math.Ellipsoid_DegenerateCenterUsesShortestRadius
1539/1616 Test #2811: SDF_Math.Ellipsoid_DegenerateCenterUsesShortestRadius ...........................................................   Passed    0.00 sec
          Start 2812: SDF_Functor.SphereSDF
1540/1616 Test #2812: SDF_Functor.SphereSDF ...........................................................................................   Passed    0.00 sec
          Start 2813: SDF_Functor.AabbSDF
1541/1616 Test #2813: SDF_Functor.AabbSDF .............................................................................................   Passed    0.00 sec
          Start 2814: SDF_Functor.ObbSDF_AxisAligned
1542/1616 Test #2814: SDF_Functor.ObbSDF_AxisAligned ..................................................................................   Passed    0.00 sec
          Start 2815: SDF_Functor.CapsuleSDF
1543/1616 Test #2815: SDF_Functor.CapsuleSDF ..........................................................................................   Passed    0.00 sec
          Start 2816: SDF_Functor.CylinderSDF
1544/1616 Test #2816: SDF_Functor.CylinderSDF .........................................................................................   Passed    0.00 sec
          Start 2817: SDF_Functor.CylinderSDF_Degenerate
1545/1616 Test #2817: SDF_Functor.CylinderSDF_Degenerate ..............................................................................   Passed    0.00 sec
          Start 2818: SDF_Functor.EllipsoidSDF_DegenerateCenterUsesShortestRadius
1546/1616 Test #2818: SDF_Functor.EllipsoidSDF_DegenerateCenterUsesShortestRadius .....................................................   Passed    0.00 sec
          Start 2819: SDF_Functor.TriangleSDF
1547/1616 Test #2819: SDF_Functor.TriangleSDF .........................................................................................   Passed    0.00 sec
          Start 2820: SDF_Functor.PlaneSDF
1548/1616 Test #2820: SDF_Functor.PlaneSDF ............................................................................................   Passed    0.00 sec
          Start 2821: SDF_Functor.SegmentSDF
1549/1616 Test #2821: SDF_Functor.SegmentSDF ..........................................................................................   Passed    0.00 sec
          Start 2822: SDF_Functor.ConvexHullSDF_Inside
1550/1616 Test #2822: SDF_Functor.ConvexHullSDF_Inside ................................................................................   Passed    0.00 sec
          Start 2823: SDF_Functor.ConvexHullSDF_Empty
1551/1616 Test #2823: SDF_Functor.ConvexHullSDF_Empty .................................................................................   Passed    0.00 sec
          Start 2824: SDFContact.CalculateGradient_Sphere
1552/1616 Test #2824: SDFContact.CalculateGradient_Sphere .............................................................................   Passed    0.00 sec
          Start 2825: SDFContact.Contact_TwoOverlappingSpheres
1553/1616 Test #2825: SDFContact.Contact_TwoOverlappingSpheres ........................................................................   Passed    0.00 sec
          Start 2826: SDFContact.Contact_SeparatedSpheres_ReturnsNullopt
1554/1616 Test #2826: SDFContact.Contact_SeparatedSpheres_ReturnsNullopt ..............................................................   Passed    0.00 sec
          Start 2827: SDFContact.Contact_SphereAABB
1555/1616 Test #2827: SDFContact.Contact_SphereAABB ...................................................................................   Passed    0.00 sec
          Start 2828: ContactManifold.SphereSphere_Overlapping
1556/1616 Test #2828: ContactManifold.SphereSphere_Overlapping ........................................................................   Passed    0.00 sec
          Start 2829: ContactManifold.SphereSphere_Separated
1557/1616 Test #2829: ContactManifold.SphereSphere_Separated ..........................................................................   Passed    0.00 sec
          Start 2830: ContactManifold.SphereSphere_Concentric
1558/1616 Test #2830: ContactManifold.SphereSphere_Concentric .........................................................................   Passed    0.00 sec
          Start 2831: ContactManifold.SphereSphere_DiagonalOverlap
1559/1616 Test #2831: ContactManifold.SphereSphere_DiagonalOverlap ....................................................................   Passed    0.00 sec
          Start 2832: ContactManifold.SphereAABB_Overlapping
1560/1616 Test #2832: ContactManifold.SphereAABB_Overlapping ..........................................................................   Passed    0.00 sec
          Start 2833: ContactManifold.SphereAABB_Separated
1561/1616 Test #2833: ContactManifold.SphereAABB_Separated ............................................................................   Passed    0.00 sec
          Start 2834: ContactManifold.SphereAABB_CenterInsideBox
1562/1616 Test #2834: ContactManifold.SphereAABB_CenterInsideBox ......................................................................   Passed    0.00 sec
          Start 2835: ContactManifold.Convention_SphereAABB_SphereAboveBox
1563/1616 Test #2835: ContactManifold.Convention_SphereAABB_SphereAboveBox ............................................................   Passed    0.00 sec
          Start 2836: ContactManifold.Convention_SphereAABB_CenterInsideBox
1564/1616 Test #2836: ContactManifold.Convention_SphereAABB_CenterInsideBox ...........................................................   Passed    0.00 sec
          Start 2837: ContactManifold.Convention_AABBSphere_ReversedDispatch
1565/1616 Test #2837: ContactManifold.Convention_AABBSphere_ReversedDispatch ..........................................................   Passed    0.00 sec
          Start 2838: ContactManifold.Convention_SphereSphere_BothOrders
1566/1616 Test #2838: ContactManifold.Convention_SphereSphere_BothOrders ..............................................................   Passed    0.00 sec
          Start 2839: ContactManifold.Convention_Fallback_SphereOBB_BothOrders
1567/1616 Test #2839: ContactManifold.Convention_Fallback_SphereOBB_BothOrders ........................................................   Passed    0.00 sec
          Start 2840: ContactManifold.Convention_Fallback_CapsuleOBB_BothOrders
1568/1616 Test #2840: ContactManifold.Convention_Fallback_CapsuleOBB_BothOrders .......................................................   Passed    0.00 sec
          Start 2841: ContactManifold.Convention_Fallback_SphereCapsule_BothOrders
1569/1616 Test #2841: ContactManifold.Convention_Fallback_SphereCapsule_BothOrders ....................................................   Passed    0.00 sec
          Start 2842: ContactManifold.AABBSphere_SymmetricDispatch
1570/1616 Test #2842: ContactManifold.AABBSphere_SymmetricDispatch ....................................................................   Passed    0.00 sec
          Start 2843: ContactManifold.ConvexHullSphere_Fallback
1571/1616 Test #2843: ContactManifold.ConvexHullSphere_Fallback .......................................................................   Passed    0.00 sec
          Start 2844: ContactManifold.OBBCapsule_Fallback
1572/1616 Test #2844: ContactManifold.OBBCapsule_Fallback .............................................................................   Passed    0.00 sec
          Start 2845: ContactManifold.CapsuleCapsule_Separated_NoContact
1573/1616 Test #2845: ContactManifold.CapsuleCapsule_Separated_NoContact ..............................................................   Passed    0.00 sec
          Start 2846: ContactManifold.RayCast_Sphere_Hit
1574/1616 Test #2846: ContactManifold.RayCast_Sphere_Hit ..............................................................................   Passed    0.00 sec
          Start 2847: ContactManifold.RayCast_Sphere_Miss
1575/1616 Test #2847: ContactManifold.RayCast_Sphere_Miss .............................................................................   Passed    0.00 sec
          Start 2848: ContactManifold.RayCast_Sphere_CenterOriginHasFiniteFallbackNormal
1576/1616 Test #2848: ContactManifold.RayCast_Sphere_CenterOriginHasFiniteFallbackNormal ..............................................   Passed    0.00 sec
          Start 2849: ContactManifold.RayCast_AABB_Hit
1577/1616 Test #2849: ContactManifold.RayCast_AABB_Hit ................................................................................   Passed    0.00 sec
          Start 2850: ContactManifold.RayCast_AABB_Miss
1578/1616 Test #2850: ContactManifold.RayCast_AABB_Miss ...............................................................................   Passed    0.00 sec
          Start 2851: ContactManifold.RayCast_AABB_OnSlabBoundaryAxisParallel
1579/1616 Test #2851: ContactManifold.RayCast_AABB_OnSlabBoundaryAxisParallel .........................................................   Passed    0.00 sec
          Start 2852: ContactManifold.RayCast_AABB_InsideBox
1580/1616 Test #2852: ContactManifold.RayCast_AABB_InsideBox ..........................................................................   Passed    0.00 sec
          Start 2853: GJK.SphereSphere_Overlapping
1581/1616 Test #2853: GJK.SphereSphere_Overlapping ....................................................................................   Passed    0.00 sec
          Start 2854: GJK.SphereSphere_Separated
1582/1616 Test #2854: GJK.SphereSphere_Separated ......................................................................................   Passed    0.00 sec
          Start 2855: GJK.SphereSphere_Touching
1583/1616 Test #2855: GJK.SphereSphere_Touching .......................................................................................   Passed    0.00 sec
          Start 2856: GJK.SphereSphere_Concentric
1584/1616 Test #2856: GJK.SphereSphere_Concentric .....................................................................................   Passed    0.00 sec
          Start 2857: GJK.SphereAABB_Overlapping
1585/1616 Test #2857: GJK.SphereAABB_Overlapping ......................................................................................   Passed    0.00 sec
          Start 2858: GJK.SphereAABB_Separated
1586/1616 Test #2858: GJK.SphereAABB_Separated ........................................................................................   Passed    0.00 sec
          Start 2859: GJK.AABBAABB_Overlapping
1587/1616 Test #2859: GJK.AABBAABB_Overlapping ........................................................................................   Passed    0.00 sec
          Start 2860: GJK.AABBAABB_Separated
1588/1616 Test #2860: GJK.AABBAABB_Separated ..........................................................................................   Passed    0.00 sec
          Start 2861: GJK.OBBSphere_Overlapping
1589/1616 Test #2861: GJK.OBBSphere_Overlapping .......................................................................................   Passed    0.00 sec
          Start 2862: GJK.CapsuleSphere_Overlapping
1590/1616 Test #2862: GJK.CapsuleSphere_Overlapping ...................................................................................   Passed    0.00 sec
          Start 2863: GJK.CapsuleCapsule_Separated
1591/1616 Test #2863: GJK.CapsuleCapsule_Separated ....................................................................................   Passed    0.00 sec
          Start 2864: GJK.ConvexHullSphere_Overlapping
1592/1616 Test #2864: GJK.ConvexHullSphere_Overlapping ................................................................................   Passed    0.00 sec
          Start 2865: GJK.ConvexHullSphere_Separated
1593/1616 Test #2865: GJK.ConvexHullSphere_Separated ..................................................................................   Passed    0.00 sec
          Start 2866: GJK.Intersection_ReturnsSimplex_WhenOverlapping
1594/1616 Test #2866: GJK.Intersection_ReturnsSimplex_WhenOverlapping .................................................................   Passed    0.00 sec
          Start 2867: GJK.Intersection_ReturnsNullopt_WhenSeparated
1595/1616 Test #2867: GJK.Intersection_ReturnsNullopt_WhenSeparated ...................................................................   Passed    0.00 sec
          Start 2868: GJK.BackCompat_Boolean_Overlapping
1596/1616 Test #2868: GJK.BackCompat_Boolean_Overlapping ..............................................................................   Passed    0.00 sec
          Start 2869: GJK.BackCompat_Intersection_Overlapping
1597/1616 Test #2869: GJK.BackCompat_Intersection_Overlapping .........................................................................   Passed    0.00 sec
          Start 2870: GJK.ConvergesWithinIterationLimit
1598/1616 Test #2870: GJK.ConvergesWithinIterationLimit ...............................................................................   Passed    0.00 sec
          Start 2871: GJK.ScaleInvariance_VerySmallObjects
1599/1616 Test #2871: GJK.ScaleInvariance_VerySmallObjects ............................................................................   Passed    0.00 sec
          Start 2872: GJK.ScaleInvariance_VeryLargeObjects
1600/1616 Test #2872: GJK.ScaleInvariance_VeryLargeObjects ............................................................................   Passed    0.00 sec
          Start 2873: GJK.ScaleInvariance_TinyAABBs
1601/1616 Test #2873: GJK.ScaleInvariance_TinyAABBs ...................................................................................   Passed    0.00 sec
          Start 2874: GJK.ScaleInvariance_HugeAABBs
1602/1616 Test #2874: GJK.ScaleInvariance_HugeAABBs ...................................................................................   Passed    0.00 sec
          Start 2875: GJK.ScaleInvariance_Intersection_TinyOverlap
1603/1616 Test #2875: GJK.ScaleInvariance_Intersection_TinyOverlap ....................................................................   Passed    0.00 sec
          Start 2876: GJK.EPA_ScaleInvariance_TinyPenetration
1604/1616 Test #2876: GJK.EPA_ScaleInvariance_TinyPenetration .........................................................................   Passed    0.00 sec
          Start 2877: GJK.EPA_ScaleInvariance_LargePenetration
1605/1616 Test #2877: GJK.EPA_ScaleInvariance_LargePenetration ........................................................................   Passed    0.00 sec
          Start 2878: GJK.Diagnostics_Converged_OnOverlappingSpheres
1606/1616 Test #2878: GJK.Diagnostics_Converged_OnOverlappingSpheres ..................................................................   Passed    0.00 sec
          Start 2879: GJK.Diagnostics_EarlyOutNegativeSupport_OnSeparatedSpheres
1607/1616 Test #2879: GJK.Diagnostics_EarlyOutNegativeSupport_OnSeparatedSpheres ......................................................   Passed    0.00 sec
          Start 2880: GJK.Diagnostics_EarlyOutNegativeSupport_OnSeparatedAABBs
1608/1616 Test #2880: GJK.Diagnostics_EarlyOutNegativeSupport_OnSeparatedAABBs ........................................................   Passed    0.00 sec
          Start 2881: GJK.Diagnostics_Intersection_Converged_OnOverlap
1609/1616 Test #2881: GJK.Diagnostics_Intersection_Converged_OnOverlap ................................................................   Passed    0.00 sec
          Start 2882: GJK.Diagnostics_Intersection_EarlyOutNegativeSupport_OnSeparated
1610/1616 Test #2882: GJK.Diagnostics_Intersection_EarlyOutNegativeSupport_OnSeparated ................................................   Passed    0.00 sec
          Start 2883: GJK.Diagnostics_DefaultConstructedFieldsAreSane
1611/1616 Test #2883: GJK.Diagnostics_DefaultConstructedFieldsAreSane .................................................................   Passed    0.00 sec
          Start 2884: GJK.Diagnostics_BooleanWrapper_StillMatchesDiagnosticOverload
1612/1616 Test #2884: GJK.Diagnostics_BooleanWrapper_StillMatchesDiagnosticOverload ...................................................   Passed    0.00 sec
          Start 2885: GJK.Diagnostics_ConvergenceBudget_NotExhaustedOnStandardCorpus
1613/1616 Test #2885: GJK.Diagnostics_ConvergenceBudget_NotExhaustedOnStandardCorpus ..................................................   Passed    0.00 sec
          Start 2886: GJK.Parity_BooleanOutcomeAcrossScales
1614/1616 Test #2886: GJK.Parity_BooleanOutcomeAcrossScales ...........................................................................   Passed    0.00 sec
          Start 2887: GJK.Parity_NearTouchingSeparation_PreviouslyFlippedScales
1615/1616 Test #2887: GJK.Parity_NearTouchingSeparation_PreviouslyFlippedScales .......................................................   Passed    0.00 sec
          Start 2888: GJK.Parity_TouchingSpheres_OverlapAcrossScales
1616/1616 Test #2888: GJK.Parity_TouchingSpheres_OverlapAcrossScales ..................................................................   Passed    0.00 sec

100% tests passed, 0 tests failed out of 1616

Label Time Summary:
geometry    =  13.63 sec*proc (1616 tests)
unit        =  13.63 sec*proc (1616 tests)

Total Test time (real) =  14.14 sec
