Internal ctest changing into directory: /home/alex/Documents/IntrinsicEngine/build/ci
Test project /home/alex/Documents/IntrinsicEngine/build/ci
          Start    5: AssetLoadPipeline.EnqueueWithoutRegistryBoundFails
   1/4010 Test    #5: AssetLoadPipeline.EnqueueWithoutRegistryBoundFails ..............................................................   Passed    0.00 sec
          Start    6: AssetLoadPipeline.EnqueueTransitionsUnloadedToReadyInlineWhenNoGpu
   2/4010 Test    #6: AssetLoadPipeline.EnqueueTransitionsUnloadedToReadyInlineWhenNoGpu ..............................................   Passed    0.00 sec
          Start    7: AssetLoadPipeline.EnqueueWithGpuEndsInQueuedGPU
   3/4010 Test    #7: AssetLoadPipeline.EnqueueWithGpuEndsInQueuedGPU .................................................................   Passed    0.00 sec
          Start    8: AssetLoadPipeline.EnqueueFailsWhenAssetNotUnloaded
   4/4010 Test    #8: AssetLoadPipeline.EnqueueFailsWhenAssetNotUnloaded ..............................................................   Passed    0.00 sec
          Start    9: AssetLoadPipeline.OnGpuUploadedMovesFromQueuedGpuToReady
   5/4010 Test    #9: AssetLoadPipeline.OnGpuUploadedMovesFromQueuedGpuToReady ........................................................   Passed    0.00 sec
          Start   10: AssetLoadPipeline.OnGpuUploadedFromWrongStateFails
   6/4010 Test   #10: AssetLoadPipeline.OnGpuUploadedFromWrongStateFails ..............................................................   Passed    0.00 sec
          Start   11: AssetLoadPipeline.OnCpuDecodedWithoutBindFails
   7/4010 Test   #11: AssetLoadPipeline.OnCpuDecodedWithoutBindFails ..................................................................   Passed    0.00 sec
          Start   12: AssetLoadPipeline.OnCpuDecodedForUnknownIdIsNotFound
   8/4010 Test   #12: AssetLoadPipeline.OnCpuDecodedForUnknownIdIsNotFound ............................................................   Passed    0.00 sec
          Start   13: AssetLoadPipeline.DuplicateCpuDecodeForGpuInFlightDoesNotDropUploadStage
   9/4010 Test   #13: AssetLoadPipeline.DuplicateCpuDecodeForGpuInFlightDoesNotDropUploadStage ........................................   Passed    0.00 sec
          Start   14: AssetLoadPipeline.EventBusSeesReadyOnSuccess
  10/4010 Test   #14: AssetLoadPipeline.EventBusSeesReadyOnSuccess ....................................................................   Passed    0.00 sec
          Start   15: AssetLoadPipeline.MarkFailedMovesToFailedAndPublishesEvent
  11/4010 Test   #15: AssetLoadPipeline.MarkFailedMovesToFailedAndPublishesEvent ......................................................   Passed    0.00 sec
          Start   16: AssetLoadPipeline.MarkFailedIsIdempotent
  12/4010 Test   #16: AssetLoadPipeline.MarkFailedIsIdempotent ........................................................................   Passed    0.00 sec
          Start   17: AssetLoadPipeline.PathIsCopiedInRequestAndSurvivesCallerString
  13/4010 Test   #17: AssetLoadPipeline.PathIsCopiedInRequestAndSurvivesCallerString ..................................................   Passed    0.00 sec
          Start   18: AssetLoadPipeline.CancelDropsInFlightEntry
  14/4010 Test   #18: AssetLoadPipeline.CancelDropsInFlightEntry ......................................................................   Passed    0.00 sec
          Start   19: AssetLoadPipeline.CancelOnUnknownIdIsHarmless
  15/4010 Test   #19: AssetLoadPipeline.CancelOnUnknownIdIsHarmless ...................................................................   Passed    0.00 sec
          Start   20: AssetLoadPipeline.StageTrailTracksIoDecodeForGpuPath
  16/4010 Test   #20: AssetLoadPipeline.StageTrailTracksIoDecodeForGpuPath ............................................................   Passed    0.00 sec
          Start   21: AssetLoadPipeline.CompleteGpuFenceFinalizesQueuedGpuAssets
  17/4010 Test   #21: AssetLoadPipeline.CompleteGpuFenceFinalizesQueuedGpuAssets ......................................................   Passed    0.00 sec
          Start   22: AssetLoadPipeline.StageTrailRemainsAvailableAfterCompletion
  18/4010 Test   #22: AssetLoadPipeline.StageTrailRemainsAvailableAfterCompletion .....................................................   Passed    0.00 sec
          Start   23: AssetService.LoadRejectsEmptyPath
  19/4010 Test   #23: AssetService.LoadRejectsEmptyPath ...............................................................................   Passed    0.00 sec
          Start   24: AssetService.LoadReturnsValidIdOnSuccess
  20/4010 Test   #24: AssetService.LoadReturnsValidIdOnSuccess ........................................................................   Passed    0.00 sec
          Start   25: AssetService.CompleteCpuLoadAndFlushEventIgnoresUnrelatedSchedulerWork
  21/4010 Test   #25: AssetService.CompleteCpuLoadAndFlushEventIgnoresUnrelatedSchedulerWork ..........................................   Passed    0.26 sec
          Start   26: AssetService.LoadSamePathReturnsSameId
  22/4010 Test   #26: AssetService.LoadSamePathReturnsSameId ..........................................................................   Passed    0.01 sec
          Start   27: AssetService.LoadSamePathWithDifferentTypeRejected
  23/4010 Test   #27: AssetService.LoadSamePathWithDifferentTypeRejected ..............................................................   Passed    0.01 sec
          Start   28: AssetService.LoadDifferentPathsReturnDistinctIds
  24/4010 Test   #28: AssetService.LoadDifferentPathsReturnDistinctIds ................................................................   Passed    0.01 sec
          Start   29: AssetService.LoaderFailurePropagatesErrorAndMarksFailed
  25/4010 Test   #29: AssetService.LoaderFailurePropagatesErrorAndMarksFailed .........................................................   Passed    0.01 sec
          Start   30: AssetService.ReadReturnsLoadedPayload
  26/4010 Test   #30: AssetService.ReadReturnsLoadedPayload ...........................................................................   Passed    0.00 sec
          Start   31: AssetService.ReadDeadHandleReturnsResourceNotFound
  27/4010 Test   #31: AssetService.ReadDeadHandleReturnsResourceNotFound ..............................................................   Passed    0.00 sec
          Start   32: AssetService.ReadWrongTypeRejected
  28/4010 Test   #32: AssetService.ReadWrongTypeRejected ..............................................................................   Passed    0.00 sec
          Start   33: AssetService.GetMetaReturnsTypeIdAfterLoad
  29/4010 Test   #33: AssetService.GetMetaReturnsTypeIdAfterLoad ......................................................................   Passed    0.00 sec
          Start   34: AssetService.TypeIdOfIsStableAcrossCalls
  30/4010 Test   #34: AssetService.TypeIdOfIsStableAcrossCalls ........................................................................   Passed    0.00 sec
          Start   35: AssetService.GetPathRoundTrip
  31/4010 Test   #35: AssetService.GetPathRoundTrip ...................................................................................   Passed    0.01 sec
          Start   36: AssetService.GetPathUnknownIdIsNotFound
  32/4010 Test   #36: AssetService.GetPathUnknownIdIsNotFound .........................................................................   Passed    0.01 sec
          Start   37: AssetService.ReloadReplacesPayload
  33/4010 Test   #37: AssetService.ReloadReplacesPayload ..............................................................................   Passed    0.01 sec
          Start   38: AssetService.ReloadUnknownIdReturnsNotFound
  34/4010 Test   #38: AssetService.ReloadUnknownIdReturnsNotFound .....................................................................   Passed    0.00 sec
          Start   39: AssetService.ReloadWrongTypeRejected
  35/4010 Test   #39: AssetService.ReloadWrongTypeRejected ............................................................................   Passed    0.00 sec
          Start   40: AssetService.ReloadFailedLoaderLeavesPreviousPayloadIntact
  36/4010 Test   #40: AssetService.ReloadFailedLoaderLeavesPreviousPayloadIntact ......................................................   Passed    0.00 sec
          Start   41: AssetService.ReloadFailurePreservesPayloadTicketAndPublishesNoSuccessEvents
  37/4010 Test   #41: AssetService.ReloadFailurePreservesPayloadTicketAndPublishesNoSuccessEvents .....................................   Passed    0.00 sec
          Start   42: AssetService.ReloadAdvancesPayloadTicketAndQueuesReloadedBeforeReady
  38/4010 Test   #42: AssetService.ReloadAdvancesPayloadTicketAndQueuesReloadedBeforeReady ............................................   Passed    0.00 sec
          Start   43: AssetService.ReloadRejectedFromNonReadyState
  39/4010 Test   #43: AssetService.ReloadRejectedFromNonReadyState ....................................................................   Passed    0.00 sec
          Start   44: AssetService.GetReloadTokenReturnsValidTokenAfterLoad
  40/4010 Test   #44: AssetService.GetReloadTokenReturnsValidTokenAfterLoad ...........................................................   Passed    0.00 sec
          Start   45: AssetService.GetReloadTokenUnknownIdReturnsNotFound
  41/4010 Test   #45: AssetService.GetReloadTokenUnknownIdReturnsNotFound .............................................................   Passed    0.00 sec
          Start   46: AssetService.ParameterlessReloadReinvokesCapturedLoader
  42/4010 Test   #46: AssetService.ParameterlessReloadReinvokesCapturedLoader .........................................................   Passed    0.00 sec
          Start   47: AssetService.ParameterlessReloadOnUnknownIdReturnsNotFound
  43/4010 Test   #47: AssetService.ParameterlessReloadOnUnknownIdReturnsNotFound ......................................................   Passed    0.00 sec
          Start   48: AssetService.ParameterlessReloadFailedLoaderKeepsPreviousPayload
  44/4010 Test   #48: AssetService.ParameterlessReloadFailedLoaderKeepsPreviousPayload ................................................   Passed    0.00 sec
          Start   49: AssetService.ParameterlessReloadQueuesReloadedBeforeReadyAndAdvancesTicket
  45/4010 Test   #49: AssetService.ParameterlessReloadQueuesReloadedBeforeReadyAndAdvancesTicket ......................................   Passed    0.00 sec
          Start   50: AssetService.ParameterlessReloadRejectedFromNonReadyState
  46/4010 Test   #50: AssetService.ParameterlessReloadRejectedFromNonReadyState .......................................................   Passed    0.00 sec
          Start   51: AssetService.DestroyUnregistersCapturedLoader
  47/4010 Test   #51: AssetService.DestroyUnregistersCapturedLoader ...................................................................   Passed    0.00 sec
          Start   52: AssetService.ReloadPublishesReloadedEvent
  48/4010 Test   #52: AssetService.ReloadPublishesReloadedEvent .......................................................................   Passed    0.00 sec
          Start   53: AssetService.ReloadTokenDirectlyInvokableViaRegistry
  49/4010 Test   #53: AssetService.ReloadTokenDirectlyInvokableViaRegistry ............................................................   Passed    0.00 sec
          Start   54: AssetService.DestroyUnknownIdReturnsNotFound
  50/4010 Test   #54: AssetService.DestroyUnknownIdReturnsNotFound ....................................................................   Passed    0.00 sec
          Start   55: AssetService.DestroyRemovesAssetPathPayload
  51/4010 Test   #55: AssetService.DestroyRemovesAssetPathPayload .....................................................................   Passed    0.00 sec
          Start   56: AssetService.DestroyThenLoadSamePathYieldsFreshId
  52/4010 Test   #56: AssetService.DestroyThenLoadSamePathYieldsFreshId ...............................................................   Passed    0.00 sec
          Start   57: AssetService.DestroyFlushesPendingReadyBeforeRetiringPayload
  53/4010 Test   #57: AssetService.DestroyFlushesPendingReadyBeforeRetiringPayload ....................................................   Passed    0.00 sec
          Start   58: AssetService.TickFlushesEventBus
  54/4010 Test   #58: AssetService.TickFlushesEventBus ................................................................................   Passed    0.00 sec
          Start   59: AssetService.FailedLoadLeavesNoGhostAsset
  55/4010 Test   #59: AssetService.FailedLoadLeavesNoGhostAsset .......................................................................   Passed    0.00 sec
          Start   60: FrameGraphParallel.DefaultOverloadStillWorks
  56/4010 Test   #60: FrameGraphParallel.DefaultOverloadStillWorks ....................................................................   Passed    0.00 sec
          Start   61: FrameGraphParallel.TypedReadReadCanRunInParallel
  57/4010 Test   #61: FrameGraphParallel.TypedReadReadCanRunInParallel ................................................................   Passed    0.04 sec
          Start   62: FrameGraphParallel.PriorityAffectsReadyNodeOrdering
  58/4010 Test   #62: FrameGraphParallel.PriorityAffectsReadyNodeOrdering .............................................................   Passed    0.01 sec
          Start   63: FrameGraphParallel.EstimatedCostAffectsCriticalPathTieBreaker
  59/4010 Test   #63: FrameGraphParallel.EstimatedCostAffectsCriticalPathTieBreaker ...................................................   Passed    0.01 sec
          Start   64: FrameGraphParallel.TypedWriteReadMustSerialize
  60/4010 Test   #64: FrameGraphParallel.TypedWriteReadMustSerialize ..................................................................   Passed    0.01 sec
          Start   65: FrameGraphParallel.TypedReadWriteMustSerialize
  61/4010 Test   #65: FrameGraphParallel.TypedReadWriteMustSerialize ..................................................................   Passed    0.01 sec
          Start   66: FrameGraphParallel.StructuralTokenSerializesStructureChanges
  62/4010 Test   #66: FrameGraphParallel.StructuralTokenSerializesStructureChanges ....................................................   Passed    0.00 sec
          Start   67: FrameGraphParallel.CommitTokenOrdersCommitAndExtraction
  63/4010 Test   #67: FrameGraphParallel.CommitTokenOrdersCommitAndExtraction .........................................................   Passed    0.00 sec
          Start   68: FrameGraphParallel.MainThreadOnlyPassRunsOnCallerThread
  64/4010 Test   #68: FrameGraphParallel.MainThreadOnlyPassRunsOnCallerThread .........................................................   Passed    0.02 sec
          Start   69: FrameGraphParallel.GraphLocalCompletionDoesNotWaitForUnrelatedSchedulerWork
  65/4010 Test   #69: FrameGraphParallel.GraphLocalCompletionDoesNotWaitForUnrelatedSchedulerWork .....................................   Passed    0.32 sec
          Start   70: FrameGraphParallel.DeterministicSingleThreadFallbackOrder
  66/4010 Test   #70: FrameGraphParallel.DeterministicSingleThreadFallbackOrder .......................................................   Passed    0.01 sec
          Start   71: CoreTaskGraphStress.OneThousandPassMixedHazardGraphCompilesFast
  67/4010 Test   #71: CoreTaskGraphStress.OneThousandPassMixedHazardGraphCompilesFast .................................................   Passed    0.02 sec
          Start   72: CoreTaskGraphStress.TenThousandIndependentPassesCompileDeterministically
  68/4010 Test   #72: CoreTaskGraphStress.TenThousandIndependentPassesCompileDeterministically ........................................   Passed    0.03 sec
          Start   73: CoreTaskGraphStress.WideGraphExecutesAcrossWorkerThreads
  69/4010 Test   #73: CoreTaskGraphStress.WideGraphExecutesAcrossWorkerThreads ........................................................   Passed    0.02 sec
          Start   74: CoreTaskGraphStress.DeepGraphExecutionRespectsExactDependencyChain
  70/4010 Test   #74: CoreTaskGraphStress.DeepGraphExecutionRespectsExactDependencyChain ..............................................   Passed    0.00 sec
          Start   75: CoreTaskGraphStress.ReusingGraphAcrossEpochsDoesNotGrowRetainedMemory
  71/4010 Test   #75: CoreTaskGraphStress.ReusingGraphAcrossEpochsDoesNotGrowRetainedMemory ...........................................   Passed    0.06 sec
          Start   76: CoreProcess.EmptyExecutableFailsToSpawn
  72/4010 Test   #76: CoreProcess.EmptyExecutableFailsToSpawn .........................................................................   Passed    0.00 sec
          Start   77: CoreProcess.RunTrueReturnsZeroExitCode
  73/4010 Test   #77: CoreProcess.RunTrueReturnsZeroExitCode ..........................................................................   Passed    0.00 sec
          Start   78: CoreProcess.RunFalseReturnsNonZeroExitCode
  74/4010 Test   #78: CoreProcess.RunFalseReturnsNonZeroExitCode ......................................................................   Passed    0.00 sec
          Start   79: CoreProcess.CapturesStdoutAndStderrIndependently
  75/4010 Test   #79: CoreProcess.CapturesStdoutAndStderrIndependently ................................................................   Passed    0.00 sec
          Start   80: CoreProcess.ArgumentsWithSpacesQuotesAndDollarSignsAreLiteral
  76/4010 Test   #80: CoreProcess.ArgumentsWithSpacesQuotesAndDollarSignsAreLiteral ...................................................   Passed    0.00 sec
          Start   81: CoreProcess.CaptureDisabledRoutesOutputToDevNull
  77/4010 Test   #81: CoreProcess.CaptureDisabledRoutesOutputToDevNull ................................................................   Passed    0.00 sec
          Start   82: CoreProcess.TimeoutWithoutCaptureKillsProcess
  78/4010 Test   #82: CoreProcess.TimeoutWithoutCaptureKillsProcess ...................................................................   Passed    0.21 sec
          Start   83: CoreProcess.TimeoutWithCapturePreservesPartialOutput
  79/4010 Test   #83: CoreProcess.TimeoutWithCapturePreservesPartialOutput ............................................................   Passed    0.52 sec
          Start   84: CoreProcess.WorkingDirectoryIsRespected
  80/4010 Test   #84: CoreProcess.WorkingDirectoryIsRespected .........................................................................   Passed    0.01 sec
          Start   85: CoreProcess.IsExecutableAvailableReportsPresence
  81/4010 Test   #85: CoreProcess.IsExecutableAvailableReportsPresence ................................................................   Passed    0.06 sec
          Start   86: CoreProcess.SignalKilledProcessReturns128PlusSignal
  82/4010 Test   #86: CoreProcess.SignalKilledProcessReturns128PlusSignal .............................................................   Passed    0.01 sec
          Start   87: CoreProcess.LargeOutputIsCapturedFully
  83/4010 Test   #87: CoreProcess.LargeOutputIsCapturedFully ..........................................................................   Passed    0.01 sec
          Start   88: GraphicsGpuWorld.Smoke_AllocateUploadSyncShutdown
  84/4010 Test   #88: GraphicsGpuWorld.Smoke_AllocateUploadSyncShutdown ...............................................................   Passed    0.01 sec
          Start   89: GraphicsGpuWorld.GeometryRebindSubmitsUploadBarriersBeforeNextConsumers
  85/4010 Test   #89: GraphicsGpuWorld.GeometryRebindSubmitsUploadBarriersBeforeNextConsumers .........................................   Passed    0.01 sec
          Start   90: GraphicsGpuWorld.GeometryUploadPublishesOptionalVertexColorStreamBda
  86/4010 Test   #90: GraphicsGpuWorld.GeometryUploadPublishesOptionalVertexColorStreamBda ............................................   Passed    0.01 sec
          Start   91: GraphicsGpuWorld.GeometryUpload_UsesVertexUnitsForOffsets
  87/4010 Test   #91: GraphicsGpuWorld.GeometryUpload_UsesVertexUnitsForOffsets .......................................................   Passed    0.00 sec
          Start   92: GraphicsGpuWorld.FreeGeometry_InvalidatesLiveInstanceGeometrySlots
  88/4010 Test   #92: GraphicsGpuWorld.FreeGeometry_InvalidatesLiveInstanceGeometrySlots ..............................................   Passed    0.01 sec
          Start   93: GraphicsCullingSystem.Smoke_InitializeBucketsAndDispatchPath
  89/4010 Test   #93: GraphicsCullingSystem.Smoke_InitializeBucketsAndDispatchPath ....................................................   Passed    0.01 sec
          Start   94: GraphicsCullingSystem.TeleportSnapshotTreatsCandidatesAsPhase1Visible
  90/4010 Test   #94: GraphicsCullingSystem.TeleportSnapshotTreatsCandidatesAsPhase1Visible ...........................................   Passed    0.01 sec
          Start   95: GraphicsRenderGraph.EmptyGraphCompiles
  91/4010 Test   #95: GraphicsRenderGraph.EmptyGraphCompiles ..........................................................................   Passed    0.01 sec
          Start   96: GraphicsRenderGraph.ResetClearsPasses
  92/4010 Test   #96: GraphicsRenderGraph.ResetClearsPasses ...........................................................................   Passed    0.01 sec
          Start   97: GraphicsRenderGraph.ImportBackbufferReturnsValidTextureRef
  93/4010 Test   #97: GraphicsRenderGraph.ImportBackbufferReturnsValidTextureRef ......................................................   Passed    0.01 sec
          Start   98: GraphicsRenderGraph.ImportedTextureIsNotAliasEligible
  94/4010 Test   #98: GraphicsRenderGraph.ImportedTextureIsNotAliasEligible ...........................................................   Passed    0.01 sec
          Start   99: GraphicsRenderGraph.TransientTextureStartsUndefined
  95/4010 Test   #99: GraphicsRenderGraph.TransientTextureStartsUndefined .............................................................   Passed    0.00 sec
          Start  100: GraphicsRenderGraph.InvalidGenerationFailsValidation
  96/4010 Test  #100: GraphicsRenderGraph.InvalidGenerationFailsValidation ............................................................   Passed    0.00 sec
          Start  101: GraphicsRenderGraph.DuplicateDebugNamesAreAllowed
  97/4010 Test  #101: GraphicsRenderGraph.DuplicateDebugNamesAreAllowed ...............................................................   Passed    0.01 sec
          Start  102: GraphicsRenderGraph.PassWithDeclaredReadCompiles
  98/4010 Test  #102: GraphicsRenderGraph.PassWithDeclaredReadCompiles ................................................................   Passed    0.01 sec
          Start  103: GraphicsRenderGraph.PassWithDeclaredWriteCompiles
  99/4010 Test  #103: GraphicsRenderGraph.PassWithDeclaredWriteCompiles ...............................................................   Passed    0.01 sec
          Start  104: GraphicsRenderGraph.InvalidResourceRefFailsCompile
 100/4010 Test  #104: GraphicsRenderGraph.InvalidResourceRefFailsCompile ..............................................................   Passed    0.01 sec
          Start  105: GraphicsRenderGraph.CannotWriteReadOnlyImportedTexture
 101/4010 Test  #105: GraphicsRenderGraph.CannotWriteReadOnlyImportedTexture ..........................................................   Passed    0.00 sec
          Start  106: GraphicsRenderGraph.SideEffectPassIsNotCulled
 102/4010 Test  #106: GraphicsRenderGraph.SideEffectPassIsNotCulled ...................................................................   Passed    0.00 sec
          Start  107: GraphicsRenderGraph.WriteThenReadCreatesDependency
 103/4010 Test  #107: GraphicsRenderGraph.WriteThenReadCreatesDependency ..............................................................   Passed    0.00 sec
          Start  108: GraphicsRenderGraph.ReadThenWriteCreatesDependency
 104/4010 Test  #108: GraphicsRenderGraph.ReadThenWriteCreatesDependency ..............................................................   Passed    0.00 sec
          Start  109: GraphicsRenderGraph.WriteThenWriteCreatesDependency
 105/4010 Test  #109: GraphicsRenderGraph.WriteThenWriteCreatesDependency .............................................................   Passed    0.00 sec
          Start  110: GraphicsRenderGraph.CrossQueueReadReadAddsQueueHandoffPlaceholderEdge
 106/4010 Test  #110: GraphicsRenderGraph.CrossQueueReadReadAddsQueueHandoffPlaceholderEdge ...........................................   Passed    0.00 sec
          Start  111: GraphicsRenderGraph.ExplicitDependencyOrdersIndependentPasses
 107/4010 Test  #111: GraphicsRenderGraph.ExplicitDependencyOrdersIndependentPasses ...................................................   Passed    0.00 sec
          Start  112: GraphicsRenderGraph.IndependentSideEffectPassesCompileInDeterministicOrder
 108/4010 Test  #112: GraphicsRenderGraph.IndependentSideEffectPassesCompileInDeterministicOrder ......................................   Passed    0.00 sec
          Start  113: GraphicsRenderGraph.InvalidExplicitDependencyFailsCompile
 109/4010 Test  #113: GraphicsRenderGraph.InvalidExplicitDependencyFailsCompile .......................................................   Passed    0.00 sec
          Start  114: GraphicsRenderGraph.DependencyCycleReportsPassNamesInDiagnostic
 110/4010 Test  #114: GraphicsRenderGraph.DependencyCycleReportsPassNamesInDiagnostic .................................................   Passed    0.00 sec
          Start  115: GraphicsRenderGraph.TransientLifetimesUseTopologicalExecutionOrder
 111/4010 Test  #115: GraphicsRenderGraph.TransientLifetimesUseTopologicalExecutionOrder ..............................................   Passed    0.00 sec
          Start  116: GraphicsRenderGraph.AliasReuseBarriersUseTopologicalPassIndex
 112/4010 Test  #116: GraphicsRenderGraph.AliasReuseBarriersUseTopologicalPassIndex ...................................................   Passed    0.00 sec
          Start  117: GraphicsRenderGraph.InvalidPresentTargetFailsValidation
 113/4010 Test  #117: GraphicsRenderGraph.InvalidPresentTargetFailsValidation .........................................................   Passed    0.00 sec
          Start  118: GraphicsRenderGraph.PresentOnImportedBackbufferCompiles
 114/4010 Test  #118: GraphicsRenderGraph.PresentOnImportedBackbufferCompiles .........................................................   Passed    0.00 sec
          Start  119: GraphicsRenderGraph.UnusedTransientProducerIsCulled
 115/4010 Test  #119: GraphicsRenderGraph.UnusedTransientProducerIsCulled .............................................................   Passed    0.00 sec
          Start  120: GraphicsRenderGraph.PresentChainKeepsProducerPasses
 116/4010 Test  #120: GraphicsRenderGraph.PresentChainKeepsProducerPasses .............................................................   Passed    0.00 sec
          Start  121: GraphicsRenderGraph.SelectionOutlineReadDependenciesOrderAfterDepthAndGBuffer
 117/4010 Test  #121: GraphicsRenderGraph.SelectionOutlineReadDependenciesOrderAfterDepthAndGBuffer ...................................   Passed    0.00 sec
          Start  122: GraphicsRenderGraph.ImportedResourceWriterIsNotCulled
 118/4010 Test  #122: GraphicsRenderGraph.ImportedResourceWriterIsNotCulled ...........................................................   Passed    0.00 sec
          Start  123: GraphicsRenderGraph.ImportedBufferHandleIsPreservedAcrossCompileAndReset
 119/4010 Test  #123: GraphicsRenderGraph.ImportedBufferHandleIsPreservedAcrossCompileAndReset ........................................   Passed    0.00 sec
          Start  124: GraphicsRenderGraph.ImportedBuffersNeverAliasTransientBuffers
 120/4010 Test  #124: GraphicsRenderGraph.ImportedBuffersNeverAliasTransientBuffers ...................................................   Passed    0.00 sec
          Start  125: GraphicsRenderGraph.LifetimeFirstAndLastUseTracksPassIndices
 121/4010 Test  #125: GraphicsRenderGraph.LifetimeFirstAndLastUseTracksPassIndices ....................................................   Passed    0.00 sec
          Start  126: GraphicsRenderGraph.BarriersTransitionFromUndefinedToColorWriteThenShaderRead
 122/4010 Test  #126: GraphicsRenderGraph.BarriersTransitionFromUndefinedToColorWriteThenShaderRead ...................................   Passed    0.00 sec
          Start  127: GraphicsRenderGraph.ImportedBufferUsesInitialStateForFirstBarrier
 123/4010 Test  #127: GraphicsRenderGraph.ImportedBufferUsesInitialStateForFirstBarrier ...............................................   Passed    0.00 sec
          Start  128: GraphicsRenderGraph.ImportedIndirectBufferTransitionsFromShaderWriteToIndirectRead
 124/4010 Test  #128: GraphicsRenderGraph.ImportedIndirectBufferTransitionsFromShaderWriteToIndirectRead ..............................   Passed    0.00 sec
          Start  129: GraphicsRenderGraph.DepthWriteThenDepthReadEmitsTransition
 125/4010 Test  #129: GraphicsRenderGraph.DepthWriteThenDepthReadEmitsTransition ......................................................   Passed    0.00 sec
          Start  130: GraphicsRenderGraph.TransferDstThenShaderReadEmitsTransition
 126/4010 Test  #130: GraphicsRenderGraph.TransferDstThenShaderReadEmitsTransition ....................................................   Passed    0.00 sec
          Start  131: GraphicsRenderGraph.ImportedBackbufferFinalStateTransitionsToPresent
 127/4010 Test  #131: GraphicsRenderGraph.ImportedBackbufferFinalStateTransitionsToPresent ............................................   Passed    0.00 sec
          Start  132: GraphicsRenderGraph.RepeatedShaderReadsDoNotEmitRedundantBarrier
 128/4010 Test  #132: GraphicsRenderGraph.RepeatedShaderReadsDoNotEmitRedundantBarrier ................................................   Passed    0.00 sec
          Start  133: GraphicsRenderGraph.ExecuteEmptyGraphSucceeds
 129/4010 Test  #133: GraphicsRenderGraph.ExecuteEmptyGraphSucceeds ...................................................................   Passed    0.00 sec
          Start  134: GraphicsRenderGraph.ExecutePresentChainRecordsPassOrderAndBarriers
 130/4010 Test  #134: GraphicsRenderGraph.ExecutePresentChainRecordsPassOrderAndBarriers ..............................................   Passed    0.00 sec
          Start  135: GraphicsRenderGraph.ExecuteInterleavesBarriersWithPassesAndEmitsFinalBarrierLast
 131/4010 Test  #135: GraphicsRenderGraph.ExecuteInterleavesBarriersWithPassesAndEmitsFinalBarrierLast ................................   Passed    0.00 sec
          Start  136: GraphicsRenderGraph.ExecuteFailsWhenBarrierReferencesInvalidResource
 132/4010 Test  #136: GraphicsRenderGraph.ExecuteFailsWhenBarrierReferencesInvalidResource ............................................   Passed    0.00 sec
          Start  137: GraphicsRenderGraph.ExecuteFailsWhenResolveRequestsUndeclaredTexture
 133/4010 Test  #137: GraphicsRenderGraph.ExecuteFailsWhenResolveRequestsUndeclaredTexture ............................................   Passed    0.00 sec
          Start  138: GraphicsRenderGraph.DebugDumpContainsPassOrderAndResourceSections
 134/4010 Test  #138: GraphicsRenderGraph.DebugDumpContainsPassOrderAndResourceSections ...............................................   Passed    0.00 sec
          Start  139: GraphicsRenderGraph.TransientResourcesAllocateHandlesForUsedVirtualResources
 135/4010 Test  #139: GraphicsRenderGraph.TransientResourcesAllocateHandlesForUsedVirtualResources ....................................   Passed    0.00 sec
          Start  140: GraphicsRenderGraph.TransientPlacementReportsNaivePeakAndAliasHazards
 136/4010 Test  #140: GraphicsRenderGraph.TransientPlacementReportsNaivePeakAndAliasHazards ...........................................   Passed    0.00 sec
          Start  141: GraphicsRenderGraph.TransientPlacementAliasingDisabledEqualsNaiveAndOmitsHazards
 137/4010 Test  #141: GraphicsRenderGraph.TransientPlacementAliasingDisabledEqualsNaiveAndOmitsHazards ................................   Passed    0.00 sec
          Start  142: GraphicsRenderGraph.TransientPlacementDoesNotOverlapLiveRanges
 138/4010 Test  #142: GraphicsRenderGraph.TransientPlacementDoesNotOverlapLiveRanges ..................................................   Passed    0.00 sec
          Start  143: GraphicsRenderGraph.TransientPlacementIsDeterministicForFixedGraph
 139/4010 Test  #143: GraphicsRenderGraph.TransientPlacementIsDeterministicForFixedGraph ..............................................   Passed    0.00 sec
          Start  144: GraphicsRenderGraph.TransientAllocatorReusesCompatibleHandlesAcrossFrames
 140/4010 Test  #144: GraphicsRenderGraph.TransientAllocatorReusesCompatibleHandlesAcrossFrames .......................................   Passed    0.00 sec
          Start  145: GraphicsRenderGraph.ImportedResourcesNeverCountAsTransientAllocations
 141/4010 Test  #145: GraphicsRenderGraph.ImportedResourcesNeverCountAsTransientAllocations ...........................................   Passed    0.00 sec
          Start  146: GraphicsRenderGraph.IncompatibleTransientDescriptorAllocatesNewHandle
 142/4010 Test  #146: GraphicsRenderGraph.IncompatibleTransientDescriptorAllocatesNewHandle ...........................................   Passed    0.00 sec
          Start  147: GraphicsRenderGraph.NonOverlappingCompatibleTransientTexturesAliasWithinFrame
 143/4010 Test  #147: GraphicsRenderGraph.NonOverlappingCompatibleTransientTexturesAliasWithinFrame ...................................   Passed    0.00 sec
          Start  148: GraphicsRenderGraph.OverlappingCompatibleTransientTexturesDoNotAlias
 144/4010 Test  #148: GraphicsRenderGraph.OverlappingCompatibleTransientTexturesDoNotAlias ............................................   Passed    0.00 sec
          Start  149: GraphicsRenderGraph.NonCompatibleTransientTexturesDoNotAliasEvenWhenNonOverlapping
 145/4010 Test  #149: GraphicsRenderGraph.NonCompatibleTransientTexturesDoNotAliasEvenWhenNonOverlapping ..............................   Passed    0.00 sec
          Start  150: GraphicsRenderGraph.ImportedTextureNeverAliasesTransientTexture
 146/4010 Test  #150: GraphicsRenderGraph.ImportedTextureNeverAliasesTransientTexture .................................................   Passed    0.00 sec
          Start  151: GraphicsRenderGraph.TransientAliasingTogglePreservesLogicalPassOrderAndBarriers
 147/4010 Test  #151: GraphicsRenderGraph.TransientAliasingTogglePreservesLogicalPassOrderAndBarriers .................................   Passed    0.00 sec
          Start  152: GraphicsRenderer.NullRendererExecutesRenderGraphPath
 148/4010 Test  #152: GraphicsRenderer.NullRendererExecutesRenderGraphPath ............................................................   Passed    0.08 sec
          Start  153: GraphicsRenderer.NullRendererReusesCompiledGraphForSteadyStateFrames
 149/4010 Test  #153: GraphicsRenderer.NullRendererReusesCompiledGraphForSteadyStateFrames ............................................   Passed    0.08 sec
          Start  154: GraphicsRenderer.NullRendererRecompilesOnFeatureAndSizingChangesAndRebindsImports
 150/4010 Test  #154: GraphicsRenderer.NullRendererRecompilesOnFeatureAndSizingChangesAndRebindsImports ...............................   Passed    0.11 sec
          Start  155: GraphicsRenderer.NullRendererCachedDebugDumpMatchesInitialCompileWhenEnabled
 151/4010 Test  #155: GraphicsRenderer.NullRendererCachedDebugDumpMatchesInitialCompileWhenEnabled ....................................   Passed    0.07 sec
          Start  156: GraphicsRenderer.NullRendererForwardDebugDumpContainsCanonicalPassesAndDataflowOrder
 152/4010 Test  #156: GraphicsRenderer.NullRendererForwardDebugDumpContainsCanonicalPassesAndDataflowOrder ............................   Passed    0.06 sec
          Start  157: GraphicsRenderer.NullRendererDeferredDebugDumpPlacesCompositionBetweenSurfaceAndLine
 153/4010 Test  #157: GraphicsRenderer.NullRendererDeferredDebugDumpPlacesCompositionBetweenSurfaceAndLine ............................   Passed    0.06 sec
          Start  158: GraphicsRenderer.NullRendererEnablesDebugChainWhenRequested
 154/4010 Test  #158: GraphicsRenderer.NullRendererEnablesDebugChainWhenRequested .....................................................   Passed    0.07 sec
          Start  159: GraphicsRenderer.NullRendererAddsPickingPassWhenPickIsPending
 155/4010 Test  #159: GraphicsRenderer.NullRendererAddsPickingPassWhenPickIsPending ...................................................   Passed    0.07 sec
          Start  160: GraphicsRenderer.NullRendererExecuteFrameRequiresPreparePhase
 156/4010 Test  #160: GraphicsRenderer.NullRendererExecuteFrameRequiresPreparePhase ...................................................   Passed    0.03 sec
          Start  161: GraphicsRenderer.NullRendererPrepareBeforeExtractPreventsExecute
 157/4010 Test  #161: GraphicsRenderer.NullRendererPrepareBeforeExtractPreventsExecute ................................................   Passed    0.03 sec
          Start  162: CoreIndexedHeap.PopsInNonDecreasingKeyOrder
 158/4010 Test  #162: CoreIndexedHeap.PopsInNonDecreasingKeyOrder .....................................................................   Passed    0.00 sec
          Start  163: CoreIndexedHeap.DeterministicTieBreakByValue
 159/4010 Test  #163: CoreIndexedHeap.DeterministicTieBreakByValue ....................................................................   Passed    0.00 sec
          Start  164: CoreIndexedHeap.DuplicatePushRejected
 160/4010 Test  #164: CoreIndexedHeap.DuplicatePushRejected ...........................................................................   Passed    0.00 sec
          Start  165: CoreIndexedHeap.DecreaseKeySurfacesValue
 161/4010 Test  #165: CoreIndexedHeap.DecreaseKeySurfacesValue ........................................................................   Passed    0.00 sec
          Start  166: CoreIndexedHeap.DecreaseKeyRejectsIncrease
 162/4010 Test  #166: CoreIndexedHeap.DecreaseKeyRejectsIncrease ......................................................................   Passed    0.00 sec
          Start  167: CoreIndexedHeap.RemoveInteriorMatchesHeapWithoutValue
 163/4010 Test  #167: CoreIndexedHeap.RemoveInteriorMatchesHeapWithoutValue ...........................................................   Passed    0.00 sec
          Start  168: CoreIndexedHeap.RandomizedParityWithSortedReference
 164/4010 Test  #168: CoreIndexedHeap.RandomizedParityWithSortedReference .............................................................   Passed    0.00 sec
          Start  169: CoreIndexedHeap.RandomizedOperationParityWithBruteForceReference
 165/4010 Test  #169: CoreIndexedHeap.RandomizedOperationParityWithBruteForceReference ................................................   Passed    0.00 sec
          Start  170: CoreIndexedHeap.FailClosedOnEmpty
 166/4010 Test  #170: CoreIndexedHeap.FailClosedOnEmpty ...............................................................................   Passed    0.00 sec
          Start  171: CoreError.ErrorCodeToStringCoversAllCodes
 167/4010 Test  #171: CoreError.ErrorCodeToStringCoversAllCodes .......................................................................   Passed    0.00 sec
          Start  172: CoreError.UnknownCodeMapsToUnknown
 168/4010 Test  #172: CoreError.UnknownCodeMapsToUnknown ..............................................................................   Passed    0.00 sec
          Start  173: CoreError.OkCreatesSuccessValue
 169/4010 Test  #173: CoreError.OkCreatesSuccessValue .................................................................................   Passed    0.00 sec
          Start  174: CoreError.ErrCreatesErrorValue
 170/4010 Test  #174: CoreError.ErrCreatesErrorValue ..................................................................................   Passed    0.00 sec
          Start  175: CoreError.ResultOkIsSuccess
 171/4010 Test  #175: CoreError.ResultOkIsSuccess .....................................................................................   Passed    0.00 sec
          Start  176: CoreError.ResultErrIsError
 172/4010 Test  #176: CoreError.ResultErrIsError ......................................................................................   Passed    0.00 sec
          Start  177: CoreError.MonadicAndThenChaining
 173/4010 Test  #177: CoreError.MonadicAndThenChaining ................................................................................   Passed    0.00 sec
          Start  178: CoreError.MonadicTransform
 174/4010 Test  #178: CoreError.MonadicTransform ......................................................................................   Passed    0.00 sec
          Start  179: CoreError.MonadicOrElse
 175/4010 Test  #179: CoreError.MonadicOrElse .........................................................................................   Passed    0.00 sec
          Start  180: CoreError.ErrorCodeCategories
 176/4010 Test  #180: CoreError.ErrorCodeCategories ...................................................................................   Passed    0.00 sec
          Start  181: LogRingBuffer.InitiallyEmpty
 177/4010 Test  #181: LogRingBuffer.InitiallyEmpty ....................................................................................   Passed    0.00 sec
          Start  182: LogRingBuffer.SingleEntry
 178/4010 Test  #182: LogRingBuffer.SingleEntry .......................................................................................   Passed    0.00 sec
          Start  183: LogRingBuffer.MultipleLevels
 179/4010 Test  #183: LogRingBuffer.MultipleLevels ....................................................................................   Passed    0.00 sec
          Start  184: LogRingBuffer.ChronologicalOrder
 180/4010 Test  #184: LogRingBuffer.ChronologicalOrder ................................................................................   Passed    0.00 sec
          Start  185: LogRingBuffer.ClearResetsEntriesButNotSequence
 181/4010 Test  #185: LogRingBuffer.ClearResetsEntriesButNotSequence ..................................................................   Passed    0.00 sec
          Start  186: LogRingBuffer.SequenceMonotonicallyIncreases
 182/4010 Test  #186: LogRingBuffer.SequenceMonotonicallyIncreases ....................................................................   Passed    0.00 sec
          Start  187: LogRingBuffer.SnapshotSequenceMatchesAtomicSequence
 183/4010 Test  #187: LogRingBuffer.SnapshotSequenceMatchesAtomicSequence .............................................................   Passed    0.00 sec
          Start  188: LogRingBuffer.OverwritesOldestWhenFull
 184/4010 Test  #188: LogRingBuffer.OverwritesOldestWhenFull ..........................................................................   Passed    0.00 sec
          Start  189: LogRingBuffer.DebugLevelCaptured
 185/4010 Test  #189: LogRingBuffer.DebugLevelCaptured ................................................................................   Passed    0.00 sec
          Start  190: ECSSceneRegistry.CreatedEntityIsValid
 186/4010 Test  #190: ECSSceneRegistry.CreatedEntityIsValid ...........................................................................   Passed    0.00 sec
          Start  191: ECSSceneRegistry.DestroyedEntityIsInvalid
 187/4010 Test  #191: ECSSceneRegistry.DestroyedEntityIsInvalid .......................................................................   Passed    0.00 sec
          Start  192: ECSSceneRegistry.DistinctCreatesProduceDistinctHandles
 188/4010 Test  #192: ECSSceneRegistry.DistinctCreatesProduceDistinctHandles ..........................................................   Passed    0.00 sec
          Start  193: ECSSceneRegistry.ClearInvalidatesAllEntities
 189/4010 Test  #193: ECSSceneRegistry.ClearInvalidatesAllEntities ....................................................................   Passed    0.00 sec
          Start  194: ECSSceneRegistry.RawAccessorExposesEnttRegistryForComponents
 190/4010 Test  #194: ECSSceneRegistry.RawAccessorExposesEnttRegistryForComponents ....................................................   Passed    0.00 sec
          Start  195: ECSSceneRegistry.RawConstAccessorIsReadOnly
 191/4010 Test  #195: ECSSceneRegistry.RawConstAccessorIsReadOnly .....................................................................   Passed    0.00 sec
          Start  196: ECSSceneRegistry.InvalidHandleIsNotValid
 192/4010 Test  #196: ECSSceneRegistry.InvalidHandleIsNotValid ........................................................................   Passed    0.00 sec
          Start  197: ECSSceneBootstrap.CreateDefaultEmplacesAllPromotedDefaults
 193/4010 Test  #197: ECSSceneBootstrap.CreateDefaultEmplacesAllPromotedDefaults ......................................................   Passed    0.00 sec
          Start  198: ECSSceneBootstrap.CreateDefaultStoresProvidedEntityName
 194/4010 Test  #198: ECSSceneBootstrap.CreateDefaultStoresProvidedEntityName .........................................................   Passed    0.00 sec
          Start  199: ECSSceneBootstrap.CreateDefaultInitializesIdentityTransformAndWorldMatrix
 195/4010 Test  #199: ECSSceneBootstrap.CreateDefaultInitializesIdentityTransformAndWorldMatrix .......................................   Passed    0.00 sec
          Start  200: ECSSceneBootstrap.CreateDefaultLeavesHierarchyDetached
 196/4010 Test  #200: ECSSceneBootstrap.CreateDefaultLeavesHierarchyDetached ..........................................................   Passed    0.00 sec
          Start  201: ECSSceneBootstrap.CreateDefaultDoesNotEmplaceDirtyTransformTags
 197/4010 Test  #201: ECSSceneBootstrap.CreateDefaultDoesNotEmplaceDirtyTransformTags .................................................   Passed    0.00 sec
          Start  202: ECSSceneBootstrap.EmplaceDefaultsOnPreCreatedEntityMatchesCreateDefault
 198/4010 Test  #202: ECSSceneBootstrap.EmplaceDefaultsOnPreCreatedEntityMatchesCreateDefault .........................................   Passed    0.00 sec
          Start  203: ECSSceneBootstrap.DistinctCreateDefaultsProduceDistinctHandlesAndStorage
 199/4010 Test  #203: ECSSceneBootstrap.DistinctCreateDefaultsProduceDistinctHandlesAndStorage ........................................   Passed    0.00 sec
          Start  204: ECSSceneBootstrap.DestroyRemovesAllBootstrapComponents
 200/4010 Test  #204: ECSSceneBootstrap.DestroyRemovesAllBootstrapComponents ..........................................................   Passed    0.00 sec
          Start  205: ECSSceneBootstrap.ClearInvalidatesAllBootstrappedEntities
 201/4010 Test  #205: ECSSceneBootstrap.ClearInvalidatesAllBootstrappedEntities .......................................................   Passed    0.00 sec
          Start  206: ECSHierarchy.AttachSetsParentChildPointersAndChildCount
 202/4010 Test  #206: ECSHierarchy.AttachSetsParentChildPointersAndChildCount .........................................................   Passed    0.00 sec
          Start  207: ECSHierarchy.AttachIsHeadInsertionAndLinksOldHeadAsNextSibling
 203/4010 Test  #207: ECSHierarchy.AttachIsHeadInsertionAndLinksOldHeadAsNextSibling ..................................................   Passed    0.00 sec
          Start  208: ECSHierarchy.DetachClearsLinksAndDecrementsChildCount
 204/4010 Test  #208: ECSHierarchy.DetachClearsLinksAndDecrementsChildCount ...........................................................   Passed    0.00 sec
          Start  209: ECSHierarchy.DetachMiddleSiblingPreservesChainIntegrity
 205/4010 Test  #209: ECSHierarchy.DetachMiddleSiblingPreservesChainIntegrity .........................................................   Passed    0.00 sec
          Start  210: ECSHierarchy.AttachToInvalidHandleIsNoOp
 206/4010 Test  #210: ECSHierarchy.AttachToInvalidHandleIsNoOp ........................................................................   Passed    0.00 sec
          Start  211: ECSHierarchy.AttachSelfRejected
 207/4010 Test  #211: ECSHierarchy.AttachSelfRejected .................................................................................   Passed    0.00 sec
          Start  212: ECSHierarchy.AttachCycleRejected
 208/4010 Test  #212: ECSHierarchy.AttachCycleRejected ................................................................................   Passed    0.00 sec
          Start  213: ECSHierarchy.AttachToSameParentIsIdempotent
 209/4010 Test  #213: ECSHierarchy.AttachToSameParentIsIdempotent .....................................................................   Passed    0.00 sec
          Start  214: ECSHierarchy.ReparentMovesChildBetweenParents
 210/4010 Test  #214: ECSHierarchy.ReparentMovesChildBetweenParents ...................................................................   Passed    0.00 sec
          Start  215: ECSHierarchy.ReparentingPreservesChildWorldPosition
 211/4010 Test  #215: ECSHierarchy.ReparentingPreservesChildWorldPosition .............................................................   Passed    0.00 sec
          Start  216: ECSHierarchy.ReparentingWithSingularParentResetsLocalToIdentity
 212/4010 Test  #216: ECSHierarchy.ReparentingWithSingularParentResetsLocalToIdentity .................................................   Passed    0.00 sec
          Start  217: ECSHierarchy.AttachMarksChildDirtyEvenWhenParentTransformNotReady
 213/4010 Test  #217: ECSHierarchy.AttachMarksChildDirtyEvenWhenParentTransformNotReady ...............................................   Passed    0.00 sec
          Start  218: ECSHierarchy.StructureValidateInvariantsHoldsForLinkedChildren
 214/4010 Test  #218: ECSHierarchy.StructureValidateInvariantsHoldsForLinkedChildren ..................................................   Passed    0.00 sec
          Start  219: ECSHierarchy.IsDescendantWalksAncestryChain
 215/4010 Test  #219: ECSHierarchy.IsDescendantWalksAncestryChain .....................................................................   Passed    0.00 sec
          Start  220: ECSHierarchy.CollectQueriesPreserveOrderLeafSemanticsAndDeterminism
 216/4010 Test  #220: ECSHierarchy.CollectQueriesPreserveOrderLeafSemanticsAndDeterminism .............................................   Passed    0.00 sec
          Start  221: ECSHierarchy.CollectQueriesRejectInvalidDanglingAndMissingDataWithoutPrefixes
 217/4010 Test  #221: ECSHierarchy.CollectQueriesRejectInvalidDanglingAndMissingDataWithoutPrefixes ...................................   Passed    0.00 sec
          Start  222: ECSHierarchy.CollectChildrenRejectsParentBacklinkAndCountCorruption
 218/4010 Test  #222: ECSHierarchy.CollectChildrenRejectsParentBacklinkAndCountCorruption .............................................   Passed    0.00 sec
          Start  223: ECSHierarchy.CollectQueriesRejectDuplicateLinksAndHierarchyCycles
 219/4010 Test  #223: ECSHierarchy.CollectQueriesRejectDuplicateLinksAndHierarchyCycles ...............................................   Passed    0.00 sec
          Start  224: ECSHierarchy.CollectQueriesFailClosedWhenTraversalLimitIsExceeded
 220/4010 Test  #224: ECSHierarchy.CollectQueriesFailClosedWhenTraversalLimitIsExceeded ...............................................   Passed    0.07 sec
          Start  225: ECSTransformHierarchy.RootDirtyEntityGetsWorldMatrixFromLocal
 221/4010 Test  #225: ECSTransformHierarchy.RootDirtyEntityGetsWorldMatrixFromLocal ...................................................   Passed    0.00 sec
          Start  226: ECSTransformHierarchy.NonDirtyRootIsSkipped
 222/4010 Test  #226: ECSTransformHierarchy.NonDirtyRootIsSkipped .....................................................................   Passed    0.00 sec
          Start  227: ECSTransformHierarchy.ChildWorldComposesParentTimesLocal
 223/4010 Test  #227: ECSTransformHierarchy.ChildWorldComposesParentTimesLocal ........................................................   Passed    0.00 sec
          Start  228: ECSTransformHierarchy.ParentDirtyPropagatesToCleanChild
 224/4010 Test  #228: ECSTransformHierarchy.ParentDirtyPropagatesToCleanChild .........................................................   Passed    0.00 sec
          Start  229: ECSTransformHierarchy.CleanSubtreeIsLeftAlone
 225/4010 Test  #229: ECSTransformHierarchy.CleanSubtreeIsLeftAlone ...................................................................   Passed    0.00 sec
          Start  230: ECSTransformHierarchy.OnUpdateDoesNotEmitGpuSyncDirtyTransform
 226/4010 Test  #230: ECSTransformHierarchy.OnUpdateDoesNotEmitGpuSyncDirtyTransform ..................................................   Passed    0.00 sec
          Start  231: ECSTransformHierarchy.EntityWithoutTransformIsIgnored
 227/4010 Test  #231: ECSTransformHierarchy.EntityWithoutTransformIsIgnored ...........................................................   Passed    0.00 sec
          Start  232: ECSBoundsPropagation.TranslatedRootProducesWorldBounds
 228/4010 Test  #232: ECSBoundsPropagation.TranslatedRootProducesWorldBounds ..........................................................   Passed    0.00 sec
          Start  233: ECSBoundsPropagation.NonUniformScaleStretchesExtentsPerAxis
 229/4010 Test  #233: ECSBoundsPropagation.NonUniformScaleStretchesExtentsPerAxis .....................................................   Passed    0.00 sec
          Start  234: ECSBoundsPropagation.ShearedWorldMatrixUsesTransformedAabbSphereInPureAndSystemPaths
 230/4010 Test  #234: ECSBoundsPropagation.ShearedWorldMatrixUsesTransformedAabbSphereInPureAndSystemPaths ............................   Passed    0.00 sec
          Start  235: ECSBoundsPropagation.RotationIsEmbeddedInWorldObb
 231/4010 Test  #235: ECSBoundsPropagation.RotationIsEmbeddedInWorldObb ...............................................................   Passed    0.00 sec
          Start  236: ECSBoundsPropagation.EntityWithoutWorldUpdatedTagIsSkipped
 232/4010 Test  #236: ECSBoundsPropagation.EntityWithoutWorldUpdatedTagIsSkipped ......................................................   Passed    0.00 sec
          Start  237: ECSBoundsPropagation.MissingLocalBoundsIsCountedAsSkipped
 233/4010 Test  #237: ECSBoundsPropagation.MissingLocalBoundsIsCountedAsSkipped .......................................................   Passed    0.00 sec
          Start  238: ECSBoundsPropagation.NonFiniteWorldMatrixIsCountedAndDoesNotOverwrite
 234/4010 Test  #238: ECSBoundsPropagation.NonFiniteWorldMatrixIsCountedAndDoesNotOverwrite ...........................................   Passed    0.00 sec
          Start  239: ECSBoundsPropagation.HierarchyChildInheritsParentTransformInWorldBounds
 235/4010 Test  #239: ECSBoundsPropagation.HierarchyChildInheritsParentTransformInWorldBounds .........................................   Passed    0.00 sec
          Start  240: ECSBoundsPropagation.FrameGraphRegistersAfterTransformHierarchy
 236/4010 Test  #240: ECSBoundsPropagation.FrameGraphRegistersAfterTransformHierarchy .................................................   Passed    0.00 sec
          Start  241: ECSColliderAuthoring.DescriptorsAreCpuOnlyValueTypes
 237/4010 Test  #241: ECSColliderAuthoring.DescriptorsAreCpuOnlyValueTypes ............................................................   Passed    0.00 sec
          Start  242: ECSColliderAuthoring.DefaultColliderIsEmptyButEnabled
 238/4010 Test  #242: ECSColliderAuthoring.DefaultColliderIsEmptyButEnabled ...........................................................   Passed    0.00 sec
          Start  243: ECSColliderAuthoring.SphereDescriptorStoresLocalPoseMaterialFilterAndTriggerDefaults
 239/4010 Test  #243: ECSColliderAuthoring.SphereDescriptorStoresLocalPoseMaterialFilterAndTriggerDefaults ............................   Passed    0.00 sec
          Start  244: ECSColliderAuthoring.CapsuleAndBoxDescriptorsRepresentFirstPhasePrimitives
 240/4010 Test  #244: ECSColliderAuthoring.CapsuleAndBoxDescriptorsRepresentFirstPhasePrimitives ......................................   Passed    0.00 sec
          Start  245: ECSColliderAuthoring.CompoundColliderUsesExplicitChildShapeLocalPoses
 241/4010 Test  #245: ECSColliderAuthoring.CompoundColliderUsesExplicitChildShapeLocalPoses ...........................................   Passed    0.00 sec
          Start  246: ECSColliderAuthoring.InvalidShapeDiagnosticsRejectBadDescriptors
 242/4010 Test  #246: ECSColliderAuthoring.InvalidShapeDiagnosticsRejectBadDescriptors ................................................   Passed    0.00 sec
          Start  247: ECSRigidBodyAuthoring.DefaultsDescribeExplicitStaticBodyIntent
 243/4010 Test  #247: ECSRigidBodyAuthoring.DefaultsDescribeExplicitStaticBodyIntent ..................................................   Passed    0.00 sec
          Start  248: ECSRigidBodyAuthoring.StaticKinematicAndDynamicHelpersSetMotionPolicies
 244/4010 Test  #248: ECSRigidBodyAuthoring.StaticKinematicAndDynamicHelpersSetMotionPolicies .........................................   Passed    0.00 sec
          Start  249: ECSRigidBodyAuthoring.InvalidBodyDiagnosticsRejectBadMassAndState
 245/4010 Test  #249: ECSRigidBodyAuthoring.InvalidBodyDiagnosticsRejectBadMassAndState ...............................................   Passed    0.00 sec
          Start  250: ECSRigidBodyAuthoring.ComponentCombinationsAreClassifiedWithoutRuntimeState
 246/4010 Test  #250: ECSRigidBodyAuthoring.ComponentCombinationsAreClassifiedWithoutRuntimeState .....................................   Passed    0.00 sec
          Start  251: ECSRenderSync.ForwardsWorldUpdatedTagToDirtyTransformAndClearsSource
 247/4010 Test  #251: ECSRenderSync.ForwardsWorldUpdatedTagToDirtyTransformAndClearsSource ............................................   Passed    0.00 sec
          Start  252: ECSRenderSync.IsNoOpWhenNoWorldUpdatedTagsArePresent
 248/4010 Test  #252: ECSRenderSync.IsNoOpWhenNoWorldUpdatedTagsArePresent ............................................................   Passed    0.00 sec
          Start  253: ECSRenderSync.RefreshesExistingDirtyTransformWithoutDuplicating
 249/4010 Test  #253: ECSRenderSync.RefreshesExistingDirtyTransformWithoutDuplicating .................................................   Passed    0.00 sec
          Start  254: ECSRenderSync.LeavesDirtyTransformOnEntitiesWithoutWorldUpdatedTag
 250/4010 Test  #254: ECSRenderSync.LeavesDirtyTransformOnEntitiesWithoutWorldUpdatedTag ..............................................   Passed    0.00 sec
          Start  255: ECSRenderSync.AccumulatesStatsAcrossMultipleEntities
 251/4010 Test  #255: ECSRenderSync.AccumulatesStatsAcrossMultipleEntities ............................................................   Passed    0.00 sec
          Start  256: ECSRenderSync.FrameGraphPipelineForwardsTagsAfterTransformAndBoundsPasses
 252/4010 Test  #256: ECSRenderSync.FrameGraphPipelineForwardsTagsAfterTransformAndBoundsPasses .......................................   Passed    0.00 sec
          Start  257: ECSEvents.SelectionChangedDefaultsToInvalidEntityHandle
 253/4010 Test  #257: ECSEvents.SelectionChangedDefaultsToInvalidEntityHandle .........................................................   Passed    0.00 sec
          Start  258: ECSEvents.SelectionChangedStoresProvidedEntity
 254/4010 Test  #258: ECSEvents.SelectionChangedStoresProvidedEntity ..................................................................   Passed    0.00 sec
          Start  259: ECSEvents.HoverChangedDefaultsToInvalidEntityHandle
 255/4010 Test  #259: ECSEvents.HoverChangedDefaultsToInvalidEntityHandle .............................................................   Passed    0.00 sec
          Start  260: ECSEvents.HoverChangedStoresProvidedEntity
 256/4010 Test  #260: ECSEvents.HoverChangedStoresProvidedEntity ......................................................................   Passed    0.00 sec
          Start  261: ECSEvents.EntitySpawnedDefaultsToInvalidEntityHandle
 257/4010 Test  #261: ECSEvents.EntitySpawnedDefaultsToInvalidEntityHandle ............................................................   Passed    0.00 sec
          Start  262: ECSEvents.EntitySpawnedStoresProvidedEntity
 258/4010 Test  #262: ECSEvents.EntitySpawnedStoresProvidedEntity .....................................................................   Passed    0.00 sec
          Start  263: ECSEvents.GeometryModifiedDefaultsToInvalidEntityHandle
 259/4010 Test  #263: ECSEvents.GeometryModifiedDefaultsToInvalidEntityHandle .........................................................   Passed    0.00 sec
          Start  264: ECSEvents.GeometryModifiedStoresProvidedEntity
 260/4010 Test  #264: ECSEvents.GeometryModifiedStoresProvidedEntity ..................................................................   Passed    0.00 sec
          Start  265: ECSEvents.AllPromotedEventsAreTriviallyCopyable
 261/4010 Test  #265: ECSEvents.AllPromotedEventsAreTriviallyCopyable .................................................................   Passed    0.00 sec
          Start  266: ECSEvents.DistinctEntitiesProduceDistinctSelectionChangedPayloads
 262/4010 Test  #266: ECSEvents.DistinctEntitiesProduceDistinctSelectionChangedPayloads ...............................................   Passed    0.00 sec
          Start  267: ECSGeometryDirtyDomains.MarkVertexPositionsDirtyStampsOnlyThatTag
 263/4010 Test  #267: ECSGeometryDirtyDomains.MarkVertexPositionsDirtyStampsOnlyThatTag ...............................................   Passed    0.00 sec
          Start  268: ECSGeometryDirtyDomains.MarkVertexAttributesDirtyStampsOnlyThatTag
 264/4010 Test  #268: ECSGeometryDirtyDomains.MarkVertexAttributesDirtyStampsOnlyThatTag ..............................................   Passed    0.00 sec
          Start  269: ECSGeometryDirtyDomains.MarkVertexTexcoordsDirtyStampsOnlyThatTag
 265/4010 Test  #269: ECSGeometryDirtyDomains.MarkVertexTexcoordsDirtyStampsOnlyThatTag ...............................................   Passed    0.00 sec
          Start  270: ECSGeometryDirtyDomains.MarkVertexNormalsDirtyStampsOnlyThatTag
 266/4010 Test  #270: ECSGeometryDirtyDomains.MarkVertexNormalsDirtyStampsOnlyThatTag .................................................   Passed    0.00 sec
          Start  271: ECSGeometryDirtyDomains.MarkVertexColorsDirtyStampsOnlyThatTag
 267/4010 Test  #271: ECSGeometryDirtyDomains.MarkVertexColorsDirtyStampsOnlyThatTag ..................................................   Passed    0.00 sec
          Start  272: ECSGeometryDirtyDomains.MarkEdgeTopologyDirtyStampsOnlyThatTag
 268/4010 Test  #272: ECSGeometryDirtyDomains.MarkEdgeTopologyDirtyStampsOnlyThatTag ..................................................   Passed    0.00 sec
          Start  273: ECSGeometryDirtyDomains.MarkFaceTopologyDirtyStampsOnlyThatTag
 269/4010 Test  #273: ECSGeometryDirtyDomains.MarkFaceTopologyDirtyStampsOnlyThatTag ..................................................   Passed    0.00 sec
          Start  274: ECSGeometryDirtyDomains.MarkGpuDirtyStampsOnlyThatTag
 270/4010 Test  #274: ECSGeometryDirtyDomains.MarkGpuDirtyStampsOnlyThatTag ...........................................................   Passed    0.00 sec
          Start  275: ECSGeometryDirtyDomains.StampingHelpersAreIdempotent
 271/4010 Test  #275: ECSGeometryDirtyDomains.StampingHelpersAreIdempotent ............................................................   Passed    0.00 sec
          Start  276: ECSGeometryDirtyDomains.DirtyDomainsCoexistIndependentlyOnSameEntity
 272/4010 Test  #276: ECSGeometryDirtyDomains.DirtyDomainsCoexistIndependentlyOnSameEntity ............................................   Passed    0.00 sec
          Start  277: ECSGeometryDirtyDomains.StampingOneEntityDoesNotAffectOthers
 273/4010 Test  #277: ECSGeometryDirtyDomains.StampingOneEntityDoesNotAffectOthers ....................................................   Passed    0.00 sec
          Start  278: ECSGeometryDirtyDomains.ConsumerCanDrainTagsAfterStamping
 274/4010 Test  #278: ECSGeometryDirtyDomains.ConsumerCanDrainTagsAfterStamping .......................................................   Passed    0.00 sec
          Start  279: ECSGeometrySourcesPopulate.PopulateFromMeshEmplacesAllFourDomains
 275/4010 Test  #279: ECSGeometrySourcesPopulate.PopulateFromMeshEmplacesAllFourDomains ...............................................   Passed    0.00 sec
          Start  280: ECSGeometrySourcesPopulate.PopulateFromMeshWritesCanonicalKeysAndPositions
 276/4010 Test  #280: ECSGeometrySourcesPopulate.PopulateFromMeshWritesCanonicalKeysAndPositions ......................................   Passed    0.00 sec
          Start  281: ECSGeometrySourcesPopulate.PopulateFromMeshAliveCountsMatchSourceMesh
 277/4010 Test  #281: ECSGeometrySourcesPopulate.PopulateFromMeshAliveCountsMatchSourceMesh ...........................................   Passed    0.00 sec
          Start  282: ECSGeometrySourcesPopulate.PopulateFromMeshCopiesUserDefinedVertexProperty
 278/4010 Test  #282: ECSGeometrySourcesPopulate.PopulateFromMeshCopiesUserDefinedVertexProperty ......................................   Passed    0.00 sec
          Start  283: ECSGeometrySourcesPopulate.PopulateFromMeshYieldsMeshDomain
 279/4010 Test  #283: ECSGeometrySourcesPopulate.PopulateFromMeshYieldsMeshDomain .....................................................   Passed    0.00 sec
          Start  284: ECSGeometrySourcesPopulate.MeshAvailabilitySeparatesProvenanceFromSourceCapabilities
 280/4010 Test  #284: ECSGeometrySourcesPopulate.MeshAvailabilitySeparatesProvenanceFromSourceCapabilities ............................   Passed    0.00 sec
          Start  285: ECSGeometrySourcesPopulate.PopulateFromGraphEmplacesNodesAndEdges
 281/4010 Test  #285: ECSGeometrySourcesPopulate.PopulateFromGraphEmplacesNodesAndEdges ...............................................   Passed    0.00 sec
          Start  286: ECSGeometrySourcesPopulate.PopulateFromGraphWritesCanonicalKeysAndPositions
 282/4010 Test  #286: ECSGeometrySourcesPopulate.PopulateFromGraphWritesCanonicalKeysAndPositions .....................................   Passed    0.00 sec
          Start  287: ECSGeometrySourcesPopulate.PopulateFromGraphYieldsGraphDomain
 283/4010 Test  #287: ECSGeometrySourcesPopulate.PopulateFromGraphYieldsGraphDomain ...................................................   Passed    0.00 sec
          Start  288: ECSGeometrySourcesPopulate.GraphAvailabilityReportsNodesAndEdgesWithoutHalfedgeSource
 284/4010 Test  #288: ECSGeometrySourcesPopulate.GraphAvailabilityReportsNodesAndEdgesWithoutHalfedgeSource ...........................   Passed    0.00 sec
          Start  289: ECSGeometrySourcesPopulate.PopulateFromCloudEmplacesOnlyVertices
 285/4010 Test  #289: ECSGeometrySourcesPopulate.PopulateFromCloudEmplacesOnlyVertices ................................................   Passed    0.00 sec
          Start  290: ECSGeometrySourcesPopulate.PopulateFromCloudWritesCanonicalPositionsAndNormals
 286/4010 Test  #290: ECSGeometrySourcesPopulate.PopulateFromCloudWritesCanonicalPositionsAndNormals ..................................   Passed    0.00 sec
          Start  291: ECSGeometrySourcesPopulate.PopulateFromCloudSkipsNormalsWhenSourceLacksThem
 287/4010 Test  #291: ECSGeometrySourcesPopulate.PopulateFromCloudSkipsNormalsWhenSourceLacksThem .....................................   Passed    0.00 sec
          Start  292: ECSGeometrySourcesPopulate.PopulateFromCloudYieldsPointCloudDomain
 288/4010 Test  #292: ECSGeometrySourcesPopulate.PopulateFromCloudYieldsPointCloudDomain ..............................................   Passed    0.00 sec
          Start  293: ECSGeometrySourcesPopulate.PointCloudAvailabilityReportsVertexPointSource
 289/4010 Test  #293: ECSGeometrySourcesPopulate.PointCloudAvailabilityReportsVertexPointSource .......................................   Passed    0.00 sec
          Start  294: ECSGeometrySourcesPopulate.PartialMeshMarkedEntityKeepsMeshProvenanceWithoutMissingSources
 290/4010 Test  #294: ECSGeometrySourcesPopulate.PartialMeshMarkedEntityKeepsMeshProvenanceWithoutMissingSources ......................   Passed    0.00 sec
          Start  295: ECSGeometrySourcesPopulate.ECSComponentSurvivesSourceMeshDestruction
 291/4010 Test  #295: ECSGeometrySourcesPopulate.ECSComponentSurvivesSourceMeshDestruction ............................................   Passed    0.00 sec
          Start  296: ECSGeometrySourcesPopulate.MeshToCloudRePopulationDropsMeshTopology
 292/4010 Test  #296: ECSGeometrySourcesPopulate.MeshToCloudRePopulationDropsMeshTopology .............................................   Passed    0.00 sec
          Start  297: ECSGeometrySourcesPopulate.GraphToCloudRePopulationDropsGraphState
 293/4010 Test  #297: ECSGeometrySourcesPopulate.GraphToCloudRePopulationDropsGraphState ..............................................   Passed    0.00 sec
          Start  298: ECSGeometrySourcesPopulate.MeshToGraphRePopulationDropsMeshFacesAndHalfedges
 294/4010 Test  #298: ECSGeometrySourcesPopulate.MeshToGraphRePopulationDropsMeshFacesAndHalfedges ....................................   Passed    0.00 sec
          Start  299: ECSGeometrySourcesPopulate.CloudToMeshRePopulationProducesMeshDomain
 295/4010 Test  #299: ECSGeometrySourcesPopulate.CloudToMeshRePopulationProducesMeshDomain ............................................   Passed    0.00 sec
          Start  300: ECSStableIdentity.DefaultConstructedEqualsInvalidSentinel
 296/4010 Test  #300: ECSStableIdentity.DefaultConstructedEqualsInvalidSentinel .......................................................   Passed    0.00 sec
          Start  301: ECSStableIdentity.InvalidSentinelHasBothHalvesZero
 297/4010 Test  #301: ECSStableIdentity.InvalidSentinelHasBothHalvesZero ..............................................................   Passed    0.00 sec
          Start  302: ECSStableIdentity.IsValidIsFalseOnlyForSentinel
 298/4010 Test  #302: ECSStableIdentity.IsValidIsFalseOnlyForSentinel .................................................................   Passed    0.00 sec
          Start  303: ECSStableIdentity.EqualityComparesBothHalves
 299/4010 Test  #303: ECSStableIdentity.EqualityComparesBothHalves ....................................................................   Passed    0.00 sec
          Start  304: ECSStableIdentity.ThreeWayComparesHighThenLow
 300/4010 Test  #304: ECSStableIdentity.ThreeWayComparesHighThenLow ...................................................................   Passed    0.00 sec
          Start  305: ECSStableIdentity.StableIdHashDistinguishesSwappedHalves
 301/4010 Test  #305: ECSStableIdentity.StableIdHashDistinguishesSwappedHalves ........................................................   Passed    0.00 sec
          Start  306: ECSStableIdentity.StableIdHashOfInvalidSentinelDoesNotCollideWithCommonValues
 302/4010 Test  #306: ECSStableIdentity.StableIdHashOfInvalidSentinelDoesNotCollideWithCommonValues ...................................   Passed    0.00 sec
          Start  307: ECSStableIdentity.StableIdHashIsUsableWithUnorderedMapAcrossModuleBoundary
 303/4010 Test  #307: ECSStableIdentity.StableIdHashIsUsableWithUnorderedMapAcrossModuleBoundary ......................................   Passed    0.00 sec
          Start  308: ECSStableIdentity.StableIdIsTriviallyCopyableAndStandardLayout
 304/4010 Test  #308: ECSStableIdentity.StableIdIsTriviallyCopyableAndStandardLayout ..................................................   Passed    0.00 sec
          Start  309: EcsLayeringBoundaries.EcsSourcesDoNotImportHigherLayerModules
 305/4010 Test  #309: EcsLayeringBoundaries.EcsSourcesDoNotImportHigherLayerModules ...................................................   Passed    0.00 sec
          Start  310: EcsLayeringBoundaries.EcsComponentsRejectProhibitedRuntimeAndSolverState
 306/4010 Test  #310: EcsLayeringBoundaries.EcsComponentsRejectProhibitedRuntimeAndSolverState ........................................   Passed    0.00 sec
          Start  311: EcsLayeringBoundaries.AssetInstanceComponentRemainsCpuStableIdOnly
 307/4010 Test  #311: EcsLayeringBoundaries.AssetInstanceComponentRemainsCpuStableIdOnly ..............................................   Passed    0.00 sec
          Start  312: EcsLayeringBoundaries.ColliderComponentRejectsSolverStateAndExposesDescriptors
 308/4010 Test  #312: EcsLayeringBoundaries.ColliderComponentRejectsSolverStateAndExposesDescriptors ..................................   Passed    0.00 sec
          Start  313: EcsLayeringBoundaries.RigidBodyComponentRejectsSolverAndRuntimeState
 309/4010 Test  #313: EcsLayeringBoundaries.RigidBodyComponentRejectsSolverAndRuntimeState ............................................   Passed    0.00 sec
          Start  314: EcsLayeringBoundaries.StableIdPayloadStaysCpuOnly
 310/4010 Test  #314: EcsLayeringBoundaries.StableIdPayloadStaysCpuOnly ...............................................................   Passed    0.00 sec
          Start  315: EcsLayeringBoundaries.SceneHierarchyDoesNotEncodeColliderTopology
 311/4010 Test  #315: EcsLayeringBoundaries.SceneHierarchyDoesNotEncodeColliderTopology ...............................................   Passed    0.00 sec
          Start  316: CoreGraphInterfaces.TaskPlanGraphAcceptsNeutralTasks
 312/4010 Test  #316: CoreGraphInterfaces.TaskPlanGraphAcceptsNeutralTasks ............................................................   Passed    0.00 sec
          Start  317: CoreGraphInterfaces.TaskPlanGraphRejectsInvalidTaskId
 313/4010 Test  #317: CoreGraphInterfaces.TaskPlanGraphRejectsInvalidTaskId ...........................................................   Passed    0.00 sec
          Start  318: CoreGraphInterfaces.TaskPlanGraphBuildsTopologicalPlan
 314/4010 Test  #318: CoreGraphInterfaces.TaskPlanGraphBuildsTopologicalPlan ..........................................................   Passed    0.00 sec
          Start  319: CoreGraphInterfaces.TaskPlanGraphResetClearsSubmittedTasks
 315/4010 Test  #319: CoreGraphInterfaces.TaskPlanGraphResetClearsSubmittedTasks ......................................................   Passed    0.00 sec
          Start  320: GpuAssetCacheFallbackBootstrap.NullDeviceLeavesFallbackUnreadyDeterministically
 316/4010 Test  #320: GpuAssetCacheFallbackBootstrap.NullDeviceLeavesFallbackUnreadyDeterministically .................................   Passed    0.07 sec
          Start  321: GpuAssetCacheFallbackBootstrap.ReInitializeRebootstrapsExactlyOnce
 317/4010 Test  #321: GpuAssetCacheFallbackBootstrap.ReInitializeRebootstrapsExactlyOnce ..............................................   Passed    0.10 sec
          Start  322: GpuResultReadbackJob.BatchParksAndReleasesDependentAfterExactConsumption
 318/4010 Test  #322: GpuResultReadbackJob.BatchParksAndReleasesDependentAfterExactConsumption ........................................   Passed    0.02 sec
          Start  323: GpuResultReadbackJob.WorldCancellationCancelsPendingTransportBatch
 319/4010 Test  #323: GpuResultReadbackJob.WorldCancellationCancelsPendingTransportBatch ..............................................   Passed    0.01 sec
          Start  324: RuntimeAssetIngestStateMachine.AcceptsManualDropAndReimportSources
 320/4010 Test  #324: RuntimeAssetIngestStateMachine.AcceptsManualDropAndReimportSources ..............................................   Passed    0.00 sec
          Start  325: RuntimeAssetIngestStateMachine.RejectsInvalidSubmissionInputsAsFailedRecords
 321/4010 Test  #325: RuntimeAssetIngestStateMachine.RejectsInvalidSubmissionInputsAsFailedRecords ....................................   Passed    0.00 sec
          Start  326: RuntimeAssetIngestStateMachine.SuppressesDuplicateActiveRequestsUntilTerminal
 322/4010 Test  #326: RuntimeAssetIngestStateMachine.SuppressesDuplicateActiveRequestsUntilTerminal ...................................   Passed    0.00 sec
          Start  327: RuntimeAssetIngestStateMachine.QueueSnapshotReportsStagesProgressAndTimestamps
 323/4010 Test  #327: RuntimeAssetIngestStateMachine.QueueSnapshotReportsStagesProgressAndTimestamps ..................................   Passed    0.00 sec
          Start  328: RuntimeAssetIngestStateMachine.QueueSnapshotReportsFailedCancelledAndClearCompleted
 324/4010 Test  #328: RuntimeAssetIngestStateMachine.QueueSnapshotReportsFailedCancelledAndClearCompleted .............................   Passed    0.01 sec
          Start  329: RuntimeAssetIngestStateMachine.MapsRouteDiagnosticsToFailureTaxonomy
 325/4010 Test  #329: RuntimeAssetIngestStateMachine.MapsRouteDiagnosticsToFailureTaxonomy ............................................   Passed    0.00 sec
          Start  330: RuntimeAssetIngestStateMachine.RecordsDecodeCallbackApplyAndMissingFileFailures
 326/4010 Test  #330: RuntimeAssetIngestStateMachine.RecordsDecodeCallbackApplyAndMissingFileFailures .................................   Passed    0.00 sec
          Start  331: RuntimeAssetIngestStateMachine.CancellationAndStaleCompletionsDoNotMutateRecords
 327/4010 Test  #331: RuntimeAssetIngestStateMachine.CancellationAndStaleCompletionsDoNotMutateRecords ................................   Passed    0.00 sec
          Start  332: RuntimeAssetIngestStateMachine.RejectsInvalidTransitionsAndUnknownHandles
 328/4010 Test  #332: RuntimeAssetIngestStateMachine.RejectsInvalidTransitionsAndUnknownHandles .......................................   Passed    0.00 sec
          Start  333: RuntimeAssetImportRecipe.RequiresAnExplicitVisiblePayloadRoute
 329/4010 Test  #333: RuntimeAssetImportRecipe.RequiresAnExplicitVisiblePayloadRoute ..................................................   Passed    0.00 sec
          Start  334: RuntimeAssetImportRecipe.ReimportIdentityMustMatchTheRecipeSource
 330/4010 Test  #334: RuntimeAssetImportRecipe.ReimportIdentityMustMatchTheRecipeSource ...............................................   Passed    0.00 sec
          Start  335: RuntimeAssetImportRecipe.StageTraceAcceptsOnlyTheNamedOrder
 331/4010 Test  #335: RuntimeAssetImportRecipe.StageTraceAcceptsOnlyTheNamedOrder .....................................................   Passed    0.01 sec
          Start  336: RuntimeAssetImportRecipe.StageTraceFailsClosedForMalformedOrStaleResults
 332/4010 Test  #336: RuntimeAssetImportRecipe.StageTraceFailsClosedForMalformedOrStaleResults ........................................   Passed    0.01 sec
          Start  337: RuntimeAssetImportRecipe.CompleteStageCanReportAWorkflowFailure
 333/4010 Test  #337: RuntimeAssetImportRecipe.CompleteStageCanReportAWorkflowFailure .................................................   Passed    0.00 sec
          Start  338: RuntimeAssetImportFormatCoverage.DirectObjImportPreservesVertexNormalsInGeometrySources
 334/4010 Test  #338: RuntimeAssetImportFormatCoverage.DirectObjImportPreservesVertexNormalsInGeometrySources .........................   Passed    0.04 sec
          Start  339: RuntimeAssetImportFormatCoverage.DirectMeshEnrichmentCloseDrainsSmallGeneratedGrid
 335/4010 Test  #339: RuntimeAssetImportFormatCoverage.DirectMeshEnrichmentCloseDrainsSmallGeneratedGrid ..............................   Passed    0.08 sec
          Start  340: RuntimeAssetImportFormatCoverage.DirectObjImportDefaultsToMaterialDrivenShading
 336/4010 Test  #340: RuntimeAssetImportFormatCoverage.DirectObjImportDefaultsToMaterialDrivenShading .................................   Passed    0.04 sec
          Start  341: RuntimeAssetImportFormatCoverage.AssetImportRecipeDefaultsDescribeCanonicalPolicies
 337/4010 Test  #341: RuntimeAssetImportFormatCoverage.AssetImportRecipeDefaultsDescribeCanonicalPolicies .............................   Passed    0.00 sec
          Start  342: RuntimeAssetImportFormatCoverage.DefaultImportPoliciesApplyAuthoringUxAndPostProcess
 338/4010 Test  #342: RuntimeAssetImportFormatCoverage.DefaultImportPoliciesApplyAuthoringUxAndPostProcess ............................   Passed    0.05 sec
          Start  343: RuntimeAssetImportFormatCoverage.DefaultImportSelectionDoesNotRequireCameraModule
 339/4010 Test  #343: RuntimeAssetImportFormatCoverage.DefaultImportSelectionDoesNotRequireCameraModule ...............................   Passed    0.04 sec
          Start  344: RuntimeAssetImportFormatCoverage.DirectImportCompletesIngestStateMachineRecord
 340/4010 Test  #344: RuntimeAssetImportFormatCoverage.DirectImportCompletesIngestStateMachineRecord ..................................   Passed    0.04 sec
          Start  345: RuntimeAssetImportFormatCoverage.AssetWorkflowModuleAccessorExposesQueueAndEventState
 341/4010 Test  #345: RuntimeAssetImportFormatCoverage.AssetWorkflowModuleAccessorExposesQueueAndEventState ...........................   Passed    0.04 sec
          Start  346: RuntimeAssetImportFormatCoverage.ExplicitCancelPublishesOneTerminalEvent
 342/4010 Test  #346: RuntimeAssetImportFormatCoverage.ExplicitCancelPublishesOneTerminalEvent ........................................   Passed    0.04 sec
          Start  347: RuntimeAssetImportFormatCoverage.AssetWorkflowModulePreservesImportDirtyState
 343/4010 Test  #347: RuntimeAssetImportFormatCoverage.AssetWorkflowModulePreservesImportDirtyState ...................................   Passed    0.04 sec
          Start  348: RuntimeAssetImportFormatCoverage.ReimportExistingMeshReloadsAssetWithoutDuplicatingSceneEntities
 344/4010 Test  #348: RuntimeAssetImportFormatCoverage.ReimportExistingMeshReloadsAssetWithoutDuplicatingSceneEntities ................   Passed    0.04 sec
          Start  349: RuntimeAssetImportFormatCoverage.QueuedGeometryReimportReloadsAssetWithoutDuplicatingSceneEntities
 345/4010 Test  #349: RuntimeAssetImportFormatCoverage.QueuedGeometryReimportReloadsAssetWithoutDuplicatingSceneEntities ..............   Passed    0.04 sec
          Start  350: RuntimeAssetImportFormatCoverage.ImportAssetFromPathDoesNotWaitForUnrelatedSchedulerWork
 346/4010 Test  #350: RuntimeAssetImportFormatCoverage.ImportAssetFromPathDoesNotWaitForUnrelatedSchedulerWork ........................   Passed    0.30 sec
          Start  351: RuntimeAssetImportFormatCoverage.ReimportInvalidAssetReportsDeterministicIngestDiagnostic
 347/4010 Test  #351: RuntimeAssetImportFormatCoverage.ReimportInvalidAssetReportsDeterministicIngestDiagnostic .......................   Passed    0.04 sec
          Start  352: RuntimeAssetImportFormatCoverage.DirectObjImportQueuesGeneratedNormalBakeFromAuthoredVertexNormals
 348/4010 Test  #352: RuntimeAssetImportFormatCoverage.DirectObjImportQueuesGeneratedNormalBakeFromAuthoredVertexNormals ..............   Passed    0.04 sec
          Start  353: RuntimeAssetImportFormatCoverage.DirectObjImportComputesVertexNormalsWhenMissing
 349/4010 Test  #353: RuntimeAssetImportFormatCoverage.DirectObjImportComputesVertexNormalsWhenMissing ................................   Passed    0.04 sec
          Start  354: RuntimeAssetImportFormatCoverage.DirectObjImportComputesNormalsAndQueuesGeneratedNormalBake
 350/4010 Test  #354: RuntimeAssetImportFormatCoverage.DirectObjImportComputesNormalsAndQueuesGeneratedNormalBake .....................   Passed    0.04 sec
          Start  355: RuntimeAssetImportFormatCoverage.RepresentativePromotedFormatsMaterializeDeterministically
 351/4010 Test  #355: RuntimeAssetImportFormatCoverage.RepresentativePromotedFormatsMaterializeDeterministically ......................   Passed    0.04 sec
          Start  356: RuntimeAssetImportFormatCoverage.ModelSceneCompletionSelectsAndFramesCreatedPrimitives
 352/4010 Test  #356: RuntimeAssetImportFormatCoverage.ModelSceneCompletionSelectsAndFramesCreatedPrimitives ..........................   Passed    0.08 sec
          Start  357: RuntimeAssetImportFormatCoverage.QueuedImportsRejectActiveWorldSwitchBeforeApply
 353/4010 Test  #357: RuntimeAssetImportFormatCoverage.QueuedImportsRejectActiveWorldSwitchBeforeApply ................................   Passed    0.04 sec
          Start  358: RuntimeAssetImportFormatCoverage.QueuedImportRejectsAwayAndBackBindingEpoch
 354/4010 Test  #358: RuntimeAssetImportFormatCoverage.QueuedImportRejectsAwayAndBackBindingEpoch .....................................   Passed    0.04 sec
          Start  359: RuntimeAssetImportFormatCoverage.RetiredWorldImportTerminalizesQueueState
 355/4010 Test  #359: RuntimeAssetImportFormatCoverage.RetiredWorldImportTerminalizesQueueState .......................................   Passed    0.05 sec
          Start  360: RuntimeAssetImportFormatCoverage.DroppedModelSceneAndTextureImportThroughStreamingQueue
 356/4010 Test  #360: RuntimeAssetImportFormatCoverage.DroppedModelSceneAndTextureImportThroughStreamingQueue .........................   Passed    0.05 sec
          Start  361: RuntimeAssetImportFormatCoverage.ManualModelSceneAndTextureImportQueueCompletesThroughStreaming
 357/4010 Test  #361: RuntimeAssetImportFormatCoverage.ManualModelSceneAndTextureImportQueueCompletesThroughStreaming .................   Passed    0.04 sec
          Start  362: RuntimeAssetImportFormatCoverage.SlowQueuedTextureReadDoesNotBlockRunFrame
 358/4010 Test  #362: RuntimeAssetImportFormatCoverage.SlowQueuedTextureReadDoesNotBlockRunFrame ......................................   Passed    0.04 sec
          Start  363: AssetWorkflowModule.PublishesExactServicesGatesInitializationAndReinitializes
 359/4010 Test  #363: AssetWorkflowModule.PublishesExactServicesGatesInitializationAndReinitializes ...................................   Passed    0.03 sec
          Start  364: AssetWorkflowModule.CallerOwnedBakeReconciliationIsAtomicAndPreservesUnrelatedChannels
 360/4010 Test  #364: AssetWorkflowModule.CallerOwnedBakeReconciliationIsAtomicAndPreservesUnrelatedChannels ..........................   Passed    0.03 sec
          Start  365: AssetWorkflowModule.RegistrationConflictsLeaveOnlyTheExactExistingProvider
 361/4010 Test  #365: AssetWorkflowModule.RegistrationConflictsLeaveOnlyTheExactExistingProvider ......................................   Passed    0.11 sec
          Start  366: AssetWorkflowModule.MissingDeviceFailsRegistrationWithoutPartialPublication
 362/4010 Test  #366: AssetWorkflowModule.MissingDeviceFailsRegistrationWithoutPartialPublication .....................................   Passed    0.03 sec
          Start  367: AssetWorkflowModule.MissingDocumentOrHistoryRollsBackEveryPublication
 363/4010 Test  #367: AssetWorkflowModule.MissingDocumentOrHistoryRollsBackEveryPublication ...........................................   Passed    0.06 sec
          Start  368: AssetWorkflowModule.DocumentParticipantConflictRollsBackEveryPublication
 364/4010 Test  #368: AssetWorkflowModule.DocumentParticipantConflictRollsBackEveryPublication ........................................   Passed    0.03 sec
          Start  369: AssetWorkflowModule.DocumentAndWorldReplacementRebindBeforeSceneUse
 365/4010 Test  #369: AssetWorkflowModule.DocumentAndWorldReplacementRebindBeforeSceneUse .............................................   Passed    0.04 sec
          Start  370: AssetWorkflowModule.AnnouncementDetachesImportsAndParticipantBeforeGpuBoundary
 366/4010 Test  #370: AssetWorkflowModule.AnnouncementDetachesImportsAndParticipantBeforeGpuBoundary ..................................   Passed    0.03 sec
          Start  371: AssetWorkflowModule.BakeParticipantRegistersOncePerBootAndCleansBeforeOwnedState
 367/4010 Test  #371: AssetWorkflowModule.BakeParticipantRegistersOncePerBootAndCleansBeforeOwnedState ................................   Passed    0.03 sec
          Start  372: AssetWorkflowModule.BlockedImportIsSafeInBothOrdinaryOwnerShutdownOrders
 368/4010 Test  #372: AssetWorkflowModule.BlockedImportIsSafeInBothOrdinaryOwnerShutdownOrders ........................................   Passed    0.07 sec
          Start  373: AssetWorkflowModule.RenderExtractionRetirementSurvivesEitherOptionalOwnerOmission
 369/4010 Test  #373: AssetWorkflowModule.RenderExtractionRetirementSurvivesEitherOptionalOwnerOmission ...............................   Passed    0.08 sec
          Start  374: AssetWorkflowModule.RealEngineReverseShutdownIsAsyncBeforeAssetWorkflow
 370/4010 Test  #374: AssetWorkflowModule.RealEngineReverseShutdownIsAsyncBeforeAssetWorkflow .........................................   Passed    0.04 sec
          Start  375: AssetWorkflowModule.OmittedAssetWorkflowPlatformDropFailsClosedWithoutQueuedWorkOrSceneMutation
 371/4010 Test  #375: AssetWorkflowModule.OmittedAssetWorkflowPlatformDropFailsClosedWithoutQueuedWorkOrSceneMutation .................   Passed    0.04 sec
          Start  376: AssetWorkflowModule.RealEngineRunSupportsCompositionOmissionAndReinitialize
 372/4010 Test  #376: AssetWorkflowModule.RealEngineRunSupportsCompositionOmissionAndReinitialize .....................................   Passed    0.09 sec
          Start  377: RuntimeAsyncWorkModule.PublishesBorrowedJobServiceAndCanReinitialize
 373/4010 Test  #377: RuntimeAsyncWorkModule.PublishesBorrowedJobServiceAndCanReinitialize ............................................   Passed    0.00 sec
          Start  378: RuntimeAsyncWorkModule.RegistrationConflictPreservesExistingProvider
 374/4010 Test  #378: RuntimeAsyncWorkModule.RegistrationConflictPreservesExistingProvider ............................................   Passed    0.00 sec
          Start  379: RuntimeAsyncWorkModule.ShutdownWithdrawsServiceBeforeLaterModulesRun
 375/4010 Test  #379: RuntimeAsyncWorkModule.ShutdownWithdrawsServiceBeforeLaterModulesRun ............................................   Passed    0.04 sec
          Start  380: RuntimeAsyncWorkModule.ShutdownCancelsParkedJobServiceSurvivor
 376/4010 Test  #380: RuntimeAsyncWorkModule.ShutdownCancelsParkedJobServiceSurvivor ..................................................   Passed    0.01 sec
          Start  381: EditorCommandHistory.ExecuteRecordUndoRedoCapacityAndDirtyState
 377/4010 Test  #381: EditorCommandHistory.ExecuteRecordUndoRedoCapacityAndDirtyState .................................................   Passed    0.00 sec
          Start  382: EditorCommandHistory.UndoableEntityMutationRevalidatesAndTracksGenerationsAcrossUndoRedo
 378/4010 Test  #382: EditorCommandHistory.UndoableEntityMutationRevalidatesAndTracksGenerationsAcrossUndoRedo ........................   Passed    0.00 sec
          Start  383: EditorCommandHistory.UndoableEntityMutationRecordsAlreadyAppliedTargetWithoutRepublishing
 379/4010 Test  #383: EditorCommandHistory.UndoableEntityMutationRecordsAlreadyAppliedTargetWithoutRepublishing .......................   Passed    0.01 sec
          Start  384: EditorCommandHistory.UndoableEntityMutationRejectsStaleIdentityWithoutMutationOrHistory
 380/4010 Test  #384: EditorCommandHistory.UndoableEntityMutationRejectsStaleIdentityWithoutMutationOrHistory .........................   Passed    0.00 sec
          Start  385: EditorCommandHistory.UndoableEntityMutationRejectsStaleGenerationWithoutMutationOrHistory
 381/4010 Test  #385: EditorCommandHistory.UndoableEntityMutationRejectsStaleGenerationWithoutMutationOrHistory .......................   Passed    0.00 sec
          Start  386: EditorCommandHistory.UndoableEntityMutationValidationFailurePublishesNoMutationOrHistory
 382/4010 Test  #386: EditorCommandHistory.UndoableEntityMutationValidationFailurePublishesNoMutationOrHistory ........................   Passed    0.00 sec
          Start  387: EditorCommandHistory.UndoableEntityMutationApplyFailurePublishesNoPartialStateOrHistory
 383/4010 Test  #387: EditorCommandHistory.UndoableEntityMutationApplyFailurePublishesNoPartialStateOrHistory .........................   Passed    0.00 sec
          Start  388: EditorCommandHistory.SelectionAdapterRestoresSingleSelectionWithoutDirtyingDocument
 384/4010 Test  #388: EditorCommandHistory.SelectionAdapterRestoresSingleSelectionWithoutDirtyingDocument .............................   Passed    0.00 sec
          Start  389: EditorCommandHistory.CompoundCommandRollsBackAppliedCommandsOnFailure
 385/4010 Test  #389: EditorCommandHistory.CompoundCommandRollsBackAppliedCommandsOnFailure ...........................................   Passed    0.00 sec
          Start  390: EditorCommandHistory.HierarchyDeletePlanDefinesRecursiveDeleteAndOrphanPolicies
 386/4010 Test  #390: EditorCommandHistory.HierarchyDeletePlanDefinesRecursiveDeleteAndOrphanPolicies .................................   Passed    0.00 sec
          Start  391: EditorCommandHistory.CorruptHierarchyDeletePlanFailsWithoutPartialMutation
 387/4010 Test  #391: EditorCommandHistory.CorruptHierarchyDeletePlanFailsWithoutPartialMutation ......................................   Passed    0.00 sec
          Start  392: EditorPropertyWidgets.EmptySourceProducesAnEmptySafeModel
 388/4010 Test  #392: EditorPropertyWidgets.EmptySourceProducesAnEmptySafeModel .......................................................   Passed    0.00 sec
          Start  393: EditorPropertyWidgets.SelectorExcludesVectorProperties
 389/4010 Test  #393: EditorPropertyWidgets.SelectorExcludesVectorProperties ..........................................................   Passed    0.00 sec
          Start  394: EditorPropertyWidgets.PlotModelFiltersNonFiniteSamplesAndReportsRange
 390/4010 Test  #394: EditorPropertyWidgets.PlotModelFiltersNonFiniteSamplesAndReportsRange ...........................................   Passed    0.00 sec
          Start  395: EditorUiHost.ComposedModulePublishesHostAndRunsFrameContribution
 391/4010 Test  #395: EditorUiHost.ComposedModulePublishesHostAndRunsFrameContribution ................................................   Passed    0.04 sec
          Start  396: EditorUiHost.OmittedModuleLeavesEditorHostUnpublished
 392/4010 Test  #396: EditorUiHost.OmittedModuleLeavesEditorHostUnpublished ...........................................................   Passed    0.04 sec
          Start  397: EditorUiHost.VisibilityCommandPreservesRegisteredWindowOpenState
 393/4010 Test  #397: EditorUiHost.VisibilityCommandPreservesRegisteredWindowOpenState ................................................   Passed    0.00 sec
          Start  398: EditorUiHost.FrameContributionMutationIsSafeAndDeterministic
 394/4010 Test  #398: EditorUiHost.FrameContributionMutationIsSafeAndDeterministic ....................................................   Passed    0.00 sec
          Start  399: EditorUiModule.PreservesBeginVariableBuildEndAndCaptureOrdering
 395/4010 Test  #399: EditorUiModule.PreservesBeginVariableBuildEndAndCaptureOrdering .................................................   Passed    0.04 sec
          Start  400: EditorUiModule.ReverseShutdownWithdrawsHostAndDetachesLiveRenderer
 396/4010 Test  #400: EditorUiModule.ReverseShutdownWithdrawsHostAndDetachesLiveRenderer ..............................................   Passed    0.04 sec
          Start  401: EditorUiModule.ShutdownReinitializeStartsFromFreshEditorState
 397/4010 Test  #401: EditorUiModule.ShutdownReinitializeStartsFromFreshEditorState ...................................................   Passed    0.08 sec
          Start  402: EditorUiModule.FailedRegistrationAndResolutionWithdrawPartialHost
 398/4010 Test  #402: EditorUiModule.FailedRegistrationAndResolutionWithdrawPartialHost ...............................................   Passed    0.00 sec
          Start  403: EditorWindowRegistry.RegisteredWindowsAppearInStructuredMenuModel
 399/4010 Test  #403: EditorWindowRegistry.RegisteredWindowsAppearInStructuredMenuModel ...............................................   Passed    0.00 sec
          Start  404: EditorWindowRegistry.InvalidAndDuplicateRegistrationsFailClosed
 400/4010 Test  #404: EditorWindowRegistry.InvalidAndDuplicateRegistrationsFailClosed .................................................   Passed    0.00 sec
          Start  405: EditorWindowRegistry.UnregisteredWindowsAreAbsentFromMenuModel
 401/4010 Test  #405: EditorWindowRegistry.UnregisteredWindowsAreAbsentFromMenuModel ..................................................   Passed    0.00 sec
          Start  406: EditorWindowRegistry.ClosedAndGloballyHiddenWindowsDoNoPerFrameWork
 402/4010 Test  #406: EditorWindowRegistry.ClosedAndGloballyHiddenWindowsDoNoPerFrameWork .............................................   Passed    0.00 sec
          Start  407: EditorWindowRegistry.OpenTransitionsAreObservedExactlyOnce
 403/4010 Test  #407: EditorWindowRegistry.OpenTransitionsAreObservedExactlyOnce ......................................................   Passed    0.00 sec
          Start  408: EditorWindowRegistry.DrawCallbackCanCloseItsWindow
 404/4010 Test  #408: EditorWindowRegistry.DrawCallbackCanCloseItsWindow ..............................................................   Passed    0.00 sec
          Start  409: EditorWindowRegistry.DrawCallbackMayUnregisterItself
 405/4010 Test  #409: EditorWindowRegistry.DrawCallbackMayUnregisterItself ............................................................   Passed    0.00 sec
          Start  410: EditorWindowRegistry.VisibilityCommandPreservesWindowOpenState
 406/4010 Test  #410: EditorWindowRegistry.VisibilityCommandPreservesWindowOpenState ..................................................   Passed    0.00 sec
          Start  411: ImGuiAdapter.InitializeProducesZeroListFrameForEmptyWindow
 407/4010 Test  #411: ImGuiAdapter.InitializeProducesZeroListFrameForEmptyWindow ......................................................   Passed    0.01 sec
          Start  412: ImGuiAdapter.InitializeRejectsDoubleInitialize
 408/4010 Test  #412: ImGuiAdapter.InitializeRejectsDoubleInitialize ..................................................................   Passed    0.01 sec
          Start  413: ImGuiAdapter.InitializeLoadsBundledRobotoAndBuildsLegacyFontAtlas
 409/4010 Test  #413: ImGuiAdapter.InitializeLoadsBundledRobotoAndBuildsLegacyFontAtlas ...............................................   Passed    0.01 sec
          Start  414: ImGuiAdapter.HiDpiFontKeepsLogicalMetricsAndUsesRasterizerDensity
 410/4010 Test  #414: ImGuiAdapter.HiDpiFontKeepsLogicalMetricsAndUsesRasterizerDensity ...............................................   Passed    0.01 sec
          Start  415: ImGuiAdapter.FontAtlasPayloadIsCopiedOnlyWhenDirty
 411/4010 Test  #415: ImGuiAdapter.FontAtlasPayloadIsCopiedOnlyWhenDirty ..............................................................   Passed    0.01 sec
          Start  416: ImGuiAdapter.EditorPanelDrawProducesNonEmptyDrawList
 412/4010 Test  #416: ImGuiAdapter.EditorPanelDrawProducesNonEmptyDrawList ............................................................   Passed    0.01 sec
          Start  417: ImGuiAdapter.ImageDrawPreservesUserTextureBindlessCommand
 413/4010 Test  #417: ImGuiAdapter.ImageDrawPreservesUserTextureBindlessCommand .......................................................   Passed    0.01 sec
          Start  418: ImGuiAdapter.LargeDrawListPreservesNonZeroVertexOffset
 414/4010 Test  #418: ImGuiAdapter.LargeDrawListPreservesNonZeroVertexOffset ..........................................................   Passed    0.02 sec
          Start  419: ImGuiAdapter.NestedChildDrawPreservesFramebufferScissor
 415/4010 Test  #419: ImGuiAdapter.NestedChildDrawPreservesFramebufferScissor .........................................................   Passed    0.01 sec
          Start  420: ImGuiAdapter.ScalesClampsAndRejectsInvalidFramebufferClipRects
 416/4010 Test  #420: ImGuiAdapter.ScalesClampsAndRejectsInvalidFramebufferClipRects ..................................................   Passed    0.02 sec
          Start  421: ImGuiAdapter.EditorCallbackInvokedOncePerFramePair
 417/4010 Test  #421: ImGuiAdapter.EditorCallbackInvokedOncePerFramePair ..............................................................   Passed    0.01 sec
          Start  422: ImGuiAdapter.PumpsInputAndResizeReportsFramebufferPixelsWithoutDoubleScaling
 418/4010 Test  #422: ImGuiAdapter.PumpsInputAndResizeReportsFramebufferPixelsWithoutDoubleScaling ....................................   Passed    0.01 sec
          Start  423: ImGuiAdapter.SnapshotsCaptureStateOncePerCompletedEditorFrame
 419/4010 Test  #423: ImGuiAdapter.SnapshotsCaptureStateOncePerCompletedEditorFrame ...................................................   Passed    0.01 sec
          Start  424: ImGuiAdapter.HiddenEditorClearsStaleCaptureState
 420/4010 Test  #424: ImGuiAdapter.HiddenEditorClearsStaleCaptureState ................................................................   Passed    0.01 sec
          Start  425: ImGuiAdapter.RebuildForDisplayChangeCyclesOverlayExactlyOnce
 421/4010 Test  #425: ImGuiAdapter.RebuildForDisplayChangeCyclesOverlayExactlyOnce ....................................................   Passed    0.01 sec
          Start  426: ImGuiAdapter.RebuildBeforeInitializeIsUncounted
 422/4010 Test  #426: ImGuiAdapter.RebuildBeforeInitializeIsUncounted .................................................................   Passed    0.00 sec
          Start  427: ImGuiAdapterEngineWiring.AdapterInitializedAfterEngineInitialize
 423/4010 Test  #427: ImGuiAdapterEngineWiring.AdapterInitializedAfterEngineInitialize ................................................   Passed    0.06 sec
          Start  428: ImGuiAdapterEngineWiring.RunProducesOneOverlayFramePerEngineFrame
 424/4010 Test  #428: ImGuiAdapterEngineWiring.RunProducesOneOverlayFramePerEngineFrame ...............................................   Passed    0.06 sec
          Start  429: ImGuiAdapterEngineWiring.EditorHookInvokedOncePerFrameAndProducesDrawLists
 425/4010 Test  #429: ImGuiAdapterEngineWiring.EditorHookInvokedOncePerFrameAndProducesDrawLists ......................................   Passed    0.06 sec
          Start  430: ImGuiAdapterEngineWiring.FramePacingDiagnosticsPopulateOnNullBackend
 426/4010 Test  #430: ImGuiAdapterEngineWiring.FramePacingDiagnosticsPopulateOnNullBackend ............................................   Passed    0.04 sec
          Start  431: ImGuiAdapterEngineWiring.EditorCallbackStaysBoundedAndRenderAdvancesWhileJobRuns
 427/4010 Test  #431: ImGuiAdapterEngineWiring.EditorCallbackStaysBoundedAndRenderAdvancesWhileJobRuns ................................   Passed    0.30 sec
          Start  432: ImGuiAdapterEngineWiring.UiCaptureSuppressesRuntimeInputConsumers
 428/4010 Test  #432: ImGuiAdapterEngineWiring.UiCaptureSuppressesRuntimeInputConsumers ...............................................   Passed    0.04 sec
          Start  433: ImGuiAdapterEngineWiring.RunNormalizesNativeCloseBeforeFirstFrame
 429/4010 Test  #433: ImGuiAdapterEngineWiring.RunNormalizesNativeCloseBeforeFirstFrame ...............................................   Passed    0.06 sec
          Start  434: ImGuiAdapterEngineWiring.RunNormalizesNativeCloseAfterInteractiveInput
 430/4010 Test  #434: ImGuiAdapterEngineWiring.RunNormalizesNativeCloseAfterInteractiveInput ..........................................   Passed    0.06 sec
          Start  435: MeshGeometryExtraction.SingleMeshEntityUploadsOnceAndBindsInstanceGeometry
 431/4010 Test  #435: MeshGeometryExtraction.SingleMeshEntityUploadsOnceAndBindsInstanceGeometry ......................................   Passed    0.06 sec
          Start  436: MeshGeometryExtraction.MaterialTextureBindingsResolveOntoExtractionMaterialSidecar
 432/4010 Test  #436: MeshGeometryExtraction.MaterialTextureBindingsResolveOntoExtractionMaterialSidecar ..............................   Passed    0.03 sec
          Start  437: MeshGeometryExtraction.GeometryPresentationRecipeIsConsumedDuringExtraction
 433/4010 Test  #437: MeshGeometryExtraction.GeometryPresentationRecipeIsConsumedDuringExtraction .....................................   Passed    0.03 sec
          Start  438: MeshGeometryExtraction.GeneratedGeometryPresentationTexturesBindUniqueMaterialSlots
 434/4010 Test  #438: MeshGeometryExtraction.GeneratedGeometryPresentationTexturesBindUniqueMaterialSlots .............................   Passed    0.03 sec
          Start  439: MeshGeometryExtraction.RepeatedExtractionReusesMeshHandleWithoutReupload
 435/4010 Test  #439: MeshGeometryExtraction.RepeatedExtractionReusesMeshHandleWithoutReupload ........................................   Passed    0.06 sec
          Start  440: MeshGeometryExtraction.TwoMeshEntitiesAllocateIndependentMeshUploads
 436/4010 Test  #440: MeshGeometryExtraction.TwoMeshEntitiesAllocateIndependentMeshUploads ............................................   Passed    0.06 sec
          Start  441: MeshGeometryExtraction.EntityDestructionRetiresMeshGeometryAfterDeferredWindow
 437/4010 Test  #441: MeshGeometryExtraction.EntityDestructionRetiresMeshGeometryAfterDeferredWindow ..................................   Passed    0.06 sec
          Start  442: MeshGeometryExtraction.ShutdownReleasesPendingMeshResidency
 438/4010 Test  #442: MeshGeometryExtraction.ShutdownReleasesPendingMeshResidency .....................................................   Passed    0.06 sec
          Start  443: MeshGeometryExtraction.ProceduralRefPreemptsMeshPathOnSameEntity
 439/4010 Test  #443: MeshGeometryExtraction.ProceduralRefPreemptsMeshPathOnSameEntity ................................................   Passed    0.06 sec
          Start  444: MeshGeometryExtraction.AssetSourcePresentPreemptsMeshPathOnSameEntity
 440/4010 Test  #444: MeshGeometryExtraction.AssetSourcePresentPreemptsMeshPathOnSameEntity ...........................................   Passed    0.06 sec
          Start  445: MeshGeometryExtraction.MissingPositionsIncrementsMissingPositionsCounter
 441/4010 Test  #445: MeshGeometryExtraction.MissingPositionsIncrementsMissingPositionsCounter ........................................   Passed    0.06 sec
          Start  446: MeshGeometryExtraction.MissingTexcoordsUploadsWithDefaultUvFallback
 442/4010 Test  #446: MeshGeometryExtraction.MissingTexcoordsUploadsWithDefaultUvFallback .............................................   Passed    0.06 sec
          Start  447: MeshGeometryExtraction.NonFiniteTexcoordsUploadWithDefaultUvFallback
 443/4010 Test  #447: MeshGeometryExtraction.NonFiniteTexcoordsUploadWithDefaultUvFallback ............................................   Passed    0.06 sec
          Start  448: MeshGeometryExtraction.InvalidTopologyIncrementsInvalidTopologyCounter
 444/4010 Test  #448: MeshGeometryExtraction.InvalidTopologyIncrementsInvalidTopologyCounter ..........................................   Passed    0.06 sec
          Start  449: MeshGeometryExtraction.DegenerateAllFacesIncrementsFailedPackCounter
 445/4010 Test  #449: MeshGeometryExtraction.DegenerateAllFacesIncrementsFailedPackCounter ............................................   Passed    0.06 sec
          Start  450: MeshGeometryExtraction.AddingProceduralRefAfterMeshUploadReleasesMeshResidency
 446/4010 Test  #450: MeshGeometryExtraction.AddingProceduralRefAfterMeshUploadReleasesMeshResidency ..................................   Passed    0.06 sec
          Start  451: MeshGeometryExtraction.AddingAssetSourceAfterMeshUploadReleasesMeshResidency
 447/4010 Test  #451: MeshGeometryExtraction.AddingAssetSourceAfterMeshUploadReleasesMeshResidency ....................................   Passed    0.06 sec
          Start  452: MeshGeometryExtraction.LosingMeshDomainTopologyReleasesMeshResidency
 448/4010 Test  #452: MeshGeometryExtraction.LosingMeshDomainTopologyReleasesMeshResidency ............................................   Passed    0.06 sec
          Start  453: MeshGeometryExtraction.NonMeshDomainEntityIsIgnoredByMeshPath
 449/4010 Test  #453: MeshGeometryExtraction.NonMeshDomainEntityIsIgnoredByMeshPath ...................................................   Passed    0.06 sec
          Start  454: MeshGeometryExtraction.MultipleDirtyTagsCoalesceIntoSingleReupload
 450/4010 Test  #454: MeshGeometryExtraction.MultipleDirtyTagsCoalesceIntoSingleReupload ..............................................   Passed    0.06 sec
          Start  455: MeshGeometryExtraction.ReuploadFailureReleasesStaleResidencyAndPreservesDirtyTag
 451/4010 Test  #455: MeshGeometryExtraction.ReuploadFailureReleasesStaleResidencyAndPreservesDirtyTag ................................   Passed    0.07 sec
          Start  456: MeshPrimitiveViewExtraction.EnableEdgeViewUploadsSeparateEdgeRenderable
 452/4010 Test  #456: MeshPrimitiveViewExtraction.EnableEdgeViewUploadsSeparateEdgeRenderable .........................................   Passed    0.06 sec
          Start  457: MeshPrimitiveViewExtraction.EdgeViewWidthConfigUpdateReusesGeometry
 453/4010 Test  #457: MeshPrimitiveViewExtraction.EdgeViewWidthConfigUpdateReusesGeometry .............................................   Passed    0.06 sec
          Start  458: MeshPrimitiveViewExtraction.EnableVertexViewUploadsSeparatePointRenderable
 454/4010 Test  #458: MeshPrimitiveViewExtraction.EnableVertexViewUploadsSeparatePointRenderable ......................................   Passed    0.06 sec
          Start  459: MeshPrimitiveViewExtraction.MeshVertexPointLaneDoesNotRequireSurfaceTopology
 455/4010 Test  #459: MeshPrimitiveViewExtraction.MeshVertexPointLaneDoesNotRequireSurfaceTopology ....................................   Passed    0.06 sec
          Start  460: MeshPrimitiveViewExtraction.VertexViewConfigUpdateReusesGeometry
 456/4010 Test  #460: MeshPrimitiveViewExtraction.VertexViewConfigUpdateReusesGeometry ................................................   Passed    0.06 sec
          Start  461: MeshPrimitiveViewExtraction.EnableBothViewsAllocatesThreeIndependentRenderables
 457/4010 Test  #461: MeshPrimitiveViewExtraction.EnableBothViewsAllocatesThreeIndependentRenderables .................................   Passed    0.06 sec
          Start  462: MeshPrimitiveViewExtraction.EdgeAndPointComponentsDoNotRequireRenderSurface
 458/4010 Test  #462: MeshPrimitiveViewExtraction.EdgeAndPointComponentsDoNotRequireRenderSurface .....................................   Passed    0.06 sec
          Start  463: MeshPrimitiveViewExtraction.LaneOverridesColorEdgeAndVertexViewsIndependently
 459/4010 Test  #463: MeshPrimitiveViewExtraction.LaneOverridesColorEdgeAndVertexViewsIndependently ...................................   Passed    0.06 sec
          Start  464: MeshPrimitiveViewExtraction.RepeatedExtractionReusesViewsWithoutReupload
 460/4010 Test  #464: MeshPrimitiveViewExtraction.RepeatedExtractionReusesViewsWithoutReupload ........................................   Passed    0.06 sec
          Start  465: MeshPrimitiveViewExtraction.VertexPositionDirtyRepacksBothViews
 461/4010 Test  #465: MeshPrimitiveViewExtraction.VertexPositionDirtyRepacksBothViews .................................................   Passed    0.06 sec
          Start  466: MeshPrimitiveViewExtraction.DisablingEdgeViewReleasesItsGeometryAfterWindow
 462/4010 Test  #466: MeshPrimitiveViewExtraction.DisablingEdgeViewReleasesItsGeometryAfterWindow .....................................   Passed    0.06 sec
          Start  467: MeshPrimitiveViewExtraction.EntityDestructionReleasesViewsAfterWindow
 463/4010 Test  #467: MeshPrimitiveViewExtraction.EntityDestructionReleasesViewsAfterWindow ...........................................   Passed    0.06 sec
          Start  468: MeshPrimitiveViewExtraction.ShutdownReleasesViewResidency
 464/4010 Test  #468: MeshPrimitiveViewExtraction.ShutdownReleasesViewResidency .......................................................   Passed    0.06 sec
          Start  469: MeshPrimitiveViewExtraction.ProceduralRefFlipReleasesViews
 465/4010 Test  #469: MeshPrimitiveViewExtraction.ProceduralRefFlipReleasesViews ......................................................   Passed    0.06 sec
          Start  470: MeshPrimitiveViewExtraction.EdgeViewDerivesWireframeWithoutExplicitEdges
 466/4010 Test  #470: MeshPrimitiveViewExtraction.EdgeViewDerivesWireframeWithoutExplicitEdges ........................................   Passed    0.06 sec
          Start  471: MeshPrimitiveViewExtraction.OutOfRangeEdgeEndpointIncrementsInvalidEdgesCounter
 467/4010 Test  #471: MeshPrimitiveViewExtraction.OutOfRangeEdgeEndpointIncrementsInvalidEdgesCounter .................................   Passed    0.06 sec
          Start  472: MeshPrimitiveViewExtraction.NonMeshEntityWithRenderComponentsCreatesNoMeshViews
 468/4010 Test  #472: MeshPrimitiveViewExtraction.NonMeshEntityWithRenderComponentsCreatesNoMeshViews .................................   Passed    0.06 sec
          Start  473: ProgressivePoissonGpuBackend.PlansPerLevelBuildAcceptAndCompaction
 469/4010 Test  #473: ProgressivePoissonGpuBackend.PlansPerLevelBuildAcceptAndCompaction ..............................................   Passed    0.00 sec
          Start  474: ProgressivePoissonGpuBackend.PlansThreeDimensionalEightPhaseDispatch
 470/4010 Test  #474: ProgressivePoissonGpuBackend.PlansThreeDimensionalEightPhaseDispatch ............................................   Passed    0.00 sec
          Start  475: ProgressivePoissonGpuBackend.InvalidPlanInputsFailClosed
 471/4010 Test  #475: ProgressivePoissonGpuBackend.InvalidPlanInputsFailClosed ........................................................   Passed    0.00 sec
          Start  476: ProgressivePoissonGpuBackend.BuildsBufferAndPipelineDescriptors
 472/4010 Test  #476: ProgressivePoissonGpuBackend.BuildsBufferAndPipelineDescriptors .................................................   Passed    0.00 sec
          Start  477: ProgressivePoissonGpuBackend.BuildsStateRecordFromRoleBuffers
 473/4010 Test  #477: ProgressivePoissonGpuBackend.BuildsStateRecordFromRoleBuffers ...................................................   Passed    0.00 sec
          Start  478: ProgressivePoissonGpuBackend.RecordsMethodDispatchesAndDelegatesCompaction
 474/4010 Test  #478: ProgressivePoissonGpuBackend.RecordsMethodDispatchesAndDelegatesCompaction ......................................   Passed    0.01 sec
          Start  479: ProgressivePoissonGpuBackend.ExecutionAllocatesUploadsAndRecordsWithoutDuplicateReadbackCopies
 475/4010 Test  #479: ProgressivePoissonGpuBackend.ExecutionAllocatesUploadsAndRecordsWithoutDuplicateReadbackCopies ..................   Passed    0.00 sec
          Start  480: ProgressivePoissonGpuBackend.RecordFailsClosedForInvalidResourcesAndUnavailableDevice
 476/4010 Test  #480: ProgressivePoissonGpuBackend.RecordFailsClosedForInvalidResourcesAndUnavailableDevice ...........................   Passed    0.00 sec
          Start  481: ProgressivePoissonGpuBackend.ResolveReportsCpuFallbackUntilExecutionLands
 477/4010 Test  #481: ProgressivePoissonGpuBackend.ResolveReportsCpuFallbackUntilExecutionLands .......................................   Passed    0.00 sec
          Start  482: ProgressivePoissonGpuBackend.ExecutionFallsBackBeforeAllocationWhenDeviceUnavailable
 478/4010 Test  #482: ProgressivePoissonGpuBackend.ExecutionFallsBackBeforeAllocationWhenDeviceUnavailable ............................   Passed    0.00 sec
          Start  483: ProgressivePoissonGpuBackend.SharedResultBatchParsesAcceptedPrefixAndValidatesShape
 479/4010 Test  #483: ProgressivePoissonGpuBackend.SharedResultBatchParsesAcceptedPrefixAndValidatesShape .............................   Passed    0.00 sec
          Start  484: ProgressivePoissonGpuBackend.ReadbackRejectsInvalidOrDuplicateAcceptedIndices
 480/4010 Test  #484: ProgressivePoissonGpuBackend.ReadbackRejectsInvalidOrDuplicateAcceptedIndices ...................................   Passed    0.00 sec
          Start  485: ProgressivePoissonGpuBackend.ParityDiagnosticsAcceptReferenceMatchAndPoissonGuarantee
 481/4010 Test  #485: ProgressivePoissonGpuBackend.ParityDiagnosticsAcceptReferenceMatchAndPoissonGuarantee ...........................   Passed    0.00 sec
          Start  486: ProgressivePoissonGpuBackend.ParityDiagnosticsRecommendCpuFallbackOnMismatch
 482/4010 Test  #486: ProgressivePoissonGpuBackend.ParityDiagnosticsRecommendCpuFallbackOnMismatch ....................................   Passed    0.00 sec
          Start  487: ProgressivePoissonGpuBackend.DebugNamesAreStable
 483/4010 Test  #487: ProgressivePoissonGpuBackend.DebugNamesAreStable ................................................................   Passed    0.00 sec
          Start  488: RenderArtifactPublication.RegistersObservableArtifactBeforeProjectMutation
 484/4010 Test  #488: RenderArtifactPublication.RegistersObservableArtifactBeforeProjectMutation ......................................   Passed    0.00 sec
          Start  489: RenderArtifactPublication.SupersedesOlderSourceRevisionForSameLogicalOutput
 485/4010 Test  #489: RenderArtifactPublication.SupersedesOlderSourceRevisionForSameLogicalOutput .....................................   Passed    0.00 sec
          Start  490: RenderArtifactPublication.PublishAndApplyAreExplicitAuditedAndUndoAware
 486/4010 Test  #490: RenderArtifactPublication.PublishAndApplyAreExplicitAuditedAndUndoAware .........................................   Passed    0.01 sec
          Start  491: RenderArtifactPublication.RejectsImplicitApplyAndNonCandidateOutputs
 487/4010 Test  #491: RenderArtifactPublication.RejectsImplicitApplyAndNonCandidateOutputs ............................................   Passed    0.01 sec
          Start  492: RenderArtifactPublication.StaleCanceledAndFailedArtifactsStayDistinct
 488/4010 Test  #492: RenderArtifactPublication.StaleCanceledAndFailedArtifactsStayDistinct ...........................................   Passed    0.01 sec
          Start  493: RenderExtractionContract.WorldMatrixWithoutRenderHintPublishesNoDrawCandidate
 489/4010 Test  #493: RenderExtractionContract.WorldMatrixWithoutRenderHintPublishesNoDrawCandidate ...................................   Passed    0.06 sec
          Start  494: RenderExtractionContract.FailedMeshPackPublishesNoDrawCandidate
 490/4010 Test  #494: RenderExtractionContract.FailedMeshPackPublishesNoDrawCandidate .................................................   Passed    0.06 sec
          Start  495: RenderExtractionContract.SnapshotSurvivesLiveEcsMutationAndDestruction
 491/4010 Test  #495: RenderExtractionContract.SnapshotSurvivesLiveEcsMutationAndDestruction ..........................................   Passed    0.06 sec
          Start  496: GizmoInteraction.HitTestResolvesXAxisAndRejectsOffAxisCursor
 492/4010 Test  #496: GizmoInteraction.HitTestResolvesXAxisAndRejectsOffAxisCursor ....................................................   Passed    0.00 sec
          Start  497: GizmoInteraction.HitTestEmptySelectionIsNoHit
 493/4010 Test  #497: GizmoInteraction.HitTestEmptySelectionIsNoHit ...................................................................   Passed    0.00 sec
          Start  498: GizmoInteraction.DragTickTranslatesAlongAxisAndCommitsHistory
 494/4010 Test  #498: GizmoInteraction.DragTickTranslatesAlongAxisAndCommitsHistory ...................................................   Passed    0.00 sec
          Start  499: GizmoInteraction.DragCommitCoalescesMultiSelectionAndRejectsInterveningState
 495/4010 Test  #499: GizmoInteraction.DragCommitCoalescesMultiSelectionAndRejectsInterveningState ....................................   Passed    0.00 sec
          Start  500: GizmoInteraction.DragCancelRestoresBeforeTransform
 496/4010 Test  #500: GizmoInteraction.DragCancelRestoresBeforeTransform ..............................................................   Passed    0.00 sec
          Start  501: GizmoInteraction.DragTickRotatesAroundAxisAndCommitsHistory
 497/4010 Test  #501: GizmoInteraction.DragTickRotatesAroundAxisAndCommitsHistory .....................................................   Passed    0.00 sec
          Start  502: GizmoInteraction.DragTickScalesAlongAxisAndCommitsHistory
 498/4010 Test  #502: GizmoInteraction.DragTickScalesAlongAxisAndCommitsHistory .......................................................   Passed    0.01 sec
          Start  503: GizmoInteraction.DragModeIsLatchedWhenToolbarModeChangesMidDrag
 499/4010 Test  #503: GizmoInteraction.DragModeIsLatchedWhenToolbarModeChangesMidDrag .................................................   Passed    0.01 sec
          Start  504: GizmoInteraction.SnapModifierRoundsTranslationToStep
 500/4010 Test  #504: GizmoInteraction.SnapModifierRoundsTranslationToStep ............................................................   Passed    0.01 sec
          Start  505: GizmoInteraction.RenderPacketBuilderMapsOnlyFrozenFields
 501/4010 Test  #505: GizmoInteraction.RenderPacketBuilderMapsOnlyFrozenFields ........................................................   Passed    0.01 sec
          Start  506: GizmoFrameService.SceneClearCancelsDragAndClearsPacketsAndScratch
 502/4010 Test  #506: GizmoFrameService.SceneClearCancelsDragAndClearsPacketsAndScratch ...............................................   Passed    0.01 sec
          Start  507: GizmoFrameService.FrameInputRequiresHistoryAndCommitsOneUndoableDrag
 503/4010 Test  #507: GizmoFrameService.FrameInputRequiresHistoryAndCommitsOneUndoableDrag ............................................   Passed    0.01 sec
          Start  508: GizmoInteractionEngineWiring.ExtractionSubmitsTransformGizmoPackets
 504/4010 Test  #508: GizmoInteractionEngineWiring.ExtractionSubmitsTransformGizmoPackets .............................................   Passed    0.07 sec
          Start  509: GizmoInteractionEngineWiring.RunFramePublishesSelectedEntityGizmoPacket
 505/4010 Test  #509: GizmoInteractionEngineWiring.RunFramePublishesSelectedEntityGizmoPacket .........................................   Passed    0.06 sec
          Start  510: GraphGeometryExtraction.LineGraphUploadsOnceAndBindsInstanceGeometry
 506/4010 Test  #510: GraphGeometryExtraction.LineGraphUploadsOnceAndBindsInstanceGeometry ............................................   Passed    0.06 sec
          Start  511: GraphGeometryExtraction.PointGraphUploadsOnceAndBindsInstanceGeometry
 507/4010 Test  #511: GraphGeometryExtraction.PointGraphUploadsOnceAndBindsInstanceGeometry ...........................................   Passed    0.06 sec
          Start  512: GraphGeometryExtraction.LineAndPointGraphUploadsSingleHandleForBothLanes
 508/4010 Test  #512: GraphGeometryExtraction.LineAndPointGraphUploadsSingleHandleForBothLanes ........................................   Passed    0.06 sec
          Start  513: GraphGeometryExtraction.LaneOverridesColorLineAndPointLanesIndependently
 509/4010 Test  #513: GraphGeometryExtraction.LaneOverridesColorLineAndPointLanesIndependently ........................................   Passed    0.06 sec
          Start  514: GraphGeometryExtraction.RepeatedExtractionReusesGraphHandleWithoutReupload
 510/4010 Test  #514: GraphGeometryExtraction.RepeatedExtractionReusesGraphHandleWithoutReupload ......................................   Passed    0.06 sec
          Start  515: GraphGeometryExtraction.TwoGraphEntitiesAllocateIndependentUploads
 511/4010 Test  #515: GraphGeometryExtraction.TwoGraphEntitiesAllocateIndependentUploads ..............................................   Passed    0.06 sec
          Start  516: GraphGeometryExtraction.EntityDestructionRetiresGraphGeometryAfterDeferredWindow
 512/4010 Test  #516: GraphGeometryExtraction.EntityDestructionRetiresGraphGeometryAfterDeferredWindow ................................   Passed    0.06 sec
          Start  517: GraphGeometryExtraction.ShutdownReleasesPendingGraphResidency
 513/4010 Test  #517: GraphGeometryExtraction.ShutdownReleasesPendingGraphResidency ...................................................   Passed    0.06 sec
          Start  518: GraphGeometryExtraction.ProceduralRefPreemptsGraphPathOnSameEntity
 514/4010 Test  #518: GraphGeometryExtraction.ProceduralRefPreemptsGraphPathOnSameEntity ..............................................   Passed    0.06 sec
          Start  519: GraphGeometryExtraction.MissingNodePositionsIncrementsMissingNodesCounter
 515/4010 Test  #519: GraphGeometryExtraction.MissingNodePositionsIncrementsMissingNodesCounter .......................................   Passed    0.06 sec
          Start  520: GraphGeometryExtraction.OutOfRangeEdgeIncrementsInvalidEdgesCounter
 516/4010 Test  #520: GraphGeometryExtraction.OutOfRangeEdgeIncrementsInvalidEdgesCounter .............................................   Passed    0.06 sec
          Start  521: GraphGeometryExtraction.SurfaceOnlyGraphEntityFailsClosedAsFailedPack
 517/4010 Test  #521: GraphGeometryExtraction.SurfaceOnlyGraphEntityFailsClosedAsFailedPack ...........................................   Passed    0.06 sec
          Start  522: GraphGeometryExtraction.AddingProceduralRefAfterGraphUploadReleasesGraphResidency
 518/4010 Test  #522: GraphGeometryExtraction.AddingProceduralRefAfterGraphUploadReleasesGraphResidency ...............................   Passed    0.06 sec
          Start  523: GraphGeometryExtraction.LosingGraphHintReleasesGraphResidency
 519/4010 Test  #523: GraphGeometryExtraction.LosingGraphHintReleasesGraphResidency ...................................................   Passed    0.06 sec
          Start  524: GraphGeometryExtraction.GainingLineHintRepacksGraphWithoutDirtyTag
 520/4010 Test  #524: GraphGeometryExtraction.GainingLineHintRepacksGraphWithoutDirtyTag ..............................................   Passed    0.06 sec
          Start  525: GraphGeometryExtraction.LosingLineHintRepacksGraphWithoutDirtyTag
 521/4010 Test  #525: GraphGeometryExtraction.LosingLineHintRepacksGraphWithoutDirtyTag ...............................................   Passed    0.06 sec
          Start  526: GraphGeometryExtraction.ReuploadFailureReleasesStaleResidencyAndPreservesDirtyTag
 522/4010 Test  #526: GraphGeometryExtraction.ReuploadFailureReleasesStaleResidencyAndPreservesDirtyTag ...............................   Passed    0.06 sec
          Start  527: RuntimeGeometryAvailability.MeshResolvesIndependentSurfaceEdgeAndPointLanes
 523/4010 Test  #527: RuntimeGeometryAvailability.MeshResolvesIndependentSurfaceEdgeAndPointLanes .....................................   Passed    0.00 sec
          Start  528: RuntimeGeometryAvailability.GraphSupportsEdgeAndPointLanesWithoutHalfedgeSource
 524/4010 Test  #528: RuntimeGeometryAvailability.GraphSupportsEdgeAndPointLanesWithoutHalfedgeSource .................................   Passed    0.00 sec
          Start  529: RuntimeGeometryAvailability.PointCloudSupportsPointsAndRejectsSurfaceAndEdges
 525/4010 Test  #529: RuntimeGeometryAvailability.PointCloudSupportsPointsAndRejectsSurfaceAndEdges ...................................   Passed    0.00 sec
          Start  530: RuntimeGeometryAvailability.MeshEdgeLaneCanDeriveFromSurfaceTopologyWithoutEdges
 526/4010 Test  #530: RuntimeGeometryAvailability.MeshEdgeLaneCanDeriveFromSurfaceTopologyWithoutEdges ................................   Passed    0.00 sec
          Start  531: RuntimeGeometryAvailability.PartialMeshCanSupportPointsWhileSurfaceReportsMissingHalfedges
 527/4010 Test  #531: RuntimeGeometryAvailability.PartialMeshCanSupportPointsWhileSurfaceReportsMissingHalfedges ......................   Passed    0.00 sec
          Start  532: RuntimeGeometryProperty.ValueKindFilterTreatsNulloptAsUnconstrained
 528/4010 Test  #532: RuntimeGeometryProperty.ValueKindFilterTreatsNulloptAsUnconstrained .............................................   Passed    0.00 sec
          Start  533: RuntimeGeometryProperty.RefComparesOnDomainNameAndValueKind
 529/4010 Test  #533: RuntimeGeometryProperty.RefComparesOnDomainNameAndValueKind .....................................................   Passed    0.00 sec
          Start  534: RuntimeGeometryProperty.CatalogSnapshotIsDeterministicAndCarriesIdentity
 530/4010 Test  #534: RuntimeGeometryProperty.CatalogSnapshotIsDeterministicAndCarriesIdentity ........................................   Passed    0.01 sec
          Start  535: RuntimeGeometryProperty.ResolutionReportsEveryFailureModeDistinctly
 531/4010 Test  #535: RuntimeGeometryProperty.ResolutionReportsEveryFailureModeDistinctly .............................................   Passed    0.00 sec
          Start  536: RuntimeGeometryProperty.NonFiniteValuesAreOptInAndDetectedPerKind
 532/4010 Test  #536: RuntimeGeometryProperty.NonFiniteValuesAreOptInAndDetectedPerKind ...............................................   Passed    0.00 sec
          Start  537: RuntimeGeometryProperty.RefOverloadTreatsUnknownKindAsUnconstrained
 533/4010 Test  #537: RuntimeGeometryProperty.RefOverloadTreatsUnknownKindAsUnconstrained .............................................   Passed    0.00 sec
          Start  538: GeometryPresentation.RecipeIntentAndRuntimeStatusProjectIntoGenerationQualifiedSnapshot
 534/4010 Test  #538: GeometryPresentation.RecipeIntentAndRuntimeStatusProjectIntoGenerationQualifiedSnapshot .........................   Passed    0.00 sec
          Start  539: GeometryPresentation.GeneratedTextureAssetUsesRuntimeSidecarOutput
 535/4010 Test  #539: GeometryPresentation.GeneratedTextureAssetUsesRuntimeSidecarOutput ..............................................   Passed    0.00 sec
          Start  540: GeometryPresentation.GraphPointAndLineSlotsUseCanonicalPropertyReferences
 536/4010 Test  #540: GeometryPresentation.GraphPointAndLineSlotsUseCanonicalPropertyReferences .......................................   Passed    0.00 sec
          Start  541: GeometryPresentation.PropertyOptionsAreDeterministicCompatibleFirstCanonicalRefs
 537/4010 Test  #541: GeometryPresentation.PropertyOptionsAreDeterministicCompatibleFirstCanonicalRefs ................................   Passed    0.00 sec
          Start  542: GeometryPresentation.PointCloudAndProceduralShapesUseTheSameProjection
 538/4010 Test  #542: GeometryPresentation.PointCloudAndProceduralShapesUseTheSameProjection ..........................................   Passed    0.00 sec
          Start  543: GeometryPresentation.LegacyShapeSpellingsRemainReadCompatible
 539/4010 Test  #543: GeometryPresentation.LegacyShapeSpellingsRemainReadCompatible ...................................................   Passed    0.00 sec
          Start  544: PointCloudGeometryExtraction.CloudUploadsOnceAndBindsInstanceGeometry
 540/4010 Test  #544: PointCloudGeometryExtraction.CloudUploadsOnceAndBindsInstanceGeometry ...........................................   Passed    0.06 sec
          Start  545: PointCloudGeometryExtraction.PopulateFromCloudResolvesPointCloudDomainAndUploads
 541/4010 Test  #545: PointCloudGeometryExtraction.PopulateFromCloudResolvesPointCloudDomainAndUploads ................................   Passed    0.06 sec
          Start  546: PointCloudGeometryExtraction.RepeatedExtractionReusesPointCloudHandleWithoutReupload
 542/4010 Test  #546: PointCloudGeometryExtraction.RepeatedExtractionReusesPointCloudHandleWithoutReupload ............................   Passed    0.06 sec
          Start  547: PointCloudGeometryExtraction.TwoCloudEntitiesAllocateIndependentUploads
 543/4010 Test  #547: PointCloudGeometryExtraction.TwoCloudEntitiesAllocateIndependentUploads .........................................   Passed    0.06 sec
          Start  548: PointCloudGeometryExtraction.EntityDestructionRetiresPointCloudGeometryAfterDeferredWindow
 544/4010 Test  #548: PointCloudGeometryExtraction.EntityDestructionRetiresPointCloudGeometryAfterDeferredWindow ......................   Passed    0.06 sec
          Start  549: PointCloudGeometryExtraction.CacheDestructionToleratesPendingDeferredRetireState
 545/4010 Test  #549: PointCloudGeometryExtraction.CacheDestructionToleratesPendingDeferredRetireState ................................   Passed    0.06 sec
          Start  550: PointCloudGeometryExtraction.ShutdownReleasesPendingPointCloudResidency
 546/4010 Test  #550: PointCloudGeometryExtraction.ShutdownReleasesPendingPointCloudResidency .........................................   Passed    0.06 sec
          Start  551: PointCloudGeometryExtraction.ProceduralRefPreemptsPointCloudPathOnSameEntity
 547/4010 Test  #551: PointCloudGeometryExtraction.ProceduralRefPreemptsPointCloudPathOnSameEntity ....................................   Passed    0.06 sec
          Start  552: PointCloudGeometryExtraction.MissingPositionsIncrementsMissingPositionsCounter
 548/4010 Test  #552: PointCloudGeometryExtraction.MissingPositionsIncrementsMissingPositionsCounter ..................................   Passed    0.06 sec
          Start  553: PointCloudGeometryExtraction.NonFinitePositionIncrementsInvalidPointsCounter
 549/4010 Test  #553: PointCloudGeometryExtraction.NonFinitePositionIncrementsInvalidPointsCounter ....................................   Passed    0.05 sec
          Start  554: PointCloudGeometryExtraction.PerPointSizeSourceFailsClosedAsFailedPack
 550/4010 Test  #554: PointCloudGeometryExtraction.PerPointSizeSourceFailsClosedAsFailedPack ..........................................   Passed    0.06 sec
          Start  555: PointCloudGeometryExtraction.AddingProceduralRefAfterUploadReleasesPointCloudResidency
 551/4010 Test  #555: PointCloudGeometryExtraction.AddingProceduralRefAfterUploadReleasesPointCloudResidency ..........................   Passed    0.06 sec
          Start  556: PointCloudGeometryExtraction.LosingPointHintReleasesPointCloudResidency
 552/4010 Test  #556: PointCloudGeometryExtraction.LosingPointHintReleasesPointCloudResidency .........................................   Passed    0.06 sec
          Start  557: PointCloudGeometryExtraction.UnsupportedSurfaceAndEdgeHintsFailClosed
 553/4010 Test  #557: PointCloudGeometryExtraction.UnsupportedSurfaceAndEdgeHintsFailClosed ...........................................   Passed    0.05 sec
          Start  558: PointCloudGeometryExtraction.UnsupportedSurfaceAndEdgeHintsReleasePriorResidency
 554/4010 Test  #558: PointCloudGeometryExtraction.UnsupportedSurfaceAndEdgeHintsReleasePriorResidency ................................   Passed    0.06 sec
          Start  559: PointCloudGeometryExtraction.VertexCountChangeFallsBackToFullUpload
 555/4010 Test  #559: PointCloudGeometryExtraction.VertexCountChangeFallsBackToFullUpload .............................................   Passed    0.06 sec
          Start  560: PointCloudGeometryExtraction.ReuploadFailureReleasesStaleResidencyAndPreservesDirtyTag
 556/4010 Test  #560: PointCloudGeometryExtraction.ReuploadFailureReleasesStaleResidencyAndPreservesDirtyTag ..........................   Passed    0.06 sec
          Start  561: PointCloudGeometryExtraction.SwitchingToUnsupportedSizeSourceReleasesResidency
 557/4010 Test  #561: PointCloudGeometryExtraction.SwitchingToUnsupportedSizeSourceReleasesResidency ..................................   Passed    0.06 sec
          Start  562: ParameterizationOperations.StableTokensAndAllImplementedStrategiesWriteFiniteUvs
 558/4010 Test  #562: ParameterizationOperations.StableTokensAndAllImplementedStrategiesWriteFiniteUvs ................................   Passed    0.01 sec
          Start  563: ParameterizationOperations.UndoRedoRestoresAbsentUvProperty
 559/4010 Test  #563: ParameterizationOperations.UndoRedoRestoresAbsentUvProperty .....................................................   Passed    0.00 sec
          Start  564: ParameterizationOperations.UndoRedoRestoresPresentUvValues
 560/4010 Test  #564: ParameterizationOperations.UndoRedoRestoresPresentUvValues ......................................................   Passed    0.00 sec
          Start  565: ParameterizationOperations.HistoryRejectsInterveningGeometryState
 561/4010 Test  #565: ParameterizationOperations.HistoryRejectsInterveningGeometryState ...............................................   Passed    0.00 sec
          Start  566: ParameterizationOperations.HistoryDoesNotRetainSessionOwnedModelCache
 562/4010 Test  #566: ParameterizationOperations.HistoryDoesNotRetainSessionOwnedModelCache ...........................................   Passed    0.00 sec
          Start  567: ParameterizationOperations.DeletedVertexTombstonePreservesStorageUvs
 563/4010 Test  #567: ParameterizationOperations.DeletedVertexTombstonePreservesStorageUvs ............................................   Passed    0.00 sec
          Start  568: ParameterizationOperations.ConfiguredPathReadsActiveEngineConfig
 564/4010 Test  #568: ParameterizationOperations.ConfiguredPathReadsActiveEngineConfig ................................................   Passed    0.00 sec
          Start  569: ParameterizationOperations.EditorConfigHelperUsesValidatedHotApplyLane
 565/4010 Test  #569: ParameterizationOperations.EditorConfigHelperUsesValidatedHotApplyLane ..........................................   Passed    0.04 sec
          Start  570: ParameterizationOperations.ConfigSourcesProduceIdenticalStateAndUvs
 566/4010 Test  #570: ParameterizationOperations.ConfigSourcesProduceIdenticalStateAndUvs .............................................   Passed    0.10 sec
          Start  571: ParameterizationOperations.IdenticalInputAndConfigAreDeterministic
 567/4010 Test  #571: ParameterizationOperations.IdenticalInputAndConfigAreDeterministic ..............................................   Passed    0.01 sec
          Start  572: ParameterizationOperations.SectionValidationKeepsNestedReferenceFallbackAtomic
 568/4010 Test  #572: ParameterizationOperations.SectionValidationKeepsNestedReferenceFallbackAtomic ..................................   Passed    0.00 sec
          Start  573: ParameterizationOperations.InvalidEnumsAndNarrowingFailClosed
 569/4010 Test  #573: ParameterizationOperations.InvalidEnumsAndNarrowingFailClosed ...................................................   Passed    0.00 sec
          Start  574: ParameterizationOperations.InvalidConfigEditDoesNotSerializeFallbackToken
 570/4010 Test  #574: ParameterizationOperations.InvalidConfigEditDoesNotSerializeFallbackToken .......................................   Passed    0.00 sec
          Start  575: ParameterizationOperations.WrongTypedUvAndNonTriangleFacesFailClosed
 571/4010 Test  #575: ParameterizationOperations.WrongTypedUvAndNonTriangleFacesFailClosed ............................................   Passed    0.00 sec
          Start  576: ParameterizationOperations.ViewModelIsPointerFreeAndCarriesAggregateDiagnostics
 572/4010 Test  #576: ParameterizationOperations.ViewModelIsPointerFreeAndCarriesAggregateDiagnostics .................................   Passed    0.00 sec
          Start  577: ParameterizationOperations.ViewModelFansFaceDiagnosticsIntoRenderedTriangles
 573/4010 Test  #577: ParameterizationOperations.ViewModelFansFaceDiagnosticsIntoRenderedTriangles ....................................   Passed    0.00 sec
          Start  578: ParameterizationOperations.FaceDiagnosticsRequireTheExactGeometryAndUvFingerprint
 574/4010 Test  #578: ParameterizationOperations.FaceDiagnosticsRequireTheExactGeometryAndUvFingerprint ...............................   Passed    0.01 sec
          Start  579: ParameterizationOperations.DeletedFaceTombstoneKeepsDiagnosticsAlignedWithSourceFaceStorage
 575/4010 Test  #579: ParameterizationOperations.DeletedFaceTombstoneKeepsDiagnosticsAlignedWithSourceFaceStorage .....................   Passed    0.01 sec
          Start  580: ParameterizationOperations.CpuViewDisablesGpuWorkAndReportsBackgroundFallback
 576/4010 Test  #580: ParameterizationOperations.CpuViewDisablesGpuWorkAndReportsBackgroundFallback ...................................   Passed    0.01 sec
          Start  581: ParameterizationOperations.GpuViewWithoutCommandSurfaceReportsCpuFallback
 577/4010 Test  #581: ParameterizationOperations.GpuViewWithoutCommandSurfaceReportsCpuFallback .......................................   Passed    0.01 sec
          Start  582: ParameterizationOperations.GpuViewRequestTokenIsStableAndSemantic
 578/4010 Test  #582: ParameterizationOperations.GpuViewRequestTokenIsStableAndSemantic ...............................................   Passed    0.01 sec
          Start  583: PrimitiveSelectionRefinement.MeshFaceHintAnchorsFaceWithNearestVertexAndEdge
 579/4010 Test  #583: PrimitiveSelectionRefinement.MeshFaceHintAnchorsFaceWithNearestVertexAndEdge ....................................   Passed    0.00 sec
          Start  584: PrimitiveSelectionRefinement.MeshFaceHintWithoutAnchorReportsCentroidOnly
 580/4010 Test  #584: PrimitiveSelectionRefinement.MeshFaceHintWithoutAnchorReportsCentroidOnly .......................................   Passed    0.00 sec
          Start  585: PrimitiveSelectionRefinement.MeshEdgeHintReturnsEdgeAndNearestEndpoint
 581/4010 Test  #585: PrimitiveSelectionRefinement.MeshEdgeHintReturnsEdgeAndNearestEndpoint ..........................................   Passed    0.00 sec
          Start  586: PrimitiveSelectionRefinement.MeshPointHintResolvesVertex
 582/4010 Test  #586: PrimitiveSelectionRefinement.MeshPointHintResolvesVertex ........................................................   Passed    0.00 sec
          Start  587: PrimitiveSelectionRefinement.MeshEntityHintSelectsWholeEntity
 583/4010 Test  #587: PrimitiveSelectionRefinement.MeshEntityHintSelectsWholeEntity ...................................................   Passed    0.00 sec
          Start  588: PrimitiveSelectionRefinement.TransformAppliesToWorldHit
 584/4010 Test  #588: PrimitiveSelectionRefinement.TransformAppliesToWorldHit .........................................................   Passed    0.00 sec
          Start  589: PrimitiveSelectionRefinement.MeshFaceIndexOutOfRangeFailsClosed
 585/4010 Test  #589: PrimitiveSelectionRefinement.MeshFaceIndexOutOfRangeFailsClosed .................................................   Passed    0.00 sec
          Start  590: PrimitiveSelectionRefinement.MeshMissingPositionsFailsClosed
 586/4010 Test  #590: PrimitiveSelectionRefinement.MeshMissingPositionsFailsClosed ....................................................   Passed    0.00 sec
          Start  591: PrimitiveSelectionRefinement.MeshFaceHintMapsTrianglePayloadToFaceRow
 587/4010 Test  #591: PrimitiveSelectionRefinement.MeshFaceHintMapsTrianglePayloadToFaceRow ...........................................   Passed    0.00 sec
          Start  592: PrimitiveSelectionRefinement.SurfaceTriangleFaceMapMatchesCanonicalTopology
 588/4010 Test  #592: PrimitiveSelectionRefinement.SurfaceTriangleFaceMapMatchesCanonicalTopology .....................................   Passed    0.00 sec
          Start  593: PrimitiveSelectionRefinement.GraphEdgeHintReturnsEdgeAndNearestEndpoint
 589/4010 Test  #593: PrimitiveSelectionRefinement.GraphEdgeHintReturnsEdgeAndNearestEndpoint .........................................   Passed    0.00 sec
          Start  594: PrimitiveSelectionRefinement.GraphPointHintReturnsNode
 590/4010 Test  #594: PrimitiveSelectionRefinement.GraphPointHintReturnsNode ..........................................................   Passed    0.00 sec
          Start  595: PrimitiveSelectionRefinement.GraphFaceHintIsUnsupported
 591/4010 Test  #595: PrimitiveSelectionRefinement.GraphFaceHintIsUnsupported .........................................................   Passed    0.00 sec
          Start  596: PrimitiveSelectionRefinement.PointCloudPointHintReturnsPoint
 592/4010 Test  #596: PrimitiveSelectionRefinement.PointCloudPointHintReturnsPoint ....................................................   Passed    0.00 sec
          Start  597: PrimitiveSelectionRefinement.PointCloudPointIndexOutOfRangeFailsClosed
 593/4010 Test  #597: PrimitiveSelectionRefinement.PointCloudPointIndexOutOfRangeFailsClosed ..........................................   Passed    0.00 sec
          Start  598: PrimitiveSelectionRefinement.PointCloudEdgeHintIsUnsupported
 594/4010 Test  #598: PrimitiveSelectionRefinement.PointCloudEdgeHintIsUnsupported ....................................................   Passed    0.00 sec
          Start  599: PrimitiveSelectionRefinement.PointCloudMissingHintRayFallbackResolvesNearestPoint
 595/4010 Test  #599: PrimitiveSelectionRefinement.PointCloudMissingHintRayFallbackResolvesNearestPoint ...............................   Passed    0.00 sec
          Start  600: PrimitiveSelectionRefinement.RayFallbackOutsideRadiusMissesClosed
 596/4010 Test  #600: PrimitiveSelectionRefinement.RayFallbackOutsideRadiusMissesClosed ...............................................   Passed    0.00 sec
          Start  601: PrimitiveSelectionRefinement.MissingHintWithoutRayIsUnsupported
 597/4010 Test  #601: PrimitiveSelectionRefinement.MissingHintWithoutRayIsUnsupported .................................................   Passed    0.00 sec
          Start  602: PrimitiveSelectionRefinement.DegenerateRayFallbackMissesClosed
 598/4010 Test  #602: PrimitiveSelectionRefinement.DegenerateRayFallbackMissesClosed ..................................................   Passed    0.00 sec
          Start  603: PrimitiveSelectionRefinement.RayFallbackReportsTransformedWorldHit
 599/4010 Test  #603: PrimitiveSelectionRefinement.RayFallbackReportsTransformedWorldHit ..............................................   Passed    0.00 sec
          Start  604: PrimitiveSelectionRefinement.MeshMissingHintRayFallbackResolvesNearestVertex
 600/4010 Test  #604: PrimitiveSelectionRefinement.MeshMissingHintRayFallbackResolvesNearestVertex ....................................   Passed    0.00 sec
          Start  605: PrimitiveSelectionRefinement.GraphMissingHintRayFallbackResolvesNearestNode
 601/4010 Test  #605: PrimitiveSelectionRefinement.GraphMissingHintRayFallbackResolvesNearestNode .....................................   Passed    0.00 sec
          Start  606: PrimitiveSelectionRefinement.StaleEntityIsRejectedBeforeGeometry
 602/4010 Test  #606: PrimitiveSelectionRefinement.StaleEntityIsRejectedBeforeGeometry ................................................   Passed    0.00 sec
          Start  607: PrimitiveSelectionRefinement.NoneDomainIsUnsupported
 603/4010 Test  #607: PrimitiveSelectionRefinement.NoneDomainIsUnsupported ............................................................   Passed    0.00 sec
          Start  608: MeshSurfaceTopology.CorruptRingVariantsFailClosedAndClearOutputs
 604/4010 Test  #608: MeshSurfaceTopology.CorruptRingVariantsFailClosedAndClearOutputs ................................................   Passed    0.00 sec
          Start  609: MeshSurfaceTopology.MissingOwnershipPropertyFailsClosed
 605/4010 Test  #609: MeshSurfaceTopology.MissingOwnershipPropertyFailsClosed .........................................................   Passed    0.00 sec
          Start  610: MeshSurfaceTopology.DeletedFaceSlotsAreSkipped
 606/4010 Test  #610: MeshSurfaceTopology.DeletedFaceSlotsAreSkipped ..................................................................   Passed    0.00 sec
          Start  611: MeshSurfaceTopology.AllDeletedFacesAreDegenerate
 607/4010 Test  #611: MeshSurfaceTopology.AllDeletedFacesAreDegenerate ................................................................   Passed    0.00 sec
          Start  612: PrimitiveSelectionRefinementWiring.FaceHitResolvesToFaceRowAndWorldHit
 608/4010 Test  #612: PrimitiveSelectionRefinementWiring.FaceHitResolvesToFaceRowAndWorldHit ..........................................   Passed    0.00 sec
          Start  613: PrimitiveSelectionRefinementWiring.PointHitResolvesToMeshVertex
 609/4010 Test  #613: PrimitiveSelectionRefinementWiring.PointHitResolvesToMeshVertex .................................................   Passed    0.00 sec
          Start  614: PrimitiveSelectionRefinementWiring.PointHitResolvesToCloudPoint
 610/4010 Test  #614: PrimitiveSelectionRefinementWiring.PointHitResolvesToCloudPoint .................................................   Passed    0.00 sec
          Start  615: PrimitiveSelectionRefinementWiring.EntityHintResolvesToWholeEntity
 611/4010 Test  #615: PrimitiveSelectionRefinementWiring.EntityHintResolvesToWholeEntity ..............................................   Passed    0.00 sec
          Start  616: PrimitiveSelectionRefinementWiring.BackgroundReadbackResolvesToNoPrimitive
 612/4010 Test  #616: PrimitiveSelectionRefinementWiring.BackgroundReadbackResolvesToNoPrimitive ......................................   Passed    0.00 sec
          Start  617: PrimitiveSelectionRefinementWiring.StaleRenderIdReportsStaleEntity
 613/4010 Test  #617: PrimitiveSelectionRefinementWiring.StaleRenderIdReportsStaleEntity ..............................................   Passed    0.01 sec
          Start  618: PrimitiveSelectionRefinementWiring.LiveEntityWithoutGeometryIsUnsupportedDomain
 614/4010 Test  #618: PrimitiveSelectionRefinementWiring.LiveEntityWithoutGeometryIsUnsupportedDomain .................................   Passed    0.00 sec
          Start  619: PrimitiveSelectionRefinementWiring.NewestReadbackWinsAndBackgroundClears
 615/4010 Test  #619: PrimitiveSelectionRefinementWiring.NewestReadbackWinsAndBackgroundClears ........................................   Passed    0.01 sec
          Start  620: PrimitiveSelectionRefinementWiring.EmptyDrainRetainsPriorCache
 616/4010 Test  #620: PrimitiveSelectionRefinementWiring.EmptyDrainRetainsPriorCache ..................................................   Passed    0.00 sec
          Start  621: PrimitiveSelectionRefinementWiring.UnprojectPickDepthLandsOnCameraPickRay
 617/4010 Test  #621: PrimitiveSelectionRefinementWiring.UnprojectPickDepthLandsOnCameraPickRay .......................................   Passed    0.00 sec
          Start  622: PrimitiveSelectionRefinementWiring.FaceHitWithDepthContextAnchorsClosestVertexAndEdge
 618/4010 Test  #622: PrimitiveSelectionRefinementWiring.FaceHitWithDepthContextAnchorsClosestVertexAndEdge ...........................   Passed    0.00 sec
          Start  623: PrimitiveSelectionRefinementWiring.DepthCursorIsTransformedIntoEntityLocalSpace
 619/4010 Test  #623: PrimitiveSelectionRefinementWiring.DepthCursorIsTransformedIntoEntityLocalSpace .................................   Passed    0.00 sec
          Start  624: PrimitiveSelectionRefinementWiring.DepthClearValueSkipsCursorAnchor
 620/4010 Test  #624: PrimitiveSelectionRefinementWiring.DepthClearValueSkipsCursorAnchor .............................................   Passed    0.00 sec
          Start  625: PrimitiveSelectionRefinementWiring.MissingHintResolvesThroughContextRayFallback
 621/4010 Test  #625: PrimitiveSelectionRefinementWiring.MissingHintResolvesThroughContextRayFallback .................................   Passed    0.00 sec
          Start  626: PrimitiveSelectionRefinementWiring.IsOrthographicProjectionDistinguishesProjectionKinds
 622/4010 Test  #626: PrimitiveSelectionRefinementWiring.IsOrthographicProjectionDistinguishesProjectionKinds .........................   Passed    0.01 sec
          Start  627: PrimitiveSelectionRefinementWiring.OrthographicFallbackRadiusDoesNotScaleWithHitDistance
 623/4010 Test  #627: PrimitiveSelectionRefinementWiring.OrthographicFallbackRadiusDoesNotScaleWithHitDistance ........................   Passed    0.00 sec
          Start  628: PrimitiveSelectionRefinementWiring.OrthographicFallbackStillResolvesWithinPixelFootprint
 624/4010 Test  #628: PrimitiveSelectionRefinementWiring.OrthographicFallbackStillResolvesWithinPixelFootprint ........................   Passed    0.01 sec
          Start  629: ProceduralGeometryExtraction.SingleRenderableProducesOneInstanceAndOneGeometry
 625/4010 Test  #629: ProceduralGeometryExtraction.SingleRenderableProducesOneInstanceAndOneGeometry ..................................   Passed    0.06 sec
          Start  630: ProceduralGeometryExtraction.TwoRenderablesSharingKeyShareGeometryAndDedup
 626/4010 Test  #630: ProceduralGeometryExtraction.TwoRenderablesSharingKeyShareGeometryAndDedup ......................................   Passed    0.06 sec
          Start  631: ProceduralGeometryExtraction.GpuWorldReportsBoundGeometryForProceduralInstance
 627/4010 Test  #631: ProceduralGeometryExtraction.GpuWorldReportsBoundGeometryForProceduralInstance ..................................   Passed    0.06 sec
          Start  632: ProceduralGeometryExtraction.AssetAndProceduralSourcesOnSameEntityIncrementConflict
 628/4010 Test  #632: ProceduralGeometryExtraction.AssetAndProceduralSourcesOnSameEntityIncrementConflict .............................   Passed    0.06 sec
          Start  633: ProceduralGeometryExtraction.ProceduralSourceClearsSlotSourceAssetSentinel
 629/4010 Test  #633: ProceduralGeometryExtraction.ProceduralSourceClearsSlotSourceAssetSentinel ......................................   Passed    0.06 sec
          Start  634: ProceduralGeometryExtraction.EntityDestructionRetiresGeometryAfterDeferredWindow
 630/4010 Test  #634: ProceduralGeometryExtraction.EntityDestructionRetiresGeometryAfterDeferredWindow ................................   Passed    0.06 sec
          Start  635: ProceduralGeometryExtraction.RecreateProceduralEntityCancelsRetireAndKeepsHandle
 631/4010 Test  #635: ProceduralGeometryExtraction.RecreateProceduralEntityCancelsRetireAndKeepsHandle ................................   Passed    0.06 sec
          Start  636: CameraControllerRegistryWorldBinding.SetWorldSeedRejectsInvalidUnboundAndWrongWorldWithoutMutation
 632/4010 Test  #636: CameraControllerRegistryWorldBinding.SetWorldSeedRejectsInvalidUnboundAndWrongWorldWithoutMutation ..............   Passed    0.00 sec
          Start  637: CameraControllerRegistryWorldBinding.EqualHandleResetClearsSlotsTransitionAndSeed
 633/4010 Test  #637: CameraControllerRegistryWorldBinding.EqualHandleResetClearsSlotsTransitionAndSeed ...............................   Passed    0.00 sec
          Start  638: CameraControllerRegistryWorldBinding.AwayAndBackNeverResurrectsControllerOrSeed
 634/4010 Test  #638: CameraControllerRegistryWorldBinding.AwayAndBackNeverResurrectsControllerOrSeed .................................   Passed    0.00 sec
          Start  639: CameraModuleLifecycle.PublishesExactRegistryResolvesAndWithdrawsOnShutdown
 635/4010 Test  #639: CameraModuleLifecycle.PublishesExactRegistryResolvesAndWithdrawsOnShutdown ......................................   Passed    0.00 sec
          Start  640: CameraModuleLifecycle.DuplicateForeignPublicationFailsWithoutMutatingForeignService
 636/4010 Test  #640: CameraModuleLifecycle.DuplicateForeignPublicationFailsWithoutMutatingForeignService .............................   Passed    0.00 sec
          Start  641: CameraModuleLifecycle.MissingViewportRegistrarRollsBackPublicationAndSubscriptions
 637/4010 Test  #641: CameraModuleLifecycle.MissingViewportRegistrarRollsBackPublicationAndSubscriptions ..............................   Passed    0.00 sec
          Start  642: CameraModuleLifecycle.ShutdownWithdrawsOnlyOwnedInstance
 638/4010 Test  #642: CameraModuleLifecycle.ShutdownWithdrawsOnlyOwnedInstance ........................................................   Passed    0.00 sec
          Start  643: CameraModuleLifecycle.ShutdownReinitializeWithRecycledBitsStartsEmpty
 639/4010 Test  #643: CameraModuleLifecycle.ShutdownReinitializeWithRecycledBitsStartsEmpty ...........................................   Passed    0.00 sec
          Start  644: CameraModuleWorldLifecycle.ActiveWorldChangeAndRetirementClearBoundState
 640/4010 Test  #644: CameraModuleWorldLifecycle.ActiveWorldChangeAndRetirementClearBoundState ........................................   Passed    0.00 sec
          Start  645: CameraModuleViewportHook.HandleMismatchResetsBeforeDisabledConfigReturns
 641/4010 Test  #645: CameraModuleViewportHook.HandleMismatchResetsBeforeDisabledConfigReturns ........................................   Passed    0.00 sec
          Start  646: CameraModuleViewportHook.DisabledThenHotEnabledUsesWorldSeedAndConsumesTransitionOnce
 642/4010 Test  #646: CameraModuleViewportHook.DisabledThenHotEnabledUsesWorldSeedAndConsumesTransitionOnce ...........................   Passed    0.00 sec
          Start  647: CameraModuleViewportHook.EditorCaptureSuppressesUpdateButStillPublishesView
 643/4010 Test  #647: CameraModuleViewportHook.EditorCaptureSuppressesUpdateButStillPublishesView .....................................   Passed    0.00 sec
          Start  648: CameraModuleComposition.OptionalOmissionPublishesNoService
 644/4010 Test  #648: CameraModuleComposition.OptionalOmissionPublishesNoService ......................................................   Passed    0.04 sec
          Start  649: CameraModuleComposition.ComposedNullWindowFirstFrameBuildsFiniteCamera
 645/4010 Test  #649: CameraModuleComposition.ComposedNullWindowFirstFrameBuildsFiniteCamera ..........................................   Passed    0.04 sec
          Start  650: RuntimeCameraControllers.OrbitProducesValidFiniteViewAndClampsRadius
 646/4010 Test  #650: RuntimeCameraControllers.OrbitProducesValidFiniteViewAndClampsRadius ............................................   Passed    0.00 sec
          Start  651: RuntimeCameraControllers.OrbitYawWrapsDuringMouseDrag
 647/4010 Test  #651: RuntimeCameraControllers.OrbitYawWrapsDuringMouseDrag ...........................................................   Passed    0.00 sec
          Start  652: RuntimeCameraControllers.OrbitAlsoRotatesWithMiddleMouseDrag
 648/4010 Test  #652: RuntimeCameraControllers.OrbitAlsoRotatesWithMiddleMouseDrag ....................................................   Passed    0.00 sec
          Start  653: RuntimeCameraControllers.OrbitMouseUpDragMovesCameraAboveTarget
 649/4010 Test  #653: RuntimeCameraControllers.OrbitMouseUpDragMovesCameraAboveTarget .................................................   Passed    0.00 sec
          Start  654: RuntimeCameraControllers.OrbitDragCanCrossPitchPoleAndInvertUpVector
 650/4010 Test  #654: RuntimeCameraControllers.OrbitDragCanCrossPitchPoleAndInvertUpVector ............................................   Passed    0.00 sec
          Start  655: RuntimeCameraControllers.FlyMovementScalesWithDeltaTime
 651/4010 Test  #655: RuntimeCameraControllers.FlyMovementScalesWithDeltaTime .........................................................   Passed    0.00 sec
          Start  656: RuntimeCameraControllers.FlyMouseLookUsesLegacyRightButtonYawPitchSign
 652/4010 Test  #656: RuntimeCameraControllers.FlyMouseLookUsesLegacyRightButtonYawPitchSign ..........................................   Passed    0.00 sec
          Start  657: RuntimeCameraControllers.FlyKeyboardMappingUsesLegacyAxesAndShiftScalar
 653/4010 Test  #657: RuntimeCameraControllers.FlyKeyboardMappingUsesLegacyAxesAndShiftScalar .........................................   Passed    0.00 sec
          Start  658: RuntimeCameraControllers.RegistryReplacementCanSeedNextControllerFromTerminalView
 654/4010 Test  #658: RuntimeCameraControllers.RegistryReplacementCanSeedNextControllerFromTerminalView ...............................   Passed    0.00 sec
          Start  659: RuntimeCameraControllers.RegistryCameraTransitionFlagIsOneShotPerSlot
 655/4010 Test  #659: RuntimeCameraControllers.RegistryCameraTransitionFlagIsOneShotPerSlot ...........................................   Passed    0.00 sec
          Start  660: RuntimeCameraControllers.FactoryCreatesEveryControllerKindWithValidView
 656/4010 Test  #660: RuntimeCameraControllers.FactoryCreatesEveryControllerKindWithValidView .........................................   Passed    0.00 sec
          Start  661: RuntimeCameraControllers.FactorySeedsEveryControllerKindOnReferenceTriangleFocus
 657/4010 Test  #661: RuntimeCameraControllers.FactorySeedsEveryControllerKindOnReferenceTriangleFocus ................................   Passed    0.00 sec
          Start  662: RuntimeCameraControllers.FocusCentersOffOriginTargetForEveryControllerKind
 658/4010 Test  #662: RuntimeCameraControllers.FocusCentersOffOriginTargetForEveryControllerKind ......................................   Passed    0.00 sec
          Start  663: RuntimeCameraControllers.TopDownUsesOrthographicProjectionAndClampsZoom
 659/4010 Test  #663: RuntimeCameraControllers.TopDownUsesOrthographicProjectionAndClampsZoom .........................................   Passed    0.00 sec
          Start  664: RuntimeCameraControllers.RegistryCanSeedTopDownFromTerminalReferenceView
 660/4010 Test  #664: RuntimeCameraControllers.RegistryCanSeedTopDownFromTerminalReferenceView ........................................   Passed    0.00 sec
          Start  665: RuntimeCameraControllers.FreeLookRollChangesUpVectorAndStaysValid
 661/4010 Test  #665: RuntimeCameraControllers.FreeLookRollChangesUpVectorAndStaysValid ...............................................   Passed    0.00 sec
          Start  666: RuntimeCameraControllers.RegistrySupportsMultipleCameraSlots
 662/4010 Test  #666: RuntimeCameraControllers.RegistrySupportsMultipleCameraSlots ....................................................   Passed    0.00 sec
          Start  667: RuntimeConfigControl.AgentCliControlsRecipeAndEngineConfigWithoutUi
 663/4010 Test  #667: RuntimeConfigControl.AgentCliControlsRecipeAndEngineConfigWithoutUi .............................................   Passed    0.04 sec
          Start  668: RuntimeConfigControl.BootOnlyEngineConfigDifferencesAreRejected
 664/4010 Test  #668: RuntimeConfigControl.BootOnlyEngineConfigDifferencesAreRejected .................................................   Passed    0.04 sec
          Start  669: RuntimeConfigControl.GpuProfilingHotApplyIsSynchronousForEditorAndAgentCli
 665/4010 Test  #669: RuntimeConfigControl.GpuProfilingHotApplyIsSynchronousForEditorAndAgentCli ......................................   Passed    0.04 sec
          Start  670: RuntimeConfigControl.BootGpuProfilingConfigReachesRendererWithoutControlOrEditor
 666/4010 Test  #670: RuntimeConfigControl.BootGpuProfilingConfigReachesRendererWithoutControlOrEditor ................................   Passed    0.04 sec
          Start  671: RuntimeConfigControl.UiEndHotToggleControlsTheSameFramesImmutableRenderSnapshot
 667/4010 Test  #671: RuntimeConfigControl.UiEndHotToggleControlsTheSameFramesImmutableRenderSnapshot .................................   Passed    0.04 sec
          Start  672: RuntimeConfigControl.GenericSectionChangesAreLexicallyReportedAndCallbacksObserveCommit
 668/4010 Test  #672: RuntimeConfigControl.GenericSectionChangesAreLexicallyReportedAndCallbacksObserveCommit .........................   Passed    0.04 sec
          Start  673: RuntimeConfigControl.SectionCallbacksDoNotRunForPreviewNoChangeOrRejectedApply
 669/4010 Test  #673: RuntimeConfigControl.SectionCallbacksDoNotRunForPreviewNoChangeOrRejectedApply ..................................   Passed    0.04 sec
          Start  674: RuntimeConfigControl.InvalidHotRecipeConfigPreservesActiveOverride
 670/4010 Test  #674: RuntimeConfigControl.InvalidHotRecipeConfigPreservesActiveOverride ..............................................   Passed    0.04 sec
          Start  675: RuntimeConfigControl.ShutdownAndReinitializeWithdrawRebindAndResetExactControl
 671/4010 Test  #675: RuntimeConfigControl.ShutdownAndReinitializeWithdrawRebindAndResetExactControl ..................................   Passed    0.07 sec
          Start  676: RuntimeConfigControl.EditorAndAgentPreviewUseSameResult
 672/4010 Test  #676: RuntimeConfigControl.EditorAndAgentPreviewUseSameResult .........................................................   Passed    0.04 sec
          Start  677: RuntimeEngineConfigBoot.CommandLineConfigOverridesReferenceDefaults
 673/4010 Test  #677: RuntimeEngineConfigBoot.CommandLineConfigOverridesReferenceDefaults .............................................   Passed    0.00 sec
          Start  678: RuntimeEngineConfigBoot.MissingExplicitPathFallsBackToReferenceConfig
 674/4010 Test  #678: RuntimeEngineConfigBoot.MissingExplicitPathFallsBackToReferenceConfig ...........................................   Passed    0.00 sec
          Start  679: RuntimeEngineConfigBoot.RegistryDefaultsAndFileSectionsFlowThroughBoot
 675/4010 Test  #679: RuntimeEngineConfigBoot.RegistryDefaultsAndFileSectionsFlowThroughBoot ..........................................   Passed    0.00 sec
          Start  680: RuntimeEngineLayering.RunFrameDoesNotUseGpuResourceOrPassLevelDetails
 676/4010 Test  #680: RuntimeEngineLayering.RunFrameDoesNotUseGpuResourceOrPassLevelDetails ...........................................   Passed    0.00 sec
          Start  681: RuntimeEngineLayering.ProductionSourceHasNoApplicationCallbackLifecycle
 677/4010 Test  #681: RuntimeEngineLayering.ProductionSourceHasNoApplicationCallbackLifecycle .........................................   Passed    0.01 sec
          Start  682: RuntimeEngineLayering.RunFrameDelegatesToPromotedContractsInDocumentedBroadPhaseOrder
 678/4010 Test  #682: RuntimeEngineLayering.RunFrameDelegatesToPromotedContractsInDocumentedBroadPhaseOrder ...........................   Passed    0.00 sec
          Start  683: RuntimeEngineLayering.RunFrameAppliesJobCompletionsWithBoundedBudget
 679/4010 Test  #683: RuntimeEngineLayering.RunFrameAppliesJobCompletionsWithBoundedBudget ............................................   Passed    0.00 sec
          Start  684: RuntimeEngineLayering.RunFrameStopsAfterPlatformCloseBeforeRendererContract
 680/4010 Test  #684: RuntimeEngineLayering.RunFrameStopsAfterPlatformCloseBeforeRendererContract .....................................   Passed    0.00 sec
          Start  685: RuntimeEngineLayering.EngineDelegatesGpuQueueLifecycleToJobService
 681/4010 Test  #685: RuntimeEngineLayering.EngineDelegatesGpuQueueLifecycleToJobService ..............................................   Passed    0.00 sec
          Start  686: RuntimeEngineLayering.TextureBakeModuleOwnsSingleCanonicalGpuBakeComposition
 682/4010 Test  #686: RuntimeEngineLayering.TextureBakeModuleOwnsSingleCanonicalGpuBakeComposition ....................................   Passed    0.00 sec
          Start  687: RuntimeEngineLayering.SceneInteractionModuleOwnsGizmoFrameServiceOutOfEngine
 683/4010 Test  #687: RuntimeEngineLayering.SceneInteractionModuleOwnsGizmoFrameServiceOutOfEngine ....................................   Passed    0.00 sec
          Start  688: RuntimeEngineLayering.UnifiedEditorMutationHistoryHasNoParallelProductionSurface
 684/4010 Test  #688: RuntimeEngineLayering.UnifiedEditorMutationHistoryHasNoParallelProductionSurface ................................   Passed    0.01 sec
          Start  689: RuntimeEngineLayering.RunFrameCarriesDataOnlyFrameContext
 685/4010 Test  #689: RuntimeEngineLayering.RunFrameCarriesDataOnlyFrameContext .......................................................   Passed    0.01 sec
          Start  690: RuntimeEngineLayering.GpuProfilingConfigIsSampledOnceAfterUiCaptureBeforeExtraction
 686/4010 Test  #690: RuntimeEngineLayering.GpuProfilingConfigIsSampledOnceAfterUiCaptureBeforeExtraction .............................   Passed    0.00 sec
          Start  691: RuntimeEngineLayering.PromotedFrameLoopContractPreservesRendererAndMaintenanceOrder
 687/4010 Test  #691: RuntimeEngineLayering.PromotedFrameLoopContractPreservesRendererAndMaintenanceOrder .............................   Passed    0.01 sec
          Start  692: RuntimeEngineLayering.RunFrameRegistersPromotedEcsSystemBundleBeforeCompile
 688/4010 Test  #692: RuntimeEngineLayering.RunFrameRegistersPromotedEcsSystemBundleBeforeCompile .....................................   Passed    0.01 sec
          Start  693: RuntimeEngineLayering.SupersededWorkSurfacesAreRetiredFromBuild
 689/4010 Test  #693: RuntimeEngineLayering.SupersededWorkSurfacesAreRetiredFromBuild .................................................   Passed    0.01 sec
          Start  694: RuntimeEngineLayering.SupersededGpuResultReadbackSurfacesAreRetiredFromBuild
 690/4010 Test  #694: RuntimeEngineLayering.SupersededGpuResultReadbackSurfacesAreRetiredFromBuild ....................................   Passed    0.01 sec
          Start  695: RuntimeEngineLayering.AsyncWorkModulePublishesOnlyKernelJobService
 691/4010 Test  #695: RuntimeEngineLayering.AsyncWorkModulePublishesOnlyKernelJobService ..............................................   Passed    0.00 sec
          Start  696: RuntimeEngineLayering.EngineConfigControlIsAnAppComposedModuleOutsideEngine
 692/4010 Test  #696: RuntimeEngineLayering.EngineConfigControlIsAnAppComposedModuleOutsideEngine .....................................   Passed    0.00 sec
          Start  697: RuntimeEngineLayering.MaintenanceHasNoOptionalStreamingFacade
 693/4010 Test  #697: RuntimeEngineLayering.MaintenanceHasNoOptionalStreamingFacade ...................................................   Passed    0.00 sec
          Start  698: RuntimeEngineLayering.ProductionAsyncSubmissionsCarryOwningWorldScope
 694/4010 Test  #698: RuntimeEngineLayering.ProductionAsyncSubmissionsCarryOwningWorldScope ...........................................   Passed    0.02 sec
          Start  699: RuntimeEngineLayering.SandboxEditorJobsUseSingleJobServiceSurface
 695/4010 Test  #699: RuntimeEngineLayering.SandboxEditorJobsUseSingleJobServiceSurface ...............................................   Passed    0.01 sec
          Start  700: RuntimeEngineLayering.FrameLoopContractDoesNotBecomeCompositionRoot
 696/4010 Test  #700: RuntimeEngineLayering.FrameLoopContractDoesNotBecomeCompositionRoot .............................................   Passed    0.00 sec
          Start  701: RuntimeEngineLayering.DeviceBootstrapKeepsBackendAndFallbackPolicyOutOfEngine
 697/4010 Test  #701: RuntimeEngineLayering.DeviceBootstrapKeepsBackendAndFallbackPolicyOutOfEngine ...................................   Passed    0.00 sec
          Start  702: RuntimeEngineLayering.ObsoleteMeshPrimitiveViewControlsAreDeleted
 698/4010 Test  #702: RuntimeEngineLayering.ObsoleteMeshPrimitiveViewControlsAreDeleted ...............................................   Passed    0.00 sec
          Start  703: RuntimeEngineLayering.CameraModuleAndAppOwnedReferenceBootstrapStayOutOfEngine
 699/4010 Test  #703: RuntimeEngineLayering.CameraModuleAndAppOwnedReferenceBootstrapStayOutOfEngine ..................................   Passed    0.00 sec
          Start  704: RuntimeEngineLayering.InputActionsKeepRegistryAndDispatchOutOfEngine
 700/4010 Test  #704: RuntimeEngineLayering.InputActionsKeepRegistryAndDispatchOutOfEngine ............................................   Passed    0.00 sec
          Start  705: RuntimeEngineLayering.RuntimeModuleScheduleKeepsRetainedHookPolicyOutOfEngine
 701/4010 Test  #705: RuntimeEngineLayering.RuntimeModuleScheduleKeepsRetainedHookPolicyOutOfEngine ...................................   Passed    0.00 sec
          Start  706: RuntimeEngineLayering.SelectionReadbackKeepsPickCorrelationCacheOutOfEngine
 702/4010 Test  #706: RuntimeEngineLayering.SelectionReadbackKeepsPickCorrelationCacheOutOfEngine .....................................   Passed    0.00 sec
          Start  707: RuntimeEngineLayering.EditorUiModulePrivatelyMirrorsImGuiFramePacingDiagnostics
 703/4010 Test  #707: RuntimeEngineLayering.EditorUiModulePrivatelyMirrorsImGuiFramePacingDiagnostics .................................   Passed    0.00 sec
          Start  708: RuntimeEngineLayering.AssetWorkflowShutdownDetachesBeforeGlobalGpuQuiescence
 704/4010 Test  #708: RuntimeEngineLayering.AssetWorkflowShutdownDetachesBeforeGlobalGpuQuiescence ....................................   Passed    0.00 sec
          Start  709: RuntimeEngineLayering.RenderGraphStaysOutOfECSAndCoreStaysOutOfGpuBarriers
 705/4010 Test  #709: RuntimeEngineLayering.RenderGraphStaysOutOfECSAndCoreStaysOutOfGpuBarriers ......................................   Passed    0.00 sec
          Start  710: RuntimeEngineLayering.RetiredSpatialDebugRegistryHasNoProductionSurface
 706/4010 Test  #710: RuntimeEngineLayering.RetiredSpatialDebugRegistryHasNoProductionSurface .........................................   Passed    0.00 sec
          Start  711: RuntimeEngineLayering.RetiredProgressivePresentationModulesAndSymbolsStayDeleted
 707/4010 Test  #711: RuntimeEngineLayering.RetiredProgressivePresentationModulesAndSymbolsStayDeleted ................................   Passed    0.01 sec
          Start  712: RuntimeEngineLayering.NoDuplicateGeometryPropertyVocabularyRemains
 708/4010 Test  #712: RuntimeEngineLayering.NoDuplicateGeometryPropertyVocabularyRemains ..............................................   Passed    0.01 sec
          Start  713: RuntimeEngineLayering.RetiredGeometryPackerAndLifecycleSurfacesStayDeleted
 709/4010 Test  #713: RuntimeEngineLayering.RetiredGeometryPackerAndLifecycleSurfacesStayDeleted ......................................   Passed    0.01 sec
          Start  714: RuntimeEnginePrivateGlue.FrameLoopHelpersArePrivateTextualGlue
 710/4010 Test  #714: RuntimeEnginePrivateGlue.FrameLoopHelpersArePrivateTextualGlue ..................................................   Passed    0.01 sec
          Start  715: RuntimeEnginePrivateGlue.TypedViewportInputDispatchKeepsCameraOutOfGenericFrameContext
 711/4010 Test  #715: RuntimeEnginePrivateGlue.TypedViewportInputDispatchKeepsCameraOutOfGenericFrameContext ..........................   Passed    0.00 sec
          Start  716: RuntimeEnginePrivateGlue.EditorUiModuleOwnsOptionalEditorUiComposition
 712/4010 Test  #716: RuntimeEnginePrivateGlue.EditorUiModuleOwnsOptionalEditorUiComposition ..........................................   Passed    0.00 sec
          Start  717: RuntimeEnginePrivateGlue.RenderExtractionServiceIsEnginePrivateImplementation
 713/4010 Test  #717: RuntimeEnginePrivateGlue.RenderExtractionServiceIsEnginePrivateImplementation ...................................   Passed    0.01 sec
          Start  718: RuntimeEnginePrivateGlue.EngineInterfaceCarriesOnlyOpaqueImplementationState
 714/4010 Test  #718: RuntimeEnginePrivateGlue.EngineInterfaceCarriesOnlyOpaqueImplementationState ....................................   Passed    0.01 sec
          Start  719: RuntimeEnginePrivateGlue.AssetWorkflowAndTextureBakeCompositionAreModuleOwned
 715/4010 Test  #719: RuntimeEnginePrivateGlue.AssetWorkflowAndTextureBakeCompositionAreModuleOwned ...................................   Passed    0.04 sec
          Start  720: RuntimeEnginePrivateGlue.AssetWorkflowImplementationModulesStayPrivateAndRetiredNamesStayDeleted
 716/4010 Test  #720: RuntimeEnginePrivateGlue.AssetWorkflowImplementationModulesStayPrivateAndRetiredNamesStayDeleted ................   Passed    0.00 sec
          Start  721: RuntimeEnginePrivateGlue.ClusteringServiceIsTheSoleKMeansRuntimeRoute
 717/4010 Test  #721: RuntimeEnginePrivateGlue.ClusteringServiceIsTheSoleKMeansRuntimeRoute ...........................................   Passed    0.00 sec
          Start  722: RuntimeInputActions.DefaultFocusKeyDispatchesRegisteredAction
 718/4010 Test  #722: RuntimeInputActions.DefaultFocusKeyDispatchesRegisteredAction ...................................................   Passed    0.04 sec
          Start  723: RuntimeInputActions.NoDefaultInputActionsLeaveFocusKeyNoOp
 719/4010 Test  #723: RuntimeInputActions.NoDefaultInputActionsLeaveFocusKeyNoOp ......................................................   Passed    0.04 sec
          Start  724: RuntimeInputActions.MissingCameraOmitsSandboxFocusActionButGenericActionsRun
 720/4010 Test  #724: RuntimeInputActions.MissingCameraOmitsSandboxFocusActionButGenericActionsRun ....................................   Passed    0.04 sec
          Start  725: RuntimeRenderRecipeActivation.StartupRecipeConfigDisablesPostprocessOnFirstFrame
 721/4010 Test  #725: RuntimeRenderRecipeActivation.StartupRecipeConfigDisablesPostprocessOnFirstFrame ................................   Passed    0.04 sec
          Start  726: RuntimeRenderRecipeActivation.MissingStartupRecipeConfigFallsBackToDefault
 722/4010 Test  #726: RuntimeRenderRecipeActivation.MissingStartupRecipeConfigFallsBackToDefault ......................................   Passed    0.04 sec
          Start  727: RuntimeRenderRecipeActivation.InvalidStartupRecipeConfigFallsBackToDefault
 723/4010 Test  #727: RuntimeRenderRecipeActivation.InvalidStartupRecipeConfigFallsBackToDefault ......................................   Passed    0.04 sec
          Start  728: RuntimeRenderRecipeActivation.EmptyStartupRecipePathWithComposedControlUsesDefault
 724/4010 Test  #728: RuntimeRenderRecipeActivation.EmptyStartupRecipePathWithComposedControlUsesDefault ..............................   Passed    0.04 sec
          Start  729: RuntimeRenderRecipeActivation.ValidStartupRecipeAppliesWhenControlModuleIsOmitted
 725/4010 Test  #729: RuntimeRenderRecipeActivation.ValidStartupRecipeAppliesWhenControlModuleIsOmitted ...............................   Passed    0.04 sec
          Start  730: RuntimeRenderRecipeActivation.MissingAndInvalidStartupRecipesUseDefaultWhenControlModuleIsOmitted
 726/4010 Test  #730: RuntimeRenderRecipeActivation.MissingAndInvalidStartupRecipesUseDefaultWhenControlModuleIsOmitted ...............   Passed    0.07 sec
          Start  731: RuntimeRenderRecipeActivation.EmptyStartupRecipePathUsesDefaultWhenControlModuleIsOmitted
 727/4010 Test  #731: RuntimeRenderRecipeActivation.EmptyStartupRecipePathUsesDefaultWhenControlModuleIsOmitted .......................   Passed    0.04 sec
          Start  732: RuntimeRenderRecipeActivation.ComposedControlCopiesAlreadyAppliedStartupStateWithoutReloading
 728/4010 Test  #732: RuntimeRenderRecipeActivation.ComposedControlCopiesAlreadyAppliedStartupStateWithoutReloading ...................   Passed    0.04 sec
          Start  733: RuntimeRenderRecipeActivation.ConfigControlServiceIsFullyUsableByEarlierResolveConsumer
 729/4010 Test  #733: RuntimeRenderRecipeActivation.ConfigControlServiceIsFullyUsableByEarlierResolveConsumer .........................   Passed    0.04 sec
          Start  734: RuntimeRenderRecipeActivation.EditorActivationCommandRoutesThroughRuntimeApplyPath
 730/4010 Test  #734: RuntimeRenderRecipeActivation.EditorActivationCommandRoutesThroughRuntimeApplyPath ..............................   Passed    0.04 sec
          Start  735: RuntimeCameraFocusCommand.EmptyInputYieldsNoTarget
 731/4010 Test  #735: RuntimeCameraFocusCommand.EmptyInputYieldsNoTarget ..............................................................   Passed    0.00 sec
          Start  736: RuntimeCameraFocusCommand.SingleSphereFocusesItsCenterAndRadius
 732/4010 Test  #736: RuntimeCameraFocusCommand.SingleSphereFocusesItsCenterAndRadius .................................................   Passed    0.00 sec
          Start  737: RuntimeCameraFocusCommand.TwoSeparatedSpheresUseCenterOfMassAndEnclosingExtent
 733/4010 Test  #737: RuntimeCameraFocusCommand.TwoSeparatedSpheresUseCenterOfMassAndEnclosingExtent ..................................   Passed    0.00 sec
          Start  738: RuntimeCameraFocusCommand.AsymmetricSpheresStayEnclosed
 734/4010 Test  #738: RuntimeCameraFocusCommand.AsymmetricSpheresStayEnclosed .........................................................   Passed    0.00 sec
          Start  739: RuntimeCameraFocusCommand.DegenerateZeroRadiusIsFlooredToMinimum
 735/4010 Test  #739: RuntimeCameraFocusCommand.DegenerateZeroRadiusIsFlooredToMinimum ................................................   Passed    0.00 sec
          Start  740: RuntimeCameraFocusCommand.NonFiniteSpheresAreSkipped
 736/4010 Test  #740: RuntimeCameraFocusCommand.NonFiniteSpheresAreSkipped ............................................................   Passed    0.00 sec
          Start  741: RuntimeCameraFocusCommand.GathersWorldBoundsFromEntities
 737/4010 Test  #741: RuntimeCameraFocusCommand.GathersWorldBoundsFromEntities ........................................................   Passed    0.00 sec
          Start  742: RuntimeCameraFocusCommand.SkipsEntitiesWithoutWorldBounds
 738/4010 Test  #742: RuntimeCameraFocusCommand.SkipsEntitiesWithoutWorldBounds .......................................................   Passed    0.00 sec
          Start  743: RuntimeCameraFocusCommand.NoBoundedEntitiesYieldsNoTarget
 739/4010 Test  #743: RuntimeCameraFocusCommand.NoBoundedEntitiesYieldsNoTarget .......................................................   Passed    0.00 sec
          Start  744: RuntimeCameraFocusCommand.FocusOnEntitiesDrivesControllerAndMarksTransition
 740/4010 Test  #744: RuntimeCameraFocusCommand.FocusOnEntitiesDrivesControllerAndMarksTransition .....................................   Passed    0.00 sec
          Start  745: RuntimeCameraFocusCommand.FocusOnEntitiesWithoutControllerReturnsFalse
 741/4010 Test  #745: RuntimeCameraFocusCommand.FocusOnEntitiesWithoutControllerReturnsFalse ..........................................   Passed    0.00 sec
          Start  746: RuntimeCameraFocusCommand.FocusOnSelectionFramesTheSelectedEntity
 742/4010 Test  #746: RuntimeCameraFocusCommand.FocusOnSelectionFramesTheSelectedEntity ...............................................   Passed    0.00 sec
          Start  747: RuntimeCameraFocusCommand.FocusOnEmptySelectionIsNoOp
 743/4010 Test  #747: RuntimeCameraFocusCommand.FocusOnEmptySelectionIsNoOp ...........................................................   Passed    0.00 sec
          Start  748: ClusteringModule.EngineRunCommitsLabelsAndPublishesChangeEvent
 744/4010 Test  #748: ClusteringModule.EngineRunCommitsLabelsAndPublishesChangeEvent ..................................................   Passed    0.04 sec
          Start  749: ClusteringModule.DocumentHistoryOwnsQueuedOutputUndoRedo
 745/4010 Test  #749: ClusteringModule.DocumentHistoryOwnsQueuedOutputUndoRedo ........................................................   Passed    0.04 sec
          Start  750: ClusteringModule.NullDeviceVulkanRequestFallsBackHonestly
 746/4010 Test  #750: ClusteringModule.NullDeviceVulkanRequestFallsBackHonestly .......................................................   Passed    0.04 sec
          Start  751: ClusteringModule.WorldSwitchBeforeCompletionDropsCommit
 747/4010 Test  #751: ClusteringModule.WorldSwitchBeforeCompletionDropsCommit .........................................................   Passed    0.04 sec
          Start  752: ClusteringModule.ValidationFailuresPublishCanonicalTypedCompletions
 748/4010 Test  #752: ClusteringModule.ValidationFailuresPublishCanonicalTypedCompletions .............................................   Passed    0.04 sec
          Start  753: ClusteringModule.CpuResultsAreDeterministicAndHonorCustomPropertyRefs
 749/4010 Test  #753: ClusteringModule.CpuResultsAreDeterministicAndHonorCustomPropertyRefs ...........................................   Passed    0.04 sec
          Start  754: ClusteringModule.SourceMutationBeforeCompletionDropsWriteback
 750/4010 Test  #754: ClusteringModule.SourceMutationBeforeCompletionDropsWriteback ...................................................   Passed    0.04 sec
          Start  755: ClusteringModule.CancelledCpuWorkPublishesCanonicalCompletion
 751/4010 Test  #755: ClusteringModule.CancelledCpuWorkPublishesCanonicalCompletion ...................................................   Passed    0.04 sec
          Start  756: ClusteringModule.RunKMeansWithoutModuleFailsClosedAtCommandDrain
 752/4010 Test  #756: ClusteringModule.RunKMeansWithoutModuleFailsClosedAtCommandDrain ................................................   Passed    0.04 sec
          Start  757: RuntimeCommandBus.DrainExecutesInEnqueueOrderOnDrainingThread
 753/4010 Test  #757: RuntimeCommandBus.DrainExecutesInEnqueueOrderOnDrainingThread ...................................................   Passed    0.00 sec
          Start  758: RuntimeCommandBus.CrossThreadEnqueueIsSafeAndComplete
 754/4010 Test  #758: RuntimeCommandBus.CrossThreadEnqueueIsSafeAndComplete ...........................................................   Passed    0.00 sec
          Start  759: RuntimeCommandBus.PayloadIsCopiedAtEnqueueTime
 755/4010 Test  #759: RuntimeCommandBus.PayloadIsCopiedAtEnqueueTime ..................................................................   Passed    0.00 sec
          Start  760: RuntimeCommandBus.MissingHandlerFailsClosedWithoutCrashing
 756/4010 Test  #760: RuntimeCommandBus.MissingHandlerFailsClosedWithoutCrashing ......................................................   Passed    0.00 sec
          Start  761: RuntimeCommandBus.HandlerFailureIsCountedAndDrainContinues
 757/4010 Test  #761: RuntimeCommandBus.HandlerFailureIsCountedAndDrainContinues ......................................................   Passed    0.00 sec
          Start  762: RuntimeCommandBus.HandlerEnqueuedFollowUpDefersToNextDrain
 758/4010 Test  #762: RuntimeCommandBus.HandlerEnqueuedFollowUpDefersToNextDrain ......................................................   Passed    0.00 sec
          Start  763: RuntimeCommandBus.DiscardPendingDropsQueuedCommandsWithoutExecuting
 759/4010 Test  #763: RuntimeCommandBus.DiscardPendingDropsQueuedCommandsWithoutExecuting .............................................   Passed    0.00 sec
          Start  764: RuntimeJobService.SubmitRunsOnPoolThreadAndPublishesAtGate
 760/4010 Test  #764: RuntimeJobService.SubmitRunsOnPoolThreadAndPublishesAtGate ......................................................   Passed    0.01 sec
          Start  765: RuntimeJobService.CompletionQueuePublicationCannotClobberTerminalState
 761/4010 Test  #765: RuntimeJobService.CompletionQueuePublicationCannotClobberTerminalState ..........................................   Passed    0.01 sec
          Start  766: RuntimeJobService.GpuQueueParticipantRecordsDrainsAndUnregisters
 762/4010 Test  #766: RuntimeJobService.GpuQueueParticipantRecordsDrainsAndUnregisters ................................................   Passed    0.00 sec
          Start  767: RuntimeJobService.GpuQueueShutdownRunsParticipantsInReverseOrder
 763/4010 Test  #767: RuntimeJobService.GpuQueueShutdownRunsParticipantsInReverseOrder ................................................   Passed    0.00 sec
          Start  768: RuntimeJobService.CancelBeforeStartPreventsWork
 764/4010 Test  #768: RuntimeJobService.CancelBeforeStartPreventsWork .................................................................   Passed    0.02 sec
          Start  769: RuntimeJobService.CancelMidFlightIsObservedAndDropsCompletion
 765/4010 Test  #769: RuntimeJobService.CancelMidFlightIsObservedAndDropsCompletion ...................................................   Passed    0.02 sec
          Start  770: RuntimeJobService.CancelAfterWorkerFinishSuppressesGatePublication
 766/4010 Test  #770: RuntimeJobService.CancelAfterWorkerFinishSuppressesGatePublication ..............................................   Passed    0.02 sec
          Start  771: RuntimeJobService.CancelAllForWorldOnlyCancelsMatchingScope
 767/4010 Test  #771: RuntimeJobService.CancelAllForWorldOnlyCancelsMatchingScope .....................................................   Passed    0.02 sec
          Start  772: RuntimeJobService.ReapCompletedRemovesTerminalRecords
 768/4010 Test  #772: RuntimeJobService.ReapCompletedRemovesTerminalRecords ...........................................................   Passed    0.01 sec
          Start  773: RuntimeJobService.EngineCompletionGatePublishesBeforePumpBOnMainThread
 769/4010 Test  #773: RuntimeJobService.EngineCompletionGatePublishesBeforePumpBOnMainThread ..........................................   Passed    0.04 sec
          Start  774: RuntimeJobService.DependenciesGateDispatchUntilUpstreamPublishes
 770/4010 Test  #774: RuntimeJobService.DependenciesGateDispatchUntilUpstreamPublishes ................................................   Passed    0.02 sec
          Start  775: RuntimeJobService.DependentIsCancelledWhenUpstreamDoesNotPublish
 771/4010 Test  #775: RuntimeJobService.DependentIsCancelledWhenUpstreamDoesNotPublish ................................................   Passed    0.01 sec
          Start  776: RuntimeJobService.BoundedApplyLimitsWorkPerDrainWithoutStarving
 772/4010 Test  #776: RuntimeJobService.BoundedApplyLimitsWorkPerDrainWithoutStarving .................................................   Passed    0.01 sec
          Start  777: RuntimeJobService.NotReadyResultsParkInsteadOfApplyingOrBlocking
 773/4010 Test  #777: RuntimeJobService.NotReadyResultsParkInsteadOfApplyingOrBlocking ................................................   Passed    0.01 sec
          Start  778: RuntimeJobService.StaleWorldEpochDiscardsResultBeforeItCanMutate
 774/4010 Test  #778: RuntimeJobService.StaleWorldEpochDiscardsResultBeforeItCanMutate ................................................   Passed    0.02 sec
          Start  779: RuntimeJobService.ValidateBeforeApplyIsFailClosedAndAppliesOnlyOnce
 775/4010 Test  #779: RuntimeJobService.ValidateBeforeApplyIsFailClosedAndAppliesOnlyOnce .............................................   Passed    0.02 sec
          Start  780: RuntimeJobService.ProgressIsReportableFromWorkAndReadableOnMainThread
 776/4010 Test  #780: RuntimeJobService.ProgressIsReportableFromWorkAndReadableOnMainThread ...........................................   Passed    0.02 sec
          Start  781: RuntimeJobService.CancelBeforeStartFinalizesOnMainThreadInsteadOfPublishing
 777/4010 Test  #781: RuntimeJobService.CancelBeforeStartFinalizesOnMainThreadInsteadOfPublishing .....................................   Passed    0.01 sec
          Start  782: RuntimeJobService.CancelAfterWorkerFinishFinalizesExactlyOnce
 778/4010 Test  #782: RuntimeJobService.CancelAfterWorkerFinishFinalizesExactlyOnce ...................................................   Passed    0.02 sec
          Start  783: RuntimeJobService.StaleDiscardFinalizesSoConsumerStateCannotLeak
 779/4010 Test  #783: RuntimeJobService.StaleDiscardFinalizesSoConsumerStateCannotLeak ................................................   Passed    0.02 sec
          Start  784: RuntimeJobService.DependencyCancelledJobFinalizesInTheSameDrain
 780/4010 Test  #784: RuntimeJobService.DependencyCancelledJobFinalizesInTheSameDrain .................................................   Passed    0.01 sec
          Start  785: RuntimeJobService.PublishedJobNeverRunsTheUnpublishedFinalizer
 781/4010 Test  #785: RuntimeJobService.PublishedJobNeverRunsTheUnpublishedFinalizer ..................................................   Passed    0.01 sec
          Start  786: RuntimeJobService.SnapshotAllEnumeratesRetainedJobsInTokenOrder
 782/4010 Test  #786: RuntimeJobService.SnapshotAllEnumeratesRetainedJobsInTokenOrder .................................................   Passed    0.02 sec
          Start  787: RuntimeJobService.SnapshotAllCarriesReportedProgressAndAge
 783/4010 Test  #787: RuntimeJobService.SnapshotAllCarriesReportedProgressAndAge ......................................................   Passed    0.02 sec
          Start  788: RuntimeKernelEvents.PublishQueuesUntilPump
 784/4010 Test  #788: RuntimeKernelEvents.PublishQueuesUntilPump ......................................................................   Passed    0.00 sec
          Start  789: RuntimeKernelEvents.ListenerPublishDuringPumpDefersToNextPump
 785/4010 Test  #789: RuntimeKernelEvents.ListenerPublishDuringPumpDefersToNextPump ...................................................   Passed    0.00 sec
          Start  790: RuntimeKernelEvents.CrossThreadPublishIsDeliveredAtNextPump
 786/4010 Test  #790: RuntimeKernelEvents.CrossThreadPublishIsDeliveredAtNextPump .....................................................   Passed    0.01 sec
          Start  791: RuntimeKernelEvents.UnsubscribeStopsDelivery
 787/4010 Test  #791: RuntimeKernelEvents.UnsubscribeStopsDelivery ....................................................................   Passed    0.01 sec
          Start  792: RuntimeKernelEvents.UnsubscribeDuringPumpIsSafe
 788/4010 Test  #792: RuntimeKernelEvents.UnsubscribeDuringPumpIsSafe .................................................................   Passed    0.01 sec
          Start  793: RuntimeKernelEvents.EnginePumpsPostDrainAndPostSimulationOnNullBackend
 789/4010 Test  #793: RuntimeKernelEvents.EnginePumpsPostDrainAndPostSimulationOnNullBackend ..........................................   Passed    0.05 sec
          Start  794: RuntimeModule.EngineComposesRetainedHooksServicesAndLifecycle
 790/4010 Test  #794: RuntimeModule.EngineComposesRetainedHooksServicesAndLifecycle ...................................................   Passed    0.04 sec
          Start  795: RuntimeModule.RegistrationOrderDoesNotChangeRetainedHookOrder
 791/4010 Test  #795: RuntimeModule.RegistrationOrderDoesNotChangeRetainedHookOrder ...................................................   Passed    0.07 sec
          Start  796: RuntimeModule.MissingRequiredServiceTerminatesEngineBoot
 792/4010 Test  #796: RuntimeModule.MissingRequiredServiceTerminatesEngineBoot ........................................................   Passed    1.13 sec
          Start  797: RuntimeModule.EnginePublishesOnlyConsumedBuiltInServices
 793/4010 Test  #797: RuntimeModule.EnginePublishesOnlyConsumedBuiltInServices ........................................................   Passed    0.04 sec
          Start  798: ServiceRegistry.RetainsExactProvideRequireWithdrawAndBootDiagnostics
 794/4010 Test  #798: ServiceRegistry.RetainsExactProvideRequireWithdrawAndBootDiagnostics ............................................   Passed    0.00 sec
          Start  799: EngineSetup.RetainsOnlyRegistrationPhaseFrameAndViewportRegistrars
 795/4010 Test  #799: EngineSetup.RetainsOnlyRegistrationPhaseFrameAndViewportRegistrars ..............................................   Passed    0.00 sec
          Start  800: RuntimeModuleSchedule.SortsRetainedFrameHooksAndClearRemovesThem
 796/4010 Test  #800: RuntimeModuleSchedule.SortsRetainedFrameHooksAndClearRemovesThem ................................................   Passed    0.00 sec
          Start  801: RuntimeModuleSchedule.SortsRetainedViewportHooksByModuleAndSequence
 797/4010 Test  #801: RuntimeModuleSchedule.SortsRetainedViewportHooksByModuleAndSequence .............................................   Passed    0.00 sec
          Start  802: RuntimeWorldRegistry.CreateWorldBootsDefaultHandleAndDistinctRegistries
 798/4010 Test  #802: RuntimeWorldRegistry.CreateWorldBootsDefaultHandleAndDistinctRegistries .........................................   Passed    0.00 sec
          Start  803: RuntimeWorldRegistry.ActiveWorldChangeIsDeferredToMaintenanceAndNextPump
 799/4010 Test  #803: RuntimeWorldRegistry.ActiveWorldChangeIsDeferredToMaintenanceAndNextPump ........................................   Passed    0.00 sec
          Start  804: RuntimeWorldRegistry.DestroyAnnouncesCancelsJobsAndTearsDownNextMaintenance
 800/4010 Test  #804: RuntimeWorldRegistry.DestroyAnnouncesCancelsJobsAndTearsDownNextMaintenance .....................................   Passed    0.01 sec
          Start  805: RuntimeWorldRegistry.DestroyActiveWorldIsRejected
 801/4010 Test  #805: RuntimeWorldRegistry.DestroyActiveWorldIsRejected ...............................................................   Passed    0.00 sec
          Start  806: RuntimeWorldRegistry.ActivatingDestroyPendingWorldIsRejected
 802/4010 Test  #806: RuntimeWorldRegistry.ActivatingDestroyPendingWorldIsRejected ....................................................   Passed    0.00 sec
          Start  807: RuntimeWorldRegistry.PendingActivationDroppedWhenTargetDestroyRequested
 803/4010 Test  #807: RuntimeWorldRegistry.PendingActivationDroppedWhenTargetDestroyRequested .........................................   Passed    0.00 sec
          Start  808: RuntimeWorldRegistry.EngineBootsFrameZeroWorldAndAppliesSwitchAtMaintenance
 804/4010 Test  #808: RuntimeWorldRegistry.EngineBootsFrameZeroWorldAndAppliesSwitchAtMaintenance .....................................   Passed    0.04 sec
          Start  809: RuntimeWorldRegistry.EngineRebindsSceneBorrowersBeforeRetiringPreviousWorld
 805/4010 Test  #809: RuntimeWorldRegistry.EngineRebindsSceneBorrowersBeforeRetiringPreviousWorld .....................................   Passed    0.04 sec
          Start  810: RuntimeEcsSystemBundle.RegisterAddsTransformBoundsAndRenderSyncPasses
 806/4010 Test  #810: RuntimeEcsSystemBundle.RegisterAddsTransformBoundsAndRenderSyncPasses ...........................................   Passed    0.00 sec
          Start  811: RuntimeEcsSystemBundle.EachBaselineStructuralWriterOrdersImmediateReader
 807/4010 Test  #811: RuntimeEcsSystemBundle.EachBaselineStructuralWriterOrdersImmediateReader ........................................   Passed    0.00 sec
          Start  812: RuntimeEcsSystemBundle.BundleExecutionPropagatesDirtyChildWorldMatrix
 808/4010 Test  #812: RuntimeEcsSystemBundle.BundleExecutionPropagatesDirtyChildWorldMatrix ...........................................   Passed    0.00 sec
          Start  813: RuntimeEcsSystemBundle.ReplayReusesPlanAndCapturesCurrentScene
 809/4010 Test  #813: RuntimeEcsSystemBundle.ReplayReusesPlanAndCapturesCurrentScene ..................................................   Passed    0.00 sec
          Start  814: RuntimeEcsSystemBundle.BundleExecutionPropagatesWorldBoundsAfterTransformUpdate
 810/4010 Test  #814: RuntimeEcsSystemBundle.BundleExecutionPropagatesWorldBoundsAfterTransformUpdate .................................   Passed    0.00 sec
          Start  815: RuntimeEcsSystemBundle.AppPassMutatingTransformRunsBeforeTransformHierarchy
 811/4010 Test  #815: RuntimeEcsSystemBundle.AppPassMutatingTransformRunsBeforeTransformHierarchy .....................................   Passed    0.00 sec
          Start  816: RuntimeEcsSystemBundle.PreRenderFlushRefreshesPostFixedStepTransformEdit
 812/4010 Test  #816: RuntimeEcsSystemBundle.PreRenderFlushRefreshesPostFixedStepTransformEdit ........................................   Passed    0.00 sec
          Start  817: RuntimeEcsSystemBundle.PreRenderFlushIsNoOpOnCleanScene
 813/4010 Test  #817: RuntimeEcsSystemBundle.PreRenderFlushIsNoOpOnCleanScene .........................................................   Passed    0.00 sec
          Start  818: ReferenceSceneBootstrap.TriangleCreatesVisibleSelectablePopulationAndDataOnlySeed
 814/4010 Test  #818: ReferenceSceneBootstrap.TriangleCreatesVisibleSelectablePopulationAndDataOnlySeed ...............................   Passed    0.00 sec
          Start  819: ReferenceSceneBootstrap.AuthoredTriangleRoundTripsFullRenderableContract
 815/4010 Test  #819: ReferenceSceneBootstrap.AuthoredTriangleRoundTripsFullRenderableContract ........................................   Passed    0.00 sec
          Start  820: ReferenceSceneBootstrap.TeardownIsNoexceptAndIdempotent
 816/4010 Test  #820: ReferenceSceneBootstrap.TeardownIsNoexceptAndIdempotent .........................................................   Passed    0.01 sec
          Start  821: ReferenceSceneOwnership.GenericEngineDoesNotInterpretEnabledReferenceConfig
 817/4010 Test  #821: ReferenceSceneOwnership.GenericEngineDoesNotInterpretEnabledReferenceConfig .....................................   Passed    0.04 sec
          Start  822: ReferenceSceneOwnership.AppBootstrapRunsOncePerInitializationWithoutCameraModule
 818/4010 Test  #822: ReferenceSceneOwnership.AppBootstrapRunsOncePerInitializationWithoutCameraModule ................................   Passed    0.07 sec
          Start  823: ReferenceSceneOwnership.DisabledAppBootstrapCreatesNothing
 819/4010 Test  #823: ReferenceSceneOwnership.DisabledAppBootstrapCreatesNothing ......................................................   Passed    0.04 sec
          Start  824: ReferenceSceneOwnership.TeardownUsesStoredOriginalWorldAndDoesNotMutateReplacement
 820/4010 Test  #824: ReferenceSceneOwnership.TeardownUsesStoredOriginalWorldAndDoesNotMutateReplacement ..............................   Passed    0.00 sec
          Start  825: ReferenceSceneOwnership.RetiredOriginalWorldMakesStoredTeardownASafeNoOp
 821/4010 Test  #825: ReferenceSceneOwnership.RetiredOriginalWorldMakesStoredTeardownASafeNoOp ........................................   Passed    0.00 sec
          Start  826: ReferenceSceneOwnership.AppOwnedTriangleRemainsVisibleToEditorModels
 822/4010 Test  #826: ReferenceSceneOwnership.AppOwnedTriangleRemainsVisibleToEditorModels ............................................   Passed    0.04 sec
          Start  827: RuntimeJobServiceEngineWiring.RunFrameAppliesSubmittedJob
 823/4010 Test  #827: RuntimeJobServiceEngineWiring.RunFrameAppliesSubmittedJob .......................................................   Passed    0.04 sec
          Start  828: RuntimeRenderExtraction.VisualizationRecipeRevisionTracksMutations
 824/4010 Test  #828: RuntimeRenderExtraction.VisualizationRecipeRevisionTracksMutations ..............................................   Passed    0.00 sec
          Start  829: RuntimeSceneLifecycle.AsyncWaitAllowsCompletionBeyondLegacyFrameBudget
 825/4010 Test  #829: RuntimeSceneLifecycle.AsyncWaitAllowsCompletionBeyondLegacyFrameBudget ..........................................   Passed    0.52 sec
          Start  830: RuntimeSceneLifecycle.AsyncWaitReportsElapsedTimeout
 826/4010 Test  #830: RuntimeSceneLifecycle.AsyncWaitReportsElapsedTimeout ............................................................   Passed    0.04 sec
          Start  831: RuntimeSceneLifecycle.EngineRunsWithoutOptionalAsyncWorkModule
 827/4010 Test  #831: RuntimeSceneLifecycle.EngineRunsWithoutOptionalAsyncWorkModule ..................................................   Passed    0.04 sec
          Start  832: RuntimeSceneLifecycle.NewSceneDocumentClearsSceneSelectionAndExtractionSidecars
 828/4010 Test  #832: RuntimeSceneLifecycle.NewSceneDocumentClearsSceneSelectionAndExtractionSidecars .................................   Passed    0.06 sec
          Start  833: RuntimeSceneLifecycle.QueuedSceneSaveWritesSnapshotAndMarksHistoryOnCompletion
 829/4010 Test  #833: RuntimeSceneLifecycle.QueuedSceneSaveWritesSnapshotAndMarksHistoryOnCompletion ..................................   Passed    0.04 sec
          Start  834: RuntimeSceneLifecycle.QueuedSceneLoadInvalidDocumentFailsClosed
 830/4010 Test  #834: RuntimeSceneLifecycle.QueuedSceneLoadInvalidDocumentFailsClosed .................................................   Passed    0.04 sec
          Start  835: RuntimeSceneLifecycle.QueuedSceneLoadAppliesParsedSceneOnMainThread
 831/4010 Test  #835: RuntimeSceneLifecycle.QueuedSceneLoadAppliesParsedSceneOnMainThread .............................................   Passed    0.04 sec
          Start  836: RuntimeSceneLifecycle.QueuedSceneLoadRejectsActiveWorldSwitchBeforeApply
 832/4010 Test  #836: RuntimeSceneLifecycle.QueuedSceneLoadRejectsActiveWorldSwitchBeforeApply ........................................   Passed    0.04 sec
          Start  837: RuntimeSceneLifecycle.QueuedSceneLoadIsDiscardedByDrainRevalidationAlone
 833/4010 Test  #837: RuntimeSceneLifecycle.QueuedSceneLoadIsDiscardedByDrainRevalidationAlone ........................................   Passed    0.04 sec
          Start  838: RuntimeSceneLifecycle.QueuedSceneLoadRejectsAwayAndBackBindingEpoch
 834/4010 Test  #838: RuntimeSceneLifecycle.QueuedSceneLoadRejectsAwayAndBackBindingEpoch .............................................   Passed    0.04 sec
          Start  839: RuntimeSceneLifecycle.RetiredQueuedSceneSavePublishesTerminalEvent
 835/4010 Test  #839: RuntimeSceneLifecycle.RetiredQueuedSceneSavePublishesTerminalEvent ..............................................   Passed    0.04 sec
          Start  840: SceneDocumentModule.PublishesExactServicesAndWithdraws
 836/4010 Test  #840: SceneDocumentModule.PublishesExactServicesAndWithdraws ..........................................................   Passed    0.00 sec
          Start  841: SceneDocumentModule.QueuedDocumentIoFailsClosedBeforeResolution
 837/4010 Test  #841: SceneDocumentModule.QueuedDocumentIoFailsClosedBeforeResolution .................................................   Passed    0.00 sec
          Start  842: SceneDocumentModule.DuplicateHistoryPublicationRollsBackPartialModuleService
 838/4010 Test  #842: SceneDocumentModule.DuplicateHistoryPublicationRollsBackPartialModuleService ....................................   Passed    0.00 sec
          Start  843: SceneDocumentModule.ReplacementParticipantsAreDeterministicAndHandleScoped
 839/4010 Test  #843: SceneDocumentModule.ReplacementParticipantsAreDeterministicAndHandleScoped ......................................   Passed    0.00 sec
          Start  844: SceneDocumentModule.ParseFailureRunsNoParticipantAndPreservesDocumentState
 840/4010 Test  #844: SceneDocumentModule.ParseFailureRunsNoParticipantAndPreservesDocumentState ......................................   Passed    0.01 sec
          Start  845: SceneDocumentModule.DirectValidationResetsOneBindingWithoutStateResurrection
 841/4010 Test  #845: SceneDocumentModule.DirectValidationResetsOneBindingWithoutStateResurrection ....................................   Passed    0.00 sec
          Start  846: SceneDocumentModule.LateQueuedCompletionCannotOutliveModuleState
 842/4010 Test  #846: SceneDocumentModule.LateQueuedCompletionCannotOutliveModuleState ................................................   Passed    0.02 sec
          Start  847: SceneDocumentModule.WorldRebindResetsFileEventAndItsSequence
 843/4010 Test  #847: SceneDocumentModule.WorldRebindResetsFileEventAndItsSequence ....................................................   Passed    0.05 sec
          Start  848: SceneDocumentModule.RealEngineRunProvidesOperationalDocumentOwner
 844/4010 Test  #848: SceneDocumentModule.RealEngineRunProvidesOperationalDocumentOwner ...............................................   Passed    0.07 sec
          Start  849: SceneDocumentModule.EngineReplacementParticipantsResetAcrossReinitialize
 845/4010 Test  #849: SceneDocumentModule.EngineReplacementParticipantsResetAcrossReinitialize ........................................   Passed    0.07 sec
          Start  850: SceneInteractionModule.PublishesExactServicesAndSupportsOptionalDocument
 846/4010 Test  #850: SceneInteractionModule.PublishesExactServicesAndSupportsOptionalDocument ........................................   Passed    0.00 sec
          Start  851: SceneInteractionModule.DuplicatePublicationFailsClosed
 847/4010 Test  #851: SceneInteractionModule.DuplicatePublicationFailsClosed ..........................................................   Passed    0.00 sec
          Start  852: SceneInteractionModule.PreexistingSelectionPublicationFailsClosed
 848/4010 Test  #852: SceneInteractionModule.PreexistingSelectionPublicationFailsClosed ...............................................   Passed    0.00 sec
          Start  853: SceneInteractionModule.PartialRegistrationAndResolveFailureRollBack
 849/4010 Test  #853: SceneInteractionModule.PartialRegistrationAndResolveFailureRollBack .............................................   Passed    0.03 sec
          Start  854: SceneInteractionModule.RegisteredHooksIssueCorrelateRefineAndResetSelection
 850/4010 Test  #854: SceneInteractionModule.RegisteredHooksIssueCorrelateRefineAndResetSelection .....................................   Passed    0.03 sec
          Start  855: SceneInteractionModule.ShutdownAnnouncementReleasesDocumentParticipant
 851/4010 Test  #855: SceneInteractionModule.ShutdownAnnouncementReleasesDocumentParticipant ..........................................   Passed    0.00 sec
          Start  856: SceneInteractionModule.DocumentReplacementClearsExactlyOnceAndKeepsSequenceMonotonic
 852/4010 Test  #856: SceneInteractionModule.DocumentReplacementClearsExactlyOnceAndKeepsSequenceMonotonic ............................   Passed    0.00 sec
          Start  857: SceneInteractionModule.CloseAndLoadClearOneCohortAndRebuildLookup
 853/4010 Test  #857: SceneInteractionModule.CloseAndLoadClearOneCohortAndRebuildLookup ...............................................   Passed    0.00 sec
          Start  858: SceneInteractionModule.ActiveWorldMismatchClearsWithoutResurrectionAndIgnoresInactiveRetirement
 854/4010 Test  #858: SceneInteractionModule.ActiveWorldMismatchClearsWithoutResurrectionAndIgnoresInactiveRetirement .................   Passed    0.00 sec
          Start  859: SceneInteractionModule.OptionalOmissionAndComposedOperationalRun
 855/4010 Test  #859: SceneInteractionModule.OptionalOmissionAndComposedOperationalRun ................................................   Passed    0.07 sec
          Start  860: SceneInteractionModule.ShutdownReinitializeStartsEmptyWithRecycledBootHandle
 856/4010 Test  #860: SceneInteractionModule.ShutdownReinitializeStartsEmptyWithRecycledBootHandle ....................................   Passed    0.07 sec
          Start  861: RuntimeSceneSerialization.SaveLoadRoundTripPreservesPromotedSandboxSceneData
 857/4010 Test  #861: RuntimeSceneSerialization.SaveLoadRoundTripPreservesPromotedSandboxSceneData ....................................   Passed    0.01 sec
          Start  862: RuntimeSceneSerialization.UnsupportedPersistenceFamiliesReportDiagnosticsAndDropOnLoad
 858/4010 Test  #862: RuntimeSceneSerialization.UnsupportedPersistenceFamiliesReportDiagnosticsAndDropOnLoad ..........................   Passed    0.00 sec
          Start  863: RuntimeSceneSerialization.InvalidDocumentsFailClosed
 859/4010 Test  #863: RuntimeSceneSerialization.InvalidDocumentsFailClosed ............................................................   Passed    0.00 sec
          Start  864: RuntimeSceneSerialization.PropertyValueKindKeepsLegacyWireStrings
 860/4010 Test  #864: RuntimeSceneSerialization.PropertyValueKindKeepsLegacyWireStrings ...............................................   Passed    0.00 sec
          Start  865: RuntimeSceneSerialization.PropertyValueKindRoundTripsThroughLegacyWire
 861/4010 Test  #865: RuntimeSceneSerialization.PropertyValueKindRoundTripsThroughLegacyWire ..........................................   Passed    0.00 sec
          Start  866: RuntimeSceneSerialization.GeometryPresentationRuntimeStateIsNotSerialized
 862/4010 Test  #866: RuntimeSceneSerialization.GeometryPresentationRuntimeStateIsNotSerialized .......................................   Passed    0.00 sec
          Start  867: RuntimeSceneSerialization.LegacyProgressiveRenderDataKeyLoadsAsGeometryPresentationRecipe
 863/4010 Test  #867: RuntimeSceneSerialization.LegacyProgressiveRenderDataKeyLoadsAsGeometryPresentationRecipe .......................   Passed    0.00 sec
          Start  868: RuntimeSceneSerialization.ReaderStaysPinnedToLegacyValueKindWireStrings
 864/4010 Test  #868: RuntimeSceneSerialization.ReaderStaysPinnedToLegacyValueKindWireStrings .........................................   Passed    0.00 sec
          Start  869: RuntimeSceneSerialization.PropertyDomainKeepsLegacyWireStrings
 865/4010 Test  #869: RuntimeSceneSerialization.PropertyDomainKeepsLegacyWireStrings ..................................................   Passed    0.00 sec
          Start  870: RuntimeSceneSerialization.LegacyMeshSurfaceDomainLoadsAsUnknown
 866/4010 Test  #870: RuntimeSceneSerialization.LegacyMeshSurfaceDomainLoadsAsUnknown .................................................   Passed    0.00 sec
          Start  871: RuntimeVulkanBreadcrumb.DecisionFiresWhenRequestedVulkanAndDeviceNotOperational
 867/4010 Test  #871: RuntimeVulkanBreadcrumb.DecisionFiresWhenRequestedVulkanAndDeviceNotOperational .................................   Passed    0.00 sec
          Start  872: RuntimeVulkanBreadcrumb.DecisionSilentWhenDeviceIsOperational
 868/4010 Test  #872: RuntimeVulkanBreadcrumb.DecisionSilentWhenDeviceIsOperational ...................................................   Passed    0.00 sec
          Start  873: RuntimeVulkanBreadcrumb.DecisionSilentWhenPromotedVulkanNotRequested
 869/4010 Test  #873: RuntimeVulkanBreadcrumb.DecisionSilentWhenPromotedVulkanNotRequested ............................................   Passed    0.01 sec
          Start  874: RuntimeVulkanBreadcrumb.EngineInitializeFiresBreadcrumbOncePerStartupWhenRequested
 870/4010 Test  #874: RuntimeVulkanBreadcrumb.EngineInitializeFiresBreadcrumbOncePerStartupWhenRequested ..............................   Passed    0.06 sec
          Start  875: RuntimeVulkanBreadcrumb.EngineInitializeSilentWhenPromotedVulkanNotRequested
 871/4010 Test  #875: RuntimeVulkanBreadcrumb.EngineInitializeSilentWhenPromotedVulkanNotRequested ....................................   Passed    0.06 sec
          Start  876: RuntimeVulkanBreadcrumb.EngineInitializeSucceedsEvenWhenVulkanFallsBackToNull
 872/4010 Test  #876: RuntimeVulkanBreadcrumb.EngineInitializeSucceedsEvenWhenVulkanFallsBackToNull ...................................   Passed    0.06 sec
          Start  877: SandboxEditorUi.EmptyContextProducesDeterministicDisabledDiagnostics
 873/4010 Test  #877: SandboxEditorUi.EmptyContextProducesDeterministicDisabledDiagnostics ............................................   Passed    0.00 sec
          Start  878: SandboxEditorUi.RenderGraphPanelModelCopiesRendererStats
 874/4010 Test  #878: SandboxEditorUi.RenderGraphPanelModelCopiesRendererStats ........................................................   Passed    0.00 sec
          Start  879: SandboxEditorUi.GpuProfilingToggleUsesConfigPreviewApplyAndPreservesRejectedState
 875/4010 Test  #879: SandboxEditorUi.GpuProfilingToggleUsesConfigPreviewApplyAndPreservesRejectedState ...............................   Passed    0.00 sec
          Start  880: SandboxEditorUi.AssetImportQueueModelCopiesRowsProgressAndCommands
 876/4010 Test  #880: SandboxEditorUi.AssetImportQueueModelCopiesRowsProgressAndCommands ..............................................   Passed    0.00 sec
          Start  881: SandboxEditorUi.DocumentModelReportsRuntimeHistoryDirtyState
 877/4010 Test  #881: SandboxEditorUi.DocumentModelReportsRuntimeHistoryDirtyState ....................................................   Passed    0.00 sec
          Start  882: SandboxEditorUi.HierarchyInspectorModelReportsSelectionRenderHintsAndDomain
 878/4010 Test  #882: SandboxEditorUi.HierarchyInspectorModelReportsSelectionRenderHintsAndDomain .....................................   Passed    0.00 sec
          Start  883: SandboxEditorUi.HiddenPanelBuildRequestSkipsSelectedEntityModels
 879/4010 Test  #883: SandboxEditorUi.HiddenPanelBuildRequestSkipsSelectedEntityModels ................................................   Passed    0.00 sec
          Start  884: SandboxEditorUi.InspectorOnlyBuildRequestAvoidsSiblingPanelWork
 880/4010 Test  #884: SandboxEditorUi.InspectorOnlyBuildRequestAvoidsSiblingPanelWork .................................................   Passed    0.00 sec
          Start  885: SandboxEditorUi.DomainWindowBuildReportsTimingDiagnostics
 881/4010 Test  #885: SandboxEditorUi.DomainWindowBuildReportsTimingDiagnostics .......................................................   Passed    0.00 sec
          Start  886: SandboxEditorUi.SelectedModelCacheReusesInspectorAnalysis
 882/4010 Test  #886: SandboxEditorUi.SelectedModelCacheReusesInspectorAnalysis .......................................................   Passed    0.00 sec
          Start  887: SandboxEditorUi.SelectedModelCachePartitionsAnalysisByVisibleWindow
 883/4010 Test  #887: SandboxEditorUi.SelectedModelCachePartitionsAnalysisByVisibleWindow .............................................   Passed    0.00 sec
          Start  888: SandboxEditorUi.SelectedModelCacheInvalidatesOnSelectionGeneration
 884/4010 Test  #888: SandboxEditorUi.SelectedModelCacheInvalidatesOnSelectionGeneration ..............................................   Passed    0.00 sec
          Start  889: SandboxEditorUi.SelectedModelCacheInvalidatesOnPrimitiveGeneration
 885/4010 Test  #889: SandboxEditorUi.SelectedModelCacheInvalidatesOnPrimitiveGeneration ..............................................   Passed    0.00 sec
          Start  890: SandboxEditorUi.SelectedModelCacheInvalidatesOnGeometryPresentationRecipeGeneration
 886/4010 Test  #890: SandboxEditorUi.SelectedModelCacheInvalidatesOnGeometryPresentationRecipeGeneration .............................   Passed    0.00 sec
          Start  891: SandboxEditorUi.SelectedModelCacheInvalidatesOnGeometryMetadataSignature
 887/4010 Test  #891: SandboxEditorUi.SelectedModelCacheInvalidatesOnGeometryMetadataSignature ........................................   Passed    0.00 sec
          Start  892: SandboxEditorUi.SelectedModelCacheInvalidatesOnRenderHintSignature
 888/4010 Test  #892: SandboxEditorUi.SelectedModelCacheInvalidatesOnRenderHintSignature ..............................................   Passed    0.00 sec
          Start  893: SandboxEditorUi.SelectedModelCacheReusesVisualizationModel
 889/4010 Test  #893: SandboxEditorUi.SelectedModelCacheReusesVisualizationModel ......................................................   Passed    0.00 sec
          Start  894: SandboxEditorUi.VisualizationModelCacheInvalidatesOnGeometryMetadataSignature
 890/4010 Test  #894: SandboxEditorUi.VisualizationModelCacheInvalidatesOnGeometryMetadataSignature ...................................   Passed    0.00 sec
          Start  895: SandboxEditorUi.VisualizationModelCacheInvalidatesOnConfigSignature
 891/4010 Test  #895: SandboxEditorUi.VisualizationModelCacheInvalidatesOnConfigSignature .............................................   Passed    0.00 sec
          Start  896: SandboxEditorUi.VisualizationModelCacheInvalidatesOnLaneOverrideSignature
 892/4010 Test  #896: SandboxEditorUi.VisualizationModelCacheInvalidatesOnLaneOverrideSignature .......................................   Passed    0.00 sec
          Start  897: SandboxEditorUi.VisualizationModelCacheInvalidatesOnRecipeRevision
 893/4010 Test  #897: SandboxEditorUi.VisualizationModelCacheInvalidatesOnRecipeRevision ..............................................   Passed    0.01 sec
          Start  898: SandboxEditorUi.GeometryProcessingSupportedDomainsMatchPromotedEditorContract
 894/4010 Test  #898: SandboxEditorUi.GeometryProcessingSupportedDomainsMatchPromotedEditorContract ...................................   Passed    0.00 sec
          Start  899: SandboxEditorUi.GeometrySourcesReportProcessingCapabilitiesAndStableEntries
 895/4010 Test  #899: SandboxEditorUi.GeometrySourcesReportProcessingCapabilitiesAndStableEntries .....................................   Passed    0.00 sec
          Start  900: SandboxEditorUi.VisualizationModelEnumeratesPromotedGeometryProperties
 896/4010 Test  #900: SandboxEditorUi.VisualizationModelEnumeratesPromotedGeometryProperties ..........................................   Passed    0.00 sec
          Start  901: SandboxEditorUi.PropertyCatalogListsAllMeshPropertiesAndPreviewsSelection
 897/4010 Test  #901: SandboxEditorUi.PropertyCatalogListsAllMeshPropertiesAndPreviewsSelection .......................................   Passed    0.00 sec
          Start  902: SandboxEditorUi.PropertyCatalogReportsGraphAndPointCloudDomains
 898/4010 Test  #902: SandboxEditorUi.PropertyCatalogReportsGraphAndPointCloudDomains .................................................   Passed    0.00 sec
          Start  903: SandboxEditorUi.VisualizationPresetPreservesConfiguredScalarStyling
 899/4010 Test  #903: SandboxEditorUi.VisualizationPresetPreservesConfiguredScalarStyling .............................................   Passed    0.00 sec
          Start  904: SandboxEditorUi.DomainWindowModelsReportSelectedMeshGraphAndPointCloudState
 900/4010 Test  #904: SandboxEditorUi.DomainWindowModelsReportSelectedMeshGraphAndPointCloudState .....................................   Passed    0.00 sec
          Start  905: SandboxEditorUi.DomainVisualizationTargetsFollowLaneSourcePresence
 901/4010 Test  #905: SandboxEditorUi.DomainVisualizationTargetsFollowLaneSourcePresence ..............................................   Passed    0.00 sec
          Start  906: SandboxEditorUi.DomainWindowModelsReportNoSelectionStaleAndWrongDomain
 902/4010 Test  #906: SandboxEditorUi.DomainWindowModelsReportNoSelectionStaleAndWrongDomain ..........................................   Passed    0.00 sec
          Start  907: SandboxEditorUi.SelectionDetailsModelReportsHoveredEntityAndPrimitiveIds
 903/4010 Test  #907: SandboxEditorUi.SelectionDetailsModelReportsHoveredEntityAndPrimitiveIds ........................................   Passed    0.00 sec
          Start  908: SandboxEditorUi.GeometryPresentationInspectorReportsSlotsPropertiesAndJobs
 904/4010 Test  #908: SandboxEditorUi.GeometryPresentationInspectorReportsSlotsPropertiesAndJobs ......................................   Passed    0.00 sec
          Start  909: SandboxEditorUi.GeometryPresentationInspectorInfersGraphPointCloudAndComposition
 905/4010 Test  #909: SandboxEditorUi.GeometryPresentationInspectorInfersGraphPointCloudAndComposition ................................   Passed    0.00 sec
          Start  910: SandboxEditorUi.GeometryPresentationCompositionReportsCorruptHierarchyWithoutPartialSummary
 906/4010 Test  #910: SandboxEditorUi.GeometryPresentationCompositionReportsCorruptHierarchyWithoutPartialSummary .....................   Passed    0.00 sec
          Start  911: SandboxEditorUi.RenderRecipeEditorModelListsDeclaredRecipeControls
 907/4010 Test  #911: SandboxEditorUi.RenderRecipeEditorModelListsDeclaredRecipeControls ..............................................   Passed    0.00 sec
          Start  912: SandboxEditorUi.FileImportPrerequisitesAreDeterministic
 908/4010 Test  #912: SandboxEditorUi.FileImportPrerequisitesAreDeterministic .........................................................   Passed    0.00 sec
          Start  913: SandboxEditorUi.FileImportDispatchRejectsInvalidPrerequisitesBeforeCallback
 909/4010 Test  #913: SandboxEditorUi.FileImportDispatchRejectsInvalidPrerequisitesBeforeCallback .....................................   Passed    0.00 sec
          Start  914: SandboxEditorUi.FileImportCommandRoutesThroughRuntimeOwnedSurface
 910/4010 Test  #914: SandboxEditorUi.FileImportCommandRoutesThroughRuntimeOwnedSurface ...............................................   Passed    0.00 sec
          Start  915: SandboxEditorUi.FileImportCommandTreatsAsyncPendingAsNonFailure
 911/4010 Test  #915: SandboxEditorUi.FileImportCommandTreatsAsyncPendingAsNonFailure .................................................   Passed    0.00 sec
          Start  916: SandboxEditorUi.SceneFileCommandRoutesThroughRuntimeOwnedSurface
 912/4010 Test  #916: SandboxEditorUi.SceneFileCommandRoutesThroughRuntimeOwnedSurface ................................................   Passed    0.00 sec
          Start  917: SandboxEditorUi.SceneLoadCommandTreatsAsyncPendingAsNonFailure
 913/4010 Test  #917: SandboxEditorUi.SceneLoadCommandTreatsAsyncPendingAsNonFailure ..................................................   Passed    0.00 sec
          Start  918: SandboxEditorUi.SceneSaveCommandTreatsAsyncPendingAsNonFailure
 914/4010 Test  #918: SandboxEditorUi.SceneSaveCommandTreatsAsyncPendingAsNonFailure ..................................................   Passed    0.00 sec
          Start  919: SandboxEditorUi.AssetWorkflowReportsMissingFile
 915/4010 Test  #919: SandboxEditorUi.AssetWorkflowReportsMissingFile .................................................................   Passed    0.04 sec
          Start  920: SandboxEditorUi.AssetWorkflowMaterializesStandaloneGeometryDomains
 916/4010 Test  #920: SandboxEditorUi.AssetWorkflowMaterializesStandaloneGeometryDomains ..............................................   Passed    0.04 sec
          Start  921: SandboxEditorUi.AssetWorkflowMaterializesNonManifoldObjAsRenderableMesh
 917/4010 Test  #921: SandboxEditorUi.AssetWorkflowMaterializesNonManifoldObjAsRenderableMesh .........................................   Passed    0.05 sec
          Start  922: SandboxEditorUi.AssetWorkflowMaterializesObjWithoutAuthoredTexcoordsAsRenderableMesh
 918/4010 Test  #922: SandboxEditorUi.AssetWorkflowMaterializesObjWithoutAuthoredTexcoordsAsRenderableMesh ............................   Passed    0.05 sec
          Start  923: SandboxEditorUi.QueuedManualGeometryImportsRemainResponsiveAndApplyOnce
 919/4010 Test  #923: SandboxEditorUi.QueuedManualGeometryImportsRemainResponsiveAndApplyOnce .........................................   Passed    0.12 sec
          Start  924: SandboxEditorUi.QueuedManualGeometryCancellationPreventsApply
 920/4010 Test  #924: SandboxEditorUi.QueuedManualGeometryCancellationPreventsApply ...................................................   Passed    0.07 sec
          Start  925: SandboxEditorUi.ShutdownCancelsBlockedManualGeometryBeforeSessionTeardown
 921/4010 Test  #925: SandboxEditorUi.ShutdownCancelsBlockedManualGeometryBeforeSessionTeardown .......................................   Passed    0.08 sec
          Start  926: SandboxEditorUi.QueuedManualGeometryDecodeFailureIsFailClosed
 922/4010 Test  #926: SandboxEditorUi.QueuedManualGeometryDecodeFailureIsFailClosed ...................................................   Passed    0.04 sec
          Start  927: SandboxEditorUi.DuplicateDroppedGeometryImportUsesSingleIngestRecord
 923/4010 Test  #927: SandboxEditorUi.DuplicateDroppedGeometryImportUsesSingleIngestRecord ............................................   Passed    0.08 sec
          Start  928: SandboxEditorUi.DroppedFileQueuePreservesOrderDiagnosticsAndClearCompleted
 924/4010 Test  #928: SandboxEditorUi.DroppedFileQueuePreservesOrderDiagnosticsAndClearCompleted ......................................   Passed    0.07 sec
          Start  929: SandboxEditorUi.DroppedGeometryQueueCancellationPreventsMainThreadApply
 925/4010 Test  #929: SandboxEditorUi.DroppedGeometryQueueCancellationPreventsMainThreadApply .........................................   Passed    0.05 sec
          Start  930: SandboxEditorUi.DroppedGeometryAssetReimportWaitReportsDeadlineAndCancellationPhase
 926/4010 Test  #930: SandboxEditorUi.DroppedGeometryAssetReimportWaitReportsDeadlineAndCancellationPhase .............................   Passed    0.30 sec
          Start  931: SandboxEditorUi.DroppedGeometryAssetReimportReloadsSameAssetWithoutDuplicateEntity
 927/4010 Test  #931: SandboxEditorUi.DroppedGeometryAssetReimportReloadsSameAssetWithoutDuplicateEntity ..............................   Passed    0.29 sec
          Start  932: SandboxEditorUi.PlatformDropEventImportsObjMeshSelectsItAndEnablesRenderComponents
 928/4010 Test  #932: SandboxEditorUi.PlatformDropEventImportsObjMeshSelectsItAndEnablesRenderComponents ..............................   Passed    0.05 sec
          Start  933: SandboxEditorUi.PlatformDropNoUvObjUploadsRawSurfaceBeforeDeferredPostProcess
 929/4010 Test  #933: SandboxEditorUi.PlatformDropNoUvObjUploadsRawSurfaceBeforeDeferredPostProcess ...................................   Passed    0.04 sec
          Start  934: SandboxEditorUi.DroppedFileImportFailureLogsDiagnostics
 930/4010 Test  #934: SandboxEditorUi.DroppedFileImportFailureLogsDiagnostics .........................................................   Passed    0.05 sec
          Start  935: SandboxEditorUi.PlatformDropEventImportsOffMesh
 931/4010 Test  #935: SandboxEditorUi.PlatformDropEventImportsOffMesh .................................................................   Passed    0.04 sec
          Start  936: SandboxEditorUi.ConfiguredBackendBornClosedLogsZeroFrameRunDiagnostic
 932/4010 Test  #936: SandboxEditorUi.ConfiguredBackendBornClosedLogsZeroFrameRunDiagnostic ...........................................   Passed    0.01 sec
          Start  937: SandboxEditorUi.PlatformCloseEventStopsEngineRunState
 933/4010 Test  #937: SandboxEditorUi.PlatformCloseEventStopsEngineRunState ...........................................................   Passed    0.04 sec
          Start  938: SandboxEditorUi.RenderRecipeEditorDraftValidationPreviewActivationAndCancel
 934/4010 Test  #938: SandboxEditorUi.RenderRecipeEditorDraftValidationPreviewActivationAndCancel .....................................   Passed    0.00 sec
          Start  939: SandboxEditorUi.RenderRecipeEditorUnchangedDraftIsNoOp
 935/4010 Test  #939: SandboxEditorUi.RenderRecipeEditorUnchangedDraftIsNoOp ..........................................................   Passed    0.00 sec
          Start  940: SandboxEditorUi.RenderRecipeEditorArtifactPublishAndApplyUseRegistry
 936/4010 Test  #940: SandboxEditorUi.RenderRecipeEditorArtifactPublishAndApplyUseRegistry ............................................   Passed    0.01 sec
          Start  941: SandboxEditorUi.ProgressivePoissonCommandPublishesPointPropertiesAndVisualization
 937/4010 Test  #941: SandboxEditorUi.ProgressivePoissonCommandPublishesPointPropertiesAndVisualization ...............................   Passed    0.01 sec
          Start  942: SandboxEditorUi.ProgressivePoissonPointHistoryRestoresExactOutputsAndRejectsStaleState
 938/4010 Test  #942: SandboxEditorUi.ProgressivePoissonPointHistoryRestoresExactOutputsAndRejectsStaleState ..........................   Passed    0.00 sec
          Start  943: SandboxEditorUi.ProgressivePoissonVulkanRequestFallsBackToCpuReference
 939/4010 Test  #943: SandboxEditorUi.ProgressivePoissonVulkanRequestFallsBackToCpuReference ..........................................   Passed    0.00 sec
          Start  944: SandboxEditorUi.ProgressivePoissonCommandMatchesDirectMethodConfig
 940/4010 Test  #944: SandboxEditorUi.ProgressivePoissonCommandMatchesDirectMethodConfig ..............................................   Passed    0.00 sec
          Start  945: SandboxEditorUi.ProgressivePoissonCpuRequestQueuesDerivedJobAndPublishesOnApply
 941/4010 Test  #945: SandboxEditorUi.ProgressivePoissonCpuRequestQueuesDerivedJobAndPublishesOnApply .................................   Passed    0.01 sec
          Start  946: SandboxEditorUi.ProgressivePoissonCpuDerivedJobDiscardsStalePointCloudBeforeApply
 942/4010 Test  #946: SandboxEditorUi.ProgressivePoissonCpuDerivedJobDiscardsStalePointCloudBeforeApply ...............................   Passed    0.01 sec
          Start  947: SandboxEditorUi.ProgressivePoissonMeshCpuRequestQueuesDerivedJobAndPublishesOnApply
 943/4010 Test  #947: SandboxEditorUi.ProgressivePoissonMeshCpuRequestQueuesDerivedJobAndPublishesOnApply .............................   Passed    0.01 sec
          Start  948: SandboxEditorUi.ProgressivePoissonConfigCommandRoutesThroughConfigControl
 944/4010 Test  #948: SandboxEditorUi.ProgressivePoissonConfigCommandRoutesThroughConfigControl .......................................   Passed    0.01 sec
          Start  949: SandboxEditorUi.ClusteringSectionValidationKeepsPerFieldReferenceFallback
 945/4010 Test  #949: SandboxEditorUi.ClusteringSectionValidationKeepsPerFieldReferenceFallback .......................................   Passed    0.00 sec
          Start  950: SandboxEditorUi.ProgressivePoissonSectionValidationKeepsPerFieldReferenceFallback
 946/4010 Test  #950: SandboxEditorUi.ProgressivePoissonSectionValidationKeepsPerFieldReferenceFallback ...............................   Passed    0.00 sec
          Start  951: SandboxEditorUi.ProgressivePoissonCommandSamplesMeshSurfaceToPointCloud
 947/4010 Test  #951: SandboxEditorUi.ProgressivePoissonCommandSamplesMeshSurfaceToPointCloud .........................................   Passed    0.01 sec
          Start  952: SandboxEditorUi.ProgressivePoissonMeshConversionHistoryRestoresDomainAndPresentation
 948/4010 Test  #952: SandboxEditorUi.ProgressivePoissonMeshConversionHistoryRestoresDomainAndPresentation ............................   Passed    0.01 sec
          Start  953: SandboxEditorUi.RegistrationCommandAlignsSourceOntoTargetAndSupportsUndoRedo
 949/4010 Test  #953: SandboxEditorUi.RegistrationCommandAlignsSourceOntoTargetAndSupportsUndoRedo ....................................   Passed    0.01 sec
          Start  954: SandboxEditorUi.RegistrationRequestQueuesDerivedJobAndPublishesOnApply
 950/4010 Test  #954: SandboxEditorUi.RegistrationRequestQueuesDerivedJobAndPublishesOnApply ..........................................   Passed    0.02 sec
          Start  955: SandboxEditorUi.RegistrationDerivedJobDiscardsStaleSourceBeforeApply
 951/4010 Test  #955: SandboxEditorUi.RegistrationDerivedJobDiscardsStaleSourceBeforeApply ............................................   Passed    0.02 sec
          Start  956: SandboxEditorUi.RegistrationCommandFailsClosedForInvalidSelectionAndParameters
 952/4010 Test  #956: SandboxEditorUi.RegistrationCommandFailsClosedForInvalidSelectionAndParameters ..................................   Passed    0.00 sec
          Start  957: SandboxEditorUi.RegistrationCommandAlignsAcrossEntityTransforms
 953/4010 Test  #957: SandboxEditorUi.RegistrationCommandAlignsAcrossEntityTransforms .................................................   Passed    0.01 sec
          Start  958: SandboxEditorUi.MeshDenoiseCommandPublishesPositionsAndSupportsUndoRedo
 954/4010 Test  #958: SandboxEditorUi.MeshDenoiseCommandPublishesPositionsAndSupportsUndoRedo .........................................   Passed    0.01 sec
          Start  959: SandboxEditorUi.MeshDenoiseRequestQueuesDerivedJobAndPublishesOnApply
 955/4010 Test  #959: SandboxEditorUi.MeshDenoiseRequestQueuesDerivedJobAndPublishesOnApply ...........................................   Passed    0.02 sec
          Start  960: SandboxEditorUi.MeshDenoiseDerivedJobDiscardsStaleMeshBeforeApply
 956/4010 Test  #960: SandboxEditorUi.MeshDenoiseDerivedJobDiscardsStaleMeshBeforeApply ...............................................   Passed    0.01 sec
          Start  961: SandboxEditorUi.PointCloudOutlierRemovalStatisticalPublishesKeptPointsWithUndoRedo
 957/4010 Test  #961: SandboxEditorUi.PointCloudOutlierRemovalStatisticalPublishesKeptPointsWithUndoRedo ..............................   Passed    0.01 sec
          Start  962: SandboxEditorUi.PointCloudOutlierRemovalRequestQueuesDerivedJobAndPublishesOnApply
 958/4010 Test  #962: SandboxEditorUi.PointCloudOutlierRemovalRequestQueuesDerivedJobAndPublishesOnApply ..............................   Passed    0.01 sec
          Start  963: SandboxEditorUi.PointCloudOutlierRemovalDerivedJobDiscardsStaleSource
 959/4010 Test  #963: SandboxEditorUi.PointCloudOutlierRemovalDerivedJobDiscardsStaleSource ...........................................   Passed    0.02 sec
          Start  964: SandboxEditorUi.PointCloudOutlierRemovalDerivedJobDiscardsStaleProperty
 960/4010 Test  #964: SandboxEditorUi.PointCloudOutlierRemovalDerivedJobDiscardsStaleProperty .........................................   Passed    0.01 sec
          Start  965: SandboxEditorUi.PointCloudOutlierRemovalRadiusPublishesAndFailsClosed
 961/4010 Test  #965: SandboxEditorUi.PointCloudOutlierRemovalRadiusPublishesAndFailsClosed ...........................................   Passed    0.00 sec
          Start  966: SandboxEditorUi.PointCloudOutlierRemovalPreservesSurvivingPointProperties
 962/4010 Test  #966: SandboxEditorUi.PointCloudOutlierRemovalPreservesSurvivingPointProperties .......................................   Passed    0.00 sec
          Start  967: SandboxEditorUi.PointCloudOutlierRemovalRespectsDeletedSlots
 963/4010 Test  #967: SandboxEditorUi.PointCloudOutlierRemovalRespectsDeletedSlots ....................................................   Passed    0.00 sec
          Start  968: SandboxEditorUi.MeshDenoiseCommandFailsClosedForInvalidTargetsAndUnavailableKernel
 964/4010 Test  #968: SandboxEditorUi.MeshDenoiseCommandFailsClosedForInvalidTargetsAndUnavailableKernel ..............................   Passed    0.00 sec
          Start  969: SandboxEditorUi.MeshCurvatureCommandPublishesCanonicalPropertiesAndSupportsUndoRedo
 965/4010 Test  #969: SandboxEditorUi.MeshCurvatureCommandPublishesCanonicalPropertiesAndSupportsUndoRedo .............................   Passed    0.00 sec
          Start  970: SandboxEditorUi.MeshCurvatureRequestQueuesDerivedJobAndPublishesOnApply
 966/4010 Test  #970: SandboxEditorUi.MeshCurvatureRequestQueuesDerivedJobAndPublishesOnApply .........................................   Passed    0.01 sec
          Start  971: SandboxEditorUi.MeshCurvatureDerivedJobDiscardsStalePropertiesBeforeApply
 967/4010 Test  #971: SandboxEditorUi.MeshCurvatureDerivedJobDiscardsStalePropertiesBeforeApply .......................................   Passed    0.02 sec
          Start  972: SandboxEditorUi.MeshCurvatureCommandFallsBackToScalarOnlyWhenDirectionsUnavailable
 968/4010 Test  #972: SandboxEditorUi.MeshCurvatureCommandFallsBackToScalarOnlyWhenDirectionsUnavailable ..............................   Passed    0.00 sec
          Start  973: SandboxEditorUi.MeshCurvatureCommandFailsClosedForInvalidTargetsAndConflicts
 969/4010 Test  #973: SandboxEditorUi.MeshCurvatureCommandFailsClosedForInvalidTargetsAndConflicts ....................................   Passed    0.00 sec
          Start  974: SandboxEditorUi.MeshRemeshCommandReplacesTopologyAndSupportsUndoRedo
 970/4010 Test  #974: SandboxEditorUi.MeshRemeshCommandReplacesTopologyAndSupportsUndoRedo ............................................   Passed    0.01 sec
          Start  975: SandboxEditorUi.MeshRemeshRequestQueuesDerivedJobAndPublishesOnApply
 971/4010 Test  #975: SandboxEditorUi.MeshRemeshRequestQueuesDerivedJobAndPublishesOnApply ............................................   Passed    0.02 sec
          Start  976: SandboxEditorUi.MeshSubdivideCommandReplacesTopologyForAllOperatorsAndSupportsUndoRedo
 972/4010 Test  #976: SandboxEditorUi.MeshSubdivideCommandReplacesTopologyForAllOperatorsAndSupportsUndoRedo ..........................   Passed    0.01 sec
          Start  977: SandboxEditorUi.MeshSubdivideRequestQueuesDerivedJobAndPublishesOnApply
 973/4010 Test  #977: SandboxEditorUi.MeshSubdivideRequestQueuesDerivedJobAndPublishesOnApply .........................................   Passed    0.01 sec
          Start  978: SandboxEditorUi.MeshSubdivideDerivedJobDiscardsStaleMeshBeforeApply
 974/4010 Test  #978: SandboxEditorUi.MeshSubdivideDerivedJobDiscardsStaleMeshBeforeApply .............................................   Passed    0.02 sec
          Start  979: SandboxEditorUi.MeshSubdivideDerivedJobDiscardsStaleTopologyBeforeApply
 975/4010 Test  #979: SandboxEditorUi.MeshSubdivideDerivedJobDiscardsStaleTopologyBeforeApply .........................................   Passed    0.01 sec
          Start  980: SandboxEditorUi.MeshSimplifyCommandReducesFaceCountAndSupportsUndoRedo
 976/4010 Test  #980: SandboxEditorUi.MeshSimplifyCommandReducesFaceCountAndSupportsUndoRedo ..........................................   Passed    0.01 sec
          Start  981: SandboxEditorUi.MeshSimplifyRequestQueuesDerivedJobAndPublishesOnApply
 977/4010 Test  #981: SandboxEditorUi.MeshSimplifyRequestQueuesDerivedJobAndPublishesOnApply ..........................................   Passed    0.02 sec
          Start  982: SandboxEditorUi.MeshSimplifyCommandFailsClosedForInvalidTargetsAndUnavailableKernel
 978/4010 Test  #982: SandboxEditorUi.MeshSimplifyCommandFailsClosedForInvalidTargetsAndUnavailableKernel .............................   Passed    0.00 sec
          Start  983: SandboxEditorUi.MeshSimplifyPreservesUvSeamsWhenTexcoordsPresent
 979/4010 Test  #983: SandboxEditorUi.MeshSimplifyPreservesUvSeamsWhenTexcoordsPresent ................................................   Passed    0.01 sec
          Start  984: SandboxEditorUi.MeshTopologyProcessingCommandsFailClosedForInvalidTargetsAndUnavailableKernels
 980/4010 Test  #984: SandboxEditorUi.MeshTopologyProcessingCommandsFailClosedForInvalidTargetsAndUnavailableKernels ..................   Passed    0.00 sec
          Start  985: SandboxEditorUi.MeshVertexNormalsCommandPublishesCanonicalNormalsForAllWeightings
 981/4010 Test  #985: SandboxEditorUi.MeshVertexNormalsCommandPublishesCanonicalNormalsForAllWeightings ...............................   Passed    0.00 sec
          Start  986: SandboxEditorUi.MeshVertexNormalsRequestQueuesDerivedJobAndPublishesOnApply
 982/4010 Test  #986: SandboxEditorUi.MeshVertexNormalsRequestQueuesDerivedJobAndPublishesOnApply .....................................   Passed    0.01 sec
          Start  987: SandboxEditorUi.GraphAndPointCloudVertexNormalsRequestsQueueDerivedJobsAndPublishOnApply
 983/4010 Test  #987: SandboxEditorUi.GraphAndPointCloudVertexNormalsRequestsQueueDerivedJobsAndPublishOnApply ........................   Passed    0.01 sec
          Start  988: SandboxEditorUi.VertexNormalsDerivedJobsDiscardStaleSourcesBeforeApply
 984/4010 Test  #988: SandboxEditorUi.VertexNormalsDerivedJobsDiscardStaleSourcesBeforeApply ..........................................   Passed    0.03 sec
          Start  989: SandboxEditorUi.DirectMeshPostProcessDiscardsCompletionAfterGeometryEdit
 985/4010 Test  #989: SandboxEditorUi.DirectMeshPostProcessDiscardsCompletionAfterGeometryEdit ........................................   Passed    0.04 sec
          Start  990: SandboxEditorUi.DirectMeshPostProcessPreservesNewerUvAndSourceProperties
 986/4010 Test  #990: SandboxEditorUi.DirectMeshPostProcessPreservesNewerUvAndSourceProperties ........................................   Passed    0.04 sec
          Start  991: SandboxEditorUi.DirectMeshPostProcessDiscardsCompletionAfterBindingChange
 987/4010 Test  #991: SandboxEditorUi.DirectMeshPostProcessDiscardsCompletionAfterBindingChange .......................................   Passed    0.04 sec
          Start  992: SandboxEditorUi.DirectMeshPostProcessPendingStateGatesMutatingActions
 988/4010 Test  #992: SandboxEditorUi.DirectMeshPostProcessPendingStateGatesMutatingActions ...........................................   Passed    0.04 sec
          Start  993: SandboxEditorUi.DirectMeshPostProcessDiscardsCompletionAfterWorldSwitch
 989/4010 Test  #993: SandboxEditorUi.DirectMeshPostProcessDiscardsCompletionAfterWorldSwitch .........................................   Passed    0.04 sec
          Start  994: SandboxEditorUi.DirectMeshPostProcessWorldDestructionIsLifetimeSafe
 990/4010 Test  #994: SandboxEditorUi.DirectMeshPostProcessWorldDestructionIsLifetimeSafe .............................................   Passed    0.04 sec
          Start  995: SandboxEditorUi.DirectMeshPostProcessRejectsRecycledEntityTarget
 991/4010 Test  #995: SandboxEditorUi.DirectMeshPostProcessRejectsRecycledEntityTarget ................................................   Passed    0.04 sec
          Start  996: SandboxEditorUi.MeshVertexNormalsCommandFailsClosedForInvalidTargets
 992/4010 Test  #996: SandboxEditorUi.MeshVertexNormalsCommandFailsClosedForInvalidTargets ............................................   Passed    0.00 sec
          Start  997: SandboxEditorUi.GraphAndPointCloudVertexNormalsCommandsPublishCanonicalNormals
 993/4010 Test  #997: SandboxEditorUi.GraphAndPointCloudVertexNormalsCommandsPublishCanonicalNormals ..................................   Passed    0.00 sec
          Start  998: SandboxEditorUi.GraphAndPointCloudVertexNormalsCommandsFailClosedForInvalidTargets
 994/4010 Test  #998: SandboxEditorUi.GraphAndPointCloudVertexNormalsCommandsFailClosedForInvalidTargets ..............................   Passed    0.00 sec
          Start  999: SandboxEditorUi.UvRegenerationCommandRepairsSelectedMeshTexcoords
 995/4010 Test  #999: SandboxEditorUi.UvRegenerationCommandRepairsSelectedMeshTexcoords ...............................................   Passed    0.00 sec
          Start 1000: SandboxEditorUi.UvRegenerationRequestQueuesDerivedJobAndPublishesOnApply
 996/4010 Test #1000: SandboxEditorUi.UvRegenerationRequestQueuesDerivedJobAndPublishesOnApply ........................................   Passed    0.01 sec
          Start 1001: SandboxEditorUi.UvRegenerationDuplicateSubmitUsesExistingActiveJob
 997/4010 Test #1001: SandboxEditorUi.UvRegenerationDuplicateSubmitUsesExistingActiveJob ..............................................   Passed    0.01 sec
          Start 1002: SandboxEditorUi.UvRegenerationDerivedJobDiscardsStaleSource
 998/4010 Test #1002: SandboxEditorUi.UvRegenerationDerivedJobDiscardsStaleSource .....................................................   Passed    0.01 sec
          Start 1003: SandboxEditorUi.UvRegenerationDerivedJobDiscardsStaleAuthoredProperty
 999/4010 Test #1003: SandboxEditorUi.UvRegenerationDerivedJobDiscardsStaleAuthoredProperty ...........................................   Passed    0.01 sec
          Start 1004: SandboxEditorUi.UvRegenerationPanelModelTracksDerivedJobStateThroughCache
1000/4010 Test #1004: SandboxEditorUi.UvRegenerationPanelModelTracksDerivedJobStateThroughCache .......................................   Passed    0.01 sec
          Start 1005: SandboxEditorUi.TextureBakeControlsReportUvSourcesAndRequireRuntimeModule
1001/4010 Test #1005: SandboxEditorUi.TextureBakeControlsReportUvSourcesAndRequireRuntimeModule .......................................   Passed    0.00 sec
          Start 1006: SandboxEditorUi.AttachedEngineContextWiresTextureBakeModule
1002/4010 Test #1006: SandboxEditorUi.AttachedEngineContextWiresTextureBakeModule .....................................................   Passed    0.04 sec
          Start 1007: SandboxEditorUi.TextureBakeOperationDoesNotBypassUnavailableRuntimeModule
1003/4010 Test #1007: SandboxEditorUi.TextureBakeOperationDoesNotBypassUnavailableRuntimeModule .......................................   Passed    0.00 sec
          Start 1008: SandboxEditorUi.UnavailableTextureBakeModuleHasNoCpuFallback
1004/4010 Test #1008: SandboxEditorUi.UnavailableTextureBakeModuleHasNoCpuFallback ....................................................   Passed    0.00 sec
          Start 1009: SandboxEditorUi.TextureBakeModuleAvailabilityPrecedesAssetCreation
1005/4010 Test #1009: SandboxEditorUi.TextureBakeModuleAvailabilityPrecedesAssetCreation ..............................................   Passed    0.00 sec
          Start 1010: SandboxEditorUi.TextureBakeRequiresOperationalGpuBackend
1006/4010 Test #1010: SandboxEditorUi.TextureBakeRequiresOperationalGpuBackend ........................................................   Passed    0.00 sec
          Start 1011: SandboxEditorUi.VertexChannelBindingCommandRebindsNormalsForMeshGraphAndPointCloud
1007/4010 Test #1011: SandboxEditorUi.VertexChannelBindingCommandRebindsNormalsForMeshGraphAndPointCloud ..............................   Passed    0.00 sec
          Start 1012: SandboxEditorUi.VertexChannelBindingCommandBindsColorAndDisablesCleanly
1008/4010 Test #1012: SandboxEditorUi.VertexChannelBindingCommandBindsColorAndDisablesCleanly .........................................   Passed    0.00 sec
          Start 1013: SandboxEditorUi.VertexChannelBindingHistoryRestoresExactlyAndRejectsInterveningState
1009/4010 Test #1013: SandboxEditorUi.VertexChannelBindingHistoryRestoresExactlyAndRejectsInterveningState ............................   Passed    0.00 sec
          Start 1014: SandboxEditorUi.VisualizationPropertyPresetCommandRoutesThroughConfig
1010/4010 Test #1014: SandboxEditorUi.VisualizationPropertyPresetCommandRoutesThroughConfig ...........................................   Passed    0.01 sec
          Start 1015: SandboxEditorUi.RenderHintCommandEditsDomainComponentsAndHistory
1011/4010 Test #1015: SandboxEditorUi.RenderHintCommandEditsDomainComponentsAndHistory ................................................   Passed    0.01 sec
          Start 1016: SandboxEditorUi.RenderHintCommandRepackagesGraphLaneResidency
1012/4010 Test #1016: SandboxEditorUi.RenderHintCommandRepackagesGraphLaneResidency ...................................................   Passed    0.04 sec
          Start 1017: SandboxEditorUi.SelectEntityCommandRoutesThroughSelectionController
1013/4010 Test #1017: SandboxEditorUi.SelectEntityCommandRoutesThroughSelectionController .............................................   Passed    0.00 sec
          Start 1018: SandboxEditorUi.TransformEditCommandMutatesLocalTransformAndMarksDirty
1014/4010 Test #1018: SandboxEditorUi.TransformEditCommandMutatesLocalTransformAndMarksDirty ..........................................   Passed    0.00 sec
          Start 1019: SandboxEditorUi.TransformEditHistoryRejectsInterveningStateAndRestoresExactly
1015/4010 Test #1019: SandboxEditorUi.TransformEditHistoryRejectsInterveningStateAndRestoresExactly ...................................   Passed    0.00 sec
          Start 1020: SandboxEditorUi.CameraControllerCommandReplacesMainController
1016/4010 Test #1020: SandboxEditorUi.CameraControllerCommandReplacesMainController ...................................................   Passed    0.00 sec
          Start 1021: SandboxEditorUi.PrimitiveViewCommandTranslatesToRenderHintComponents
1017/4010 Test #1021: SandboxEditorUi.PrimitiveViewCommandTranslatesToRenderHintComponents ............................................   Passed    0.00 sec
          Start 1022: SandboxEditorUi.PrimitiveViewHistoryRejectsInterveningRenderHints
1018/4010 Test #1022: SandboxEditorUi.PrimitiveViewHistoryRejectsInterveningRenderHints ...............................................   Passed    0.00 sec
          Start 1023: SandboxEditorUi.VisualizationConfigCommandRoutesThroughSelectedEntity
1019/4010 Test #1023: SandboxEditorUi.VisualizationConfigCommandRoutesThroughSelectedEntity ...........................................   Passed    0.01 sec
          Start 1024: SandboxEditorUi.VisualizationConfigCommandTargetsPointLaneOverride
1020/4010 Test #1024: SandboxEditorUi.VisualizationConfigCommandTargetsPointLaneOverride ..............................................   Passed    0.01 sec
          Start 1025: SandboxEditorUi.VisualizationConfigHistoryRejectsInterveningStateAndRestoresExactly
1021/4010 Test #1025: SandboxEditorUi.VisualizationConfigHistoryRejectsInterveningStateAndRestoresExactly .............................   Passed    0.01 sec
          Start 1026: SandboxEditorUi.VisualizationRecipeCommandRoutesThroughRuntimeSurface
1022/4010 Test #1026: SandboxEditorUi.VisualizationRecipeCommandRoutesThroughRuntimeSurface ...........................................   Passed    0.01 sec
          Start 1027: SandboxEditorUi.GeometryPresentationSlotCommandsUseCommandHistory
1023/4010 Test #1027: SandboxEditorUi.GeometryPresentationSlotCommandsUseCommandHistory ...............................................   Passed    0.01 sec
          Start 1028: SandboxEditorUi.GeometryPresentationHistoryRejectsInterveningGenerationWithoutMutation
1024/4010 Test #1028: SandboxEditorUi.GeometryPresentationHistoryRejectsInterveningGenerationWithoutMutation ..........................   Passed    0.01 sec
          Start 1029: SandboxEditorSession.UnattachedPrepareFrameFailsClosed
1025/4010 Test #1029: SandboxEditorSession.UnattachedPrepareFrameFailsClosed ..........................................................   Passed    0.01 sec
          Start 1030: SandboxEditorSession.AttachPrepareDetachBoundsPreparedFrameLifetime
1026/4010 Test #1030: SandboxEditorSession.AttachPrepareDetachBoundsPreparedFrameLifetime .............................................   Passed    0.05 sec
          Start 1031: SandboxEditorSession.StaleCopiedCommandSurfacesFailAfterDetachAndReattach
1027/4010 Test #1031: SandboxEditorSession.StaleCopiedCommandSurfacesFailAfterDetachAndReattach .......................................   Passed    0.04 sec
          Start 1032: SandboxEditorSession.ReattachObservesEqualSequenceFromDifferentEngine
1028/4010 Test #1032: SandboxEditorSession.ReattachObservesEqualSequenceFromDifferentEngine ...........................................   Passed    0.07 sec
          Start 1033: RuntimeTextureBakeModule.RepresentationDefaultsPreserveRawScalarData
1029/4010 Test #1033: RuntimeTextureBakeModule.RepresentationDefaultsPreserveRawScalarData ............................................   Passed    0.00 sec
          Start 1034: RuntimeTextureBakeModule.NormalAndLabelDefaultsChooseEncodedStorage
1030/4010 Test #1034: RuntimeTextureBakeModule.NormalAndLabelDefaultsChooseEncodedStorage .............................................   Passed    0.00 sec
          Start 1035: RuntimeTextureBakeModule.RepresentationMatrixRejectsEncodersThatDoNotMatchStorageAndValueType
1031/4010 Test #1035: RuntimeTextureBakeModule.RepresentationMatrixRejectsEncodersThatDoNotMatchStorageAndValueType ...................   Passed    0.00 sec
          Start 1036: RuntimeTextureBakeModule.ServiceFailsClosedWithoutGpuComposition
1032/4010 Test #1036: RuntimeTextureBakeModule.ServiceFailsClosedWithoutGpuComposition ................................................   Passed    0.00 sec
          Start 1037: SelectionController.ClickHitSelectsEntityAndPopulatesSnapshot
1033/4010 Test #1037: SelectionController.ClickHitSelectsEntityAndPopulatesSnapshot ...................................................   Passed    0.00 sec
          Start 1038: SelectionController.ReplaceClickSwitchesSelection
1034/4010 Test #1038: SelectionController.ReplaceClickSwitchesSelection ...............................................................   Passed    0.00 sec
          Start 1039: SelectionController.AddModeAccumulatesInInsertionOrder
1035/4010 Test #1039: SelectionController.AddModeAccumulatesInInsertionOrder ..........................................................   Passed    0.00 sec
          Start 1040: SelectionController.ToggleModeRemovesSelectedEntity
1036/4010 Test #1040: SelectionController.ToggleModeRemovesSelectedEntity .............................................................   Passed    0.00 sec
          Start 1041: SelectionController.ReplaceThenAddModesBuildMultiSelection
1037/4010 Test #1041: SelectionController.ReplaceThenAddModesBuildMultiSelection ......................................................   Passed    0.00 sec
          Start 1042: SelectionController.ToggleModeAddsAndRemovesFromMultiSelection
1038/4010 Test #1042: SelectionController.ToggleModeAddsAndRemovesFromMultiSelection ..................................................   Passed    0.00 sec
          Start 1043: SelectionController.HoverHitSetsHoverWithoutChangingSelection
1039/4010 Test #1043: SelectionController.HoverHitSetsHoverWithoutChangingSelection ...................................................   Passed    0.00 sec
          Start 1044: SelectionController.BackgroundHoverClearsHover
1040/4010 Test #1044: SelectionController.BackgroundHoverClearsHover ..................................................................   Passed    0.00 sec
          Start 1045: SelectionController.ClearSceneStateDropsSelectionHoverAndPickQueues
1041/4010 Test #1045: SelectionController.ClearSceneStateDropsSelectionHoverAndPickQueues .............................................   Passed    0.00 sec
          Start 1046: SelectionController.BackgroundClickClearsSelectionInReplaceMode
1042/4010 Test #1046: SelectionController.BackgroundClickClearsSelectionInReplaceMode .................................................   Passed    0.00 sec
          Start 1047: SelectionController.BackgroundClickKeepsSelectionInAddMode
1043/4010 Test #1047: SelectionController.BackgroundClickKeepsSelectionInAddMode ......................................................   Passed    0.00 sec
          Start 1048: SelectionController.StaleEntityHitIsRejected
1044/4010 Test #1048: SelectionController.StaleEntityHitIsRejected ....................................................................   Passed    0.00 sec
          Start 1049: SelectionController.NonSelectableHitIsRejected
1045/4010 Test #1049: SelectionController.NonSelectableHitIsRejected ..................................................................   Passed    0.00 sec
          Start 1050: SelectionController.CoalescesMultipleSameFrameEventsIntoOnePick
1046/4010 Test #1050: SelectionController.CoalescesMultipleSameFrameEventsIntoOnePick .................................................   Passed    0.00 sec
          Start 1051: SelectionController.ClickSupersedesPendingHover
1047/4010 Test #1051: SelectionController.ClickSupersedesPendingHover .................................................................   Passed    0.00 sec
          Start 1052: SelectionController.LatestHoverPositionWinsWhileNoClickPending
1048/4010 Test #1052: SelectionController.LatestHoverPositionWinsWhileNoClickPending ..................................................   Passed    0.00 sec
          Start 1053: SelectionController.DrainedHoverKindAppliesHoverNotSelection
1049/4010 Test #1053: SelectionController.DrainedHoverKindAppliesHoverNotSelection ....................................................   Passed    0.00 sec
          Start 1054: SelectionController.ProgrammaticSelectAndClear
1050/4010 Test #1054: SelectionController.ProgrammaticSelectAndClear ..................................................................   Passed    0.00 sec
          Start 1055: SelectionController.SelectionGenerationTracksSelectedSetChanges
1051/4010 Test #1055: SelectionController.SelectionGenerationTracksSelectedSetChanges .................................................   Passed    0.00 sec
          Start 1056: SelectionController.ProgrammaticSelectRejectsInvalidEntity
1052/4010 Test #1056: SelectionController.ProgrammaticSelectRejectsInvalidEntity ......................................................   Passed    0.00 sec
          Start 1057: SelectionController.DrainedPickCarriesMonotonicSequence
1053/4010 Test #1057: SelectionController.DrainedPickCarriesMonotonicSequence .........................................................   Passed    0.00 sec
          Start 1058: SelectionController.MultipleInFlightPicksReplayOwnKindBySequence
1054/4010 Test #1058: SelectionController.MultipleInFlightPicksReplayOwnKindBySequence ................................................   Passed    0.00 sec
          Start 1059: SelectionController.InFlightPicksResolveCorrectlyOutOfOrder
1055/4010 Test #1059: SelectionController.InFlightPicksResolveCorrectlyOutOfOrder .....................................................   Passed    0.01 sec
          Start 1060: SelectionController.ConvenienceOverloadConsumesOldestInFlight
1056/4010 Test #1060: SelectionController.ConvenienceOverloadConsumesOldestInFlight ...................................................   Passed    0.01 sec
          Start 1061: SelectionController.InFlightCapacityEvictsOldestUnresolved
1057/4010 Test #1061: SelectionController.InFlightCapacityEvictsOldestUnresolved ......................................................   Passed    0.01 sec
          Start 1062: SelectionController.StandaloneUnsequencedReadbackAppliesAsClick
1058/4010 Test #1062: SelectionController.StandaloneUnsequencedReadbackAppliesAsClick .................................................   Passed    0.01 sec
          Start 1063: SelectionController.ReadbackCountersReconcile
1059/4010 Test #1063: SelectionController.ReadbackCountersReconcile ...................................................................   Passed    0.01 sec
          Start 1064: SelectionController.ClickHitSelectsFirstRegistryEntityWithRawIdZero
1060/4010 Test #1064: SelectionController.ClickHitSelectsFirstRegistryEntityWithRawIdZero .............................................   Passed    0.01 sec
          Start 1065: SelectionReadbackBridge.PendingDrainRequestsRendererPickAndTracksSequence
1061/4010 Test #1065: SelectionReadbackBridge.PendingDrainRequestsRendererPickAndTracksSequence .......................................   Passed    0.01 sec
          Start 1066: SelectionReadbackBridge.ZeroSequenceBackgroundIsRejectedBeforeRefinement
1062/4010 Test #1066: SelectionReadbackBridge.ZeroSequenceBackgroundIsRejectedBeforeRefinement ........................................   Passed    0.01 sec
          Start 1067: SelectionReadbackBridge.SceneClearDropsCorrelationContextBeforeLateReadback
1063/4010 Test #1067: SelectionReadbackBridge.SceneClearDropsCorrelationContextBeforeLateReadback .....................................   Passed    0.01 sec
          Start 1068: SelectionReadbackCorrelation.OutOfOrderReadbacksApplyToCorrectRequestBySequence
1064/4010 Test #1068: SelectionReadbackCorrelation.OutOfOrderReadbacksApplyToCorrectRequestBySequence .................................   Passed    0.00 sec
          Start 1069: SelectionReadbackCorrelation.MissingOldestReadbackDoesNotMisapplyNewerBySequence
1065/4010 Test #1069: SelectionReadbackCorrelation.MissingOldestReadbackDoesNotMisapplyNewerBySequence ................................   Passed    0.00 sec
          Start 1070: SelectionReadbackCorrelation.ControllerCapacityEvictionRejectsStillTrackedContext
1066/4010 Test #1070: SelectionReadbackCorrelation.ControllerCapacityEvictionRejectsStillTrackedContext ...............................   Passed    0.01 sec
          Start 1071: SelectionReadbackCorrelation.ContextCapacityEvictionDiscardsControllerRecord
1067/4010 Test #1071: SelectionReadbackCorrelation.ContextCapacityEvictionDiscardsControllerRecord ....................................   Passed    0.01 sec
          Start 1072: SelectionReadbackCorrelation.UnknownWrongWorldAndWrongEpochResultsFailClosed
1068/4010 Test #1072: SelectionReadbackCorrelation.UnknownWrongWorldAndWrongEpochResultsFailClosed ....................................   Passed    0.01 sec
          Start 1073: SelectionSnapshotExtraction.SelectedEntityMirrorsIntoRenderWorldSelection
1069/4010 Test #1073: SelectionSnapshotExtraction.SelectedEntityMirrorsIntoRenderWorldSelection .......................................   Passed    0.06 sec
          Start 1074: SelectionSnapshotExtraction.HoveredEntityMirrorsIntoRenderWorldSelection
1070/4010 Test #1074: SelectionSnapshotExtraction.HoveredEntityMirrorsIntoRenderWorldSelection ........................................   Passed    0.06 sec
          Start 1075: SelectionSnapshotExtraction.AdditiveSelectionMirrorsAllSelectedIds
1071/4010 Test #1075: SelectionSnapshotExtraction.AdditiveSelectionMirrorsAllSelectedIds ..............................................   Passed    0.06 sec
          Start 1076: SelectionSnapshotExtraction.OmittedInteractionSnapshotLeavesSelectionEmpty
1072/4010 Test #1076: SelectionSnapshotExtraction.OmittedInteractionSnapshotLeavesSelectionEmpty ......................................   Passed    0.06 sec
          Start 1077: SelectionSnapshotExtraction.ClearedSelectionMirrorsEmptyOnNextExtraction
1073/4010 Test #1077: SelectionSnapshotExtraction.ClearedSelectionMirrorsEmptyOnNextExtraction ........................................   Passed    0.06 sec
          Start 1078: SelectionSnapshotExtraction.SubmissionCopiesCallerOwnedVectorsBeforeExtraction
1074/4010 Test #1078: SelectionSnapshotExtraction.SubmissionCopiesCallerOwnedVectorsBeforeExtraction ..................................   Passed    0.06 sec
          Start 1079: SelectionSnapshotExtraction.MismatchedWorldSnapshotFailsClosed
1075/4010 Test #1079: SelectionSnapshotExtraction.MismatchedWorldSnapshotFailsClosed ..................................................   Passed    0.06 sec
          Start 1080: SelectionSnapshotExtraction.EmptyWorldSnapshotClearsPriorSelectionHoverAndGizmoPackets
1076/4010 Test #1080: SelectionSnapshotExtraction.EmptyWorldSnapshotClearsPriorSelectionHoverAndGizmoPackets ..........................   Passed    0.06 sec
          Start 1081: SelectionStableLookupComposition.HitResolvesThroughAttachedLookupAndSelects
1077/4010 Test #1081: SelectionStableLookupComposition.HitResolvesThroughAttachedLookupAndSelects .....................................   Passed    0.00 sec
          Start 1082: SelectionStableLookupComposition.RecycledSlotRenderIdRejectedAsStaleNotMisapplied
1078/4010 Test #1082: SelectionStableLookupComposition.RecycledSlotRenderIdRejectedAsStaleNotMisapplied ...............................   Passed    0.00 sec
          Start 1083: SelectionStableLookupComposition.SetSelectedByStableEntityIdRoutesThroughLookup
1079/4010 Test #1083: SelectionStableLookupComposition.SetSelectedByStableEntityIdRoutesThroughLookup .................................   Passed    0.00 sec
          Start 1084: SelectionStableLookupComposition.NoAttachedLookupFallsBackToBareDecode
1080/4010 Test #1084: SelectionStableLookupComposition.NoAttachedLookupFallsBackToBareDecode ..........................................   Passed    0.00 sec
          Start 1085: SelectionStableLookupComposition.IncrementalDurableMapTracksRecycledStableIdOwner
1081/4010 Test #1085: SelectionStableLookupComposition.IncrementalDurableMapTracksRecycledStableIdOwner ...............................   Passed    0.00 sec
          Start 1086: SelectionStableLookupComposition.EngineTracksStableIdEventsWithoutRunFrameRebuild
1082/4010 Test #1086: SelectionStableLookupComposition.EngineTracksStableIdEventsWithoutRunFrameRebuild ...............................   Passed    0.04 sec
          Start 1087: SelectionStableLookupComposition.SceneLoadRebuildsStableLookupAtReplacementBoundary
1083/4010 Test #1087: SelectionStableLookupComposition.SceneLoadRebuildsStableLookupAtReplacementBoundary .............................   Passed    0.04 sec
          Start 1088: StableEntityLookup.ResolvesEntityWithValidStableId
1084/4010 Test #1088: StableEntityLookup.ResolvesEntityWithValidStableId ..............................................................   Passed    0.00 sec
          Start 1089: StableEntityLookup.MissingAndSentinelLookupsAreCountedAndReturnNullopt
1085/4010 Test #1089: StableEntityLookup.MissingAndSentinelLookupsAreCountedAndReturnNullopt ..........................................   Passed    0.00 sec
          Start 1090: StableEntityLookup.SentinelStableIdIsNotTracked
1086/4010 Test #1090: StableEntityLookup.SentinelStableIdIsNotTracked .................................................................   Passed    0.00 sec
          Start 1091: StableEntityLookup.TrackFoldsSingleEntityAndForgetDropsIt
1087/4010 Test #1091: StableEntityLookup.TrackFoldsSingleEntityAndForgetDropsIt .......................................................   Passed    0.00 sec
          Start 1092: StableEntityLookup.TrackAfterStableIdReassignmentDropsOldWinnerEntry
1088/4010 Test #1092: StableEntityLookup.TrackAfterStableIdReassignmentDropsOldWinnerEntry ............................................   Passed    0.00 sec
          Start 1093: StableEntityLookup.ForgetAfterReassignmentLeavesNoStaleEntry
1089/4010 Test #1093: StableEntityLookup.ForgetAfterReassignmentLeavesNoStaleEntry ....................................................   Passed    0.00 sec
          Start 1094: StableEntityLookup.TrackIgnoresEntityWithoutValidStableId
1090/4010 Test #1094: StableEntityLookup.TrackIgnoresEntityWithoutValidStableId .......................................................   Passed    0.00 sec
          Start 1095: StableEntityLookup.DuplicateStableIdKeepsSmallestRenderIdWinnerDeterministically
1091/4010 Test #1095: StableEntityLookup.DuplicateStableIdKeepsSmallestRenderIdWinnerDeterministically ................................   Passed    0.01 sec
          Start 1096: StableEntityLookup.IncrementalTrackOrderDoesNotChangeDuplicateWinner
1092/4010 Test #1096: StableEntityLookup.IncrementalTrackOrderDoesNotChangeDuplicateWinner ............................................   Passed    0.01 sec
          Start 1097: StableEntityLookup.StaleEntityResolutionInvalidatesDeterministically
1093/4010 Test #1097: StableEntityLookup.StaleEntityResolutionInvalidatesDeterministically ............................................   Passed    0.01 sec
          Start 1098: StableEntityLookup.PruneStaleDropsDestroyedWinnersInBulk
1094/4010 Test #1098: StableEntityLookup.PruneStaleDropsDestroyedWinnersInBulk ........................................................   Passed    0.01 sec
          Start 1099: StableEntityLookup.ResolvesByEnttBackedRenderId
1095/4010 Test #1099: StableEntityLookup.ResolvesByEnttBackedRenderId .................................................................   Passed    0.01 sec
          Start 1100: StableEntityLookup.RenderIdOfDestroyedEntityIsRejectedAsStale
1096/4010 Test #1100: StableEntityLookup.RenderIdOfDestroyedEntityIsRejectedAsStale ...................................................   Passed    0.01 sec
          Start 1101: StableEntityLookup.ResolveSelectedReturnsLiveSubsetInInputOrder
1097/4010 Test #1101: StableEntityLookup.ResolveSelectedReturnsLiveSubsetInInputOrder .................................................   Passed    0.01 sec
          Start 1102: StableEntityLookup.RebuildReplacesPriorStateAndClearEmptiesMap
1098/4010 Test #1102: StableEntityLookup.RebuildReplacesPriorStateAndClearEmptiesMap ..................................................   Passed    0.01 sec
          Start 1103: StableEntityLookup.RenderIdOfFirstRegistryEntityIsNotBackgroundSentinel
1099/4010 Test #1103: StableEntityLookup.RenderIdOfFirstRegistryEntityIsNotBackgroundSentinel .........................................   Passed    0.01 sec
          Start 1104: StableEntityLookup.BackgroundRenderIdDecodesToInvalidHandle
1100/4010 Test #1104: StableEntityLookup.BackgroundRenderIdDecodesToInvalidHandle .....................................................   Passed    0.01 sec
          Start 1105: StableEntityLookup.RenderIdRoundTripsAcrossRecycledVersions
1101/4010 Test #1105: StableEntityLookup.RenderIdRoundTripsAcrossRecycledVersions .....................................................   Passed    0.00 sec
          Start 1106: VertexAttributeBinding.MissingPropertyFallsBackWhenAllowed
1102/4010 Test #1106: VertexAttributeBinding.MissingPropertyFallsBackWhenAllowed ......................................................   Passed    0.00 sec
          Start 1107: VertexAttributeBinding.MissingPropertyNotPopulatedWhenFallbackDisabled
1103/4010 Test #1107: VertexAttributeBinding.MissingPropertyNotPopulatedWhenFallbackDisabled ..........................................   Passed    0.01 sec
          Start 1108: VertexAttributeBinding.TypeMismatchIsDistinctFromMissing
1104/4010 Test #1108: VertexAttributeBinding.TypeMismatchIsDistinctFromMissing ........................................................   Passed    0.01 sec
          Start 1109: VertexAttributeBinding.CountMismatchFallsBack
1105/4010 Test #1109: VertexAttributeBinding.CountMismatchFallsBack ...................................................................   Passed    0.01 sec
          Start 1110: VertexAttributeBinding.EmptyBindingFallsBack
1106/4010 Test #1110: VertexAttributeBinding.EmptyBindingFallsBack ....................................................................   Passed    0.01 sec
          Start 1111: VertexAttributeBinding.Vec3RenormalizesAndRepairsDegenerateAndNonFinite
1107/4010 Test #1111: VertexAttributeBinding.Vec3RenormalizesAndRepairsDegenerateAndNonFinite .........................................   Passed    0.00 sec
          Start 1112: VertexAttributeBinding.Vec2TexcoordRepairsNonFinitePerElement
1108/4010 Test #1112: VertexAttributeBinding.Vec2TexcoordRepairsNonFinitePerElement ...................................................   Passed    0.00 sec
          Start 1113: VertexAttributeBinding.ColorVec4PacksUnorm8RoundTrip
1109/4010 Test #1113: VertexAttributeBinding.ColorVec4PacksUnorm8RoundTrip ............................................................   Passed    0.00 sec
          Start 1114: VertexAttributeBinding.ColorVec3PacksOpaqueAlpha
1110/4010 Test #1114: VertexAttributeBinding.ColorVec3PacksOpaqueAlpha ................................................................   Passed    0.01 sec
          Start 1115: VertexChannelStreams.TightLayoutAssignsOffsetsAndStride
1111/4010 Test #1115: VertexChannelStreams.TightLayoutAssignsOffsetsAndStride .........................................................   Passed    0.01 sec
          Start 1116: VertexChannelStreams.InterleaveReproducesMeshVertexBytes
1112/4010 Test #1116: VertexChannelStreams.InterleaveReproducesMeshVertexBytes ........................................................   Passed    0.00 sec
          Start 1117: VertexChannelStreams.MissingChannelIsZeroFilled
1113/4010 Test #1117: VertexChannelStreams.MissingChannelIsZeroFilled .................................................................   Passed    0.00 sec
          Start 1118: VertexChannelStreams.CountMismatchLeavesChannelAbsent
1114/4010 Test #1118: VertexChannelStreams.CountMismatchLeavesChannelAbsent ...........................................................   Passed    0.00 sec
          Start 1119: VertexChannelStreams.PositionUvLayoutMatchesLineAndPointStride
1115/4010 Test #1119: VertexChannelStreams.PositionUvLayoutMatchesLineAndPointStride ..................................................   Passed    0.00 sec
          Start 1120: RenderWorldPool.DefaultsToTripleBuffer
1116/4010 Test #1120: RenderWorldPool.DefaultsToTripleBuffer ..........................................................................   Passed    0.00 sec
          Start 1121: RenderWorldPool.BufferCountClampsToSupportedRange
1117/4010 Test #1121: RenderWorldPool.BufferCountClampsToSupportedRange ...............................................................   Passed    0.00 sec
          Start 1122: RenderWorldPool.AcquireFrontBeforeAnyPublishReturnsInvalid
1118/4010 Test #1122: RenderWorldPool.AcquireFrontBeforeAnyPublishReturnsInvalid ......................................................   Passed    0.00 sec
          Start 1123: RenderWorldPool.DeterministicRotationSchedule
1119/4010 Test #1123: RenderWorldPool.DeterministicRotationSchedule ...................................................................   Passed    0.00 sec
          Start 1124: RenderWorldPool.HeldFrontIsNotRecycledUntilReleased
1120/4010 Test #1124: RenderWorldPool.HeldFrontIsNotRecycledUntilReleased .............................................................   Passed    0.00 sec
          Start 1125: RenderWorldPool.RefcountTracksConcurrentFrontHolders
1121/4010 Test #1125: RenderWorldPool.RefcountTracksConcurrentFrontHolders ............................................................   Passed    0.00 sec
          Start 1126: RenderWorldPool.ConsumerReusesFrontAndCountsStall
1122/4010 Test #1126: RenderWorldPool.ConsumerReusesFrontAndCountsStall ...............................................................   Passed    0.00 sec
          Start 1127: RenderWorldPool.ProducerReplacesUnpublishedBackAndCountsSkip
1123/4010 Test #1127: RenderWorldPool.ProducerReplacesUnpublishedBackAndCountsSkip ....................................................   Passed    0.00 sec
          Start 1128: RenderWorldPool.ExhaustedPoolDoesNotReuseReferencedSlot
1124/4010 Test #1128: RenderWorldPool.ExhaustedPoolDoesNotReuseReferencedSlot .........................................................   Passed    0.00 sec
          Start 1129: RenderWorldPool.SynchronousModeReusesSingleSlotWithoutCounters
1125/4010 Test #1129: RenderWorldPool.SynchronousModeReusesSingleSlotWithoutCounters ..................................................   Passed    0.00 sec
          Start 1130: RenderWorldPool.FrameAgeReflectsPublishToConsumeDelta
1126/4010 Test #1130: RenderWorldPool.FrameAgeReflectsPublishToConsumeDelta ...........................................................   Passed    0.00 sec
          Start 1131: RenderWorldPool.PreviousFrontAcquireConsumesRenderNMinusOneWithoutStall
1127/4010 Test #1131: RenderWorldPool.PreviousFrontAcquireConsumesRenderNMinusOneWithoutStall .........................................   Passed    0.00 sec
          Start 1132: RenderWorldPoolDiagnostics.MirrorIsZeroForUntouchedPool
1128/4010 Test #1132: RenderWorldPoolDiagnostics.MirrorIsZeroForUntouchedPool .........................................................   Passed    0.00 sec
          Start 1133: RenderWorldPoolDiagnostics.MirrorCopiesStallSkipAndFrameAge
1129/4010 Test #1133: RenderWorldPoolDiagnostics.MirrorCopiesStallSkipAndFrameAge .....................................................   Passed    0.00 sec
          Start 1134: RenderWorldPoolEngineWiring.ConfiguresPrivatePoolFromExtractionMode
1130/4010 Test #1134: RenderWorldPoolEngineWiring.ConfiguresPrivatePoolFromExtractionMode .............................................   Passed    0.00 sec
          Start 1135: RenderWorldPoolEngineWiring.FrameLoopOwnsPoolLifecycleWithoutPublicForwarders
1131/4010 Test #1135: RenderWorldPoolEngineWiring.FrameLoopOwnsPoolLifecycleWithoutPublicForwarders ...................................   Passed    0.00 sec
          Start 1136: VisualizationRecipes.EncodesScalarColorAndLabelProperties
1132/4010 Test #1136: VisualizationRecipes.EncodesScalarColorAndLabelProperties .......................................................   Passed    0.00 sec
          Start 1137: VisualizationRecipes.EncodesVectorAndIsolineProperties
1133/4010 Test #1137: VisualizationRecipes.EncodesVectorAndIsolineProperties ..........................................................   Passed    0.00 sec
          Start 1138: VisualizationRecipes.EncodesAtlasMetadataWithoutSchedulingWork
1134/4010 Test #1138: VisualizationRecipes.EncodesAtlasMetadataWithoutSchedulingWork ..................................................   Passed    0.00 sec
          Start 1139: VisualizationRecipes.ReportsDeterministicFailureStatusAndEmptyOutput
1135/4010 Test #1139: VisualizationRecipes.ReportsDeterministicFailureStatusAndEmptyOutput ............................................   Passed    0.00 sec
          Start 1140: VisualizationRecipes.HtexRecreateIsASeparateTypedJobOperation
1136/4010 Test #1140: VisualizationRecipes.HtexRecreateIsASeparateTypedJobOperation ...................................................   Passed    0.01 sec
          Start 1141: VisualizationRecipes.ScalarRangePoliciesRemainDeterministic
1137/4010 Test #1141: VisualizationRecipes.ScalarRangePoliciesRemainDeterministic .....................................................   Passed    0.00 sec
          Start 1142: VisualizationRecipes.EncodingBatchAppendOwnsPayloadSpansAndClearResetsAllLanes
1138/4010 Test #1142: VisualizationRecipes.EncodingBatchAppendOwnsPayloadSpansAndClearResetsAllLanes ..................................   Passed    0.00 sec
          Start 1143: VisualizationRecipes.RecipeIdentityIsClosedAndComparable
1139/4010 Test #1143: VisualizationRecipes.RecipeIdentityIsClosedAndComparable ........................................................   Passed    0.00 sec
          Start 1144: AllDirtyDomains/MeshGeometryExtractionDirtyTag.DirtyTagTriggersReupload/"GpuDirty"
1140/4010 Test #1144: AllDirtyDomains/MeshGeometryExtractionDirtyTag.DirtyTagTriggersReupload/"GpuDirty" ..............................   Passed    0.06 sec
          Start 1145: AllDirtyDomains/MeshGeometryExtractionDirtyTag.DirtyTagTriggersReupload/"DirtyVertexPositions"
1141/4010 Test #1145: AllDirtyDomains/MeshGeometryExtractionDirtyTag.DirtyTagTriggersReupload/"DirtyVertexPositions" ..................   Passed    0.06 sec
          Start 1146: AllDirtyDomains/MeshGeometryExtractionDirtyTag.DirtyTagTriggersReupload/"DirtyVertexAttributes"
1142/4010 Test #1146: AllDirtyDomains/MeshGeometryExtractionDirtyTag.DirtyTagTriggersReupload/"DirtyVertexAttributes" .................   Passed    0.06 sec
          Start 1147: AllDirtyDomains/MeshGeometryExtractionDirtyTag.DirtyTagTriggersReupload/"DirtyVertexTexcoords"
1143/4010 Test #1147: AllDirtyDomains/MeshGeometryExtractionDirtyTag.DirtyTagTriggersReupload/"DirtyVertexTexcoords" ..................   Passed    0.06 sec
          Start 1148: AllDirtyDomains/MeshGeometryExtractionDirtyTag.DirtyTagTriggersReupload/"DirtyVertexNormals"
1144/4010 Test #1148: AllDirtyDomains/MeshGeometryExtractionDirtyTag.DirtyTagTriggersReupload/"DirtyVertexNormals" ....................   Passed    0.06 sec
          Start 1149: AllDirtyDomains/MeshGeometryExtractionDirtyTag.DirtyTagTriggersReupload/"DirtyVertexColors"
1145/4010 Test #1149: AllDirtyDomains/MeshGeometryExtractionDirtyTag.DirtyTagTriggersReupload/"DirtyVertexColors" .....................   Passed    0.06 sec
          Start 1150: AllDirtyDomains/MeshGeometryExtractionDirtyTag.DirtyTagTriggersReupload/"DirtyFaceTopology"
1146/4010 Test #1150: AllDirtyDomains/MeshGeometryExtractionDirtyTag.DirtyTagTriggersReupload/"DirtyFaceTopology" .....................   Passed    0.06 sec
          Start 1151: AllDirtyDomains/MeshGeometryExtractionDirtyTag.DirtyTagTriggersReupload/"DirtyEdgeTopology"
1147/4010 Test #1151: AllDirtyDomains/MeshGeometryExtractionDirtyTag.DirtyTagTriggersReupload/"DirtyEdgeTopology" .....................   Passed    0.06 sec
          Start 1152: AllDirtyDomains/GraphGeometryExtractionDirtyTag.DirtyTagTriggersReupload/"GpuDirty"
1148/4010 Test #1152: AllDirtyDomains/GraphGeometryExtractionDirtyTag.DirtyTagTriggersReupload/"GpuDirty" .............................   Passed    0.06 sec
          Start 1153: AllDirtyDomains/GraphGeometryExtractionDirtyTag.DirtyTagTriggersReupload/"DirtyVertexPositions"
1149/4010 Test #1153: AllDirtyDomains/GraphGeometryExtractionDirtyTag.DirtyTagTriggersReupload/"DirtyVertexPositions" .................   Passed    0.06 sec
          Start 1154: AllDirtyDomains/GraphGeometryExtractionDirtyTag.DirtyTagTriggersReupload/"DirtyVertexAttributes"
1150/4010 Test #1154: AllDirtyDomains/GraphGeometryExtractionDirtyTag.DirtyTagTriggersReupload/"DirtyVertexAttributes" ................   Passed    0.06 sec
          Start 1155: AllDirtyDomains/GraphGeometryExtractionDirtyTag.DirtyTagTriggersReupload/"DirtyVertexTexcoords"
1151/4010 Test #1155: AllDirtyDomains/GraphGeometryExtractionDirtyTag.DirtyTagTriggersReupload/"DirtyVertexTexcoords" .................   Passed    0.06 sec
          Start 1156: AllDirtyDomains/GraphGeometryExtractionDirtyTag.DirtyTagTriggersReupload/"DirtyVertexNormals"
1152/4010 Test #1156: AllDirtyDomains/GraphGeometryExtractionDirtyTag.DirtyTagTriggersReupload/"DirtyVertexNormals" ...................   Passed    0.06 sec
          Start 1157: AllDirtyDomains/GraphGeometryExtractionDirtyTag.DirtyTagTriggersReupload/"DirtyVertexColors"
1153/4010 Test #1157: AllDirtyDomains/GraphGeometryExtractionDirtyTag.DirtyTagTriggersReupload/"DirtyVertexColors" ....................   Passed    0.06 sec
          Start 1158: AllDirtyDomains/GraphGeometryExtractionDirtyTag.DirtyTagTriggersReupload/"DirtyEdgeTopology"
1154/4010 Test #1158: AllDirtyDomains/GraphGeometryExtractionDirtyTag.DirtyTagTriggersReupload/"DirtyEdgeTopology" ....................   Passed    0.06 sec
          Start 1159: AllDirtyDomains/PointCloudGeometryExtractionDirtyTag.DirtyTagTriggersReupload/"GpuDirty"
1155/4010 Test #1159: AllDirtyDomains/PointCloudGeometryExtractionDirtyTag.DirtyTagTriggersReupload/"GpuDirty" ........................   Passed    0.06 sec
          Start 1160: AllDirtyDomains/PointCloudGeometryExtractionDirtyTag.DirtyTagTriggersReupload/"DirtyVertexPositions"
1156/4010 Test #1160: AllDirtyDomains/PointCloudGeometryExtractionDirtyTag.DirtyTagTriggersReupload/"DirtyVertexPositions" ............   Passed    0.06 sec
          Start 1161: AllDirtyDomains/PointCloudGeometryExtractionDirtyTag.DirtyTagTriggersReupload/"DirtyVertexAttributes"
1157/4010 Test #1161: AllDirtyDomains/PointCloudGeometryExtractionDirtyTag.DirtyTagTriggersReupload/"DirtyVertexAttributes" ...........   Passed    0.06 sec
          Start 1162: AllDirtyDomains/PointCloudGeometryExtractionDirtyTag.DirtyTagTriggersReupload/"DirtyVertexTexcoords"
1158/4010 Test #1162: AllDirtyDomains/PointCloudGeometryExtractionDirtyTag.DirtyTagTriggersReupload/"DirtyVertexTexcoords" ............   Passed    0.06 sec
          Start 1163: AllDirtyDomains/PointCloudGeometryExtractionDirtyTag.DirtyTagTriggersReupload/"DirtyVertexNormals"
1159/4010 Test #1163: AllDirtyDomains/PointCloudGeometryExtractionDirtyTag.DirtyTagTriggersReupload/"DirtyVertexNormals" ..............   Passed    0.06 sec
          Start 1164: AllDirtyDomains/PointCloudGeometryExtractionDirtyTag.DirtyTagTriggersReupload/"DirtyVertexColors"
1160/4010 Test #1164: AllDirtyDomains/PointCloudGeometryExtractionDirtyTag.DirtyTagTriggersReupload/"DirtyVertexColors" ...............   Passed    0.06 sec
          Start 1166: SandboxDomainPanels.RegistersTheTenAppOwnedWindowsWithStableMenuMetadata
1161/4010 Test #1166: SandboxDomainPanels.RegistersTheTenAppOwnedWindowsWithStableMenuMetadata ........................................   Passed    0.04 sec
          Start 1167: SandboxDomainPanels.RegistrationIsIdempotentAndLifetimeUnregistersEveryWindow
1162/4010 Test #1167: SandboxDomainPanels.RegistrationIsIdempotentAndLifetimeUnregistersEveryWindow ...................................   Passed    0.06 sec
          Start 1168: SandboxDomainPanels.ClosedRegisteredWindowsBuildNoDomainModels
1163/4010 Test #1168: SandboxDomainPanels.ClosedRegisteredWindowsBuildNoDomainModels ..................................................   Passed    0.04 sec
          Start 1169: SandboxDomainPanels.OpenSameDomainWindowsShareOneModelBuildPerFrame
1164/4010 Test #1169: SandboxDomainPanels.OpenSameDomainWindowsShareOneModelBuildPerFrame .............................................   Passed    0.04 sec
          Start 1170: SandboxConfigSections.BootAndLiveApplyUseTheAppOwnedRegistryThroughNullRun
1165/4010 Test #1170: SandboxConfigSections.BootAndLiveApplyUseTheAppOwnedRegistryThroughNullRun ......................................   Passed    0.05 sec
          Start 1171: SandboxAppComposition.MissingAssetWorkflowStillComposesIndependentFocusAction
1166/4010 Test #1171: SandboxAppComposition.MissingAssetWorkflowStillComposesIndependentFocusAction ...................................   Passed    0.04 sec
          Start 1172: SandboxAppComposition.PipelineSelectionDoesNotRequireCamera
1167/4010 Test #1172: SandboxAppComposition.PipelineSelectionDoesNotRequireCamera .....................................................   Passed    0.04 sec
          Start 1173: SandboxAppComposition.MaterializationAndAutofocusDoNotRequireSelection
1168/4010 Test #1173: SandboxAppComposition.MaterializationAndAutofocusDoNotRequireSelection ..........................................   Passed    0.04 sec
          Start 1174: SandboxAppComposition.ReinitializeAndRepeatedShutdownDoNotDuplicateState
1169/4010 Test #1174: SandboxAppComposition.ReinitializeAndRepeatedShutdownDoNotDuplicateState ........................................   Passed    0.07 sec
          Start 1175: SandboxAppComposition.BlockedImportShutdownCancelsBeforeRealSandboxUnregister
1170/4010 Test #1175: SandboxAppComposition.BlockedImportShutdownCancelsBeforeRealSandboxUnregister ...................................   Passed    0.04 sec
          Start 1176: SandboxAppComposition.DefaultFocusLifecycleIsPrivateAndTransactional
1171/4010 Test #1176: SandboxAppComposition.DefaultFocusLifecycleIsPrivateAndTransactional ............................................   Passed    0.00 sec
          Start 1177: SandboxEditorPresentation.DefaultDrawStartsWithOnlyMenuBarVisible
1172/4010 Test #1177: SandboxEditorPresentation.DefaultDrawStartsWithOnlyMenuBarVisible ...............................................   Passed    0.04 sec
          Start 1178: SandboxEditorPresentation.DomainMenusUseAppearanceAndFocusedProcessingWindows
1173/4010 Test #1178: SandboxEditorPresentation.DomainMenusUseAppearanceAndFocusedProcessingWindows ...................................   Passed    0.04 sec
          Start 1179: SandboxEditorPresentation.DomainPanelsPreserveLifetimeCacheAndResultPublication
1174/4010 Test #1179: SandboxEditorPresentation.DomainPanelsPreserveLifetimeCacheAndResultPublication .................................   Passed    0.00 sec
          Start 1180: SandboxEditorPresentation.MeshProcessingPanelsPreserveLifetimeAndResultPublication
1175/4010 Test #1180: SandboxEditorPresentation.MeshProcessingPanelsPreserveLifetimeAndResultPublication ..............................   Passed    0.00 sec
          Start 1181: SandboxEditorPresentation.ExtrinsicSandboxAppStaysRuntimeOnly
1176/4010 Test #1181: SandboxEditorPresentation.ExtrinsicSandboxAppStaysRuntimeOnly ...................................................   Passed    0.02 sec
          Start 1182: SandboxEditorPresentation.RuntimeFeatureModulesCompileSeparatelyFromEditorShell
1177/4010 Test #1182: SandboxEditorPresentation.RuntimeFeatureModulesCompileSeparatelyFromEditorShell .................................   Passed    0.11 sec
          Start 1183: SandboxEditorPresentation.GeometryProcessingMenusExposeDomainElementSubmenus
1178/4010 Test #1183: SandboxEditorPresentation.GeometryProcessingMenusExposeDomainElementSubmenus ....................................   Passed    0.00 sec
          Start 1184: SandboxEditorPresentation.AdapterCallbackDrawsDeterministicMenuOnlyFrame
1179/4010 Test #1184: SandboxEditorPresentation.AdapterCallbackDrawsDeterministicMenuOnlyFrame ........................................   Passed    0.04 sec
          Start 1185: SandboxEditorPresentation.FileImportDisabledReasonRendersThroughRealHoveredControl
1180/4010 Test #1185: SandboxEditorPresentation.FileImportDisabledReasonRendersThroughRealHoveredControl ..............................   Passed    0.25 sec
          Start 1186: SandboxEditorPresentation.DisabledReasonTooltipConventionIsSharedByImportAndQueueControls
1181/4010 Test #1186: SandboxEditorPresentation.DisabledReasonTooltipConventionIsSharedByImportAndQueueControls .......................   Passed    0.01 sec
          Start 1187: SandboxEditorPresentation.RuntimeImportEventIsReflectedByAppFilePanel
1182/4010 Test #1187: SandboxEditorPresentation.RuntimeImportEventIsReflectedByAppFilePanel ...........................................   Passed    0.05 sec
          Start 1188: SandboxEditorPresentation.EngineAttachmentRegistersEditorCallback
1183/4010 Test #1188: SandboxEditorPresentation.EngineAttachmentRegistersEditorCallback ...............................................   Passed    0.04 sec
          Start 1189: SandboxEditorPresentation.ControllerReattachPinsPanelAttachmentResetPolicy
1184/4010 Test #1189: SandboxEditorPresentation.ControllerReattachPinsPanelAttachmentResetPolicy ......................................   Passed    0.08 sec
          Start 1190: SandboxEditorPresentation.EditorShellStartsWithOnlyBuiltinWindows
1185/4010 Test #1190: SandboxEditorPresentation.EditorShellStartsWithOnlyBuiltinWindows ...............................................   Passed    0.04 sec
          Start 1191: SandboxEditorPresentation.GpuProfilingControlsReuseTheExistingFrameGraphWindow
1186/4010 Test #1191: SandboxEditorPresentation.GpuProfilingControlsReuseTheExistingFrameGraphWindow ..................................   Passed    0.01 sec
          Start 1192: SandboxEditorPresentation.ExternalWindowContributionNeedsNoLegacySwitchEntry
1187/4010 Test #1192: SandboxEditorPresentation.ExternalWindowContributionNeedsNoLegacySwitchEntry ....................................   Passed    0.04 sec
          Start 1193: SandboxEditorPresentation.ContextWindowContributionReceivesAppOwnedContext
1188/4010 Test #1193: SandboxEditorPresentation.ContextWindowContributionReceivesAppOwnedContext ......................................   Passed    0.04 sec
          Start 1194: SandboxEditorPresentation.GlobalVisibilityHotkeyUsesTheVisibilityCommandPath
1189/4010 Test #1194: SandboxEditorPresentation.GlobalVisibilityHotkeyUsesTheVisibilityCommandPath ....................................   Passed    0.04 sec
          Start 1195: SandboxEditorUi.DroppedFilePathsRouteAmbiguousPlyThroughAssetWorkflow
1190/4010 Test #1195: SandboxEditorUi.DroppedFilePathsRouteAmbiguousPlyThroughAssetWorkflow ...........................................   Passed    0.04 sec
          Start 1196: SandboxParameterizationPanel.RegistrationIsStableAndIdempotent
1191/4010 Test #1196: SandboxParameterizationPanel.RegistrationIsStableAndIdempotent ..................................................   Passed    0.04 sec
          Start 1197: SandboxParameterizationPanel.StrategiesAndTypedRequestAreExact
1192/4010 Test #1197: SandboxParameterizationPanel.StrategiesAndTypedRequestAreExact ..................................................   Passed    0.00 sec
          Start 1198: SandboxParameterizationPanel.ProjectionFitsAndFailsClosed
1193/4010 Test #1198: SandboxParameterizationPanel.ProjectionFitsAndFailsClosed .......................................................   Passed    0.00 sec
          Start 1199: SandboxParameterizationPanel.ResultSummaryCarriesAggregateDiagnostics
1194/4010 Test #1199: SandboxParameterizationPanel.ResultSummaryCarriesAggregateDiagnostics ...........................................   Passed    0.00 sec
          Start 1200: SandboxParameterizationPanel.RealWindowAndTypedActionAreOperational
1195/4010 Test #1200: SandboxParameterizationPanel.RealWindowAndTypedActionAreOperational .............................................   Passed    0.06 sec
          Start 1203: RigidBodyReference.FreeFallUsesDeterministicSemiImplicitEuler
1196/4010 Test #1203: RigidBodyReference.FreeFallUsesDeterministicSemiImplicitEuler ...................................................   Passed    0.00 sec
          Start 1204: RigidBodyReference.ConstantAccelerationAccumulatesPositionAndVelocity
1197/4010 Test #1204: RigidBodyReference.ConstantAccelerationAccumulatesPositionAndVelocity ...........................................   Passed    0.00 sec
          Start 1205: RigidBodyReference.AngularIntegrationUsesUnitQuaternion
1198/4010 Test #1205: RigidBodyReference.AngularIntegrationUsesUnitQuaternion .........................................................   Passed    0.00 sec
          Start 1206: RigidBodyReference.ElasticSphereCollisionSwapsLinearVelocities
1199/4010 Test #1206: RigidBodyReference.ElasticSphereCollisionSwapsLinearVelocities ..................................................   Passed    0.00 sec
          Start 1207: RigidBodyReference.InelasticSphereCollisionSettlesAtSharedNormalVelocity
1200/4010 Test #1207: RigidBodyReference.InelasticSphereCollisionSettlesAtSharedNormalVelocity ........................................   Passed    0.00 sec
          Start 1208: RigidBodyReference.RestingContactPushesDynamicSphereOutOfStaticBox
1201/4010 Test #1208: RigidBodyReference.RestingContactPushesDynamicSphereOutOfStaticBox ..............................................   Passed    0.00 sec
          Start 1209: RigidBodyReference.RepeatabilityProducesIdenticalReferenceState
1202/4010 Test #1209: RigidBodyReference.RepeatabilityProducesIdenticalReferenceState .................................................   Passed    0.00 sec
          Start 1210: RigidBodyReference.DegenerateInputsReturnExplicitDiagnostics
1203/4010 Test #1210: RigidBodyReference.DegenerateInputsReturnExplicitDiagnostics ....................................................   Passed    0.00 sec
          Start 1211: RigidBodyReference.FiniteScaleExtremesRemainValid
1204/4010 Test #1211: RigidBodyReference.FiniteScaleExtremesRemainValid ...............................................................   Passed    0.00 sec
          Start 1212: RigidBodyReference.OverlappingStartRecordsPenetrationDiagnostics
1205/4010 Test #1212: RigidBodyReference.OverlappingStartRecordsPenetrationDiagnostics ................................................   Passed    0.00 sec
          Start 1213: RigidBodyReference.SphereCapsuleAndSphereBoxContactsAreFirstPhaseSupported
1206/4010 Test #1213: RigidBodyReference.SphereCapsuleAndSphereBoxContactsAreFirstPhaseSupported ......................................   Passed    0.00 sec
          Start 1214: RigidBodyReference.UnsupportedDynamicShapePairsAreReportedButDoNotFailValidation
1207/4010 Test #1214: RigidBodyReference.UnsupportedDynamicShapePairsAreReportedButDoNotFailValidation ................................   Passed    0.00 sec
          Start 1215: ParticleSpringReference.FreeFallUsesDeterministicSemiImplicitEuler
1208/4010 Test #1215: ParticleSpringReference.FreeFallUsesDeterministicSemiImplicitEuler ..............................................   Passed    0.00 sec
          Start 1216: ParticleSpringReference.RestLengthSpringProducesNoMotion
1209/4010 Test #1216: ParticleSpringReference.RestLengthSpringProducesNoMotion ........................................................   Passed    0.00 sec
          Start 1217: ParticleSpringReference.StretchedSpringPullsParticlesTogetherSymmetrically
1210/4010 Test #1217: ParticleSpringReference.StretchedSpringPullsParticlesTogetherSymmetrically ......................................   Passed    0.00 sec
          Start 1218: ParticleSpringReference.TwoParticleSpringConservesMomentumAndCenterOfMass
1211/4010 Test #1218: ParticleSpringReference.TwoParticleSpringConservesMomentumAndCenterOfMass .......................................   Passed    0.00 sec
          Start 1219: ParticleSpringReference.HarmonicOscillatorEnergyStaysBounded
1212/4010 Test #1219: ParticleSpringReference.HarmonicOscillatorEnergyStaysBounded ....................................................   Passed    0.00 sec
          Start 1220: ParticleSpringReference.DampedHangingSpringReachesAnalyticEquilibrium
1213/4010 Test #1220: ParticleSpringReference.DampedHangingSpringReachesAnalyticEquilibrium ...........................................   Passed    0.00 sec
          Start 1221: ParticleSpringReference.PinnedParticleNeverMovesAndDiscardsForces
1214/4010 Test #1221: ParticleSpringReference.PinnedParticleNeverMovesAndDiscardsForces ...............................................   Passed    0.00 sec
          Start 1222: ParticleSpringReference.RepeatedStepsAreDeterministic
1215/4010 Test #1222: ParticleSpringReference.RepeatedStepsAreDeterministic ...........................................................   Passed    0.00 sec
          Start 1223: ParticleSpringReference.CoincidentParticlesReportDegenerateSpring
1216/4010 Test #1223: ParticleSpringReference.CoincidentParticlesReportDegenerateSpring ...............................................   Passed    0.00 sec
          Start 1224: ParticleSpringReference.InvalidInputsFailClosedWithExplicitCodes
1217/4010 Test #1224: ParticleSpringReference.InvalidInputsFailClosedWithExplicitCodes ................................................   Passed    0.00 sec
          Start 1225: ParticleSpringReference.StabilityRatioReportedWithoutFailingFiniteSteps
1218/4010 Test #1225: ParticleSpringReference.StabilityRatioReportedWithoutFailingFiniteSteps .........................................   Passed    0.00 sec
          Start 1226: ParticleSpringReference.NonFiniteExplosionFailsClosedToInputState
1219/4010 Test #1226: ParticleSpringReference.NonFiniteExplosionFailsClosedToInputState ...............................................   Passed    0.00 sec
          Start 1227: ParticleSpringReference.DiagnosticsPopulatedOnNominalStep
1220/4010 Test #1227: ParticleSpringReference.DiagnosticsPopulatedOnNominalStep .......................................................   Passed    0.00 sec
          Start 1228: XpbdClothReference.BuildClothFromTrianglesCreatesUniqueEdgesAndBendPairs
1221/4010 Test #1228: XpbdClothReference.BuildClothFromTrianglesCreatesUniqueEdgesAndBendPairs ........................................   Passed    0.00 sec
          Start 1229: XpbdClothReference.ZeroComplianceConstraintProjectsRigidly
1222/4010 Test #1229: XpbdClothReference.ZeroComplianceConstraintProjectsRigidly ......................................................   Passed    0.00 sec
          Start 1230: XpbdClothReference.PinnedPatchUnderGravityHangsAndConverges
1223/4010 Test #1230: XpbdClothReference.PinnedPatchUnderGravityHangsAndConverges .....................................................   Passed    0.00 sec
          Start 1231: XpbdClothReference.BendConstraintResistsFolding
1224/4010 Test #1231: XpbdClothReference.BendConstraintResistsFolding .................................................................   Passed    0.00 sec
          Start 1232: XpbdClothReference.PinnedVerticesNeverMove
1225/4010 Test #1232: XpbdClothReference.PinnedVerticesNeverMove ......................................................................   Passed    0.00 sec
          Start 1233: XpbdClothReference.HalfSpaceColliderKeepsParticlesAbovePlane
1226/4010 Test #1233: XpbdClothReference.HalfSpaceColliderKeepsParticlesAbovePlane ....................................................   Passed    0.00 sec
          Start 1234: XpbdClothReference.HalfSpaceColliderWithNonUnitNormalProjectsToPlane
1227/4010 Test #1234: XpbdClothReference.HalfSpaceColliderWithNonUnitNormalProjectsToPlane ............................................   Passed    0.00 sec
          Start 1235: XpbdClothReference.SphereColliderReportedAsUnsupportedAndSkipped
1228/4010 Test #1235: XpbdClothReference.SphereColliderReportedAsUnsupportedAndSkipped ................................................   Passed    0.00 sec
          Start 1236: XpbdClothReference.DegenerateTriangleReportedNotFatal
1229/4010 Test #1236: XpbdClothReference.DegenerateTriangleReportedNotFatal ...........................................................   Passed    0.00 sec
          Start 1237: XpbdClothReference.CoincidentConstraintEndpointsSkippedAndCounted
1230/4010 Test #1237: XpbdClothReference.CoincidentConstraintEndpointsSkippedAndCounted ...............................................   Passed    0.00 sec
          Start 1238: XpbdClothReference.InvalidInputsFailClosedWithExplicitCodes
1231/4010 Test #1238: XpbdClothReference.InvalidInputsFailClosedWithExplicitCodes .....................................................   Passed    0.00 sec
          Start 1239: XpbdClothReference.NonConvergenceReportedWhenIterationsInsufficient
1232/4010 Test #1239: XpbdClothReference.NonConvergenceReportedWhenIterationsInsufficient .............................................   Passed    0.00 sec
          Start 1240: XpbdClothReference.RepeatedStepsAreDeterministic
1233/4010 Test #1240: XpbdClothReference.RepeatedStepsAreDeterministic ................................................................   Passed    0.00 sec
          Start 1241: XpbdClothReference.NonFiniteExplosionFailsClosedToInputState
1234/4010 Test #1241: XpbdClothReference.NonFiniteExplosionFailsClosedToInputState ....................................................   Passed    0.00 sec
          Start 1242: XpbdClothReference.DiagnosticsPopulatedOnNominalStep
1235/4010 Test #1242: XpbdClothReference.DiagnosticsPopulatedOnNominalStep ............................................................   Passed    0.00 sec
          Start 1243: SphFluidReference.Poly6KernelMatchesClosedFormAndSupport
1236/4010 Test #1243: SphFluidReference.Poly6KernelMatchesClosedFormAndSupport ........................................................   Passed    0.00 sec
          Start 1244: SphFluidReference.Poly6KernelIntegratesToOneOverSupport
1237/4010 Test #1244: SphFluidReference.Poly6KernelIntegratesToOneOverSupport .........................................................   Passed    0.00 sec
          Start 1245: SphFluidReference.SpikyAndViscosityKernelsMatchClosedForms
1238/4010 Test #1245: SphFluidReference.SpikyAndViscosityKernelsMatchClosedForms ......................................................   Passed    0.00 sec
          Start 1246: SphFluidReference.UniformGridInteriorDensityRecoversRestDensity
1239/4010 Test #1246: SphFluidReference.UniformGridInteriorDensityRecoversRestDensity .................................................   Passed    0.00 sec
          Start 1247: SphFluidReference.SymmetricPairConservesMomentumExactly
1240/4010 Test #1247: SphFluidReference.SymmetricPairConservesMomentumExactly .........................................................   Passed    0.00 sec
          Start 1248: SphFluidReference.ViscosityReducesRelativeVelocity
1241/4010 Test #1248: SphFluidReference.ViscosityReducesRelativeVelocity ..............................................................   Passed    0.00 sec
          Start 1249: SphFluidReference.SingleParticleFreeFallsWithZeroPressure
1242/4010 Test #1249: SphFluidReference.SingleParticleFreeFallsWithZeroPressure .......................................................   Passed    0.00 sec
          Start 1250: SphFluidReference.ToyColumnDropStaysStableAboveFloor
1243/4010 Test #1250: SphFluidReference.ToyColumnDropStaysStableAboveFloor ............................................................   Passed    0.00 sec
          Start 1251: SphFluidReference.BoundaryPlaneWithNonUnitNormalProjectsAndReflectsExactly
1244/4010 Test #1251: SphFluidReference.BoundaryPlaneWithNonUnitNormalProjectsAndReflectsExactly ......................................   Passed    0.00 sec
          Start 1252: SphFluidReference.NeighborOverflowReportedAdvisory
1245/4010 Test #1252: SphFluidReference.NeighborOverflowReportedAdvisory ..............................................................   Passed    0.00 sec
          Start 1253: SphFluidReference.InvalidInputsFailClosedWithExplicitCodes
1246/4010 Test #1253: SphFluidReference.InvalidInputsFailClosedWithExplicitCodes ......................................................   Passed    0.00 sec
          Start 1254: SphFluidReference.RepeatedStepsAreDeterministic
1247/4010 Test #1254: SphFluidReference.RepeatedStepsAreDeterministic .................................................................   Passed    0.00 sec
          Start 1255: SphFluidReference.NonFiniteExplosionFailsClosedToInputState
1248/4010 Test #1255: SphFluidReference.NonFiniteExplosionFailsClosedToInputState .....................................................   Passed    0.00 sec
          Start 1256: SphFluidReference.DiagnosticsPopulatedOnNominalStep
1249/4010 Test #1256: SphFluidReference.DiagnosticsPopulatedOnNominalStep .............................................................   Passed    0.00 sec
          Start 1257: PhysicsSolverParity.FreeFallTracksReferenceIntegrator
1250/4010 Test #1257: PhysicsSolverParity.FreeFallTracksReferenceIntegrator ...........................................................   Passed    0.00 sec
          Start 1258: PhysicsSolverParity.OverlappingSpherePairMatchesReferenceContactSolve
1251/4010 Test #1258: PhysicsSolverParity.OverlappingSpherePairMatchesReferenceContactSolve ...........................................   Passed    0.00 sec
          Start 1259: ProgressivePoissonReference.MinPairwiseFindsPairsBeyondAdjacentCells
1252/4010 Test #1259: ProgressivePoissonReference.MinPairwiseFindsPairsBeyondAdjacentCells ............................................   Passed    0.00 sec
          Start 1260: ProgressivePoissonReference.DeterministicForFixedSeeds
1253/4010 Test #1260: ProgressivePoissonReference.DeterministicForFixedSeeds ..........................................................   Passed    0.25 sec
          Start 1261: ProgressivePoissonReference.ShuffleSeedPermutesWithinLevelButKeepsBoundaries
1254/4010 Test #1261: ProgressivePoissonReference.ShuffleSeedPermutesWithinLevelButKeepsBoundaries ....................................   Passed    0.25 sec
          Start 1262: ProgressivePoissonReference.EmptyInputIsValidAndEmpty
1255/4010 Test #1262: ProgressivePoissonReference.EmptyInputIsValidAndEmpty ...........................................................   Passed    0.00 sec
          Start 1263: ProgressivePoissonReference.CoincidentPairAcceptsExactlyOne
1256/4010 Test #1263: ProgressivePoissonReference.CoincidentPairAcceptsExactlyOne .....................................................   Passed    0.01 sec
          Start 1264: ProgressivePoissonReference.NonFiniteInputFailsClosed
1257/4010 Test #1264: ProgressivePoissonReference.NonFiniteInputFailsClosed ...........................................................   Passed    0.00 sec
          Start 1265: ProgressivePoissonReference.InvalidDimensionFailsClosed
1258/4010 Test #1265: ProgressivePoissonReference.InvalidDimensionFailsClosed .........................................................   Passed    0.00 sec
          Start 1266: ProgressivePoissonReference.TwoDimensionalIgnoresZComponent
1259/4010 Test #1266: ProgressivePoissonReference.TwoDimensionalIgnoresZComponent .....................................................   Passed    0.05 sec
          Start 1267: ProgressivePoissonReference.ZeroGridWidthAndLevelsAreClamped
1260/4010 Test #1267: ProgressivePoissonReference.ZeroGridWidthAndLevelsAreClamped ....................................................   Passed    0.00 sec
          Start 1268: ProgressivePoissonReference.AlphaOutOfRangeDefaultsToSqrtDOverTwo
1261/4010 Test #1268: ProgressivePoissonReference.AlphaOutOfRangeDefaultsToSqrtDOverTwo ...............................................   Passed    0.02 sec
          Start 1269: Dimensions/ProgressivePoissonReferenceDim.SmallDeterministicCloudHoldsAtEveryLevelBoundary/2
1262/4010 Test #1269: Dimensions/ProgressivePoissonReferenceDim.SmallDeterministicCloudHoldsAtEveryLevelBoundary/2 ....................   Passed    0.00 sec
          Start 1270: Dimensions/ProgressivePoissonReferenceDim.SmallDeterministicCloudHoldsAtEveryLevelBoundary/3
1263/4010 Test #1270: Dimensions/ProgressivePoissonReferenceDim.SmallDeterministicCloudHoldsAtEveryLevelBoundary/3 ....................   Passed    0.00 sec
          Start 1271: Dimensions/ProgressivePoissonReferenceDim.MinPairwiseHelperEqualsBruteForce/2
1264/4010 Test #1271: Dimensions/ProgressivePoissonReferenceDim.MinPairwiseHelperEqualsBruteForce/2 ...................................   Passed    0.11 sec
          Start 1272: Dimensions/ProgressivePoissonReferenceDim.MinPairwiseHelperEqualsBruteForce/3
1265/4010 Test #1272: Dimensions/ProgressivePoissonReferenceDim.MinPairwiseHelperEqualsBruteForce/3 ...................................   Passed    0.22 sec
          Start 1276: PhysicsWorld.LifecycleCreatesDestroysAndRejectsStaleHandles
1266/4010 Test #1276: PhysicsWorld.LifecycleCreatesDestroysAndRejectsStaleHandles .....................................................   Passed    0.00 sec
          Start 1277: PhysicsWorld.InvalidDescriptorsAreRejected
1267/4010 Test #1277: PhysicsWorld.InvalidDescriptorsAreRejected ......................................................................   Passed    0.00 sec
          Start 1278: PhysicsWorld.DescriptorUpdateReplacesPoseAndVelocity
1268/4010 Test #1278: PhysicsWorld.DescriptorUpdateReplacesPoseAndVelocity ............................................................   Passed    0.00 sec
          Start 1279: PhysicsWorld.StepIntegratesDynamicAndCountsStaticKinematicBodies
1269/4010 Test #1279: PhysicsWorld.StepIntegratesDynamicAndCountsStaticKinematicBodies ................................................   Passed    0.00 sec
          Start 1280: PhysicsWorld.RepeatedWorldsStepDeterministically
1270/4010 Test #1280: PhysicsWorld.RepeatedWorldsStepDeterministically ................................................................   Passed    0.00 sec
          Start 1281: PhysicsWorld.CollisionGeneratesSphereSphereContactAndCandidate
1271/4010 Test #1281: PhysicsWorld.CollisionGeneratesSphereSphereContactAndCandidate ..................................................   Passed    0.00 sec
          Start 1282: PhysicsWorld.CollisionKeepsSeparatedPairsAsBroadphaseCandidates
1272/4010 Test #1282: PhysicsWorld.CollisionKeepsSeparatedPairsAsBroadphaseCandidates .................................................   Passed    0.00 sec
          Start 1283: PhysicsWorld.CollisionCandidateOrderingIsDeterministic
1273/4010 Test #1283: PhysicsWorld.CollisionCandidateOrderingIsDeterministic ..........................................................   Passed    0.00 sec
          Start 1284: PhysicsWorld.CollisionSupportsFirstPhasePrimitivePairs
1274/4010 Test #1284: PhysicsWorld.CollisionSupportsFirstPhasePrimitivePairs ..........................................................   Passed    0.00 sec
          Start 1285: PhysicsWorld.CollisionReportsFilteringTriggersAndDynamicNonUniformScale
1275/4010 Test #1285: PhysicsWorld.CollisionReportsFilteringTriggersAndDynamicNonUniformScale .........................................   Passed    0.00 sec
          Start 1286: PhysicsWorld.ContactRecordNormalFollowsAToBConvention
1276/4010 Test #1286: PhysicsWorld.ContactRecordNormalFollowsAToBConvention ...........................................................   Passed    0.00 sec
          Start 1287: PhysicsWorld.IslandsGroupContactConnectedDynamicBodiesDeterministically
1277/4010 Test #1287: PhysicsWorld.IslandsGroupContactConnectedDynamicBodiesDeterministically .........................................   Passed    0.00 sec
          Start 1288: PhysicsWorld.IslandsExcludeTriggerContacts
1278/4010 Test #1288: PhysicsWorld.IslandsExcludeTriggerContacts ......................................................................   Passed    0.00 sec
          Start 1289: PhysicsWorld.SolveStepSeparatesOverlappingSpheresAndConverges
1279/4010 Test #1289: PhysicsWorld.SolveStepSeparatesOverlappingSpheresAndConverges ...................................................   Passed    0.00 sec
          Start 1290: PhysicsWorld.SolveStepReportsNonConvergenceUnderStarvedIterationBudget
1280/4010 Test #1290: PhysicsWorld.SolveStepReportsNonConvergenceUnderStarvedIterationBudget ..........................................   Passed    0.00 sec
          Start 1291: PhysicsWorld.SolveStepRejectsInvalidSolverSettings
1281/4010 Test #1291: PhysicsWorld.SolveStepRejectsInvalidSolverSettings ..............................................................   Passed    0.00 sec
          Start 1292: PhysicsWorld.SleepPolicyTransitionsLowMotionBodyAndWakeOnUpdate
1282/4010 Test #1292: PhysicsWorld.SleepPolicyTransitionsLowMotionBodyAndWakeOnUpdate .................................................   Passed    0.00 sec
          Start 1293: PhysicsWorld.SolveStepIsDeterministicForRepeatedIdenticalInputs
1283/4010 Test #1293: PhysicsWorld.SolveStepIsDeterministicForRepeatedIdenticalInputs .................................................   Passed    0.00 sec
          Start 1294: PhysicsWorld.SolveStepEnergyDriftIsReportedAndBoundedForRestingContact
1284/4010 Test #1294: PhysicsWorld.SolveStepEnergyDriftIsReportedAndBoundedForRestingContact ..........................................   Passed    0.00 sec
          Start 1295: RuntimePhysicsBridge.SyncAuthoringCreatesPhysicsBodyFromStableEntity
1285/4010 Test #1295: RuntimePhysicsBridge.SyncAuthoringCreatesPhysicsBodyFromStableEntity ............................................   Passed    0.00 sec
          Start 1296: RuntimePhysicsBridge.StableIdentityReusesHandleAndRemovalDestroysWorldBody
1286/4010 Test #1296: RuntimePhysicsBridge.StableIdentityReusesHandleAndRemovalDestroysWorldBody ......................................   Passed    0.00 sec
          Start 1297: RuntimePhysicsBridge.ClearDropsWorldBodiesSidecarsAndAccumulator
1287/4010 Test #1297: RuntimePhysicsBridge.ClearDropsWorldBodiesSidecarsAndAccumulator ................................................   Passed    0.00 sec
          Start 1298: RuntimePhysicsBridge.FixedStepRunsSyncThenStepThenDynamicWriteback
1288/4010 Test #1298: RuntimePhysicsBridge.FixedStepRunsSyncThenStepThenDynamicWriteback ..............................................   Passed    0.00 sec
          Start 1299: RuntimePhysicsBridge.WritebackSkipsStaticAndKinematicBodies
1289/4010 Test #1299: RuntimePhysicsBridge.WritebackSkipsStaticAndKinematicBodies .....................................................   Passed    0.00 sec
          Start 1300: RuntimePhysicsBridge.InvalidAndMissingAuthoringDiagnosticsAreReported
1290/4010 Test #1300: RuntimePhysicsBridge.InvalidAndMissingAuthoringDiagnosticsAreReported ...........................................   Passed    0.00 sec
          Start 1301: GeometryStatistics.StreamingMomentsMatchBatch
1291/4010 Test #1301: GeometryStatistics.StreamingMomentsMatchBatch ...................................................................   Passed    0.00 sec
          Start 1302: GeometryStatistics.MergeEqualsConcatenation
1292/4010 Test #1302: GeometryStatistics.MergeEqualsConcatenation .....................................................................   Passed    0.00 sec
          Start 1303: GeometryStatistics.MedianOddAndEven
1293/4010 Test #1303: GeometryStatistics.MedianOddAndEven .............................................................................   Passed    0.00 sec
          Start 1304: GeometryStatistics.QuantileLinearInterpolation
1294/4010 Test #1304: GeometryStatistics.QuantileLinearInterpolation ..................................................................   Passed    0.00 sec
          Start 1305: GeometryStatistics.GenericMedianAndQuantileSupportNonDoubleVectors
1295/4010 Test #1305: GeometryStatistics.GenericMedianAndQuantileSupportNonDoubleVectors ..............................................   Passed    0.00 sec
          Start 1306: GeometryStatistics.RunningMedianTracksMedian
1296/4010 Test #1306: GeometryStatistics.RunningMedianTracksMedian ....................................................................   Passed    0.00 sec
          Start 1307: GeometryStatistics.SafeTrigClampsOutOfDomain
1297/4010 Test #1307: GeometryStatistics.SafeTrigClampsOutOfDomain ....................................................................   Passed    0.00 sec
          Start 1308: GeometryStatistics.FailClosedOnDegenerateInput
1298/4010 Test #1308: GeometryStatistics.FailClosedOnDegenerateInput ..................................................................   Passed    0.00 sec
          Start 1309: GeometryRobust.WeightMatchesAnalyticForms
1299/4010 Test #1309: GeometryRobust.WeightMatchesAnalyticForms .......................................................................   Passed    0.00 sec
          Start 1310: GeometryRobust.WeightEqualsPsiOverU
1300/4010 Test #1310: GeometryRobust.WeightEqualsPsiOverU .............................................................................   Passed    0.00 sec
          Start 1311: GeometryRobust.WeightFiniteAtZeroAndNonIncreasing
1301/4010 Test #1311: GeometryRobust.WeightFiniteAtZeroAndNonIncreasing ...............................................................   Passed    0.00 sec
          Start 1312: GeometryRobust.RedescendingDownweightsLargeResiduals
1302/4010 Test #1312: GeometryRobust.RedescendingDownweightsLargeResiduals ............................................................   Passed    0.01 sec
          Start 1313: GeometryRobust.FailClosedOnBadInputs
1303/4010 Test #1313: GeometryRobust.FailClosedOnBadInputs ............................................................................   Passed    0.00 sec
          Start 1314: GeometryRobust.RhoIsZeroAtZeroAndPositiveElsewhere
1304/4010 Test #1314: GeometryRobust.RhoIsZeroAtZeroAndPositiveElsewhere ..............................................................   Passed    0.00 sec
          Start 1315: AABBCubify.MakeCubicExpandsAroundCenterAndContainsOriginal
1305/4010 Test #1315: AABBCubify.MakeCubicExpandsAroundCenterAndContainsOriginal ......................................................   Passed    0.01 sec
          Start 1316: AABBCubify.ChildOctantsTileParentWithoutPositiveOverlap
1306/4010 Test #1316: AABBCubify.ChildOctantsTileParentWithoutPositiveOverlap .........................................................   Passed    0.01 sec
          Start 1317: AABBCubify.InvalidInputAndOutOfRangeOctantsFailClosed
1307/4010 Test #1317: AABBCubify.InvalidInputAndOutOfRangeOctantsFailClosed ...........................................................   Passed    0.01 sec
          Start 1318: BezierCurve.ReportsDegreeAndInterpolatesEndpoints
1308/4010 Test #1318: BezierCurve.ReportsDegreeAndInterpolatesEndpoints ...............................................................   Passed    0.01 sec
          Start 1319: BezierCurve.DegreeOneEqualsLinearLerp
1309/4010 Test #1319: BezierCurve.DegreeOneEqualsLinearLerp ...........................................................................   Passed    0.01 sec
          Start 1320: BezierCurve.BernsteinMatchesDeCasteljauForQuadraticAndCubic
1310/4010 Test #1320: BezierCurve.BernsteinMatchesDeCasteljauForQuadraticAndCubic .....................................................   Passed    0.01 sec
          Start 1321: BezierCurve.EmptyAndNonFiniteInputsFailClosed
1311/4010 Test #1321: BezierCurve.EmptyAndNonFiniteInputsFailClosed ...................................................................   Passed    0.01 sec
          Start 1322: GeometryCurve.EndpointsInterpolateControlPoints
1312/4010 Test #1322: GeometryCurve.EndpointsInterpolateControlPoints .................................................................   Passed    0.01 sec
          Start 1323: GeometryCurve.DegreeOneIsLinearLerp
1313/4010 Test #1323: GeometryCurve.DegreeOneIsLinearLerp .............................................................................   Passed    0.01 sec
          Start 1324: GeometryCurve.DeCasteljauMatchesBernstein
1314/4010 Test #1324: GeometryCurve.DeCasteljauMatchesBernstein .......................................................................   Passed    0.01 sec
          Start 1325: GeometryCurve.DerivativeAtEndpoints
1315/4010 Test #1325: GeometryCurve.DerivativeAtEndpoints .............................................................................   Passed    0.01 sec
          Start 1326: GeometryCurve.SingleControlPointIsConstant
1316/4010 Test #1326: GeometryCurve.SingleControlPointIsConstant ......................................................................   Passed    0.00 sec
          Start 1327: GeometryCurve.FailClosedOnBadInput
1317/4010 Test #1327: GeometryCurve.FailClosedOnBadInput ..............................................................................   Passed    0.01 sec
          Start 1328: GeometryRotation.HatVeeInverse
1318/4010 Test #1328: GeometryRotation.HatVeeInverse ..................................................................................   Passed    0.02 sec
          Start 1329: GeometryRotation.ExpLogRoundTrip
1319/4010 Test #1329: GeometryRotation.ExpLogRoundTrip ................................................................................   Passed    0.02 sec
          Start 1330: GeometryRotation.LogExpRoundTripFromRandom
1320/4010 Test #1330: GeometryRotation.LogExpRoundTripFromRandom ......................................................................   Passed    0.01 sec
          Start 1331: GeometryRotation.AngularDistanceMatchesAngle
1321/4010 Test #1331: GeometryRotation.AngularDistanceMatchesAngle ....................................................................   Passed    0.02 sec
          Start 1332: GeometryRotation.ChordalDistanceRelation
1322/4010 Test #1332: GeometryRotation.ChordalDistanceRelation ........................................................................   Passed    0.01 sec
          Start 1333: GeometryRotation.RandomRotationDeterministicAndValid
1323/4010 Test #1333: GeometryRotation.RandomRotationDeterministicAndValid ............................................................   Passed    0.01 sec
          Start 1334: GeometryRotation.ProjectOnSO3
1324/4010 Test #1334: GeometryRotation.ProjectOnSO3 ...................................................................................   Passed    0.01 sec
          Start 1335: GeometryRotation.OptimalRotationRecoversKnown
1325/4010 Test #1335: GeometryRotation.OptimalRotationRecoversKnown ...................................................................   Passed    0.01 sec
          Start 1336: GeometryRotation.FailClosed
1326/4010 Test #1336: GeometryRotation.FailClosed .....................................................................................   Passed    0.00 sec
          Start 1337: GeometryRotationAveraging.AllRoutinesReturnRepeatedRotation
1327/4010 Test #1337: GeometryRotationAveraging.AllRoutinesReturnRepeatedRotation .....................................................   Passed    0.01 sec
          Start 1338: GeometryRotationAveraging.ChordalAndKarcherAgreeOnCluster
1328/4010 Test #1338: GeometryRotationAveraging.ChordalAndKarcherAgreeOnCluster .......................................................   Passed    0.01 sec
          Start 1339: GeometryRotationAveraging.WeightedKarcherMeanMatchesAnalyticSlerp
1329/4010 Test #1339: GeometryRotationAveraging.WeightedKarcherMeanMatchesAnalyticSlerp ...............................................   Passed    0.00 sec
          Start 1340: GeometryRotationAveraging.MediansStayCloserToInliersThanMeansWithOutliers
1330/4010 Test #1340: GeometryRotationAveraging.MediansStayCloserToInliersThanMeansWithOutliers .......................................   Passed    0.01 sec
          Start 1341: GeometryRotationAveraging.DeterministicAcrossRepeatedCallsAndPermutation
1331/4010 Test #1341: GeometryRotationAveraging.DeterministicAcrossRepeatedCallsAndPermutation ........................................   Passed    0.01 sec
          Start 1342: GeometryRotationAveraging.FailClosedStatuses
1332/4010 Test #1342: GeometryRotationAveraging.FailClosedStatuses ....................................................................   Passed    0.00 sec
          Start 1343: GeometryMeshQuantities.SingleTriangleAreaVectorCentroid
1333/4010 Test #1343: GeometryMeshQuantities.SingleTriangleAreaVectorCentroid .........................................................   Passed    0.01 sec
          Start 1344: GeometryMeshQuantities.BarycentricAreasSumToSurfaceArea
1334/4010 Test #1344: GeometryMeshQuantities.BarycentricAreasSumToSurfaceArea .........................................................   Passed    0.01 sec
          Start 1345: GeometryMeshQuantities.EquilateralTriangleAreaIsAnalytic
1335/4010 Test #1345: GeometryMeshQuantities.EquilateralTriangleAreaIsAnalytic ........................................................   Passed    0.01 sec
          Start 1346: GeometryMeshQuantities.ClosedMeshAreaVectorsSumToZero
1336/4010 Test #1346: GeometryMeshQuantities.ClosedMeshAreaVectorsSumToZero ...........................................................   Passed    0.01 sec
          Start 1347: GeometryMeshQuantities.PublishCanonicalQuantityProperties
1337/4010 Test #1347: GeometryMeshQuantities.PublishCanonicalQuantityProperties .......................................................   Passed    0.01 sec
          Start 1348: GeometryMeshQuantities.FaceCentroidIsCornerAverageNotOneRing
1338/4010 Test #1348: GeometryMeshQuantities.FaceCentroidIsCornerAverageNotOneRing ....................................................   Passed    0.01 sec
          Start 1349: GeometryMeshQuantities.FailClosedOnInvalidFace
1339/4010 Test #1349: GeometryMeshQuantities.FailClosedOnInvalidFace ..................................................................   Passed    0.02 sec
          Start 1350: GeometryMeshQuantities.FaceScalarGradientMatchesLinearField
1340/4010 Test #1350: GeometryMeshQuantities.FaceScalarGradientMatchesLinearField .....................................................   Passed    0.01 sec
          Start 1351: GeometryMeshQuantities.FaceScalarGradientFailsClosed
1341/4010 Test #1351: GeometryMeshQuantities.FaceScalarGradientFailsClosed ............................................................   Passed    0.01 sec
          Start 1352: GeometryMeshQuantities.ProjectToUnitSphereLeavesOriginAndNormalizesFiniteVertices
1342/4010 Test #1352: GeometryMeshQuantities.ProjectToUnitSphereLeavesOriginAndNormalizesFiniteVertices ...............................   Passed    0.01 sec
          Start 1353: GeometryMeshQuantities.VertexOneRingPcaAlignsWithSphereNormal
1343/4010 Test #1353: GeometryMeshQuantities.VertexOneRingPcaAlignsWithSphereNormal ...................................................   Passed    0.01 sec
          Start 1354: GeometryMeshQuantities.VertexOneRingPcaFailsClosedWhenUnderdetermined
1344/4010 Test #1354: GeometryMeshQuantities.VertexOneRingPcaFailsClosedWhenUnderdetermined ...........................................   Passed    0.01 sec
          Start 1355: GeometryMeshQuantities.NonPlanarQuadAreaUsesTriangleFan
1345/4010 Test #1355: GeometryMeshQuantities.NonPlanarQuadAreaUsesTriangleFan .........................................................   Passed    0.01 sec
          Start 1356: GeometryMeshQuantities.PlanarConcavePolygonUsesShoelaceArea
1346/4010 Test #1356: GeometryMeshQuantities.PlanarConcavePolygonUsesShoelaceArea .....................................................   Passed    0.01 sec
          Start 1357: GeometryMeshQuantities.FailClosedOnNonFiniteCorner
1347/4010 Test #1357: GeometryMeshQuantities.FailClosedOnNonFiniteCorner ..............................................................   Passed    0.01 sec
          Start 1358: GeometryMeshClosestFace.MatchesBruteForce
1348/4010 Test #1358: GeometryMeshClosestFace.MatchesBruteForce .......................................................................   Passed    0.06 sec
          Start 1359: GeometryMeshClosestFace.PointOnSurfaceHasZeroDistance
1349/4010 Test #1359: GeometryMeshClosestFace.PointOnSurfaceHasZeroDistance ...........................................................   Passed    0.00 sec
          Start 1360: GeometryMeshClosestFace.FailClosed
1350/4010 Test #1360: GeometryMeshClosestFace.FailClosed ..............................................................................   Passed    0.00 sec
          Start 1361: GeometryMeshClosestFace.KNearestAndRadiusMatchBruteForce
1351/4010 Test #1361: GeometryMeshClosestFace.KNearestAndRadiusMatchBruteForce ........................................................   Passed    0.00 sec
          Start 1362: GeometryMeshClosestFace.SubsetBuildRestrictsCandidates
1352/4010 Test #1362: GeometryMeshClosestFace.SubsetBuildRestrictsCandidates ..........................................................   Passed    0.00 sec
          Start 1363: GeometryLinalgEigenMap.MapsVec3ArrayAsNby3
1353/4010 Test #1363: GeometryLinalgEigenMap.MapsVec3ArrayAsNby3 ......................................................................   Passed    0.00 sec
          Start 1364: GeometryLinalgEigenMap.MutableMapAliasesStorage
1354/4010 Test #1364: GeometryLinalgEigenMap.MutableMapAliasesStorage .................................................................   Passed    0.00 sec
          Start 1365: GeometryLinalgEigenMap.EmptySpanYieldsZeroRows
1355/4010 Test #1365: GeometryLinalgEigenMap.EmptySpanYieldsZeroRows ..................................................................   Passed    0.01 sec
          Start 1366: GeometryLinalgEigenMap.MapAsMatrixAliasesStridedRows
1356/4010 Test #1366: GeometryLinalgEigenMap.MapAsMatrixAliasesStridedRows ............................................................   Passed    0.01 sec
          Start 1367: GeometryLinalgEigenMap.MapVectorAsMatrixAliasesFixedSizeVectors
1357/4010 Test #1367: GeometryLinalgEigenMap.MapVectorAsMatrixAliasesFixedSizeVectors .................................................   Passed    0.01 sec
          Start 1368: RuntimeGraph.AddEdge_FindEdge
1358/4010 Test #1368: RuntimeGraph.AddEdge_FindEdge ...................................................................................   Passed    0.01 sec
          Start 1369: RuntimeGraph.DeleteVertex_ThenGarbageCollect
1359/4010 Test #1369: RuntimeGraph.DeleteVertex_ThenGarbageCollect ....................................................................   Passed    0.00 sec
          Start 1370: RuntimeGraph.ForceDirectedLayoutRejectsDegenerateInputs
1360/4010 Test #1370: RuntimeGraph.ForceDirectedLayoutRejectsDegenerateInputs .........................................................   Passed    0.00 sec
          Start 1371: RuntimeGraph.ForceDirectedLayoutProducesFiniteSeparatedEmbedding
1361/4010 Test #1371: RuntimeGraph.ForceDirectedLayoutProducesFiniteSeparatedEmbedding ................................................   Passed    0.00 sec
          Start 1372: RuntimeGraph.SpectralLayoutRejectsDegenerateInputs
1362/4010 Test #1372: RuntimeGraph.SpectralLayoutRejectsDegenerateInputs ..............................................................   Passed    0.00 sec
          Start 1373: RuntimeGraph.SpectralLayoutProducesFiniteCenteredEmbedding
1363/4010 Test #1373: RuntimeGraph.SpectralLayoutProducesFiniteCenteredEmbedding ......................................................   Passed    0.01 sec
          Start 1374: RuntimeGraph.SpectralLayoutNormalizedVariantProducesFiniteEmbedding
1364/4010 Test #1374: RuntimeGraph.SpectralLayoutNormalizedVariantProducesFiniteEmbedding .............................................   Passed    0.00 sec
          Start 1375: RuntimeGraph.HierarchicalLayoutRejectsDegenerateInputs
1365/4010 Test #1375: RuntimeGraph.HierarchicalLayoutRejectsDegenerateInputs ..........................................................   Passed    0.00 sec
          Start 1376: RuntimeGraph.HierarchicalLayoutProducesLayeredEmbedding
1366/4010 Test #1376: RuntimeGraph.HierarchicalLayoutProducesLayeredEmbedding .........................................................   Passed    0.00 sec
          Start 1377: RuntimeGraph.HierarchicalLayoutCrossingMinimizationReducesCrossings
1367/4010 Test #1377: RuntimeGraph.HierarchicalLayoutCrossingMinimizationReducesCrossings .............................................   Passed    0.00 sec
          Start 1378: RuntimeGraph.HierarchicalLayoutAutoRootCentersLongPath
1368/4010 Test #1378: RuntimeGraph.HierarchicalLayoutAutoRootCentersLongPath ..........................................................   Passed    0.00 sec
          Start 1379: RuntimeGraph.CountEdgeCrossingsRejectsDegenerateInput
1369/4010 Test #1379: RuntimeGraph.CountEdgeCrossingsRejectsDegenerateInput ...........................................................   Passed    0.00 sec
          Start 1380: RuntimeGraph.CountEdgeCrossingsCountsOnlyNonIncidentByDefault
1370/4010 Test #1380: RuntimeGraph.CountEdgeCrossingsCountsOnlyNonIncidentByDefault ...................................................   Passed    0.00 sec
          Start 1381: RuntimeGraph.CountEdgeCrossingsCanIncludeIncidentAndCollinearOverlaps
1371/4010 Test #1381: RuntimeGraph.CountEdgeCrossingsCanIncludeIncidentAndCollinearOverlaps ...........................................   Passed    0.00 sec
          Start 1382: RuntimeGraph.TopologicalLayersIndependentPasses
1372/4010 Test #1382: RuntimeGraph.TopologicalLayersIndependentPasses .................................................................   Passed    0.00 sec
          Start 1383: GraphCirculators.HalfedgesAroundVertexTraversesIncidentRing
1373/4010 Test #1383: GraphCirculators.HalfedgesAroundVertexTraversesIncidentRing .....................................................   Passed    0.00 sec
          Start 1384: GraphCirculators.BoundaryHalfedgesVisitBoundaryLoopOnce
1374/4010 Test #1384: GraphCirculators.BoundaryHalfedgesVisitBoundaryLoopOnce .........................................................   Passed    0.00 sec
          Start 1385: GraphCirculators.IsolatedVertexProducesEmptyHalfedgeRing
1375/4010 Test #1385: GraphCirculators.IsolatedVertexProducesEmptyHalfedgeRing ........................................................   Passed    0.00 sec
          Start 1386: RuntimeGraphKNN.ReturnsNulloptForDegenerateInputs
1376/4010 Test #1386: RuntimeGraphKNN.ReturnsNulloptForDegenerateInputs ...............................................................   Passed    0.00 sec
          Start 1387: RuntimeGraphKNN.UnionConnectivityBuildsSymmetricNeighborhoodGraph
1377/4010 Test #1387: RuntimeGraphKNN.UnionConnectivityBuildsSymmetricNeighborhoodGraph ...............................................   Passed    0.00 sec
          Start 1388: RuntimeGraphKNN.MutualConnectivityFiltersNonReciprocalNeighbors
1378/4010 Test #1388: RuntimeGraphKNN.MutualConnectivityFiltersNonReciprocalNeighbors .................................................   Passed    0.00 sec
          Start 1389: RuntimeGraphKNN.CoincidentPointsAreRejectedByDistanceEpsilon
1379/4010 Test #1389: RuntimeGraphKNN.CoincidentPointsAreRejectedByDistanceEpsilon ....................................................   Passed    0.00 sec
          Start 1390: RuntimeGraphKNN.BuildFromIndicesCreatesExpectedGraph
1380/4010 Test #1390: RuntimeGraphKNN.BuildFromIndicesCreatesExpectedGraph ............................................................   Passed    0.00 sec
          Start 1391: RuntimeGraphKNN.BuildFromIndicesRejectsInvalidAndCoincidentPairs
1381/4010 Test #1391: RuntimeGraphKNN.BuildFromIndicesRejectsInvalidAndCoincidentPairs ................................................   Passed    0.00 sec
          Start 1392: RuntimeGraphKNN.OctreeBuilderMatchesBruteForceNeighborSets
1382/4010 Test #1392: RuntimeGraphKNN.OctreeBuilderMatchesBruteForceNeighborSets ......................................................   Passed    0.00 sec
          Start 1393: GraphQueries.EnsureEdgeLengthsCachesCanonicalProperty
1383/4010 Test #1393: GraphQueries.EnsureEdgeLengthsCachesCanonicalProperty ...........................................................   Passed    0.00 sec
          Start 1394: GraphQueries.ClosestKAndRadiusQueriesMatchBruteForce
1384/4010 Test #1394: GraphQueries.ClosestKAndRadiusQueriesMatchBruteForce ............................................................   Passed    0.00 sec
          Start 1395: GraphQueries.ClosestEdgeWithinOneRingOnlySearchesIncidentEdges
1385/4010 Test #1395: GraphQueries.ClosestEdgeWithinOneRingOnlySearchesIncidentEdges ..................................................   Passed    0.00 sec
          Start 1396: GraphQueries.GaussianNoiseIsDeterministicAndIdentityAtZeroScale
1386/4010 Test #1396: GraphQueries.GaussianNoiseIsDeterministicAndIdentityAtZeroScale .................................................   Passed    0.01 sec
          Start 1397: GraphQueries.DegenerateInputsFailClosed
1387/4010 Test #1397: GraphQueries.DegenerateInputsFailClosed .........................................................................   Passed    0.00 sec
          Start 1398: GeometryPropertiesContract.NameAccessorsReturnStableStringView
1388/4010 Test #1398: GeometryPropertiesContract.NameAccessorsReturnStableStringView ..................................................   Passed    0.01 sec
          Start 1399: GeometryPropertiesContract.RegistryHandlesFailClosed
1389/4010 Test #1399: GeometryPropertiesContract.RegistryHandlesFailClosed ............................................................   Passed    0.00 sec
          Start 1400: GeometryPropertiesContract.DefaultConstPropertySetIsSafeEmptyView
1390/4010 Test #1400: GeometryPropertiesContract.DefaultConstPropertySetIsSafeEmptyView ...............................................   Passed    0.01 sec
          Start 1401: GeometryPropertiesContract.ConstLookupReturnsReadOnlyProperty
1391/4010 Test #1401: GeometryPropertiesContract.ConstLookupReturnsReadOnlyProperty ...................................................   Passed    0.01 sec
          Start 1402: GeometryPropertiesContract.BoolPropertySupportsScalarProxyAccessOnly
1392/4010 Test #1402: GeometryPropertiesContract.BoolPropertySupportsScalarProxyAccessOnly ............................................   Passed    0.01 sec
          Start 1403: GeometryPropertiesContract.MapPropertyAliasesScalarAndVectorColumns
1393/4010 Test #1403: GeometryPropertiesContract.MapPropertyAliasesScalarAndVectorColumns .............................................   Passed    0.00 sec
          Start 1404: GeometryPropertiesContract.MapPropertyBoolReturnsCopiedNumericColumn
1394/4010 Test #1404: GeometryPropertiesContract.MapPropertyBoolReturnsCopiedNumericColumn ............................................   Passed    0.01 sec
          Start 1405: GeometryPropertiesContract.DescriptorCatalogReportsTypeAndAccessMetadata
1395/4010 Test #1405: GeometryPropertiesContract.DescriptorCatalogReportsTypeAndAccessMetadata ........................................   Passed    0.01 sec
          Start 1406: GeometryPropertiesContract.ShrinkToFitIsCanonicalSpelling
1396/4010 Test #1406: GeometryPropertiesContract.ShrinkToFitIsCanonicalSpelling .......................................................   Passed    0.01 sec
          Start 1407: GeometryPropertiesContract.LiveElementRangeSkipsDeletedAndFailsClosed
1397/4010 Test #1407: GeometryPropertiesContract.LiveElementRangeSkipsDeletedAndFailsClosed ...........................................   Passed    0.01 sec
          Start 1408: GeometryPropertiesContract.MeshLiveRangesMatchManualDeletedFilter
1398/4010 Test #1408: GeometryPropertiesContract.MeshLiveRangesMatchManualDeletedFilter ...............................................   Passed    0.02 sec
          Start 1409: GeometryPropertiesContract.ConstDomainViewsExposeReadOnlyLiveRanges
1399/4010 Test #1409: GeometryPropertiesContract.ConstDomainViewsExposeReadOnlyLiveRanges .............................................   Passed    0.02 sec
          Start 1410: KDTree.RejectsDegenerateBuildInputs
1400/4010 Test #1410: KDTree.RejectsDegenerateBuildInputs .............................................................................   Passed    0.01 sec
          Start 1411: KDTree.KnnMatchesBruteForceOrderingForPointAabbs
1401/4010 Test #1411: KDTree.KnnMatchesBruteForceOrderingForPointAabbs ................................................................   Passed    0.01 sec
          Start 1412: KDTree.RadiusQueryMatchesBruteForceSetForPointAabbs
1402/4010 Test #1412: KDTree.RadiusQueryMatchesBruteForceSetForPointAabbs .............................................................   Passed    0.00 sec
          Start 1413: KDTree.SupportsVolumetricElementsThroughAabbInput
1403/4010 Test #1413: KDTree.SupportsVolumetricElementsThroughAabbInput ...............................................................   Passed    0.00 sec
          Start 1414: KDTree.HandlesCoincidentElementsAndInvalidQueries
1404/4010 Test #1414: KDTree.HandlesCoincidentElementsAndInvalidQueries ...............................................................   Passed    0.00 sec
          Start 1415: Octree.BuildFromPointsMatchesExplicitPointAabbs
1405/4010 Test #1415: Octree.BuildFromPointsMatchesExplicitPointAabbs .................................................................   Passed    0.01 sec
          Start 1416: Octree.Build_EmptyInput
1406/4010 Test #1416: Octree.Build_EmptyInput .........................................................................................   Passed    0.01 sec
          Start 1417: Octree.Build_SingleElement
1407/4010 Test #1417: Octree.Build_SingleElement ......................................................................................   Passed    0.01 sec
          Start 1418: Octree.Build_SmallSet
1408/4010 Test #1418: Octree.Build_SmallSet ...........................................................................................   Passed    0.01 sec
          Start 1419: Octree.Build_LargeSet
1409/4010 Test #1419: Octree.Build_LargeSet ...........................................................................................   Passed    0.01 sec
          Start 1420: Octree.Build_DifferentSplitPolicies
1410/4010 Test #1420: Octree.Build_DifferentSplitPolicies .............................................................................   Passed    0.00 sec
          Start 1421: Octree.QueryAABB_EmptyResult
1411/4010 Test #1421: Octree.QueryAABB_EmptyResult ....................................................................................   Passed    0.00 sec
          Start 1422: Octree.QueryAABB_AllElements
1412/4010 Test #1422: Octree.QueryAABB_AllElements ....................................................................................   Passed    0.00 sec
          Start 1423: Octree.QueryAABB_PartialOverlap
1413/4010 Test #1423: Octree.QueryAABB_PartialOverlap .................................................................................   Passed    0.00 sec
          Start 1424: Octree.QueryAABB_CorrectResults
1414/4010 Test #1424: Octree.QueryAABB_CorrectResults .................................................................................   Passed    0.01 sec
          Start 1425: Octree.QuerySphere_Basic
1415/4010 Test #1425: Octree.QuerySphere_Basic ........................................................................................   Passed    0.00 sec
          Start 1426: Octree.QuerySphere_CorrectResults
1416/4010 Test #1426: Octree.QuerySphere_CorrectResults ...............................................................................   Passed    0.00 sec
          Start 1427: Octree.QueryRay_Basic
1417/4010 Test #1427: Octree.QueryRay_Basic ...........................................................................................   Passed    0.01 sec
          Start 1428: Octree.QueryRay_Miss
1418/4010 Test #1428: Octree.QueryRay_Miss ............................................................................................   Passed    0.01 sec
          Start 1429: Octree.QueryNearest_Basic
1419/4010 Test #1429: Octree.QueryNearest_Basic .......................................................................................   Passed    0.01 sec
          Start 1430: Octree.QueryNearest_CorrectResult
1420/4010 Test #1430: Octree.QueryNearest_CorrectResult ...............................................................................   Passed    0.01 sec
          Start 1431: Octree.QueryKNN_Basic
1421/4010 Test #1431: Octree.QueryKNN_Basic ...........................................................................................   Passed    0.02 sec
          Start 1432: Octree.QueryKNN_KGreaterThanElements
1422/4010 Test #1432: Octree.QueryKNN_KGreaterThanElements ............................................................................   Passed    0.01 sec
          Start 1433: Octree.QueryKNN_CorrectResults
1423/4010 Test #1433: Octree.QueryKNN_CorrectResults ..................................................................................   Passed    0.01 sec
          Start 1434: Octree.AddNodeProperty
1424/4010 Test #1434: Octree.AddNodeProperty ..........................................................................................   Passed    0.01 sec
          Start 1435: Octree.GetNodeProperty
1425/4010 Test #1435: Octree.GetNodeProperty ..........................................................................................   Passed    0.01 sec
          Start 1436: Octree.HasNodeProperty
1426/4010 Test #1436: Octree.HasNodeProperty ..........................................................................................   Passed    0.01 sec
          Start 1437: Octree.AllElementsAtSamePoint
1427/4010 Test #1437: Octree.AllElementsAtSamePoint ...................................................................................   Passed    0.01 sec
          Start 1438: Octree.LargeExtentDifferences
1428/4010 Test #1438: Octree.LargeExtentDifferences ...................................................................................   Passed    0.01 sec
          Start 1439: BVH.RejectsDegenerateBuildInputs
1429/4010 Test #1439: BVH.RejectsDegenerateBuildInputs ................................................................................   Passed    0.00 sec
          Start 1440: BVH.QueryAabbAndRayMatchExpectedPrimitiveSet
1430/4010 Test #1440: BVH.QueryAabbAndRayMatchExpectedPrimitiveSet ....................................................................   Passed    0.00 sec
          Start 1441: BVH.HandlesCoincidentCentroidsWithoutDroppingElements
1431/4010 Test #1441: BVH.HandlesCoincidentCentroidsWithoutDroppingElements ...........................................................   Passed    0.00 sec
          Start 1442: BVH.QueryRayIncludesBoundaryCoincidentBoxes
1432/4010 Test #1442: BVH.QueryRayIncludesBoundaryCoincidentBoxes .....................................................................   Passed    0.00 sec
          Start 1443: DEC_ExteriorDerivative0.DimensionsMatchMesh
1433/4010 Test #1443: DEC_ExteriorDerivative0.DimensionsMatchMesh .....................................................................   Passed    0.00 sec
          Start 1444: DEC_ExteriorDerivative0.EachRowHasTwoEntries
1434/4010 Test #1444: DEC_ExteriorDerivative0.EachRowHasTwoEntries ....................................................................   Passed    0.00 sec
          Start 1445: DEC_ExteriorDerivative0.RowSumIsZero
1435/4010 Test #1445: DEC_ExteriorDerivative0.RowSumIsZero ............................................................................   Passed    0.00 sec
          Start 1446: DEC_ExteriorDerivative0.GradientOfConstantIsZero
1436/4010 Test #1446: DEC_ExteriorDerivative0.GradientOfConstantIsZero ................................................................   Passed    0.00 sec
          Start 1447: DEC_ExteriorDerivative0.GradientOfLinearFunction
1437/4010 Test #1447: DEC_ExteriorDerivative0.GradientOfLinearFunction ................................................................   Passed    0.00 sec
          Start 1448: DEC_ExteriorDerivative1.DimensionsMatchMesh
1438/4010 Test #1448: DEC_ExteriorDerivative1.DimensionsMatchMesh .....................................................................   Passed    0.00 sec
          Start 1449: DEC_ExteriorDerivative1.TriangleFacesHaveThreeEntries
1439/4010 Test #1449: DEC_ExteriorDerivative1.TriangleFacesHaveThreeEntries ...........................................................   Passed    0.00 sec
          Start 1450: DEC_ExteriorDerivative1.EntriesArePlusMinusOne
1440/4010 Test #1450: DEC_ExteriorDerivative1.EntriesArePlusMinusOne ..................................................................   Passed    0.00 sec
          Start 1451: DEC_ExteriorDerivative1.ExactnessD1D0IsZero
1441/4010 Test #1451: DEC_ExteriorDerivative1.ExactnessD1D0IsZero .....................................................................   Passed    0.00 sec
          Start 1452: DEC_HodgeStar0.DimensionsMatchVertexCount
1442/4010 Test #1452: DEC_HodgeStar0.DimensionsMatchVertexCount .......................................................................   Passed    0.00 sec
          Start 1453: DEC_HodgeStar0.AllEntriesPositive
1443/4010 Test #1453: DEC_HodgeStar0.AllEntriesPositive ...............................................................................   Passed    0.00 sec
          Start 1454: DEC_HodgeStar0.SumEqualsTotalArea
1444/4010 Test #1454: DEC_HodgeStar0.SumEqualsTotalArea ...............................................................................   Passed    0.01 sec
          Start 1455: DEC_HodgeStar0.SingleTriangleSumEqualsArea
1445/4010 Test #1455: DEC_HodgeStar0.SingleTriangleSumEqualsArea ......................................................................   Passed    0.01 sec
          Start 1456: DEC_HodgeStar0.EquilateralTriangleEqualAreas
1446/4010 Test #1456: DEC_HodgeStar0.EquilateralTriangleEqualAreas ....................................................................   Passed    0.01 sec
          Start 1457: DEC_HodgeStar0.RegularTetrahedronEqualAreas
1447/4010 Test #1457: DEC_HodgeStar0.RegularTetrahedronEqualAreas .....................................................................   Passed    0.01 sec
          Start 1458: DEC_HodgeStar1.DimensionsMatchEdgeCount
1448/4010 Test #1458: DEC_HodgeStar1.DimensionsMatchEdgeCount .........................................................................   Passed    0.00 sec
          Start 1459: DEC_HodgeStar1.InteriorEdgesPositive
1449/4010 Test #1459: DEC_HodgeStar1.InteriorEdgesPositive ............................................................................   Passed    0.00 sec
          Start 1460: DEC_HodgeStar1.RegularTetrahedronEqualWeights
1450/4010 Test #1460: DEC_HodgeStar1.RegularTetrahedronEqualWeights ...................................................................   Passed    0.00 sec
          Start 1461: DEC_HodgeStar1.EquilateralTriangleCotanValue
1451/4010 Test #1461: DEC_HodgeStar1.EquilateralTriangleCotanValue ....................................................................   Passed    0.00 sec
          Start 1462: DEC_HodgeStar2.DimensionsMatchFaceCount
1452/4010 Test #1462: DEC_HodgeStar2.DimensionsMatchFaceCount .........................................................................   Passed    0.00 sec
          Start 1463: DEC_HodgeStar2.AllEntriesPositive
1453/4010 Test #1463: DEC_HodgeStar2.AllEntriesPositive ...............................................................................   Passed    0.00 sec
          Start 1464: DEC_HodgeStar2.InverseAreaCorrect
1454/4010 Test #1464: DEC_HodgeStar2.InverseAreaCorrect ...............................................................................   Passed    0.00 sec
          Start 1465: DEC_HodgeStar2.TwoTriangleSquareAreas
1455/4010 Test #1465: DEC_HodgeStar2.TwoTriangleSquareAreas ...........................................................................   Passed    0.00 sec
          Start 1466: DEC_Laplacian.DimensionsAreVxV
1456/4010 Test #1466: DEC_Laplacian.DimensionsAreVxV ..................................................................................   Passed    0.00 sec
          Start 1467: DEC_Laplacian.RowSumsAreZero
1457/4010 Test #1467: DEC_Laplacian.RowSumsAreZero ....................................................................................   Passed    0.00 sec
          Start 1468: DEC_Laplacian.ConstantFunctionInKernel
1458/4010 Test #1468: DEC_Laplacian.ConstantFunctionInKernel ..........................................................................   Passed    0.00 sec
          Start 1469: DEC_Laplacian.SymmetricMatrix
1459/4010 Test #1469: DEC_Laplacian.SymmetricMatrix ...................................................................................   Passed    0.01 sec
          Start 1470: DEC_Laplacian.NegativeSemidefinite
1460/4010 Test #1470: DEC_Laplacian.NegativeSemidefinite ..............................................................................   Passed    0.00 sec
          Start 1471: DEC_Laplacian.OffDiagonalNonPositive
1461/4010 Test #1471: DEC_Laplacian.OffDiagonalNonPositive ............................................................................   Passed    0.00 sec
          Start 1472: DEC_Laplacian.DiagonalPositive
1462/4010 Test #1472: DEC_Laplacian.DiagonalPositive ..................................................................................   Passed    0.00 sec
          Start 1473: DEC_Laplacian.RegularTetrahedronSymmetricRows
1463/4010 Test #1473: DEC_Laplacian.RegularTetrahedronSymmetricRows ...................................................................   Passed    0.00 sec
          Start 1474: DEC_BuildOperators.AllOperatorsValid
1464/4010 Test #1474: DEC_BuildOperators.AllOperatorsValid ............................................................................   Passed    0.00 sec
          Start 1475: DEC_BuildOperators.ConsistentDimensions
1465/4010 Test #1475: DEC_BuildOperators.ConsistentDimensions .........................................................................   Passed    0.00 sec
          Start 1476: DEC_SparseMatrix.MultiplyTransposeConsistent
1466/4010 Test #1476: DEC_SparseMatrix.MultiplyTransposeConsistent ....................................................................   Passed    0.00 sec
          Start 1477: DEC_DiagonalMatrix.MultiplyCorrect
1467/4010 Test #1477: DEC_DiagonalMatrix.MultiplyCorrect ..............................................................................   Passed    0.00 sec
          Start 1478: DEC_DiagonalMatrix.MultiplyInverseCorrect
1468/4010 Test #1478: DEC_DiagonalMatrix.MultiplyInverseCorrect .......................................................................   Passed    0.01 sec
          Start 1479: DEC_DiagonalMatrix.MultiplyInverseHandlesZero
1469/4010 Test #1479: DEC_DiagonalMatrix.MultiplyInverseHandlesZero ...................................................................   Passed    0.01 sec
          Start 1480: DEC_Integration.HodgeStarDuality
1470/4010 Test #1480: DEC_Integration.HodgeStarDuality ................................................................................   Passed    0.01 sec
          Start 1481: DEC_Integration.LaplacianMatchesD0TH1D0
1471/4010 Test #1481: DEC_Integration.LaplacianMatchesD0TH1D0 .........................................................................   Passed    0.01 sec
          Start 1482: DEC_EdgeCases.SingleTriangleBoundary
1472/4010 Test #1482: DEC_EdgeCases.SingleTriangleBoundary ............................................................................   Passed    0.01 sec
          Start 1483: DEC_EdgeCases.SubdividedTriangleMixedBoundary
1473/4010 Test #1483: DEC_EdgeCases.SubdividedTriangleMixedBoundary ...................................................................   Passed    0.01 sec
          Start 1484: DEC_LaplacianCache.BuildFromRegularTetrahedron
1474/4010 Test #1484: DEC_LaplacianCache.BuildFromRegularTetrahedron ..................................................................   Passed    0.01 sec
          Start 1485: DEC_LaplacianCache.MassInverseIsConsistentWithHodge0
1475/4010 Test #1485: DEC_LaplacianCache.MassInverseIsConsistentWithHodge0 ............................................................   Passed    0.01 sec
          Start 1486: DEC_LaplacianCache.MassSqrtInverseIsConsistentWithHodge0
1476/4010 Test #1486: DEC_LaplacianCache.MassSqrtInverseIsConsistentWithHodge0 ........................................................   Passed    0.02 sec
          Start 1487: DEC_LaplacianCache.SymNormalizedLaplacianIsSymmetric
1477/4010 Test #1487: DEC_LaplacianCache.SymNormalizedLaplacianIsSymmetric ............................................................   Passed    0.01 sec
          Start 1488: DEC_LaplacianCache.SymNormalizedRowSumsAreZero
1478/4010 Test #1488: DEC_LaplacianCache.SymNormalizedRowSumsAreZero ..................................................................   Passed    0.01 sec
          Start 1489: DEC_Diagnostics.RegularTetrahedronPassesAll
1479/4010 Test #1489: DEC_Diagnostics.RegularTetrahedronPassesAll .....................................................................   Passed    0.00 sec
          Start 1490: DEC_Diagnostics.SubdividedTrianglePassesAll
1480/4010 Test #1490: DEC_Diagnostics.SubdividedTrianglePassesAll .....................................................................   Passed    0.00 sec
          Start 1491: DEC_Diagnostics.SingleTrianglePassesAll
1481/4010 Test #1491: DEC_Diagnostics.SingleTrianglePassesAll .........................................................................   Passed    0.00 sec
          Start 1492: DEC_Diagnostics.EmptyMatrixDoesNotCrash
1482/4010 Test #1492: DEC_Diagnostics.EmptyMatrixDoesNotCrash .........................................................................   Passed    0.00 sec
          Start 1493: DEC_HeatKernel.HodgeStar1AllPositive
1483/4010 Test #1493: DEC_HeatKernel.HodgeStar1AllPositive ............................................................................   Passed    0.00 sec
          Start 1494: DEC_HeatKernel.RegularTetrahedronEqualWeights
1484/4010 Test #1494: DEC_HeatKernel.RegularTetrahedronEqualWeights ...................................................................   Passed    0.00 sec
          Start 1495: DEC_HeatKernel.AutoTimeParamMeanEdgeLengthSq
1485/4010 Test #1495: DEC_HeatKernel.AutoTimeParamMeanEdgeLengthSq ....................................................................   Passed    0.00 sec
          Start 1496: DEC_HeatKernel.ExplicitTimeParam
1486/4010 Test #1496: DEC_HeatKernel.ExplicitTimeParam ................................................................................   Passed    0.00 sec
          Start 1497: DEC_HeatKernel.LargeTimeLimitUniform
1487/4010 Test #1497: DEC_HeatKernel.LargeTimeLimitUniform ............................................................................   Passed    0.00 sec
          Start 1498: DEC_HeatKernel.SmallTimeDiscriminatesEdgeLengths
1488/4010 Test #1498: DEC_HeatKernel.SmallTimeDiscriminatesEdgeLengths ................................................................   Passed    0.01 sec
          Start 1499: DEC_HeatKernel.LaplacianPassesDiagnostics
1489/4010 Test #1499: DEC_HeatKernel.LaplacianPassesDiagnostics .......................................................................   Passed    0.01 sec
          Start 1500: DEC_HeatKernel.LaplacianSubdividedTrianglePassesDiagnostics
1490/4010 Test #1500: DEC_HeatKernel.LaplacianSubdividedTrianglePassesDiagnostics .....................................................   Passed    0.01 sec
          Start 1501: DEC_HeatKernel.LaplacianConstantInKernel
1491/4010 Test #1501: DEC_HeatKernel.LaplacianConstantInKernel ........................................................................   Passed    0.01 sec
          Start 1502: DEC_HeatKernel.LaplacianMatchesHodge1Weights
1492/4010 Test #1502: DEC_HeatKernel.LaplacianMatchesHodge1Weights ....................................................................   Passed    0.01 sec
          Start 1503: DEC_HeatKernel.BuildOperatorsValid
1493/4010 Test #1503: DEC_HeatKernel.BuildOperatorsValid ..............................................................................   Passed    0.01 sec
          Start 1504: DEC_HeatKernel.LaplacianCacheValid
1494/4010 Test #1504: DEC_HeatKernel.LaplacianCacheValid ..............................................................................   Passed    0.00 sec
          Start 1505: DEC_HeatKernel.SymNormalizedLaplacianSymmetric
1495/4010 Test #1505: DEC_HeatKernel.SymNormalizedLaplacianSymmetric ..................................................................   Passed    0.00 sec
          Start 1506: DEC_HeatKernel.ObtuseTriangleAlwaysPositive
1496/4010 Test #1506: DEC_HeatKernel.ObtuseTriangleAlwaysPositive .....................................................................   Passed    0.00 sec
          Start 1507: DEC_HeatKernel.CotanModePassthrough
1497/4010 Test #1507: DEC_HeatKernel.CotanModePassthrough .............................................................................   Passed    0.00 sec
          Start 1508: DEC_HeatKernel.SolveCGShiftedWithHeatKernel
1498/4010 Test #1508: DEC_HeatKernel.SolveCGShiftedWithHeatKernel .....................................................................   Passed    0.00 sec
          Start 1509: DEC_StiffnessModes.RowSumsZeroAndSymmetricForEveryMode
1499/4010 Test #1509: DEC_StiffnessModes.RowSumsZeroAndSymmetricForEveryMode ..........................................................   Passed    0.00 sec
          Start 1510: DEC_StiffnessModes.GraphWeightsAreUnitPerEdge
1500/4010 Test #1510: DEC_StiffnessModes.GraphWeightsAreUnitPerEdge ...................................................................   Passed    0.00 sec
          Start 1511: DEC_StiffnessModes.FujiwaraWeightsMatchInverseLength
1501/4010 Test #1511: DEC_StiffnessModes.FujiwaraWeightsMatchInverseLength ............................................................   Passed    0.01 sec
          Start 1512: DEC_StiffnessModes.ModifiedNormalEqualsCotanTimesNormalDot
1502/4010 Test #1512: DEC_StiffnessModes.ModifiedNormalEqualsCotanTimesNormalDot ......................................................   Passed    0.01 sec
          Start 1513: DEC_StiffnessModes.FailClosedOnEmptyMesh
1503/4010 Test #1513: DEC_StiffnessModes.FailClosedOnEmptyMesh ........................................................................   Passed    0.01 sec
          Start 1514: DEC_StiffnessModes.FailClosedOnNonFinitePositions
1504/4010 Test #1514: DEC_StiffnessModes.FailClosedOnNonFinitePositions ...............................................................   Passed    0.01 sec
          Start 1515: DEC_ClampedHalfedgeCotan.MatchesEdgeCotanWeight
1505/4010 Test #1515: DEC_ClampedHalfedgeCotan.MatchesEdgeCotanWeight .................................................................   Passed    0.02 sec
          Start 1516: DEC_ClampedHalfedgeCotan.ClampEngagesOnSliver
1506/4010 Test #1516: DEC_ClampedHalfedgeCotan.ClampEngagesOnSliver ...................................................................   Passed    0.01 sec
          Start 1517: DEC_MassModes.VoronoiVariantReproducesDefault
1507/4010 Test #1517: DEC_MassModes.VoronoiVariantReproducesDefault ...................................................................   Passed    0.01 sec
          Start 1518: DEC_MassModes.AllLumpedModesPartitionTotalArea
1508/4010 Test #1518: DEC_MassModes.AllLumpedModesPartitionTotalArea ..................................................................   Passed    0.00 sec
          Start 1519: DEC_MassModes.BarycentricIsOneThirdIncidentArea
1509/4010 Test #1519: DEC_MassModes.BarycentricIsOneThirdIncidentArea .................................................................   Passed    0.00 sec
          Start 1520: DEC_MassModes.GalerkinRowSumsEqualLumpedSum
1510/4010 Test #1520: DEC_MassModes.GalerkinRowSumsEqualLumpedSum .....................................................................   Passed    0.00 sec
          Start 1521: DEC_MassModes.GalerkinConsistentMassIsSymmetricSPD
1511/4010 Test #1521: DEC_MassModes.GalerkinConsistentMassIsSymmetricSPD ..............................................................   Passed    0.00 sec
          Start 1522: DEC_MassModes.GalerkinOperatorsPopulateConsistentAndLumped
1512/4010 Test #1522: DEC_MassModes.GalerkinOperatorsPopulateConsistentAndLumped ......................................................   Passed    0.00 sec
          Start 1523: DEC_MassModes.FailClosedOnEmptyAndNonFinite
1513/4010 Test #1523: DEC_MassModes.FailClosedOnEmptyAndNonFinite .....................................................................   Passed    0.00 sec
          Start 1524: Quadric_Probabilistic.PlaneZeroVarianceMatchesDeterministicPlane
1514/4010 Test #1524: Quadric_Probabilistic.PlaneZeroVarianceMatchesDeterministicPlane ................................................   Passed    0.01 sec
          Start 1525: Quadric_Probabilistic.PlaneIsotropicAndGeneralCovarianceVariantsAgree
1515/4010 Test #1525: Quadric_Probabilistic.PlaneIsotropicAndGeneralCovarianceVariantsAgree ...........................................   Passed    0.01 sec
          Start 1526: Quadric_Probabilistic.TriangleIsotropicAndGeneralCovarianceVariantsAgree
1516/4010 Test #1526: Quadric_Probabilistic.TriangleIsotropicAndGeneralCovarianceVariantsAgree ........................................   Passed    0.01 sec
          Start 1527: Quadric_Probabilistic.DegenerateTriangleProducesFiniteEnergy
1517/4010 Test #1527: Quadric_Probabilistic.DegenerateTriangleProducesFiniteEnergy ....................................................   Passed    0.01 sec
          Start 1528: MeshTopology_Flip.FlipPreservesVertexCount
1518/4010 Test #1528: MeshTopology_Flip.FlipPreservesVertexCount ......................................................................   Passed    0.01 sec
          Start 1529: MeshTopology_Flip.FlipChangesEndpoints
1519/4010 Test #1529: MeshTopology_Flip.FlipChangesEndpoints ..........................................................................   Passed    0.01 sec
          Start 1530: MeshTopology_Flip.TwoTriangleSquareRejected
1520/4010 Test #1530: MeshTopology_Flip.TwoTriangleSquareRejected .....................................................................   Passed    0.01 sec
          Start 1531: MeshTopology_Flip.BoundaryEdgeReject
1521/4010 Test #1531: MeshTopology_Flip.BoundaryEdgeReject ............................................................................   Passed    0.01 sec
          Start 1532: MeshTopology_Split.InteriorSplitCreatesCorrectCounts
1522/4010 Test #1532: MeshTopology_Split.InteriorSplitCreatesCorrectCounts ............................................................   Passed    0.01 sec
          Start 1533: MeshTopology_Split.BoundarySplitCreatesCorrectCounts
1523/4010 Test #1533: MeshTopology_Split.BoundarySplitCreatesCorrectCounts ............................................................   Passed    0.01 sec
          Start 1534: MeshTopology_Split.NewVertexAtCorrectPosition
1524/4010 Test #1534: MeshTopology_Split.NewVertexAtCorrectPosition ...................................................................   Passed    0.01 sec
          Start 1535: MeshTopology_Collapse.CollapseReducesCounts
1525/4010 Test #1535: MeshTopology_Collapse.CollapseReducesCounts .....................................................................   Passed    0.01 sec
          Start 1536: MeshTopology_Collapse.SingleCollapsePreservesNextCycles
1526/4010 Test #1536: MeshTopology_Collapse.SingleCollapsePreservesNextCycles .........................................................   Passed    0.01 sec
          Start 1537: MeshTopology_Collapse.SurvivingVertexAtCorrectPosition
1527/4010 Test #1537: MeshTopology_Collapse.SurvivingVertexAtCorrectPosition ..........................................................   Passed    0.01 sec
          Start 1538: MeshTopology_Collapse.DirectedHalfedgeCollapsePreservesToVertexWhileLegacyEdgeCollapseKeepsHistoricalSurvivor
1528/4010 Test #1538: MeshTopology_Collapse.DirectedHalfedgeCollapsePreservesToVertexWhileLegacyEdgeCollapseKeepsHistoricalSurvivor ...   Passed    0.01 sec
          Start 1539: Simplification_QEM.ReducesFaceCount
1529/4010 Test #1539: Simplification_QEM.ReducesFaceCount .............................................................................   Passed    0.01 sec
          Start 1540: Simplification_QEM.RespectsTargetFaceCount
1530/4010 Test #1540: Simplification_QEM.RespectsTargetFaceCount ......................................................................   Passed    0.01 sec
          Start 1541: Simplification_QEM.TooFewFacesReturnsNullopt
1531/4010 Test #1541: Simplification_QEM.TooFewFacesReturnsNullopt ....................................................................   Passed    0.01 sec
          Start 1542: Simplification_QEM.ErrorThresholdStopsEarly
1532/4010 Test #1542: Simplification_QEM.ErrorThresholdStopsEarly .....................................................................   Passed    0.01 sec
          Start 1543: Simplification_QEM.PreservedMeshIsValid
1533/4010 Test #1543: Simplification_QEM.PreservedMeshIsValid .........................................................................   Passed    0.01 sec
          Start 1544: Simplification_QEM.GarbageCollectionKeepsFaceHalfedgesValidAfterDenseSimplification
1534/4010 Test #1544: Simplification_QEM.GarbageCollectionKeepsFaceHalfedgesValidAfterDenseSimplification .............................   Passed    0.23 sec
          Start 1545: Simplification_QEM.DenseClosedMeshStaysClosed
1535/4010 Test #1545: Simplification_QEM.DenseClosedMeshStaysClosed ...................................................................   Passed    0.22 sec
          Start 1546: Simplification_QEM.HausdorffErrorConstraintSmallMeshSentinel
1536/4010 Test #1546: Simplification_QEM.HausdorffErrorConstraintSmallMeshSentinel ....................................................   Passed    0.02 sec
          Start 1547: Simplification_QEM.RepeatedWorkflowSmallMeshSentinel
1537/4010 Test #1547: Simplification_QEM.RepeatedWorkflowSmallMeshSentinel ............................................................   Passed    0.01 sec
          Start 1548: Simplification_QEM.ConfigurableQuadricsSmallMeshSentinel
1538/4010 Test #1548: Simplification_QEM.ConfigurableQuadricsSmallMeshSentinel ........................................................   Passed    0.01 sec
          Start 1549: Simplification_QEM.ProbabilisticQuadricsSmallMeshSentinel
1539/4010 Test #1549: Simplification_QEM.ProbabilisticQuadricsSmallMeshSentinel .......................................................   Passed    0.01 sec
          Start 1550: Simplification_QEM.MissingCovariancePropertiesFallBackToZeroCovariance
1540/4010 Test #1550: Simplification_QEM.MissingCovariancePropertiesFallBackToZeroCovariance ..........................................   Passed    0.21 sec
          Start 1551: Simplification_QEM.OpenBoundaryPatchKeepsDiskTopology
1541/4010 Test #1551: Simplification_QEM.OpenBoundaryPatchKeepsDiskTopology ...........................................................   Passed    0.00 sec
          Start 1552: Simplification_QEM.PreserveBoundaryPreventsCollapsesOnOpenPatch
1542/4010 Test #1552: Simplification_QEM.PreserveBoundaryPreventsCollapsesOnOpenPatch .................................................   Passed    0.00 sec
          Start 1553: MeshRepair_BoundaryDetection.ClosedMeshHasNoBoundary
1543/4010 Test #1553: MeshRepair_BoundaryDetection.ClosedMeshHasNoBoundary ............................................................   Passed    0.00 sec
          Start 1554: MeshRepair_BoundaryDetection.OpenMeshHasBoundary
1544/4010 Test #1554: MeshRepair_BoundaryDetection.OpenMeshHasBoundary ................................................................   Passed    0.00 sec
          Start 1555: MeshRepair_BoundaryDetection.TwoTriangleSquareHasBoundary
1545/4010 Test #1555: MeshRepair_BoundaryDetection.TwoTriangleSquareHasBoundary .......................................................   Passed    0.00 sec
          Start 1556: MeshRepair_HoleFilling.FillsTriangularHole
1546/4010 Test #1556: MeshRepair_HoleFilling.FillsTriangularHole ......................................................................   Passed    0.00 sec
          Start 1557: MeshRepair_HoleFilling.EmptyMeshReturnsNullopt
1547/4010 Test #1557: MeshRepair_HoleFilling.EmptyMeshReturnsNullopt ..................................................................   Passed    0.00 sec
          Start 1558: MeshRepair_HoleFilling.ClosedMeshReportsZeroHoles
1548/4010 Test #1558: MeshRepair_HoleFilling.ClosedMeshReportsZeroHoles ...............................................................   Passed    0.00 sec
          Start 1559: MeshRepair_DegenerateFaces.DetectsZeroAreaTriangle
1549/4010 Test #1559: MeshRepair_DegenerateFaces.DetectsZeroAreaTriangle ..............................................................   Passed    0.00 sec
          Start 1560: MeshRepair_DegenerateFaces.PreservesValidTriangles
1550/4010 Test #1560: MeshRepair_DegenerateFaces.PreservesValidTriangles ..............................................................   Passed    0.00 sec
          Start 1561: MeshRepair_DegenerateFaces.EmptyMeshReturnsNullopt
1551/4010 Test #1561: MeshRepair_DegenerateFaces.EmptyMeshReturnsNullopt ..............................................................   Passed    0.00 sec
          Start 1562: MeshRepair_Orientation.ClosedMeshIsConsistent
1552/4010 Test #1562: MeshRepair_Orientation.ClosedMeshIsConsistent ...................................................................   Passed    0.00 sec
          Start 1563: MeshRepair_Orientation.EmptyMeshReturnsNullopt
1553/4010 Test #1563: MeshRepair_Orientation.EmptyMeshReturnsNullopt ..................................................................   Passed    0.00 sec
          Start 1564: MeshRepair_Orientation.IcosahedronSingleComponent
1554/4010 Test #1564: MeshRepair_Orientation.IcosahedronSingleComponent ...............................................................   Passed    0.01 sec
          Start 1565: MeshRepair_Combined.RepairValidMesh
1555/4010 Test #1565: MeshRepair_Combined.RepairValidMesh .............................................................................   Passed    0.01 sec
          Start 1566: MeshRepair_Combined.RepairWithDegenerates
1556/4010 Test #1566: MeshRepair_Combined.RepairWithDegenerates .......................................................................   Passed    0.01 sec
          Start 1567: MeshRepair_Combined.EmptyMeshReturnsNullopt
1557/4010 Test #1567: MeshRepair_Combined.EmptyMeshReturnsNullopt .....................................................................   Passed    0.01 sec
          Start 1568: MeshConversion.ConvertsValidSoupToHalfedgeMeshWithFailureDiagnostics
1558/4010 Test #1568: MeshConversion.ConvertsValidSoupToHalfedgeMeshWithFailureDiagnostics ............................................   Passed    0.01 sec
          Start 1569: MeshConversion.ConvertsHalfedgeMeshToIndexedSoupAndBack
1559/4010 Test #1569: MeshConversion.ConvertsHalfedgeMeshToIndexedSoupAndBack .........................................................   Passed    0.00 sec
          Start 1570: MeshConversion.ConvertedHalfedgeMeshOutlivesSourceViaMoveOwnershipTransfer
1560/4010 Test #1570: MeshConversion.ConvertedHalfedgeMeshOutlivesSourceViaMoveOwnershipTransfer ......................................   Passed    0.00 sec
          Start 1571: MeshSoup.EmptyInputIsValid
1561/4010 Test #1571: MeshSoup.EmptyInputIsValid ......................................................................................   Passed    0.00 sec
          Start 1572: MeshSoup.ValidTriangleSoupAndBorrowedViewAreAccepted
1562/4010 Test #1572: MeshSoup.ValidTriangleSoupAndBorrowedViewAreAccepted ............................................................   Passed    0.00 sec
          Start 1573: MeshSoup.PolygonSoupIsAccepted
1563/4010 Test #1573: MeshSoup.PolygonSoupIsAccepted ..................................................................................   Passed    0.00 sec
          Start 1574: MeshSoup.DuplicateVerticesAreWarnings
1564/4010 Test #1574: MeshSoup.DuplicateVerticesAreWarnings ...........................................................................   Passed    0.00 sec
          Start 1575: MeshSoup.DuplicateVerticesTreatSignedZeroAsEqual
1565/4010 Test #1575: MeshSoup.DuplicateVerticesTreatSignedZeroAsEqual ................................................................   Passed    0.00 sec
          Start 1576: MeshSoup.InvalidIndicesAreErrors
1566/4010 Test #1576: MeshSoup.InvalidIndicesAreErrors ................................................................................   Passed    0.00 sec
          Start 1577: MeshSoup.DegenerateFacesAreErrors
1567/4010 Test #1577: MeshSoup.DegenerateFacesAreErrors ...............................................................................   Passed    0.00 sec
          Start 1578: MeshSoup.NonManifoldEdgesAreErrors
1568/4010 Test #1578: MeshSoup.NonManifoldEdgesAreErrors ..............................................................................   Passed    0.00 sec
          Start 1579: MeshSoup.InconsistentWindingIsReportedForSameDirectedSharedEdge
1569/4010 Test #1579: MeshSoup.InconsistentWindingIsReportedForSameDirectedSharedEdge .................................................   Passed    0.00 sec
          Start 1580: MeshSoup.PropertySetsStoreVertexFaceAndCornerDomains
1570/4010 Test #1580: MeshSoup.PropertySetsStoreVertexFaceAndCornerDomains ............................................................   Passed    0.00 sec
          Start 1581: MeshSoup.CopyAndMoveRebindBuiltInPropertyHandles
1571/4010 Test #1581: MeshSoup.CopyAndMoveRebindBuiltInPropertyHandles ................................................................   Passed    0.00 sec
          Start 1582: MeshSoup.AttributeArityMismatchesUsePropertySetDomainCardinality
1572/4010 Test #1582: MeshSoup.AttributeArityMismatchesUsePropertySetDomainCardinality ................................................   Passed    0.00 sec
          Start 1583: PointCloudConversion.EmptyCloudRoundTripsThroughSoup
1573/4010 Test #1583: PointCloudConversion.EmptyCloudRoundTripsThroughSoup ............................................................   Passed    0.01 sec
          Start 1584: PointCloudConversion.CloudPositionsRoundTripPreservesOrder
1574/4010 Test #1584: PointCloudConversion.CloudPositionsRoundTripPreservesOrder ......................................................   Passed    0.01 sec
          Start 1585: PointCloudConversion.ConvertedCloudOutlivesAndDecouplesFromSource
1575/4010 Test #1585: PointCloudConversion.ConvertedCloudOutlivesAndDecouplesFromSource ...............................................   Passed    0.01 sec
          Start 1586: PointCloudConversion.DeletedPointsAreOmittedWithDiagnostic
1576/4010 Test #1586: PointCloudConversion.DeletedPointsAreOmittedWithDiagnostic ......................................................   Passed    0.01 sec
          Start 1587: PointCloudConversion.SoupFacesAreDroppedWithDiagnostic
1577/4010 Test #1587: PointCloudConversion.SoupFacesAreDroppedWithDiagnostic ..........................................................   Passed    0.01 sec
          Start 1588: PointCloudConversion.CloudWithBuiltInAttributesEmitsRemapWarnings
1578/4010 Test #1588: PointCloudConversion.CloudWithBuiltInAttributesEmitsRemapWarnings ...............................................   Passed    0.01 sec
          Start 1589: PointCloudConversion.CloudWithUserPropertyEmitsRemapWarning
1579/4010 Test #1589: PointCloudConversion.CloudWithUserPropertyEmitsRemapWarning .....................................................   Passed    0.01 sec
          Start 1590: PointCloudConversion.InvalidSoupIndexHaltsToPointCloud
1580/4010 Test #1590: PointCloudConversion.InvalidSoupIndexHaltsToPointCloud ..........................................................   Passed    0.01 sec
          Start 1591: PointCloudConversion.BorrowedViewWithFacePropertiesEmitsRemapWarning
1581/4010 Test #1591: PointCloudConversion.BorrowedViewWithFacePropertiesEmitsRemapWarning ............................................   Passed    0.01 sec
          Start 1592: PointCloudConversion.SubmeshViewHonorsOffsetAndSize
1582/4010 Test #1592: PointCloudConversion.SubmeshViewHonorsOffsetAndSize .............................................................   Passed    0.01 sec
          Start 1593: PointCloudConversion.SubmeshViewSkipsDeletedInRangeAndIgnoresDeletedOutsideRange
1583/4010 Test #1593: PointCloudConversion.SubmeshViewSkipsDeletedInRangeAndIgnoresDeletedOutsideRange ................................   Passed    0.01 sec
          Start 1594: MeshBuilder.AABBProducesQuadBox
1584/4010 Test #1594: MeshBuilder.AABBProducesQuadBox .................................................................................   Passed    0.01 sec
          Start 1595: MeshBuilder.DegenerateAABBReturnsNullopt
1585/4010 Test #1595: MeshBuilder.DegenerateAABBReturnsNullopt ........................................................................   Passed    0.01 sec
          Start 1596: MeshBuilder.OBBProducesQuadBox
1586/4010 Test #1596: MeshBuilder.OBBProducesQuadBox ..................................................................................   Passed    0.01 sec
          Start 1597: MeshBuilder.SphereSubdivisionZeroMatchesIcosahedronCounts
1587/4010 Test #1597: MeshBuilder.SphereSubdivisionZeroMatchesIcosahedronCounts .......................................................   Passed    0.01 sec
          Start 1598: MeshBuilder.DegenerateSphereReturnsNullopt
1588/4010 Test #1598: MeshBuilder.DegenerateSphereReturnsNullopt ......................................................................   Passed    0.01 sec
          Start 1599: MeshBuilder.CylinderProducesClosedMesh
1589/4010 Test #1599: MeshBuilder.CylinderProducesClosedMesh ..........................................................................   Passed    0.01 sec
          Start 1600: MeshBuilder.CapsuleZeroAxisFallsBackToSphere
1590/4010 Test #1600: MeshBuilder.CapsuleZeroAxisFallsBackToSphere ....................................................................   Passed    0.02 sec
          Start 1601: MeshBuilder.CapsuleProducesClosedMesh
1591/4010 Test #1601: MeshBuilder.CapsuleProducesClosedMesh ...........................................................................   Passed    0.01 sec
          Start 1602: MeshBuilder.EllipsoidProducesFiniteTransformedSphere
1592/4010 Test #1602: MeshBuilder.EllipsoidProducesFiniteTransformedSphere ............................................................   Passed    0.03 sec
          Start 1603: MeshBuilder.PlatonicSolidCounts
1593/4010 Test #1603: MeshBuilder.PlatonicSolidCounts .................................................................................   Passed    0.02 sec
          Start 1604: CG_Solver.SolvesIdentitySystem
1594/4010 Test #1604: CG_Solver.SolvesIdentitySystem ..................................................................................   Passed    0.01 sec
          Start 1605: CG_Solver.SolvesDiagonalSystem
1595/4010 Test #1605: CG_Solver.SolvesDiagonalSystem ..................................................................................   Passed    0.01 sec
          Start 1606: CG_Solver.SolvesSPDTridiagonal
1596/4010 Test #1606: CG_Solver.SolvesSPDTridiagonal ..................................................................................   Passed    0.01 sec
          Start 1607: CG_Solver.SolvesLaplacianSystem
1597/4010 Test #1607: CG_Solver.SolvesLaplacianSystem .................................................................................   Passed    0.01 sec
          Start 1608: CG_Solver.ShiftedSolverConverges
1598/4010 Test #1608: CG_Solver.ShiftedSolverConverges ................................................................................   Passed    0.01 sec
          Start 1609: Remeshing_Isotropic.ReducesEdgeLengthVariance
1599/4010 Test #1609: Remeshing_Isotropic.ReducesEdgeLengthVariance ...................................................................   Passed    0.01 sec
          Start 1610: Remeshing_Isotropic.PerformsSplitsAndCollapses
1600/4010 Test #1610: Remeshing_Isotropic.PerformsSplitsAndCollapses ..................................................................   Passed    0.01 sec
          Start 1611: Remeshing_Isotropic.ShorterTargetIncreasesVertexCount
1601/4010 Test #1611: Remeshing_Isotropic.ShorterTargetIncreasesVertexCount ...........................................................   Passed    0.01 sec
          Start 1612: Remeshing_Isotropic.PreservesBoundaryVertices
1602/4010 Test #1612: Remeshing_Isotropic.PreservesBoundaryVertices ...................................................................   Passed    0.00 sec
          Start 1613: Remeshing_Isotropic.MaintainsValidMesh
1603/4010 Test #1613: Remeshing_Isotropic.MaintainsValidMesh ..........................................................................   Passed    0.00 sec
          Start 1614: Remeshing_Isotropic.TooFewFacesReturnsNullopt
1604/4010 Test #1614: Remeshing_Isotropic.TooFewFacesReturnsNullopt ...................................................................   Passed    0.00 sec
          Start 1615: Remeshing_Isotropic.EmptyMeshReturnsNullopt
1605/4010 Test #1615: Remeshing_Isotropic.EmptyMeshReturnsNullopt .....................................................................   Passed    0.00 sec
          Start 1616: MeshUtils_CotanLaplacian.EmptyMeshReturnsEmptyVector
1606/4010 Test #1616: MeshUtils_CotanLaplacian.EmptyMeshReturnsEmptyVector ............................................................   Passed    0.00 sec
          Start 1617: MeshUtils_CotanLaplacian.SingleTriangleNonZero
1607/4010 Test #1617: MeshUtils_CotanLaplacian.SingleTriangleNonZero ..................................................................   Passed    0.00 sec
          Start 1618: MeshUtils_CotanLaplacian.EquilateralTriangleSymmetry
1608/4010 Test #1618: MeshUtils_CotanLaplacian.EquilateralTriangleSymmetry ............................................................   Passed    0.00 sec
          Start 1619: MeshUtils_CotanLaplacian.ClampedWeightsNonNegative
1609/4010 Test #1619: MeshUtils_CotanLaplacian.ClampedWeightsNonNegative ..............................................................   Passed    0.00 sec
          Start 1620: MeshUtils_CotanLaplacian.ClosedMeshLaplacianSumsToZero
1610/4010 Test #1620: MeshUtils_CotanLaplacian.ClosedMeshLaplacianSumsToZero ..........................................................   Passed    0.00 sec
          Start 1621: MeshUtils_EdgeCotanWeight.EquilateralTriangleBoundaryWeight
1611/4010 Test #1621: MeshUtils_EdgeCotanWeight.EquilateralTriangleBoundaryWeight .....................................................   Passed    0.00 sec
          Start 1622: MeshUtils_OneRingCentroid.IsolatedVertexReturnsSelf
1612/4010 Test #1622: MeshUtils_OneRingCentroid.IsolatedVertexReturnsSelf .............................................................   Passed    0.00 sec
          Start 1623: MeshUtils_OneRingCentroid.EquilateralTriangleCentroids
1613/4010 Test #1623: MeshUtils_OneRingCentroid.EquilateralTriangleCentroids ..........................................................   Passed    0.00 sec
          Start 1624: MeshUtils_OneRingCentroid.RegularTetrahedronSymmetry
1614/4010 Test #1624: MeshUtils_OneRingCentroid.RegularTetrahedronSymmetry ............................................................   Passed    0.01 sec
          Start 1625: EdgeLoop.InvalidEdgeReturnsEmpty
1615/4010 Test #1625: EdgeLoop.InvalidEdgeReturnsEmpty ................................................................................   Passed    0.01 sec
          Start 1626: EdgeLoop.SingleTriangleProducesPath
1616/4010 Test #1626: EdgeLoop.SingleTriangleProducesPath .............................................................................   Passed    0.01 sec
          Start 1627: EdgeLoop.QuadStripVerticalEdgeSelectsColumn
1617/4010 Test #1627: EdgeLoop.QuadStripVerticalEdgeSelectsColumn .....................................................................   Passed    0.01 sec
          Start 1628: EdgeLoop.QuadStripHorizontalEdgeSelectsRow
1618/4010 Test #1628: EdgeLoop.QuadStripHorizontalEdgeSelectsRow ......................................................................   Passed    0.00 sec
          Start 1629: EdgeLoop.ClosedMeshNoDuplicatesOrOverflow
1619/4010 Test #1629: EdgeLoop.ClosedMeshNoDuplicatesOrOverflow .......................................................................   Passed    0.01 sec
          Start 1630: EdgeLoop.StrictQuadStopsAtNonQuadVertex
1620/4010 Test #1630: EdgeLoop.StrictQuadStopsAtNonQuadVertex .........................................................................   Passed    0.01 sec
          Start 1631: EdgeLoop.StrictQuadTraversesQuadStripInterior
1621/4010 Test #1631: EdgeLoop.StrictQuadTraversesQuadStripInterior ...................................................................   Passed    0.01 sec
          Start 1632: EdgeLoop.OddValenceVertexProducesDeterministicResult
1622/4010 Test #1632: EdgeLoop.OddValenceVertexProducesDeterministicResult ............................................................   Passed    0.01 sec
          Start 1633: EdgeLoop.MixedTriQuadFanNoDuplicatesOrOverflow
1623/4010 Test #1633: EdgeLoop.MixedTriQuadFanNoDuplicatesOrOverflow ..................................................................   Passed    0.01 sec
          Start 1634: EdgeLoop.BoundaryMeshStopsAtBoundary
1624/4010 Test #1634: EdgeLoop.BoundaryMeshStopsAtBoundary ............................................................................   Passed    0.01 sec
          Start 1635: EdgeLoop.TwoTriangleDiamondBoundary
1625/4010 Test #1635: EdgeLoop.TwoTriangleDiamondBoundary .............................................................................   Passed    0.01 sec
          Start 1636: EdgeLoop.SubdividedTriangleValence6Interior
1626/4010 Test #1636: EdgeLoop.SubdividedTriangleValence6Interior .....................................................................   Passed    0.01 sec
          Start 1637: EdgeLoop.OrderingIsConsistentAcrossRuns
1627/4010 Test #1637: EdgeLoop.OrderingIsConsistentAcrossRuns .........................................................................   Passed    0.01 sec
          Start 1638: EdgeLoop.AlwaysContainsStartEdge
1628/4010 Test #1638: EdgeLoop.AlwaysContainsStartEdge ................................................................................   Passed    0.01 sec
          Start 1639: EdgeLoop.DegenerateZeroLengthEdgeDoesNotCrash
1629/4010 Test #1639: EdgeLoop.DegenerateZeroLengthEdgeDoesNotCrash ...................................................................   Passed    0.01 sec
          Start 1640: EdgeRing.InvalidEdgeReturnsEmpty
1630/4010 Test #1640: EdgeRing.InvalidEdgeReturnsEmpty ................................................................................   Passed    0.00 sec
          Start 1641: EdgeRing.SingleTriangleBoundaryStops
1631/4010 Test #1641: EdgeRing.SingleTriangleBoundaryStops ............................................................................   Passed    0.00 sec
          Start 1642: EdgeRing.QuadStripVerticalEdgeSelectsAllVerticalEdges
1632/4010 Test #1642: EdgeRing.QuadStripVerticalEdgeSelectsAllVerticalEdges ...........................................................   Passed    0.00 sec
          Start 1643: EdgeRing.QuadStripHorizontalEdgeCrossesStripHeight
1633/4010 Test #1643: EdgeRing.QuadStripHorizontalEdgeCrossesStripHeight ..............................................................   Passed    0.00 sec
          Start 1644: EdgeRing.TriangleStripProducesPath
1634/4010 Test #1644: EdgeRing.TriangleStripProducesPath ..............................................................................   Passed    0.00 sec
          Start 1645: EdgeRing.ClosedMeshNoDuplicatesOrOverflow
1635/4010 Test #1645: EdgeRing.ClosedMeshNoDuplicatesOrOverflow .......................................................................   Passed    0.00 sec
          Start 1646: EdgeRing.StrictQuadStopsAtTriangleFace
1636/4010 Test #1646: EdgeRing.StrictQuadStopsAtTriangleFace ..........................................................................   Passed    0.00 sec
          Start 1647: EdgeRing.StrictQuadTraversesQuadStrip
1637/4010 Test #1647: EdgeRing.StrictQuadTraversesQuadStrip ...........................................................................   Passed    0.00 sec
          Start 1648: EdgeRing.MixedTriQuadFanNoDuplicatesOrOverflow
1638/4010 Test #1648: EdgeRing.MixedTriQuadFanNoDuplicatesOrOverflow ..................................................................   Passed    0.00 sec
          Start 1649: EdgeRing.BoundaryMeshStopsAtBoundary
1639/4010 Test #1649: EdgeRing.BoundaryMeshStopsAtBoundary ............................................................................   Passed    0.00 sec
          Start 1650: EdgeRing.OrderingIsConsistentAcrossRuns
1640/4010 Test #1650: EdgeRing.OrderingIsConsistentAcrossRuns .........................................................................   Passed    0.00 sec
          Start 1651: EdgeRing.AlwaysContainsStartEdge
1641/4010 Test #1651: EdgeRing.AlwaysContainsStartEdge ................................................................................   Passed    0.00 sec
          Start 1652: SurfaceReconstruction.EmptyPointsReturnsNullopt
1642/4010 Test #1652: SurfaceReconstruction.EmptyPointsReturnsNullopt .................................................................   Passed    0.00 sec
          Start 1653: SurfaceReconstruction.TooFewPointsReturnsNullopt
1643/4010 Test #1653: SurfaceReconstruction.TooFewPointsReturnsNullopt ................................................................   Passed    0.00 sec
          Start 1654: SurfaceReconstruction.MismatchedNormalsReturnsNullopt
1644/4010 Test #1654: SurfaceReconstruction.MismatchedNormalsReturnsNullopt ...........................................................   Passed    0.00 sec
          Start 1655: SurfaceReconstruction.NoNormalsAndNoEstimationReturnsNullopt
1645/4010 Test #1655: SurfaceReconstruction.NoNormalsAndNoEstimationReturnsNullopt ....................................................   Passed    0.00 sec
          Start 1656: SurfaceReconstruction.ZeroResolutionReturnsNullopt
1646/4010 Test #1656: SurfaceReconstruction.ZeroResolutionReturnsNullopt ..............................................................   Passed    0.00 sec
          Start 1657: SurfaceReconstruction.InvalidNormalsAreRejected
1647/4010 Test #1657: SurfaceReconstruction.InvalidNormalsAreRejected .................................................................   Passed    0.04 sec
          Start 1658: SurfaceReconstruction.AllInvalidNormalsReturnNullopt
1648/4010 Test #1658: SurfaceReconstruction.AllInvalidNormalsReturnNullopt ............................................................   Passed    0.00 sec
          Start 1659: SurfaceReconstruction.SphereWithProvidedNormals
1649/4010 Test #1659: SurfaceReconstruction.SphereWithProvidedNormals .................................................................   Passed    0.07 sec
          Start 1660: SurfaceReconstruction.SphereWithEstimatedNormals
1650/4010 Test #1660: SurfaceReconstruction.SphereWithEstimatedNormals ................................................................   Passed    0.08 sec
          Start 1661: SurfaceReconstruction.SphereWithWeightedDistance
1651/4010 Test #1661: SurfaceReconstruction.SphereWithWeightedDistance ................................................................   Passed    0.18 sec
          Start 1662: SurfaceReconstruction.OutputMeshHasVerticesAndFaces
1652/4010 Test #1662: SurfaceReconstruction.OutputMeshHasVerticesAndFaces .............................................................   Passed    0.04 sec
          Start 1663: SurfaceReconstruction.HigherResolutionMoreDetail
1653/4010 Test #1663: SurfaceReconstruction.HigherResolutionMoreDetail ................................................................   Passed    0.14 sec
          Start 1664: SurfaceReconstruction.SphereReconstructionApproximatesRadius
1654/4010 Test #1664: SurfaceReconstruction.SphereReconstructionApproximatesRadius ....................................................   Passed    0.13 sec
          Start 1665: SurfaceReconstruction.AcceptsBorrowedSpanInput
1655/4010 Test #1665: SurfaceReconstruction.AcceptsBorrowedSpanInput ..................................................................   Passed    0.01 sec
          Start 1666: MeshQuality.EmptyMeshReturnsNullopt
1656/4010 Test #1666: MeshQuality.EmptyMeshReturnsNullopt .............................................................................   Passed    0.00 sec
          Start 1667: MeshQuality.EquilateralAngles60
1657/4010 Test #1667: MeshQuality.EquilateralAngles60 .................................................................................   Passed    0.00 sec
          Start 1668: MeshQuality.EquilateralAspectRatio1
1658/4010 Test #1668: MeshQuality.EquilateralAspectRatio1 .............................................................................   Passed    0.00 sec
          Start 1669: MeshQuality.TetrahedronClosed
1659/4010 Test #1669: MeshQuality.TetrahedronClosed ...................................................................................   Passed    0.00 sec
          Start 1670: MeshQuality.TetrahedronVolume
1660/4010 Test #1670: MeshQuality.TetrahedronVolume ...................................................................................   Passed    0.00 sec
          Start 1671: MeshQuality.SingleTriangleNotClosed
1661/4010 Test #1671: MeshQuality.SingleTriangleNotClosed .............................................................................   Passed    0.00 sec
          Start 1672: MeshQuality.EulerCharacteristic
1662/4010 Test #1672: MeshQuality.EulerCharacteristic .................................................................................   Passed    0.00 sec
          Start 1673: MeshQuality.IcosahedronUniformValence5
1663/4010 Test #1673: MeshQuality.IcosahedronUniformValence5 ..........................................................................   Passed    0.01 sec
          Start 1674: MeshQuality.EdgeLengthStats
1664/4010 Test #1674: MeshQuality.EdgeLengthStats .....................................................................................   Passed    0.01 sec
          Start 1675: MeshQuality.BoundaryLoopCount
1665/4010 Test #1675: MeshQuality.BoundaryLoopCount ...................................................................................   Passed    0.01 sec
          Start 1676: MeshAnalysis.EmptyMeshReturnsNullopt
1666/4010 Test #1676: MeshAnalysis.EmptyMeshReturnsNullopt ............................................................................   Passed    0.01 sec
          Start 1677: MeshAnalysis.TetrahedronHasNoProblems
1667/4010 Test #1677: MeshAnalysis.TetrahedronHasNoProblems ...........................................................................   Passed    0.02 sec
          Start 1678: MeshAnalysis.SingleTriangleMarksBoundaryRegion
1668/4010 Test #1678: MeshAnalysis.SingleTriangleMarksBoundaryRegion ..................................................................   Passed    0.01 sec
          Start 1679: MeshAnalysis.DegenerateTriangleIsDetected
1669/4010 Test #1679: MeshAnalysis.DegenerateTriangleIsDetected .......................................................................   Passed    0.01 sec
          Start 1680: MeshAnalysis.SingleQuadFlagsNonTriangleFace
1670/4010 Test #1680: MeshAnalysis.SingleQuadFlagsNonTriangleFace .....................................................................   Passed    0.01 sec
          Start 1681: LSCM.EmptyMeshReturnsNullopt
1671/4010 Test #1681: LSCM.EmptyMeshReturnsNullopt ....................................................................................   Passed    0.01 sec
          Start 1682: LSCM.ClosedMeshReturnsNullopt
1672/4010 Test #1682: LSCM.ClosedMeshReturnsNullopt ...................................................................................   Passed    0.01 sec
          Start 1683: LSCM.DiskTopologyProducesUVs
1673/4010 Test #1683: LSCM.DiskTopologyProducesUVs ....................................................................................   Passed    0.01 sec
          Start 1684: LSCM.PinnedVerticesHaveCorrectUVs
1674/4010 Test #1684: LSCM.PinnedVerticesHaveCorrectUVs ...............................................................................   Passed    0.01 sec
          Start 1685: LSCM.NoFlippedTrianglesOnConvexDisk
1675/4010 Test #1685: LSCM.NoFlippedTrianglesOnConvexDisk .............................................................................   Passed    0.01 sec
          Start 1686: LSCM.FlatDiskDistortionNearOne
1676/4010 Test #1686: LSCM.FlatDiskDistortionNearOne ..................................................................................   Passed    0.00 sec
          Start 1687: LSCM.UVAreaPositive
1677/4010 Test #1687: LSCM.UVAreaPositive .............................................................................................   Passed    0.00 sec
          Start 1688: LSCM.SingleTriangleDiskTopology
1678/4010 Test #1688: LSCM.SingleTriangleDiskTopology .................................................................................   Passed    0.01 sec
          Start 1689: ParameterizationDiagnostics.IdentityTriangleHasZeroNormalizedError
1679/4010 Test #1689: ParameterizationDiagnostics.IdentityTriangleHasZeroNormalizedError ..............................................   Passed    0.01 sec
          Start 1690: ParameterizationDiagnostics.IdentitySquareReportsBoundaryMetrics
1680/4010 Test #1690: ParameterizationDiagnostics.IdentitySquareReportsBoundaryMetrics ................................................   Passed    0.01 sec
          Start 1691: ParameterizationDiagnostics.StretchedRectangleHasPredictableDistortion
1681/4010 Test #1691: ParameterizationDiagnostics.StretchedRectangleHasPredictableDistortion ..........................................   Passed    0.01 sec
          Start 1692: ParameterizationDiagnostics.FlippedUvReportsElementWithoutFailing
1682/4010 Test #1692: ParameterizationDiagnostics.FlippedUvReportsElementWithoutFailing ...............................................   Passed    0.01 sec
          Start 1693: ParameterizationDiagnostics.DegeneratePositionTriangleIsSkipped
1683/4010 Test #1693: ParameterizationDiagnostics.DegeneratePositionTriangleIsSkipped .................................................   Passed    0.01 sec
          Start 1694: ParameterizationDiagnostics.DegenerateUvTriangleIsSkipped
1684/4010 Test #1694: ParameterizationDiagnostics.DegenerateUvTriangleIsSkipped .......................................................   Passed    0.01 sec
          Start 1695: ParameterizationDiagnostics.DeletedFaceKeepsStorageAlignedNanSentinel
1685/4010 Test #1695: ParameterizationDiagnostics.DeletedFaceKeepsStorageAlignedNanSentinel ...........................................   Passed    0.01 sec
          Start 1696: ParameterizationDiagnostics.NonTriangleFaceIsReported
1686/4010 Test #1696: ParameterizationDiagnostics.NonTriangleFaceIsReported ...........................................................   Passed    0.01 sec
          Start 1697: ParameterizationDiagnostics.MissingUvsFailBeforeEvaluation
1687/4010 Test #1697: ParameterizationDiagnostics.MissingUvsFailBeforeEvaluation ......................................................   Passed    0.01 sec
          Start 1698: ParameterizationDiagnostics.NonFiniteUvsAreReported
1688/4010 Test #1698: ParameterizationDiagnostics.NonFiniteUvsAreReported .............................................................   Passed    0.01 sec
          Start 1699: HarmonicParameterization.SquareFanCenterAtHarmonicAverage
1689/4010 Test #1699: HarmonicParameterization.SquareFanCenterAtHarmonicAverage .......................................................   Passed    0.01 sec
          Start 1700: HarmonicParameterization.CircleBoundaryIsOnCircleAndDeterministic
1690/4010 Test #1700: HarmonicParameterization.CircleBoundaryIsOnCircleAndDeterministic ...............................................   Passed    0.01 sec
          Start 1701: HarmonicParameterization.SquareArcLengthBoundaryProducesValidEmbedding
1691/4010 Test #1701: HarmonicParameterization.SquareArcLengthBoundaryProducesValidEmbedding ..........................................   Passed    0.01 sec
          Start 1702: HarmonicParameterization.TutteEmbeddingHasNoFlippedTriangles
1692/4010 Test #1702: HarmonicParameterization.TutteEmbeddingHasNoFlippedTriangles ....................................................   Passed    0.02 sec
          Start 1703: HarmonicParameterization.ClosedMeshIsNotDiskTopology
1693/4010 Test #1703: HarmonicParameterization.ClosedMeshIsNotDiskTopology ............................................................   Passed    0.01 sec
          Start 1704: HarmonicParameterization.MultipleBoundaryLoopsAreNotDiskTopology
1694/4010 Test #1704: HarmonicParameterization.MultipleBoundaryLoopsAreNotDiskTopology ................................................   Passed    0.01 sec
          Start 1705: HarmonicParameterization.PuncturedGenusOneMeshIsNotDiskTopology
1695/4010 Test #1705: HarmonicParameterization.PuncturedGenusOneMeshIsNotDiskTopology .................................................   Passed    0.01 sec
          Start 1706: HarmonicParameterization.FewerThanThreeVerticesAreReported
1696/4010 Test #1706: HarmonicParameterization.FewerThanThreeVerticesAreReported ......................................................   Passed    0.01 sec
          Start 1707: HarmonicParameterization.NonTriangleMeshIsRejected
1697/4010 Test #1707: HarmonicParameterization.NonTriangleMeshIsRejected ..............................................................   Passed    0.01 sec
          Start 1708: HarmonicParameterization.MismatchedBoundaryArrayIsRejected
1698/4010 Test #1708: HarmonicParameterization.MismatchedBoundaryArrayIsRejected ......................................................   Passed    0.01 sec
          Start 1709: HarmonicParameterization.DuplicatePinIsRejected
1699/4010 Test #1709: HarmonicParameterization.DuplicatePinIsRejected .................................................................   Passed    0.01 sec
          Start 1710: HarmonicParameterization.DeletedPinIsRejected
1700/4010 Test #1710: HarmonicParameterization.DeletedPinIsRejected ...................................................................   Passed    0.01 sec
          Start 1711: HarmonicParameterization.NonFinitePinUvIsRejected
1701/4010 Test #1711: HarmonicParameterization.NonFinitePinUvIsRejected ...............................................................   Passed    0.01 sec
          Start 1712: HarmonicParameterization.CustomBoundaryNotFullyPinnedIsRejected
1702/4010 Test #1712: HarmonicParameterization.CustomBoundaryNotFullyPinnedIsRejected .................................................   Passed    0.01 sec
          Start 1713: HarmonicParameterization.LscmApiRemainsReachable
1703/4010 Test #1713: HarmonicParameterization.LscmApiRemainsReachable ................................................................   Passed    0.00 sec
          Start 1714: ParameterizationDispatch.LscmMatchesDirectSolverAndCarriesDiagnostics
1704/4010 Test #1714: ParameterizationDispatch.LscmMatchesDirectSolverAndCarriesDiagnostics ...........................................   Passed    0.00 sec
          Start 1715: ParameterizationDispatch.HarmonicAndTutteMatchDirectSolver
1705/4010 Test #1715: ParameterizationDispatch.HarmonicAndTutteMatchDirectSolver ......................................................   Passed    0.00 sec
          Start 1716: ParameterizationDispatch.InvalidInputsFailClosedThroughStatus
1706/4010 Test #1716: ParameterizationDispatch.InvalidInputsFailClosedThroughStatus ...................................................   Passed    0.00 sec
          Start 1717: ParameterizationDispatch.UnusableDiagnosticsFailClosedWithoutUvs
1707/4010 Test #1717: ParameterizationDispatch.UnusableDiagnosticsFailClosedWithoutUvs ................................................   Passed    0.00 sec
          Start 1718: ParameterizationDispatch.LscmNonConvergenceIsSolverFailureWithoutUvs
1708/4010 Test #1718: ParameterizationDispatch.LscmNonConvergenceIsSolverFailureWithoutUvs ............................................   Passed    0.01 sec
          Start 1719: ParameterizationDispatch.RepeatedCallsAreDeterministic
1709/4010 Test #1719: ParameterizationDispatch.RepeatedCallsAreDeterministic ..........................................................   Passed    0.01 sec
          Start 1720: BoundaryFirstFlattening.AutomaticPlanarDiskIsDeterministicAndConformal
1710/4010 Test #1720: BoundaryFirstFlattening.AutomaticPlanarDiskIsDeterministicAndConformal ..........................................   Passed    0.01 sec
          Start 1721: BoundaryFirstFlattening.AutomaticCurvedDiskMeetsAbsoluteQualityBounds
1711/4010 Test #1721: BoundaryFirstFlattening.AutomaticCurvedDiskMeetsAbsoluteQualityBounds ...........................................   Passed    0.01 sec
          Start 1722: BoundaryFirstFlattening.AutomaticModeIsInvariantToUniformInputScale
1712/4010 Test #1722: BoundaryFirstFlattening.AutomaticModeIsInvariantToUniformInputScale .............................................   Passed    0.01 sec
          Start 1723: BoundaryFirstFlattening.UniformTargetLengthsAreRealized
1713/4010 Test #1723: BoundaryFirstFlattening.UniformTargetLengthsAreRealized .........................................................   Passed    0.00 sec
          Start 1724: BoundaryFirstFlattening.NonIntegrableLengthRequestReportsApproximation
1714/4010 Test #1724: BoundaryFirstFlattening.NonIntegrableLengthRequestReportsApproximation ..........................................   Passed    0.01 sec
          Start 1725: BoundaryFirstFlattening.TargetAnglesPreserveSquareCorners
1715/4010 Test #1725: BoundaryFirstFlattening.TargetAnglesPreserveSquareCorners .......................................................   Passed    0.00 sec
          Start 1726: BoundaryFirstFlattening.IrregularTriangleUsesPerEdgeClosureWeights
1716/4010 Test #1726: BoundaryFirstFlattening.IrregularTriangleUsesPerEdgeClosureWeights ..............................................   Passed    0.00 sec
          Start 1727: BoundaryFirstFlattening.InvalidTopologyAndGeometryFailClosed
1717/4010 Test #1727: BoundaryFirstFlattening.InvalidTopologyAndGeometryFailClosed ....................................................   Passed    0.01 sec
          Start 1728: BoundaryFirstFlattening.InvalidBoundaryDataFailsClosed
1718/4010 Test #1728: BoundaryFirstFlattening.InvalidBoundaryDataFailsClosed ..........................................................   Passed    0.01 sec
          Start 1729: BoundaryFirstFlattening.TypedDispatchMatchesDirectAndFailsClosed
1719/4010 Test #1729: BoundaryFirstFlattening.TypedDispatchMatchesDirectAndFailsClosed ................................................   Passed    0.01 sec
          Start 1730: UvAtlas.FakeBackendCanReplaceDefault
1720/4010 Test #1730: UvAtlas.FakeBackendCanReplaceDefault ............................................................................   Passed    0.01 sec
          Start 1731: UvAtlas.FastStagedRequestUsesBuiltInBackendWithoutXAtlasFallback
1721/4010 Test #1731: UvAtlas.FastStagedRequestUsesBuiltInBackendWithoutXAtlasFallback ................................................   Passed    0.00 sec
          Start 1732: UvAtlas.FastStagedCubeCutsFaceChartsAndCopiesProperties
1722/4010 Test #1732: UvAtlas.FastStagedCubeCutsFaceChartsAndCopiesProperties .........................................................   Passed    0.01 sec
          Start 1733: UvAtlas.FastStagedHighCardinalityGridIsFiniteAndDeterministic
1723/4010 Test #1733: UvAtlas.FastStagedHighCardinalityGridIsFiniteAndDeterministic ...................................................   Passed    0.08 sec
          Start 1734: UvAtlas.FastStagedKeepsFirstSeenBoundaryAndNonmanifoldSeamOrder
1724/4010 Test #1734: UvAtlas.FastStagedKeepsFirstSeenBoundaryAndNonmanifoldSeamOrder .................................................   Passed    0.00 sec
          Start 1735: UvAtlas.FastStagedFailingBackendFallsBackToXAtlasWhenAllowed
1725/4010 Test #1735: UvAtlas.FastStagedFailingBackendFallsBackToXAtlasWhenAllowed ....................................................   Passed    0.11 sec
          Start 1736: UvAtlas.FastStagedFailingBackendFailsClosedWhenXAtlasFallbackDisabled
1726/4010 Test #1736: UvAtlas.FastStagedFailingBackendFailsClosedWhenXAtlasFallbackDisabled ...........................................   Passed    0.00 sec
          Start 1737: UvAtlas.FastStagedRequestCanUseCallerSuppliedBackend
1727/4010 Test #1737: UvAtlas.FastStagedRequestCanUseCallerSuppliedBackend ............................................................   Passed    0.00 sec
          Start 1738: UvAtlas.ValidAuthoredUvsArePreservedWithoutCallingBackend
1728/4010 Test #1738: UvAtlas.ValidAuthoredUvsArePreservedWithoutCallingBackend .......................................................   Passed    0.00 sec
          Start 1739: UvAtlas.MissingUvsGenerateFiniteNormalizedFastStagedUvsByDefault
1729/4010 Test #1739: UvAtlas.MissingUvsGenerateFiniteNormalizedFastStagedUvsByDefault ................................................   Passed    0.00 sec
          Start 1740: UvAtlas.ExplicitXAtlasMethodGeneratesFiniteNormalizedUvs
1730/4010 Test #1740: UvAtlas.ExplicitXAtlasMethodGeneratesFiniteNormalizedUvs ........................................................   Passed    0.01 sec
          Start 1741: UvAtlas.SeamSplitXrefsPreserveVertexProperties
1731/4010 Test #1741: UvAtlas.SeamSplitXrefsPreserveVertexProperties ..................................................................   Passed    0.00 sec
          Start 1742: UvAtlas.InvalidInputsReturnExplicitStatuses
1732/4010 Test #1742: UvAtlas.InvalidInputsReturnExplicitStatuses .....................................................................   Passed    0.00 sec
          Start 1743: UvAtlas.InvalidAuthoredUvsFallBackToDefaultBackend
1733/4010 Test #1743: UvAtlas.InvalidAuthoredUvsFallBackToDefaultBackend ..............................................................   Passed    0.00 sec
          Start 1744: AdaptiveRemesh.EmptyMeshReturnsNullopt
1734/4010 Test #1744: AdaptiveRemesh.EmptyMeshReturnsNullopt ..........................................................................   Passed    0.00 sec
          Start 1745: AdaptiveRemesh.SingleTriangleReturnsNullopt
1735/4010 Test #1745: AdaptiveRemesh.SingleTriangleReturnsNullopt .....................................................................   Passed    0.00 sec
          Start 1746: AdaptiveRemesh.TwoTrianglesMinimalCase
1736/4010 Test #1746: AdaptiveRemesh.TwoTrianglesMinimalCase ..........................................................................   Passed    0.00 sec
          Start 1747: AdaptiveRemesh.FlatPlaneUniformSizing
1737/4010 Test #1747: AdaptiveRemesh.FlatPlaneUniformSizing ...........................................................................   Passed    0.01 sec
          Start 1748: AdaptiveRemesh.SphereRefinement
1738/4010 Test #1748: AdaptiveRemesh.SphereRefinement .................................................................................   Passed    0.01 sec
          Start 1749: AdaptiveRemesh.BoundaryPreservation
1739/4010 Test #1749: AdaptiveRemesh.BoundaryPreservation .............................................................................   Passed    0.00 sec
          Start 1750: AdaptiveRemesh.MultiIterationConvergence
1740/4010 Test #1750: AdaptiveRemesh.MultiIterationConvergence ........................................................................   Passed    0.01 sec
          Start 1751: AdaptiveRemesh.ZeroAdaptationBehavesLikeIsotropic
1741/4010 Test #1751: AdaptiveRemesh.ZeroAdaptationBehavesLikeIsotropic ...............................................................   Passed    0.00 sec
          Start 1752: AdaptiveRemesh.EdgeLengthBoundsRespected
1742/4010 Test #1752: AdaptiveRemesh.EdgeLengthBoundsRespected ........................................................................   Passed    0.01 sec
          Start 1753: AdaptiveRemesh.ResultDiagnostics
1743/4010 Test #1753: AdaptiveRemesh.ResultDiagnostics ................................................................................   Passed    0.01 sec
          Start 1754: AdaptiveRemesh.ReferenceProjectionPathProducesValidMesh
1744/4010 Test #1754: AdaptiveRemesh.ReferenceProjectionPathProducesValidMesh .........................................................   Passed    0.02 sec
          Start 1755: AdaptiveRemesh.ReferenceProjectorProjectsToFrozenSurface
1745/4010 Test #1755: AdaptiveRemesh.ReferenceProjectorProjectsToFrozenSurface ........................................................   Passed    0.01 sec
          Start 1756: AdaptiveRemesh.ErrorBoundedSizingPathProducesValidMesh
1746/4010 Test #1756: AdaptiveRemesh.ErrorBoundedSizingPathProducesValidMesh ..........................................................   Passed    0.01 sec
          Start 1757: ConvexHull_Degenerate.EmptyInputReturnsNullopt
1747/4010 Test #1757: ConvexHull_Degenerate.EmptyInputReturnsNullopt ..................................................................   Passed    0.01 sec
          Start 1758: ConvexHull_Degenerate.SinglePointReturnsNullopt
1748/4010 Test #1758: ConvexHull_Degenerate.SinglePointReturnsNullopt .................................................................   Passed    0.00 sec
          Start 1759: ConvexHull_Degenerate.TwoPointsReturnsNullopt
1749/4010 Test #1759: ConvexHull_Degenerate.TwoPointsReturnsNullopt ...................................................................   Passed    0.00 sec
          Start 1760: ConvexHull_Degenerate.ThreePointsReturnsNullopt
1750/4010 Test #1760: ConvexHull_Degenerate.ThreePointsReturnsNullopt .................................................................   Passed    0.00 sec
          Start 1761: ConvexHull_Degenerate.CoincidentPointsReturnsNullopt
1751/4010 Test #1761: ConvexHull_Degenerate.CoincidentPointsReturnsNullopt ............................................................   Passed    0.00 sec
          Start 1762: ConvexHull_Degenerate.CollinearPointsReturnsNullopt
1752/4010 Test #1762: ConvexHull_Degenerate.CollinearPointsReturnsNullopt .............................................................   Passed    0.00 sec
          Start 1763: ConvexHull_Degenerate.CoplanarPointsReturnsNullopt
1753/4010 Test #1763: ConvexHull_Degenerate.CoplanarPointsReturnsNullopt ..............................................................   Passed    0.00 sec
          Start 1764: ConvexHull_Tetrahedron.FourPointsProduceTetrahedron
1754/4010 Test #1764: ConvexHull_Tetrahedron.FourPointsProduceTetrahedron .............................................................   Passed    0.00 sec
          Start 1765: ConvexHull_Tetrahedron.PlanesHaveOutwardNormals
1755/4010 Test #1765: ConvexHull_Tetrahedron.PlanesHaveOutwardNormals .................................................................   Passed    0.00 sec
          Start 1766: ConvexHull_Cube.EightVerticesTwelveFaces
1756/4010 Test #1766: ConvexHull_Cube.EightVerticesTwelveFaces ........................................................................   Passed    0.00 sec
          Start 1767: ConvexHull_Octahedron.SixVerticesEightFaces
1757/4010 Test #1767: ConvexHull_Octahedron.SixVerticesEightFaces .....................................................................   Passed    0.00 sec
          Start 1768: ConvexHull_Interior.CubeWithInteriorPoints
1758/4010 Test #1768: ConvexHull_Interior.CubeWithInteriorPoints ......................................................................   Passed    0.00 sec
          Start 1769: ConvexHull_Interior.SphereWithCentroid
1759/4010 Test #1769: ConvexHull_Interior.SphereWithCentroid ..........................................................................   Passed    0.00 sec
          Start 1770: ConvexHull_Sphere.AllSurfacePointsOnHull
1760/4010 Test #1770: ConvexHull_Sphere.AllSurfacePointsOnHull ........................................................................   Passed    0.00 sec
          Start 1771: ConvexHull_Sphere.LargerSphereConverges
1761/4010 Test #1771: ConvexHull_Sphere.LargerSphereConverges .........................................................................   Passed    0.01 sec
          Start 1772: ConvexHull_Random.UniformCubeDistribution
1762/4010 Test #1772: ConvexHull_Random.UniformCubeDistribution .......................................................................   Passed    0.00 sec
          Start 1773: ConvexHull_Random.GaussianDistribution
1763/4010 Test #1773: ConvexHull_Random.GaussianDistribution ..........................................................................   Passed    0.00 sec
          Start 1774: ConvexHull_Random.LargePointCloud
1764/4010 Test #1774: ConvexHull_Random.LargePointCloud ...............................................................................   Passed    0.01 sec
          Start 1775: ConvexHull_HRep.PlaneCountMatchesFaceCount
1765/4010 Test #1775: ConvexHull_HRep.PlaneCountMatchesFaceCount ......................................................................   Passed    0.00 sec
          Start 1776: ConvexHull_HRep.PlanesAreNormalized
1766/4010 Test #1776: ConvexHull_HRep.PlanesAreNormalized .............................................................................   Passed    0.00 sec
          Start 1777: ConvexHull_HRep.SkipPlanesWhenDisabled
1767/4010 Test #1777: ConvexHull_HRep.SkipPlanesWhenDisabled ..........................................................................   Passed    0.01 sec
          Start 1778: ConvexHull_Mesh.BuildMeshProducesValidHalfedgeMesh
1768/4010 Test #1778: ConvexHull_Mesh.BuildMeshProducesValidHalfedgeMesh ..............................................................   Passed    0.00 sec
          Start 1779: ConvexHull_Mesh.CubeMeshTopology
1769/4010 Test #1779: ConvexHull_Mesh.CubeMeshTopology ................................................................................   Passed    0.01 sec
          Start 1780: ConvexHull_Mesh.MeshNotBuiltByDefault
1770/4010 Test #1780: ConvexHull_Mesh.MeshNotBuiltByDefault ...........................................................................   Passed    0.00 sec
          Start 1781: ConvexHull_FromMesh.TetrahedronMesh
1771/4010 Test #1781: ConvexHull_FromMesh.TetrahedronMesh .............................................................................   Passed    0.00 sec
          Start 1782: ConvexHull_FromMesh.EmptyMeshReturnsNullopt
1772/4010 Test #1782: ConvexHull_FromMesh.EmptyMeshReturnsNullopt .....................................................................   Passed    0.00 sec
          Start 1783: ConvexHull_Robustness.DuplicatePoints
1773/4010 Test #1783: ConvexHull_Robustness.DuplicatePoints ...........................................................................   Passed    0.00 sec
          Start 1784: ConvexHull_Robustness.NearlyCoplanarWithOffset
1774/4010 Test #1784: ConvexHull_Robustness.NearlyCoplanarWithOffset ..................................................................   Passed    0.00 sec
          Start 1785: ConvexHull_Robustness.PointsOnHullEdges
1775/4010 Test #1785: ConvexHull_Robustness.PointsOnHullEdges .........................................................................   Passed    0.01 sec
          Start 1786: ConvexHull_Robustness.ScaledCoordinates
1776/4010 Test #1786: ConvexHull_Robustness.ScaledCoordinates .........................................................................   Passed    0.01 sec
          Start 1787: ConvexHull_Robustness.SmallCoordinates
1777/4010 Test #1787: ConvexHull_Robustness.SmallCoordinates ..........................................................................   Passed    0.01 sec
          Start 1788: ConvexHull_Convexity.AllFaceNormalsPointOutward
1778/4010 Test #1788: ConvexHull_Convexity.AllFaceNormalsPointOutward .................................................................   Passed    0.01 sec
          Start 1789: ConvexHull_Diagnostics.InputPointCountCorrect
1779/4010 Test #1789: ConvexHull_Diagnostics.InputPointCountCorrect ...................................................................   Passed    0.01 sec
          Start 1790: ConvexHull_Diagnostics.InteriorPlusHullEqualsInput
1780/4010 Test #1790: ConvexHull_Diagnostics.InteriorPlusHullEqualsInput ..............................................................   Passed    0.01 sec
          Start 1791: PointCloud_Cloud.EmptyCloudIsValid
1781/4010 Test #1791: PointCloud_Cloud.EmptyCloudIsValid ..............................................................................   Passed    0.01 sec
          Start 1792: PointCloud_Cloud.PositionsOnlyIsValid
1782/4010 Test #1792: PointCloud_Cloud.PositionsOnlyIsValid ...........................................................................   Passed    0.01 sec
          Start 1793: PointCloud_Cloud.FullAttributesAreValid
1783/4010 Test #1793: PointCloud_Cloud.FullAttributesAreValid .........................................................................   Passed    0.00 sec
          Start 1794: PointCloud_Cloud.ConstPropertyAccessUsesReadOnlyViews
1784/4010 Test #1794: PointCloud_Cloud.ConstPropertyAccessUsesReadOnlyViews ...........................................................   Passed    0.00 sec
          Start 1795: PointCloud_Cloud.MismatchedNormalsInvalid
1785/4010 Test #1795: PointCloud_Cloud.MismatchedNormalsInvalid .......................................................................   Passed    0.00 sec
          Start 1796: PointCloud_Cloud.MismatchedColorsInvalid
1786/4010 Test #1796: PointCloud_Cloud.MismatchedColorsInvalid ........................................................................   Passed    0.00 sec
          Start 1797: PointCloud_BoundingBox.EmptyCloudReturnsZeroAABB
1787/4010 Test #1797: PointCloud_BoundingBox.EmptyCloudReturnsZeroAABB ................................................................   Passed    0.00 sec
          Start 1798: PointCloud_BoundingBox.SinglePointBB
1788/4010 Test #1798: PointCloud_BoundingBox.SinglePointBB ............................................................................   Passed    0.00 sec
          Start 1799: PointCloud_BoundingBox.UnitSphereBoundedByUnitCube
1789/4010 Test #1799: PointCloud_BoundingBox.UnitSphereBoundedByUnitCube ..............................................................   Passed    0.00 sec
          Start 1800: PointCloud_Statistics.EmptyReturnsNullopt
1790/4010 Test #1800: PointCloud_Statistics.EmptyReturnsNullopt .......................................................................   Passed    0.01 sec
          Start 1801: PointCloud_Statistics.SinglePointStats
1791/4010 Test #1801: PointCloud_Statistics.SinglePointStats ..........................................................................   Passed    0.01 sec
          Start 1802: PointCloud_Statistics.SphereStatistics
1792/4010 Test #1802: PointCloud_Statistics.SphereStatistics ..........................................................................   Passed    0.01 sec
          Start 1803: PointCloud_Downsample.EmptyReturnsNullopt
1793/4010 Test #1803: PointCloud_Downsample.EmptyReturnsNullopt .......................................................................   Passed    0.01 sec
          Start 1804: PointCloud_Downsample.InvalidVoxelSizeReturnsNullopt
1794/4010 Test #1804: PointCloud_Downsample.InvalidVoxelSizeReturnsNullopt ............................................................   Passed    0.01 sec
          Start 1805: PointCloud_Downsample.LargeVoxelCollapsesToFewPoints
1795/4010 Test #1805: PointCloud_Downsample.LargeVoxelCollapsesToFewPoints ............................................................   Passed    0.01 sec
          Start 1806: PointCloud_Downsample.SmallVoxelPreservesPoints
1796/4010 Test #1806: PointCloud_Downsample.SmallVoxelPreservesPoints .................................................................   Passed    0.01 sec
          Start 1807: PointCloud_Downsample.PreservesNormals
1797/4010 Test #1807: PointCloud_Downsample.PreservesNormals ..........................................................................   Passed    0.01 sec
          Start 1808: PointCloud_Downsample.PreservesColors
1798/4010 Test #1808: PointCloud_Downsample.PreservesColors ...........................................................................   Passed    0.01 sec
          Start 1809: PointCloud_Downsample.OutputCloudIsValid
1799/4010 Test #1809: PointCloud_Downsample.OutputCloudIsValid ........................................................................   Passed    0.01 sec
          Start 1810: PointCloud_Radius.TooFewPointsReturnsNullopt
1800/4010 Test #1810: PointCloud_Radius.TooFewPointsReturnsNullopt ....................................................................   Passed    0.00 sec
          Start 1811: PointCloud_Radius.SphereRadiiReasonable
1801/4010 Test #1811: PointCloud_Radius.SphereRadiiReasonable .........................................................................   Passed    0.01 sec
          Start 1812: PointCloud_Radius.ScaleFactorMultipliesRadius
1802/4010 Test #1812: PointCloud_Radius.ScaleFactorMultipliesRadius ...................................................................   Passed    0.01 sec
          Start 1813: PointCloud_Subsample.EmptyReturnsNullopt
1803/4010 Test #1813: PointCloud_Subsample.EmptyReturnsNullopt ........................................................................   Passed    0.00 sec
          Start 1814: PointCloud_Subsample.SubsampleReducesCount
1804/4010 Test #1814: PointCloud_Subsample.SubsampleReducesCount ......................................................................   Passed    0.01 sec
          Start 1815: PointCloud_Subsample.ReturnedCloudKeepsValidPositionSpan
1805/4010 Test #1815: PointCloud_Subsample.ReturnedCloudKeepsValidPositionSpan ........................................................   Passed    0.01 sec
          Start 1816: PointCloud_Subsample.TargetLargerThanCloudReturnsAll
1806/4010 Test #1816: PointCloud_Subsample.TargetLargerThanCloudReturnsAll ............................................................   Passed    0.01 sec
          Start 1817: PointCloud_Subsample.DeterministicWithSameSeed
1807/4010 Test #1817: PointCloud_Subsample.DeterministicWithSameSeed ..................................................................   Passed    0.01 sec
          Start 1818: PointCloud_Subsample.DifferentSeedsGiveDifferentResults
1808/4010 Test #1818: PointCloud_Subsample.DifferentSeedsGiveDifferentResults .........................................................   Passed    0.01 sec
          Start 1819: PointCloud_Subsample.IndicesAreValid
1809/4010 Test #1819: PointCloud_Subsample.IndicesAreValid ............................................................................   Passed    0.01 sec
          Start 1820: PointCloud_RenderMode.EnumValues
1810/4010 Test #1820: PointCloud_RenderMode.EnumValues ................................................................................   Passed    0.01 sec
          Start 1821: PointCloud_Integration.DownsampleThenEstimateRadii
1811/4010 Test #1821: PointCloud_Integration.DownsampleThenEstimateRadii ..............................................................   Passed    0.02 sec
          Start 1822: PointCloud_Edge.CollinearPointsDownsample
1812/4010 Test #1822: PointCloud_Edge.CollinearPointsDownsample .......................................................................   Passed    0.00 sec
          Start 1823: PointCloud_Edge.DuplicatePointsDownsample
1813/4010 Test #1823: PointCloud_Edge.DuplicatePointsDownsample .......................................................................   Passed    0.01 sec
          Start 1824: PointCloud_KMeans.EmptyInputReturnsNullopt
1814/4010 Test #1824: PointCloud_KMeans.EmptyInputReturnsNullopt ......................................................................   Passed    0.01 sec
          Start 1825: PointCloud_KMeans.DegenerateClusterCountReturnsNullopt
1815/4010 Test #1825: PointCloud_KMeans.DegenerateClusterCountReturnsNullopt ..........................................................   Passed    0.01 sec
          Start 1826: PointCloud_KMeans.TwoSeparatedBlobsProduceTwoCentroids
1816/4010 Test #1826: PointCloud_KMeans.TwoSeparatedBlobsProduceTwoCentroids ..........................................................   Passed    0.01 sec
          Start 1827: PointCloud_KMeans.CpuEntryReportsGpuRequestAsCpuFallback
1817/4010 Test #1827: PointCloud_KMeans.CpuEntryReportsGpuRequestAsCpuFallback ........................................................   Passed    0.01 sec
          Start 1828: PointCloud_KMeans.ClusterCountIsClampedToPointCount
1818/4010 Test #1828: PointCloud_KMeans.ClusterCountIsClampedToPointCount .............................................................   Passed    0.01 sec
          Start 1829: PointCloud_KMeans.ReusesPersistentCentroidSeedsAndBuildsCpuScratchTree
1819/4010 Test #1829: PointCloud_KMeans.ReusesPersistentCentroidSeedsAndBuildsCpuScratchTree ..........................................   Passed    0.01 sec
          Start 1830: PointCloud_KMeans.RecomputeCentroidsMatchesPerLabelMeans
1820/4010 Test #1830: PointCloud_KMeans.RecomputeCentroidsMatchesPerLabelMeans ........................................................   Passed    0.01 sec
          Start 1831: PointCloud_KMeans.RecomputeCentroidsLeavesEmptyClustersAtOrigin
1821/4010 Test #1831: PointCloud_KMeans.RecomputeCentroidsLeavesEmptyClustersAtOrigin .................................................   Passed    0.00 sec
          Start 1832: PointCloud_KMeans.ClassifyPointToCentroidUsesCentroidVoronoiCells
1822/4010 Test #1832: PointCloud_KMeans.ClassifyPointToCentroidUsesCentroidVoronoiCells ...............................................   Passed    0.00 sec
          Start 1833: PointCloud_GaussianNoise.ZeroScaleIsIdentity
1823/4010 Test #1833: PointCloud_GaussianNoise.ZeroScaleIsIdentity ....................................................................   Passed    0.00 sec
          Start 1834: PointCloud_GaussianNoise.SameSeedIsDeterministic
1824/4010 Test #1834: PointCloud_GaussianNoise.SameSeedIsDeterministic ................................................................   Passed    0.01 sec
          Start 1835: PointCloud_GaussianNoise.SinglePointNonZeroScaleFailsClosed
1825/4010 Test #1835: PointCloud_GaussianNoise.SinglePointNonZeroScaleFailsClosed .....................................................   Passed    0.00 sec
          Start 1836: SphereFitting.ReturnsNulloptForEmptyInput
1826/4010 Test #1836: SphereFitting.ReturnsNulloptForEmptyInput .......................................................................   Passed    0.00 sec
          Start 1837: SphereFitting.ReturnsNulloptForOnlyNonFiniteSamples
1827/4010 Test #1837: SphereFitting.ReturnsNulloptForOnlyNonFiniteSamples .............................................................   Passed    0.00 sec
          Start 1838: SphereFitting.FitsDiameterSphereForTwoPoints
1828/4010 Test #1838: SphereFitting.FitsDiameterSphereForTwoPoints ....................................................................   Passed    0.00 sec
          Start 1839: SphereFitting.FitsExactSphereFromAxisSamples
1829/4010 Test #1839: SphereFitting.FitsExactSphereFromAxisSamples ....................................................................   Passed    0.00 sec
          Start 1840: SphereFitting.LeastSquaresRecoversNoisySphere
1830/4010 Test #1840: SphereFitting.LeastSquaresRecoversNoisySphere ...................................................................   Passed    0.00 sec
          Start 1841: SphereFitting.IterativeGeometricImprovesOrMatchesLeastSquaresResidual
1831/4010 Test #1841: SphereFitting.IterativeGeometricImprovesOrMatchesLeastSquaresResidual ...........................................   Passed    0.00 sec
          Start 1842: SphereFitting.IterativeGeometricFailsClosedForInvalidInputs
1832/4010 Test #1842: SphereFitting.IterativeGeometricFailsClosedForInvalidInputs .....................................................   Passed    0.00 sec
          Start 1843: SphereFitting.BoundingSphereContainsAllSamples
1833/4010 Test #1843: SphereFitting.BoundingSphereContainsAllSamples ..................................................................   Passed    0.00 sec
          Start 1844: SphereFitting.EnforceContainmentInflatesLeastSquaresFit
1834/4010 Test #1844: SphereFitting.EnforceContainmentInflatesLeastSquaresFit .........................................................   Passed    0.01 sec
          Start 1845: TriangleMetrics.ThreeFourFiveTriangleMatchesAnalyticValues
1835/4010 Test #1845: TriangleMetrics.ThreeFourFiveTriangleMatchesAnalyticValues ......................................................   Passed    0.01 sec
          Start 1846: TriangleMetrics.SafeAcosClampsOutsideDomain
1836/4010 Test #1846: TriangleMetrics.SafeAcosClampsOutsideDomain .....................................................................   Passed    0.01 sec
          Start 1847: TriangleMetrics.DegenerateTriangleReturnsFiniteZeroedMetrics
1837/4010 Test #1847: TriangleMetrics.DegenerateTriangleReturnsFiniteZeroedMetrics ....................................................   Passed    0.01 sec
          Start 1848: TriangleMetrics.NonFiniteTriangleReturnsFiniteZeroedMetrics
1838/4010 Test #1848: TriangleMetrics.NonFiniteTriangleReturnsFiniteZeroedMetrics .....................................................   Passed    0.01 sec
          Start 1849: BooleanCSG.DisjointUnionAppendsBothMeshes
1839/4010 Test #1849: BooleanCSG.DisjointUnionAppendsBothMeshes .......................................................................   Passed    0.00 sec
          Start 1850: BooleanCSG.DisjointIntersectionReturnsEmptyMesh
1840/4010 Test #1850: BooleanCSG.DisjointIntersectionReturnsEmptyMesh .................................................................   Passed    0.01 sec
          Start 1851: BooleanCSG.DisjointDifferenceReturnsFirstMesh
1841/4010 Test #1851: BooleanCSG.DisjointDifferenceReturnsFirstMesh ...................................................................   Passed    0.01 sec
          Start 1852: BooleanCSG.DisjointVolumes_AllOperations
1842/4010 Test #1852: BooleanCSG.DisjointVolumes_AllOperations ........................................................................   Passed    0.01 sec
          Start 1853: BooleanCSG.ContainmentIntersectionReturnsInnerMesh
1843/4010 Test #1853: BooleanCSG.ContainmentIntersectionReturnsInnerMesh ..............................................................   Passed    0.01 sec
          Start 1854: BooleanCSG.ContainmentUnionReturnsOuterMesh
1844/4010 Test #1854: BooleanCSG.ContainmentUnionReturnsOuterMesh .....................................................................   Passed    0.01 sec
          Start 1855: BooleanCSG.ContainmentDifference_AInsideB_ReturnsEmpty
1845/4010 Test #1855: BooleanCSG.ContainmentDifference_AInsideB_ReturnsEmpty ..........................................................   Passed    0.01 sec
          Start 1856: BooleanCSG.ContainmentDifference_BInsideA_ReturnsNullopt
1846/4010 Test #1856: BooleanCSG.ContainmentDifference_BInsideA_ReturnsNullopt ........................................................   Passed    0.01 sec
          Start 1857: BooleanCSG.ContainmentIntersection_Reversed
1847/4010 Test #1857: BooleanCSG.ContainmentIntersection_Reversed .....................................................................   Passed    0.01 sec
          Start 1858: BooleanCSG.ContainmentUnion_Reversed
1848/4010 Test #1858: BooleanCSG.ContainmentUnion_Reversed ............................................................................   Passed    0.00 sec
          Start 1859: BooleanCSG.PartialOverlapReturnsNullopt
1849/4010 Test #1859: BooleanCSG.PartialOverlapReturnsNullopt .........................................................................   Passed    0.00 sec
          Start 1860: BooleanCSG.PartialOverlapDifferenceReturnsNullopt
1850/4010 Test #1860: BooleanCSG.PartialOverlapDifferenceReturnsNullopt ...............................................................   Passed    0.00 sec
          Start 1861: BooleanCSG.PartialOverlapIntersectionReturnsNullopt
1851/4010 Test #1861: BooleanCSG.PartialOverlapIntersectionReturnsNullopt .............................................................   Passed    0.00 sec
          Start 1862: BooleanCSG.EmptyMeshA_ReturnsNullopt
1852/4010 Test #1862: BooleanCSG.EmptyMeshA_ReturnsNullopt ............................................................................   Passed    0.01 sec
          Start 1863: BooleanCSG.EmptyMeshB_ReturnsNullopt
1853/4010 Test #1863: BooleanCSG.EmptyMeshB_ReturnsNullopt ............................................................................   Passed    0.01 sec
          Start 1864: BooleanCSG.BothMeshesEmpty_ReturnsNullopt
1854/4010 Test #1864: BooleanCSG.BothMeshesEmpty_ReturnsNullopt .......................................................................   Passed    0.01 sec
          Start 1865: BooleanCSG.IdenticalMeshes_UnionReturnsOneMesh
1855/4010 Test #1865: BooleanCSG.IdenticalMeshes_UnionReturnsOneMesh ..................................................................   Passed    0.01 sec
          Start 1866: BooleanCSG.IdenticalMeshes_IntersectionReturnsOneMesh
1856/4010 Test #1866: BooleanCSG.IdenticalMeshes_IntersectionReturnsOneMesh ...........................................................   Passed    0.01 sec
          Start 1867: BooleanCSG.FaceContactUnion
1857/4010 Test #1867: BooleanCSG.FaceContactUnion .....................................................................................   Passed    0.01 sec
          Start 1868: BooleanCSG.EdgeContactUnion
1858/4010 Test #1868: BooleanCSG.EdgeContactUnion .....................................................................................   Passed    0.01 sec
          Start 1869: BooleanCSG.VertexContactUnion
1859/4010 Test #1869: BooleanCSG.VertexContactUnion ...................................................................................   Passed    0.02 sec
          Start 1870: BooleanCSG.DisjointResult_HasDiagnostic
1860/4010 Test #1870: BooleanCSG.DisjointResult_HasDiagnostic .........................................................................   Passed    0.02 sec
          Start 1871: BooleanCSG.ContainmentResult_HasDiagnostic
1861/4010 Test #1871: BooleanCSG.ContainmentResult_HasDiagnostic ......................................................................   Passed    0.02 sec
          Start 1872: BooleanCSG.CustomEpsilon_DisjointStillWorks
1862/4010 Test #1872: BooleanCSG.CustomEpsilon_DisjointStillWorks .....................................................................   Passed    0.01 sec
          Start 1873: BooleanCSG.OutputMeshIsClearedBeforeWrite
1863/4010 Test #1873: BooleanCSG.OutputMeshIsClearedBeforeWrite .......................................................................   Passed    0.02 sec
          Start 1874: MeshBoundary.EmptyMeshReturnsEmptyResult
1864/4010 Test #1874: MeshBoundary.EmptyMeshReturnsEmptyResult ........................................................................   Passed    0.02 sec
          Start 1875: MeshBoundary.ClosedMeshHasNoBoundary
1865/4010 Test #1875: MeshBoundary.ClosedMeshHasNoBoundary ............................................................................   Passed    0.01 sec
          Start 1876: MeshBoundary.SingleTriangleHasBoundary
1866/4010 Test #1876: MeshBoundary.SingleTriangleHasBoundary ..........................................................................   Passed    0.01 sec
          Start 1877: MeshBoundary.TwoTriangleSquareBoundary
1867/4010 Test #1877: MeshBoundary.TwoTriangleSquareBoundary ..........................................................................   Passed    0.01 sec
          Start 1878: MeshBoundary.IcosahedronFullyClosed
1868/4010 Test #1878: MeshBoundary.IcosahedronFullyClosed .............................................................................   Passed    0.01 sec
          Start 1879: MeshBoundary.MarkBoundaryVerticesAsFeature
1869/4010 Test #1879: MeshBoundary.MarkBoundaryVerticesAsFeature ......................................................................   Passed    0.01 sec
          Start 1880: MeshBoundary.MarkBoundaryEdgesAsFeature
1870/4010 Test #1880: MeshBoundary.MarkBoundaryEdgesAsFeature .........................................................................   Passed    0.01 sec
          Start 1881: MeshBoundary.BoundaryPropertyTracksCorrectly
1871/4010 Test #1881: MeshBoundary.BoundaryPropertyTracksCorrectly ....................................................................   Passed    0.01 sec
          Start 1882: MeshBoundary.CubeIsFullyClosed
1872/4010 Test #1882: MeshBoundary.CubeIsFullyClosed ..................................................................................   Passed    0.01 sec
          Start 1883: Attributes_TopologyEdits.SplitInterpolatesVertexPropertyAtRequestedPosition
1873/4010 Test #1883: Attributes_TopologyEdits.SplitInterpolatesVertexPropertyAtRequestedPosition .....................................   Passed    0.01 sec
          Start 1884: Attributes_TopologyEdits.CollapseInterpolatesVertexPropertyAtRequestedPosition
1874/4010 Test #1884: Attributes_TopologyEdits.CollapseInterpolatesVertexPropertyAtRequestedPosition ..................................   Passed    0.00 sec
          Start 1885: Attributes_TriangleSoupBridge.BuildAndExtractPreserveTexcoords
1875/4010 Test #1885: Attributes_TriangleSoupBridge.BuildAndExtractPreserveTexcoords ..................................................   Passed    0.01 sec
          Start 1886: Attributes_TriangleSoupBridge.WeldSkipsUVSeams
1876/4010 Test #1886: Attributes_TriangleSoupBridge.WeldSkipsUVSeams ..................................................................   Passed    0.00 sec
          Start 1887: Attributes_TriangleSoupBridge.ExtractIndexedTrianglesReportsAuthoritativeFaceIdsForTriangulatedNgons
1877/4010 Test #1887: Attributes_TriangleSoupBridge.ExtractIndexedTrianglesReportsAuthoritativeFaceIdsForTriangulatedNgons ............   Passed    0.01 sec
          Start 1888: Attributes_Subdivision.LoopSubdivisionPreservesTexcoords
1878/4010 Test #1888: Attributes_Subdivision.LoopSubdivisionPreservesTexcoords ........................................................   Passed    0.01 sec
          Start 1889: Attributes_Subdivision.CatmullClarkPreservesTexcoords
1879/4010 Test #1889: Attributes_Subdivision.CatmullClarkPreservesTexcoords ...........................................................   Passed    0.01 sec
          Start 1890: Attributes_TopologyOperators.SimplificationPreservesTexcoords
1880/4010 Test #1890: Attributes_TopologyOperators.SimplificationPreservesTexcoords ...................................................   Passed    0.02 sec
          Start 1891: Attributes_TopologyOperators.SimplificationWithConfigurableQuadricsPreservesTexcoords
1881/4010 Test #1891: Attributes_TopologyOperators.SimplificationWithConfigurableQuadricsPreservesTexcoords ...........................   Passed    0.02 sec
          Start 1892: Attributes_TopologyOperators.IsotropicRemeshingPreservesTexcoords
1882/4010 Test #1892: Attributes_TopologyOperators.IsotropicRemeshingPreservesTexcoords ...............................................   Passed    0.01 sec
          Start 1893: Attributes_TopologyOperators.AdaptiveRemeshingPreservesTexcoords
1883/4010 Test #1893: Attributes_TopologyOperators.AdaptiveRemeshingPreservesTexcoords ................................................   Passed    0.01 sec
          Start 1894: GraphVertexNormals.DebugNamesAreStable
1884/4010 Test #1894: GraphVertexNormals.DebugNamesAreStable ..........................................................................   Passed    0.01 sec
          Start 1895: GraphVertexNormals.PlanarCycleWritesCanonicalNormals
1885/4010 Test #1895: GraphVertexNormals.PlanarCycleWritesCanonicalNormals ............................................................   Passed    0.01 sec
          Start 1896: GraphVertexNormals.LineGraphReportsDegreeOneAndCollinearFallbacks
1886/4010 Test #1896: GraphVertexNormals.LineGraphReportsDegreeOneAndCollinearFallbacks ...............................................   Passed    0.01 sec
          Start 1897: GraphVertexNormals.IsolatedDuplicateAndNonFiniteInputsStayFinite
1887/4010 Test #1897: GraphVertexNormals.IsolatedDuplicateAndNonFiniteInputsStayFinite ................................................   Passed    0.01 sec
          Start 1898: GraphVertexNormals.RawPropertySetOverloadReportsInvalidEdges
1888/4010 Test #1898: GraphVertexNormals.RawPropertySetOverloadReportsInvalidEdges ....................................................   Passed    0.01 sec
          Start 1899: GraphVertexNormals.OutputPropertyTypeConflictFailsClosed
1889/4010 Test #1899: GraphVertexNormals.OutputPropertyTypeConflictFailsClosed ........................................................   Passed    0.01 sec
          Start 1900: HalfedgeMeshVertexNormals.DebugNamesAreStable
1890/4010 Test #1900: HalfedgeMeshVertexNormals.DebugNamesAreStable ...................................................................   Passed    0.01 sec
          Start 1901: HalfedgeMeshVertexNormals.WeightingModesProduceExpectedCornerNormal
1891/4010 Test #1901: HalfedgeMeshVertexNormals.WeightingModesProduceExpectedCornerNormal .............................................   Passed    0.01 sec
          Start 1902: HalfedgeMeshVertexNormals.DegenerateFaceWritesFallbackNormals
1892/4010 Test #1902: HalfedgeMeshVertexNormals.DegenerateFaceWritesFallbackNormals ...................................................   Passed    0.01 sec
          Start 1903: HalfedgeMeshVertexNormals.InvalidFallbackIsRepairedDeterministically
1893/4010 Test #1903: HalfedgeMeshVertexNormals.InvalidFallbackIsRepairedDeterministically ............................................   Passed    0.01 sec
          Start 1904: HalfedgeMeshVertexNormals.NonFiniteFaceDoesNotProduceNaNNormals
1894/4010 Test #1904: HalfedgeMeshVertexNormals.NonFiniteFaceDoesNotProduceNaNNormals .................................................   Passed    0.01 sec
          Start 1905: HalfedgeMeshVertexNormals.EmptyMeshReturnsEmptyProperty
1895/4010 Test #1905: HalfedgeMeshVertexNormals.EmptyMeshReturnsEmptyProperty .........................................................   Passed    0.01 sec
          Start 1906: HalfedgeMeshVertexNormals.InvalidOutputPropertyFailsClosed
1896/4010 Test #1906: HalfedgeMeshVertexNormals.InvalidOutputPropertyFailsClosed ......................................................   Passed    0.01 sec
          Start 1907: HalfedgeMeshVertexNormals.ExistingPropertyWithWrongTypeFailsClosed
1897/4010 Test #1907: HalfedgeMeshVertexNormals.ExistingPropertyWithWrongTypeFailsClosed ..............................................   Passed    0.01 sec
          Start 1908: HalfedgeMesh_PropertyAccess.EdgeProperties_NonConst_ReturnsCorrectSize
1898/4010 Test #1908: HalfedgeMesh_PropertyAccess.EdgeProperties_NonConst_ReturnsCorrectSize ..........................................   Passed    0.01 sec
          Start 1909: HalfedgeMesh_PropertyAccess.EdgeProperties_Const_ReturnsCorrectSize
1899/4010 Test #1909: HalfedgeMesh_PropertyAccess.EdgeProperties_Const_ReturnsCorrectSize .............................................   Passed    0.00 sec
          Start 1910: HalfedgeMesh_PropertyAccess.EdgeProperties_CanAddUserProperty
1900/4010 Test #1910: HalfedgeMesh_PropertyAccess.EdgeProperties_CanAddUserProperty ...................................................   Passed    0.00 sec
          Start 1911: HalfedgeMesh_PropertyAccess.EdgeProperties_ListsProperties
1901/4010 Test #1911: HalfedgeMesh_PropertyAccess.EdgeProperties_ListsProperties ......................................................   Passed    0.00 sec
          Start 1912: HalfedgeMesh_PropertyAccess.FaceProperties_NonConst_ReturnsCorrectSize
1902/4010 Test #1912: HalfedgeMesh_PropertyAccess.FaceProperties_NonConst_ReturnsCorrectSize ..........................................   Passed    0.00 sec
          Start 1913: HalfedgeMesh_PropertyAccess.FaceProperties_Const_ReturnsCorrectSize
1903/4010 Test #1913: HalfedgeMesh_PropertyAccess.FaceProperties_Const_ReturnsCorrectSize .............................................   Passed    0.00 sec
          Start 1914: HalfedgeMesh_PropertyAccess.FaceProperties_CanAddUserProperty
1904/4010 Test #1914: HalfedgeMesh_PropertyAccess.FaceProperties_CanAddUserProperty ...................................................   Passed    0.00 sec
          Start 1915: HalfedgeMesh_PropertyAccess.FaceProperties_SpanAccess
1905/4010 Test #1915: HalfedgeMesh_PropertyAccess.FaceProperties_SpanAccess ...........................................................   Passed    0.01 sec
          Start 1916: HalfedgeMesh_PropertyAccess.HalfedgeProperties_NonConst_ReturnsCorrectSize
1906/4010 Test #1916: HalfedgeMesh_PropertyAccess.HalfedgeProperties_NonConst_ReturnsCorrectSize ......................................   Passed    0.00 sec
          Start 1917: HalfedgeMesh_PropertyAccess.HalfedgeProperties_Const_ReturnsCorrectSize
1907/4010 Test #1917: HalfedgeMesh_PropertyAccess.HalfedgeProperties_Const_ReturnsCorrectSize .........................................   Passed    0.01 sec
          Start 1918: HalfedgeMesh_PropertyAccess.HalfedgeProperties_CanAddUserProperty
1908/4010 Test #1918: HalfedgeMesh_PropertyAccess.HalfedgeProperties_CanAddUserProperty ...............................................   Passed    0.01 sec
          Start 1919: HalfedgeMesh_PropertyAccess.AllPropertySets_SizesConsistent
1909/4010 Test #1919: HalfedgeMesh_PropertyAccess.AllPropertySets_SizesConsistent .....................................................   Passed    0.01 sec
          Start 1920: HalfedgeMesh_PropertyAccess.PropertySet_RemoveThenReuseSameNameWorks
1910/4010 Test #1920: HalfedgeMesh_PropertyAccess.PropertySet_RemoveThenReuseSameNameWorks ............................................   Passed    0.01 sec
          Start 1921: HalfedgeMesh_PropertyAccess.VertexProperties_RemainUsableAfterGarbageCollection
1911/4010 Test #1921: HalfedgeMesh_PropertyAccess.VertexProperties_RemainUsableAfterGarbageCollection .................................   Passed    0.01 sec
          Start 1922: HalfedgeMesh_PropertyAccess.CurvatureMutableOverloadsPublishVertexProperties
1912/4010 Test #1922: HalfedgeMesh_PropertyAccess.CurvatureMutableOverloadsPublishVertexProperties ....................................   Passed    0.01 sec
          Start 1923: HalfedgeMesh_PropertyAccess.GeodesicMutableOverloadPublishesDistanceAndSourceProperties
1913/4010 Test #1923: HalfedgeMesh_PropertyAccess.GeodesicMutableOverloadPublishesDistanceAndSourceProperties .........................   Passed    0.01 sec
          Start 1924: HalfedgeMesh_PropertyAccess.ParameterizationMutableOverloadPublishesUvAndPinProperties
1914/4010 Test #1924: HalfedgeMesh_PropertyAccess.ParameterizationMutableOverloadPublishesUvAndPinProperties ..........................   Passed    0.02 sec
          Start 1925: HalfedgeMesh_View.Mesh_BindsDirectPropertySets
1915/4010 Test #1925: HalfedgeMesh_View.Mesh_BindsDirectPropertySets ..................................................................   Passed    0.01 sec
          Start 1926: HalfedgeMesh_View.MoveAssignment_RebindsBuiltInPropertyHandles
1916/4010 Test #1926: HalfedgeMesh_View.MoveAssignment_RebindsBuiltInPropertyHandles ..................................................   Passed    0.01 sec
          Start 1927: HalfedgeMesh_Traversal.HalfedgesAroundFace_QuadMatchesNextCycle
1917/4010 Test #1927: HalfedgeMesh_Traversal.HalfedgesAroundFace_QuadMatchesNextCycle .................................................   Passed    0.01 sec
          Start 1928: HalfedgeMesh_Traversal.VerticesAroundFace_QuadMatchesHalfedgeToVertices
1918/4010 Test #1928: HalfedgeMesh_Traversal.VerticesAroundFace_QuadMatchesHalfedgeToVertices .........................................   Passed    0.01 sec
          Start 1929: HalfedgeMesh_Traversal.HalfedgesAroundVertex_CountMatchesValence
1919/4010 Test #1929: HalfedgeMesh_Traversal.HalfedgesAroundVertex_CountMatchesValence ................................................   Passed    0.01 sec
          Start 1930: HalfedgeMesh_Traversal.FacesAroundVertex_BoundaryVertexSkipsBoundaryGap
1920/4010 Test #1930: HalfedgeMesh_Traversal.FacesAroundVertex_BoundaryVertexSkipsBoundaryGap .........................................   Passed    0.01 sec
          Start 1931: HalfedgeMesh_Traversal.FacesAroundVertex_InteriorVertexVisitsIncidentFacesOnce
1921/4010 Test #1931: HalfedgeMesh_Traversal.FacesAroundVertex_InteriorVertexVisitsIncidentFacesOnce ..................................   Passed    0.01 sec
          Start 1932: HalfedgeMesh_Traversal.VertexOneRingRangesAreEmptyForIsolatedVertex
1922/4010 Test #1932: HalfedgeMesh_Traversal.VertexOneRingRangesAreEmptyForIsolatedVertex .............................................   Passed    0.02 sec
          Start 1933: HalfedgeMesh_Traversal.BoundaryHalfedges_VisitsEachBoundaryEdgeOnce
1923/4010 Test #1933: HalfedgeMesh_Traversal.BoundaryHalfedges_VisitsEachBoundaryEdgeOnce .............................................   Passed    0.02 sec
          Start 1934: HalfedgeMesh_Traversal.BoundaryVertices_MatchesBoundaryLoopConnectivity
1924/4010 Test #1934: HalfedgeMesh_Traversal.BoundaryVertices_MatchesBoundaryLoopConnectivity .........................................   Passed    0.01 sec
          Start 1935: HalfedgeMesh_EdgeExtraction.SingleTriangle_ReturnsThreeEdges
1925/4010 Test #1935: HalfedgeMesh_EdgeExtraction.SingleTriangle_ReturnsThreeEdges ....................................................   Passed    0.01 sec
          Start 1936: HalfedgeMesh_EdgeExtraction.EdgeVertices_AreValidIndices
1926/4010 Test #1936: HalfedgeMesh_EdgeExtraction.EdgeVertices_AreValidIndices ........................................................   Passed    0.02 sec
          Start 1937: HalfedgeMesh_EdgeExtraction.TwoTriangles_SharedEdgeAppearsOnce
1927/4010 Test #1937: HalfedgeMesh_EdgeExtraction.TwoTriangles_SharedEdgeAppearsOnce ..................................................   Passed    0.01 sec
          Start 1938: HalfedgeMesh_EdgeExtraction.TwoQuads_SharedEdgeAppearsOnce
1928/4010 Test #1938: HalfedgeMesh_EdgeExtraction.TwoQuads_SharedEdgeAppearsOnce ......................................................   Passed    0.01 sec
          Start 1939: HalfedgeMesh_EdgeExtraction.MatchesFromVertex_ToVertex
1929/4010 Test #1939: HalfedgeMesh_EdgeExtraction.MatchesFromVertex_ToVertex ..........................................................   Passed    0.01 sec
          Start 1940: HalfedgeMesh_EdgeExtraction.SpanOverload_FillsCorrectly
1930/4010 Test #1940: HalfedgeMesh_EdgeExtraction.SpanOverload_FillsCorrectly .........................................................   Passed    0.01 sec
          Start 1941: HalfedgeMesh_EdgeExtraction.SpanOverload_PartialBuffer
1931/4010 Test #1941: HalfedgeMesh_EdgeExtraction.SpanOverload_PartialBuffer ..........................................................   Passed    0.01 sec
          Start 1942: HalfedgeMesh_EdgeExtraction.EmptyMesh_ReturnsEmpty
1932/4010 Test #1942: HalfedgeMesh_EdgeExtraction.EmptyMesh_ReturnsEmpty ..............................................................   Passed    0.01 sec
          Start 1943: HalfedgeMesh_EdgeExtraction.AfterEdgeDelete_SkipsDeletedEdge
1933/4010 Test #1943: HalfedgeMesh_EdgeExtraction.AfterEdgeDelete_SkipsDeletedEdge ....................................................   Passed    0.01 sec
          Start 1944: HalfedgeMesh_EdgeExtraction.EdgeVertexPair_SizeOf8
1934/4010 Test #1944: HalfedgeMesh_EdgeExtraction.EdgeVertexPair_SizeOf8 ..............................................................   Passed    0.01 sec
          Start 1945: HalfedgeMesh_Topology.EmptyMesh_HasZeroCounts
1935/4010 Test #1945: HalfedgeMesh_Topology.EmptyMesh_HasZeroCounts ...................................................................   Passed    0.01 sec
          Start 1946: HalfedgeMesh_Topology.AddVertex_IncreasesCount
1936/4010 Test #1946: HalfedgeMesh_Topology.AddVertex_IncreasesCount ..................................................................   Passed    0.01 sec
          Start 1947: HalfedgeMesh_Topology.SingleTriangle_Counts
1937/4010 Test #1947: HalfedgeMesh_Topology.SingleTriangle_Counts .....................................................................   Passed    0.02 sec
          Start 1948: HalfedgeMesh_Topology.TwoTriangles_SharedEdge
1938/4010 Test #1948: HalfedgeMesh_Topology.TwoTriangles_SharedEdge ...................................................................   Passed    0.02 sec
          Start 1949: HalfedgeMesh_Topology.Tetrahedron_ClosedManifold
1939/4010 Test #1949: HalfedgeMesh_Topology.Tetrahedron_ClosedManifold ................................................................   Passed    0.01 sec
          Start 1950: HalfedgeMesh_Topology.Icosahedron_ClosedManifold
1940/4010 Test #1950: HalfedgeMesh_Topology.Icosahedron_ClosedManifold ................................................................   Passed    0.01 sec
          Start 1951: HalfedgeMesh_Topology.Cube_ClosedManifold
1941/4010 Test #1951: HalfedgeMesh_Topology.Cube_ClosedManifold .......................................................................   Passed    0.01 sec
          Start 1952: HalfedgeMesh_Topology.QuadPair_Counts
1942/4010 Test #1952: HalfedgeMesh_Topology.QuadPair_Counts ...........................................................................   Passed    0.01 sec
          Start 1953: HalfedgeMesh_Topology.SingleTriangle_AllVerticesBoundary
1943/4010 Test #1953: HalfedgeMesh_Topology.SingleTriangle_AllVerticesBoundary ........................................................   Passed    0.01 sec
          Start 1954: HalfedgeMesh_Topology.Tetrahedron_NoBoundaryVertices
1944/4010 Test #1954: HalfedgeMesh_Topology.Tetrahedron_NoBoundaryVertices ............................................................   Passed    0.01 sec
          Start 1955: HalfedgeMesh_Topology.Tetrahedron_NoBoundaryEdges
1945/4010 Test #1955: HalfedgeMesh_Topology.Tetrahedron_NoBoundaryEdges ...............................................................   Passed    0.01 sec
          Start 1956: HalfedgeMesh_Topology.SingleTriangle_AllValence2
1946/4010 Test #1956: HalfedgeMesh_Topology.SingleTriangle_AllValence2 ................................................................   Passed    0.01 sec
          Start 1957: HalfedgeMesh_Topology.Tetrahedron_AllValence3
1947/4010 Test #1957: HalfedgeMesh_Topology.Tetrahedron_AllValence3 ...................................................................   Passed    0.01 sec
          Start 1958: HalfedgeMesh_Topology.SubdividedTriangle_InteriorVertexValence
1948/4010 Test #1958: HalfedgeMesh_Topology.SubdividedTriangle_InteriorVertexValence ..................................................   Passed    0.00 sec
          Start 1959: HalfedgeMesh_Topology.DeleteFace_ReducesFaceCount
1949/4010 Test #1959: HalfedgeMesh_Topology.DeleteFace_ReducesFaceCount ...............................................................   Passed    0.01 sec
          Start 1960: HalfedgeMesh_Topology.DeleteAllFaces_EmptyAfterGC
1950/4010 Test #1960: HalfedgeMesh_Topology.DeleteAllFaces_EmptyAfterGC ...............................................................   Passed    0.01 sec
          Start 1961: HalfedgeMesh_Topology.GarbageCollection_CompactsStorage
1951/4010 Test #1961: HalfedgeMesh_Topology.GarbageCollection_CompactsStorage .........................................................   Passed    0.01 sec
          Start 1962: HalfedgeMesh_Topology.SetPosition_UpdatesCorrectly
1952/4010 Test #1962: HalfedgeMesh_Topology.SetPosition_UpdatesCorrectly ..............................................................   Passed    0.00 sec
          Start 1963: HalfedgeMesh_Topology.ConstMesh_PositionIsReadOnly
1953/4010 Test #1963: HalfedgeMesh_Topology.ConstMesh_PositionIsReadOnly ..............................................................   Passed    0.01 sec
          Start 1964: HalfedgeMesh_Topology.OppositeHalfedge_IsSymmetric
1954/4010 Test #1964: HalfedgeMesh_Topology.OppositeHalfedge_IsSymmetric ..............................................................   Passed    0.01 sec
          Start 1965: HalfedgeMesh_Topology.NextHalfedge_CyclesBackToStart
1955/4010 Test #1965: HalfedgeMesh_Topology.NextHalfedge_CyclesBackToStart ............................................................   Passed    0.01 sec
          Start 1966: HalfedgeMesh_Topology.FromToVertex_Consistency
1956/4010 Test #1966: HalfedgeMesh_Topology.FromToVertex_Consistency ..................................................................   Passed    0.01 sec
          Start 1967: HalfedgeMesh_Topology.FaceIncidence_IsSeparateFromGraphTraversalConnectivity
1957/4010 Test #1967: HalfedgeMesh_Topology.FaceIncidence_IsSeparateFromGraphTraversalConnectivity ....................................   Passed    0.01 sec
          Start 1968: HalfedgeMesh_Topology.EdgeHalfedge_RoundTrip
1958/4010 Test #1968: HalfedgeMesh_Topology.EdgeHalfedge_RoundTrip ....................................................................   Passed    0.01 sec
          Start 1969: HalfedgeMesh_Topology.IsolatedVertex_HasNoConnectivity
1959/4010 Test #1969: HalfedgeMesh_Topology.IsolatedVertex_HasNoConnectivity ..........................................................   Passed    0.01 sec
          Start 1970: HalfedgeMesh_Topology.ConnectedVertex_IsNotIsolated
1960/4010 Test #1970: HalfedgeMesh_Topology.ConnectedVertex_IsNotIsolated .............................................................   Passed    0.01 sec
          Start 1971: HalfedgeMesh_Topology.MakeEquilateralTriangle_SameAsSingleTriangle
1961/4010 Test #1971: HalfedgeMesh_Topology.MakeEquilateralTriangle_SameAsSingleTriangle ..............................................   Passed    0.00 sec
          Start 1972: HalfedgeMesh_Topology.MakeTwoTriangles_SameAsTwoTriangleSquare
1962/4010 Test #1972: HalfedgeMesh_Topology.MakeTwoTriangles_SameAsTwoTriangleSquare ..................................................   Passed    0.01 sec
          Start 1973: MeshTopologyUtilities.TriangulateFansPolygonFace
1963/4010 Test #1973: MeshTopologyUtilities.TriangulateFansPolygonFace ................................................................   Passed    0.01 sec
          Start 1974: MeshTopologyUtilities.ConnectedComponentsPublishLabelsAndSplitMeshes
1964/4010 Test #1974: MeshTopologyUtilities.ConnectedComponentsPublishLabelsAndSplitMeshes ............................................   Passed    0.01 sec
          Start 1975: MeshTopologyUtilities.TriangleAdjacencyAndNearestFaceAreDeterministic
1965/4010 Test #1975: MeshTopologyUtilities.TriangleAdjacencyAndNearestFaceAreDeterministic ...........................................   Passed    0.01 sec
          Start 1976: MeshTopologyUtilities.UpdateEdgeLengthsPublishesCanonicalCache
1966/4010 Test #1976: MeshTopologyUtilities.UpdateEdgeLengthsPublishesCanonicalCache ..................................................   Passed    0.01 sec
          Start 1977: Validation_IsFinite.Float_FiniteValues
1967/4010 Test #1977: Validation_IsFinite.Float_FiniteValues ..........................................................................   Passed    0.01 sec
          Start 1978: Validation_IsFinite.Float_NonFiniteValues
1968/4010 Test #1978: Validation_IsFinite.Float_NonFiniteValues .......................................................................   Passed    0.01 sec
          Start 1979: Validation_IsFinite.Double_FiniteValues
1969/4010 Test #1979: Validation_IsFinite.Double_FiniteValues .........................................................................   Passed    0.00 sec
          Start 1980: Validation_IsFinite.Double_NonFiniteValues
1970/4010 Test #1980: Validation_IsFinite.Double_NonFiniteValues ......................................................................   Passed    0.00 sec
          Start 1981: Validation_IsFinite.Vec2_AllFinite
1971/4010 Test #1981: Validation_IsFinite.Vec2_AllFinite ..............................................................................   Passed    0.00 sec
          Start 1982: Validation_IsFinite.Vec2_AnyNonFinite
1972/4010 Test #1982: Validation_IsFinite.Vec2_AnyNonFinite ...........................................................................   Passed    0.00 sec
          Start 1983: Validation_IsFinite.Vec3_AllFinite
1973/4010 Test #1983: Validation_IsFinite.Vec3_AllFinite ..............................................................................   Passed    0.00 sec
          Start 1984: Validation_IsFinite.Vec3_AnyNonFinite
1974/4010 Test #1984: Validation_IsFinite.Vec3_AnyNonFinite ...........................................................................   Passed    0.00 sec
          Start 1985: Validation_IsFinite.DVec3_AllFinite
1975/4010 Test #1985: Validation_IsFinite.DVec3_AllFinite .............................................................................   Passed    0.00 sec
          Start 1986: Validation_IsFinite.DVec3_AnyNonFinite
1976/4010 Test #1986: Validation_IsFinite.DVec3_AnyNonFinite ..........................................................................   Passed    0.00 sec
          Start 1987: Validation_Vector.IsNormalized_UnitVectors
1977/4010 Test #1987: Validation_Vector.IsNormalized_UnitVectors ......................................................................   Passed    0.00 sec
          Start 1988: Validation_Vector.IsNormalized_NonUnitVectors
1978/4010 Test #1988: Validation_Vector.IsNormalized_NonUnitVectors ...................................................................   Passed    0.00 sec
          Start 1989: Validation_Vector.IsZero_ZeroVector
1979/4010 Test #1989: Validation_Vector.IsZero_ZeroVector .............................................................................   Passed    0.00 sec
          Start 1990: Validation_Vector.IsZero_NonZeroVector
1980/4010 Test #1990: Validation_Vector.IsZero_NonZeroVector ..........................................................................   Passed    0.00 sec
          Start 1991: Validation_Primitives.Sphere_ValidAndInvalid
1981/4010 Test #1991: Validation_Primitives.Sphere_ValidAndInvalid ....................................................................   Passed    0.01 sec
          Start 1992: Validation_Primitives.AABB_ValidAndInvalid
1982/4010 Test #1992: Validation_Primitives.AABB_ValidAndInvalid ......................................................................   Passed    0.01 sec
          Start 1993: Validation_Primitives.Triangle_ValidAndDegenerate
1983/4010 Test #1993: Validation_Primitives.Triangle_ValidAndDegenerate ...............................................................   Passed    0.00 sec
          Start 1994: Validation_Primitives.OBB_ValidAndDegenerate
1984/4010 Test #1994: Validation_Primitives.OBB_ValidAndDegenerate ....................................................................   Passed    0.00 sec
          Start 1995: Validation_Primitives.Capsule_ValidAndDegenerate
1985/4010 Test #1995: Validation_Primitives.Capsule_ValidAndDegenerate ................................................................   Passed    0.00 sec
          Start 1996: Validation_Primitives.Ray_ValidAndInvalid
1986/4010 Test #1996: Validation_Primitives.Ray_ValidAndInvalid .......................................................................   Passed    0.00 sec
          Start 1997: Validation_Primitives.Plane_ValidAndInvalid
1987/4010 Test #1997: Validation_Primitives.Plane_ValidAndInvalid .....................................................................   Passed    0.00 sec
          Start 1998: Validation_Primitives.Segment_ValidAndDegenerate
1988/4010 Test #1998: Validation_Primitives.Segment_ValidAndDegenerate ................................................................   Passed    0.00 sec
          Start 1999: Validation_Sanitize.Sphere_FixesNonFiniteCenter
1989/4010 Test #1999: Validation_Sanitize.Sphere_FixesNonFiniteCenter .................................................................   Passed    0.00 sec
          Start 2000: Validation_Sanitize.AABB_FixesInvertedMinMax
1990/4010 Test #2000: Validation_Sanitize.AABB_FixesInvertedMinMax ....................................................................   Passed    0.00 sec
          Start 2001: Validation_Sanitize.Ray_FixesZeroDirection
1991/4010 Test #2001: Validation_Sanitize.Ray_FixesZeroDirection ......................................................................   Passed    0.00 sec
          Start 2002: Validation_Sanitize.OBB_FixesZeroQuaternion
1992/4010 Test #2002: Validation_Sanitize.OBB_FixesZeroQuaternion .....................................................................   Passed    0.00 sec
          Start 2003: Curvature_MeanCurvature.EmptyMesh_ReturnsNullopt
1993/4010 Test #2003: Curvature_MeanCurvature.EmptyMesh_ReturnsNullopt ................................................................   Passed    0.00 sec
          Start 2004: Curvature_MeanCurvature.Tetrahedron_UniformPositiveCurvature
1994/4010 Test #2004: Curvature_MeanCurvature.Tetrahedron_UniformPositiveCurvature ....................................................   Passed    0.01 sec
          Start 2005: Curvature_MeanCurvature.FlatMesh_NearZeroCurvatureAtInteriorVertices
1995/4010 Test #2005: Curvature_MeanCurvature.FlatMesh_NearZeroCurvatureAtInteriorVertices ............................................   Passed    0.01 sec
          Start 2006: Curvature_MeanCurvature.FlippedClosedMesh_NegativeCurvature
1996/4010 Test #2006: Curvature_MeanCurvature.FlippedClosedMesh_NegativeCurvature .....................................................   Passed    0.00 sec
          Start 2007: Curvature_GaussianCurvature.EmptyMesh_ReturnsNullopt
1997/4010 Test #2007: Curvature_GaussianCurvature.EmptyMesh_ReturnsNullopt ............................................................   Passed    0.01 sec
          Start 2008: Curvature_GaussianCurvature.Tetrahedron_GaussBonnet
1998/4010 Test #2008: Curvature_GaussianCurvature.Tetrahedron_GaussBonnet .............................................................   Passed    0.00 sec
          Start 2009: Curvature_GaussianCurvature.FlatMesh_NearZeroCurvatureAtInteriorVertices
1999/4010 Test #2009: Curvature_GaussianCurvature.FlatMesh_NearZeroCurvatureAtInteriorVertices ........................................   Passed    0.00 sec
          Start 2010: Curvature_Full.Icosahedron_SymmetricCurvatureValues
2000/4010 Test #2010: Curvature_Full.Icosahedron_SymmetricCurvatureValues .............................................................   Passed    0.00 sec
          Start 2011: Curvature_Full.PrincipalRelation_K1GeK2_And_H_Equals_Average
2001/4010 Test #2011: Curvature_Full.PrincipalRelation_K1GeK2_And_H_Equals_Average ....................................................   Passed    0.00 sec
          Start 2012: MeshUtils_VertexNormal.ClosedConvexMesh_NormalsPointOutward
2002/4010 Test #2012: MeshUtils_VertexNormal.ClosedConvexMesh_NormalsPointOutward .....................................................   Passed    0.00 sec
          Start 2013: MeshUtils_VertexNormal.FlatMesh_NormalsPointAlongFaceNormal
2003/4010 Test #2013: MeshUtils_VertexNormal.FlatMesh_NormalsPointAlongFaceNormal .....................................................   Passed    0.00 sec
          Start 2014: MeshUtils_PublishNormals.VertexNormals_StoredAsProperty
2004/4010 Test #2014: MeshUtils_PublishNormals.VertexNormals_StoredAsProperty .........................................................   Passed    0.00 sec
          Start 2015: MeshUtils_PublishNormals.FaceNormals_StoredAsProperty
2005/4010 Test #2015: MeshUtils_PublishNormals.FaceNormals_StoredAsProperty ...........................................................   Passed    0.00 sec
          Start 2016: MeshUtils_AngleDefect.ClosedTetrahedron_TotalDefectEqualsFourPi
2006/4010 Test #2016: MeshUtils_AngleDefect.ClosedTetrahedron_TotalDefectEqualsFourPi .................................................   Passed    0.00 sec
          Start 2017: MeshUtils_AngleDefect.BoundaryVertex_UsesPiMinusAngleSum
2007/4010 Test #2017: MeshUtils_AngleDefect.BoundaryVertex_UsesPiMinusAngleSum ........................................................   Passed    0.00 sec
          Start 2018: CurvatureTensor.EmptyMesh_ReturnsNullopt
2008/4010 Test #2018: CurvatureTensor.EmptyMesh_ReturnsNullopt ........................................................................   Passed    0.01 sec
          Start 2019: CurvatureTensor.NoFaceMesh_ReturnsNullopt
2009/4010 Test #2019: CurvatureTensor.NoFaceMesh_ReturnsNullopt .......................................................................   Passed    0.01 sec
          Start 2020: CurvatureTensor.Sphere_IsotropicAndTangent
2010/4010 Test #2020: CurvatureTensor.Sphere_IsotropicAndTangent ......................................................................   Passed    0.04 sec
          Start 2021: CurvatureTensor.Cylinder_AxisAligned
2011/4010 Test #2021: CurvatureTensor.Cylinder_AxisAligned ............................................................................   Passed    0.08 sec
          Start 2022: CurvatureTensor.Saddle_OppositeSignsAxisAligned
2012/4010 Test #2022: CurvatureTensor.Saddle_OppositeSignsAxisAligned .................................................................   Passed    0.06 sec
          Start 2023: CurvatureTensor.NonFiniteCornerOnClosedMeshFailsClosed
2013/4010 Test #2023: CurvatureTensor.NonFiniteCornerOnClosedMeshFailsClosed ..........................................................   Passed    0.00 sec
          Start 2024: CurvatureTensor.Deterministic
2014/4010 Test #2024: CurvatureTensor.Deterministic ...................................................................................   Passed    0.04 sec
          Start 2025: CurvatureTensor.ComputeCurvaturePreservesScalarsAndPublishesDirections
2015/4010 Test #2025: CurvatureTensor.ComputeCurvaturePreservesScalarsAndPublishesDirections ..........................................   Passed    0.03 sec
          Start 2026: CurvatureTensor.FlatRegionAndBoundaryFailClosed
2016/4010 Test #2026: CurvatureTensor.FlatRegionAndBoundaryFailClosed .................................................................   Passed    0.01 sec
          Start 2027: Raycast.RayHitsTriangleFrontFace
2017/4010 Test #2027: Raycast.RayHitsTriangleFrontFace ................................................................................   Passed    0.00 sec
          Start 2028: Raycast.RayMissesTriangle
2018/4010 Test #2028: Raycast.RayMissesTriangle .......................................................................................   Passed    0.00 sec
          Start 2029: Raycast.RayHitsTriangleFromBehind
2019/4010 Test #2029: Raycast.RayHitsTriangleFromBehind ...............................................................................   Passed    0.00 sec
          Start 2030: Raycast.RayParallelToTriangle
2020/4010 Test #2030: Raycast.RayParallelToTriangle ...................................................................................   Passed    0.00 sec
          Start 2031: Raycast.RayHitsTriangleEdge
2021/4010 Test #2031: Raycast.RayHitsTriangleEdge .....................................................................................   Passed    0.00 sec
          Start 2032: Raycast.RayHitsTriangleVertex
2022/4010 Test #2032: Raycast.RayHitsTriangleVertex ...................................................................................   Passed    0.00 sec
          Start 2033: Raycast.DegenerateTriangleReturnsNullopt
2023/4010 Test #2033: Raycast.DegenerateTriangleReturnsNullopt ........................................................................   Passed    0.00 sec
          Start 2034: Raycast.RespectsTMinBound
2024/4010 Test #2034: Raycast.RespectsTMinBound .......................................................................................   Passed    0.00 sec
          Start 2035: Raycast.RespectsTMaxBound
2025/4010 Test #2035: Raycast.RespectsTMaxBound .......................................................................................   Passed    0.01 sec
          Start 2036: Raycast.BarycentricCoordinatesAtCentroid
2026/4010 Test #2036: Raycast.BarycentricCoordinatesAtCentroid ........................................................................   Passed    0.00 sec
          Start 2037: GeometryQueries.ClosestRaySegment_Perpendicular
2027/4010 Test #2037: GeometryQueries.ClosestRaySegment_Perpendicular .................................................................   Passed    0.00 sec
          Start 2038: GeometryQueries.ClosestRaySegment_Crossing
2028/4010 Test #2038: GeometryQueries.ClosestRaySegment_Crossing ......................................................................   Passed    0.00 sec
          Start 2039: GeometryQueries.ClosestRaySegment_DegenerateSegment
2029/4010 Test #2039: GeometryQueries.ClosestRaySegment_DegenerateSegment .............................................................   Passed    0.00 sec
          Start 2040: GeometryQueries.ClosestPointSegment_PointOnSegment
2030/4010 Test #2040: GeometryQueries.ClosestPointSegment_PointOnSegment ..............................................................   Passed    0.00 sec
          Start 2041: GeometryQueries.ClosestPointSegment_PointOffSegment
2031/4010 Test #2041: GeometryQueries.ClosestPointSegment_PointOffSegment .............................................................   Passed    0.00 sec
          Start 2042: GeometryQueries.ClosestPointSegment_PointBeyondEndpointA
2032/4010 Test #2042: GeometryQueries.ClosestPointSegment_PointBeyondEndpointA ........................................................   Passed    0.00 sec
          Start 2043: GeometryQueries.ClosestPointSegment_PointBeyondEndpointB
2033/4010 Test #2043: GeometryQueries.ClosestPointSegment_PointBeyondEndpointB ........................................................   Passed    0.00 sec
          Start 2044: GeometryQueries.ClosestPointSegment_DegenerateSegment
2034/4010 Test #2044: GeometryQueries.ClosestPointSegment_DegenerateSegment ...........................................................   Passed    0.00 sec
          Start 2045: GeometryQueries.ClosestPointRay_PointOnRay
2035/4010 Test #2045: GeometryQueries.ClosestPointRay_PointOnRay ......................................................................   Passed    0.00 sec
          Start 2046: GeometryQueries.ClosestPointRay_PointOffRay
2036/4010 Test #2046: GeometryQueries.ClosestPointRay_PointOffRay .....................................................................   Passed    0.00 sec
          Start 2047: GeometryQueries.ClosestPointRay_PointBehindOrigin
2037/4010 Test #2047: GeometryQueries.ClosestPointRay_PointBehindOrigin ...............................................................   Passed    0.00 sec
          Start 2048: GeometryQueries.ClosestPointRay_OriginOnRay
2038/4010 Test #2048: GeometryQueries.ClosestPointRay_OriginOnRay .....................................................................   Passed    0.00 sec
          Start 2049: PcaPrimitives.PcaRecoversDominantAxisForLineSamples
2039/4010 Test #2049: PcaPrimitives.PcaRecoversDominantAxisForLineSamples .............................................................   Passed    0.00 sec
          Start 2050: PcaPrimitives.PlaneFitRecoversTiltedPlane
2040/4010 Test #2050: PcaPrimitives.PlaneFitRecoversTiltedPlane .......................................................................   Passed    0.00 sec
          Start 2051: PcaPrimitives.SegmentFitTracksPrincipalExtent
2041/4010 Test #2051: PcaPrimitives.SegmentFitTracksPrincipalExtent ...................................................................   Passed    0.00 sec
          Start 2052: PcaPrimitives.OBBFitContainsRotatedBoxCorners
2042/4010 Test #2052: PcaPrimitives.OBBFitContainsRotatedBoxCorners ...................................................................   Passed    0.00 sec
          Start 2053: PcaPrimitives.EllipsoidFitContainsRotatedBoxCorners
2043/4010 Test #2053: PcaPrimitives.EllipsoidFitContainsRotatedBoxCorners .............................................................   Passed    0.00 sec
          Start 2054: Overlap.SphereSphereOverlapping
2044/4010 Test #2054: Overlap.SphereSphereOverlapping .................................................................................   Passed    0.00 sec
          Start 2055: Overlap.SphereSphereSeparated
2045/4010 Test #2055: Overlap.SphereSphereSeparated ...................................................................................   Passed    0.00 sec
          Start 2056: Overlap.SphereSphereTouching
2046/4010 Test #2056: Overlap.SphereSphereTouching ....................................................................................   Passed    0.00 sec
          Start 2057: Overlap.SphereSphereContained
2047/4010 Test #2057: Overlap.SphereSphereContained ...................................................................................   Passed    0.00 sec
          Start 2058: Overlap.AABBAABBOverlapping
2048/4010 Test #2058: Overlap.AABBAABBOverlapping .....................................................................................   Passed    0.00 sec
          Start 2059: Overlap.AABBAABBSeparated
2049/4010 Test #2059: Overlap.AABBAABBSeparated .......................................................................................   Passed    0.00 sec
          Start 2060: Overlap.SphereAABBOverlapping
2050/4010 Test #2060: Overlap.SphereAABBOverlapping ...................................................................................   Passed    0.00 sec
          Start 2061: Overlap.SphereAABBSeparated
2051/4010 Test #2061: Overlap.SphereAABBSeparated .....................................................................................   Passed    0.00 sec
          Start 2062: Overlap.RayAABBHit
2052/4010 Test #2062: Overlap.RayAABBHit ..............................................................................................   Passed    0.00 sec
          Start 2063: Overlap.RayAABBMiss
2053/4010 Test #2063: Overlap.RayAABBMiss .............................................................................................   Passed    0.01 sec
          Start 2064: Overlap.RayAABBInsideBox
2054/4010 Test #2064: Overlap.RayAABBInsideBox ........................................................................................   Passed    0.01 sec
          Start 2065: Overlap.RayAABBOnSlabBoundaryAxisParallel
2055/4010 Test #2065: Overlap.RayAABBOnSlabBoundaryAxisParallel .......................................................................   Passed    0.01 sec
          Start 2066: Overlap.RayAABBOverlapMatchesRayCastForBoundaryCorpus
2056/4010 Test #2066: Overlap.RayAABBOverlapMatchesRayCastForBoundaryCorpus ...........................................................   Passed    0.01 sec
          Start 2067: Overlap.RaySphereHit
2057/4010 Test #2067: Overlap.RaySphereHit ............................................................................................   Passed    0.01 sec
          Start 2068: Overlap.RaySphereMiss
2058/4010 Test #2068: Overlap.RaySphereMiss ...........................................................................................   Passed    0.01 sec
          Start 2069: Overlap.FrustumSphereInside
2059/4010 Test #2069: Overlap.FrustumSphereInside .....................................................................................   Passed    0.01 sec
          Start 2070: Overlap.FrustumSphereOutside
2060/4010 Test #2070: Overlap.FrustumSphereOutside ....................................................................................   Passed    0.01 sec
          Start 2071: Overlap.FrustumAABBInside
2061/4010 Test #2071: Overlap.FrustumAABBInside .......................................................................................   Passed    0.01 sec
          Start 2072: Overlap.FrustumAABBOutsideBehindCamera
2062/4010 Test #2072: Overlap.FrustumAABBOutsideBehindCamera ..........................................................................   Passed    0.01 sec
          Start 2073: Overlap.FrustumAABBOutsideFarBeyondFar
2063/4010 Test #2073: Overlap.FrustumAABBOutsideFarBeyondFar ..........................................................................   Passed    0.00 sec
          Start 2074: Overlap.FrustumAABBStraddlingNearPlane
2064/4010 Test #2074: Overlap.FrustumAABBStraddlingNearPlane ..........................................................................   Passed    0.01 sec
          Start 2075: Overlap.FrustumAABBOffToTheSide
2065/4010 Test #2075: Overlap.FrustumAABBOffToTheSide .................................................................................   Passed    0.01 sec
          Start 2076: Overlap.FrustumAABBBatteryAgreesWithLegacyOracle
2066/4010 Test #2076: Overlap.FrustumAABBBatteryAgreesWithLegacyOracle ................................................................   Passed    0.01 sec
          Start 2077: Overlap.FrustumSphereStraddlingPlaneIsKept
2067/4010 Test #2077: Overlap.FrustumSphereStraddlingPlaneIsKept ......................................................................   Passed    0.01 sec
          Start 2078: Overlap.FrustumSphereBatteryAgreesWithLegacyOracle
2068/4010 Test #2078: Overlap.FrustumSphereBatteryAgreesWithLegacyOracle ..............................................................   Passed    0.01 sec
          Start 2079: Overlap.SphereCapsuleOverlapping
2069/4010 Test #2079: Overlap.SphereCapsuleOverlapping ................................................................................   Passed    0.01 sec
          Start 2080: Overlap.SphereCapsuleSeparated
2070/4010 Test #2080: Overlap.SphereCapsuleSeparated ..................................................................................   Passed    0.01 sec
          Start 2081: Overlap.OBBSphereOverlapping
2071/4010 Test #2081: Overlap.OBBSphereOverlapping ....................................................................................   Passed    0.01 sec
          Start 2082: Overlap.OBBSphereSeparated
2072/4010 Test #2082: Overlap.OBBSphereSeparated ......................................................................................   Passed    0.01 sec
          Start 2083: GridDimensions.VertexCount
2073/4010 Test #2083: GridDimensions.VertexCount ......................................................................................   Passed    0.01 sec
          Start 2084: GridDimensions.CellCount
2074/4010 Test #2084: GridDimensions.CellCount ........................................................................................   Passed    0.00 sec
          Start 2085: GridDimensions.LinearIndexRoundTrip
2075/4010 Test #2085: GridDimensions.LinearIndexRoundTrip .............................................................................   Passed    0.00 sec
          Start 2086: GridDimensions.LinearIndexFormula
2076/4010 Test #2086: GridDimensions.LinearIndexFormula ...............................................................................   Passed    0.00 sec
          Start 2087: GridDimensions.WorldPosition
2077/4010 Test #2087: GridDimensions.WorldPosition ....................................................................................   Passed    0.00 sec
          Start 2088: GridDimensions.CellCenter
2078/4010 Test #2088: GridDimensions.CellCenter .......................................................................................   Passed    0.00 sec
          Start 2089: GridDimensions.InBounds
2079/4010 Test #2089: GridDimensions.InBounds .........................................................................................   Passed    0.00 sec
          Start 2090: GridDimensions.IsValid
2080/4010 Test #2090: GridDimensions.IsValid ..........................................................................................   Passed    0.00 sec
          Start 2091: GridDimensions.EqualityComparesLayoutFields
2081/4010 Test #2091: GridDimensions.EqualityComparesLayoutFields .....................................................................   Passed    0.00 sec
          Start 2092: DenseGrid.ConstructionAllocatesCorrectSize
2082/4010 Test #2092: DenseGrid.ConstructionAllocatesCorrectSize ......................................................................   Passed    0.00 sec
          Start 2093: DenseGrid.AddAndGetProperty
2083/4010 Test #2093: DenseGrid.AddAndGetProperty .....................................................................................   Passed    0.00 sec
          Start 2094: DenseGrid.GetOrAddProperty
2084/4010 Test #2094: DenseGrid.GetOrAddProperty ......................................................................................   Passed    0.00 sec
          Start 2095: DenseGrid.MultipleProperties
2085/4010 Test #2095: DenseGrid.MultipleProperties ....................................................................................   Passed    0.00 sec
          Start 2096: DenseGrid.ScalarFieldReadWrite
2086/4010 Test #2096: DenseGrid.ScalarFieldReadWrite ..................................................................................   Passed    0.00 sec
          Start 2097: DenseGrid.VertexIndexMatchesDimensions
2087/4010 Test #2097: DenseGrid.VertexIndexMatchesDimensions ..........................................................................   Passed    0.00 sec
          Start 2098: DenseGrid.Reset
2088/4010 Test #2098: DenseGrid.Reset .................................................................................................   Passed    0.00 sec
          Start 2099: DenseGrid.MarchingCubesExtraction
2089/4010 Test #2099: DenseGrid.MarchingCubesExtraction ...............................................................................   Passed    0.00 sec
          Start 2100: DenseGrid.MarchingCubesCustomPropertyName
2090/4010 Test #2100: DenseGrid.MarchingCubesCustomPropertyName .......................................................................   Passed    0.00 sec
          Start 2101: DenseGrid.MarchingCubesInvalidGridReturnsNullopt
2091/4010 Test #2101: DenseGrid.MarchingCubesInvalidGridReturnsNullopt ................................................................   Passed    0.00 sec
          Start 2102: DenseGrid.ScalarPropertyRoundTrip
2092/4010 Test #2102: DenseGrid.ScalarPropertyRoundTrip ...............................................................................   Passed    0.00 sec
          Start 2103: DenseGrid.SpanAccessForGPUUpload
2093/4010 Test #2103: DenseGrid.SpanAccessForGPUUpload ................................................................................   Passed    0.00 sec
          Start 2104: DenseGrid.MarchingCubesExtractSphereSDF
2094/4010 Test #2104: DenseGrid.MarchingCubesExtractSphereSDF .........................................................................   Passed    0.01 sec
          Start 2105: SparseGrid.EmptyGridHasNoBlocks
2095/4010 Test #2105: SparseGrid.EmptyGridHasNoBlocks .................................................................................   Passed    0.01 sec
          Start 2106: SparseGrid.TouchVertexAllocatesBlock
2096/4010 Test #2106: SparseGrid.TouchVertexAllocatesBlock ............................................................................   Passed    0.00 sec
          Start 2107: SparseGrid.VertexIndexReturnsNulloptForUnallocated
2097/4010 Test #2107: SparseGrid.VertexIndexReturnsNulloptForUnallocated ..............................................................   Passed    0.00 sec
          Start 2108: SparseGrid.VertexIndexAfterTouch
2098/4010 Test #2108: SparseGrid.VertexIndexAfterTouch ................................................................................   Passed    0.01 sec
          Start 2109: SparseGrid.SameBlockForNearbyVertices
2099/4010 Test #2109: SparseGrid.SameBlockForNearbyVertices ...........................................................................   Passed    0.00 sec
          Start 2110: SparseGrid.IsAllocated
2100/4010 Test #2110: SparseGrid.IsAllocated ..........................................................................................   Passed    0.00 sec
          Start 2111: SparseGrid.ScalarFieldWriteRead
2101/4010 Test #2111: SparseGrid.ScalarFieldWriteRead .................................................................................   Passed    0.01 sec
          Start 2112: SparseGrid.MultipleProperties
2102/4010 Test #2112: SparseGrid.MultipleProperties ...................................................................................   Passed    0.00 sec
          Start 2113: SparseGrid.ForEachBlock
2103/4010 Test #2113: SparseGrid.ForEachBlock .........................................................................................   Passed    0.00 sec
          Start 2114: SparseGrid.ForEachAllocatedVertex
2104/4010 Test #2114: SparseGrid.ForEachAllocatedVertex ...............................................................................   Passed    0.00 sec
          Start 2115: SparseGrid.Reset
2105/4010 Test #2115: SparseGrid.Reset ................................................................................................   Passed    0.00 sec
          Start 2116: SparseGrid.MemoryEfficiency
2106/4010 Test #2116: SparseGrid.MemoryEfficiency .....................................................................................   Passed    0.17 sec
          Start 2117: SparseGrid.IntraBlockLocalityConsecutiveIndices
2107/4010 Test #2117: SparseGrid.IntraBlockLocalityConsecutiveIndices .................................................................   Passed    0.00 sec
          Start 2118: MarchingCubes.InvalidGridReturnsNullopt
2108/4010 Test #2118: MarchingCubes.InvalidGridReturnsNullopt .........................................................................   Passed    0.00 sec
          Start 2119: MarchingCubes.EmptyIsosurfaceReturnsNullopt
2109/4010 Test #2119: MarchingCubes.EmptyIsosurfaceReturnsNullopt .....................................................................   Passed    0.00 sec
          Start 2120: MarchingCubes.SphereExtractionProducesTriangles
2110/4010 Test #2120: MarchingCubes.SphereExtractionProducesTriangles .................................................................   Passed    0.00 sec
          Start 2121: MarchingCubes.SphereExtractionWithNormals
2111/4010 Test #2121: MarchingCubes.SphereExtractionWithNormals .......................................................................   Passed    0.00 sec
          Start 2122: MarchingCubes.SphereVerticesNearSurface
2112/4010 Test #2122: MarchingCubes.SphereVerticesNearSurface .........................................................................   Passed    0.01 sec
          Start 2123: MarchingCubes.VertexWeldingProducesSharedVertices
2113/4010 Test #2123: MarchingCubes.VertexWeldingProducesSharedVertices ...............................................................   Passed    0.01 sec
          Start 2124: MarchingCubes.ToMeshProducesValidHalfedgeMesh
2114/4010 Test #2124: MarchingCubes.ToMeshProducesValidHalfedgeMesh ...................................................................   Passed    0.01 sec
          Start 2125: MarchingCubes.ToMeshEmptyResultReturnsNullopt
2115/4010 Test #2125: MarchingCubes.ToMeshEmptyResultReturnsNullopt ...................................................................   Passed    0.01 sec
          Start 2126: MarchingCubes.DenseGridDimensionsValid
2116/4010 Test #2126: MarchingCubes.DenseGridDimensionsValid ..........................................................................   Passed    0.00 sec
          Start 2127: MarchingCubes.DenseGridLinearIndex
2117/4010 Test #2127: MarchingCubes.DenseGridLinearIndex ..............................................................................   Passed    0.00 sec
          Start 2128: MarchingCubes.NonZeroIsovalue
2118/4010 Test #2128: MarchingCubes.NonZeroIsovalue ...................................................................................   Passed    0.00 sec
          Start 2129: ImplicitPlaneField.BuildFromQuadProducesActiveLeavesAndSignedEvaluation
2119/4010 Test #2129: ImplicitPlaneField.BuildFromQuadProducesActiveLeavesAndSignedEvaluation .........................................   Passed    0.00 sec
          Start 2130: ImplicitPlaneField.ProjectSnapsToSurface
2120/4010 Test #2130: ImplicitPlaneField.ProjectSnapsToSurface ........................................................................   Passed    0.01 sec
          Start 2131: ImplicitPlaneField.EmptyMeshReturnsNullopt
2121/4010 Test #2131: ImplicitPlaneField.EmptyMeshReturnsNullopt ......................................................................   Passed    0.00 sec
          Start 2132: ImplicitPlaneField.CanSampleToDenseGrid
2122/4010 Test #2132: ImplicitPlaneField.CanSampleToDenseGrid .........................................................................   Passed    0.01 sec
          Start 2133: ImplicitPlaneField.ExtractMeshProducesGeometry
2123/4010 Test #2133: ImplicitPlaneField.ExtractMeshProducesGeometry ..................................................................   Passed    0.03 sec
          Start 2134: Containment.SphereSphere_FullyContained
2124/4010 Test #2134: Containment.SphereSphere_FullyContained .........................................................................   Passed    0.00 sec
          Start 2135: Containment.SphereSphere_PartialOverlap
2125/4010 Test #2135: Containment.SphereSphere_PartialOverlap .........................................................................   Passed    0.00 sec
          Start 2136: Containment.SphereSphere_NoOverlap
2126/4010 Test #2136: Containment.SphereSphere_NoOverlap ..............................................................................   Passed    0.00 sec
          Start 2137: Containment.SphereSphere_Concentric
2127/4010 Test #2137: Containment.SphereSphere_Concentric .............................................................................   Passed    0.00 sec
          Start 2138: Containment.SphereSphere_PointContainment
2128/4010 Test #2138: Containment.SphereSphere_PointContainment .......................................................................   Passed    0.00 sec
          Start 2139: Containment.SphereSphere_PointOutside
2129/4010 Test #2139: Containment.SphereSphere_PointOutside ...........................................................................   Passed    0.01 sec
          Start 2140: Containment.AABBPoint_Inside
2130/4010 Test #2140: Containment.AABBPoint_Inside ....................................................................................   Passed    0.00 sec
          Start 2141: Containment.AABBPoint_OnBoundary
2131/4010 Test #2141: Containment.AABBPoint_OnBoundary ................................................................................   Passed    0.01 sec
          Start 2142: Containment.AABBPoint_Outside
2132/4010 Test #2142: Containment.AABBPoint_Outside ...................................................................................   Passed    0.00 sec
          Start 2143: Containment.AABBAABB_FullyContained
2133/4010 Test #2143: Containment.AABBAABB_FullyContained .............................................................................   Passed    0.00 sec
          Start 2144: Containment.AABBAABB_PartialOverlap
2134/4010 Test #2144: Containment.AABBAABB_PartialOverlap .............................................................................   Passed    0.00 sec
          Start 2145: Containment.AABBAABB_Equal
2135/4010 Test #2145: Containment.AABBAABB_Equal ......................................................................................   Passed    0.00 sec
          Start 2146: Containment.SphereAABB_FullyContained
2136/4010 Test #2146: Containment.SphereAABB_FullyContained ...........................................................................   Passed    0.01 sec
          Start 2147: Containment.SphereAABB_PartialOverlap
2137/4010 Test #2147: Containment.SphereAABB_PartialOverlap ...........................................................................   Passed    0.01 sec
          Start 2148: Containment.FrustumAABB_Inside
2138/4010 Test #2148: Containment.FrustumAABB_Inside ..................................................................................   Passed    0.01 sec
          Start 2149: Containment.FrustumAABB_Outside
2139/4010 Test #2149: Containment.FrustumAABB_Outside .................................................................................   Passed    0.01 sec
          Start 2150: Containment.FrustumSphere_Inside
2140/4010 Test #2150: Containment.FrustumSphere_Inside ................................................................................   Passed    0.01 sec
          Start 2151: Containment.FrustumSphere_StraddlingPlane
2141/4010 Test #2151: Containment.FrustumSphere_StraddlingPlane .......................................................................   Passed    0.01 sec
          Start 2152: Containment.FrustumAABB_DeepInsideMatchesLegacy
2142/4010 Test #2152: Containment.FrustumAABB_DeepInsideMatchesLegacy .................................................................   Passed    0.00 sec
          Start 2153: Containment.FrustumAABB_StraddlingNearPlaneIsNotContained
2143/4010 Test #2153: Containment.FrustumAABB_StraddlingNearPlaneIsNotContained .......................................................   Passed    0.01 sec
          Start 2154: Containment.FrustumAABB_OutsideMatchesLegacy
2144/4010 Test #2154: Containment.FrustumAABB_OutsideMatchesLegacy ....................................................................   Passed    0.01 sec
          Start 2155: Containment.FrustumAABB_BatteryNeverOverReportsContainment
2145/4010 Test #2155: Containment.FrustumAABB_BatteryNeverOverReportsContainment ......................................................   Passed    0.01 sec
          Start 2156: Containment.FrustumSphere_DeepInsideMatchesLegacy
2146/4010 Test #2156: Containment.FrustumSphere_DeepInsideMatchesLegacy ...............................................................   Passed    0.00 sec
          Start 2157: Containment.FrustumSphere_StraddlingFarPlaneIsNotContained
2147/4010 Test #2157: Containment.FrustumSphere_StraddlingFarPlaneIsNotContained ......................................................   Passed    0.00 sec
          Start 2158: Containment.FrustumSphere_BatteryNeverOverReportsContainment
2148/4010 Test #2158: Containment.FrustumSphere_BatteryNeverOverReportsContainment ....................................................   Passed    0.00 sec
          Start 2159: Support.Sphere_PositiveX
2149/4010 Test #2159: Support.Sphere_PositiveX ........................................................................................   Passed    0.00 sec
          Start 2160: Support.Sphere_NegativeY
2150/4010 Test #2160: Support.Sphere_NegativeY ........................................................................................   Passed    0.00 sec
          Start 2161: Support.Sphere_Diagonal
2151/4010 Test #2161: Support.Sphere_Diagonal .........................................................................................   Passed    0.00 sec
          Start 2162: Support.Sphere_ZeroDirection
2152/4010 Test #2162: Support.Sphere_ZeroDirection ....................................................................................   Passed    0.00 sec
          Start 2163: Support.AABB_PositiveX
2153/4010 Test #2163: Support.AABB_PositiveX ..........................................................................................   Passed    0.00 sec
          Start 2164: Support.AABB_NegativeCorner
2154/4010 Test #2164: Support.AABB_NegativeCorner .....................................................................................   Passed    0.00 sec
          Start 2165: Support.AABB_AllPositive
2155/4010 Test #2165: Support.AABB_AllPositive ........................................................................................   Passed    0.00 sec
          Start 2166: Support.Capsule_AlongAxis
2156/4010 Test #2166: Support.Capsule_AlongAxis .......................................................................................   Passed    0.00 sec
          Start 2167: Support.Capsule_AgainstAxis
2157/4010 Test #2167: Support.Capsule_AgainstAxis .....................................................................................   Passed    0.00 sec
          Start 2168: Support.Capsule_Perpendicular
2158/4010 Test #2168: Support.Capsule_Perpendicular ...................................................................................   Passed    0.00 sec
          Start 2169: Support.OBB_AxisAligned
2159/4010 Test #2169: Support.OBB_AxisAligned .........................................................................................   Passed    0.00 sec
          Start 2170: Support.OBB_Rotated90
2160/4010 Test #2170: Support.OBB_Rotated90 ...........................................................................................   Passed    0.00 sec
          Start 2171: Support.Cylinder_AlongAxis
2161/4010 Test #2171: Support.Cylinder_AlongAxis ......................................................................................   Passed    0.00 sec
          Start 2172: Support.Cylinder_Perpendicular
2162/4010 Test #2172: Support.Cylinder_Perpendicular ..................................................................................   Passed    0.00 sec
          Start 2173: Support.Ellipsoid_AlongPrincipalAxis
2163/4010 Test #2173: Support.Ellipsoid_AlongPrincipalAxis ............................................................................   Passed    0.00 sec
          Start 2174: Support.Ellipsoid_ShortAxis
2164/4010 Test #2174: Support.Ellipsoid_ShortAxis .....................................................................................   Passed    0.00 sec
          Start 2175: Support.Ellipsoid_SubMillimeterScaleProducesNonCenterSupport
2165/4010 Test #2175: Support.Ellipsoid_SubMillimeterScaleProducesNonCenterSupport ....................................................   Passed    0.00 sec
          Start 2176: Support.Ellipsoid_NonUniformSubMillimeterRadii
2166/4010 Test #2176: Support.Ellipsoid_NonUniformSubMillimeterRadii ..................................................................   Passed    0.00 sec
          Start 2177: Support.Ellipsoid_HighlyAnisotropicThinAxisProducesSurfaceSupport
2167/4010 Test #2177: Support.Ellipsoid_HighlyAnisotropicThinAxisProducesSurfaceSupport ...............................................   Passed    0.00 sec
          Start 2178: Support.Cylinder_FatDiskExpandsRadially
2168/4010 Test #2178: Support.Cylinder_FatDiskExpandsRadially .........................................................................   Passed    0.01 sec
          Start 2179: Support.Segment_Forward
2169/4010 Test #2179: Support.Segment_Forward .........................................................................................   Passed    0.00 sec
          Start 2180: Support.Segment_Backward
2170/4010 Test #2180: Support.Segment_Backward ........................................................................................   Passed    0.01 sec
          Start 2181: Support.Triangle_VertexA
2171/4010 Test #2181: Support.Triangle_VertexA ........................................................................................   Passed    0.01 sec
          Start 2182: Support.Triangle_VertexB
2172/4010 Test #2182: Support.Triangle_VertexB ........................................................................................   Passed    0.00 sec
          Start 2183: Support.Triangle_VertexC
2173/4010 Test #2183: Support.Triangle_VertexC ........................................................................................   Passed    0.00 sec
          Start 2184: Support.ConvexHull_Cube
2174/4010 Test #2184: Support.ConvexHull_Cube .........................................................................................   Passed    0.01 sec
          Start 2185: Support.ConvexHull_SingleVertex
2175/4010 Test #2185: Support.ConvexHull_SingleVertex .................................................................................   Passed    0.01 sec
          Start 2186: Support.Frustum_ReturnsCorner
2176/4010 Test #2186: Support.Frustum_ReturnsCorner ...................................................................................   Passed    0.01 sec
          Start 2187: Support.Ray_AlongDirection
2177/4010 Test #2187: Support.Ray_AlongDirection ......................................................................................   Passed    0.01 sec
          Start 2188: Support.Ray_AgainstDirection
2178/4010 Test #2188: Support.Ray_AgainstDirection ....................................................................................   Passed    0.01 sec
          Start 2189: Simplification.ReducesToTargetFaceCount
2179/4010 Test #2189: Simplification.ReducesToTargetFaceCount .........................................................................   Passed    0.08 sec
          Start 2190: Simplification.ErrorThresholdStopsEarly
2180/4010 Test #2190: Simplification.ErrorThresholdStopsEarly .........................................................................   Passed    0.02 sec
          Start 2191: Simplification.PreservesBoundary
2181/4010 Test #2191: Simplification.PreservesBoundary ................................................................................   Passed    0.00 sec
          Start 2192: Simplification.ClosedMeshRemainsClosedAfterSimplification
2182/4010 Test #2192: Simplification.ClosedMeshRemainsClosedAfterSimplification .......................................................   Passed    0.06 sec
          Start 2193: Simplification.ReturnsNulloptForEmptyMesh
2183/4010 Test #2193: Simplification.ReturnsNulloptForEmptyMesh .......................................................................   Passed    0.00 sec
          Start 2194: Simplification.ReturnsNulloptForSingleFaceMesh
2184/4010 Test #2194: Simplification.ReturnsNulloptForSingleFaceMesh ..................................................................   Passed    0.00 sec
          Start 2195: Simplification.MaxCollapseErrorIsNonNegative
2185/4010 Test #2195: Simplification.MaxCollapseErrorIsNonNegative ....................................................................   Passed    0.06 sec
          Start 2196: Simplification.TetrahedronMinimalSimplification
2186/4010 Test #2196: Simplification.TetrahedronMinimalSimplification .................................................................   Passed    0.00 sec
          Start 2197: Simplification.QuadricMinimizerPlacement
2187/4010 Test #2197: Simplification.QuadricMinimizerPlacement ........................................................................   Passed    0.09 sec
          Start 2198: Simplification.FeatureAwarePreservesCubeCorners
2188/4010 Test #2198: Simplification.FeatureAwarePreservesCubeCorners .................................................................   Passed    0.04 sec
          Start 2199: Simplification.ClassicalMetricRemainsReachable
2189/4010 Test #2199: Simplification.ClassicalMetricRemainsReachable ..................................................................   Passed    0.07 sec
          Start 2200: Simplification.FeatureAwareIsDeterministic
2190/4010 Test #2200: Simplification.FeatureAwareIsDeterministic ......................................................................   Passed    0.08 sec
          Start 2201: Simplification.FeatureAwareCornerErrorNotWorseThanClassical
2191/4010 Test #2201: Simplification.FeatureAwareCornerErrorNotWorseThanClassical .....................................................   Passed    0.21 sec
          Start 2202: Simplification.FeatureAwarePreservesUvSeams
2192/4010 Test #2202: Simplification.FeatureAwarePreservesUvSeams .....................................................................   Passed    0.01 sec
          Start 2203: Simplification.DiagnosticsCountersPopulated
2193/4010 Test #2203: Simplification.DiagnosticsCountersPopulated .....................................................................   Passed    0.04 sec
          Start 2204: Geodesic.SourceVertexHasZeroDistance
2194/4010 Test #2204: Geodesic.SourceVertexHasZeroDistance ............................................................................   Passed    0.01 sec
          Start 2205: Geodesic.AllDistancesNonNegative
2195/4010 Test #2205: Geodesic.AllDistancesNonNegative ................................................................................   Passed    0.01 sec
          Start 2206: Geodesic.DistanceIncreasesWithTopologicalDistance
2196/4010 Test #2206: Geodesic.DistanceIncreasesWithTopologicalDistance ...............................................................   Passed    0.00 sec
          Start 2207: Geodesic.MultipleSourceVertices
2197/4010 Test #2207: Geodesic.MultipleSourceVertices .................................................................................   Passed    0.01 sec
          Start 2208: Geodesic.ReturnsNulloptForEmptyMesh
2198/4010 Test #2208: Geodesic.ReturnsNulloptForEmptyMesh .............................................................................   Passed    0.00 sec
          Start 2209: Geodesic.ReturnsNulloptForEmptySources
2199/4010 Test #2209: Geodesic.ReturnsNulloptForEmptySources ..........................................................................   Passed    0.00 sec
          Start 2210: Geodesic.SolverIterationsReported
2200/4010 Test #2210: Geodesic.SolverIterationsReported ...............................................................................   Passed    0.00 sec
          Start 2211: Geodesic.CustomTimeStep
2201/4010 Test #2211: Geodesic.CustomTimeStep .........................................................................................   Passed    0.00 sec
          Start 2212: VectorHeatMethod.TransportConverges
2202/4010 Test #2212: VectorHeatMethod.TransportConverges .............................................................................   Passed    0.01 sec
          Start 2213: VectorHeatMethod.TransportedVectorsAreTangent
2203/4010 Test #2213: VectorHeatMethod.TransportedVectorsAreTangent ...................................................................   Passed    0.01 sec
          Start 2214: VectorHeatMethod.TransportedVectorsAreUnitLength
2204/4010 Test #2214: VectorHeatMethod.TransportedVectorsAreUnitLength ................................................................   Passed    0.01 sec
          Start 2215: VectorHeatMethod.FlatSurfaceTransportPreservesDirection
2205/4010 Test #2215: VectorHeatMethod.FlatSurfaceTransportPreservesDirection .........................................................   Passed    0.01 sec
          Start 2216: VectorHeatMethod.MultiSourceTransport
2206/4010 Test #2216: VectorHeatMethod.MultiSourceTransport ...........................................................................   Passed    0.01 sec
          Start 2217: VectorHeatMethod.LogMapConverges
2207/4010 Test #2217: VectorHeatMethod.LogMapConverges ................................................................................   Passed    0.01 sec
          Start 2218: VectorHeatMethod.LogMapSourceIsOrigin
2208/4010 Test #2218: VectorHeatMethod.LogMapSourceIsOrigin ...........................................................................   Passed    0.01 sec
          Start 2219: VectorHeatMethod.LogMapDistanceConsistency
2209/4010 Test #2219: VectorHeatMethod.LogMapDistanceConsistency ......................................................................   Passed    0.01 sec
          Start 2220: VectorHeatMethod.FlatGridLogMapCircularSymmetry
2210/4010 Test #2220: VectorHeatMethod.FlatGridLogMapCircularSymmetry .................................................................   Passed    0.01 sec
          Start 2221: VectorHeatMethod.TransportReturnsNulloptForEmptyMesh
2211/4010 Test #2221: VectorHeatMethod.TransportReturnsNulloptForEmptyMesh ............................................................   Passed    0.00 sec
          Start 2222: VectorHeatMethod.TransportReturnsNulloptForEmptySources
2212/4010 Test #2222: VectorHeatMethod.TransportReturnsNulloptForEmptySources .........................................................   Passed    0.00 sec
          Start 2223: VectorHeatMethod.TransportReturnsNulloptForMismatchedArrays
2213/4010 Test #2223: VectorHeatMethod.TransportReturnsNulloptForMismatchedArrays .....................................................   Passed    0.01 sec
          Start 2224: VectorHeatMethod.LogMapReturnsNulloptForEmptyMesh
2214/4010 Test #2224: VectorHeatMethod.LogMapReturnsNulloptForEmptyMesh ...............................................................   Passed    0.00 sec
          Start 2225: VectorHeatMethod.LogMapReturnsNulloptForInvalidVertex
2215/4010 Test #2225: VectorHeatMethod.LogMapReturnsNulloptForInvalidVertex ...........................................................   Passed    0.00 sec
          Start 2226: VectorHeatMethod.TransportOnTetrahedron
2216/4010 Test #2226: VectorHeatMethod.TransportOnTetrahedron .........................................................................   Passed    0.00 sec
          Start 2227: VectorHeatMethod.CustomTimeStep
2217/4010 Test #2227: VectorHeatMethod.CustomTimeStep .................................................................................   Passed    0.00 sec
          Start 2228: ShortestPath.MeshBackedGraphViewTriangleChoosesDirectEdge
2218/4010 Test #2228: ShortestPath.MeshBackedGraphViewTriangleChoosesDirectEdge .......................................................   Passed    0.00 sec
          Start 2229: ShortestPath.MeshBackedGraphViewReusesSharedConnectivityProperties
2219/4010 Test #2229: ShortestPath.MeshBackedGraphViewReusesSharedConnectivityProperties ..............................................   Passed    0.01 sec
          Start 2230: ShortestPath.ReturnsNulloptWhenBothSetsEmpty
2220/4010 Test #2230: ShortestPath.ReturnsNulloptWhenBothSetsEmpty ....................................................................   Passed    0.01 sec
          Start 2231: ShortestPath.ReverseTreeWhenStartsEmpty
2221/4010 Test #2231: ShortestPath.ReverseTreeWhenStartsEmpty .........................................................................   Passed    0.01 sec
          Start 2232: ShortestPath.ForwardTreeWhenTargetsEmpty
2222/4010 Test #2232: ShortestPath.ForwardTreeWhenTargetsEmpty ........................................................................   Passed    0.00 sec
          Start 2233: ShortestPath.GraphChainMatchesMeshBackedGraphViewContract
2223/4010 Test #2233: ShortestPath.GraphChainMatchesMeshBackedGraphViewContract .......................................................   Passed    0.01 sec
          Start 2234: ShortestPath.MultiGoalExtractionProducesNetwork
2224/4010 Test #2234: ShortestPath.MultiGoalExtractionProducesNetwork .................................................................   Passed    0.01 sec
          Start 2235: ShortestPath.ReturnsNulloptForEmptyMeshBackedGraphView
2225/4010 Test #2235: ShortestPath.ReturnsNulloptForEmptyMeshBackedGraphView ..........................................................   Passed    0.01 sec
          Start 2236: ShortestPath.EarlyTerminatesAfterAllTargetsSettled
2226/4010 Test #2236: ShortestPath.EarlyTerminatesAfterAllTargetsSettled ..............................................................   Passed    0.01 sec
          Start 2237: ShortestPath.SettleBudgetPreventsConvergenceWhenTooSmall
2227/4010 Test #2237: ShortestPath.SettleBudgetPreventsConvergenceWhenTooSmall ........................................................   Passed    0.01 sec
          Start 2238: ShortestPath.IndexedHeapMatchesPriorityQueueReferenceOnSeededRandomGraphs
2228/4010 Test #2238: ShortestPath.IndexedHeapMatchesPriorityQueueReferenceOnSeededRandomGraphs .......................................   Passed    0.01 sec
          Start 2239: ShortestPath.IndexedHeapMatchesPriorityQueueReferenceOnDisconnectedComponents
2229/4010 Test #2239: ShortestPath.IndexedHeapMatchesPriorityQueueReferenceOnDisconnectedComponents ...................................   Passed    0.00 sec
          Start 2240: ShortestPath.IndexedHeapPreservesEqualWeightTieBreak
2230/4010 Test #2240: ShortestPath.IndexedHeapPreservesEqualWeightTieBreak ............................................................   Passed    0.00 sec
          Start 2241: Subdivision.SingleIterationQuadruplesFaces
2231/4010 Test #2241: Subdivision.SingleIterationQuadruplesFaces ......................................................................   Passed    0.00 sec
          Start 2242: Subdivision.TwoIterations
2232/4010 Test #2242: Subdivision.TwoIterations .......................................................................................   Passed    0.00 sec
          Start 2243: Subdivision.VertexCountFormula
2233/4010 Test #2243: Subdivision.VertexCountFormula ..................................................................................   Passed    0.00 sec
          Start 2244: Subdivision.IcosahedronConvergesToSphere
2234/4010 Test #2244: Subdivision.IcosahedronConvergesToSphere ........................................................................   Passed    0.01 sec
          Start 2245: Subdivision.OutputIsClosedWhenInputIsClosed
2235/4010 Test #2245: Subdivision.OutputIsClosedWhenInputIsClosed .....................................................................   Passed    0.00 sec
          Start 2246: Subdivision.ReturnsNulloptForEmptyMesh
2236/4010 Test #2246: Subdivision.ReturnsNulloptForEmptyMesh ..........................................................................   Passed    0.00 sec
          Start 2247: Subdivision.ReturnsNulloptForNonTriangleMesh
2237/4010 Test #2247: Subdivision.ReturnsNulloptForNonTriangleMesh ....................................................................   Passed    0.00 sec
          Start 2248: Subdivision.ZeroIterationsReturnsNullopt
2238/4010 Test #2248: Subdivision.ZeroIterationsReturnsNullopt ........................................................................   Passed    0.00 sec
          Start 2249: Subdivision.InputMeshIsNotModified
2239/4010 Test #2249: Subdivision.InputMeshIsNotModified ..............................................................................   Passed    0.01 sec
          Start 2250: Subdivision.RespectsMaxOutputFaceBudget
2240/4010 Test #2250: Subdivision.RespectsMaxOutputFaceBudget .........................................................................   Passed    0.01 sec
          Start 2251: Subdivision.ReturnsNulloptWhenBudgetBlocksFirstIteration
2241/4010 Test #2251: Subdivision.ReturnsNulloptWhenBudgetBlocksFirstIteration ........................................................   Passed    0.00 sec
          Start 2252: Subdivision.FeatureEdgeMaskPropagatesToSplitEdges
2242/4010 Test #2252: Subdivision.FeatureEdgeMaskPropagatesToSplitEdges ...............................................................   Passed    0.00 sec
          Start 2253: CatmullClark.SingleTriangleProducesQuads
2243/4010 Test #2253: CatmullClark.SingleTriangleProducesQuads ........................................................................   Passed    0.00 sec
          Start 2254: CatmullClark.TetrahedronProducesAllQuads
2244/4010 Test #2254: CatmullClark.TetrahedronProducesAllQuads ........................................................................   Passed    0.00 sec
          Start 2255: CatmullClark.CubeProducesAllQuads
2245/4010 Test #2255: CatmullClark.CubeProducesAllQuads ...............................................................................   Passed    0.00 sec
          Start 2256: CatmullClark.PreservesClosedMeshEulerCharacteristic
2246/4010 Test #2256: CatmullClark.PreservesClosedMeshEulerCharacteristic .............................................................   Passed    0.00 sec
          Start 2257: CatmullClark.CubePreservesEulerCharacteristic
2247/4010 Test #2257: CatmullClark.CubePreservesEulerCharacteristic ...................................................................   Passed    0.00 sec
          Start 2258: CatmullClark.TwoIterationsWork
2248/4010 Test #2258: CatmullClark.TwoIterationsWork ..................................................................................   Passed    0.00 sec
          Start 2259: CatmullClark.CubeConvergesToSphere
2249/4010 Test #2259: CatmullClark.CubeConvergesToSphere ..............................................................................   Passed    0.01 sec
          Start 2260: CatmullClark.EmptyMeshReturnsNullopt
2250/4010 Test #2260: CatmullClark.EmptyMeshReturnsNullopt ............................................................................   Passed    0.00 sec
          Start 2261: CatmullClark.ZeroIterationsReturnsNullopt
2251/4010 Test #2261: CatmullClark.ZeroIterationsReturnsNullopt .......................................................................   Passed    0.00 sec
          Start 2262: CatmullClark.VertexCountFormula
2252/4010 Test #2262: CatmullClark.VertexCountFormula .................................................................................   Passed    0.00 sec
          Start 2263: SubdivisionSqrt3.SingleTriangleSplitsIntoThreeTriangles
2253/4010 Test #2263: SubdivisionSqrt3.SingleTriangleSplitsIntoThreeTriangles .........................................................   Passed    0.00 sec
          Start 2264: Smoothing.UniformLaplacianReducesRoughness
2254/4010 Test #2264: Smoothing.UniformLaplacianReducesRoughness ......................................................................   Passed    0.01 sec
          Start 2265: Smoothing.UniformLaplacianCausesShrinkage
2255/4010 Test #2265: Smoothing.UniformLaplacianCausesShrinkage .......................................................................   Passed    0.01 sec
          Start 2266: Smoothing.UniformLaplacianReturnsNulloptForEmptyMesh
2256/4010 Test #2266: Smoothing.UniformLaplacianReturnsNulloptForEmptyMesh ............................................................   Passed    0.00 sec
          Start 2267: Smoothing.UniformLaplacianReturnsNulloptForZeroIterations
2257/4010 Test #2267: Smoothing.UniformLaplacianReturnsNulloptForZeroIterations .......................................................   Passed    0.00 sec
          Start 2268: Smoothing.CotanLaplacianConverges
2258/4010 Test #2268: Smoothing.CotanLaplacianConverges ...............................................................................   Passed    0.01 sec
          Start 2269: Smoothing.TaubinPreservesVolume
2259/4010 Test #2269: Smoothing.TaubinPreservesVolume .................................................................................   Passed    0.01 sec
          Start 2270: Smoothing.TaubinReturnsNulloptForEmptyMesh
2260/4010 Test #2270: Smoothing.TaubinReturnsNulloptForEmptyMesh ......................................................................   Passed    0.00 sec
          Start 2271: Smoothing.ImplicitLaplacianConverges
2261/4010 Test #2271: Smoothing.ImplicitLaplacianConverges ............................................................................   Passed    0.01 sec
          Start 2272: Smoothing.ImplicitLaplacianReturnsNulloptForEmptyMesh
2262/4010 Test #2272: Smoothing.ImplicitLaplacianReturnsNulloptForEmptyMesh ...........................................................   Passed    0.00 sec
          Start 2273: Smoothing.SmoothingPreservesTopology
2263/4010 Test #2273: Smoothing.SmoothingPreservesTopology ............................................................................   Passed    0.00 sec
          Start 2274: Smoothing.UniformPreservesBoundary
2264/4010 Test #2274: Smoothing.UniformPreservesBoundary ..............................................................................   Passed    0.01 sec
          Start 2275: Smoothing.CotanReducesEdgeLengthVariance
2265/4010 Test #2275: Smoothing.CotanReducesEdgeLengthVariance ........................................................................   Passed    0.01 sec
          Start 2276: Smoothing.TaubinFlatMeshStaysFlat
2266/4010 Test #2276: Smoothing.TaubinFlatMeshStaysFlat ...............................................................................   Passed    0.00 sec
          Start 2277: Smoothing.ImplicitFlatMeshStaysFlat
2267/4010 Test #2277: Smoothing.ImplicitFlatMeshStaysFlat .............................................................................   Passed    0.00 sec
          Start 2278: Smoothing.ImplicitReducesNoise
2268/4010 Test #2278: Smoothing.ImplicitReducesNoise ..................................................................................   Passed    0.01 sec
          Start 2279: Smoothing.ImplicitPreservesBoundary
2269/4010 Test #2279: Smoothing.ImplicitPreservesBoundary .............................................................................   Passed    0.00 sec
          Start 2280: Smoothing.ImplicitUnconditionallyStable
2270/4010 Test #2280: Smoothing.ImplicitUnconditionallyStable .........................................................................   Passed    0.00 sec
          Start 2281: Smoothing.ImplicitMultipleIterationsSmootherThanOne
2271/4010 Test #2281: Smoothing.ImplicitMultipleIterationsSmootherThanOne .............................................................   Passed    0.00 sec
          Start 2282: Smoothing.FilterFaceNormalsFlatMeshIsIdentity
2272/4010 Test #2282: Smoothing.FilterFaceNormalsFlatMeshIsIdentity ...................................................................   Passed    0.00 sec
          Start 2283: Smoothing.FilterFaceNormalsCleanMeshNearIdentity
2273/4010 Test #2283: Smoothing.FilterFaceNormalsCleanMeshNearIdentity ................................................................   Passed    0.01 sec
          Start 2284: Smoothing.FilterFaceNormalsIsDeterministic
2274/4010 Test #2284: Smoothing.FilterFaceNormalsIsDeterministic ......................................................................   Passed    0.01 sec
          Start 2285: Smoothing.FilterFaceNormalsFailsClosedOnEmptyMesh
2275/4010 Test #2285: Smoothing.FilterFaceNormalsFailsClosedOnEmptyMesh ...............................................................   Passed    0.00 sec
          Start 2286: Smoothing.FilterFaceNormalsFailsClosedOnNonFiniteSigma
2276/4010 Test #2286: Smoothing.FilterFaceNormalsFailsClosedOnNonFiniteSigma ..........................................................   Passed    0.01 sec
          Start 2287: Smoothing.DenoiseBilateralCleanMeshNearIdentity
2277/4010 Test #2287: Smoothing.DenoiseBilateralCleanMeshNearIdentity .................................................................   Passed    0.02 sec
          Start 2288: Smoothing.DenoiseBilateralReducesNoise
2278/4010 Test #2288: Smoothing.DenoiseBilateralReducesNoise ..........................................................................   Passed    0.02 sec
          Start 2289: Smoothing.DenoiseBilateralPreservesFeatureBetterThanUniform
2279/4010 Test #2289: Smoothing.DenoiseBilateralPreservesFeatureBetterThanUniform .....................................................   Passed    0.05 sec
          Start 2290: Smoothing.DenoiseBilateralIsDeterministic
2280/4010 Test #2290: Smoothing.DenoiseBilateralIsDeterministic .......................................................................   Passed    0.03 sec
          Start 2291: Smoothing.DenoiseBilateralFailsClosedOnEmptyMesh
2281/4010 Test #2291: Smoothing.DenoiseBilateralFailsClosedOnEmptyMesh ................................................................   Passed    0.00 sec
          Start 2292: Smoothing.DenoiseBilateralFailsClosedOnNonManifoldInput
2282/4010 Test #2292: Smoothing.DenoiseBilateralFailsClosedOnNonManifoldInput .........................................................   Passed    0.00 sec
          Start 2293: Smoothing.DenoiseBilateralFailsClosedOnDegenerateGeometry
2283/4010 Test #2293: Smoothing.DenoiseBilateralFailsClosedOnDegenerateGeometry .......................................................   Passed    0.00 sec
          Start 2294: Smoothing.DenoiseBilateralFailsClosedOnNonFiniteInput
2284/4010 Test #2294: Smoothing.DenoiseBilateralFailsClosedOnNonFiniteInput ...........................................................   Passed    0.00 sec
          Start 2295: Smoothing.DenoiseBilateralFailsClosedOnNonFiniteSigma
2285/4010 Test #2295: Smoothing.DenoiseBilateralFailsClosedOnNonFiniteSigma ...........................................................   Passed    0.01 sec
          Start 2296: Smoothing.DenoiseBilateralExtremeCoordinatesStayFinite
2286/4010 Test #2296: Smoothing.DenoiseBilateralExtremeCoordinatesStayFinite ..........................................................   Passed    0.01 sec
          Start 2297: Smoothing.DenoiseBilateralPreservesBoundary
2287/4010 Test #2297: Smoothing.DenoiseBilateralPreservesBoundary .....................................................................   Passed    0.01 sec
          Start 2298: QualityMetrics.NearestNeighborCvAndPoissonRatioForGrid
2288/4010 Test #2298: QualityMetrics.NearestNeighborCvAndPoissonRatioForGrid ..........................................................   Passed    0.00 sec
          Start 2299: QualityMetrics.JitteredGridHasLowNearestNeighborVariation
2289/4010 Test #2299: QualityMetrics.JitteredGridHasLowNearestNeighborVariation .......................................................   Passed    0.00 sec
          Start 2300: QualityMetrics.RadialDistributionForWhiteNoiseApproachesOneAwayFromZero
2290/4010 Test #2300: QualityMetrics.RadialDistributionForWhiteNoiseApproachesOneAwayFromZero .........................................   Passed    0.02 sec
          Start 2301: QualityMetrics.PeriodogramFindsRegularLatticeFrequencyPeaks
2291/4010 Test #2301: QualityMetrics.PeriodogramFindsRegularLatticeFrequencyPeaks .....................................................   Passed    0.00 sec
          Start 2302: QualityMetrics.RadiallyAveragedPowerSpectrumForWhiteNoiseIsBroadlyFlat
2292/4010 Test #2302: QualityMetrics.RadiallyAveragedPowerSpectrumForWhiteNoiseIsBroadlyFlat ..........................................   Passed    0.01 sec
          Start 2303: QualityMetrics.CoverageMeasuresReferenceFractionWithinRadius
2293/4010 Test #2303: QualityMetrics.CoverageMeasuresReferenceFractionWithinRadius ....................................................   Passed    0.01 sec
          Start 2304: QualityMetrics.CloudAdaptersUseLivePoints
2294/4010 Test #2304: QualityMetrics.CloudAdaptersUseLivePoints .......................................................................   Passed    0.01 sec
          Start 2305: QualityMetrics.InvalidInputsFailClosed
2295/4010 Test #2305: QualityMetrics.InvalidInputsFailClosed ..........................................................................   Passed    0.01 sec
          Start 2306: QualityMetrics.SpectralMetricsReject3DInput
2296/4010 Test #2306: QualityMetrics.SpectralMetricsReject3DInput .....................................................................   Passed    0.01 sec
          Start 2307: Sampling.GaussianDisplacementIsDeterministicPerSeedAndElement
2297/4010 Test #2307: Sampling.GaussianDisplacementIsDeterministicPerSeedAndElement ...................................................   Passed    0.00 sec
          Start 2308: SphereSampling.SurfaceRandomIsSeededAndDefaultDeterministic
2298/4010 Test #2308: SphereSampling.SurfaceRandomIsSeededAndDefaultDeterministic .....................................................   Passed    0.00 sec
          Start 2309: SphereSampling.VolumeRandomAndUniformAreSeededAndBounded
2299/4010 Test #2309: SphereSampling.VolumeRandomAndUniformAreSeededAndBounded ........................................................   Passed    0.00 sec
          Start 2310: SurfaceSampling.SamplesFacesInProportionToSurfaceArea
2300/4010 Test #2310: SurfaceSampling.SamplesFacesInProportionToSurfaceArea ...........................................................   Passed    0.01 sec
          Start 2311: SurfaceSampling.DeterministicForFixedSeedAndVariesForDifferentSeed
2301/4010 Test #2311: SurfaceSampling.DeterministicForFixedSeedAndVariesForDifferentSeed ..............................................   Passed    0.00 sec
          Start 2312: SurfaceSampling.InterpolatesSourceVertexNormalsIntoPointCloudNormals
2302/4010 Test #2312: SurfaceSampling.InterpolatesSourceVertexNormalsIntoPointCloudNormals ............................................   Passed    0.01 sec
          Start 2313: SurfaceSampling.FallsBackToGeometricFaceNormalsWhenNoSourceNormalsExist
2303/4010 Test #2313: SurfaceSampling.FallsBackToGeometricFaceNormalsWhenNoSourceNormalsExist .........................................   Passed    0.01 sec
          Start 2314: SurfaceSampling.FailsClosedForInvalidSampleCounts
2304/4010 Test #2314: SurfaceSampling.FailsClosedForInvalidSampleCounts ...............................................................   Passed    0.01 sec
          Start 2315: SurfaceSampling.FailsClosedForEmptyMesh
2305/4010 Test #2315: SurfaceSampling.FailsClosedForEmptyMesh .........................................................................   Passed    0.01 sec
          Start 2316: SurfaceSampling.ReportsDegenerateNonTriangleAndNonFiniteFaces
2306/4010 Test #2316: SurfaceSampling.ReportsDegenerateNonTriangleAndNonFiniteFaces ...................................................   Passed    0.01 sec
          Start 2317: PointCloudNormals.DebugNamesAreStable
2307/4010 Test #2317: PointCloudNormals.DebugNamesAreStable ...........................................................................   Passed    0.01 sec
          Start 2318: PointCloudNormals.FlatGridEstimatePointsAlongZ
2308/4010 Test #2318: PointCloudNormals.FlatGridEstimatePointsAlongZ ..................................................................   Passed    0.01 sec
          Start 2319: PointCloudNormals.SphereNormalsAreUnitAndMostlyOutwardAfterOrientation
2309/4010 Test #2319: PointCloudNormals.SphereNormalsAreUnitAndMostlyOutwardAfterOrientation ..........................................   Passed    0.01 sec
          Start 2320: PointCloudNormals.EstimateReturnsNulloptForEmptyOrTooFewPoints
2310/4010 Test #2320: PointCloudNormals.EstimateReturnsNulloptForEmptyOrTooFewPoints ..................................................   Passed    0.01 sec
          Start 2321: PointCloudNormals.OrientationCanBeDisabled
2311/4010 Test #2321: PointCloudNormals.OrientationCanBeDisabled ......................................................................   Passed    0.01 sec
          Start 2322: PointCloudNormals.CloudRecomputeWritesCanonicalVertexNormalProperty
2312/4010 Test #2322: PointCloudNormals.CloudRecomputeWritesCanonicalVertexNormalProperty .............................................   Passed    0.01 sec
          Start 2323: PointCloudNormals.SuppliedKDTreePathReusesCallerIndex
2313/4010 Test #2323: PointCloudNormals.SuppliedKDTreePathReusesCallerIndex ...........................................................   Passed    0.01 sec
          Start 2324: PointCloudNormals.SuppliedOctreePathReusesCallerIndex
2314/4010 Test #2324: PointCloudNormals.SuppliedOctreePathReusesCallerIndex ...........................................................   Passed    0.01 sec
          Start 2325: PointCloudNormals.RadiusSearchFailsClosedWhenTooFewNeighbors
2315/4010 Test #2325: PointCloudNormals.RadiusSearchFailsClosedWhenTooFewNeighbors ....................................................   Passed    0.01 sec
          Start 2326: PointCloudNormals.NonFinitePointDoesNotProduceNaNNormal
2316/4010 Test #2326: PointCloudNormals.NonFinitePointDoesNotProduceNaNNormal .........................................................   Passed    0.01 sec
          Start 2327: PointCloudNormals.WrongOutputPropertyTypeFailsClosed
2317/4010 Test #2327: PointCloudNormals.WrongOutputPropertyTypeFailsClosed ............................................................   Passed    0.01 sec
          Start 2328: PointCloudFeatures.RowAccessorIsBoundsChecked
2318/4010 Test #2328: PointCloudFeatures.RowAccessorIsBoundsChecked ...................................................................   Passed    0.01 sec
          Start 2329: PointCloudFeatures.MatchRejectsMismatchedDimensions
2319/4010 Test #2329: PointCloudFeatures.MatchRejectsMismatchedDimensions .............................................................   Passed    0.01 sec
          Start 2330: PointCloudFeatures.MatchTieBreakPrefersLowestTargetRow
2320/4010 Test #2330: PointCloudFeatures.MatchTieBreakPrefersLowestTargetRow ..........................................................   Passed    0.01 sec
          Start 2331: PointCloudFeatures.MatchRatioRejectsSingleTargetAmbiguity
2321/4010 Test #2331: PointCloudFeatures.MatchRatioRejectsSingleTargetAmbiguity .......................................................   Passed    0.01 sec
          Start 2332: PointCloudFeatures.MatchRatioRejectsDuplicateTargets
2322/4010 Test #2332: PointCloudFeatures.MatchRatioRejectsDuplicateTargets ............................................................   Passed    0.01 sec
          Start 2333: PointCloudFeatures.ComputeDescriptorsSkipsDeletedPoints
2323/4010 Test #2333: PointCloudFeatures.ComputeDescriptorsSkipsDeletedPoints .........................................................   Passed    0.03 sec
          Start 2334: PointCloudFeatures.KeypointsSkipDeletedPoints
2324/4010 Test #2334: PointCloudFeatures.KeypointsSkipDeletedPoints ...................................................................   Passed    0.01 sec
          Start 2335: PointCloudFeatures.ComputeDescriptorsRequiresNormals
2325/4010 Test #2335: PointCloudFeatures.ComputeDescriptorsRequiresNormals ............................................................   Passed    0.01 sec
          Start 2336: PointCloudFeatures.DetectKeypointsIsDeterministic
2326/4010 Test #2336: PointCloudFeatures.DetectKeypointsIsDeterministic ...............................................................   Passed    0.02 sec
          Start 2337: PointCloudFeatures.DetectKeypointsRejectsTooFewPoints
2327/4010 Test #2337: PointCloudFeatures.DetectKeypointsRejectsTooFewPoints ...........................................................   Passed    0.00 sec
          Start 2338: PointCloudFeatures.DescriptorMatchingIsRotationInvariant
2328/4010 Test #2338: PointCloudFeatures.DescriptorMatchingIsRotationInvariant ........................................................   Passed    0.02 sec
          Start 2339: PointCloudFeatures.CoarseAlignmentRecoversKnownTransform
2329/4010 Test #2339: PointCloudFeatures.CoarseAlignmentRecoversKnownTransform ........................................................   Passed    0.14 sec
          Start 2340: PointCloudFeatures.CoarseAlignmentRejectsOutliers
2330/4010 Test #2340: PointCloudFeatures.CoarseAlignmentRejectsOutliers ...............................................................   Passed    0.09 sec
          Start 2341: PointCloudFeatures.CoarseAlignmentHonorsLargerSampleSize
2331/4010 Test #2341: PointCloudFeatures.CoarseAlignmentHonorsLargerSampleSize ........................................................   Passed    0.14 sec
          Start 2342: PointCloudFeatures.CoarseAlignmentInsufficientCorrespondences
2332/4010 Test #2342: PointCloudFeatures.CoarseAlignmentInsufficientCorrespondences ...................................................   Passed    0.00 sec
          Start 2343: PointCloudFeatures.HandlesCollinearAndDuplicatePoints
2333/4010 Test #2343: PointCloudFeatures.HandlesCollinearAndDuplicatePoints ...........................................................   Passed    0.00 sec
          Start 2344: PointCloudFeatures.IcpRegistrationRemainsReachable
2334/4010 Test #2344: PointCloudFeatures.IcpRegistrationRemainsReachable ..............................................................   Passed    0.00 sec
          Start 2345: Registration_ICP.ReturnsNulloptForEmptySource
2335/4010 Test #2345: Registration_ICP.ReturnsNulloptForEmptySource ...................................................................   Passed    0.00 sec
          Start 2346: Registration_ICP.ReturnsNulloptForEmptyTarget
2336/4010 Test #2346: Registration_ICP.ReturnsNulloptForEmptyTarget ...................................................................   Passed    0.00 sec
          Start 2347: Registration_ICP.ReturnsNulloptForTooFewPoints
2337/4010 Test #2347: Registration_ICP.ReturnsNulloptForTooFewPoints ..................................................................   Passed    0.00 sec
          Start 2348: Registration_ICP.ReturnsNulloptForZeroIterations
2338/4010 Test #2348: Registration_ICP.ReturnsNulloptForZeroIterations ................................................................   Passed    0.00 sec
          Start 2349: Registration_ICP.ReturnsNulloptForInvalidInlierRatio
2339/4010 Test #2349: Registration_ICP.ReturnsNulloptForInvalidInlierRatio ............................................................   Passed    0.00 sec
          Start 2350: Registration_ICP.ReturnsNulloptForInvalidRobustScaleOnlyWhenEnabled
2340/4010 Test #2350: Registration_ICP.ReturnsNulloptForInvalidRobustScaleOnlyWhenEnabled .............................................   Passed    0.01 sec
          Start 2351: Registration_ICP.IdentityAlignmentPointToPoint
2341/4010 Test #2351: Registration_ICP.IdentityAlignmentPointToPoint ..................................................................   Passed    0.01 sec
          Start 2352: Registration_ICP.IdentityAlignmentPointToPlane
2342/4010 Test #2352: Registration_ICP.IdentityAlignmentPointToPlane ..................................................................   Passed    0.01 sec
          Start 2353: Registration_ICP.RecoversPureTranslation_PointToPoint
2343/4010 Test #2353: Registration_ICP.RecoversPureTranslation_PointToPoint ...........................................................   Passed    0.01 sec
          Start 2354: Registration_ICP.RecoversPureTranslation_PointToPlane
2344/4010 Test #2354: Registration_ICP.RecoversPureTranslation_PointToPlane ...........................................................   Passed    0.05 sec
          Start 2355: Registration_ICP.RecoversSmallRotation_PointToPoint
2345/4010 Test #2355: Registration_ICP.RecoversSmallRotation_PointToPoint .............................................................   Passed    0.01 sec
          Start 2356: Registration_ICP.RecoversSmallRotation_PointToPlane
2346/4010 Test #2356: Registration_ICP.RecoversSmallRotation_PointToPlane .............................................................   Passed    0.01 sec
          Start 2357: Registration_ICP.RecoversRigidTransform_PointToPoint
2347/4010 Test #2357: Registration_ICP.RecoversRigidTransform_PointToPoint ............................................................   Passed    0.01 sec
          Start 2358: Registration_ICP.RecoversRigidTransform_PointToPlane
2348/4010 Test #2358: Registration_ICP.RecoversRigidTransform_PointToPlane ............................................................   Passed    0.04 sec
          Start 2359: Registration_ICP.PointToPlane_FallbackWithoutNormals
2349/4010 Test #2359: Registration_ICP.PointToPlane_FallbackWithoutNormals ............................................................   Passed    0.01 sec
          Start 2360: Registration_ICP.RMSEHistoryIsMonotonicallyDecreasing
2350/4010 Test #2360: Registration_ICP.RMSEHistoryIsMonotonicallyDecreasing ...........................................................   Passed    0.01 sec
          Start 2361: Registration_ICP.ConvergesOnIdenticalClouds
2351/4010 Test #2361: Registration_ICP.ConvergesOnIdenticalClouds .....................................................................   Passed    0.01 sec
          Start 2362: Registration_ICP.OutlierRejectionImproveAlignment
2352/4010 Test #2362: Registration_ICP.OutlierRejectionImproveAlignment ...............................................................   Passed    0.01 sec
          Start 2363: Registration_ICP.RobustKernelDownweightsGrossOutliers
2353/4010 Test #2363: Registration_ICP.RobustKernelDownweightsGrossOutliers ...........................................................   Passed    0.01 sec
          Start 2364: Registration_ICP.MaxCorrespondenceDistanceRejectsDistantPairs
2354/4010 Test #2364: Registration_ICP.MaxCorrespondenceDistanceRejectsDistantPairs ...................................................   Passed    0.01 sec
          Start 2365: Registration_ICP.FlatGridTranslation_PointToPlane
2355/4010 Test #2365: Registration_ICP.FlatGridTranslation_PointToPlane ...............................................................   Passed    0.01 sec
          Start 2366: Registration_ICP.ResultFieldsArePopulated
2356/4010 Test #2366: Registration_ICP.ResultFieldsArePopulated .......................................................................   Passed    0.01 sec
          Start 2367: Registration_ICP.PointToPlaneConvergesWell
2357/4010 Test #2367: Registration_ICP.PointToPlaneConvergesWell ......................................................................   Passed    0.19 sec
          Start 2368: Registration_ICP.ObserverDoesNotChangeResult
2358/4010 Test #2368: Registration_ICP.ObserverDoesNotChangeResult ....................................................................   Passed    0.02 sec
          Start 2369: Registration_ICP.ObserverReceivesPerIterationTraces
2359/4010 Test #2369: Registration_ICP.ObserverReceivesPerIterationTraces .............................................................   Passed    0.01 sec
          Start 2370: BilateralFilter.NulloptOnEmptyCloud
2360/4010 Test #2370: BilateralFilter.NulloptOnEmptyCloud .............................................................................   Passed    0.00 sec
          Start 2371: BilateralFilter.NulloptOnSinglePoint
2361/4010 Test #2371: BilateralFilter.NulloptOnSinglePoint ............................................................................   Passed    0.00 sec
          Start 2372: BilateralFilter.NulloptWithoutNormals
2362/4010 Test #2372: BilateralFilter.NulloptWithoutNormals ...........................................................................   Passed    0.00 sec
          Start 2373: BilateralFilter.ZeroIterationsReturnsEmptyResult
2363/4010 Test #2373: BilateralFilter.ZeroIterationsReturnsEmptyResult ................................................................   Passed    0.00 sec
          Start 2374: BilateralFilter.FlatGridUnchanged
2364/4010 Test #2374: BilateralFilter.FlatGridUnchanged ...............................................................................   Passed    0.01 sec
          Start 2375: BilateralFilter.ReducesNoise
2365/4010 Test #2375: BilateralFilter.ReducesNoise ....................................................................................   Passed    0.02 sec
          Start 2376: BilateralFilter.MultipleIterationsConverge
2366/4010 Test #2376: BilateralFilter.MultipleIterationsConverge ......................................................................   Passed    0.01 sec
          Start 2377: BilateralFilter.DegenerateNormalsSkipped
2367/4010 Test #2377: BilateralFilter.DegenerateNormalsSkipped ........................................................................   Passed    0.01 sec
          Start 2378: BilateralFilter.ResultDiagnosticsComplete
2368/4010 Test #2378: BilateralFilter.ResultDiagnosticsComplete .......................................................................   Passed    0.01 sec
          Start 2379: OutlierEstimation.NulloptOnEmptyCloud
2369/4010 Test #2379: OutlierEstimation.NulloptOnEmptyCloud ...........................................................................   Passed    0.00 sec
          Start 2380: OutlierEstimation.NulloptOnSinglePoint
2370/4010 Test #2380: OutlierEstimation.NulloptOnSinglePoint ..........................................................................   Passed    0.00 sec
          Start 2381: OutlierEstimation.UniformCloudLowScores
2371/4010 Test #2381: OutlierEstimation.UniformCloudLowScores .........................................................................   Passed    0.01 sec
          Start 2382: OutlierEstimation.DetectsOutliers
2372/4010 Test #2382: OutlierEstimation.DetectsOutliers ...............................................................................   Passed    0.01 sec
          Start 2383: OutlierEstimation.PublishesProperty
2373/4010 Test #2383: OutlierEstimation.PublishesProperty .............................................................................   Passed    0.00 sec
          Start 2384: OutlierEstimation.ScoreThresholdAffectsCount
2374/4010 Test #2384: OutlierEstimation.ScoreThresholdAffectsCount ....................................................................   Passed    0.02 sec
          Start 2385: OutlierEstimation.ResultDiagnosticsComplete
2375/4010 Test #2385: OutlierEstimation.ResultDiagnosticsComplete .....................................................................   Passed    0.01 sec
          Start 2386: KDE.NulloptOnEmptyCloud
2376/4010 Test #2386: KDE.NulloptOnEmptyCloud .........................................................................................   Passed    0.01 sec
          Start 2387: KDE.NulloptOnSinglePoint
2377/4010 Test #2387: KDE.NulloptOnSinglePoint ........................................................................................   Passed    0.00 sec
          Start 2388: KDE.UniformCloudSimilarDensities
2378/4010 Test #2388: KDE.UniformCloudSimilarDensities ................................................................................   Passed    0.01 sec
          Start 2389: KDE.HigherDensityInDenseRegion
2379/4010 Test #2389: KDE.HigherDensityInDenseRegion ..................................................................................   Passed    0.01 sec
          Start 2390: KDE.PublishesProperty
2380/4010 Test #2390: KDE.PublishesProperty ...........................................................................................   Passed    0.00 sec
          Start 2391: KDE.CustomBandwidth
2381/4010 Test #2391: KDE.CustomBandwidth .............................................................................................   Passed    0.01 sec
          Start 2392: KDE.SilvermanBandwidthAutomatic
2382/4010 Test #2392: KDE.SilvermanBandwidthAutomatic .................................................................................   Passed    0.01 sec
          Start 2393: KDE.ResultDiagnosticsComplete
2383/4010 Test #2393: KDE.ResultDiagnosticsComplete ...................................................................................   Passed    0.01 sec
          Start 2394: PointCloudOutlierRemoval.StatisticalRejectsKnownOutliers
2384/4010 Test #2394: PointCloudOutlierRemoval.StatisticalRejectsKnownOutliers ........................................................   Passed    0.00 sec
          Start 2395: PointCloudOutlierRemoval.StatisticalIsDeterministic
2385/4010 Test #2395: PointCloudOutlierRemoval.StatisticalIsDeterministic .............................................................   Passed    0.00 sec
          Start 2396: PointCloudOutlierRemoval.StatisticalRejectsNonFinitePositions
2386/4010 Test #2396: PointCloudOutlierRemoval.StatisticalRejectsNonFinitePositions ...................................................   Passed    0.00 sec
          Start 2397: PointCloudOutlierRemoval.StatisticalInvalidInputs
2387/4010 Test #2397: PointCloudOutlierRemoval.StatisticalInvalidInputs ...............................................................   Passed    0.00 sec
          Start 2398: PointCloudOutlierRemoval.RadiusRejectsIsolatedPoints
2388/4010 Test #2398: PointCloudOutlierRemoval.RadiusRejectsIsolatedPoints ............................................................   Passed    0.00 sec
          Start 2399: PointCloudOutlierRemoval.RadiusIsDeterministicAndAscending
2389/4010 Test #2399: PointCloudOutlierRemoval.RadiusIsDeterministicAndAscending ......................................................   Passed    0.00 sec
          Start 2400: PointCloudOutlierRemoval.RadiusInvalidInputs
2390/4010 Test #2400: PointCloudOutlierRemoval.RadiusInvalidInputs ....................................................................   Passed    0.00 sec
          Start 2401: PointCloudOutlierRemoval.RadiusRejectsNonFinitePositions
2391/4010 Test #2401: PointCloudOutlierRemoval.RadiusRejectsNonFinitePositions ........................................................   Passed    0.00 sec
          Start 2402: IntersectionClassificationEnums.KindValuesArePinned
2392/4010 Test #2402: IntersectionClassificationEnums.KindValuesArePinned .............................................................   Passed    0.00 sec
          Start 2403: IntersectionClassificationEnums.SegmentFeatureValuesArePinned
2393/4010 Test #2403: IntersectionClassificationEnums.SegmentFeatureValuesArePinned ...................................................   Passed    0.00 sec
          Start 2404: IntersectionClassificationEnums.RayFeatureValuesArePinned
2394/4010 Test #2404: IntersectionClassificationEnums.RayFeatureValuesArePinned .......................................................   Passed    0.00 sec
          Start 2405: IntersectionClassificationEnums.TriangleFeatureValuesArePinned
2395/4010 Test #2405: IntersectionClassificationEnums.TriangleFeatureValuesArePinned ..................................................   Passed    0.00 sec
          Start 2406: IntersectionClassificationDefaults.AllRecordsDefaultToUncertain
2396/4010 Test #2406: IntersectionClassificationDefaults.AllRecordsDefaultToUncertain .................................................   Passed    0.00 sec
          Start 2407: IntersectionClassificationDefaults.ScalarFieldsAreUnspecified
2397/4010 Test #2407: IntersectionClassificationDefaults.ScalarFieldsAreUnspecified ...................................................   Passed    0.00 sec
          Start 2408: IntersectionClassificationDefaults.FeatureFieldsAreNone
2398/4010 Test #2408: IntersectionClassificationDefaults.FeatureFieldsAreNone .........................................................   Passed    0.00 sec
          Start 2409: IntersectionClassificationRecords.RecordsAreTriviallyCopyable
2399/4010 Test #2409: IntersectionClassificationRecords.RecordsAreTriviallyCopyable ...................................................   Passed    0.00 sec
          Start 2410: IntersectionClassificationHelpers.HasIntersectionMatchesContract
2400/4010 Test #2410: IntersectionClassificationHelpers.HasIntersectionMatchesContract ................................................   Passed    0.00 sec
          Start 2411: IntersectionClassificationHelpers.IsAmbiguousIsOnlyTrueForUncertain
2401/4010 Test #2411: IntersectionClassificationHelpers.IsAmbiguousIsOnlyTrueForUncertain .............................................   Passed    0.00 sec
          Start 2412: IntersectionClassificationHelpers.TriangleFeatureFromBarycentricMapsVerticesAndEdges
2402/4010 Test #2412: IntersectionClassificationHelpers.TriangleFeatureFromBarycentricMapsVerticesAndEdges ............................   Passed    0.00 sec
          Start 2413: IntersectionClassificationHelpers.TriangleFeatureFromBarycentricMapsOutOfTriangleToNone
2403/4010 Test #2413: IntersectionClassificationHelpers.TriangleFeatureFromBarycentricMapsOutOfTriangleToNone .........................   Passed    0.00 sec
          Start 2414: IntersectionClassificationCallerUse.ProperSegmentSegmentRoundTrip
2404/4010 Test #2414: IntersectionClassificationCallerUse.ProperSegmentSegmentRoundTrip ...............................................   Passed    0.00 sec
          Start 2415: IntersectionClassificationCallerUse.UncertainPointTrianglePropagatesPredicateDiagnostics
2405/4010 Test #2415: IntersectionClassificationCallerUse.UncertainPointTrianglePropagatesPredicateDiagnostics ........................   Passed    0.00 sec
          Start 2416: RayTriangleClassifyParity.InteriorHitMatchesWatertightAndReportsProper
2406/4010 Test #2416: RayTriangleClassifyParity.InteriorHitMatchesWatertightAndReportsProper ..........................................   Passed    0.00 sec
          Start 2417: RayTriangleClassifyParity.MissReportsNoneAndMatchesWatertight
2407/4010 Test #2417: RayTriangleClassifyParity.MissReportsNoneAndMatchesWatertight ...................................................   Passed    0.01 sec
          Start 2418: RayTriangleClassifyParity.BehindTMinReportsNone
2408/4010 Test #2418: RayTriangleClassifyParity.BehindTMinReportsNone .................................................................   Passed    0.01 sec
          Start 2419: RayTriangleClassifyParity.BeyondTMaxReportsNone
2409/4010 Test #2419: RayTriangleClassifyParity.BeyondTMaxReportsNone .................................................................   Passed    0.00 sec
          Start 2420: RayTriangleClassifyParity.BatchedConfigurationsAgreeOnHitGeometry
2410/4010 Test #2420: RayTriangleClassifyParity.BatchedConfigurationsAgreeOnHitGeometry ...............................................   Passed    0.01 sec
          Start 2421: RayTriangleClassifyDegenerate.ZeroAreaTriangleReportsDegenerateInput
2411/4010 Test #2421: RayTriangleClassifyDegenerate.ZeroAreaTriangleReportsDegenerateInput ............................................   Passed    0.00 sec
          Start 2422: RayTriangleClassifyDegenerate.InvalidRayReportsDegenerateInput
2412/4010 Test #2422: RayTriangleClassifyDegenerate.InvalidRayReportsDegenerateInput ..................................................   Passed    0.01 sec
          Start 2423: RayTriangleClassifyBoundary.VertexAHitReportsTouchingVertexA
2413/4010 Test #2423: RayTriangleClassifyBoundary.VertexAHitReportsTouchingVertexA ....................................................   Passed    0.01 sec
          Start 2424: RayTriangleClassifyBoundary.VertexBHitReportsTouchingVertexB
2414/4010 Test #2424: RayTriangleClassifyBoundary.VertexBHitReportsTouchingVertexB ....................................................   Passed    0.01 sec
          Start 2425: RayTriangleClassifyBoundary.VertexCHitReportsTouchingVertexC
2415/4010 Test #2425: RayTriangleClassifyBoundary.VertexCHitReportsTouchingVertexC ....................................................   Passed    0.01 sec
          Start 2426: RayTriangleClassifyBoundary.EdgeABMidpointReportsTouchingEdgeAB
2416/4010 Test #2426: RayTriangleClassifyBoundary.EdgeABMidpointReportsTouchingEdgeAB .................................................   Passed    0.00 sec
          Start 2427: RayTriangleClassifyBoundary.EdgeBCMidpointReportsTouchingEdgeBC
2417/4010 Test #2427: RayTriangleClassifyBoundary.EdgeBCMidpointReportsTouchingEdgeBC .................................................   Passed    0.00 sec
          Start 2428: RayTriangleClassifyBoundary.EdgeCAMidpointReportsTouchingEdgeCA
2418/4010 Test #2428: RayTriangleClassifyBoundary.EdgeCAMidpointReportsTouchingEdgeCA .................................................   Passed    0.00 sec
          Start 2429: RayTriangleClassifyRayFeature.OriginOnTriangleReportsOriginFeature
2419/4010 Test #2429: RayTriangleClassifyRayFeature.OriginOnTriangleReportsOriginFeature ..............................................   Passed    0.00 sec
          Start 2430: RayTriangleClassifyRayFeature.ForwardHitReportsInteriorRayFeature
2420/4010 Test #2430: RayTriangleClassifyRayFeature.ForwardHitReportsInteriorRayFeature ...............................................   Passed    0.00 sec
          Start 2431: RobustPredicatesScaledEpsilon.ZeroScaleStillReturnsPositiveFloor
2421/4010 Test #2431: RobustPredicatesScaledEpsilon.ZeroScaleStillReturnsPositiveFloor ................................................   Passed    0.00 sec
          Start 2432: RobustPredicatesScaledEpsilon.GrowsWithScale
2422/4010 Test #2432: RobustPredicatesScaledEpsilon.GrowsWithScale ....................................................................   Passed    0.00 sec
          Start 2433: RobustPredicatesApproxZero.ExactZeroIsCertainZeroAtAnyScale
2423/4010 Test #2433: RobustPredicatesApproxZero.ExactZeroIsCertainZeroAtAnyScale .....................................................   Passed    0.00 sec
          Start 2434: RobustPredicatesApproxZero.OrdinaryMagnitudeIsCertainPositive
2424/4010 Test #2434: RobustPredicatesApproxZero.OrdinaryMagnitudeIsCertainPositive ...................................................   Passed    0.00 sec
          Start 2435: RobustPredicatesApproxZero.InsideBandIsUncertainPositive
2425/4010 Test #2435: RobustPredicatesApproxZero.InsideBandIsUncertainPositive ........................................................   Passed    0.00 sec
          Start 2436: RobustPredicatesApproxZero.ScaleAdaptsBandSize
2426/4010 Test #2436: RobustPredicatesApproxZero.ScaleAdaptsBandSize ..................................................................   Passed    0.00 sec
          Start 2437: RobustPredicatesApproxZero.NegativeInputsAreTreatedAsMagnitude
2427/4010 Test #2437: RobustPredicatesApproxZero.NegativeInputsAreTreatedAsMagnitude ..................................................   Passed    0.00 sec
          Start 2438: RobustPredicatesApproxZero.FilterBoundMatchesScaledEpsilon
2428/4010 Test #2438: RobustPredicatesApproxZero.FilterBoundMatchesScaledEpsilon ......................................................   Passed    0.00 sec
          Start 2439: RobustPredicatesOrientation2D.ProperCounterClockwiseIsPositiveCertain
2429/4010 Test #2439: RobustPredicatesOrientation2D.ProperCounterClockwiseIsPositiveCertain ...........................................   Passed    0.00 sec
          Start 2440: RobustPredicatesOrientation2D.ProperClockwiseIsNegativeCertain
2430/4010 Test #2440: RobustPredicatesOrientation2D.ProperClockwiseIsNegativeCertain ..................................................   Passed    0.00 sec
          Start 2441: RobustPredicatesOrientation2D.CollinearExactlyIsZeroCertain
2431/4010 Test #2441: RobustPredicatesOrientation2D.CollinearExactlyIsZeroCertain .....................................................   Passed    0.00 sec
          Start 2442: RobustPredicatesOrientation2D.DuplicatedPointIsZero
2432/4010 Test #2442: RobustPredicatesOrientation2D.DuplicatedPointIsZero .............................................................   Passed    0.01 sec
          Start 2443: RobustPredicatesOrientation2D.LargeScaleIsDecidable
2433/4010 Test #2443: RobustPredicatesOrientation2D.LargeScaleIsDecidable .............................................................   Passed    0.01 sec
          Start 2444: RobustPredicatesOrientation2D.SmallScaleIsDecidable
2434/4010 Test #2444: RobustPredicatesOrientation2D.SmallScaleIsDecidable .............................................................   Passed    0.00 sec
          Start 2445: RobustPredicatesOrientation2D.NonDegenerateInputReportsActiveFilter
2435/4010 Test #2445: RobustPredicatesOrientation2D.NonDegenerateInputReportsActiveFilter .............................................   Passed    0.01 sec
          Start 2446: RobustPredicatesOrientation3D.PointAbovePlaneIsPositiveCertain
2436/4010 Test #2446: RobustPredicatesOrientation3D.PointAbovePlaneIsPositiveCertain ..................................................   Passed    0.01 sec
          Start 2447: RobustPredicatesOrientation3D.PointBelowPlaneIsNegativeCertain
2437/4010 Test #2447: RobustPredicatesOrientation3D.PointBelowPlaneIsNegativeCertain ..................................................   Passed    0.00 sec
          Start 2448: RobustPredicatesOrientation3D.CoplanarExactlyIsZeroCertain
2438/4010 Test #2448: RobustPredicatesOrientation3D.CoplanarExactlyIsZeroCertain ......................................................   Passed    0.01 sec
          Start 2449: RobustPredicatesOrientation3D.DegenerateBaseTriangleStillProducesResult
2439/4010 Test #2449: RobustPredicatesOrientation3D.DegenerateBaseTriangleStillProducesResult .........................................   Passed    0.00 sec
          Start 2450: RobustPredicatesSignedDistanceToPlane.AboveAndBelowPlane
2440/4010 Test #2450: RobustPredicatesSignedDistanceToPlane.AboveAndBelowPlane ........................................................   Passed    0.00 sec
          Start 2451: RobustPredicatesSignedDistanceToPlane.OnPlaneIsZero
2441/4010 Test #2451: RobustPredicatesSignedDistanceToPlane.OnPlaneIsZero .............................................................   Passed    0.00 sec
          Start 2452: RobustPredicatesSignedDistanceToHessianPlane.ExactZeroOnPlaneIsCertainZero
2442/4010 Test #2452: RobustPredicatesSignedDistanceToHessianPlane.ExactZeroOnPlaneIsCertainZero ......................................   Passed    0.00 sec
          Start 2453: RobustPredicatesSignedDistanceToHessianPlane.AboveAndBelowReportCertainSign
2443/4010 Test #2453: RobustPredicatesSignedDistanceToHessianPlane.AboveAndBelowReportCertainSign .....................................   Passed    0.00 sec
          Start 2454: RobustPredicatesSignedDistanceToHessianPlane.MatchesOriginFormForUnitNormal
2444/4010 Test #2454: RobustPredicatesSignedDistanceToHessianPlane.MatchesOriginFormForUnitNormal .....................................   Passed    0.00 sec
          Start 2455: RobustPredicatesSignedDistanceToHessianPlane.ScaledNormalScalesValueButNotSign
2445/4010 Test #2455: RobustPredicatesSignedDistanceToHessianPlane.ScaledNormalScalesValueButNotSign ..................................   Passed    0.00 sec
          Start 2456: RobustPredicatesSignedDistanceToHessianPlane.LargeAndSmallScaleAreDecidable
2446/4010 Test #2456: RobustPredicatesSignedDistanceToHessianPlane.LargeAndSmallScaleAreDecidable .....................................   Passed    0.00 sec
          Start 2457: RobustPredicatesBarycentric.CentroidIsInterior
2447/4010 Test #2457: RobustPredicatesBarycentric.CentroidIsInterior ..................................................................   Passed    0.00 sec
          Start 2458: RobustPredicatesBarycentric.VertexIncidence
2448/4010 Test #2458: RobustPredicatesBarycentric.VertexIncidence .....................................................................   Passed    0.00 sec
          Start 2459: RobustPredicatesBarycentric.EdgeMidpointIncidence
2449/4010 Test #2459: RobustPredicatesBarycentric.EdgeMidpointIncidence ...............................................................   Passed    0.00 sec
          Start 2460: RobustPredicatesBarycentric.ClearlyOutsideIsOutside
2450/4010 Test #2460: RobustPredicatesBarycentric.ClearlyOutsideIsOutside .............................................................   Passed    0.00 sec
          Start 2461: RobustPredicatesBarycentric.DegenerateTriangleReportsDegenerate
2451/4010 Test #2461: RobustPredicatesBarycentric.DegenerateTriangleReportsDegenerate .................................................   Passed    0.00 sec
          Start 2462: RobustPredicatesBarycentric.AboveTriangleStillProjectsToInteriorRegion
2452/4010 Test #2462: RobustPredicatesBarycentric.AboveTriangleStillProjectsToInteriorRegion ..........................................   Passed    0.00 sec
          Start 2463: RobustPredicatesBarycentric.LargeAndSmallScaleAreDecidable
2453/4010 Test #2463: RobustPredicatesBarycentric.LargeAndSmallScaleAreDecidable ......................................................   Passed    0.00 sec
          Start 2464: LinearAlgebra.GlmEigenAdaptersRoundTripFixedSizeValues
2454/4010 Test #2464: LinearAlgebra.GlmEigenAdaptersRoundTripFixedSizeValues ..........................................................   Passed    0.00 sec
          Start 2465: LinearAlgebra.MapRowMajorMatrixViewsContiguousBufferWithoutCopy
2455/4010 Test #2465: LinearAlgebra.MapRowMajorMatrixViewsContiguousBufferWithoutCopy .................................................   Passed    0.00 sec
          Start 2466: LinearAlgebra.SvdReconstructsDeterministicMatrix
2456/4010 Test #2466: LinearAlgebra.SvdReconstructsDeterministicMatrix ................................................................   Passed    0.00 sec
          Start 2467: LinearAlgebra.QrAndSymmetricEigenSolveSmallSystems
2457/4010 Test #2467: LinearAlgebra.QrAndSymmetricEigenSolveSmallSystems ..............................................................   Passed    0.00 sec
          Start 2468: LinearAlgebra.LeastSquaresPolarAndCovarianceReturnDiagnostics
2458/4010 Test #2468: LinearAlgebra.LeastSquaresPolarAndCovarianceReturnDiagnostics ...................................................   Passed    0.00 sec
          Start 2469: LinearAlgebra.RobustPCARecoversLowRankPlusSparseMatrix
2459/4010 Test #2469: LinearAlgebra.RobustPCARecoversLowRankPlusSparseMatrix ..........................................................   Passed    0.02 sec
          Start 2470: LinearAlgebra.RobustPCAIsDeterministicForIdenticalInput
2460/4010 Test #2470: LinearAlgebra.RobustPCAIsDeterministicForIdenticalInput .........................................................   Passed    0.04 sec
          Start 2471: LinearAlgebra.RobustPCAFailsClosedForDegenerateInput
2461/4010 Test #2471: LinearAlgebra.RobustPCAFailsClosedForDegenerateInput ............................................................   Passed    0.00 sec
          Start 2472: Sparse.BuilderSortsMergesDropsAndMultiplies
2462/4010 Test #2472: Sparse.BuilderSortsMergesDropsAndMultiplies .....................................................................   Passed    0.00 sec
          Start 2473: Sparse.DiagnosticsClassifyLaplacianLikeMatrix
2463/4010 Test #2473: Sparse.DiagnosticsClassifyLaplacianLikeMatrix ...................................................................   Passed    0.00 sec
          Start 2474: Sparse.ConjugateGradientReportsConvergenceAndBreakdown
2464/4010 Test #2474: Sparse.ConjugateGradientReportsConvergenceAndBreakdown ..........................................................   Passed    0.00 sec
          Start 2475: Sparse.ShiftedConjugateGradientUsesDiagonalMassTerm
2465/4010 Test #2475: Sparse.ShiftedConjugateGradientUsesDiagonalMassTerm .............................................................   Passed    0.01 sec
          Start 2476: SparseFactorization.LDLTSolvesOneDimensionalPoissonSystem
2466/4010 Test #2476: SparseFactorization.LDLTSolvesOneDimensionalPoissonSystem .......................................................   Passed    0.01 sec
          Start 2477: SparseFactorization.LLTSolvesTriangleFanMassPlusLaplacianShape
2467/4010 Test #2477: SparseFactorization.LLTSolvesTriangleFanMassPlusLaplacianShape ..................................................   Passed    0.01 sec
          Start 2478: SparseFactorization.LDLTAndLLTClassifyIndefiniteAndSingularSystems
2468/4010 Test #2478: SparseFactorization.LDLTAndLLTClassifyIndefiniteAndSingularSystems ..............................................   Passed    0.01 sec
          Start 2479: SparseFactorization.MultiRhsSolveMatchesKnownSolutions
2469/4010 Test #2479: SparseFactorization.MultiRhsSolveMatchesKnownSolutions ..........................................................   Passed    0.01 sec
          Start 2480: SparseFactorization.SolveInPlaceReusesRhsStorage
2470/4010 Test #2480: SparseFactorization.SolveInPlaceReusesRhsStorage ................................................................   Passed    0.01 sec
          Start 2481: SparseFactorization.RejectsInvalidInputAndDimensionMismatches
2471/4010 Test #2481: SparseFactorization.RejectsInvalidInputAndDimensionMismatches ...................................................   Passed    0.00 sec
          Start 2482: SparseFactorization.FactorOnceSolveManyIsBitStable
2472/4010 Test #2482: SparseFactorization.FactorOnceSolveManyIsBitStable ..............................................................   Passed    0.00 sec
          Start 2483: SparseNonsymmetric.BiCGSTABSolvesAdvectionDiffusionSystem
2473/4010 Test #2483: SparseNonsymmetric.BiCGSTABSolvesAdvectionDiffusionSystem .......................................................   Passed    0.00 sec
          Start 2484: SparseNonsymmetric.BiCGSTABMatchesCGOnSPDSystem
2474/4010 Test #2484: SparseNonsymmetric.BiCGSTABMatchesCGOnSPDSystem .................................................................   Passed    0.00 sec
          Start 2485: SparseNonsymmetric.SingularSystemReportsFailureWithoutMutatingOutput
2475/4010 Test #2485: SparseNonsymmetric.SingularSystemReportsFailureWithoutMutatingOutput ............................................   Passed    0.01 sec
          Start 2486: SparseNonsymmetric.RejectsInvalidInputs
2476/4010 Test #2486: SparseNonsymmetric.RejectsInvalidInputs .........................................................................   Passed    0.01 sec
          Start 2487: SparseNonsymmetric.MultiRhsSolveMatchesKnownSolutions
2477/4010 Test #2487: SparseNonsymmetric.MultiRhsSolveMatchesKnownSolutions ...........................................................   Passed    0.01 sec
          Start 2488: SparseNonsymmetric.PreconditionersAgreeWithinTolerance
2478/4010 Test #2488: SparseNonsymmetric.PreconditionersAgreeWithinTolerance ..........................................................   Passed    0.00 sec
          Start 2489: SparseNonsymmetric.IdenticalInputsAreBitStable
2479/4010 Test #2489: SparseNonsymmetric.IdenticalInputsAreBitStable ..................................................................   Passed    0.01 sec
          Start 2490: SignedHeatMethod.ClosedSquareProducesFiniteSignedField
2480/4010 Test #2490: SignedHeatMethod.ClosedSquareProducesFiniteSignedField ..........................................................   Passed    0.01 sec
          Start 2491: SignedHeatMethod.ReversingBoundaryFlipsSign
2481/4010 Test #2491: SignedHeatMethod.ReversingBoundaryFlipsSign .....................................................................   Passed    0.01 sec
          Start 2492: SignedHeatMethod.OpenBoundaryReportsDegenerateButFinite
2482/4010 Test #2492: SignedHeatMethod.OpenBoundaryReportsDegenerateButFinite .........................................................   Passed    0.01 sec
          Start 2493: SignedHeatMethod.InvalidInputsFailClosed
2483/4010 Test #2493: SignedHeatMethod.InvalidInputsFailClosed ........................................................................   Passed    0.00 sec
          Start 2494: SignedHeatMethod.IdenticalInputsAreBitStable
2484/4010 Test #2494: SignedHeatMethod.IdenticalInputsAreBitStable ....................................................................   Passed    0.01 sec
          Start 2495: SubmeshView_Mesh.DefaultMeshIsNotView
2485/4010 Test #2495: SubmeshView_Mesh.DefaultMeshIsNotView ...........................................................................   Passed    0.00 sec
          Start 2496: SubmeshView_Mesh.CreateViewSharesStorage
2486/4010 Test #2496: SubmeshView_Mesh.CreateViewSharesStorage ........................................................................   Passed    0.00 sec
          Start 2497: SubmeshView_Mesh.ViewPositionsReturnSubspan
2487/4010 Test #2497: SubmeshView_Mesh.ViewPositionsReturnSubspan .....................................................................   Passed    0.00 sec
          Start 2498: SubmeshView_Mesh.ViewRangeAccessors
2488/4010 Test #2498: SubmeshView_Mesh.ViewRangeAccessors .............................................................................   Passed    0.00 sec
          Start 2499: SubmeshView_Mesh.ViewClampsToSourceExtent
2489/4010 Test #2499: SubmeshView_Mesh.ViewClampsToSourceExtent .......................................................................   Passed    0.00 sec
          Start 2500: SubmeshView_Mesh.ViewWithOffsetBeyondSizeGivesEmpty
2490/4010 Test #2500: SubmeshView_Mesh.ViewWithOffsetBeyondSizeGivesEmpty .............................................................   Passed    0.00 sec
          Start 2501: SubmeshView_Mesh.ViewSharesPositionDataWithSource
2491/4010 Test #2501: SubmeshView_Mesh.ViewSharesPositionDataWithSource ...............................................................   Passed    0.00 sec
          Start 2502: SubmeshView_Graph.DefaultGraphIsNotView
2492/4010 Test #2502: SubmeshView_Graph.DefaultGraphIsNotView .........................................................................   Passed    0.00 sec
          Start 2503: SubmeshView_Graph.CreateViewRestrictsSize
2493/4010 Test #2503: SubmeshView_Graph.CreateViewRestrictsSize .......................................................................   Passed    0.00 sec
          Start 2504: SubmeshView_Graph.ViewRangeAccessors
2494/4010 Test #2504: SubmeshView_Graph.ViewRangeAccessors ............................................................................   Passed    0.00 sec
          Start 2505: SubmeshView_Cloud.DefaultCloudIsNotView
2495/4010 Test #2505: SubmeshView_Cloud.DefaultCloudIsNotView .........................................................................   Passed    0.00 sec
          Start 2506: SubmeshView_Cloud.CreateViewRestrictsSize
2496/4010 Test #2506: SubmeshView_Cloud.CreateViewRestrictsSize .......................................................................   Passed    0.00 sec
          Start 2507: SubmeshView_Cloud.ViewPositionsReturnSubspan
2497/4010 Test #2507: SubmeshView_Cloud.ViewPositionsReturnSubspan ....................................................................   Passed    0.01 sec
          Start 2508: SubmeshView_Cloud.ViewNormalsReturnSubspan
2498/4010 Test #2508: SubmeshView_Cloud.ViewNormalsReturnSubspan ......................................................................   Passed    0.01 sec
          Start 2509: SubmeshView_Cloud.ViewSharesDataWithSource
2499/4010 Test #2509: SubmeshView_Cloud.ViewSharesDataWithSource ......................................................................   Passed    0.01 sec
          Start 2510: SubmeshView_Cloud.ViewClampsOverflow
2500/4010 Test #2510: SubmeshView_Cloud.ViewClampsOverflow ............................................................................   Passed    0.01 sec
          Start 2511: SubmeshView_Cloud.ViewRangeAccessor
2501/4010 Test #2511: SubmeshView_Cloud.ViewRangeAccessor .............................................................................   Passed    0.01 sec
          Start 2512: SubmeshView_Cloud.MeshBackedCloudUsesCanonicalVertexPointProperty
2502/4010 Test #2512: SubmeshView_Cloud.MeshBackedCloudUsesCanonicalVertexPointProperty ...............................................   Passed    0.01 sec
          Start 2513: SubmeshView_Cloud.GraphBackedCloudUsesCanonicalVertexPointProperty
2503/4010 Test #2513: SubmeshView_Cloud.GraphBackedCloudUsesCanonicalVertexPointProperty ..............................................   Passed    0.01 sec
          Start 2514: SubmeshViewDomainBorrows.MeshAsGraphSharesVertexAndConnectivityPropertyStorage
2504/4010 Test #2514: SubmeshViewDomainBorrows.MeshAsGraphSharesVertexAndConnectivityPropertyStorage ..................................   Passed    0.00 sec
          Start 2515: SubmeshViewDomainBorrows.MeshAsGraphDoesNotAllocateCompatibilityCopyProperties
2505/4010 Test #2515: SubmeshViewDomainBorrows.MeshAsGraphDoesNotAllocateCompatibilityCopyProperties ..................................   Passed    0.01 sec
          Start 2516: SubmeshViewDomainBorrows.MeshAsGraphSharesSizesAndIgnoresFaceState
2506/4010 Test #2516: SubmeshViewDomainBorrows.MeshAsGraphSharesSizesAndIgnoresFaceState ..............................................   Passed    0.00 sec
          Start 2517: SubmeshViewDomainBorrows.MeshSidePositionEditIsVisibleThroughGraphView
2507/4010 Test #2517: SubmeshViewDomainBorrows.MeshSidePositionEditIsVisibleThroughGraphView ..........................................   Passed    0.00 sec
          Start 2518: SubmeshViewDomainBorrows.GraphSidePositionEditIsVisibleOnSourceMesh
2508/4010 Test #2518: SubmeshViewDomainBorrows.GraphSidePositionEditIsVisibleOnSourceMesh .............................................   Passed    0.00 sec
          Start 2519: SubmeshViewDomainBorrows.EmptyMeshBorrowsAsEmptyGraph
2509/4010 Test #2519: SubmeshViewDomainBorrows.EmptyMeshBorrowsAsEmptyGraph ...........................................................   Passed    0.00 sec
          Start 2520: SubmeshViewDomainBorrows.MeshAsCloudSharesVertexPositionPropertyStorage
2510/4010 Test #2520: SubmeshViewDomainBorrows.MeshAsCloudSharesVertexPositionPropertyStorage .........................................   Passed    0.00 sec
          Start 2521: SubmeshViewDomainBorrows.MeshAsCloudDoesNotAllocatePPositionCompatibilityCopy
2511/4010 Test #2521: SubmeshViewDomainBorrows.MeshAsCloudDoesNotAllocatePPositionCompatibilityCopy ...................................   Passed    0.00 sec
          Start 2522: SubmeshViewDomainBorrows.MeshAsCloudReusesExistingVertexNormalProperty
2512/4010 Test #2522: SubmeshViewDomainBorrows.MeshAsCloudReusesExistingVertexNormalProperty ..........................................   Passed    0.00 sec
          Start 2523: SubmeshViewDomainBorrows.MeshSidePositionEditIsVisibleThroughCloudView
2513/4010 Test #2523: SubmeshViewDomainBorrows.MeshSidePositionEditIsVisibleThroughCloudView ..........................................   Passed    0.00 sec
          Start 2524: SubmeshViewDomainBorrows.CloudSidePositionEditIsVisibleOnSourceMesh
2514/4010 Test #2524: SubmeshViewDomainBorrows.CloudSidePositionEditIsVisibleOnSourceMesh .............................................   Passed    0.01 sec
          Start 2525: SubmeshViewDomainBorrows.PointAddedThroughCloudViewAppearsOnSourceMesh
2515/4010 Test #2525: SubmeshViewDomainBorrows.PointAddedThroughCloudViewAppearsOnSourceMesh ..........................................   Passed    0.01 sec
          Start 2526: SubmeshViewDomainBorrows.EmptyMeshBorrowsAsEmptyCloud
2516/4010 Test #2526: SubmeshViewDomainBorrows.EmptyMeshBorrowsAsEmptyCloud ...........................................................   Passed    0.01 sec
          Start 2527: SubmeshViewDomainBorrows.CloudSubviewOfMeshBorrowSeesMeshBackedRows
2517/4010 Test #2527: SubmeshViewDomainBorrows.CloudSubviewOfMeshBorrowSeesMeshBackedRows .............................................   Passed    0.01 sec
          Start 2528: SubmeshViewDomainBorrows.CloudSubviewOfEmptyMeshBorrowClampsToZero
2518/4010 Test #2528: SubmeshViewDomainBorrows.CloudSubviewOfEmptyMeshBorrowClampsToZero ..............................................   Passed    0.01 sec
          Start 2529: SubmeshViewDomainBorrows.CloudDeleteThroughMeshBorrowDoesNotTouchMeshDeletionCounter
2519/4010 Test #2529: SubmeshViewDomainBorrows.CloudDeleteThroughMeshBorrowDoesNotTouchMeshDeletionCounter ............................   Passed    0.01 sec
          Start 2530: SubmeshViewDomainBorrows.MeshGarbageCollectionAfterCloudDeleteIsConsistent
2520/4010 Test #2530: SubmeshViewDomainBorrows.MeshGarbageCollectionAfterCloudDeleteIsConsistent ......................................   Passed    0.00 sec
          Start 2531: SubmeshViewDomainBorrows.GraphAsCloudSharesVertexPositionPropertyStorage
2521/4010 Test #2531: SubmeshViewDomainBorrows.GraphAsCloudSharesVertexPositionPropertyStorage ........................................   Passed    0.00 sec
          Start 2532: SubmeshViewDomainBorrows.GraphAsCloudDoesNotAllocatePPositionCompatibilityCopy
2522/4010 Test #2532: SubmeshViewDomainBorrows.GraphAsCloudDoesNotAllocatePPositionCompatibilityCopy ..................................   Passed    0.01 sec
          Start 2533: SubmeshViewDomainBorrows.GraphAsCloudDoesNotExposeHalfedgeOrEdgePropertySets
2523/4010 Test #2533: SubmeshViewDomainBorrows.GraphAsCloudDoesNotExposeHalfedgeOrEdgePropertySets ....................................   Passed    0.01 sec
          Start 2534: SubmeshViewDomainBorrows.GraphAsCloudSharesVertexConnectivitySlotAsDocumentedUbBoundary
2524/4010 Test #2534: SubmeshViewDomainBorrows.GraphAsCloudSharesVertexConnectivitySlotAsDocumentedUbBoundary .........................   Passed    0.01 sec
          Start 2535: SubmeshViewDomainBorrows.GraphAsCloudReusesExistingVertexNormalProperty
2525/4010 Test #2535: SubmeshViewDomainBorrows.GraphAsCloudReusesExistingVertexNormalProperty .........................................   Passed    0.01 sec
          Start 2536: SubmeshViewDomainBorrows.GraphSidePositionEditIsVisibleThroughCloudView
2526/4010 Test #2536: SubmeshViewDomainBorrows.GraphSidePositionEditIsVisibleThroughCloudView .........................................   Passed    0.01 sec
          Start 2537: SubmeshViewDomainBorrows.CloudSidePositionEditIsVisibleOnSourceGraph
2527/4010 Test #2537: SubmeshViewDomainBorrows.CloudSidePositionEditIsVisibleOnSourceGraph ............................................   Passed    0.00 sec
          Start 2538: SubmeshViewDomainBorrows.PointAddedThroughCloudViewAppearsOnSourceGraph
2528/4010 Test #2538: SubmeshViewDomainBorrows.PointAddedThroughCloudViewAppearsOnSourceGraph .........................................   Passed    0.00 sec
          Start 2539: SubmeshViewDomainBorrows.EmptyGraphBorrowsAsEmptyCloud
2529/4010 Test #2539: SubmeshViewDomainBorrows.EmptyGraphBorrowsAsEmptyCloud ..........................................................   Passed    0.00 sec
          Start 2540: SubmeshViewDomainBorrows.CloudDeleteThroughGraphBorrowDoesNotTouchGraphDeletionCounter
2530/4010 Test #2540: SubmeshViewDomainBorrows.CloudDeleteThroughGraphBorrowDoesNotTouchGraphDeletionCounter ..........................   Passed    0.00 sec
          Start 2541: SubmeshViewDomainBorrows.ConstViewsAreReadOnlyAtCompileTime
2531/4010 Test #2541: SubmeshViewDomainBorrows.ConstViewsAreReadOnlyAtCompileTime .....................................................   Passed    0.01 sec
          Start 2542: SubmeshViewDomainBorrows.ConstMeshGraphViewSharesStorageAndSeesLiveEdits
2532/4010 Test #2542: SubmeshViewDomainBorrows.ConstMeshGraphViewSharesStorageAndSeesLiveEdits ........................................   Passed    0.01 sec
          Start 2543: SubmeshViewDomainBorrows.ConstMeshCloudViewSharesStorageAndSeesLiveEdits
2533/4010 Test #2543: SubmeshViewDomainBorrows.ConstMeshCloudViewSharesStorageAndSeesLiveEdits ........................................   Passed    0.01 sec
          Start 2544: SubmeshViewDomainBorrows.ConstGraphCloudViewSharesStorageAndSeesLiveEdits
2534/4010 Test #2544: SubmeshViewDomainBorrows.ConstGraphCloudViewSharesStorageAndSeesLiveEdits .......................................   Passed    0.01 sec
          Start 2545: SubmeshViewDomainBorrows.HardCopyOfMeshBackedGraphBorrowOwnsIndependentStorage
2535/4010 Test #2545: SubmeshViewDomainBorrows.HardCopyOfMeshBackedGraphBorrowOwnsIndependentStorage ..................................   Passed    0.01 sec
          Start 2546: SubmeshViewDomainBorrows.HardCopyOfMeshBackedCloudBorrowOwnsIndependentStorage
2536/4010 Test #2546: SubmeshViewDomainBorrows.HardCopyOfMeshBackedCloudBorrowOwnsIndependentStorage ..................................   Passed    0.01 sec
          Start 2547: SubmeshViewDomainBorrows.HardCopyOfGraphBackedCloudBorrowOwnsIndependentStorage
2537/4010 Test #2547: SubmeshViewDomainBorrows.HardCopyOfGraphBackedCloudBorrowOwnsIndependentStorage .................................   Passed    0.02 sec
          Start 2548: SubmeshViewDomainBorrows.CopyAssignIntoBorrowedDestinationWritesThroughToSource
2538/4010 Test #2548: SubmeshViewDomainBorrows.CopyAssignIntoBorrowedDestinationWritesThroughToSource .................................   Passed    0.01 sec
          Start 2549: GeometryIO_Metadata.ReportsSupportedImportAndExportDomains
2539/4010 Test #2549: GeometryIO_Metadata.ReportsSupportedImportAndExportDomains ......................................................   Passed    0.01 sec
          Start 2550: GeometryIO_Metadata.ReportsAssetRoutingReadinessForAllPromotedFormats
2540/4010 Test #2550: GeometryIO_Metadata.ReportsAssetRoutingReadinessForAllPromotedFormats ...........................................   Passed    0.01 sec
          Start 2551: GeometryIO_MeshIO.LoadsOFFTriangle
2541/4010 Test #2551: GeometryIO_MeshIO.LoadsOFFTriangle ..............................................................................   Passed    0.01 sec
          Start 2552: GeometryIO_MeshIO.LoadsCOFFTriangleWithVertexColors
2542/4010 Test #2552: GeometryIO_MeshIO.LoadsCOFFTriangleWithVertexColors .............................................................   Passed    0.01 sec
          Start 2553: GeometryIO_MeshIO.LoadsCOFFAlphaTokenIsConsumedNotStored
2543/4010 Test #2553: GeometryIO_MeshIO.LoadsCOFFAlphaTokenIsConsumedNotStored ........................................................   Passed    0.01 sec
          Start 2554: GeometryIO_MeshIO.LoadsNOFFTriangleWithVertexNormals
2544/4010 Test #2554: GeometryIO_MeshIO.LoadsNOFFTriangleWithVertexNormals ............................................................   Passed    0.01 sec
          Start 2555: GeometryIO_MeshIO.LoadsCNOFFTriangleWithNormalsAndColors
2545/4010 Test #2555: GeometryIO_MeshIO.LoadsCNOFFTriangleWithNormalsAndColors ........................................................   Passed    0.01 sec
          Start 2556: GeometryIO_MeshIO.LoadOFFRejectsDegenerateFaceRows
2546/4010 Test #2556: GeometryIO_MeshIO.LoadOFFRejectsDegenerateFaceRows ..............................................................   Passed    0.01 sec
          Start 2557: GeometryIO_MeshIO.LoadOFFRejectsAllDegenerateFaces
2547/4010 Test #2557: GeometryIO_MeshIO.LoadOFFRejectsAllDegenerateFaces ..............................................................   Passed    0.01 sec
          Start 2558: GeometryIO_MeshIO.LoadOFFRejectsHugeHeaderCountsBeforeReserve
2548/4010 Test #2558: GeometryIO_MeshIO.LoadOFFRejectsHugeHeaderCountsBeforeReserve ...................................................   Passed    0.01 sec
          Start 2559: GeometryIO_MeshIO.LoadOFFPreservesCommentBeforeFirstVertexAndFaceRows
2549/4010 Test #2559: GeometryIO_MeshIO.LoadOFFPreservesCommentBeforeFirstVertexAndFaceRows ...........................................   Passed    0.01 sec
          Start 2560: GeometryIO_MeshIO.LoadOFFRejectsUnknownMagic
2550/4010 Test #2560: GeometryIO_MeshIO.LoadOFFRejectsUnknownMagic ....................................................................   Passed    0.00 sec
          Start 2561: GeometryIO_MeshIO.LoadOFFRejectsOutOfRangeVertexIndex
2551/4010 Test #2561: GeometryIO_MeshIO.LoadOFFRejectsOutOfRangeVertexIndex ...........................................................   Passed    0.00 sec
          Start 2562: GeometryIO_MeshIO.LoadsOBJTriangle
2552/4010 Test #2562: GeometryIO_MeshIO.LoadsOBJTriangle ..............................................................................   Passed    0.00 sec
          Start 2563: GeometryIO_MeshIO.LoadsOBJTriangleWithVertexNormals
2553/4010 Test #2563: GeometryIO_MeshIO.LoadsOBJTriangleWithVertexNormals .............................................................   Passed    0.00 sec
          Start 2564: GeometryIO_MeshIO.LoadOBJIgnoresMismatchedVertexNormalCount
2554/4010 Test #2564: GeometryIO_MeshIO.LoadOBJIgnoresMismatchedVertexNormalCount .....................................................   Passed    0.00 sec
          Start 2565: GeometryIO_MeshIO.LoadOBJRejectsMalformedVertexNormal
2555/4010 Test #2565: GeometryIO_MeshIO.LoadOBJRejectsMalformedVertexNormal ...........................................................   Passed    0.00 sec
          Start 2566: GeometryIO_MeshIO.LoadsOBJTriangleWithVertexTexcoords
2556/4010 Test #2566: GeometryIO_MeshIO.LoadsOBJTriangleWithVertexTexcoords ...........................................................   Passed    0.00 sec
          Start 2567: GeometryIO_MeshIO.LoadsOBJVertexTexcoordWithOptionalThirdComponent
2557/4010 Test #2567: GeometryIO_MeshIO.LoadsOBJVertexTexcoordWithOptionalThirdComponent ..............................................   Passed    0.00 sec
          Start 2568: GeometryIO_MeshIO.LoadOBJIgnoresMismatchedVertexTexcoordCount
2558/4010 Test #2568: GeometryIO_MeshIO.LoadOBJIgnoresMismatchedVertexTexcoordCount ...................................................   Passed    0.00 sec
          Start 2569: GeometryIO_MeshIO.LoadOBJRejectsMalformedVertexTexcoord
2559/4010 Test #2569: GeometryIO_MeshIO.LoadOBJRejectsMalformedVertexTexcoord .........................................................   Passed    0.00 sec
          Start 2570: GeometryIO_MeshIO.LoadOBJVertexTexcoordAndNormalCoexist
2560/4010 Test #2570: GeometryIO_MeshIO.LoadOBJVertexTexcoordAndNormalCoexist .........................................................   Passed    0.00 sec
          Start 2571: GeometryIO_MeshIO.LoadsOBJTriangleWithVertexColors
2561/4010 Test #2571: GeometryIO_MeshIO.LoadsOBJTriangleWithVertexColors ..............................................................   Passed    0.00 sec
          Start 2572: GeometryIO_MeshIO.LoadOBJIgnoresMismatchedVertexColorCount
2562/4010 Test #2572: GeometryIO_MeshIO.LoadOBJIgnoresMismatchedVertexColorCount ......................................................   Passed    0.00 sec
          Start 2573: GeometryIO_MeshIO.LoadOBJRejectsMalformedVertexColor
2563/4010 Test #2573: GeometryIO_MeshIO.LoadOBJRejectsMalformedVertexColor ............................................................   Passed    0.00 sec
          Start 2574: GeometryIO_MeshIO.LoadOBJVertexColorAndTexcoordCoexist
2564/4010 Test #2574: GeometryIO_MeshIO.LoadOBJVertexColorAndTexcoordCoexist ..........................................................   Passed    0.00 sec
          Start 2575: GeometryIO_MeshIO.LoadsOBJTriangleWithVertexColorsAndAlpha
2565/4010 Test #2575: GeometryIO_MeshIO.LoadsOBJTriangleWithVertexColorsAndAlpha ......................................................   Passed    0.00 sec
          Start 2576: GeometryIO_MeshIO.LoadsOBJMixedSevenAndEightTokenVertexColors
2566/4010 Test #2576: GeometryIO_MeshIO.LoadsOBJMixedSevenAndEightTokenVertexColors ...................................................   Passed    0.00 sec
          Start 2577: GeometryIO_MeshIO.LoadOBJRejectsMalformedVertexColorAlpha
2567/4010 Test #2577: GeometryIO_MeshIO.LoadOBJRejectsMalformedVertexColorAlpha .......................................................   Passed    0.00 sec
          Start 2578: GeometryIO_MeshIO.LoadOBJVertexColorAlphaSurvivesFaceAttributeRemap
2568/4010 Test #2578: GeometryIO_MeshIO.LoadOBJVertexColorAlphaSurvivesFaceAttributeRemap .............................................   Passed    0.00 sec
          Start 2579: GeometryIO_MeshIO.LoadsOBJFaceTexcoordIndicesDuplicateSharedPositions
2569/4010 Test #2579: GeometryIO_MeshIO.LoadsOBJFaceTexcoordIndicesDuplicateSharedPositions ...........................................   Passed    0.00 sec
          Start 2580: GeometryIO_MeshIO.LoadsOBJFaceNormalIndicesWithoutLockstepNormals
2570/4010 Test #2580: GeometryIO_MeshIO.LoadsOBJFaceNormalIndicesWithoutLockstepNormals ...............................................   Passed    0.00 sec
          Start 2581: GeometryIO_MeshIO.LoadsOBJFaceAttributeNegativeIndices
2571/4010 Test #2581: GeometryIO_MeshIO.LoadsOBJFaceAttributeNegativeIndices ..........................................................   Passed    0.00 sec
          Start 2582: GeometryIO_MeshIO.LoadOBJRejectsOutOfRangeFaceTexcoordIndex
2572/4010 Test #2582: GeometryIO_MeshIO.LoadOBJRejectsOutOfRangeFaceTexcoordIndex .....................................................   Passed    0.00 sec
          Start 2583: GeometryIO_MeshIO.LoadsASCIIPLYTriangle
2573/4010 Test #2583: GeometryIO_MeshIO.LoadsASCIIPLYTriangle .........................................................................   Passed    0.00 sec
          Start 2584: GeometryIO_MeshIO.LoadsASCIIPLYTriangleWithVertexNormalsAndColors
2574/4010 Test #2584: GeometryIO_MeshIO.LoadsASCIIPLYTriangleWithVertexNormalsAndColors ...............................................   Passed    0.00 sec
          Start 2585: GeometryIO_MeshIO.LoadsASCIIPLYTriangleWithVertexTexcoords
2575/4010 Test #2585: GeometryIO_MeshIO.LoadsASCIIPLYTriangleWithVertexTexcoords ......................................................   Passed    0.00 sec
          Start 2586: GeometryIO_MeshIO.LoadsASCIIPLYTriangleWithTextureUVAliases
2576/4010 Test #2586: GeometryIO_MeshIO.LoadsASCIIPLYTriangleWithTextureUVAliases .....................................................   Passed    0.00 sec
          Start 2587: GeometryIO_MeshIO.LoadASCIIPLYIgnoresPartialTexcoordAxis
2577/4010 Test #2587: GeometryIO_MeshIO.LoadASCIIPLYIgnoresPartialTexcoordAxis ........................................................   Passed    0.00 sec
          Start 2588: GeometryIO_MeshIO.LoadsASCIISTLTriangle
2578/4010 Test #2588: GeometryIO_MeshIO.LoadsASCIISTLTriangle .........................................................................   Passed    0.00 sec
          Start 2589: GeometryIO_MeshIO.MeshImportersRejectNonFinitePositions
2579/4010 Test #2589: GeometryIO_MeshIO.MeshImportersRejectNonFinitePositions .........................................................   Passed    0.00 sec
          Start 2590: GeometryIO_MeshIO.MeshImportersRejectNonFiniteVertexColors
2580/4010 Test #2590: GeometryIO_MeshIO.MeshImportersRejectNonFiniteVertexColors ......................................................   Passed    0.00 sec
          Start 2591: GeometryIO_MeshIO.MeshImportersRejectNonFiniteVertexNormals
2581/4010 Test #2591: GeometryIO_MeshIO.MeshImportersRejectNonFiniteVertexNormals .....................................................   Passed    0.00 sec
          Start 2592: GeometryIO_MeshIO.MeshImportersRejectNonFiniteVertexTexcoords
2582/4010 Test #2592: GeometryIO_MeshIO.MeshImportersRejectNonFiniteVertexTexcoords ...................................................   Passed    0.00 sec
          Start 2593: GeometryIO_MeshIO.WritesOFFQuadRoundTripsFaceArity
2583/4010 Test #2593: GeometryIO_MeshIO.WritesOFFQuadRoundTripsFaceArity ..............................................................   Passed    0.00 sec
          Start 2594: GeometryIO_MeshIO.WriteOFFIsByteDeterministic
2584/4010 Test #2594: GeometryIO_MeshIO.WriteOFFIsByteDeterministic ...................................................................   Passed    0.00 sec
          Start 2595: GeometryIO_MeshIO.WriteOFFFailsClosed
2585/4010 Test #2595: GeometryIO_MeshIO.WriteOFFFailsClosed ...........................................................................   Passed    0.00 sec
          Start 2596: GeometryIO_MeshIO.WritesOBJTriangle
2586/4010 Test #2596: GeometryIO_MeshIO.WritesOBJTriangle .............................................................................   Passed    0.00 sec
          Start 2597: GeometryIO_MeshIO.WritesOBJTriangleWithNormals
2587/4010 Test #2597: GeometryIO_MeshIO.WritesOBJTriangleWithNormals ..................................................................   Passed    0.00 sec
          Start 2598: GeometryIO_MeshIO.WritesOBJTriangleWithTexcoords
2588/4010 Test #2598: GeometryIO_MeshIO.WritesOBJTriangleWithTexcoords ................................................................   Passed    0.00 sec
          Start 2599: GeometryIO_MeshIO.WritesOBJTriangleWithTexcoordsAndNormals
2589/4010 Test #2599: GeometryIO_MeshIO.WritesOBJTriangleWithTexcoordsAndNormals ......................................................   Passed    0.00 sec
          Start 2600: GeometryIO_MeshIO.WritesOBJTriangleWithVertexColors
2590/4010 Test #2600: GeometryIO_MeshIO.WritesOBJTriangleWithVertexColors .............................................................   Passed    0.00 sec
          Start 2601: GeometryIO_MeshIO.WritesOBJTriangleWithColorsAndNormals
2591/4010 Test #2601: GeometryIO_MeshIO.WritesOBJTriangleWithColorsAndNormals .........................................................   Passed    0.00 sec
          Start 2602: GeometryIO_MeshIO.WritesOBJTriangleWithColorsAndTexcoords
2592/4010 Test #2602: GeometryIO_MeshIO.WritesOBJTriangleWithColorsAndTexcoords .......................................................   Passed    0.00 sec
          Start 2603: GeometryIO_MeshIO.WriteOBJOmitsColorsWhenAbsent
2593/4010 Test #2603: GeometryIO_MeshIO.WriteOBJOmitsColorsWhenAbsent .................................................................   Passed    0.00 sec
          Start 2604: GeometryIO_MeshIO.WriteOBJOmitsColorsWhenMismatchedCount
2594/4010 Test #2604: GeometryIO_MeshIO.WriteOBJOmitsColorsWhenMismatchedCount ........................................................   Passed    0.00 sec
          Start 2605: GeometryIO_MeshIO.WriteOBJReportsFailureOnUnformattableVertexColor
2595/4010 Test #2605: GeometryIO_MeshIO.WriteOBJReportsFailureOnUnformattableVertexColor ..............................................   Passed    0.00 sec
          Start 2606: GeometryIO_MeshIO.WriteOBJOmitsTexcoordsWhenAbsent
2596/4010 Test #2606: GeometryIO_MeshIO.WriteOBJOmitsTexcoordsWhenAbsent ..............................................................   Passed    0.00 sec
          Start 2607: GeometryIO_MeshIO.WritesOBJQuadRoundTripsFaceArity
2597/4010 Test #2607: GeometryIO_MeshIO.WritesOBJQuadRoundTripsFaceArity ..............................................................   Passed    0.00 sec
          Start 2608: GeometryIO_MeshIO.WriteOBJRejectsEmptyMesh
2598/4010 Test #2608: GeometryIO_MeshIO.WriteOBJRejectsEmptyMesh ......................................................................   Passed    0.00 sec
          Start 2609: GeometryIO_MeshIO.WriteOBJRejectsOutOfRangeIndex
2599/4010 Test #2609: GeometryIO_MeshIO.WriteOBJRejectsOutOfRangeIndex ................................................................   Passed    0.00 sec
          Start 2610: GeometryIO_MeshIO.WriteOBJRejectsBadPath
2600/4010 Test #2610: GeometryIO_MeshIO.WriteOBJRejectsBadPath ........................................................................   Passed    0.00 sec
          Start 2611: GeometryIO_MeshIO.WritesPLYTriangle
2601/4010 Test #2611: GeometryIO_MeshIO.WritesPLYTriangle .............................................................................   Passed    0.00 sec
          Start 2612: GeometryIO_MeshIO.WritesPLYTriangleWithNormals
2602/4010 Test #2612: GeometryIO_MeshIO.WritesPLYTriangleWithNormals ..................................................................   Passed    0.00 sec
          Start 2613: GeometryIO_MeshIO.WritesPLYTriangleWithVertexColors
2603/4010 Test #2613: GeometryIO_MeshIO.WritesPLYTriangleWithVertexColors .............................................................   Passed    0.00 sec
          Start 2614: GeometryIO_MeshIO.WritesPLYTriangleWithVertexTexcoords
2604/4010 Test #2614: GeometryIO_MeshIO.WritesPLYTriangleWithVertexTexcoords ..........................................................   Passed    0.00 sec
          Start 2615: GeometryIO_MeshIO.WritesPLYQuadRoundTripsFaceArity
2605/4010 Test #2615: GeometryIO_MeshIO.WritesPLYQuadRoundTripsFaceArity ..............................................................   Passed    0.00 sec
          Start 2616: GeometryIO_MeshIO.WritePLYRejectsEmptyMesh
2606/4010 Test #2616: GeometryIO_MeshIO.WritePLYRejectsEmptyMesh ......................................................................   Passed    0.00 sec
          Start 2617: GeometryIO_MeshIO.WritePLYRejectsOutOfRangeIndex
2607/4010 Test #2617: GeometryIO_MeshIO.WritePLYRejectsOutOfRangeIndex ................................................................   Passed    0.00 sec
          Start 2618: GeometryIO_MeshIO.WritePLYRejectsBadPath
2608/4010 Test #2618: GeometryIO_MeshIO.WritePLYRejectsBadPath ........................................................................   Passed    0.00 sec
          Start 2619: GeometryIO_MeshIO.WritesPLYBinaryTriangle
2609/4010 Test #2619: GeometryIO_MeshIO.WritesPLYBinaryTriangle .......................................................................   Passed    0.00 sec
          Start 2620: GeometryIO_MeshIO.WritesPLYBinaryTriangleWithNormals
2610/4010 Test #2620: GeometryIO_MeshIO.WritesPLYBinaryTriangleWithNormals ............................................................   Passed    0.00 sec
          Start 2621: GeometryIO_MeshIO.WritesPLYBinaryTriangleWithVertexColors
2611/4010 Test #2621: GeometryIO_MeshIO.WritesPLYBinaryTriangleWithVertexColors .......................................................   Passed    0.00 sec
          Start 2622: GeometryIO_MeshIO.WritesPLYBinaryTriangleWithVertexTexcoords
2612/4010 Test #2622: GeometryIO_MeshIO.WritesPLYBinaryTriangleWithVertexTexcoords ....................................................   Passed    0.00 sec
          Start 2623: GeometryIO_MeshIO.WritesPLYBinaryQuadRoundTripsFaceArity
2613/4010 Test #2623: GeometryIO_MeshIO.WritesPLYBinaryQuadRoundTripsFaceArity ........................................................   Passed    0.00 sec
          Start 2624: GeometryIO_MeshIO.WritePLYBinaryRejectsEmptyMesh
2614/4010 Test #2624: GeometryIO_MeshIO.WritePLYBinaryRejectsEmptyMesh ................................................................   Passed    0.00 sec
          Start 2625: GeometryIO_MeshIO.WritePLYBinaryRejectsOutOfRangeIndex
2615/4010 Test #2625: GeometryIO_MeshIO.WritePLYBinaryRejectsOutOfRangeIndex ..........................................................   Passed    0.00 sec
          Start 2626: GeometryIO_MeshIO.WritePLYBinaryRejectsBadPath
2616/4010 Test #2626: GeometryIO_MeshIO.WritePLYBinaryRejectsBadPath ..................................................................   Passed    0.00 sec
          Start 2627: GeometryIO_MeshIO.MeshExportersRejectNonFinitePositions
2617/4010 Test #2627: GeometryIO_MeshIO.MeshExportersRejectNonFinitePositions .........................................................   Passed    0.00 sec
          Start 2628: GeometryIO_MeshIO.MeshExportersRejectNonFiniteVertexColors
2618/4010 Test #2628: GeometryIO_MeshIO.MeshExportersRejectNonFiniteVertexColors ......................................................   Passed    0.00 sec
          Start 2629: GeometryIO_MeshIO.MeshExportersRejectNonFiniteVertexNormals
2619/4010 Test #2629: GeometryIO_MeshIO.MeshExportersRejectNonFiniteVertexNormals .....................................................   Passed    0.00 sec
          Start 2630: GeometryIO_MeshIO.MeshExportersRejectNonFiniteVertexTexcoords
2620/4010 Test #2630: GeometryIO_MeshIO.MeshExportersRejectNonFiniteVertexTexcoords ...................................................   Passed    0.00 sec
          Start 2631: GeometryIO_MeshIO.LoadsBinarySTLSingleTriangle
2621/4010 Test #2631: GeometryIO_MeshIO.LoadsBinarySTLSingleTriangle ..................................................................   Passed    0.00 sec
          Start 2632: GeometryIO_MeshIO.LoadsBinarySTLTwoTriangles
2622/4010 Test #2632: GeometryIO_MeshIO.LoadsBinarySTLTwoTriangles ....................................................................   Passed    0.00 sec
          Start 2633: GeometryIO_MeshIO.LoadSTLRejectsTruncatedBinaryPayload
2623/4010 Test #2633: GeometryIO_MeshIO.LoadSTLRejectsTruncatedBinaryPayload ..........................................................   Passed    0.00 sec
          Start 2634: GeometryIO_MeshIO.LoadsASCIISTLAfterBinaryDispatch
2624/4010 Test #2634: GeometryIO_MeshIO.LoadsASCIISTLAfterBinaryDispatch ..............................................................   Passed    0.00 sec
          Start 2635: GeometryIO_MeshIO.WritesSTLTriangle
2625/4010 Test #2635: GeometryIO_MeshIO.WritesSTLTriangle .............................................................................   Passed    0.00 sec
          Start 2636: GeometryIO_MeshIO.WritesSTLTriangleEmitsFacetNormal
2626/4010 Test #2636: GeometryIO_MeshIO.WritesSTLTriangleEmitsFacetNormal .............................................................   Passed    0.00 sec
          Start 2637: GeometryIO_MeshIO.WriteSTLRejectsQuadFace
2627/4010 Test #2637: GeometryIO_MeshIO.WriteSTLRejectsQuadFace .......................................................................   Passed    0.00 sec
          Start 2638: GeometryIO_MeshIO.WriteSTLRejectsEmptyMesh
2628/4010 Test #2638: GeometryIO_MeshIO.WriteSTLRejectsEmptyMesh ......................................................................   Passed    0.00 sec
          Start 2639: GeometryIO_MeshIO.WriteSTLRejectsOutOfRangeIndex
2629/4010 Test #2639: GeometryIO_MeshIO.WriteSTLRejectsOutOfRangeIndex ................................................................   Passed    0.00 sec
          Start 2640: GeometryIO_MeshIO.WriteSTLRejectsBadPath
2630/4010 Test #2640: GeometryIO_MeshIO.WriteSTLRejectsBadPath ........................................................................   Passed    0.00 sec
          Start 2641: GeometryIO_MeshIO.WritesSTLBinaryTriangleRoundTrip
2631/4010 Test #2641: GeometryIO_MeshIO.WritesSTLBinaryTriangleRoundTrip ..............................................................   Passed    0.00 sec
          Start 2642: GeometryIO_MeshIO.WritesSTLBinaryReportsTriangleCountInHeader
2632/4010 Test #2642: GeometryIO_MeshIO.WritesSTLBinaryReportsTriangleCountInHeader ...................................................   Passed    0.00 sec
          Start 2643: GeometryIO_MeshIO.WriteSTLBinaryRejectsQuadFace
2633/4010 Test #2643: GeometryIO_MeshIO.WriteSTLBinaryRejectsQuadFace .................................................................   Passed    0.00 sec
          Start 2644: GeometryIO_MeshIO.WriteSTLBinaryRejectsEmptyMesh
2634/4010 Test #2644: GeometryIO_MeshIO.WriteSTLBinaryRejectsEmptyMesh ................................................................   Passed    0.00 sec
          Start 2645: GeometryIO_MeshIO.WriteSTLBinaryRejectsOutOfRangeIndex
2635/4010 Test #2645: GeometryIO_MeshIO.WriteSTLBinaryRejectsOutOfRangeIndex ..........................................................   Passed    0.00 sec
          Start 2646: GeometryIO_MeshIO.WriteSTLBinaryRejectsBadPath
2636/4010 Test #2646: GeometryIO_MeshIO.WriteSTLBinaryRejectsBadPath ..................................................................   Passed    0.00 sec
          Start 2647: GeometryIO_MeshIO.LoadsBinaryLittleEndianPLYTriangle
2637/4010 Test #2647: GeometryIO_MeshIO.LoadsBinaryLittleEndianPLYTriangle ............................................................   Passed    0.00 sec
          Start 2648: GeometryIO_MeshIO.LoadsBinaryBigEndianPLYTriangle
2638/4010 Test #2648: GeometryIO_MeshIO.LoadsBinaryBigEndianPLYTriangle ...............................................................   Passed    0.00 sec
          Start 2649: GeometryIO_MeshIO.LoadsBinaryLittleEndianPLYQuad
2639/4010 Test #2649: GeometryIO_MeshIO.LoadsBinaryLittleEndianPLYQuad ................................................................   Passed    0.00 sec
          Start 2650: GeometryIO_MeshIO.LoadsBinaryLittleEndianPLYWithExtraVertexProperties
2640/4010 Test #2650: GeometryIO_MeshIO.LoadsBinaryLittleEndianPLYWithExtraVertexProperties ...........................................   Passed    0.00 sec
          Start 2651: GeometryIO_MeshIO.LoadsBinaryPLYTriangleWithVertexTexcoords
2641/4010 Test #2651: GeometryIO_MeshIO.LoadsBinaryPLYTriangleWithVertexTexcoords .....................................................   Passed    0.00 sec
          Start 2652: GeometryIO_MeshIO.LoadsBinaryPLYTriangleWithDoubleScalars
2642/4010 Test #2652: GeometryIO_MeshIO.LoadsBinaryPLYTriangleWithDoubleScalars .......................................................   Passed    0.00 sec
          Start 2653: GeometryIO_MeshIO.LoadPLYRejectsTruncatedBinaryBody
2643/4010 Test #2653: GeometryIO_MeshIO.LoadPLYRejectsTruncatedBinaryBody .............................................................   Passed    0.00 sec
          Start 2654: GeometryIO_MeshIO.LoadPLYRejectsHugeAsciiHeaderCountsBeforeReserve
2644/4010 Test #2654: GeometryIO_MeshIO.LoadPLYRejectsHugeAsciiHeaderCountsBeforeReserve ..............................................   Passed    0.00 sec
          Start 2655: GeometryIO_MeshIO.LoadPLYRejectsHugeBinaryHeaderCountsBeforeReserve
2645/4010 Test #2655: GeometryIO_MeshIO.LoadPLYRejectsHugeBinaryHeaderCountsBeforeReserve .............................................   Passed    0.00 sec
          Start 2656: GeometryIO_MeshIO.LoadPLYRejectsNonIntegralListCountType
2646/4010 Test #2656: GeometryIO_MeshIO.LoadPLYRejectsNonIntegralListCountType ........................................................   Passed    0.00 sec
          Start 2657: GeometryIO_MeshIO.LoadPLYRejectsNegativeBinaryListCount
2647/4010 Test #2657: GeometryIO_MeshIO.LoadPLYRejectsNegativeBinaryListCount .........................................................   Passed    0.00 sec
          Start 2658: GeometryIO_MeshIO.LoadPLYRejectsBinaryFaceListBelowThree
2648/4010 Test #2658: GeometryIO_MeshIO.LoadPLYRejectsBinaryFaceListBelowThree ........................................................   Passed    0.00 sec
          Start 2659: GeometryIO_MeshIO.LoadsAsciiPLYAfterBinaryDispatch
2649/4010 Test #2659: GeometryIO_MeshIO.LoadsAsciiPLYAfterBinaryDispatch ..............................................................   Passed    0.00 sec
          Start 2660: GeometryIO_MeshIO.LoadPLYRejectsUnsupportedFormatVersion
2650/4010 Test #2660: GeometryIO_MeshIO.LoadPLYRejectsUnsupportedFormatVersion ........................................................   Passed    0.00 sec
          Start 2661: GeometryIO_MeshIO.MeshImportersRejectDuplicateVertexFaces
2651/4010 Test #2661: GeometryIO_MeshIO.MeshImportersRejectDuplicateVertexFaces .......................................................   Passed    0.00 sec
          Start 2662: GeometryIO_PointCloudIO.LoadsXYZWithColor
2652/4010 Test #2662: GeometryIO_PointCloudIO.LoadsXYZWithColor .......................................................................   Passed    0.00 sec
          Start 2663: GeometryIO_PointCloudIO.LoadsXYZRGBTrailingColor
2653/4010 Test #2663: GeometryIO_PointCloudIO.LoadsXYZRGBTrailingColor ................................................................   Passed    0.00 sec
          Start 2664: GeometryIO_PointCloudIO.LoadsXYZSemicolonDelimited
2654/4010 Test #2664: GeometryIO_PointCloudIO.LoadsXYZSemicolonDelimited ..............................................................   Passed    0.00 sec
          Start 2665: GeometryIO_PointCloudIO.LoadsXYZSkipsScanLineMarkers
2655/4010 Test #2665: GeometryIO_PointCloudIO.LoadsXYZSkipsScanLineMarkers ............................................................   Passed    0.00 sec
          Start 2666: GeometryIO_PointCloudIO.LoadsXYZSoftSkipsMalformedRows
2656/4010 Test #2666: GeometryIO_PointCloudIO.LoadsXYZSoftSkipsMalformedRows ..........................................................   Passed    0.00 sec
          Start 2667: GeometryIO_PointCloudIO.LoadXYZRejectsAllMalformedInput
2657/4010 Test #2667: GeometryIO_PointCloudIO.LoadXYZRejectsAllMalformedInput .........................................................   Passed    0.00 sec
          Start 2668: GeometryIO_PointCloudIO.LoadsPTSFixture
2658/4010 Test #2668: GeometryIO_PointCloudIO.LoadsPTSFixture .........................................................................   Passed    0.00 sec
          Start 2669: GeometryIO_PointCloudIO.LoadsPWNFixtureWithNormals
2659/4010 Test #2669: GeometryIO_PointCloudIO.LoadsPWNFixtureWithNormals ..............................................................   Passed    0.00 sec
          Start 2670: GeometryIO_PointCloudIO.LoadsCSVFixtureWithNormals
2660/4010 Test #2670: GeometryIO_PointCloudIO.LoadsCSVFixtureWithNormals ..............................................................   Passed    0.00 sec
          Start 2671: GeometryIO_PointCloudIO.Loads3DFixture
2661/4010 Test #2671: GeometryIO_PointCloudIO.Loads3DFixture ..........................................................................   Passed    0.00 sec
          Start 2672: GeometryIO_PointCloudIO.LoadsTXTFixtureWithColor
2662/4010 Test #2672: GeometryIO_PointCloudIO.LoadsTXTFixtureWithColor ................................................................   Passed    0.00 sec
          Start 2673: GeometryIO_PointCloudIO.StrictAsciiReadersRejectMalformedInput
2663/4010 Test #2673: GeometryIO_PointCloudIO.StrictAsciiReadersRejectMalformedInput ..................................................   Passed    0.00 sec
          Start 2674: GeometryIO_PointCloudIO.StrictAsciiReaderLoadsAreDeterministic
2664/4010 Test #2674: GeometryIO_PointCloudIO.StrictAsciiReaderLoadsAreDeterministic ..................................................   Passed    0.00 sec
          Start 2675: GeometryIO_PointCloudIO.PointCloudImportersRejectNonFinitePositions
2665/4010 Test #2675: GeometryIO_PointCloudIO.PointCloudImportersRejectNonFinitePositions .............................................   Passed    0.00 sec
          Start 2676: GeometryIO_PointCloudIO.PointCloudImportersRejectNonFiniteColors
2666/4010 Test #2676: GeometryIO_PointCloudIO.PointCloudImportersRejectNonFiniteColors ................................................   Passed    0.00 sec
          Start 2677: GeometryIO_PointCloudIO.PointCloudImportersRejectNonFiniteNormals
2667/4010 Test #2677: GeometryIO_PointCloudIO.PointCloudImportersRejectNonFiniteNormals ...............................................   Passed    0.00 sec
          Start 2678: GeometryIO_PointCloudIO.LoadsASCIIPCDWithNormalsAndColor
2668/4010 Test #2678: GeometryIO_PointCloudIO.LoadsASCIIPCDWithNormalsAndColor ........................................................   Passed    0.00 sec
          Start 2679: GeometryIO_PointCloudIO.LoadsASCIIPCDWithPackedFloatRgb
2669/4010 Test #2679: GeometryIO_PointCloudIO.LoadsASCIIPCDWithPackedFloatRgb .........................................................   Passed    0.00 sec
          Start 2680: GeometryIO_PointCloudIO.LoadsASCIIPCDWithSignedPackedRgba
2670/4010 Test #2680: GeometryIO_PointCloudIO.LoadsASCIIPCDWithSignedPackedRgba .......................................................   Passed    0.00 sec
          Start 2681: GeometryIO_PointCloudIO.LoadsVertexOnlyASCIIPLY
2671/4010 Test #2681: GeometryIO_PointCloudIO.LoadsVertexOnlyASCIIPLY .................................................................   Passed    0.00 sec
          Start 2682: GeometryIO_PointCloudIO.LoadsBinaryLittleEndianPLYPointCloud
2672/4010 Test #2682: GeometryIO_PointCloudIO.LoadsBinaryLittleEndianPLYPointCloud ....................................................   Passed    0.00 sec
          Start 2683: GeometryIO_PointCloudIO.LoadsBinaryBigEndianPLYPointCloud
2673/4010 Test #2683: GeometryIO_PointCloudIO.LoadsBinaryBigEndianPLYPointCloud .......................................................   Passed    0.00 sec
          Start 2684: GeometryIO_PointCloudIO.LoadsBinaryLittleEndianPLYPointCloudWithFaceList
2674/4010 Test #2684: GeometryIO_PointCloudIO.LoadsBinaryLittleEndianPLYPointCloudWithFaceList ........................................   Passed    0.00 sec
          Start 2685: GeometryIO_PointCloudIO.LoadsBinaryBigEndianPLYPointCloudWithFaceList
2675/4010 Test #2685: GeometryIO_PointCloudIO.LoadsBinaryBigEndianPLYPointCloudWithFaceList ...........................................   Passed    0.00 sec
          Start 2686: GeometryIO_PointCloudIO.LoadsBinaryBigEndianPLYPointCloudWithInterleavedNonVertexProperties
2676/4010 Test #2686: GeometryIO_PointCloudIO.LoadsBinaryBigEndianPLYPointCloudWithInterleavedNonVertexProperties .....................   Passed    0.00 sec
          Start 2687: GeometryIO_PointCloudIO.LoadsCheckedInBinaryPLYPointCloudEndianFixtures
2677/4010 Test #2687: GeometryIO_PointCloudIO.LoadsCheckedInBinaryPLYPointCloudEndianFixtures .........................................   Passed    0.00 sec
          Start 2688: GeometryIO_PointCloudIO.LoadsBinaryPLYPointCloudWithNormalsAndColor
2678/4010 Test #2688: GeometryIO_PointCloudIO.LoadsBinaryPLYPointCloudWithNormalsAndColor .............................................   Passed    0.00 sec
          Start 2689: GeometryIO_PointCloudIO.LoadsBinaryPLYPointCloudWithDoubleScalars
2679/4010 Test #2689: GeometryIO_PointCloudIO.LoadsBinaryPLYPointCloudWithDoubleScalars ...............................................   Passed    0.00 sec
          Start 2690: GeometryIO_PointCloudIO.LoadsBinaryPLYPointCloudSkipsExtraScalars
2680/4010 Test #2690: GeometryIO_PointCloudIO.LoadsBinaryPLYPointCloudSkipsExtraScalars ...............................................   Passed    0.00 sec
          Start 2691: GeometryIO_PointCloudIO.LoadPLYPointCloudRejectsTruncatedBinaryBody
2681/4010 Test #2691: GeometryIO_PointCloudIO.LoadPLYPointCloudRejectsTruncatedBinaryBody .............................................   Passed    0.00 sec
          Start 2692: GeometryIO_PointCloudIO.BinaryPLYPointCloudRejectsTruncatedNonVertexListCount
2682/4010 Test #2692: GeometryIO_PointCloudIO.BinaryPLYPointCloudRejectsTruncatedNonVertexListCount ...................................   Passed    0.00 sec
          Start 2693: GeometryIO_PointCloudIO.BinaryPLYPointCloudRejectsTruncatedNonVertexListPayload
2683/4010 Test #2693: GeometryIO_PointCloudIO.BinaryPLYPointCloudRejectsTruncatedNonVertexListPayload .................................   Passed    0.00 sec
          Start 2694: GeometryIO_PointCloudIO.BinaryPLYPointCloudRejectsNegativeBigEndianListCount
2684/4010 Test #2694: GeometryIO_PointCloudIO.BinaryPLYPointCloudRejectsNegativeBigEndianListCount ....................................   Passed    0.00 sec
          Start 2695: GeometryIO_PointCloudIO.BinaryPLYPointCloudRejectsFloatingListCountType
2685/4010 Test #2695: GeometryIO_PointCloudIO.BinaryPLYPointCloudRejectsFloatingListCountType .........................................   Passed    0.00 sec
          Start 2696: GeometryIO_PointCloudIO.BinaryPLYPointCloudRejectsOversizedListPayloadBeforeMultiplication
2686/4010 Test #2696: GeometryIO_PointCloudIO.BinaryPLYPointCloudRejectsOversizedListPayloadBeforeMultiplication ......................   Passed    0.00 sec
          Start 2697: GeometryIO_PointCloudIO.BinaryPLYPointCloudRejectsOverflowingFixedElementByteCount
2687/4010 Test #2697: GeometryIO_PointCloudIO.BinaryPLYPointCloudRejectsOverflowingFixedElementByteCount ..............................   Passed    0.00 sec
          Start 2698: GeometryIO_PointCloudIO.LoadPLYPointCloudRejectsListPropertyInVertex
2688/4010 Test #2698: GeometryIO_PointCloudIO.LoadPLYPointCloudRejectsListPropertyInVertex ............................................   Passed    0.00 sec
          Start 2699: GeometryIO_PointCloudIO.LoadsAsciiPLYPointCloudAfterBinaryDispatch
2689/4010 Test #2699: GeometryIO_PointCloudIO.LoadsAsciiPLYPointCloudAfterBinaryDispatch ..............................................   Passed    0.00 sec
          Start 2700: GeometryIO_PointCloudIO.LoadPLYPointCloudRejectsUnsupportedFormatVersion
2690/4010 Test #2700: GeometryIO_PointCloudIO.LoadPLYPointCloudRejectsUnsupportedFormatVersion ........................................   Passed    0.00 sec
          Start 2701: GeometryIO_PointCloudIO.LoadAsciiPLYPointCloudRejectsListPropertyInVertex
2691/4010 Test #2701: GeometryIO_PointCloudIO.LoadAsciiPLYPointCloudRejectsListPropertyInVertex .......................................   Passed    0.00 sec
          Start 2702: GeometryIO_PointCloudIO.LoadsBinaryPCDPointCloud
2692/4010 Test #2702: GeometryIO_PointCloudIO.LoadsBinaryPCDPointCloud ................................................................   Passed    0.00 sec
          Start 2703: GeometryIO_PointCloudIO.LoadsBinaryPCDPointCloudWithNormalsAndColor
2693/4010 Test #2703: GeometryIO_PointCloudIO.LoadsBinaryPCDPointCloudWithNormalsAndColor .............................................   Passed    0.00 sec
          Start 2704: GeometryIO_PointCloudIO.LoadsBinaryPCDPointCloudWithPackedRgba
2694/4010 Test #2704: GeometryIO_PointCloudIO.LoadsBinaryPCDPointCloudWithPackedRgba ..................................................   Passed    0.00 sec
          Start 2705: GeometryIO_PointCloudIO.LoadsBinaryPCDPointCloudSkipsExtraScalars
2695/4010 Test #2705: GeometryIO_PointCloudIO.LoadsBinaryPCDPointCloudSkipsExtraScalars ...............................................   Passed    0.00 sec
          Start 2706: GeometryIO_PointCloudIO.LoadsBinaryPCDPointCloudFromWidthHeight
2696/4010 Test #2706: GeometryIO_PointCloudIO.LoadsBinaryPCDPointCloudFromWidthHeight .................................................   Passed    0.00 sec
          Start 2707: GeometryIO_PointCloudIO.LoadPCDRejectsTruncatedBinaryBody
2697/4010 Test #2707: GeometryIO_PointCloudIO.LoadPCDRejectsTruncatedBinaryBody .......................................................   Passed    0.00 sec
          Start 2708: GeometryIO_PointCloudIO.LoadPCDRejectsBinaryCompressed
2698/4010 Test #2708: GeometryIO_PointCloudIO.LoadPCDRejectsBinaryCompressed ..........................................................   Passed    0.00 sec
          Start 2709: GeometryIO_PointCloudIO.LoadPCDRejectsZeroSizeField
2699/4010 Test #2709: GeometryIO_PointCloudIO.LoadPCDRejectsZeroSizeField .............................................................   Passed    0.00 sec
          Start 2710: GeometryIO_PointCloudIO.LoadPCDRejectsUnsupportedScalarFieldLayouts
2700/4010 Test #2710: GeometryIO_PointCloudIO.LoadPCDRejectsUnsupportedScalarFieldLayouts .............................................   Passed    0.00 sec
          Start 2711: GeometryIO_PointCloudIO.WritesPLYPointCloud
2701/4010 Test #2711: GeometryIO_PointCloudIO.WritesPLYPointCloud .....................................................................   Passed    0.00 sec
          Start 2712: GeometryIO_PointCloudIO.WritesPLYPointCloudWithNormalsAndColors
2702/4010 Test #2712: GeometryIO_PointCloudIO.WritesPLYPointCloudWithNormalsAndColors .................................................   Passed    0.00 sec
          Start 2713: GeometryIO_PointCloudIO.WritesPLYPointCloudWithRadiiEmitsRadiusProperty
2703/4010 Test #2713: GeometryIO_PointCloudIO.WritesPLYPointCloudWithRadiiEmitsRadiusProperty .........................................   Passed    0.00 sec
          Start 2714: GeometryIO_PointCloudIO.WritePLYPointCloudRejectsEmptyCloud
2704/4010 Test #2714: GeometryIO_PointCloudIO.WritePLYPointCloudRejectsEmptyCloud .....................................................   Passed    0.00 sec
          Start 2715: GeometryIO_PointCloudIO.WritePLYPointCloudRejectsBadPath
2705/4010 Test #2715: GeometryIO_PointCloudIO.WritePLYPointCloudRejectsBadPath ........................................................   Passed    0.00 sec
          Start 2716: GeometryIO_PointCloudIO.WritesPLYBinaryPointCloud
2706/4010 Test #2716: GeometryIO_PointCloudIO.WritesPLYBinaryPointCloud ...............................................................   Passed    0.00 sec
          Start 2717: GeometryIO_PointCloudIO.WritesPLYBinaryPointCloudWithNormalsAndColors
2707/4010 Test #2717: GeometryIO_PointCloudIO.WritesPLYBinaryPointCloudWithNormalsAndColors ...........................................   Passed    0.00 sec
          Start 2718: GeometryIO_PointCloudIO.WritesPLYBinaryPointCloudWithRadiiEmitsRadiusProperty
2708/4010 Test #2718: GeometryIO_PointCloudIO.WritesPLYBinaryPointCloudWithRadiiEmitsRadiusProperty ...................................   Passed    0.00 sec
          Start 2719: GeometryIO_PointCloudIO.WritePLYBinaryPointCloudRejectsEmptyCloud
2709/4010 Test #2719: GeometryIO_PointCloudIO.WritePLYBinaryPointCloudRejectsEmptyCloud ...............................................   Passed    0.00 sec
          Start 2720: GeometryIO_PointCloudIO.WritePLYBinaryPointCloudRejectsBadPath
2710/4010 Test #2720: GeometryIO_PointCloudIO.WritePLYBinaryPointCloudRejectsBadPath ..................................................   Passed    0.00 sec
          Start 2721: GeometryIO_PointCloudIO.WritesXYZPositionsOnly
2711/4010 Test #2721: GeometryIO_PointCloudIO.WritesXYZPositionsOnly ..................................................................   Passed    0.00 sec
          Start 2722: GeometryIO_PointCloudIO.WritesXYZWithColorsRoundTrips
2712/4010 Test #2722: GeometryIO_PointCloudIO.WritesXYZWithColorsRoundTrips ...........................................................   Passed    0.00 sec
          Start 2723: GeometryIO_PointCloudIO.WritesXYZIgnoresRadiiAndNormals
2713/4010 Test #2723: GeometryIO_PointCloudIO.WritesXYZIgnoresRadiiAndNormals .........................................................   Passed    0.00 sec
          Start 2724: GeometryIO_PointCloudIO.WriteXYZRejectsEmptyCloud
2714/4010 Test #2724: GeometryIO_PointCloudIO.WriteXYZRejectsEmptyCloud ...............................................................   Passed    0.00 sec
          Start 2725: GeometryIO_PointCloudIO.WriteXYZRejectsBadPath
2715/4010 Test #2725: GeometryIO_PointCloudIO.WriteXYZRejectsBadPath ..................................................................   Passed    0.00 sec
          Start 2726: GeometryIO_PointCloudIO.WritesPCDPositionsOnly
2716/4010 Test #2726: GeometryIO_PointCloudIO.WritesPCDPositionsOnly ..................................................................   Passed    0.00 sec
          Start 2727: GeometryIO_PointCloudIO.WritesPCDWithNormalsAndColorsRoundTrips
2717/4010 Test #2727: GeometryIO_PointCloudIO.WritesPCDWithNormalsAndColorsRoundTrips .................................................   Passed    0.00 sec
          Start 2728: GeometryIO_PointCloudIO.WritesPCDIgnoresRadii
2718/4010 Test #2728: GeometryIO_PointCloudIO.WritesPCDIgnoresRadii ...................................................................   Passed    0.00 sec
          Start 2729: GeometryIO_PointCloudIO.WritePCDRejectsEmptyCloud
2719/4010 Test #2729: GeometryIO_PointCloudIO.WritePCDRejectsEmptyCloud ...............................................................   Passed    0.00 sec
          Start 2730: GeometryIO_PointCloudIO.WritePCDRejectsBadPath
2720/4010 Test #2730: GeometryIO_PointCloudIO.WritePCDRejectsBadPath ..................................................................   Passed    0.00 sec
          Start 2731: GeometryIO_PointCloudIO.WritesPCDBinaryPositionsOnly
2721/4010 Test #2731: GeometryIO_PointCloudIO.WritesPCDBinaryPositionsOnly ............................................................   Passed    0.00 sec
          Start 2732: GeometryIO_PointCloudIO.WritesPCDBinaryWithNormalsAndColorsRoundTrips
2722/4010 Test #2732: GeometryIO_PointCloudIO.WritesPCDBinaryWithNormalsAndColorsRoundTrips ...........................................   Passed    0.00 sec
          Start 2733: GeometryIO_PointCloudIO.WritesPCDBinaryIgnoresRadii
2723/4010 Test #2733: GeometryIO_PointCloudIO.WritesPCDBinaryIgnoresRadii .............................................................   Passed    0.00 sec
          Start 2734: GeometryIO_PointCloudIO.WritePCDBinaryRejectsEmptyCloud
2724/4010 Test #2734: GeometryIO_PointCloudIO.WritePCDBinaryRejectsEmptyCloud .........................................................   Passed    0.00 sec
          Start 2735: GeometryIO_PointCloudIO.WritePCDBinaryRejectsBadPath
2725/4010 Test #2735: GeometryIO_PointCloudIO.WritePCDBinaryRejectsBadPath ............................................................   Passed    0.00 sec
          Start 2736: GeometryIO_PointCloudIO.PointCloudExportersRejectNonFinitePositions
2726/4010 Test #2736: GeometryIO_PointCloudIO.PointCloudExportersRejectNonFinitePositions .............................................   Passed    0.00 sec
          Start 2737: GeometryIO_PointCloudIO.PointCloudExportersRejectNonFiniteColors
2727/4010 Test #2737: GeometryIO_PointCloudIO.PointCloudExportersRejectNonFiniteColors ................................................   Passed    0.00 sec
          Start 2738: GeometryIO_PointCloudIO.PointCloudExportersRejectNonFiniteNormalsWhenSerialized
2728/4010 Test #2738: GeometryIO_PointCloudIO.PointCloudExportersRejectNonFiniteNormalsWhenSerialized .................................   Passed    0.00 sec
          Start 2739: GeometryIO_PointCloudIO.PointCloudPLYExportersRejectNonFiniteRadii
2729/4010 Test #2739: GeometryIO_PointCloudIO.PointCloudPLYExportersRejectNonFiniteRadii ..............................................   Passed    0.00 sec
          Start 2740: GeometryIO_GraphIO.LoadsTGFWithLabelsAndWeight
2730/4010 Test #2740: GeometryIO_GraphIO.LoadsTGFWithLabelsAndWeight ..................................................................   Passed    0.00 sec
          Start 2741: GeometryIO_GraphIO.LoadsEdgeListWithImplicitVertices
2731/4010 Test #2741: GeometryIO_GraphIO.LoadsEdgeListWithImplicitVertices ............................................................   Passed    0.00 sec
          Start 2742: GeometryIO_GraphIO.LoadTGFRejectsNonFiniteVertexPosition
2732/4010 Test #2742: GeometryIO_GraphIO.LoadTGFRejectsNonFiniteVertexPosition ........................................................   Passed    0.00 sec
          Start 2743: GeometryIO_GraphIO.GraphImportersRejectNonFiniteEdgeWeight
2733/4010 Test #2743: GeometryIO_GraphIO.GraphImportersRejectNonFiniteEdgeWeight ......................................................   Passed    0.00 sec
          Start 2744: GeometryIO_GraphIO.WritesTGFRoundTripsVerticesAndEdges
2734/4010 Test #2744: GeometryIO_GraphIO.WritesTGFRoundTripsVerticesAndEdges ..........................................................   Passed    0.00 sec
          Start 2745: GeometryIO_GraphIO.WritesTGFRoundTripsLabelsAndWeight
2735/4010 Test #2745: GeometryIO_GraphIO.WritesTGFRoundTripsLabelsAndWeight ...........................................................   Passed    0.00 sec
          Start 2746: GeometryIO_GraphIO.WritesTGFEmitsSeparatorEvenWithoutEdges
2736/4010 Test #2746: GeometryIO_GraphIO.WritesTGFEmitsSeparatorEvenWithoutEdges ......................................................   Passed    0.00 sec
          Start 2747: GeometryIO_GraphIO.WritesTGFSkipsDeletedVertices
2737/4010 Test #2747: GeometryIO_GraphIO.WritesTGFSkipsDeletedVertices ................................................................   Passed    0.00 sec
          Start 2748: GeometryIO_GraphIO.WriteTGFRejectsEmptyGraph
2738/4010 Test #2748: GeometryIO_GraphIO.WriteTGFRejectsEmptyGraph ....................................................................   Passed    0.00 sec
          Start 2749: GeometryIO_GraphIO.WriteTGFRejectsBadPath
2739/4010 Test #2749: GeometryIO_GraphIO.WriteTGFRejectsBadPath .......................................................................   Passed    0.00 sec
          Start 2750: GeometryIO_GraphIO.WritesEdgeListRoundTripsEdges
2740/4010 Test #2750: GeometryIO_GraphIO.WritesEdgeListRoundTripsEdges ................................................................   Passed    0.00 sec
          Start 2751: GeometryIO_GraphIO.WritesEdgeListRoundTripsLabelsAndWeight
2741/4010 Test #2751: GeometryIO_GraphIO.WritesEdgeListRoundTripsLabelsAndWeight ......................................................   Passed    0.00 sec
          Start 2752: GeometryIO_GraphIO.WritesEdgeListEmitsWeightWhenLabelOnly
2742/4010 Test #2752: GeometryIO_GraphIO.WritesEdgeListEmitsWeightWhenLabelOnly .......................................................   Passed    0.00 sec
          Start 2753: GeometryIO_GraphIO.WritesEdgeListSkipsDeletedEdges
2743/4010 Test #2753: GeometryIO_GraphIO.WritesEdgeListSkipsDeletedEdges ..............................................................   Passed    0.00 sec
          Start 2754: GeometryIO_GraphIO.WriteEdgeListRejectsEmptyGraph
2744/4010 Test #2754: GeometryIO_GraphIO.WriteEdgeListRejectsEmptyGraph ...............................................................   Passed    0.00 sec
          Start 2755: GeometryIO_GraphIO.WriteEdgeListRejectsEdgelessGraph
2745/4010 Test #2755: GeometryIO_GraphIO.WriteEdgeListRejectsEdgelessGraph ............................................................   Passed    0.00 sec
          Start 2756: GeometryIO_GraphIO.WriteEdgeListRejectsBadPath
2746/4010 Test #2756: GeometryIO_GraphIO.WriteEdgeListRejectsBadPath ..................................................................   Passed    0.00 sec
          Start 2757: GeometryIO_GraphIO.WriteTGFRejectsNonFiniteVertexPosition
2747/4010 Test #2757: GeometryIO_GraphIO.WriteTGFRejectsNonFiniteVertexPosition .......................................................   Passed    0.00 sec
          Start 2758: GeometryIO_GraphIO.GraphExportersRejectNonFiniteEdgeWeight
2748/4010 Test #2758: GeometryIO_GraphIO.GraphExportersRejectNonFiniteEdgeWeight ......................................................   Passed    0.00 sec
          Start 2759: GeometryProperties.NoRTTI_System
2749/4010 Test #2759: GeometryProperties.NoRTTI_System ................................................................................   Passed    0.00 sec
          Start 2760: SDF_Solver.Sphere_Vs_Sphere
2750/4010 Test #2760: SDF_Solver.Sphere_Vs_Sphere .....................................................................................   Passed    0.00 sec
          Start 2761: SDF_Solver.OBB_Vs_Sphere_Deep
2751/4010 Test #2761: SDF_Solver.OBB_Vs_Sphere_Deep ...................................................................................   Passed    0.00 sec
          Start 2762: SDF_Solver.Capsule_Vs_Box
2752/4010 Test #2762: SDF_Solver.Capsule_Vs_Box .......................................................................................   Passed    0.00 sec
          Start 2763: SDF_Solver.No_Overlap
2753/4010 Test #2763: SDF_Solver.No_Overlap ...........................................................................................   Passed    0.00 sec
          Start 2764: SDF_Solver.Sphere_Vs_Triangle
2754/4010 Test #2764: SDF_Solver.Sphere_Vs_Triangle ...................................................................................   Passed    0.00 sec
          Start 2765: HalfedgeMesh.SingleTriangle_Connectivity
2755/4010 Test #2765: HalfedgeMesh.SingleTriangle_Connectivity ........................................................................   Passed    0.00 sec
          Start 2766: HalfedgeMesh.TwoTriangles_SharedEdge
2756/4010 Test #2766: HalfedgeMesh.TwoTriangles_SharedEdge ............................................................................   Passed    0.00 sec
          Start 2767: HalfedgeMesh.AddFace_RejectsNonBoundaryInsertion
2757/4010 Test #2767: HalfedgeMesh.AddFace_RejectsNonBoundaryInsertion ................................................................   Passed    0.00 sec
          Start 2768: HalfedgeMesh.DeleteFace_ThenGarbageCollect
2758/4010 Test #2768: HalfedgeMesh.DeleteFace_ThenGarbageCollect ......................................................................   Passed    0.00 sec
          Start 2769: GeometryPrimitives.AABB_CommonUtils
2759/4010 Test #2769: GeometryPrimitives.AABB_CommonUtils .............................................................................   Passed    0.00 sec
          Start 2770: GeometryPrimitives.OBB_CommonUtils
2760/4010 Test #2770: GeometryPrimitives.OBB_CommonUtils ..............................................................................   Passed    0.00 sec
          Start 2771: GeometryPrimitives.Plane_CommonUtils
2761/4010 Test #2771: GeometryPrimitives.Plane_CommonUtils ............................................................................   Passed    0.00 sec
          Start 2772: GeometryPrimitives.Segment_And_Triangle_ClosestPoint
2762/4010 Test #2772: GeometryPrimitives.Segment_And_Triangle_ClosestPoint ............................................................   Passed    0.00 sec
          Start 2773: Physics_Contact.EPA_UsesScratchArena_Smoke
2763/4010 Test #2773: Physics_Contact.EPA_UsesScratchArena_Smoke ......................................................................   Passed    0.00 sec
          Start 2774: HtexPatch.BuildPatchMetadataProducesOneEntryPerEdge
2764/4010 Test #2774: HtexPatch.BuildPatchMetadataProducesOneEntryPerEdge .............................................................   Passed    0.00 sec
          Start 2775: HtexPatch.BoundaryEdgesAreFlaggedAndHaveOneIncidentFace
2765/4010 Test #2775: HtexPatch.BoundaryEdgesAreFlaggedAndHaveOneIncidentFace .........................................................   Passed    0.00 sec
          Start 2776: HtexPatch.BuildPatchMetadataRejectsEmptyMesh
2766/4010 Test #2776: HtexPatch.BuildPatchMetadataRejectsEmptyMesh ....................................................................   Passed    0.00 sec
          Start 2777: HtexPatch.TriangleToPatchUVReflectsOrientation
2767/4010 Test #2777: HtexPatch.TriangleToPatchUVReflectsOrientation ..................................................................   Passed    0.00 sec
          Start 2778: HtexPatch.PatchToTriangleUVInvertsPatchOrientation
2768/4010 Test #2778: HtexPatch.PatchToTriangleUVInvertsPatchOrientation ..............................................................   Passed    0.00 sec
          Start 2779: HtexPatch.IsTriangleLocalUVRejectsTexelsOutsideHalfedgeTriangle
2769/4010 Test #2779: HtexPatch.IsTriangleLocalUVRejectsTexelsOutsideHalfedgeTriangle .................................................   Passed    0.00 sec
          Start 2780: HtexPatch.ComputeAtlasLayoutPacksPatchTilesIntoBoundedGrid
2770/4010 Test #2780: HtexPatch.ComputeAtlasLayoutPacksPatchTilesIntoBoundedGrid ......................................................   Passed    0.00 sec
          Start 2781: HtexPatch.BuildPatchMetadataHandlesReversedResolutionBounds
2771/4010 Test #2781: HtexPatch.BuildPatchMetadataHandlesReversedResolutionBounds .....................................................   Passed    0.00 sec
          Start 2782: HtexPatch.BuildHalfedgeTriangleKeepsValidSliverFaces
2772/4010 Test #2782: HtexPatch.BuildHalfedgeTriangleKeepsValidSliverFaces ............................................................   Passed    0.00 sec
          Start 2783: HtexPatch.BuildCategoricalPatchAtlasHandlesValidSliverTriangles
2773/4010 Test #2783: HtexPatch.BuildCategoricalPatchAtlasHandlesValidSliverTriangles .................................................   Passed    0.00 sec
          Start 2784: HtexPatch.BuildCategoricalPatchAtlasEncodesNearestClusterIdsLosslessly
2774/4010 Test #2784: HtexPatch.BuildCategoricalPatchAtlasEncodesNearestClusterIdsLosslessly ..........................................   Passed    0.00 sec
          Start 2785: HtexPatch.BuildCategoricalPatchAtlasRejectsMissingCentroids
2775/4010 Test #2785: HtexPatch.BuildCategoricalPatchAtlasRejectsMissingCentroids .....................................................   Passed    0.00 sec
          Start 2786: SDF_Math.Sphere_AtSurface
2776/4010 Test #2786: SDF_Math.Sphere_AtSurface .......................................................................................   Passed    0.00 sec
          Start 2787: SDF_Math.Sphere_Inside
2777/4010 Test #2787: SDF_Math.Sphere_Inside ..........................................................................................   Passed    0.00 sec
          Start 2788: SDF_Math.Sphere_Outside
2778/4010 Test #2788: SDF_Math.Sphere_Outside .........................................................................................   Passed    0.00 sec
          Start 2789: SDF_Math.AABB_Inside
2779/4010 Test #2789: SDF_Math.AABB_Inside ............................................................................................   Passed    0.00 sec
          Start 2790: SDF_Math.AABB_OnFace
2780/4010 Test #2790: SDF_Math.AABB_OnFace ............................................................................................   Passed    0.00 sec
          Start 2791: SDF_Math.AABB_Outside
2781/4010 Test #2791: SDF_Math.AABB_Outside ...........................................................................................   Passed    0.00 sec
          Start 2792: SDF_Math.Capsule_OnSurface
2782/4010 Test #2792: SDF_Math.Capsule_OnSurface ......................................................................................   Passed    0.00 sec
          Start 2793: SDF_Math.Capsule_Inside
2783/4010 Test #2793: SDF_Math.Capsule_Inside .........................................................................................   Passed    0.00 sec
          Start 2794: SDF_Math.Capsule_DegenerateSegmentFallback
2784/4010 Test #2794: SDF_Math.Capsule_DegenerateSegmentFallback ......................................................................   Passed    0.00 sec
          Start 2795: SDF_Math.Segment_DistanceToMidpoint
2785/4010 Test #2795: SDF_Math.Segment_DistanceToMidpoint .............................................................................   Passed    0.00 sec
          Start 2796: SDF_Math.Segment_DegenerateToPointDistance
2786/4010 Test #2796: SDF_Math.Segment_DegenerateToPointDistance ......................................................................   Passed    0.00 sec
          Start 2797: SDF_Math.Plane_PositiveSide
2787/4010 Test #2797: SDF_Math.Plane_PositiveSide .....................................................................................   Passed    0.00 sec
          Start 2798: SDF_Math.Plane_NegativeSide
2788/4010 Test #2798: SDF_Math.Plane_NegativeSide .....................................................................................   Passed    0.00 sec
          Start 2799: SDF_Math.Triangle_AtVertex
2789/4010 Test #2799: SDF_Math.Triangle_AtVertex ......................................................................................   Passed    0.00 sec
          Start 2800: SDF_Math.Triangle_AboveFace
2790/4010 Test #2800: SDF_Math.Triangle_AboveFace .....................................................................................   Passed    0.00 sec
          Start 2801: SDF_Math.Triangle_DegenerateEdgeFallback
2791/4010 Test #2801: SDF_Math.Triangle_DegenerateEdgeFallback ........................................................................   Passed    0.00 sec
          Start 2802: SDF_Math.Ray_DistancePerpendicular
2792/4010 Test #2802: SDF_Math.Ray_DistancePerpendicular ..............................................................................   Passed    0.00 sec
          Start 2803: SDF_Math.Ray_BehindOrigin
2793/4010 Test #2803: SDF_Math.Ray_BehindOrigin .......................................................................................   Passed    0.00 sec
          Start 2804: SDF_Math.Ray_ZeroDirectionFallsBackToPointDistance
2794/4010 Test #2804: SDF_Math.Ray_ZeroDirectionFallsBackToPointDistance ..............................................................   Passed    0.00 sec
          Start 2805: SDF_Math.Ellipsoid_DegenerateCenterUsesShortestRadius
2795/4010 Test #2805: SDF_Math.Ellipsoid_DegenerateCenterUsesShortestRadius ...........................................................   Passed    0.00 sec
          Start 2806: SDF_Functor.SphereSDF
2796/4010 Test #2806: SDF_Functor.SphereSDF ...........................................................................................   Passed    0.00 sec
          Start 2807: SDF_Functor.AabbSDF
2797/4010 Test #2807: SDF_Functor.AabbSDF .............................................................................................   Passed    0.00 sec
          Start 2808: SDF_Functor.ObbSDF_AxisAligned
2798/4010 Test #2808: SDF_Functor.ObbSDF_AxisAligned ..................................................................................   Passed    0.00 sec
          Start 2809: SDF_Functor.CapsuleSDF
2799/4010 Test #2809: SDF_Functor.CapsuleSDF ..........................................................................................   Passed    0.00 sec
          Start 2810: SDF_Functor.CylinderSDF
2800/4010 Test #2810: SDF_Functor.CylinderSDF .........................................................................................   Passed    0.00 sec
          Start 2811: SDF_Functor.CylinderSDF_Degenerate
2801/4010 Test #2811: SDF_Functor.CylinderSDF_Degenerate ..............................................................................   Passed    0.00 sec
          Start 2812: SDF_Functor.EllipsoidSDF_DegenerateCenterUsesShortestRadius
2802/4010 Test #2812: SDF_Functor.EllipsoidSDF_DegenerateCenterUsesShortestRadius .....................................................   Passed    0.00 sec
          Start 2813: SDF_Functor.TriangleSDF
2803/4010 Test #2813: SDF_Functor.TriangleSDF .........................................................................................   Passed    0.00 sec
          Start 2814: SDF_Functor.PlaneSDF
2804/4010 Test #2814: SDF_Functor.PlaneSDF ............................................................................................   Passed    0.00 sec
          Start 2815: SDF_Functor.SegmentSDF
2805/4010 Test #2815: SDF_Functor.SegmentSDF ..........................................................................................   Passed    0.00 sec
          Start 2816: SDF_Functor.ConvexHullSDF_Inside
2806/4010 Test #2816: SDF_Functor.ConvexHullSDF_Inside ................................................................................   Passed    0.00 sec
          Start 2817: SDF_Functor.ConvexHullSDF_Empty
2807/4010 Test #2817: SDF_Functor.ConvexHullSDF_Empty .................................................................................   Passed    0.00 sec
          Start 2818: SDFContact.CalculateGradient_Sphere
2808/4010 Test #2818: SDFContact.CalculateGradient_Sphere .............................................................................   Passed    0.00 sec
          Start 2819: SDFContact.Contact_TwoOverlappingSpheres
2809/4010 Test #2819: SDFContact.Contact_TwoOverlappingSpheres ........................................................................   Passed    0.00 sec
          Start 2820: SDFContact.Contact_SeparatedSpheres_ReturnsNullopt
2810/4010 Test #2820: SDFContact.Contact_SeparatedSpheres_ReturnsNullopt ..............................................................   Passed    0.00 sec
          Start 2821: SDFContact.Contact_SphereAABB
2811/4010 Test #2821: SDFContact.Contact_SphereAABB ...................................................................................   Passed    0.00 sec
          Start 2822: ContactManifold.SphereSphere_Overlapping
2812/4010 Test #2822: ContactManifold.SphereSphere_Overlapping ........................................................................   Passed    0.00 sec
          Start 2823: ContactManifold.SphereSphere_Separated
2813/4010 Test #2823: ContactManifold.SphereSphere_Separated ..........................................................................   Passed    0.00 sec
          Start 2824: ContactManifold.SphereSphere_Concentric
2814/4010 Test #2824: ContactManifold.SphereSphere_Concentric .........................................................................   Passed    0.00 sec
          Start 2825: ContactManifold.SphereSphere_DiagonalOverlap
2815/4010 Test #2825: ContactManifold.SphereSphere_DiagonalOverlap ....................................................................   Passed    0.00 sec
          Start 2826: ContactManifold.SphereAABB_Overlapping
2816/4010 Test #2826: ContactManifold.SphereAABB_Overlapping ..........................................................................   Passed    0.00 sec
          Start 2827: ContactManifold.SphereAABB_Separated
2817/4010 Test #2827: ContactManifold.SphereAABB_Separated ............................................................................   Passed    0.00 sec
          Start 2828: ContactManifold.SphereAABB_CenterInsideBox
2818/4010 Test #2828: ContactManifold.SphereAABB_CenterInsideBox ......................................................................   Passed    0.00 sec
          Start 2829: ContactManifold.Convention_SphereAABB_SphereAboveBox
2819/4010 Test #2829: ContactManifold.Convention_SphereAABB_SphereAboveBox ............................................................   Passed    0.00 sec
          Start 2830: ContactManifold.Convention_SphereAABB_CenterInsideBox
2820/4010 Test #2830: ContactManifold.Convention_SphereAABB_CenterInsideBox ...........................................................   Passed    0.00 sec
          Start 2831: ContactManifold.Convention_AABBSphere_ReversedDispatch
2821/4010 Test #2831: ContactManifold.Convention_AABBSphere_ReversedDispatch ..........................................................   Passed    0.00 sec
          Start 2832: ContactManifold.Convention_SphereSphere_BothOrders
2822/4010 Test #2832: ContactManifold.Convention_SphereSphere_BothOrders ..............................................................   Passed    0.00 sec
          Start 2833: ContactManifold.Convention_Fallback_SphereOBB_BothOrders
2823/4010 Test #2833: ContactManifold.Convention_Fallback_SphereOBB_BothOrders ........................................................   Passed    0.00 sec
          Start 2834: ContactManifold.Convention_Fallback_CapsuleOBB_BothOrders
2824/4010 Test #2834: ContactManifold.Convention_Fallback_CapsuleOBB_BothOrders .......................................................   Passed    0.00 sec
          Start 2835: ContactManifold.Convention_Fallback_SphereCapsule_BothOrders
2825/4010 Test #2835: ContactManifold.Convention_Fallback_SphereCapsule_BothOrders ....................................................   Passed    0.00 sec
          Start 2836: ContactManifold.AABBSphere_SymmetricDispatch
2826/4010 Test #2836: ContactManifold.AABBSphere_SymmetricDispatch ....................................................................   Passed    0.00 sec
          Start 2837: ContactManifold.ConvexHullSphere_Fallback
2827/4010 Test #2837: ContactManifold.ConvexHullSphere_Fallback .......................................................................   Passed    0.00 sec
          Start 2838: ContactManifold.OBBCapsule_Fallback
2828/4010 Test #2838: ContactManifold.OBBCapsule_Fallback .............................................................................   Passed    0.00 sec
          Start 2839: ContactManifold.CapsuleCapsule_Separated_NoContact
2829/4010 Test #2839: ContactManifold.CapsuleCapsule_Separated_NoContact ..............................................................   Passed    0.00 sec
          Start 2840: ContactManifold.RayCast_Sphere_Hit
2830/4010 Test #2840: ContactManifold.RayCast_Sphere_Hit ..............................................................................   Passed    0.00 sec
          Start 2841: ContactManifold.RayCast_Sphere_Miss
2831/4010 Test #2841: ContactManifold.RayCast_Sphere_Miss .............................................................................   Passed    0.00 sec
          Start 2842: ContactManifold.RayCast_Sphere_CenterOriginHasFiniteFallbackNormal
2832/4010 Test #2842: ContactManifold.RayCast_Sphere_CenterOriginHasFiniteFallbackNormal ..............................................   Passed    0.00 sec
          Start 2843: ContactManifold.RayCast_AABB_Hit
2833/4010 Test #2843: ContactManifold.RayCast_AABB_Hit ................................................................................   Passed    0.00 sec
          Start 2844: ContactManifold.RayCast_AABB_Miss
2834/4010 Test #2844: ContactManifold.RayCast_AABB_Miss ...............................................................................   Passed    0.00 sec
          Start 2845: ContactManifold.RayCast_AABB_OnSlabBoundaryAxisParallel
2835/4010 Test #2845: ContactManifold.RayCast_AABB_OnSlabBoundaryAxisParallel .........................................................   Passed    0.00 sec
          Start 2846: ContactManifold.RayCast_AABB_InsideBox
2836/4010 Test #2846: ContactManifold.RayCast_AABB_InsideBox ..........................................................................   Passed    0.00 sec
          Start 2847: GJK.SphereSphere_Overlapping
2837/4010 Test #2847: GJK.SphereSphere_Overlapping ....................................................................................   Passed    0.00 sec
          Start 2848: GJK.SphereSphere_Separated
2838/4010 Test #2848: GJK.SphereSphere_Separated ......................................................................................   Passed    0.00 sec
          Start 2849: GJK.SphereSphere_Touching
2839/4010 Test #2849: GJK.SphereSphere_Touching .......................................................................................   Passed    0.00 sec
          Start 2850: GJK.SphereSphere_Concentric
2840/4010 Test #2850: GJK.SphereSphere_Concentric .....................................................................................   Passed    0.00 sec
          Start 2851: GJK.SphereAABB_Overlapping
2841/4010 Test #2851: GJK.SphereAABB_Overlapping ......................................................................................   Passed    0.00 sec
          Start 2852: GJK.SphereAABB_Separated
2842/4010 Test #2852: GJK.SphereAABB_Separated ........................................................................................   Passed    0.00 sec
          Start 2853: GJK.AABBAABB_Overlapping
2843/4010 Test #2853: GJK.AABBAABB_Overlapping ........................................................................................   Passed    0.00 sec
          Start 2854: GJK.AABBAABB_Separated
2844/4010 Test #2854: GJK.AABBAABB_Separated ..........................................................................................   Passed    0.00 sec
          Start 2855: GJK.OBBSphere_Overlapping
2845/4010 Test #2855: GJK.OBBSphere_Overlapping .......................................................................................   Passed    0.00 sec
          Start 2856: GJK.CapsuleSphere_Overlapping
2846/4010 Test #2856: GJK.CapsuleSphere_Overlapping ...................................................................................   Passed    0.00 sec
          Start 2857: GJK.CapsuleCapsule_Separated
2847/4010 Test #2857: GJK.CapsuleCapsule_Separated ....................................................................................   Passed    0.00 sec
          Start 2858: GJK.ConvexHullSphere_Overlapping
2848/4010 Test #2858: GJK.ConvexHullSphere_Overlapping ................................................................................   Passed    0.00 sec
          Start 2859: GJK.ConvexHullSphere_Separated
2849/4010 Test #2859: GJK.ConvexHullSphere_Separated ..................................................................................   Passed    0.00 sec
          Start 2860: GJK.Intersection_ReturnsSimplex_WhenOverlapping
2850/4010 Test #2860: GJK.Intersection_ReturnsSimplex_WhenOverlapping .................................................................   Passed    0.00 sec
          Start 2861: GJK.Intersection_ReturnsNullopt_WhenSeparated
2851/4010 Test #2861: GJK.Intersection_ReturnsNullopt_WhenSeparated ...................................................................   Passed    0.00 sec
          Start 2862: GJK.BackCompat_Boolean_Overlapping
2852/4010 Test #2862: GJK.BackCompat_Boolean_Overlapping ..............................................................................   Passed    0.00 sec
          Start 2863: GJK.BackCompat_Intersection_Overlapping
2853/4010 Test #2863: GJK.BackCompat_Intersection_Overlapping .........................................................................   Passed    0.00 sec
          Start 2864: GJK.ConvergesWithinIterationLimit
2854/4010 Test #2864: GJK.ConvergesWithinIterationLimit ...............................................................................   Passed    0.00 sec
          Start 2865: GJK.ScaleInvariance_VerySmallObjects
2855/4010 Test #2865: GJK.ScaleInvariance_VerySmallObjects ............................................................................   Passed    0.00 sec
          Start 2866: GJK.ScaleInvariance_VeryLargeObjects
2856/4010 Test #2866: GJK.ScaleInvariance_VeryLargeObjects ............................................................................   Passed    0.00 sec
          Start 2867: GJK.ScaleInvariance_TinyAABBs
2857/4010 Test #2867: GJK.ScaleInvariance_TinyAABBs ...................................................................................   Passed    0.00 sec
          Start 2868: GJK.ScaleInvariance_HugeAABBs
2858/4010 Test #2868: GJK.ScaleInvariance_HugeAABBs ...................................................................................   Passed    0.00 sec
          Start 2869: GJK.ScaleInvariance_Intersection_TinyOverlap
2859/4010 Test #2869: GJK.ScaleInvariance_Intersection_TinyOverlap ....................................................................   Passed    0.00 sec
          Start 2870: GJK.EPA_ScaleInvariance_TinyPenetration
2860/4010 Test #2870: GJK.EPA_ScaleInvariance_TinyPenetration .........................................................................   Passed    0.00 sec
          Start 2871: GJK.EPA_ScaleInvariance_LargePenetration
2861/4010 Test #2871: GJK.EPA_ScaleInvariance_LargePenetration ........................................................................   Passed    0.00 sec
          Start 2872: GJK.Diagnostics_Converged_OnOverlappingSpheres
2862/4010 Test #2872: GJK.Diagnostics_Converged_OnOverlappingSpheres ..................................................................   Passed    0.00 sec
          Start 2873: GJK.Diagnostics_EarlyOutNegativeSupport_OnSeparatedSpheres
2863/4010 Test #2873: GJK.Diagnostics_EarlyOutNegativeSupport_OnSeparatedSpheres ......................................................   Passed    0.00 sec
          Start 2874: GJK.Diagnostics_EarlyOutNegativeSupport_OnSeparatedAABBs
2864/4010 Test #2874: GJK.Diagnostics_EarlyOutNegativeSupport_OnSeparatedAABBs ........................................................   Passed    0.00 sec
          Start 2875: GJK.Diagnostics_Intersection_Converged_OnOverlap
2865/4010 Test #2875: GJK.Diagnostics_Intersection_Converged_OnOverlap ................................................................   Passed    0.00 sec
          Start 2876: GJK.Diagnostics_Intersection_EarlyOutNegativeSupport_OnSeparated
2866/4010 Test #2876: GJK.Diagnostics_Intersection_EarlyOutNegativeSupport_OnSeparated ................................................   Passed    0.00 sec
          Start 2877: GJK.Diagnostics_DefaultConstructedFieldsAreSane
2867/4010 Test #2877: GJK.Diagnostics_DefaultConstructedFieldsAreSane .................................................................   Passed    0.00 sec
          Start 2878: GJK.Diagnostics_BooleanWrapper_StillMatchesDiagnosticOverload
2868/4010 Test #2878: GJK.Diagnostics_BooleanWrapper_StillMatchesDiagnosticOverload ...................................................   Passed    0.00 sec
          Start 2879: GJK.Diagnostics_ConvergenceBudget_NotExhaustedOnStandardCorpus
2869/4010 Test #2879: GJK.Diagnostics_ConvergenceBudget_NotExhaustedOnStandardCorpus ..................................................   Passed    0.00 sec
          Start 2880: GJK.Parity_BooleanOutcomeAcrossScales
2870/4010 Test #2880: GJK.Parity_BooleanOutcomeAcrossScales ...........................................................................   Passed    0.00 sec
          Start 2881: GJK.Parity_NearTouchingSeparation_PreviouslyFlippedScales
2871/4010 Test #2881: GJK.Parity_NearTouchingSeparation_PreviouslyFlippedScales .......................................................   Passed    0.00 sec
          Start 2882: GJK.Parity_TouchingSpheres_OverlapAcrossScales
2872/4010 Test #2882: GJK.Parity_TouchingSpheres_OverlapAcrossScales ..................................................................   Passed    0.00 sec
          Start 2887: AssetEventBus.SubscribeReturnsNonZeroToken
2873/4010 Test #2887: AssetEventBus.SubscribeReturnsNonZeroToken ......................................................................   Passed    0.00 sec
          Start 2888: AssetEventBus.SubscribeRejectsEmptyCallback
2874/4010 Test #2888: AssetEventBus.SubscribeRejectsEmptyCallback .....................................................................   Passed    0.00 sec
          Start 2889: AssetEventBus.FirstValidTokenIsNotInvalidSentinel
2875/4010 Test #2889: AssetEventBus.FirstValidTokenIsNotInvalidSentinel ...............................................................   Passed    0.00 sec
          Start 2890: AssetEventBus.UnsubscribeStopsDelivery
2876/4010 Test #2890: AssetEventBus.UnsubscribeStopsDelivery ..........................................................................   Passed    0.00 sec
          Start 2891: AssetEventBus.UnsubscribeUnknownTokenIsNoOp
2877/4010 Test #2891: AssetEventBus.UnsubscribeUnknownTokenIsNoOp .....................................................................   Passed    0.00 sec
          Start 2892: AssetEventBus.PublishQueuesUntilFlush
2878/4010 Test #2892: AssetEventBus.PublishQueuesUntilFlush ...........................................................................   Passed    0.00 sec
          Start 2893: AssetEventBus.FlushDeliversToMatchingId
2879/4010 Test #2893: AssetEventBus.FlushDeliversToMatchingId .........................................................................   Passed    0.00 sec
          Start 2894: AssetEventBus.FlushIsIdempotent
2880/4010 Test #2894: AssetEventBus.FlushIsIdempotent .................................................................................   Passed    0.00 sec
          Start 2895: AssetEventBus.FlushForwardsEventTypeUnchanged
2881/4010 Test #2895: AssetEventBus.FlushForwardsEventTypeUnchanged ...................................................................   Passed    0.00 sec
          Start 2896: AssetEventBus.FlushWithNoSubscribersIsHarmless
2882/4010 Test #2896: AssetEventBus.FlushWithNoSubscribersIsHarmless ..................................................................   Passed    0.00 sec
          Start 2897: AssetEventBus.FlushAssetDrainsOnlyMatchingIdInOrder
2883/4010 Test #2897: AssetEventBus.FlushAssetDrainsOnlyMatchingIdInOrder .............................................................   Passed    0.00 sec
          Start 2898: AssetEventBus.SubscribeAllReceivesAllEvents
2884/4010 Test #2898: AssetEventBus.SubscribeAllReceivesAllEvents .....................................................................   Passed    0.00 sec
          Start 2899: AssetEventBus.SubscribeAllRejectsEmptyCallback
2885/4010 Test #2899: AssetEventBus.SubscribeAllRejectsEmptyCallback ..................................................................   Passed    0.00 sec
          Start 2900: AssetEventBus.UnsubscribeAllStopsDelivery
2886/4010 Test #2900: AssetEventBus.UnsubscribeAllStopsDelivery .......................................................................   Passed    0.00 sec
          Start 2901: AssetEventBus.PerIdAndBroadcastBothReceive
2887/4010 Test #2901: AssetEventBus.PerIdAndBroadcastBothReceive ......................................................................   Passed    0.00 sec
          Start 2902: AssetEventBus.PublishFromMultipleThreadsAllDelivered
2888/4010 Test #2902: AssetEventBus.PublishFromMultipleThreadsAllDelivered ............................................................   Passed    0.00 sec
          Start 2903: AssetEventBus.ConcurrentSubscriberTokensAreUnique
2889/4010 Test #2903: AssetEventBus.ConcurrentSubscriberTokensAreUnique ...............................................................   Passed    0.00 sec
          Start 2904: AssetEventBus.CallbackPublishDuringFlushQueuesForNextFlush
2890/4010 Test #2904: AssetEventBus.CallbackPublishDuringFlushQueuesForNextFlush ......................................................   Passed    0.00 sec
          Start 2905: AssetEventBus.CallbackUnsubscribesSelfDuringFlush
2891/4010 Test #2905: AssetEventBus.CallbackUnsubscribesSelfDuringFlush ...............................................................   Passed    0.00 sec
          Start 2906: AssetEventBus.CallbackSubscribesNewListenerDuringFlush
2892/4010 Test #2906: AssetEventBus.CallbackSubscribesNewListenerDuringFlush ..........................................................   Passed    0.00 sec
          Start 2907: AssetEventBus.BroadcastCallbackPublishDuringFlushDoesNotDeadlock
2893/4010 Test #2907: AssetEventBus.BroadcastCallbackPublishDuringFlushDoesNotDeadlock ................................................   Passed    0.00 sec
          Start 2908: AssetEventBus.BurstyReEntrantPublishTerminates
2894/4010 Test #2908: AssetEventBus.BurstyReEntrantPublishTerminates ..................................................................   Passed    0.00 sec
          Start 2909: AssetImportRouter.RoutesObjMeshImportFromPath
2895/4010 Test #2909: AssetImportRouter.RoutesObjMeshImportFromPath ...................................................................   Passed    0.00 sec
          Start 2910: AssetImportRouter.PlyRequiresExplicitPayloadHint
2896/4010 Test #2910: AssetImportRouter.PlyRequiresExplicitPayloadHint ................................................................   Passed    0.00 sec
          Start 2911: AssetImportRouter.RejectsMissingAndUnsupportedExtensions
2897/4010 Test #2911: AssetImportRouter.RejectsMissingAndUnsupportedExtensions ........................................................   Passed    0.00 sec
          Start 2912: AssetImportRouter.RoutesModelSceneAndTextureImports
2898/4010 Test #2912: AssetImportRouter.RoutesModelSceneAndTextureImports .............................................................   Passed    0.00 sec
          Start 2913: AssetImportRouter.ExportRoutesRespectPromotedGeometrySupport
2899/4010 Test #2913: AssetImportRouter.ExportRoutesRespectPromotedGeometrySupport ....................................................   Passed    0.00 sec
          Start 2914: AssetImportRouter.PublishesDeterministicDebugNamesAndFormatTable
2900/4010 Test #2914: AssetImportRouter.PublishesDeterministicDebugNamesAndFormatTable ................................................   Passed    0.00 sec
          Start 2915: AssetModelTexturePayload.TexturePayloadValidationAcceptsCpuPixelsAndMetadata
2901/4010 Test #2915: AssetModelTexturePayload.TexturePayloadValidationAcceptsCpuPixelsAndMetadata ....................................   Passed    0.00 sec
          Start 2916: AssetModelTexturePayload.TexturePayloadValidationAcceptsGeneratedTexturesWithoutSourceFormat
2902/4010 Test #2916: AssetModelTexturePayload.TexturePayloadValidationAcceptsGeneratedTexturesWithoutSourceFormat ....................   Passed    0.00 sec
          Start 2917: AssetModelTexturePayload.TexturePayloadValidationRejectsBadMetadata
2903/4010 Test #2917: AssetModelTexturePayload.TexturePayloadValidationRejectsBadMetadata .............................................   Passed    0.00 sec
          Start 2918: AssetModelTexturePayload.ModelScenePayloadValidatesPrimitiveMaterialAndImageRefs
2904/4010 Test #2918: AssetModelTexturePayload.ModelScenePayloadValidatesPrimitiveMaterialAndImageRefs ................................   Passed    0.00 sec
          Start 2919: AssetModelTexturePayload.ModelScenePayloadRejectsInvalidReferences
2905/4010 Test #2919: AssetModelTexturePayload.ModelScenePayloadRejectsInvalidReferences ..............................................   Passed    0.00 sec
          Start 2920: AssetModelTexturePayload.ModelScenePayloadRequiresCompleteReferencedTopology
2906/4010 Test #2920: AssetModelTexturePayload.ModelScenePayloadRequiresCompleteReferencedTopology ....................................   Passed    0.00 sec
          Start 2921: AssetModelTexturePayload.ModelScenePayloadRejectsOutOfRangeNodeReferences
2907/4010 Test #2921: AssetModelTexturePayload.ModelScenePayloadRejectsOutOfRangeNodeReferences .......................................   Passed    0.00 sec
          Start 2922: AssetModelTexturePayload.ModelScenePayloadRejectsNonFiniteNodeTransforms
2908/4010 Test #2922: AssetModelTexturePayload.ModelScenePayloadRejectsNonFiniteNodeTransforms ........................................   Passed    0.00 sec
          Start 2923: AssetModelTexturePayload.ModelScenePayloadRejectsInconsistentOrDuplicateParentage
2909/4010 Test #2923: AssetModelTexturePayload.ModelScenePayloadRejectsInconsistentOrDuplicateParentage ...............................   Passed    0.00 sec
          Start 2924: AssetModelTexturePayload.ModelScenePayloadRejectsCyclesAndUnreachableNodes
2910/4010 Test #2924: AssetModelTexturePayload.ModelScenePayloadRejectsCyclesAndUnreachableNodes ......................................   Passed    0.00 sec
          Start 2925: AssetModelTexturePayload.ExternalResourceDiagnosticsRequireConsistentErrors
2911/4010 Test #2925: AssetModelTexturePayload.ExternalResourceDiagnosticsRequireConsistentErrors .....................................   Passed    0.00 sec
          Start 2926: AssetModelTexturePayload.PayloadsLoadThroughAssetServiceAsDistinctTypes
2912/4010 Test #2926: AssetModelTexturePayload.PayloadsLoadThroughAssetServiceAsDistinctTypes .........................................   Passed    0.00 sec
          Start 2927: AssetModelTexturePayload.RoutesMatchPromotedPayloadKinds
2913/4010 Test #2927: AssetModelTexturePayload.RoutesMatchPromotedPayloadKinds ........................................................   Passed    0.00 sec
          Start 2928: AssetModelTexturePayload.KtxRouteIsRecognizedButPayloadIsUnsupported
2914/4010 Test #2928: AssetModelTexturePayload.KtxRouteIsRecognizedButPayloadIsUnsupported ............................................   Passed    0.00 sec
          Start 2929: AssetOperationStatus.ClassifiesSuccessfulOperations
2915/4010 Test #2929: AssetOperationStatus.ClassifiesSuccessfulOperations .............................................................   Passed    0.00 sec
          Start 2930: AssetOperationStatus.ClassifiesCallbackValidationAndFormatFailures
2916/4010 Test #2930: AssetOperationStatus.ClassifiesCallbackValidationAndFormatFailures ..............................................   Passed    0.00 sec
          Start 2931: AssetOperationStatus.ClassifiesStateTypeIoAndUploadFailures
2917/4010 Test #2931: AssetOperationStatus.ClassifiesStateTypeIoAndUploadFailures .....................................................   Passed    0.00 sec
          Start 2932: AssetOperationStatus.ProvidesStableDebugNames
2918/4010 Test #2932: AssetOperationStatus.ProvidesStableDebugNames ...................................................................   Passed    0.00 sec
          Start 2933: AssetPathIndex.EmptyFindReturnsNotFound
2919/4010 Test #2933: AssetPathIndex.EmptyFindReturnsNotFound .........................................................................   Passed    0.00 sec
          Start 2934: AssetPathIndex.InsertAndFindRoundTrip
2920/4010 Test #2934: AssetPathIndex.InsertAndFindRoundTrip ...........................................................................   Passed    0.00 sec
          Start 2935: AssetPathIndex.InsertDuplicateRejected
2921/4010 Test #2935: AssetPathIndex.InsertDuplicateRejected ..........................................................................   Passed    0.00 sec
          Start 2936: AssetPathIndex.InsertRejectsEmptyPath
2922/4010 Test #2936: AssetPathIndex.InsertRejectsEmptyPath ...........................................................................   Passed    0.00 sec
          Start 2937: AssetPathIndex.InsertRejectsInvalidId
2923/4010 Test #2937: AssetPathIndex.InsertRejectsInvalidId ...........................................................................   Passed    0.00 sec
          Start 2938: AssetPathIndex.EraseRemovesEntry
2924/4010 Test #2938: AssetPathIndex.EraseRemovesEntry ................................................................................   Passed    0.00 sec
          Start 2939: AssetPathIndex.EraseUnknownPathNotFound
2925/4010 Test #2939: AssetPathIndex.EraseUnknownPathNotFound .........................................................................   Passed    0.00 sec
          Start 2940: AssetPathIndex.EraseIdMismatchRejected
2926/4010 Test #2940: AssetPathIndex.EraseIdMismatchRejected ..........................................................................   Passed    0.00 sec
          Start 2941: AssetPathIndex.ContainsReflectsInsertErase
2927/4010 Test #2941: AssetPathIndex.ContainsReflectsInsertErase ......................................................................   Passed    0.00 sec
          Start 2942: AssetPathIndex.SizeTracksInserts
2928/4010 Test #2942: AssetPathIndex.SizeTracksInserts ................................................................................   Passed    0.00 sec
          Start 2943: AssetPathIndex.HeterogeneousLookupNoAllocation
2929/4010 Test #2943: AssetPathIndex.HeterogeneousLookupNoAllocation ..................................................................   Passed    0.00 sec
          Start 2944: AssetPayloadStore.PublishAssignsTicket
2930/4010 Test #2944: AssetPayloadStore.PublishAssignsTicket ..........................................................................   Passed    0.00 sec
          Start 2945: AssetPayloadStore.PublishRejectsInvalidId
2931/4010 Test #2945: AssetPayloadStore.PublishRejectsInvalidId .......................................................................   Passed    0.00 sec
          Start 2946: AssetPayloadStore.ReadSpanReturnsStoredValue
2932/4010 Test #2946: AssetPayloadStore.ReadSpanReturnsStoredValue ....................................................................   Passed    0.00 sec
          Start 2947: AssetPayloadStore.ReadSpanMissingIdReturnsAssetNotLoaded
2933/4010 Test #2947: AssetPayloadStore.ReadSpanMissingIdReturnsAssetNotLoaded ........................................................   Passed    0.00 sec
          Start 2948: AssetPayloadStore.ReadSpanWrongTypeIsRejected
2934/4010 Test #2948: AssetPayloadStore.ReadSpanWrongTypeIsRejected ...................................................................   Passed    0.00 sec
          Start 2949: AssetPayloadStore.PublishTwiceBumpsGenerationAndReplacesValue
2935/4010 Test #2949: AssetPayloadStore.PublishTwiceBumpsGenerationAndReplacesValue ...................................................   Passed    0.00 sec
          Start 2950: AssetPayloadStore.RepublishDifferentTypeClearsOldBucket
2936/4010 Test #2950: AssetPayloadStore.RepublishDifferentTypeClearsOldBucket .........................................................   Passed    0.00 sec
          Start 2951: AssetPayloadStore.RetireRemovesEntry
2937/4010 Test #2951: AssetPayloadStore.RetireRemovesEntry ............................................................................   Passed    0.00 sec
          Start 2952: AssetPayloadStore.RetireUnknownIdIsNotFound
2938/4010 Test #2952: AssetPayloadStore.RetireUnknownIdIsNotFound .....................................................................   Passed    0.00 sec
          Start 2953: AssetPayloadStore.GetTicketMatchesPublish
2939/4010 Test #2953: AssetPayloadStore.GetTicketMatchesPublish .......................................................................   Passed    0.00 sec
          Start 2954: AssetPayloadStore.GetTicketUnknownIsAssetNotLoaded
2940/4010 Test #2954: AssetPayloadStore.GetTicketUnknownIsAssetNotLoaded ..............................................................   Passed    0.00 sec
          Start 2955: AssetPayloadStore.DistinctSlotsPerAsset
2941/4010 Test #2955: AssetPayloadStore.DistinctSlotsPerAsset .........................................................................   Passed    0.00 sec
          Start 2956: AssetPayloadStore.SizeTracksPublishRetire
2942/4010 Test #2956: AssetPayloadStore.SizeTracksPublishRetire .......................................................................   Passed    0.00 sec
          Start 2957: PayloadTicket.DefaultTicketIsInvalid
2943/4010 Test #2957: PayloadTicket.DefaultTicketIsInvalid ............................................................................   Passed    0.00 sec
          Start 2958: PayloadTicket.NonzeroSlotIsValid
2944/4010 Test #2958: PayloadTicket.NonzeroSlotIsValid ................................................................................   Passed    0.00 sec
          Start 2959: PayloadTicket.ComparesByValue
2945/4010 Test #2959: PayloadTicket.ComparesByValue ...................................................................................   Passed    0.00 sec
          Start 2960: AssetRegistry.CreateReturnsValidId
2946/4010 Test #2960: AssetRegistry.CreateReturnsValidId ..............................................................................   Passed    0.00 sec
          Start 2961: AssetRegistry.CreateDistinctIdsForDifferentCalls
2947/4010 Test #2961: AssetRegistry.CreateDistinctIdsForDifferentCalls ................................................................   Passed    0.00 sec
          Start 2962: AssetRegistry.GetMetaReflectsCreateArguments
2948/4010 Test #2962: AssetRegistry.GetMetaReflectsCreateArguments ....................................................................   Passed    0.00 sec
          Start 2963: AssetRegistry.DestroyMakesHandleDead
2949/4010 Test #2963: AssetRegistry.DestroyMakesHandleDead ............................................................................   Passed    0.00 sec
          Start 2964: AssetRegistry.DestroyTwiceReturnsNotFound
2950/4010 Test #2964: AssetRegistry.DestroyTwiceReturnsNotFound .......................................................................   Passed    0.00 sec
          Start 2965: AssetRegistry.StaleHandleAfterRecycleIsDead
2951/4010 Test #2965: AssetRegistry.StaleHandleAfterRecycleIsDead .....................................................................   Passed    0.00 sec
          Start 2966: AssetRegistry.InvalidHandleNotAlive
2952/4010 Test #2966: AssetRegistry.InvalidHandleNotAlive .............................................................................   Passed    0.00 sec
          Start 2967: AssetRegistry.OutOfRangeHandleNotAlive
2953/4010 Test #2967: AssetRegistry.OutOfRangeHandleNotAlive ..........................................................................   Passed    0.00 sec
          Start 2968: AssetRegistry_State.SetStateAcceptsMatchingExpectation
2954/4010 Test #2968: AssetRegistry_State.SetStateAcceptsMatchingExpectation ..........................................................   Passed    0.00 sec
          Start 2969: AssetRegistry_State.SetStateRejectsMismatchedExpectation
2955/4010 Test #2969: AssetRegistry_State.SetStateRejectsMismatchedExpectation ........................................................   Passed    0.00 sec
          Start 2970: AssetRegistry_State.SetStateRejectsDeadHandle
2956/4010 Test #2970: AssetRegistry_State.SetStateRejectsDeadHandle ...................................................................   Passed    0.00 sec
          Start 2971: AssetRegistry_State.SetPayloadSlotUpdatesMeta
2957/4010 Test #2971: AssetRegistry_State.SetPayloadSlotUpdatesMeta ...................................................................   Passed    0.00 sec
          Start 2972: AssetRegistry_State.SetPayloadSlotRejectsDeadHandle
2958/4010 Test #2972: AssetRegistry_State.SetPayloadSlotRejectsDeadHandle .............................................................   Passed    0.00 sec
          Start 2973: AssetRegistry_State.GetStateRejectsDeadHandle
2959/4010 Test #2973: AssetRegistry_State.GetStateRejectsDeadHandle ...................................................................   Passed    0.00 sec
          Start 2974: AssetRegistry_Accounting.LiveCountTracksCreatesAndDestroys
2960/4010 Test #2974: AssetRegistry_Accounting.LiveCountTracksCreatesAndDestroys ......................................................   Passed    0.00 sec
          Start 2975: AssetRegistry_Accounting.CapacityGrowsMonotonically
2961/4010 Test #2975: AssetRegistry_Accounting.CapacityGrowsMonotonically .............................................................   Passed    0.00 sec
          Start 2976: AssetRegistry_Debug.SnapshotReturnsLiveEntriesOnly
2962/4010 Test #2976: AssetRegistry_Debug.SnapshotReturnsLiveEntriesOnly ..............................................................   Passed    0.00 sec
          Start 2977: CoreBoundedHeap.ZeroCapacityIgnoresPushes
2963/4010 Test #2977: CoreBoundedHeap.ZeroCapacityIgnoresPushes .......................................................................   Passed    0.00 sec
          Start 2978: CoreBoundedHeap.KeepsSmallestValuesAndReportsWorstRetainedThreshold
2964/4010 Test #2978: CoreBoundedHeap.KeepsSmallestValuesAndReportsWorstRetainedThreshold .............................................   Passed    0.00 sec
          Start 2979: CoreBoundedHeap.UsesTotalOrderingForDeterministicTieBreaks
2965/4010 Test #2979: CoreBoundedHeap.UsesTotalOrderingForDeterministicTieBreaks ......................................................   Passed    0.00 sec
          Start 2980: CoreCallbackRegistry.RegisteredCallbackIsInvokable
2966/4010 Test #2980: CoreCallbackRegistry.RegisteredCallbackIsInvokable ..............................................................   Passed    0.00 sec
          Start 2981: CoreCallbackRegistry.InvokeReturnsOptionalForNonExpected
2967/4010 Test #2981: CoreCallbackRegistry.InvokeReturnsOptionalForNonExpected ........................................................   Passed    0.00 sec
          Start 2982: CoreCallbackRegistry.InvokeVoidReturnsBool
2968/4010 Test #2982: CoreCallbackRegistry.InvokeVoidReturnsBool ......................................................................   Passed    0.00 sec
          Start 2983: CoreCallbackRegistry.UnregisterInvalidatesToken
2969/4010 Test #2983: CoreCallbackRegistry.UnregisterInvalidatesToken .................................................................   Passed    0.00 sec
          Start 2984: CoreCallbackRegistry.DoubleUnregisterReturnsFalse
2970/4010 Test #2984: CoreCallbackRegistry.DoubleUnregisterReturnsFalse ...............................................................   Passed    0.00 sec
          Start 2985: CoreCallbackRegistry.DefaultTokenIsInvalidAndStale
2971/4010 Test #2985: CoreCallbackRegistry.DefaultTokenIsInvalidAndStale ..............................................................   Passed    0.00 sec
          Start 2986: CoreCallbackRegistry.StaleTokenDoesNotReachRecycledSlot
2972/4010 Test #2986: CoreCallbackRegistry.StaleTokenDoesNotReachRecycledSlot .........................................................   Passed    0.00 sec
          Start 2987: CoreCallbackRegistry.InvokeOrForwardsCallableError
2973/4010 Test #2987: CoreCallbackRegistry.InvokeOrForwardsCallableError ..............................................................   Passed    0.00 sec
          Start 2988: CoreCallbackRegistry.IndependentSlotsDoNotInterfere
2974/4010 Test #2988: CoreCallbackRegistry.IndependentSlotsDoNotInterfere .............................................................   Passed    0.00 sec
          Start 2989: CoreCallbackRegistry.ConcurrentInvokeAndReregisterIsSafe
2975/4010 Test #2989: CoreCallbackRegistry.ConcurrentInvokeAndReregisterIsSafe ........................................................   Passed    0.01 sec
          Start 2990: CoreCallbackRegistry.DifferentTagRegistriesHaveDistinctTokenTypes
2976/4010 Test #2990: CoreCallbackRegistry.DifferentTagRegistriesHaveDistinctTokenTypes ...............................................   Passed    0.00 sec
          Start 2991: CoreConfig.EngineDefaults
2977/4010 Test #2991: CoreConfig.EngineDefaults .......................................................................................   Passed    0.00 sec
          Start 2992: CoreEngineConfigSections.UpsertKeepsNameOrderAndReplacesByName
2978/4010 Test #2992: CoreEngineConfigSections.UpsertKeepsNameOrderAndReplacesByName ..................................................   Passed    0.00 sec
          Start 2993: CoreEngineConfigSections.RegistryValidatesDefaultsAndKeepsNameOrder
2979/4010 Test #2993: CoreEngineConfigSections.RegistryValidatesDefaultsAndKeepsNameOrder .............................................   Passed    0.00 sec
          Start 2994: CoreEngineConfigSections.PopulateDefaultsPreservesExplicitValues
2980/4010 Test #2994: CoreEngineConfigSections.PopulateDefaultsPreservesExplicitValues ................................................   Passed    0.00 sec
          Start 2995: CoreEngineConfigLoad.CoreAndRegisteredSectionRoundTrip
2981/4010 Test #2995: CoreEngineConfigLoad.CoreAndRegisteredSectionRoundTrip ..........................................................   Passed    0.00 sec
          Start 2996: CoreEngineConfigLoad.GpuProfilingDefaultsFalseWhenOmitted
2982/4010 Test #2996: CoreEngineConfigLoad.GpuProfilingDefaultsFalseWhenOmitted .......................................................   Passed    0.00 sec
          Start 2997: CoreEngineConfigLoad.UnknownSectionFallsBackWithOrWithoutRegistry
2983/4010 Test #2997: CoreEngineConfigLoad.UnknownSectionFallsBackWithOrWithoutRegistry ...............................................   Passed    0.00 sec
          Start 2998: CoreEngineConfigLoad.DuplicateSectionNamesRetainReference
2984/4010 Test #2998: CoreEngineConfigLoad.DuplicateSectionNamesRetainReference .......................................................   Passed    0.00 sec
          Start 2999: CoreEngineConfigLoad.SectionMetadataMismatchRetainsReference
2985/4010 Test #2999: CoreEngineConfigLoad.SectionMetadataMismatchRetainsReference ....................................................   Passed    0.00 sec
          Start 3000: CoreEngineConfigLoad.ValidatorFallbackCanonicalIsAcceptedAndMalformedOutputRetainsReference
2986/4010 Test #3000: CoreEngineConfigLoad.ValidatorFallbackCanonicalIsAcceptedAndMalformedOutputRetainsReference .....................   Passed    0.00 sec
          Start 3001: CoreEngineConfigLoad.MalformedStoredPayloadSerializesFailClosed
2987/4010 Test #3001: CoreEngineConfigLoad.MalformedStoredPayloadSerializesFailClosed .................................................   Passed    0.00 sec
          Start 3002: CoreEngineConfigLoad.InvalidCoreFieldsRetainReferenceWithDiagnostics
2988/4010 Test #3002: CoreEngineConfigLoad.InvalidCoreFieldsRetainReferenceWithDiagnostics ............................................   Passed    0.00 sec
          Start 3003: CoreDagScheduler.BuildsTopologicalPlanAndStats
2989/4010 Test #3003: CoreDagScheduler.BuildsTopologicalPlanAndStats ..................................................................   Passed    0.00 sec
          Start 3004: CoreDagScheduler.RejectsMissingDependencyIds
2990/4010 Test #3004: CoreDagScheduler.RejectsMissingDependencyIds ....................................................................   Passed    0.00 sec
          Start 3005: CoreDagScheduler.RejectsDuplicateTaskIds
2991/4010 Test #3005: CoreDagScheduler.RejectsDuplicateTaskIds ........................................................................   Passed    0.00 sec
          Start 3006: CoreDagScheduler.RegisterProducerRejectsNullQuery
2992/4010 Test #3006: CoreDagScheduler.RegisterProducerRejectsNullQuery ...............................................................   Passed    0.00 sec
          Start 3007: CoreDagScheduler.UnregisterMissingProducerReturnsNotFound
2993/4010 Test #3007: CoreDagScheduler.UnregisterMissingProducerReturnsNotFound .......................................................   Passed    0.00 sec
          Start 3008: CoreDagScheduler.ResetEpochClearsCachedTasks
2994/4010 Test #3008: CoreDagScheduler.ResetEpochClearsCachedTasks ....................................................................   Passed    0.00 sec
          Start 3009: CoreDagScheduler.CycleDiagnosticIncludesTaskNamesForExplicitCycle
2995/4010 Test #3009: CoreDagScheduler.CycleDiagnosticIncludesTaskNamesForExplicitCycle ...............................................   Passed    0.00 sec
          Start 3010: CoreDagScheduler.CycleDiagnosticIncludesHazardReason
2996/4010 Test #3010: CoreDagScheduler.CycleDiagnosticIncludesHazardReason ............................................................   Passed    0.00 sec
          Start 3011: CoreDagScheduler.PriorityOverridesInsertionOrder
2997/4010 Test #3011: CoreDagScheduler.PriorityOverridesInsertionOrder ................................................................   Passed    0.00 sec
          Start 3012: CoreDagScheduler.LongerCriticalPathBreaksPriorityTie
2998/4010 Test #3012: CoreDagScheduler.LongerCriticalPathBreaksPriorityTie ............................................................   Passed    0.00 sec
          Start 3013: CoreDagScheduler.StableOrderingOnFullTies
2999/4010 Test #3013: CoreDagScheduler.StableOrderingOnFullTies .......................................................................   Passed    0.00 sec
          Start 3014: CoreDagScheduler.CycleReturnsInvalidState
3000/4010 Test #3014: CoreDagScheduler.CycleReturnsInvalidState .......................................................................   Passed    0.00 sec
          Start 3015: CoreError.ToUnderlyingAndString
3001/4010 Test #3015: CoreError.ToUnderlyingAndString .................................................................................   Passed    0.00 sec
          Start 3016: CoreError.OkErrHelpersForExpected
3002/4010 Test #3016: CoreError.OkErrHelpersForExpected ...............................................................................   Passed    0.00 sec
          Start 3017: CoreError.OkErrHelpersForResult
3003/4010 Test #3017: CoreError.OkErrHelpersForResult .................................................................................   Passed    0.00 sec
          Start 3018: CoreFrameClock.FirstFrameDeltaIsZero
3004/4010 Test #3018: CoreFrameClock.FirstFrameDeltaIsZero ............................................................................   Passed    0.00 sec
          Start 3019: CoreFrameClock.ClampedDeltaHonorsExplicitZeroLimit
3005/4010 Test #3019: CoreFrameClock.ClampedDeltaHonorsExplicitZeroLimit ..............................................................   Passed    0.00 sec
          Start 3020: CoreFrameClock.EndFrameRecordsNonNegativeRawDelta
3006/4010 Test #3020: CoreFrameClock.EndFrameRecordsNonNegativeRawDelta ...............................................................   Passed    0.00 sec
          Start 3021: CoreFrameClock.ClampedDeltaRemainsThePreviousCompletedFrameDuration
3007/4010 Test #3021: CoreFrameClock.ClampedDeltaRemainsThePreviousCompletedFrameDuration .............................................   Passed    0.01 sec
          Start 3022: CoreFrameClock.NegativeClampLimitProducesNonNegativeDelta
3008/4010 Test #3022: CoreFrameClock.NegativeClampLimitProducesNonNegativeDelta .......................................................   Passed    0.00 sec
          Start 3023: CoreFrameClock.ResampleKeepsClockUsable
3009/4010 Test #3023: CoreFrameClock.ResampleKeepsClockUsable .........................................................................   Passed    0.00 sec
          Start 3024: CoreFilesystemPathResolver.TryResolveShaderPathReturnsErrorWhenLookupMissing
3010/4010 Test #3024: CoreFilesystemPathResolver.TryResolveShaderPathReturnsErrorWhenLookupMissing ....................................   Passed    0.00 sec
          Start 3025: CoreFilesystemPathResolver.ShaderPathFallbackReturnsRelativeWhenMissing
3011/4010 Test #3025: CoreFilesystemPathResolver.ShaderPathFallbackReturnsRelativeWhenMissing .........................................   Passed    0.01 sec
          Start 3026: CoreFilesystemPathResolver.AbsolutePathRoundTrip
3012/4010 Test #3026: CoreFilesystemPathResolver.AbsolutePathRoundTrip ................................................................   Passed    0.00 sec
          Start 3027: CoreFilesystemPathResolver.AssetPathContainsAssetsSegment
3013/4010 Test #3027: CoreFilesystemPathResolver.AssetPathContainsAssetsSegment .......................................................   Passed    0.00 sec
          Start 3028: CoreFilesystemWatcher.StatsCanBeResetAndRead
3014/4010 Test #3028: CoreFilesystemWatcher.StatsCanBeResetAndRead ....................................................................   Passed    0.00 sec
          Start 3029: CoreFrameGraph.TypeTokenStableAcrossTranslationUnits
3015/4010 Test #3029: CoreFrameGraph.TypeTokenStableAcrossTranslationUnits ............................................................   Passed    0.00 sec
          Start 3030: CoreFrameGraph.LinearChain
3016/4010 Test #3030: CoreFrameGraph.LinearChain ......................................................................................   Passed    0.00 sec
          Start 3031: CoreFrameGraph.WriteAfterWrite
3017/4010 Test #3031: CoreFrameGraph.WriteAfterWrite ..................................................................................   Passed    0.01 sec
          Start 3032: CoreFrameGraph.WriteAfterRead
3018/4010 Test #3032: CoreFrameGraph.WriteAfterRead ...................................................................................   Passed    0.02 sec
          Start 3033: CoreFrameGraph.ParallelReaders
3019/4010 Test #3033: CoreFrameGraph.ParallelReaders ..................................................................................   Passed    0.01 sec
          Start 3034: CoreFrameGraph.DiamondDependency
3020/4010 Test #3034: CoreFrameGraph.DiamondDependency ................................................................................   Passed    0.01 sec
          Start 3035: CoreFrameGraph.ReadyQueueExecutionBypassesCoarseLayerBarrier
3021/4010 Test #3035: CoreFrameGraph.ReadyQueueExecutionBypassesCoarseLayerBarrier ....................................................   Passed    0.07 sec
          Start 3036: CoreFrameGraph.LabelOrdering
3022/4010 Test #3036: CoreFrameGraph.LabelOrdering ....................................................................................   Passed    0.01 sec
          Start 3037: CoreFrameGraph.MixedLabelsAndResources
3023/4010 Test #3037: CoreFrameGraph.MixedLabelsAndResources ..........................................................................   Passed    0.03 sec
          Start 3038: CoreFrameGraph.EmptyGraph
3024/4010 Test #3038: CoreFrameGraph.EmptyGraph .......................................................................................   Passed    0.00 sec
          Start 3039: CoreFrameGraph.SinglePass
3025/4010 Test #3039: CoreFrameGraph.SinglePass .......................................................................................   Passed    0.00 sec
          Start 3040: CoreFrameGraph.MultiFrameReset
3026/4010 Test #3040: CoreFrameGraph.MultiFrameReset ..................................................................................   Passed    0.00 sec
          Start 3041: CoreFrameGraph.ReadWriteSameType
3027/4010 Test #3041: CoreFrameGraph.ReadWriteSameType ................................................................................   Passed    0.00 sec
          Start 3042: CoreFrameGraph.IndependentPassesParallelize
3028/4010 Test #3042: CoreFrameGraph.IndependentPassesParallelize .....................................................................   Passed    0.00 sec
          Start 3043: CoreFrameGraph.PassNameIntrospection
3029/4010 Test #3043: CoreFrameGraph.PassNameIntrospection ............................................................................   Passed    0.00 sec
          Start 3044: CoreFrameGraph.ParallelExecutionStress
3030/4010 Test #3044: CoreFrameGraph.ParallelExecutionStress ..........................................................................   Passed    0.01 sec
          Start 3045: CoreFrameGraph.ReadyQueueExecutionDoesNotWaitForSlowSiblingLayerBarrier
3031/4010 Test #3045: CoreFrameGraph.ReadyQueueExecutionDoesNotWaitForSlowSiblingLayerBarrier .........................................   Passed    0.14 sec
          Start 3046: CoreFrameGraph.RealisticFrame
3032/4010 Test #3046: CoreFrameGraph.RealisticFrame ...................................................................................   Passed    0.02 sec
          Start 3047: CoreFrameGraph.NoCycleFromSequentialRegistration
3033/4010 Test #3047: CoreFrameGraph.NoCycleFromSequentialRegistration ................................................................   Passed    0.00 sec
          Start 3048: CoreFrameGraph.ErrorRecovery_ResetAfterFailedCompile
3034/4010 Test #3048: CoreFrameGraph.ErrorRecovery_ResetAfterFailedCompile ............................................................   Passed    0.00 sec
          Start 3049: CoreFrameGraph.ReadyQueueNestedDispatchStressHighWorkerCount
3035/4010 Test #3049: CoreFrameGraph.ReadyQueueNestedDispatchStressHighWorkerCount ....................................................   Passed    0.14 sec
          Start 3050: CoreFrameGraph.ResetRebuildsTheCpuGraphCleanly
3036/4010 Test #3050: CoreFrameGraph.ResetRebuildsTheCpuGraphCleanly ..................................................................   Passed    0.00 sec
          Start 3051: CoreGraphCompiler.EmptyGraphCompiles
3037/4010 Test #3051: CoreGraphCompiler.EmptyGraphCompiles ............................................................................   Passed    0.00 sec
          Start 3052: CoreGraphCompiler.SingleNodeGraphCompiles
3038/4010 Test #3052: CoreGraphCompiler.SingleNodeGraphCompiles .......................................................................   Passed    0.00 sec
          Start 3053: CoreGraphCompiler.IndependentNodesHaveNoOrderingEdges
3039/4010 Test #3053: CoreGraphCompiler.IndependentNodesHaveNoOrderingEdges ...........................................................   Passed    0.00 sec
          Start 3054: CoreGraphCompiler.ExplicitDependenciesProduceTopologicalLayers
3040/4010 Test #3054: CoreGraphCompiler.ExplicitDependenciesProduceTopologicalLayers ..................................................   Passed    0.00 sec
          Start 3055: CoreGraphCompiler.MissingDependencyReturnsInvalidArgument
3041/4010 Test #3055: CoreGraphCompiler.MissingDependencyReturnsInvalidArgument .......................................................   Passed    0.00 sec
          Start 3056: CoreGraphCompiler.DuplicateTaskIdReturnsInvalidArgument
3042/4010 Test #3056: CoreGraphCompiler.DuplicateTaskIdReturnsInvalidArgument .........................................................   Passed    0.00 sec
          Start 3057: CoreGraphCompiler.DeterministicOverRepeatedCompiles
3043/4010 Test #3057: CoreGraphCompiler.DeterministicOverRepeatedCompiles .............................................................   Passed    0.00 sec
          Start 3058: CoreGraphCompiler.LargeCycleDiagnosticIsBounded
3044/4010 Test #3058: CoreGraphCompiler.LargeCycleDiagnosticIsBounded .................................................................   Passed    0.00 sec
          Start 3059: CoreGraphCompiler.CycleDiagnosticIncludesEdgeReason
3045/4010 Test #3059: CoreGraphCompiler.CycleDiagnosticIncludesEdgeReason .............................................................   Passed    0.00 sec
          Start 3060: CoreGraphCompiler.ResourceHazardRawOrdersWriterBeforeReader
3046/4010 Test #3060: CoreGraphCompiler.ResourceHazardRawOrdersWriterBeforeReader .....................................................   Passed    0.00 sec
          Start 3061: CoreGraphCompiler.ResourceHazardWarOrdersReaderBeforeWriter
3047/4010 Test #3061: CoreGraphCompiler.ResourceHazardWarOrdersReaderBeforeWriter .....................................................   Passed    0.00 sec
          Start 3062: CoreGraphCompiler.ResourceHazardRarKeepsReadersParallel
3048/4010 Test #3062: CoreGraphCompiler.ResourceHazardRarKeepsReadersParallel .........................................................   Passed    0.00 sec
          Start 3063: CoreGraphCompiler.ResourceHazardWawOrdersWriters
3049/4010 Test #3063: CoreGraphCompiler.ResourceHazardWawOrdersWriters ................................................................   Passed    0.00 sec
          Start 3064: CoreGraphCompiler.MultipleReadersSerializeBeforeWriter
3050/4010 Test #3064: CoreGraphCompiler.MultipleReadersSerializeBeforeWriter ..........................................................   Passed    0.00 sec
          Start 3065: CoreGraphCompiler.WeakReadDoesNotDelayFollowingWriter
3051/4010 Test #3065: CoreGraphCompiler.WeakReadDoesNotDelayFollowingWriter ...........................................................   Passed    0.00 sec
          Start 3066: CoreGraphCompiler.WriteThenWeakReadSerializesWriterBeforeReader
3052/4010 Test #3066: CoreGraphCompiler.WriteThenWeakReadSerializesWriterBeforeReader .................................................   Passed    0.00 sec
          Start 3067: CoreGraphCompiler.DuplicateResourceAccessesDoNotDuplicateEdges
3053/4010 Test #3067: CoreGraphCompiler.DuplicateResourceAccessesDoNotDuplicateEdges ..................................................   Passed    0.00 sec
          Start 3068: CoreGraphCompiler.ResourceHazardsContributeToEdgeStats
3054/4010 Test #3068: CoreGraphCompiler.ResourceHazardsContributeToEdgeStats ..........................................................   Passed    0.00 sec
          Start 3069: CoreGraphCompiler.TaskPlanGraphReportsExplicitAndHazardEdgeStats
3055/4010 Test #3069: CoreGraphCompiler.TaskPlanGraphReportsExplicitAndHazardEdgeStats ................................................   Passed    0.00 sec
          Start 3070: CoreGraphCompiler.TaskPlanGraphMatchesDomainFreeGoldenPlan
3056/4010 Test #3070: CoreGraphCompiler.TaskPlanGraphMatchesDomainFreeGoldenPlan ......................................................   Passed    0.00 sec
          Start 3071: CoreGraphCompiler.ResourceHazardStress_10000_NodesCompilesDeterministically
3057/4010 Test #3071: CoreGraphCompiler.ResourceHazardStress_10000_NodesCompilesDeterministically .....................................   Passed    0.13 sec
          Start 3072: CoreHandleLease.DefaultAndInvalidShareAreNoOps
3058/4010 Test #3072: CoreHandleLease.DefaultAndInvalidShareAreNoOps ..................................................................   Passed    0.00 sec
          Start 3073: CoreHandleLease.AdoptDoesNotRetainButReleasesOnDestruction
3059/4010 Test #3073: CoreHandleLease.AdoptDoesNotRetainButReleasesOnDestruction ......................................................   Passed    0.00 sec
          Start 3074: CoreHandleLease.RetainNewRetainsAndReleases
3060/4010 Test #3074: CoreHandleLease.RetainNewRetainsAndReleases .....................................................................   Passed    0.00 sec
          Start 3075: CoreHandleLease.ShareDelegatesToManagerAcquireLease
3061/4010 Test #3075: CoreHandleLease.ShareDelegatesToManagerAcquireLease .............................................................   Passed    0.00 sec
          Start 3076: CoreHandleLease.MoveConstructionTransfersOwnership
3062/4010 Test #3076: CoreHandleLease.MoveConstructionTransfersOwnership ..............................................................   Passed    0.00 sec
          Start 3077: CoreHandleLease.MoveAssignmentReleasesPreviousHandle
3063/4010 Test #3077: CoreHandleLease.MoveAssignmentReleasesPreviousHandle ............................................................   Passed    0.00 sec
          Start 3078: CoreHandleLease.SelfMoveAssignmentIsSafeNoExtraRelease
3064/4010 Test #3078: CoreHandleLease.SelfMoveAssignmentIsSafeNoExtraRelease ..........................................................   Passed    0.00 sec
          Start 3079: CoreHash.HashString_EmptyString
3065/4010 Test #3079: CoreHash.HashString_EmptyString .................................................................................   Passed    0.00 sec
          Start 3080: CoreHash.HashString_SingleChar
3066/4010 Test #3080: CoreHash.HashString_SingleChar ..................................................................................   Passed    0.00 sec
          Start 3081: CoreHash.HashString_DifferentStrings
3067/4010 Test #3081: CoreHash.HashString_DifferentStrings ............................................................................   Passed    0.00 sec
          Start 3082: CoreHash.HashString_SameStrings
3068/4010 Test #3082: CoreHash.HashString_SameStrings .................................................................................   Passed    0.00 sec
          Start 3083: CoreHash.HashString_CaseSensitive
3069/4010 Test #3083: CoreHash.HashString_CaseSensitive ...............................................................................   Passed    0.00 sec
          Start 3084: CoreHash.HashString_Constexpr
3070/4010 Test #3084: CoreHash.HashString_Constexpr ...................................................................................   Passed    0.00 sec
          Start 3085: CoreHash.StringID_DefaultConstruct
3071/4010 Test #3085: CoreHash.StringID_DefaultConstruct ..............................................................................   Passed    0.00 sec
          Start 3086: CoreHash.StringID_FromValue
3072/4010 Test #3086: CoreHash.StringID_FromValue .....................................................................................   Passed    0.00 sec
          Start 3087: CoreHash.StringID_FromCharPtr
3073/4010 Test #3087: CoreHash.StringID_FromCharPtr ...................................................................................   Passed    0.00 sec
          Start 3088: CoreHash.StringID_FromStringView
3074/4010 Test #3088: CoreHash.StringID_FromStringView ................................................................................   Passed    0.00 sec
          Start 3089: CoreHash.StringID_Equality
3075/4010 Test #3089: CoreHash.StringID_Equality ......................................................................................   Passed    0.00 sec
          Start 3090: CoreHash.StringID_Ordering
3076/4010 Test #3090: CoreHash.StringID_Ordering ......................................................................................   Passed    0.00 sec
          Start 3091: CoreHash.StringID_Literal
3077/4010 Test #3091: CoreHash.StringID_Literal .......................................................................................   Passed    0.00 sec
          Start 3092: CoreHash.StringID_LiteralConstexpr
3078/4010 Test #3092: CoreHash.StringID_LiteralConstexpr ..............................................................................   Passed    0.00 sec
          Start 3093: CoreHash.StringID_LiteralComparison
3079/4010 Test #3093: CoreHash.StringID_LiteralComparison .............................................................................   Passed    0.00 sec
          Start 3094: CoreHash.StringID_UnorderedSet
3080/4010 Test #3094: CoreHash.StringID_UnorderedSet ..................................................................................   Passed    0.00 sec
          Start 3095: CoreHash.StringID_UnorderedMapKey
3081/4010 Test #3095: CoreHash.StringID_UnorderedMapKey ...............................................................................   Passed    0.00 sec
          Start 3096: CoreHash.StringID_DistributionQuality
3082/4010 Test #3096: CoreHash.StringID_DistributionQuality ...........................................................................   Passed    0.00 sec
          Start 3097: CoreHash.StringID_EmptyStringLiteral
3083/4010 Test #3097: CoreHash.StringID_EmptyStringLiteral ............................................................................   Passed    0.00 sec
          Start 3098: CoreHash.StringID_LongString
3084/4010 Test #3098: CoreHash.StringID_LongString ....................................................................................   Passed    0.00 sec
          Start 3099: CoreHash.StringID_SpecialCharacters
3085/4010 Test #3099: CoreHash.StringID_SpecialCharacters .............................................................................   Passed    0.00 sec
          Start 3100: CoreHash.U64Hash_Basic
3086/4010 Test #3100: CoreHash.U64Hash_Basic ..........................................................................................   Passed    0.00 sec
          Start 3101: CoreHash.U64Hash_InUnorderedMap
3087/4010 Test #3101: CoreHash.U64Hash_InUnorderedMap .................................................................................   Passed    0.00 sec
          Start 3102: CoreLockFreeQueue.PushPopAndEmpty
3088/4010 Test #3102: CoreLockFreeQueue.PushPopAndEmpty ...............................................................................   Passed    0.00 sec
          Start 3103: CoreLockFreeQueue.FullAndWrapAround
3089/4010 Test #3103: CoreLockFreeQueue.FullAndWrapAround .............................................................................   Passed    0.00 sec
          Start 3104: CoreLogging.WritesSequenceAndSnapshot
3090/4010 Test #3104: CoreLogging.WritesSequenceAndSnapshot ...........................................................................   Passed    0.00 sec
          Start 3105: CoreLogging.ClearDoesNotResetSequence
3091/4010 Test #3105: CoreLogging.ClearDoesNotResetSequence ...........................................................................   Passed    0.00 sec
          Start 3106: CoreMemoryScopeStack.BasicPodAllocation
3092/4010 Test #3106: CoreMemoryScopeStack.BasicPodAllocation .........................................................................   Passed    0.00 sec
          Start 3107: CoreMemoryScopeStack.NonTrivialDestructorCalledOnReset
3093/4010 Test #3107: CoreMemoryScopeStack.NonTrivialDestructorCalledOnReset ..........................................................   Passed    0.00 sec
          Start 3108: CoreMemoryScopeStack.DestructionOrderLifo
3094/4010 Test #3108: CoreMemoryScopeStack.DestructionOrderLifo .......................................................................   Passed    0.00 sec
          Start 3109: CoreMemoryScopeStack.ArrayDestructionOrderIsReversed
3095/4010 Test #3109: CoreMemoryScopeStack.ArrayDestructionOrderIsReversed ............................................................   Passed    0.00 sec
          Start 3110: CoreMemoryScopeStack.MixedPodAndNonTrivialTracksOnlyDestructors
3096/4010 Test #3110: CoreMemoryScopeStack.MixedPodAndNonTrivialTracksOnlyDestructors .................................................   Passed    0.00 sec
          Start 3111: CoreMemoryScopeStack.SharedPtrSupport
3097/4010 Test #3111: CoreMemoryScopeStack.SharedPtrSupport ...........................................................................   Passed    0.00 sec
          Start 3112: CoreMemoryScopeStack.StringSupport
3098/4010 Test #3112: CoreMemoryScopeStack.StringSupport ..............................................................................   Passed    0.00 sec
          Start 3113: CoreMemoryScopeStack.DirectArenaAccessForPodBypassesDestructorTracking
3099/4010 Test #3113: CoreMemoryScopeStack.DirectArenaAccessForPodBypassesDestructorTracking ..........................................   Passed    0.00 sec
          Start 3114: CoreMemoryScopeStack.MoveTransfersDestructorListOnce
3100/4010 Test #3114: CoreMemoryScopeStack.MoveTransfersDestructorListOnce ............................................................   Passed    0.00 sec
          Start 3115: CoreMemoryLinearArena.Initialization
3101/4010 Test #3115: CoreMemoryLinearArena.Initialization ............................................................................   Passed    0.00 sec
          Start 3116: CoreMemoryLinearArena.BasicPrimitiveAllocation
3102/4010 Test #3116: CoreMemoryLinearArena.BasicPrimitiveAllocation ..................................................................   Passed    0.00 sec
          Start 3117: CoreMemoryLinearArena.AlignmentEnforcement
3103/4010 Test #3117: CoreMemoryLinearArena.AlignmentEnforcement ......................................................................   Passed    0.00 sec
          Start 3118: CoreMemoryLinearArena.ArrayAllocation
3104/4010 Test #3118: CoreMemoryLinearArena.ArrayAllocation ...........................................................................   Passed    0.00 sec
          Start 3119: CoreMemoryLinearArena.FrameResetLoopReusesAddress
3105/4010 Test #3119: CoreMemoryLinearArena.FrameResetLoopReusesAddress ...............................................................   Passed    0.00 sec
          Start 3120: CoreMemoryLinearArena.OutOfMemoryAndReset
3106/4010 Test #3120: CoreMemoryLinearArena.OutOfMemoryAndReset .......................................................................   Passed    0.00 sec
          Start 3121: CoreMemoryLinearArena.ResetDoesNotCallDestructors
3107/4010 Test #3121: CoreMemoryLinearArena.ResetDoesNotCallDestructors ...............................................................   Passed    0.00 sec
          Start 3122: CoreMemoryLinearArena.MarkerRewind
3108/4010 Test #3122: CoreMemoryLinearArena.MarkerRewind ..............................................................................   Passed    0.00 sec
          Start 3123: CoreMemoryLinearArena.CrossThreadAllocationReturnsError
3109/4010 Test #3123: CoreMemoryLinearArena.CrossThreadAllocationReturnsError .........................................................   Passed    0.00 sec
          Start 3124: CoreMemoryLinearArena.MoveSameThreadPreservesUsableStorage
3110/4010 Test #3124: CoreMemoryLinearArena.MoveSameThreadPreservesUsableStorage ......................................................   Passed    0.00 sec
          Start 3125: CoreMemoryLinearArena.MoveAcrossThreadsKeepsOriginalThreadAffinity
3111/4010 Test #3125: CoreMemoryLinearArena.MoveAcrossThreadsKeepsOriginalThreadAffinity ..............................................   Passed    0.00 sec
          Start 3126: CoreMemoryLinearArena.EpochChangesOnMove
3112/4010 Test #3126: CoreMemoryLinearArena.EpochChangesOnMove ........................................................................   Passed    0.00 sec
          Start 3127: CoreMemoryArenaAllocator.BasicAllocationWorks
3113/4010 Test #3127: CoreMemoryArenaAllocator.BasicAllocationWorks ...................................................................   Passed    0.00 sec
          Start 3128: CoreMemoryArenaAllocator.WorksWithStdVector
3114/4010 Test #3128: CoreMemoryArenaAllocator.WorksWithStdVector .....................................................................   Passed    0.00 sec
          Start 3129: CoreMemoryArenaAllocator.RebindWorks
3115/4010 Test #3129: CoreMemoryArenaAllocator.RebindWorks ............................................................................   Passed    0.00 sec
          Start 3130: CoreMemoryArenaAllocator.EqualityComparison
3116/4010 Test #3130: CoreMemoryArenaAllocator.EqualityComparison .....................................................................   Passed    0.00 sec
          Start 3131: CoreMemoryPmr.WorksWithPmrString
3117/4010 Test #3131: CoreMemoryPmr.WorksWithPmrString ................................................................................   Passed    0.00 sec
          Start 3132: CoreMemoryTelemetry.TracksAllocations
3118/4010 Test #3132: CoreMemoryTelemetry.TracksAllocations ...........................................................................   Passed    0.00 sec
          Start 3133: Profiling_ScopedTimer.RecordsSampleToTelemetry
3119/4010 Test #3133: Profiling_ScopedTimer.RecordsSampleToTelemetry ..................................................................   Passed    0.00 sec
          Start 3134: Profiling_ScopedTimer.CategoryAccumulation
3120/4010 Test #3134: Profiling_ScopedTimer.CategoryAccumulation ......................................................................   Passed    0.01 sec
          Start 3135: Profiling_ScopedTimer.NestedTimers
3121/4010 Test #3135: Profiling_ScopedTimer.NestedTimers ..............................................................................   Passed    0.00 sec
          Start 3136: Profiling_TelemetrySystem.FrameStatsHistory
3122/4010 Test #3136: Profiling_TelemetrySystem.FrameStatsHistory .....................................................................   Passed    0.01 sec
          Start 3137: Profiling_TelemetrySystem.DrawCallTracking
3123/4010 Test #3137: Profiling_TelemetrySystem.DrawCallTracking ......................................................................   Passed    0.00 sec
          Start 3138: Profiling_TelemetrySystem.SimulationStatsTracking
3124/4010 Test #3138: Profiling_TelemetrySystem.SimulationStatsTracking ...............................................................   Passed    0.00 sec
          Start 3139: Profiling_TelemetrySystem.SimulationStatsResetAtBeginFrame
3125/4010 Test #3139: Profiling_TelemetrySystem.SimulationStatsResetAtBeginFrame ......................................................   Passed    0.00 sec
          Start 3140: Profiling_TelemetrySystem.AverageFrameTime
3126/4010 Test #3140: Profiling_TelemetrySystem.AverageFrameTime ......................................................................   Passed    0.00 sec
          Start 3141: Profiling_TelemetrySystem.SetAndGetPassGpuTimings
3127/4010 Test #3141: Profiling_TelemetrySystem.SetAndGetPassGpuTimings ...............................................................   Passed    0.00 sec
          Start 3142: Profiling_TelemetrySystem.MergePassCpuTimings
3128/4010 Test #3142: Profiling_TelemetrySystem.MergePassCpuTimings ...................................................................   Passed    0.00 sec
          Start 3143: Profiling_TimingCategory.AddSampleUpdatesStats
3129/4010 Test #3143: Profiling_TimingCategory.AddSampleUpdatesStats ..................................................................   Passed    0.00 sec
          Start 3144: Profiling_TimingCategory.ResetClearsState
3130/4010 Test #3144: Profiling_TimingCategory.ResetClearsState .......................................................................   Passed    0.00 sec
          Start 3145: TelemetryPresentTiming.PresentTimingsRecordedInFrameStats
3131/4010 Test #3145: TelemetryPresentTiming.PresentTimingsRecordedInFrameStats .......................................................   Passed    0.00 sec
          Start 3146: TelemetryPresentTiming.PresentTimingsResetEachFrame
3132/4010 Test #3146: TelemetryPresentTiming.PresentTimingsResetEachFrame .............................................................   Passed    0.00 sec
          Start 3147: CoreResourcePool.AddAndGetRoundTripsResource
3133/4010 Test #3147: CoreResourcePool.AddAndGetRoundTripsResource ....................................................................   Passed    0.00 sec
          Start 3148: CoreResourcePool.EmplaceForwardsConstructorArguments
3134/4010 Test #3148: CoreResourcePool.EmplaceForwardsConstructorArguments ............................................................   Passed    0.00 sec
          Start 3149: CoreResourcePool.GetByIndexReturnsActiveResourceWithoutGenerationCheck
3135/4010 Test #3149: CoreResourcePool.GetByIndexReturnsActiveResourceWithoutGenerationCheck ..........................................   Passed    0.00 sec
          Start 3150: CoreResourcePool.RemoveInvalidatesHandleImmediately
3136/4010 Test #3150: CoreResourcePool.RemoveInvalidatesHandleImmediately .............................................................   Passed    0.00 sec
          Start 3151: CoreResourcePool.ReusedSlotRejectsStaleHandleAndAdvancesGeneration
3137/4010 Test #3151: CoreResourcePool.ReusedSlotRejectsStaleHandleAndAdvancesGeneration ..............................................   Passed    0.00 sec
          Start 3152: CoreResourcePool.DefaultRetirementFramesHonorsBoundary
3138/4010 Test #3152: CoreResourcePool.DefaultRetirementFramesHonorsBoundary ..........................................................   Passed    0.00 sec
          Start 3153: CoreResourcePool.CapacityTracksAllocatedSlotsAndClearResetsIt
3139/4010 Test #3153: CoreResourcePool.CapacityTracksAllocatedSlotsAndClearResetsIt ...................................................   Passed    0.00 sec
          Start 3154: CoreResourcePool.InvalidHandlesReturnResourceNotFound
3140/4010 Test #3154: CoreResourcePool.InvalidHandlesReturnResourceNotFound ...........................................................   Passed    0.00 sec
          Start 3155: CoreResourcePool.ConcurrentReadsAreSafe
3141/4010 Test #3155: CoreResourcePool.ConcurrentReadsAreSafe .........................................................................   Passed    0.01 sec
          Start 3156: StrongHandle.DefaultConstructor_Invalid
3142/4010 Test #3156: StrongHandle.DefaultConstructor_Invalid .........................................................................   Passed    0.00 sec
          Start 3157: StrongHandle.ParameterizedConstructor_Valid
3143/4010 Test #3157: StrongHandle.ParameterizedConstructor_Valid .....................................................................   Passed    0.00 sec
          Start 3158: StrongHandle.ZeroIndexIsValid
3144/4010 Test #3158: StrongHandle.ZeroIndexIsValid ...................................................................................   Passed    0.00 sec
          Start 3159: StrongHandle.Equality_SameValues
3145/4010 Test #3159: StrongHandle.Equality_SameValues ................................................................................   Passed    0.00 sec
          Start 3160: StrongHandle.Equality_DifferentIndex
3146/4010 Test #3160: StrongHandle.Equality_DifferentIndex ............................................................................   Passed    0.00 sec
          Start 3161: StrongHandle.Equality_DifferentGeneration
3147/4010 Test #3161: StrongHandle.Equality_DifferentGeneration .......................................................................   Passed    0.00 sec
          Start 3162: StrongHandle.Ordering_SpaceshipOperator
3148/4010 Test #3162: StrongHandle.Ordering_SpaceshipOperator .........................................................................   Passed    0.00 sec
          Start 3163: StrongHandle.TypeSafety_DifferentTagsAreDistinctTypes
3149/4010 Test #3163: StrongHandle.TypeSafety_DifferentTagsAreDistinctTypes ...........................................................   Passed    0.00 sec
          Start 3164: StrongHandle.Hashable_UnorderedSet
3150/4010 Test #3164: StrongHandle.Hashable_UnorderedSet ..............................................................................   Passed    0.00 sec
          Start 3165: StrongHandle.Hashable_UnorderedMap
3151/4010 Test #3165: StrongHandle.Hashable_UnorderedMap ..............................................................................   Passed    0.00 sec
          Start 3166: StrongHandle.Hash_DifferentValuesProduceDifferentHashes
3152/4010 Test #3166: StrongHandle.Hash_DifferentValuesProduceDifferentHashes .........................................................   Passed    0.00 sec
          Start 3167: StrongHandle.MaxGeneration
3153/4010 Test #3167: StrongHandle.MaxGeneration ......................................................................................   Passed    0.00 sec
          Start 3168: StrongHandle.MaxValidIndex
3154/4010 Test #3168: StrongHandle.MaxValidIndex ......................................................................................   Passed    0.00 sec
          Start 3169: StrongHandle.CopySemantics
3155/4010 Test #3169: StrongHandle.CopySemantics ......................................................................................   Passed    0.00 sec
          Start 3170: StrongHandle.ConstexprDefaultConstruction
3156/4010 Test #3170: StrongHandle.ConstexprDefaultConstruction .......................................................................   Passed    0.00 sec
          Start 3171: StrongHandle.ConstexprValueConstruction
3157/4010 Test #3171: StrongHandle.ConstexprValueConstruction .........................................................................   Passed    0.00 sec
          Start 3172: CoreTaskGraph.ExecuteCallbacksHonorsResourceAndLabelDependencies
3158/4010 Test #3172: CoreTaskGraph.ExecuteCallbacksHonorsResourceAndLabelDependencies ................................................   Passed    0.00 sec
          Start 3173: CoreTaskGraph.IndependentPassesStayInInsertionOrder
3159/4010 Test #3173: CoreTaskGraph.IndependentPassesStayInInsertionOrder .............................................................   Passed    0.01 sec
          Start 3174: CoreTaskGraph.WaitDependsOnAllPriorSignalers
3160/4010 Test #3174: CoreTaskGraph.WaitDependsOnAllPriorSignalers ....................................................................   Passed    0.00 sec
          Start 3175: CoreTaskGraph.WaitWithoutPriorSignalFailsCompile
3161/4010 Test #3175: CoreTaskGraph.WaitWithoutPriorSignalFailsCompile ................................................................   Passed    0.01 sec
          Start 3176: CoreTaskGraph.WaitAfterLaterSignalStillFailsCompile
3162/4010 Test #3176: CoreTaskGraph.WaitAfterLaterSignalStillFailsCompile .............................................................   Passed    0.00 sec
          Start 3177: CoreTaskGraph.ExplicitSelfDependencyFailsCompile
3163/4010 Test #3177: CoreTaskGraph.ExplicitSelfDependencyFailsCompile ................................................................   Passed    0.01 sec
          Start 3178: CoreTaskGraph.ExplicitDependencyCanCreateCycleDiagnostic
3164/4010 Test #3178: CoreTaskGraph.ExplicitDependencyCanCreateCycleDiagnostic ........................................................   Passed    0.01 sec
          Start 3179: CoreTaskGraph.NamedDependencyReasonAppearsInCycleDiagnostic
3165/4010 Test #3179: CoreTaskGraph.NamedDependencyReasonAppearsInCycleDiagnostic .....................................................   Passed    0.01 sec
          Start 3180: CoreTaskGraph.LabelDependencyCycleIncludesLabelId
3166/4010 Test #3180: CoreTaskGraph.LabelDependencyCycleIncludesLabelId ...............................................................   Passed    0.01 sec
          Start 3181: CoreTaskGraph.LargeCycleDiagnosticIsBounded
3167/4010 Test #3181: CoreTaskGraph.LargeCycleDiagnosticIsBounded .....................................................................   Passed    0.02 sec
          Start 3182: CoreTaskGraph.IndependentLabelsDoNotInterfere
3168/4010 Test #3182: CoreTaskGraph.IndependentLabelsDoNotInterfere ...................................................................   Passed    0.01 sec
          Start 3183: CoreTaskGraph.PlanOnlyBuildPlanIsStableAndExecuteIsRejected
3169/4010 Test #3183: CoreTaskGraph.PlanOnlyBuildPlanIsStableAndExecuteIsRejected .....................................................   Passed    0.01 sec
          Start 3184: CoreTaskGraph.PlanOnlyBuildPlanAndResetReuse
3170/4010 Test #3184: CoreTaskGraph.PlanOnlyBuildPlanAndResetReuse ....................................................................   Passed    0.01 sec
          Start 3185: CoreTaskGraph.ReplayReusesExactPlanAndRebindsCallbacks
3171/4010 Test #3185: CoreTaskGraph.ReplayReusesExactPlanAndRebindsCallbacks ..........................................................   Passed    0.01 sec
          Start 3186: CoreTaskGraph.ReplayStructuralDescriptorChangesRebuild
3172/4010 Test #3186: CoreTaskGraph.ReplayStructuralDescriptorChangesRebuild ..........................................................   Passed    0.01 sec
          Start 3187: CoreTaskGraph.BuildPlanBatchesMatchExecutionLayers
3173/4010 Test #3187: CoreTaskGraph.BuildPlanBatchesMatchExecutionLayers ..............................................................   Passed    0.01 sec
          Start 3188: CoreTaskGraph.ScheduleStatsIncludeExplicitAndHazardEdges
3174/4010 Test #3188: CoreTaskGraph.ScheduleStatsIncludeExplicitAndHazardEdges ........................................................   Passed    0.01 sec
          Start 3189: CoreTaskGraph.TakePassExecuteMovesOnlyTargetClosure
3175/4010 Test #3189: CoreTaskGraph.TakePassExecuteMovesOnlyTargetClosure .............................................................   Passed    0.00 sec
          Start 3190: CoreTaskGraph.ResetClearsStatsResourcesAndLabelsAcrossEpochs
3176/4010 Test #3190: CoreTaskGraph.ResetClearsStatsResourcesAndLabelsAcrossEpochs ....................................................   Passed    0.01 sec
          Start 3191: CoreTaskGraph.MainThreadReadyQueueUsesPriorityAndCostOrdering
3177/4010 Test #3191: CoreTaskGraph.MainThreadReadyQueueUsesPriorityAndCostOrdering ...................................................   Passed    0.02 sec
          Start 3192: CoreTaskGraph.FailedCompileClearsCompiledState
3178/4010 Test #3192: CoreTaskGraph.FailedCompileClearsCompiledState ..................................................................   Passed    0.00 sec
          Start 3193: CoreTaskGraphCompletionLifetime.SubmittedGraphAllowsUnrelatedWorkBeforeDependencyOrderedWait
3179/4010 Test #3193: CoreTaskGraphCompletionLifetime.SubmittedGraphAllowsUnrelatedWorkBeforeDependencyOrderedWait ....................   Passed    0.01 sec
          Start 3194: CoreTaskGraphCompletionLifetime.MainThreadPassesRunOnlyWhenOwnerPumps
3180/4010 Test #3194: CoreTaskGraphCompletionLifetime.MainThreadPassesRunOnlyWhenOwnerPumps ...........................................   Passed    0.01 sec
          Start 3195: CoreTaskGraphCompletionLifetime.PumpAndWaitRejectNonOwnerThread
3181/4010 Test #3195: CoreTaskGraphCompletionLifetime.PumpAndWaitRejectNonOwnerThread .................................................   Passed    0.00 sec
          Start 3196: CoreTaskGraphCompletionLifetime.ResetFailsClosedWhileSubmissionIsLive
3182/4010 Test #3196: CoreTaskGraphCompletionLifetime.ResetFailsClosedWhileSubmissionIsLive ...........................................   Passed    0.01 sec
          Start 3197: CoreTaskGraphCompletionLifetime.CompletedHandleRemainsReadyDuringLaterReplaySubmission
3183/4010 Test #3197: CoreTaskGraphCompletionLifetime.CompletedHandleRemainsReadyDuringLaterReplaySubmission ..........................   Passed    0.00 sec
          Start 3198: CoreTaskGraphCompletionLifetime.WorkerCompletionWakesOwnerForMainThreadSuccessor
3184/4010 Test #3198: CoreTaskGraphCompletionLifetime.WorkerCompletionWakesOwnerForMainThreadSuccessor ................................   Passed    0.02 sec
          Start 3199: CoreTaskGraphCompletionLifetime.CompletionKeepsCallbacksAliveAfterGraphDestruction
3185/4010 Test #3199: CoreTaskGraphCompletionLifetime.CompletionKeepsCallbacksAliveAfterGraphDestruction ..............................   Passed    0.00 sec
          Start 3200: CoreTaskGraphCompletionLifetime.DroppingLastHandleWithOwnerWorkLeavesGraphFailClosed
3186/4010 Test #3200: CoreTaskGraphCompletionLifetime.DroppingLastHandleWithOwnerWorkLeavesGraphFailClosed ............................   Passed    0.00 sec
          Start 3201: CoreTaskGraphCompletionLifetime.WaitHelpRunsGraphWorkWhenSingleWorkerIsSaturated
3187/4010 Test #3201: CoreTaskGraphCompletionLifetime.WaitHelpRunsGraphWorkWhenSingleWorkerIsSaturated ................................   Passed    0.01 sec
          Start 3202: CoreTaskGraphCompletionLifetime.ExternalHelperStealsWorkerLocalWork
3188/4010 Test #3202: CoreTaskGraphCompletionLifetime.ExternalHelperStealsWorkerLocalWork .............................................   Passed    0.01 sec
          Start 3203: CoreTaskGraphCompletionLifetime.WaitStealsWorkerLocalWorkNeededByGraph
3189/4010 Test #3203: CoreTaskGraphCompletionLifetime.WaitStealsWorkerLocalWorkNeededByGraph ..........................................   Passed    0.01 sec
          Start 3204: CoreTaskGraphCompletionLifetime.SingleWorkerRetainsLocalProgressAfterFairnessProbe
3190/4010 Test #3204: CoreTaskGraphCompletionLifetime.SingleWorkerRetainsLocalProgressAfterFairnessProbe ..............................   Passed    0.01 sec
          Start 3205: CoreTaskGraphCompletionLifetime.TaskGraphPriorityReachesSchedulerLanes
3191/4010 Test #3205: CoreTaskGraphCompletionLifetime.TaskGraphPriorityReachesSchedulerLanes ..........................................   Passed    0.01 sec
          Start 3206: CoreTaskGraphCompletionLifetime.DependentTaskGraphPriorityReachesWorkerLocalLanes
3192/4010 Test #3206: CoreTaskGraphCompletionLifetime.DependentTaskGraphPriorityReachesWorkerLocalLanes ...............................   Passed    0.01 sec
          Start 3207: CoreTaskGraphCompletionLifetime.WaitWakesForChildDispatchedAfterHelperRegisters
3193/4010 Test #3207: CoreTaskGraphCompletionLifetime.WaitWakesForChildDispatchedAfterHelperRegisters .................................   Passed    0.01 sec
          Start 3208: CoreTaskGraphCompletionLifetime.WorkerOwnedWaitWakesForChildDispatchedAfterHelperRegisters
3194/4010 Test #3208: CoreTaskGraphCompletionLifetime.WorkerOwnedWaitWakesForChildDispatchedAfterHelperRegisters ......................   Passed    0.01 sec
          Start 3209: CoreTaskGraphCompletionLifetime.NonOwnerCanPollCopiedCompletionUntilReady
3195/4010 Test #3209: CoreTaskGraphCompletionLifetime.NonOwnerCanPollCopiedCompletionUntilReady .......................................   Passed    0.01 sec
          Start 3210: CoreTaskGraphCompletionLifetime.PendingWorkerSubmissionFailsClosedAfterSchedulerReplacement
3196/4010 Test #3210: CoreTaskGraphCompletionLifetime.PendingWorkerSubmissionFailsClosedAfterSchedulerReplacement .....................   Passed    0.03 sec
          Start 3211: CoreTaskGraphCompletionLifetime.SubmittedIndependentPassesRunInParallel
3197/4010 Test #3211: CoreTaskGraphCompletionLifetime.SubmittedIndependentPassesRunInParallel .........................................   Passed    0.01 sec
          Start 3212: CoreTaskGraphCompletionLifetime.SubmitKeepsCompletionStateAliveUntilWorkerClosuresRetire
3198/4010 Test #3212: CoreTaskGraphCompletionLifetime.SubmitKeepsCompletionStateAliveUntilWorkerClosuresRetire ........................   Passed    0.03 sec
          Start 3213: CoreTasks.BasicDispatch
3199/4010 Test #3213: CoreTasks.BasicDispatch .........................................................................................   Passed    0.01 sec
          Start 3214: CoreTasks.SaturatedPriorityLanesPreferHighPriorityWork
3200/4010 Test #3214: CoreTasks.SaturatedPriorityLanesPreferHighPriorityWork ..........................................................   Passed    0.01 sec
          Start 3215: CoreTasks.DispatchWhileWorkerIsActiveSuppressesWakeNotification
3201/4010 Test #3215: CoreTasks.DispatchWhileWorkerIsActiveSuppressesWakeNotification .................................................   Passed    0.02 sec
          Start 3216: CoreTasks.ParkedWorkerDispatchHandshakeMakesRepeatedProgress
3202/4010 Test #3216: CoreTasks.ParkedWorkerDispatchHandshakeMakesRepeatedProgress ....................................................   Passed    0.02 sec
          Start 3217: CoreTasks.DispatchRacingWorkerParkMakesRepeatedProgress
3203/4010 Test #3217: CoreTasks.DispatchRacingWorkerParkMakesRepeatedProgress .........................................................   Passed    0.02 sec
          Start 3218: CoreTasks.WaitForAllWakesForChildDispatchedAfterHelperRegisters
3204/4010 Test #3218: CoreTasks.WaitForAllWakesForChildDispatchedAfterHelperRegisters .................................................   Passed    0.01 sec
          Start 3219: CoreTasks.WorkProgressTokenFromPriorSchedulerInstanceFailsClosed
3205/4010 Test #3219: CoreTasks.WorkProgressTokenFromPriorSchedulerInstanceFailsClosed ................................................   Passed    0.02 sec
          Start 3220: CoreTasks.ContendedDispatchCompletes
3206/4010 Test #3220: CoreTasks.ContendedDispatchCompletes ............................................................................   Passed    0.02 sec
          Start 3221: CoreTasks.CoroutineDispatch
3207/4010 Test #3221: CoreTasks.CoroutineDispatch .....................................................................................   Passed    0.01 sec
          Start 3222: CoreTasks.NestedCoroutines
3208/4010 Test #3222: CoreTasks.NestedCoroutines ......................................................................................   Passed    0.01 sec
          Start 3223: CoreTasks.CoroutinesActuallyYield
3209/4010 Test #3223: CoreTasks.CoroutinesActuallyYield ...............................................................................   Passed    0.01 sec
          Start 3224: CoreTasks.CounterEventParksAndUnparksContinuation
3210/4010 Test #3224: CoreTasks.CounterEventParksAndUnparksContinuation ...............................................................   Passed    0.01 sec
          Start 3225: CoreTasks.CounterEventMultipleWaitersResumeExactlyOnce
3211/4010 Test #3225: CoreTasks.CounterEventMultipleWaitersResumeExactlyOnce ..........................................................   Passed    0.01 sec
          Start 3226: CoreTasks.CounterEventCanBeRearmedAfterReady
3212/4010 Test #3226: CoreTasks.CounterEventCanBeRearmedAfterReady ....................................................................   Passed    0.01 sec
          Start 3227: CoreTasks.CounterEventProgressObservedBeforeQueueCheckCannotLoseWake
3213/4010 Test #3227: CoreTasks.CounterEventProgressObservedBeforeQueueCheckCannotLoseWake ............................................   Passed    0.01 sec
          Start 3228: CoreTasks.CounterEventResumeBeforeAwaitSuspendReturnsDoesNotTouchDestroyedFrame
3214/4010 Test #3228: CoreTasks.CounterEventResumeBeforeAwaitSuspendReturnsDoesNotTouchDestroyedFrame .................................   Passed    0.01 sec
          Start 3229: CoreTasks.CounterEventReleaseReclaimsParkedFrameWithoutResuming
3215/4010 Test #3229: CoreTasks.CounterEventReleaseReclaimsParkedFrameWithoutResuming .................................................   Passed    0.01 sec
          Start 3230: CoreTasks.SchedulerShutdownReclaimsParkedFrameWithoutResuming
3216/4010 Test #3230: CoreTasks.SchedulerShutdownReclaimsParkedFrameWithoutResuming ...................................................   Passed    0.01 sec
          Start 3231: CoreTasks.StaleWaitTokenUnparkDoesNotResumeNewWaiters
3217/4010 Test #3231: CoreTasks.StaleWaitTokenUnparkDoesNotResumeNewWaiters ...........................................................   Passed    0.01 sec
          Start 3232: CoreTasks.WaitTokenFromPriorSchedulerInstanceCannotReleaseCurrentSlot
3218/4010 Test #3232: CoreTasks.WaitTokenFromPriorSchedulerInstanceCannotReleaseCurrentSlot ...........................................   Passed    0.02 sec
          Start 3233: CoreTasks.CounterEventHighFanInRandomizedSignalsResumeExactlyOnce
3219/4010 Test #3233: CoreTasks.CounterEventHighFanInRandomizedSignalsResumeExactlyOnce ...............................................   Passed    0.01 sec
          Start 3234: CoreTasks.IndependentCounterEventsPreserveSchedulerInstanceAcrossWaitShards
3220/4010 Test #3234: CoreTasks.IndependentCounterEventsPreserveSchedulerInstanceAcrossWaitShards .....................................   Passed    0.02 sec
          Start 3235: CoreTasks.OverflowHandling
3221/4010 Test #3235: CoreTasks.OverflowHandling ......................................................................................   Passed    0.03 sec
          Start 3236: CoreTasks.SchedulerStatsExposeQueueAndStealTelemetry
3222/4010 Test #3236: CoreTasks.SchedulerStatsExposeQueueAndStealTelemetry ............................................................   Passed    0.01 sec
          Start 3237: CoreTasks.SchedulerStatsCanBeExportedToFrameTelemetry
3223/4010 Test #3237: CoreTasks.SchedulerStatsCanBeExportedToFrameTelemetry ...........................................................   Passed    0.01 sec
          Start 3238: CoreTasks.UndispatchedJobDestruction_NoLeak
3224/4010 Test #3238: CoreTasks.UndispatchedJobDestruction_NoLeak .....................................................................   Passed    0.01 sec
          Start 3239: CoreTasks.JobMoveDoesNotDoubleFree
3225/4010 Test #3239: CoreTasks.JobMoveDoesNotDoubleFree ..............................................................................   Passed    0.01 sec
          Start 3240: CoreTasks.JobMoveAssignment_CleansUpPrevious
3226/4010 Test #3240: CoreTasks.JobMoveAssignment_CleansUpPrevious ....................................................................   Passed    0.01 sec
          Start 3241: NullPlatform.QueuesDrainsAndAppliesEventsDeterministically
3227/4010 Test #3241: NullPlatform.QueuesDrainsAndAppliesEventsDeterministically ......................................................   Passed    0.00 sec
          Start 3242: NullPlatform.SupportsHeadlessClipboardCursorMinimizeAndClose
3228/4010 Test #3242: NullPlatform.SupportsHeadlessClipboardCursorMinimizeAndClose ....................................................   Passed    0.00 sec
          Start 3243: NullPlatform.BuffersTextAndDropEventsForEditorWorkflows
3229/4010 Test #3243: NullPlatform.BuffersTextAndDropEventsForEditorWorkflows .........................................................   Passed    0.00 sec
          Start 3244: PlatformLayering.PlatformDoesNotImportGraphicsOrRuntime
3230/4010 Test #3244: PlatformLayering.PlatformDoesNotImportGraphicsOrRuntime .........................................................   Passed    0.00 sec
          Start 3290: RHIBufferManager.CreateReturnsLeaseOnSuccess
3231/4010 Test #3290: RHIBufferManager.CreateReturnsLeaseOnSuccess ....................................................................   Passed    0.00 sec
          Start 3291: RHIBufferManager.CreateReturnsOutOfDeviceMemoryOnDeviceFailure
3232/4010 Test #3291: RHIBufferManager.CreateReturnsOutOfDeviceMemoryOnDeviceFailure ..................................................   Passed    0.00 sec
          Start 3292: RHIBufferManager.CreateShortCircuitsOnNonOperationalDevice
3233/4010 Test #3292: RHIBufferManager.CreateShortCircuitsOnNonOperationalDevice ......................................................   Passed    0.00 sec
          Start 3293: RHIBufferManager.LastLeaseDroppedDestroysGpuResource
3234/4010 Test #3293: RHIBufferManager.LastLeaseDroppedDestroysGpuResource ............................................................   Passed    0.00 sec
          Start 3294: RHIBufferManager.SharedLeasesPostponeDestroyUntilLastDrop
3235/4010 Test #3294: RHIBufferManager.SharedLeasesPostponeDestroyUntilLastDrop .......................................................   Passed    0.00 sec
          Start 3295: RHIBufferManager.DestructorIsCleanAfterAllLeasesDropped
3236/4010 Test #3295: RHIBufferManager.DestructorIsCleanAfterAllLeasesDropped .........................................................   Passed    0.00 sec
          Start 3296: RHISamplerManager.GetOrCreateReturnsOutOfDeviceMemoryOnDeviceFailure
3237/4010 Test #3296: RHISamplerManager.GetOrCreateReturnsOutOfDeviceMemoryOnDeviceFailure ............................................   Passed    0.00 sec
          Start 3297: RHISamplerManager.GetOrCreateShortCircuitsOnNonOperationalDevice
3238/4010 Test #3297: RHISamplerManager.GetOrCreateShortCircuitsOnNonOperationalDevice ................................................   Passed    0.00 sec
          Start 3298: RHISamplerManager.IdenticalDescsReturnSameGpuObject
3239/4010 Test #3298: RHISamplerManager.IdenticalDescsReturnSameGpuObject .............................................................   Passed    0.00 sec
          Start 3299: RHISamplerManager.DifferentDescsReturnDistinctGpuObjects
3240/4010 Test #3299: RHISamplerManager.DifferentDescsReturnDistinctGpuObjects ........................................................   Passed    0.00 sec
          Start 3300: RHISamplerManager.DefaultSamplerBorderColorPreservesOpaqueBlack
3241/4010 Test #3300: RHISamplerManager.DefaultSamplerBorderColorPreservesOpaqueBlack .................................................   Passed    0.00 sec
          Start 3301: RHISamplerManager.BorderColorParticipatesInDedupKey
3242/4010 Test #3301: RHISamplerManager.BorderColorParticipatesInDedupKey .............................................................   Passed    0.00 sec
          Start 3302: RHISamplerManager.LastLeaseDroppedDestroysGpuSampler
3243/4010 Test #3302: RHISamplerManager.LastLeaseDroppedDestroysGpuSampler ............................................................   Passed    0.00 sec
          Start 3303: RHISamplerManager.DestructorIsCleanAfterAllLeasesDropped
3244/4010 Test #3303: RHISamplerManager.DestructorIsCleanAfterAllLeasesDropped ........................................................   Passed    0.00 sec
          Start 3304: RHITextureManager.CreateReturnsLeaseOnSuccess
3245/4010 Test #3304: RHITextureManager.CreateReturnsLeaseOnSuccess ...................................................................   Passed    0.00 sec
          Start 3305: RHITextureManager.CreateReturnsOutOfDeviceMemoryOnDeviceFailure
3246/4010 Test #3305: RHITextureManager.CreateReturnsOutOfDeviceMemoryOnDeviceFailure .................................................   Passed    0.00 sec
          Start 3306: RHITextureManager.CreateShortCircuitsOnNonOperationalDevice
3247/4010 Test #3306: RHITextureManager.CreateShortCircuitsOnNonOperationalDevice .....................................................   Passed    0.00 sec
          Start 3307: RHITextureManager.LastLeaseDroppedDestroysTextureAndFreesBindlessSlot
3248/4010 Test #3307: RHITextureManager.LastLeaseDroppedDestroysTextureAndFreesBindlessSlot ...........................................   Passed    0.00 sec
          Start 3308: RHITextureManager.CreateWithoutSamplerSkipsBindlessRegistration
3249/4010 Test #3308: RHITextureManager.CreateWithoutSamplerSkipsBindlessRegistration .................................................   Passed    0.00 sec
          Start 3309: RHITextureManager.DestructorIsCleanAfterAllLeasesDropped
3250/4010 Test #3309: RHITextureManager.DestructorIsCleanAfterAllLeasesDropped ........................................................   Passed    0.00 sec
          Start 3310: GpuAssetCache.BufferRequestTransitionsToReadyAfterTick
3251/4010 Test #3310: GpuAssetCache.BufferRequestTransitionsToReadyAfterTick ..........................................................   Passed    0.00 sec
          Start 3311: GpuAssetCache.TextureRequestPopulatesBindlessIndex
3252/4010 Test #3311: GpuAssetCache.TextureRequestPopulatesBindlessIndex ..............................................................   Passed    0.00 sec
          Start 3312: GpuAssetCache.BufferAllocationFailureMarksEntryFailed
3253/4010 Test #3312: GpuAssetCache.BufferAllocationFailureMarksEntryFailed ...........................................................   Passed    0.00 sec
          Start 3313: GpuAssetCache.NotifyFailedCreatesEntryInFailedState
3254/4010 Test #3313: GpuAssetCache.NotifyFailedCreatesEntryInFailedState .............................................................   Passed    0.00 sec
          Start 3314: GpuAssetCache.HotReloadAdvancesGenerationAndRetiresOldLease
3255/4010 Test #3314: GpuAssetCache.HotReloadAdvancesGenerationAndRetiresOldLease .....................................................   Passed    0.00 sec
          Start 3315: GpuAssetCache.OldLeaseSurvivesFramesInFlightBeforeDestruction
3256/4010 Test #3315: GpuAssetCache.OldLeaseSurvivesFramesInFlightBeforeDestruction ...................................................   Passed    0.00 sec
          Start 3316: GpuAssetCache.NotifyReloadedTransitionsReadyToCpuPendingWithoutRetiring
3257/4010 Test #3316: GpuAssetCache.NotifyReloadedTransitionsReadyToCpuPendingWithoutRetiring .........................................   Passed    0.00 sec
          Start 3317: GpuAssetCache.NotifyDestroyedRemovesEntryAndQueuesLeaseForRetirement
3258/4010 Test #3317: GpuAssetCache.NotifyDestroyedRemovesEntryAndQueuesLeaseForRetirement ............................................   Passed    0.00 sec
          Start 3318: GpuAssetCache.RequestUploadWhileGpuUploadingReturnsConflict
3259/4010 Test #3318: GpuAssetCache.RequestUploadWhileGpuUploadingReturnsConflict .....................................................   Passed    0.00 sec
          Start 3319: GpuAssetCache.TextureRequestCanOwnSamplerFromDescriptor
3260/4010 Test #3319: GpuAssetCache.TextureRequestCanOwnSamplerFromDescriptor .........................................................   Passed    0.00 sec
          Start 3320: GpuAssetCache.FallbackTextureResolvesMissingPendingAndFailedAssets
3261/4010 Test #3320: GpuAssetCache.FallbackTextureResolvesMissingPendingAndFailedAssets ..............................................   Passed    0.00 sec
          Start 3321: GpuAssetCache.ReadyTextureBypassesFallback
3262/4010 Test #3321: GpuAssetCache.ReadyTextureBypassesFallback ......................................................................   Passed    0.00 sec
          Start 3322: GpuAssetCache.TextureCreateAndSamplerCreateFailuresAreDiagnosed
3263/4010 Test #3322: GpuAssetCache.TextureCreateAndSamplerCreateFailuresAreDiagnosed .................................................   Passed    0.00 sec
          Start 3323: GpuAssetCache.NonOperationalUploadDefersWithoutFailingEntry
3264/4010 Test #3323: GpuAssetCache.NonOperationalUploadDefersWithoutFailingEntry .....................................................   Passed    0.00 sec
          Start 3324: GpuAssetCache.NonOperationalBackendReportsDeterministicFallbackMiss
3265/4010 Test #3324: GpuAssetCache.NonOperationalBackendReportsDeterministicFallbackMiss .............................................   Passed    0.00 sec
          Start 3325: GpuAssetCache.GpuProducedTexturePromotesOnlyAfterReadyFrame
3266/4010 Test #3325: GpuAssetCache.GpuProducedTexturePromotesOnlyAfterReadyFrame .....................................................   Passed    0.00 sec
          Start 3326: GpuAssetCache.GpuProducedTextureReadyFrameCanBeSetAfterRecording
3267/4010 Test #3326: GpuAssetCache.GpuProducedTextureReadyFrameCanBeSetAfterRecording ................................................   Passed    0.00 sec
          Start 3327: GpuAssetCache.GpuProducedTextureFailureRequiresMatchingGeneration
3268/4010 Test #3327: GpuAssetCache.GpuProducedTextureFailureRequiresMatchingGeneration ...............................................   Passed    0.00 sec
          Start 3328: GpuAssetCache.GpuProducedTextureReadyFrameRequiresMatchingGeneration
3269/4010 Test #3328: GpuAssetCache.GpuProducedTextureReadyFrameRequiresMatchingGeneration ............................................   Passed    0.00 sec
          Start 3329: GpuAssetCache.GpuProducedTextureFailureDoesNotRecreateDestroyedSlot
3270/4010 Test #3329: GpuAssetCache.GpuProducedTextureFailureDoesNotRecreateDestroyedSlot .............................................   Passed    0.00 sec
          Start 3330: GpuAssetCache.GpuProducedTextureRequiresSampledColorTargetUsage
3271/4010 Test #3330: GpuAssetCache.GpuProducedTextureRequiresSampledColorTargetUsage .................................................   Passed    0.00 sec
          Start 3331: GpuAssetCache.GpuProducedTextureReloadKeepsPreviousViewUntilReady
3272/4010 Test #3331: GpuAssetCache.GpuProducedTextureReloadKeepsPreviousViewUntilReady ...............................................   Passed    0.00 sec
          Start 3332: GpuAssetCache.GpuProducedTextureRejectsReadyFrameForTransferUpload
3273/4010 Test #3332: GpuAssetCache.GpuProducedTextureRejectsReadyFrameForTransferUpload ..............................................   Passed    0.00 sec
          Start 3333: RHIPipelineManager.CreateReturnsLeaseOnSuccess
3274/4010 Test #3333: RHIPipelineManager.CreateReturnsLeaseOnSuccess ..................................................................   Passed    0.00 sec
          Start 3334: RHIPipelineManager.CreateReturnsPipelineCreationFailedOnDeviceFailure
3275/4010 Test #3334: RHIPipelineManager.CreateReturnsPipelineCreationFailedOnDeviceFailure ...........................................   Passed    0.00 sec
          Start 3335: RHIPipelineManager.CreateShortCircuitsOnNonOperationalDevice
3276/4010 Test #3335: RHIPipelineManager.CreateShortCircuitsOnNonOperationalDevice ....................................................   Passed    0.00 sec
          Start 3336: RHIPipelineManager.OnCompiledCallbackFiresAtCreate
3277/4010 Test #3336: RHIPipelineManager.OnCompiledCallbackFiresAtCreate ..............................................................   Passed    0.00 sec
          Start 3337: RHIPipelineManager.RecompileStagesNewPipelineWithoutInvalidatingHandle
3278/4010 Test #3337: RHIPipelineManager.RecompileStagesNewPipelineWithoutInvalidatingHandle ..........................................   Passed    0.00 sec
          Start 3338: RHIPipelineManager.CommitPendingPromotesNewPipelineAndDestroysOld
3279/4010 Test #3338: RHIPipelineManager.CommitPendingPromotesNewPipelineAndDestroysOld ...............................................   Passed    0.00 sec
          Start 3339: RHIPipelineManager.FailedRecompileKeepsLastKnownGoodPipelineAndReportsDiagnostic
3280/4010 Test #3339: RHIPipelineManager.FailedRecompileKeepsLastKnownGoodPipelineAndReportsDiagnostic ................................   Passed    0.00 sec
          Start 3340: RHIPipelineManager.LastLeaseDroppedDestroysGpuPipeline
3281/4010 Test #3340: RHIPipelineManager.LastLeaseDroppedDestroysGpuPipeline ..........................................................   Passed    0.00 sec
          Start 3341: RHIPipelineManager.DestructorIsCleanAfterAllLeasesDropped
3282/4010 Test #3341: RHIPipelineManager.DestructorIsCleanAfterAllLeasesDropped .......................................................   Passed    0.00 sec
          Start 3342: RHIPipelineRegistry.MakePipelineKeyIsStableAndGenerationSensitive
3283/4010 Test #3342: RHIPipelineRegistry.MakePipelineKeyIsStableAndGenerationSensitive ...............................................   Passed    0.00 sec
          Start 3343: RHIPipelineRegistry.GetOrCreateCachesPipelineByStableKey
3284/4010 Test #3343: RHIPipelineRegistry.GetOrCreateCachesPipelineByStableKey ........................................................   Passed    0.00 sec
          Start 3344: RHIPipelineRegistry.MissingShaderAndMismatchedKeyAreDeterministicFailures
3285/4010 Test #3344: RHIPipelineRegistry.MissingShaderAndMismatchedKeyAreDeterministicFailures .......................................   Passed    0.00 sec
          Start 3345: RHIPipelineRegistry.PipelineCreationFailuresAreDiagnostic
3286/4010 Test #3345: RHIPipelineRegistry.PipelineCreationFailuresAreDiagnostic .......................................................   Passed    0.00 sec
          Start 3346: RHIPipelineRegistry.ShaderInvalidationDropsAffectedCacheEntries
3287/4010 Test #3346: RHIPipelineRegistry.ShaderInvalidationDropsAffectedCacheEntries .................................................   Passed    0.00 sec
          Start 3347: RHIPipelineRegistry.ComputePipelineRequiresOnlyComputeShader
3288/4010 Test #3347: RHIPipelineRegistry.ComputePipelineRequiresOnlyComputeShader ....................................................   Passed    0.00 sec
          Start 3348: RHIProfiler.QueryRangeMapsAbsoluteIndicesToSlotLocalIndices
3289/4010 Test #3348: RHIProfiler.QueryRangeMapsAbsoluteIndicesToSlotLocalIndices .....................................................   Passed    0.00 sec
          Start 3349: RHIProfiler.TimestampDeltaRejectsUnsupportedWidthsAndHandlesWrap
3290/4010 Test #3349: RHIProfiler.TimestampDeltaRejectsUnsupportedWidthsAndHandlesWrap ................................................   Passed    0.00 sec
          Start 3350: RHIProfiler.DurationResolutionRequiresBothAvailableValues
3291/4010 Test #3350: RHIProfiler.DurationResolutionRequiresBothAvailableValues .......................................................   Passed    0.00 sec
          Start 3351: RHIProfiler.DurationResolutionValidatesPeriodAndCheckedConversion
3292/4010 Test #3351: RHIProfiler.DurationResolutionValidatesPeriodAndCheckedConversion ...............................................   Passed    0.00 sec
          Start 3352: RHIProfiler.DurationResolutionRejectsAmbiguousMultipleWrapEnvelope
3293/4010 Test #3352: RHIProfiler.DurationResolutionRejectsAmbiguousMultipleWrapEnvelope ..............................................   Passed    0.00 sec
          Start 3353: RHIProfiler.OptionalDurationDistinguishesNativeZeroFromUnavailable
3294/4010 Test #3353: RHIProfiler.OptionalDurationDistinguishesNativeZeroFromUnavailable ..............................................   Passed    0.00 sec
          Start 3354: BufferTransferRange.ValidatesExactSubranges
3295/4010 Test #3354: BufferTransferRange.ValidatesExactSubranges .....................................................................   Passed    0.00 sec
          Start 3355: BufferTransferRange.RejectsEmptyBuffersAndZeroByteRanges
3296/4010 Test #3355: BufferTransferRange.RejectsEmptyBuffersAndZeroByteRanges ........................................................   Passed    0.00 sec
          Start 3356: BufferTransferRange.RejectsOutOfBoundsWithoutOverflow
3297/4010 Test #3356: BufferTransferRange.RejectsOutOfBoundsWithoutOverflow ...........................................................   Passed    0.00 sec
          Start 3357: BufferTransferAlignment.AlignsWithNonPowerOfTwoValues
3298/4010 Test #3357: BufferTransferAlignment.AlignsWithNonPowerOfTwoValues ...........................................................   Passed    0.00 sec
          Start 3358: BufferTransferAlignment.RejectsInvalidAndOverflowingAlignment
3299/4010 Test #3358: BufferTransferAlignment.RejectsInvalidAndOverflowingAlignment ...................................................   Passed    0.00 sec
          Start 3359: BufferTransferAlignment.ExpandsDestinationRangeAndRevalidatesCapacity
3300/4010 Test #3359: BufferTransferAlignment.ExpandsDestinationRangeAndRevalidatesCapacity ...........................................   Passed    0.00 sec
          Start 3360: BufferTransferPlan.SortsCoalescesAndPacksSourceOffsets
3301/4010 Test #3360: BufferTransferPlan.SortsCoalescesAndPacksSourceOffsets ..........................................................   Passed    0.00 sec
          Start 3361: BufferTransferPlan.CanPreserveSeparateOverlappingRanges
3302/4010 Test #3361: BufferTransferPlan.CanPreserveSeparateOverlappingRanges .........................................................   Passed    0.00 sec
          Start 3362: BufferTransferPlan.AlignsDirtyRangesBeforeCoalescing
3303/4010 Test #3362: BufferTransferPlan.AlignsDirtyRangesBeforeCoalescing ............................................................   Passed    0.00 sec
          Start 3363: BufferTransferPlan.RejectsOutOfRangeDirtyRanges
3304/4010 Test #3363: BufferTransferPlan.RejectsOutOfRangeDirtyRanges .................................................................   Passed    0.00 sec
          Start 3364: BufferTransferDimensions.ExactTightRangeMatches
3305/4010 Test #3364: BufferTransferDimensions.ExactTightRangeMatches .................................................................   Passed    0.00 sec
          Start 3365: BufferTransferDimensions.FitWithinAllowsPaddingButExactRejectsIt
3306/4010 Test #3365: BufferTransferDimensions.FitWithinAllowsPaddingButExactRejectsIt ................................................   Passed    0.00 sec
          Start 3366: BufferTransferDimensions.StrideDefinesFootprint
3307/4010 Test #3366: BufferTransferDimensions.StrideDefinesFootprint .................................................................   Passed    0.00 sec
          Start 3367: BufferTransferDimensions.RejectsInvalidStrideAndOverflow
3308/4010 Test #3367: BufferTransferDimensions.RejectsInvalidStrideAndOverflow ........................................................   Passed    0.00 sec
          Start 3368: GraphicsColormapSystem.InitializeSubmitsLutUploadsThroughTransferQueue
3309/4010 Test #3368: GraphicsColormapSystem.InitializeSubmitsLutUploadsThroughTransferQueue ..........................................   Passed    0.00 sec
          Start 3369: GraphicsColormapSystem.ReadinessTracksPendingTransferTokens
3310/4010 Test #3369: GraphicsColormapSystem.ReadinessTracksPendingTransferTokens .....................................................   Passed    0.00 sec
          Start 3370: GraphicsColormapSystem.InvalidTransferTokensKeepColormapsNotReady
3311/4010 Test #3370: GraphicsColormapSystem.InvalidTransferTokensKeepColormapsNotReady ...............................................   Passed    0.00 sec
          Start 3371: GraphicsDebugViewSystem.InspectionTableClassifiesSampleableTargetsAndBuffers
3312/4010 Test #3371: GraphicsDebugViewSystem.InspectionTableClassifiesSampleableTargetsAndBuffers ....................................   Passed    0.00 sec
          Start 3372: GraphicsDebugViewSystem.ResolvesValidSelectionWithoutFallback
3313/4010 Test #3372: GraphicsDebugViewSystem.ResolvesValidSelectionWithoutFallback ...................................................   Passed    0.00 sec
          Start 3373: GraphicsDebugViewSystem.MissingDisabledAndUnsupportedSelectionsFallbackDeterministically
3314/4010 Test #3373: GraphicsDebugViewSystem.MissingDisabledAndUnsupportedSelectionsFallbackDeterministically ........................   Passed    0.00 sec
          Start 3374: GraphicsDebugViewSystem.DisabledDebugViewDoesNotEnablePreviewPass
3315/4010 Test #3374: GraphicsDebugViewSystem.DisabledDebugViewDoesNotEnablePreviewPass ...............................................   Passed    0.00 sec
          Start 3375: GraphicsDebugViewSystem.InspectionDumpIsStableAndIncludesPreviewability
3316/4010 Test #3375: GraphicsDebugViewSystem.InspectionDumpIsStableAndIncludesPreviewability .........................................   Passed    0.00 sec
          Start 3376: GraphicsGpuSceneSlot.DefaultStateHasNoAssetOrResidency
3317/4010 Test #3376: GraphicsGpuSceneSlot.DefaultStateHasNoAssetOrResidency ..........................................................   Passed    0.00 sec
          Start 3377: GraphicsGpuSceneSlot.TracksHandlesAndSourceAssetGeneration
3318/4010 Test #3377: GraphicsGpuSceneSlot.TracksHandlesAndSourceAssetGeneration ......................................................   Passed    0.00 sec
          Start 3378: GraphicsGpuSceneSlot.ClearingSourceAssetPreservesResidencyAndBuffers
3319/4010 Test #3378: GraphicsGpuSceneSlot.ClearingSourceAssetPreservesResidencyAndBuffers ............................................   Passed    0.00 sec
          Start 3379: GraphicsGpuSceneSlot.EvaluatesAssetRebindDecisionDeterministically
3320/4010 Test #3379: GraphicsGpuSceneSlot.EvaluatesAssetRebindDecisionDeterministically ..............................................   Passed    0.00 sec
          Start 3380: GraphicsImGuiOverlaySystem.SubmitFrameAggregatesValidDrawData
3321/4010 Test #3380: GraphicsImGuiOverlaySystem.SubmitFrameAggregatesValidDrawData ...................................................   Passed    0.00 sec
          Start 3381: GraphicsImGuiOverlaySystem.DisabledOrInvalidFramesHaveNoOverlayWork
3322/4010 Test #3381: GraphicsImGuiOverlaySystem.DisabledOrInvalidFramesHaveNoOverlayWork .............................................   Passed    0.00 sec
          Start 3382: GraphicsImGuiOverlaySystem.UnchangedFontAtlasPayloadIsRetained
3323/4010 Test #3382: GraphicsImGuiOverlaySystem.UnchangedFontAtlasPayloadIsRetained ..................................................   Passed    0.00 sec
          Start 3383: GraphicsImGuiOverlaySystem.DiagnosticsFormattingIsDeterministic
3324/4010 Test #3383: GraphicsImGuiOverlaySystem.DiagnosticsFormattingIsDeterministic .................................................   Passed    0.00 sec
          Start 3384: GraphicsImGuiOverlaySystem.PresentFinalizationDiagnosticsRequireSourceBackbufferAndPass
3325/4010 Test #3384: GraphicsImGuiOverlaySystem.PresentFinalizationDiagnosticsRequireSourceBackbufferAndPass .........................   Passed    0.00 sec
          Start 3385: GraphicsMaterialSystem.CanonicalLayoutContractMatchesRhiSlot
3326/4010 Test #3385: GraphicsMaterialSystem.CanonicalLayoutContractMatchesRhiSlot ....................................................   Passed    0.00 sec
          Start 3386: GraphicsMaterialSystem.MaterialLayoutReloadCompatibilityIsDeterministic
3327/4010 Test #3386: GraphicsMaterialSystem.MaterialLayoutReloadCompatibilityIsDeterministic .........................................   Passed    0.00 sec
          Start 3387: GraphicsMaterialSystem.DefaultAndStaleMaterialSlotsResolveToFallbackWithDiagnostics
3328/4010 Test #3387: GraphicsMaterialSystem.DefaultAndStaleMaterialSlotsResolveToFallbackWithDiagnostics .............................   Passed    0.00 sec
          Start 3388: GraphicsMaterialSystem.RejectsIncompatibleMaterialTypeLayoutsDeterministically
3329/4010 Test #3388: GraphicsMaterialSystem.RejectsIncompatibleMaterialTypeLayoutsDeterministically ..................................   Passed    0.00 sec
          Start 3389: GraphicsMaterialSystem.DirtyMaterialUpdatesAreCoalescedAndReported
3330/4010 Test #3389: GraphicsMaterialSystem.DirtyMaterialUpdatesAreCoalescedAndReported ..............................................   Passed    0.00 sec
          Start 3390: GraphicsMaterialSystem.ResolvesReadyTextureAssetBindingsToBindlessMaterialParams
3331/4010 Test #3390: GraphicsMaterialSystem.ResolvesReadyTextureAssetBindingsToBindlessMaterialParams ................................   Passed    0.00 sec
          Start 3391: GraphicsMaterialSystem.GeneratedTextureAssetBindingsUseStandardMaterialSlots
3332/4010 Test #3391: GraphicsMaterialSystem.GeneratedTextureAssetBindingsUseStandardMaterialSlots ....................................   Passed    0.00 sec
          Start 3392: GraphicsMaterialSystem.ObjectSpaceNormalBindingsSetExplicitMaterialFlag
3333/4010 Test #3392: GraphicsMaterialSystem.ObjectSpaceNormalBindingsSetExplicitMaterialFlag .........................................   Passed    0.00 sec
          Start 3393: GraphicsMaterialSystem.RawScalarAlbedoChangesColormapWithoutRebakingTexture
3334/4010 Test #3393: GraphicsMaterialSystem.RawScalarAlbedoChangesColormapWithoutRebakingTexture .....................................   Passed    0.00 sec
          Start 3394: GraphicsMaterialSystem.ChannelSourceBitsDefaultToVertexAttributeAndRoundTrip
3335/4010 Test #3394: GraphicsMaterialSystem.ChannelSourceBitsDefaultToVertexAttributeAndRoundTrip ....................................   Passed    0.00 sec
          Start 3395: GraphicsMaterialSystem.ResolvesMissingTextureAssetBindingsToFallback
3336/4010 Test #3395: GraphicsMaterialSystem.ResolvesMissingTextureAssetBindingsToFallback ............................................   Passed    0.00 sec
          Start 3396: GraphicsMaterialSystem.ReportsTextureAssetBindingFailuresWithoutFallback
3337/4010 Test #3396: GraphicsMaterialSystem.ReportsTextureAssetBindingFailuresWithoutFallback ........................................   Passed    0.00 sec
          Start 3397: GraphicsMaterialSystem.RegistersDefaultDebugSurfaceWithStableTypeId
3338/4010 Test #3397: GraphicsMaterialSystem.RegistersDefaultDebugSurfaceWithStableTypeId .............................................   Passed    0.00 sec
          Start 3398: GraphicsMaterialSystem.DefaultSlotCarriesDefaultDebugSurfaceParams
3339/4010 Test #3398: GraphicsMaterialSystem.DefaultSlotCarriesDefaultDebugSurfaceParams ..............................................   Passed    0.00 sec
          Start 3399: GraphicsMaterialSystem.ShadingModelDefaultsToLitAndRoundTrips
3340/4010 Test #3399: GraphicsMaterialSystem.ShadingModelDefaultsToLitAndRoundTrips ...................................................   Passed    0.00 sec
          Start 3400: GraphicsPostProcessSystem.DefaultChainToneMapsHdrToLdr
3341/4010 Test #3400: GraphicsPostProcessSystem.DefaultChainToneMapsHdrToLdr ..........................................................   Passed    0.00 sec
          Start 3401: GraphicsPostProcessSystem.OptionalStagesHaveDeterministicOrder
3342/4010 Test #3401: GraphicsPostProcessSystem.OptionalStagesHaveDeterministicOrder ..................................................   Passed    0.00 sec
          Start 3402: GraphicsPostProcessSystem.DisabledChainReportsNoStagesOrLdrWrite
3343/4010 Test #3402: GraphicsPostProcessSystem.DisabledChainReportsNoStagesOrLdrWrite ................................................   Passed    0.00 sec
          Start 3403: GraphicsPostProcessSystem.InvalidSettingsAreSanitizedAndDiagnosed
3344/4010 Test #3403: GraphicsPostProcessSystem.InvalidSettingsAreSanitizedAndDiagnosed ...............................................   Passed    0.00 sec
          Start 3404: RenderGraphDebugDump.GoldenSmallRenderPassGraphIncludesAttachmentsAndResourceMaps
3345/4010 Test #3404: RenderGraphDebugDump.GoldenSmallRenderPassGraphIncludesAttachmentsAndResourceMaps ...............................   Passed    0.00 sec
          Start 3405: RenderGraphDebugDump.ResourceOnlyGraphRetainsImportedStateMetadata
3346/4010 Test #3405: RenderGraphDebugDump.ResourceOnlyGraphRetainsImportedStateMetadata ..............................................   Passed    0.00 sec
          Start 3406: GraphicsSpatialDebugVisualizers.BoundsWireframesEmitStableBoxEdges
3347/4010 Test #3406: GraphicsSpatialDebugVisualizers.BoundsWireframesEmitStableBoxEdges ..............................................   Passed    0.00 sec
          Start 3407: GraphicsSpatialDebugVisualizers.HierarchyRejectsInvalidBoundsAndDepth
3348/4010 Test #3407: GraphicsSpatialDebugVisualizers.HierarchyRejectsInvalidBoundsAndDepth ...........................................   Passed    0.00 sec
          Start 3408: GraphicsSpatialDebugVisualizers.SplitPlanesAndConvexHullEdgesAreDeterministic
3349/4010 Test #3408: GraphicsSpatialDebugVisualizers.SplitPlanesAndConvexHullEdgesAreDeterministic ...................................   Passed    0.00 sec
          Start 3409: GraphicsSpatialDebugVisualizers.BudgetsAndInvalidCoordinatesAreReported
3350/4010 Test #3409: GraphicsSpatialDebugVisualizers.BudgetsAndInvalidCoordinatesAreReported .........................................   Passed    0.00 sec
          Start 3410: GraphicsVisualizationPackets.ValidPacketsProduceAcceptedDiagnosticsAndSummary
3351/4010 Test #3410: GraphicsVisualizationPackets.ValidPacketsProduceAcceptedDiagnosticsAndSummary ...................................   Passed    0.00 sec
          Start 3411: GraphicsVisualizationPackets.InvalidRangesAndColormapsAreDiagnosed
3352/4010 Test #3411: GraphicsVisualizationPackets.InvalidRangesAndColormapsAreDiagnosed ..............................................   Passed    0.00 sec
          Start 3412: GraphicsVisualizationPackets.DomainMismatchesAndInvalidOverlayPacketsAreDiagnosed
3353/4010 Test #3412: GraphicsVisualizationPackets.DomainMismatchesAndInvalidOverlayPacketsAreDiagnosed ...............................   Passed    0.00 sec
          Start 3413: GraphicsVisualizationPackets.InvalidHtexAtlasDescriptorsRemainDataOnlyDiagnostics
3354/4010 Test #3413: GraphicsVisualizationPackets.InvalidHtexAtlasDescriptorsRemainDataOnlyDiagnostics ...............................   Passed    0.00 sec
          Start 3414: GraphicsVisualizationPackets.FragmentBakesCanUseExistingTexcoordsOrForcedHtex
3355/4010 Test #3414: GraphicsVisualizationPackets.FragmentBakesCanUseExistingTexcoordsOrForcedHtex ...................................   Passed    0.00 sec
          Start 3415: GraphicsVisualizationPackets.ResolvedUvBakeProvenanceIsReportedWithoutImplicitHtex
3356/4010 Test #3415: GraphicsVisualizationPackets.ResolvedUvBakeProvenanceIsReportedWithoutImplicitHtex ..............................   Passed    0.00 sec
          Start 3416: GraphicsVisualizationPackets.GeneratedBakeTextureSemanticsAreSummarized
3357/4010 Test #3416: GraphicsVisualizationPackets.GeneratedBakeTextureSemanticsAreSummarized .........................................   Passed    0.00 sec
          Start 3417: GraphicsVisualizationPackets.TexcoordBakesRequireExistingUvData
3358/4010 Test #3417: GraphicsVisualizationPackets.TexcoordBakesRequireExistingUvData .................................................   Passed    0.00 sec
          Start 3418: GpuTransferFacade.AsyncUploadEmitsReadyBarrierOnlyAfterTokenCompletion
3359/4010 Test #3418: GpuTransferFacade.AsyncUploadEmitsReadyBarrierOnlyAfterTokenCompletion ..........................................   Passed    0.00 sec
          Start 3419: GpuTransferFacade.InCommandUploadRecordsCopyAndBarrierImmediately
3360/4010 Test #3419: GpuTransferFacade.InCommandUploadRecordsCopyAndBarrierImmediately ...............................................   Passed    0.00 sec
          Start 3420: GpuTransferFacade.ReadbackRecordsTransferReadBracketAndDeliversOnce
3361/4010 Test #3420: GpuTransferFacade.ReadbackRecordsTransferReadBracketAndDeliversOnce .............................................   Passed    0.00 sec
          Start 3421: GpuTransferFacade.InvalidRangesFailClosedAndUpdateDiagnostics
3362/4010 Test #3421: GpuTransferFacade.InvalidRangesFailClosedAndUpdateDiagnostics ...................................................   Passed    0.00 sec
          Start 3422: GpuTransferFacade.MultiRangeBatchPreservesOrderAndConsumesExactlyOnce
3363/4010 Test #3422: GpuTransferFacade.MultiRangeBatchPreservesOrderAndConsumesExactlyOnce ...........................................   Passed    0.00 sec
          Start 3423: GpuTransferFacade.MultiRangeBatchRejectsMalformedAndContradictoryRanges
3364/4010 Test #3423: GpuTransferFacade.MultiRangeBatchRejectsMalformedAndContradictoryRanges .........................................   Passed    0.00 sec
          Start 3424: GpuTransferFacade.CancelledBatchRetainsSinkStorageUntilTransferRetires
3365/4010 Test #3424: GpuTransferFacade.CancelledBatchRetainsSinkStorageUntilTransferRetires ..........................................   Passed    0.00 sec
          Start 3425: GpuTransferFacade.ConsumeRejectsStaleBufferGenerationBeforeExposingBytes
3366/4010 Test #3425: GpuTransferFacade.ConsumeRejectsStaleBufferGenerationBeforeExposingBytes ........................................   Passed    0.00 sec
          Start 3426: GraphicsMinimalAcceptance.Triangle_FirstImplementationContract
3367/4010 Test #3426: GraphicsMinimalAcceptance.Triangle_FirstImplementationContract ..................................................   Passed    0.00 sec
          Start 3427: GraphicsMinimalAcceptance.VisualizationSyncWritesLineWidthConfig
3368/4010 Test #3427: GraphicsMinimalAcceptance.VisualizationSyncWritesLineWidthConfig ................................................   Passed    0.00 sec
          Start 3428: GraphicsMinimalAcceptance.VisualizationSyncWritesEquivalentLinePointColorSourceConfig
3369/4010 Test #3428: GraphicsMinimalAcceptance.VisualizationSyncWritesEquivalentLinePointColorSourceConfig ...........................   Passed    0.00 sec
          Start 3429: GraphicsMinimalAcceptance.VisualizationSyncWritesPropertyBufferConfigToTargetSidecarInstances
3370/4010 Test #3429: GraphicsMinimalAcceptance.VisualizationSyncWritesPropertyBufferConfigToTargetSidecarInstances ...................   Passed    0.00 sec
          Start 3430: PropertyTextureBake.PipelineContractIsUvRasterWithoutDepthOrCulling
3371/4010 Test #3430: PropertyTextureBake.PipelineContractIsUvRasterWithoutDepthOrCulling .............................................   Passed    0.00 sec
          Start 3431: PropertyTextureBake.DilationPipelineAndScratchMatchEncodedOutput
3372/4010 Test #3431: PropertyTextureBake.DilationPipelineAndScratchMatchEncodedOutput ................................................   Passed    0.00 sec
          Start 3432: PropertyTextureBake.InvalidResourcesFailBeforeRecordingCommands
3373/4010 Test #3432: PropertyTextureBake.InvalidResourcesFailBeforeRecordingCommands .................................................   Passed    0.00 sec
          Start 3433: PropertyTextureBake.RecordsIndexedRasterWithExactRepresentationMetadata
3374/4010 Test #3433: PropertyTextureBake.RecordsIndexedRasterWithExactRepresentationMetadata .........................................   Passed    0.00 sec
          Start 3434: PropertyTextureBake.RecordsEncodedPaddingThroughGenericDilation
3375/4010 Test #3434: PropertyTextureBake.RecordsEncodedPaddingThroughGenericDilation .................................................   Passed    0.00 sec
          Start 3435: RHICommandContext.SubmitBarriersFallbackRoutesTextureAndBufferBarriers
3376/4010 Test #3435: RHICommandContext.SubmitBarriersFallbackRoutesTextureAndBufferBarriers ..........................................   Passed    0.00 sec
          Start 3436: RHICommandContext.MemoryAccessCombinesAttachmentBitsWithoutTruncation
3377/4010 Test #3436: RHICommandContext.MemoryAccessCombinesAttachmentBitsWithoutTruncation ...........................................   Passed    0.00 sec
          Start 3437: RendererRhiBoundary.RendererPublicSurfaceCompilesThroughRhiOnly
3378/4010 Test #3437: RendererRhiBoundary.RendererPublicSurfaceCompilesThroughRhiOnly .................................................   Passed    0.00 sec
          Start 3438: RendererRhiBoundary.RendererDoesNotImportVulkanBackend
3379/4010 Test #3438: RendererRhiBoundary.RendererDoesNotImportVulkanBackend ..........................................................   Passed    0.01 sec
          Start 3439: RendererRhiBoundary.RendererDoesNotImportLiveEcsOwnership
3380/4010 Test #3439: RendererRhiBoundary.RendererDoesNotImportLiveEcsOwnership .......................................................   Passed    0.01 sec
          Start 3440: RendererRhiBoundary.RhiLayerDoesNotImportVulkan
3381/4010 Test #3440: RendererRhiBoundary.RhiLayerDoesNotImportVulkan .................................................................   Passed    0.00 sec
          Start 3441: RendererRhiBoundary.PromotedGraphicsAndRuntimeDoNotImportCuda
3382/4010 Test #3441: RendererRhiBoundary.PromotedGraphicsAndRuntimeDoNotImportCuda ...................................................   Passed    0.01 sec
          Start 3442: RendererRhiBoundary.SamplerBorderColorStaysBackendNeutralAndMapsInVulkanBackend
3383/4010 Test #3442: RendererRhiBoundary.SamplerBorderColorStaysBackendNeutralAndMapsInVulkanBackend .................................   Passed    0.00 sec
          Start 3443: RendererRhiBoundary.VulkanBackendDefinesPromotedSymbols
3384/4010 Test #3443: RendererRhiBoundary.VulkanBackendDefinesPromotedSymbols .........................................................   Passed    0.00 sec
          Start 3444: TextureReadback.NullBackendRejectsDownloadsFailClosed
3385/4010 Test #3444: TextureReadback.NullBackendRejectsDownloadsFailClosed ...........................................................   Passed    0.00 sec
          Start 3445: TextureReadback.MockQueueDeliversSubresourceOnCollectCompleted
3386/4010 Test #3445: TextureReadback.MockQueueDeliversSubresourceOnCollectCompleted ..................................................   Passed    0.00 sec
          Start 3446: TextureReadback.MockQueueDropsBadFormatsAndSubresources
3387/4010 Test #3446: TextureReadback.MockQueueDropsBadFormatsAndSubresources .........................................................   Passed    0.00 sec
          Start 3447: TextureUploadFormat.BytesPerBlockMatchesUploadContract
3388/4010 Test #3447: TextureUploadFormat.BytesPerBlockMatchesUploadContract ..........................................................   Passed    0.00 sec
          Start 3448: TextureUploadFormat.DepthStencilAndUndefinedAreNotUploadable
3389/4010 Test #3448: TextureUploadFormat.DepthStencilAndUndefinedAreNotUploadable ....................................................   Passed    0.00 sec
          Start 3449: TextureUploadFormat.StorageBytesPerBlockIncludesDepthStencil
3390/4010 Test #3449: TextureUploadFormat.StorageBytesPerBlockIncludesDepthStencil ....................................................   Passed    0.00 sec
          Start 3450: TextureUploadFormat.BlockExtentIsFourForBlockCompressed
3391/4010 Test #3450: TextureUploadFormat.BlockExtentIsFourForBlockCompressed .........................................................   Passed    0.00 sec
          Start 3451: TextureUploadMip.MipExtentClampsToOne
3392/4010 Test #3451: TextureUploadMip.MipExtentClampsToOne ...........................................................................   Passed    0.00 sec
          Start 3452: TextureUploadSize.RGBA8MatchesNaiveProduct
3393/4010 Test #3452: TextureUploadSize.RGBA8MatchesNaiveProduct ......................................................................   Passed    0.00 sec
          Start 3453: TextureUploadSize.NonSquareAndNonPowerOfTwoMipsClampToOne
3394/4010 Test #3453: TextureUploadSize.NonSquareAndNonPowerOfTwoMipsClampToOne .......................................................   Passed    0.00 sec
          Start 3454: TextureUploadSize.BlockCompressedRoundsUpToBlockExtent
3395/4010 Test #3454: TextureUploadSize.BlockCompressedRoundsUpToBlockExtent ..........................................................   Passed    0.00 sec
          Start 3455: TextureUploadSize.OutOfRangeMipReturnsZero
3396/4010 Test #3455: TextureUploadSize.OutOfRangeMipReturnsZero ......................................................................   Passed    0.00 sec
          Start 3456: TextureUploadSize.UnsupportedFormatReturnsZero
3397/4010 Test #3456: TextureUploadSize.UnsupportedFormatReturnsZero ..................................................................   Passed    0.00 sec
          Start 3457: TextureUploadSize.StorageEstimateIncludesMipsLayersDepthAndBlockCompression
3398/4010 Test #3457: TextureUploadSize.StorageEstimateIncludesMipsLayersDepthAndBlockCompression .....................................   Passed    0.00 sec
          Start 3458: TextureUploadLayout.SingleLayerMipChainPacksLayerMajor
3399/4010 Test #3458: TextureUploadLayout.SingleLayerMipChainPacksLayerMajor ..........................................................   Passed    0.00 sec
          Start 3459: TextureUploadLayout.MultiLayerOrderingIsLayerMajorMipMinor
3400/4010 Test #3459: TextureUploadLayout.MultiLayerOrderingIsLayerMajorMipMinor ......................................................   Passed    0.00 sec
          Start 3460: TextureUploadLayout.CubeMapTreatsSixLayersAsFaces
3401/4010 Test #3460: TextureUploadLayout.CubeMapTreatsSixLayersAsFaces ...............................................................   Passed    0.00 sec
          Start 3461: TextureUploadLayout.Tex3DTreatsDepthAsZAxisNotLayerCount
3402/4010 Test #3461: TextureUploadLayout.Tex3DTreatsDepthAsZAxisNotLayerCount ........................................................   Passed    0.00 sec
          Start 3462: TextureUploadLayout.BlockCompressedFullChainPacksRoundedSizes
3403/4010 Test #3462: TextureUploadLayout.BlockCompressedFullChainPacksRoundedSizes ...................................................   Passed    0.00 sec
          Start 3463: TextureUploadLayout.RejectsDepthStencilFormat
3404/4010 Test #3463: TextureUploadLayout.RejectsDepthStencilFormat ...................................................................   Passed    0.00 sec
          Start 3464: TextureUploadLayout.RejectsUndefinedFormat
3405/4010 Test #3464: TextureUploadLayout.RejectsUndefinedFormat ......................................................................   Passed    0.00 sec
          Start 3465: TextureUploadLayout.RejectsZeroExtentOrCount
3406/4010 Test #3465: TextureUploadLayout.RejectsZeroExtentOrCount ....................................................................   Passed    0.00 sec
          Start 3466: TextureUploadAlignment.RequiredBufferOffsetAlignmentMatchesVulkanVUIDs
3407/4010 Test #3466: TextureUploadAlignment.RequiredBufferOffsetAlignmentMatchesVulkanVUIDs ..........................................   Passed    0.00 sec
          Start 3467: TextureUploadAlignment.R8MultiLayerOffsetsAreFourAligned
3408/4010 Test #3467: TextureUploadAlignment.R8MultiLayerOffsetsAreFourAligned ........................................................   Passed    0.00 sec
          Start 3468: TextureUploadAlignment.RGB32FloatHasNonPowerOfTwoAlignment
3409/4010 Test #3468: TextureUploadAlignment.RGB32FloatHasNonPowerOfTwoAlignment ......................................................   Passed    0.00 sec
          Start 3469: TextureUploadAlignment.RG8MultiLayerOddMipPadsToFour
3410/4010 Test #3469: TextureUploadAlignment.RG8MultiLayerOddMipPadsToFour ............................................................   Passed    0.00 sec
          Start 3470: TextureUploadAlignment.BC7OffsetsAreSixteenAligned
3411/4010 Test #3470: TextureUploadAlignment.BC7OffsetsAreSixteenAligned ..............................................................   Passed    0.00 sec
          Start 3471: TransferQueueFullChain.NullBackendRejectsFullChainUploadsFailClosed
3412/4010 Test #3471: TransferQueueFullChain.NullBackendRejectsFullChainUploadsFailClosed .............................................   Passed    0.00 sec
          Start 3472: TransferQueueReadback.NullBackendRejectsDownloadsFailClosed
3413/4010 Test #3472: TransferQueueReadback.NullBackendRejectsDownloadsFailClosed .....................................................   Passed    0.00 sec
          Start 3473: TransferQueueReadback.MockQueueDeliversReadbackOnCollectCompleted
3414/4010 Test #3473: TransferQueueReadback.MockQueueDeliversReadbackOnCollectCompleted ...............................................   Passed    0.00 sec
          Start 3474: TransferQueueReadback.MockQueueDropsOutOfRangeRequests
3415/4010 Test #3474: TransferQueueReadback.MockQueueDropsOutOfRangeRequests ..........................................................   Passed    0.00 sec
          Start 3475: VulkanFailClosedContract.ProfilerSupportUsesPerQueueTimestampValidBits
3416/4010 Test #3475: VulkanFailClosedContract.ProfilerSupportUsesPerQueueTimestampValidBits ..........................................   Passed    0.00 sec
          Start 3476: VulkanFailClosedContract.ProfilerRejectsInvalidTimestampPeriod
3417/4010 Test #3476: VulkanFailClosedContract.ProfilerRejectsInvalidTimestampPeriod ..................................................   Passed    0.00 sec
          Start 3477: VulkanFailClosedContract.ProfilerQueryPoolFailureIsNonFatalToDeviceBootstrap
3418/4010 Test #3477: VulkanFailClosedContract.ProfilerQueryPoolFailureIsNonFatalToDeviceBootstrap ....................................   Passed    0.00 sec
          Start 3478: VulkanFailClosedContract.ProfilerQueryPoolDeviceLossStopsDeviceBootstrap
3419/4010 Test #3478: VulkanFailClosedContract.ProfilerQueryPoolDeviceLossStopsDeviceBootstrap ........................................   Passed    0.00 sec
          Start 3479: VulkanFailClosedContract.ProfilerFrameRequiresTimestampSupportOnAnActuallyRequestedQueue
3420/4010 Test #3479: VulkanFailClosedContract.ProfilerFrameRequiresTimestampSupportOnAnActuallyRequestedQueue ........................   Passed    0.00 sec
          Start 3480: VulkanFailClosedContract.DeviceBeginFrameStopsWhenProfilerRetirementObservesDeviceLoss
3421/4010 Test #3480: VulkanFailClosedContract.DeviceBeginFrameStopsWhenProfilerRetirementObservesDeviceLoss ..........................   Passed    0.00 sec
          Start 3481: VulkanFailClosedContract.ProfilerContextOwnershipRejectsForeignDeviceContext
3422/4010 Test #3481: VulkanFailClosedContract.ProfilerContextOwnershipRejectsForeignDeviceContext ....................................   Passed    0.00 sec
          Start 3482: VulkanFailClosedContract.QueueFamilyTokenResolverMapsAffinityTokens
3423/4010 Test #3482: VulkanFailClosedContract.QueueFamilyTokenResolverMapsAffinityTokens .............................................   Passed    0.00 sec
          Start 3483: VulkanFailClosedContract.FrameGraphBarrierFamiliesCollapseUnderGraphicsOnlyProfile
3424/4010 Test #3483: VulkanFailClosedContract.FrameGraphBarrierFamiliesCollapseUnderGraphicsOnlyProfile ..............................   Passed    0.00 sec
          Start 3484: VulkanFailClosedContract.DeviceConstructorIsFailClosedWithoutGpuBringup
3425/4010 Test #3484: VulkanFailClosedContract.DeviceConstructorIsFailClosedWithoutGpuBringup .........................................   Passed    0.00 sec
          Start 3485: VulkanFailClosedContract.InitializeWithNullWindowSkipsBootstrapWithoutVulkanHandles
3426/4010 Test #3485: VulkanFailClosedContract.InitializeWithNullWindowSkipsBootstrapWithoutVulkanHandles .............................   Passed    0.00 sec
          Start 3486: VulkanFailClosedContract.RecipeGraphValidationSetterFlipsBarrierValidationClean
3427/4010 Test #3486: VulkanFailClosedContract.RecipeGraphValidationSetterFlipsBarrierValidationClean .................................   Passed    0.00 sec
          Start 3487: VulkanFailClosedContract.PublicServiceReconciledIsFalseOnFreshDevice
3428/4010 Test #3487: VulkanFailClosedContract.PublicServiceReconciledIsFalseOnFreshDevice ............................................   Passed    0.00 sec
          Start 3488: VulkanFailClosedContract.PublicServiceReconciledStaysFalseAfterNullWindowInitialize
3429/4010 Test #3488: VulkanFailClosedContract.PublicServiceReconciledStaysFalseAfterNullWindowInitialize .............................   Passed    0.00 sec
          Start 3489: VulkanFailClosedContract.FallbackTransferQueueIncrementsUploadCounter
3430/4010 Test #3489: VulkanFailClosedContract.FallbackTransferQueueIncrementsUploadCounter ...........................................   Passed    0.00 sec
          Start 3490: VulkanFailClosedContract.CreatePipelineIncrementsCreationCounter
3431/4010 Test #3490: VulkanFailClosedContract.CreatePipelineIncrementsCreationCounter ................................................   Passed    0.00 sec
          Start 3491: VulkanFailClosedContract.UnboundGraphicsContextRecordingIncrementsAttemptCounter
3432/4010 Test #3491: VulkanFailClosedContract.UnboundGraphicsContextRecordingIncrementsAttemptCounter ................................   Passed    0.00 sec
          Start 3492: VulkanFailClosedContract.ParallelCommandContextsDeclineBeforeOperationalBringup
3433/4010 Test #3492: VulkanFailClosedContract.ParallelCommandContextsDeclineBeforeOperationalBringup .................................   Passed    0.00 sec
          Start 3493: VulkanFailClosedContract.BeginFrameOnNonOperationalDeviceIncrementsAttemptCounter
3434/4010 Test #3493: VulkanFailClosedContract.BeginFrameOnNonOperationalDeviceIncrementsAttemptCounter ...............................   Passed    0.00 sec
          Start 3494: VulkanFailClosedContract.EndFrameOnNonOperationalDeviceIncrementsAttemptCounter
3435/4010 Test #3494: VulkanFailClosedContract.EndFrameOnNonOperationalDeviceIncrementsAttemptCounter .................................   Passed    0.00 sec
          Start 3495: VulkanFailClosedContract.BeginEndFrameCountersTrackPairwiseOnNonOperationalDevice
3436/4010 Test #3495: VulkanFailClosedContract.BeginEndFrameCountersTrackPairwiseOnNonOperationalDevice ...............................   Passed    0.00 sec
          Start 3496: VulkanFailClosedContract.PresentOnNonOperationalDeviceIncrementsAttemptCounter
3437/4010 Test #3496: VulkanFailClosedContract.PresentOnNonOperationalDeviceIncrementsAttemptCounter ..................................   Passed    0.00 sec
          Start 3497: VulkanFailClosedContract.BeginEndPresentCountersTrackLifecycleOnNonOperationalDevice
3438/4010 Test #3497: VulkanFailClosedContract.BeginEndPresentCountersTrackLifecycleOnNonOperationalDevice ............................   Passed    0.00 sec
          Start 3498: VulkanFailClosedContract.ResizeOnNonOperationalDeviceIncrementsAttemptCounterAndRecordsExtent
3439/4010 Test #3498: VulkanFailClosedContract.ResizeOnNonOperationalDeviceIncrementsAttemptCounterAndRecordsExtent ...................   Passed    0.00 sec
          Start 3499: VulkanFailClosedContract.FrameLifecycleDiagnosticsSnapshotReportsFailClosedStatuses
3440/4010 Test #3499: VulkanFailClosedContract.FrameLifecycleDiagnosticsSnapshotReportsFailClosedStatuses .............................   Passed    0.00 sec
          Start 3500: VulkanFailClosedContract.CreatePipelineReportsPreBringUpReason
3441/4010 Test #3500: VulkanFailClosedContract.CreatePipelineReportsPreBringUpReason ..................................................   Passed    0.00 sec
          Start 3501: VulkanFailClosedContract.FallbackCountersAreProcessMonotonicAcrossInitializeShutdownCycles
3442/4010 Test #3501: VulkanFailClosedContract.FallbackCountersAreProcessMonotonicAcrossInitializeShutdownCycles ......................   Passed    0.00 sec
          Start 3502: VulkanFailClosedContract.FallbackDiagnosticsSnapshotMatchesIndividualGetters
3443/4010 Test #3502: VulkanFailClosedContract.FallbackDiagnosticsSnapshotMatchesIndividualGetters ....................................   Passed    0.00 sec
          Start 3503: VulkanFailClosedContract.FallbackDiagnosticsSnapshotIsProcessMonotonic
3444/4010 Test #3503: VulkanFailClosedContract.FallbackDiagnosticsSnapshotIsProcessMonotonic ..........................................   Passed    0.00 sec
          Start 3504: VulkanFailClosedContract.FailClosedLifecyclePathsNeverSetDeviceLost
3445/4010 Test #3504: VulkanFailClosedContract.FailClosedLifecyclePathsNeverSetDeviceLost .............................................   Passed    0.00 sec
          Start 3505: VulkanFailClosedContract.DeviceLostFlagStaysFalseAcrossInitializeShutdownCyclesOnNullWindow
3446/4010 Test #3505: VulkanFailClosedContract.DeviceLostFlagStaysFalseAcrossInitializeShutdownCyclesOnNullWindow .....................   Passed    0.00 sec
          Start 3506: VulkanOperationalStatusEvaluator.NotCompiledWhenRequestedButBackendAbsent
3447/4010 Test #3506: VulkanOperationalStatusEvaluator.NotCompiledWhenRequestedButBackendAbsent .......................................   Passed    0.00 sec
          Start 3507: VulkanOperationalStatusEvaluator.NotRequestedWhenBackendAbsentAndNotRequested
3448/4010 Test #3507: VulkanOperationalStatusEvaluator.NotRequestedWhenBackendAbsentAndNotRequested ...................................   Passed    0.00 sec
          Start 3508: VulkanOperationalStatusEvaluator.NotRequestedWhenBackendCompiledButNotRequested
3449/4010 Test #3508: VulkanOperationalStatusEvaluator.NotRequestedWhenBackendCompiledButNotRequested .................................   Passed    0.00 sec
          Start 3509: VulkanOperationalStatusEvaluator.MissingInstanceReportsMissingInstance
3450/4010 Test #3509: VulkanOperationalStatusEvaluator.MissingInstanceReportsMissingInstance ..........................................   Passed    0.00 sec
          Start 3510: VulkanOperationalStatusEvaluator.MissingSurfaceReportsMissingSurface
3451/4010 Test #3510: VulkanOperationalStatusEvaluator.MissingSurfaceReportsMissingSurface ............................................   Passed    0.00 sec
          Start 3511: VulkanOperationalStatusEvaluator.NoPhysicalDeviceReportsNoSuitablePhysicalDevice
3452/4010 Test #3511: VulkanOperationalStatusEvaluator.NoPhysicalDeviceReportsNoSuitablePhysicalDevice ................................   Passed    0.00 sec
          Start 3512: VulkanOperationalStatusEvaluator.MissingExtensionReportsMissingRequiredExtension
3453/4010 Test #3512: VulkanOperationalStatusEvaluator.MissingExtensionReportsMissingRequiredExtension ................................   Passed    0.00 sec
          Start 3513: VulkanOperationalStatusEvaluator.MissingFeatureReportsMissingRequiredFeature
3454/4010 Test #3513: VulkanOperationalStatusEvaluator.MissingFeatureReportsMissingRequiredFeature ....................................   Passed    0.00 sec
          Start 3514: VulkanOperationalStatusEvaluator.LogicalDeviceNotReadyReportsLogicalDeviceFailed
3455/4010 Test #3514: VulkanOperationalStatusEvaluator.LogicalDeviceNotReadyReportsLogicalDeviceFailed ................................   Passed    0.00 sec
          Start 3515: VulkanOperationalStatusEvaluator.AllocatorNotReadyReportsAllocatorFailed
3456/4010 Test #3515: VulkanOperationalStatusEvaluator.AllocatorNotReadyReportsAllocatorFailed ........................................   Passed    0.00 sec
          Start 3516: VulkanOperationalStatusEvaluator.SwapchainNotReadyReportsSwapchainFailed
3457/4010 Test #3516: VulkanOperationalStatusEvaluator.SwapchainNotReadyReportsSwapchainFailed ........................................   Passed    0.00 sec
          Start 3517: VulkanOperationalStatusEvaluator.CommandSyncNotReadyReportsCommandSyncFailed
3458/4010 Test #3517: VulkanOperationalStatusEvaluator.CommandSyncNotReadyReportsCommandSyncFailed ....................................   Passed    0.00 sec
          Start 3518: VulkanOperationalStatusEvaluator.MissingDefaultRecipeRecordingReportsIncompleteGate
3459/4010 Test #3518: VulkanOperationalStatusEvaluator.MissingDefaultRecipeRecordingReportsIncompleteGate .............................   Passed    0.00 sec
          Start 3519: VulkanOperationalStatusEvaluator.BarrierValidationDirtyReportsBarrierValidationFailed
3460/4010 Test #3519: VulkanOperationalStatusEvaluator.BarrierValidationDirtyReportsBarrierValidationFailed ...........................   Passed    0.00 sec
          Start 3520: VulkanOperationalStatusEvaluator.PublicServiceUnreconciledReportsPublicServiceReconciliationFailed
3461/4010 Test #3520: VulkanOperationalStatusEvaluator.PublicServiceUnreconciledReportsPublicServiceReconciliationFailed ..............   Passed    0.00 sec
          Start 3521: VulkanOperationalStatusEvaluator.ValidationDirtyReportsValidationLayerError
3462/4010 Test #3521: VulkanOperationalStatusEvaluator.ValidationDirtyReportsValidationLayerError .....................................   Passed    0.00 sec
          Start 3522: VulkanOperationalStatusEvaluator.DeviceLostReportsDeviceLost
3463/4010 Test #3522: VulkanOperationalStatusEvaluator.DeviceLostReportsDeviceLost ....................................................   Passed    0.00 sec
          Start 3523: VulkanOperationalStatusEvaluator.SurfaceLostReportsSurfaceLost
3464/4010 Test #3523: VulkanOperationalStatusEvaluator.SurfaceLostReportsSurfaceLost ..................................................   Passed    0.00 sec
          Start 3524: VulkanOperationalStatusEvaluator.AllInputsTrueReachesOperational
3465/4010 Test #3524: VulkanOperationalStatusEvaluator.AllInputsTrueReachesOperational ................................................   Passed    0.00 sec
          Start 3525: VulkanOperationalStatusEvaluator.FlippingAnyGateInputDropsBackToNonOperational
3466/4010 Test #3525: VulkanOperationalStatusEvaluator.FlippingAnyGateInputDropsBackToNonOperational ..................................   Passed    0.00 sec
          Start 3526: VulkanOperationalStatusEvaluator.IsTotalAcrossAllBooleanCombinations
3467/4010 Test #3526: VulkanOperationalStatusEvaluator.IsTotalAcrossAllBooleanCombinations ............................................   Passed    0.01 sec
          Start 3527: VulkanOperationalDiagnosticsSnapshot.FallbackRowsBumpExpectedCounters
3468/4010 Test #3527: VulkanOperationalDiagnosticsSnapshot.FallbackRowsBumpExpectedCounters ...........................................   Passed    0.00 sec
          Start 3528: VulkanOperationalDiagnosticsSnapshot.OperationalAndNotRequestedAreNoOps
3469/4010 Test #3528: VulkanOperationalDiagnosticsSnapshot.OperationalAndNotRequestedAreNoOps .........................................   Passed    0.00 sec
          Start 3529: VulkanOperationalDiagnosticsSnapshot.DeviceLostOperationalDropBumpsCounter
3470/4010 Test #3529: VulkanOperationalDiagnosticsSnapshot.DeviceLostOperationalDropBumpsCounter ......................................   Passed    0.00 sec
          Start 3530: VulkanOperationalDiagnosticsSnapshot.CountersSurviveDeviceInitializeShutdownCycles
3471/4010 Test #3530: VulkanOperationalDiagnosticsSnapshot.CountersSurviveDeviceInitializeShutdownCycles ..............................   Passed    0.00 sec
          Start 3531: VulkanOperationalDiagnosticsSnapshot.EvaluateDeviceReturnsNotCompiledForNullDevicePointer
3472/4010 Test #3531: VulkanOperationalDiagnosticsSnapshot.EvaluateDeviceReturnsNotCompiledForNullDevicePointer .......................   Passed    0.00 sec
          Start 3532: GraphicsCrossQueueTimeline.RhiTimelineSemaphoreSurfaceRecordsSignalAndWait
3473/4010 Test #3532: GraphicsCrossQueueTimeline.RhiTimelineSemaphoreSurfaceRecordsSignalAndWait ......................................   Passed    0.00 sec
          Start 3533: GraphicsCrossQueueTimeline.EmitsSignalAndWaitAtCrossQueueBoundary
3474/4010 Test #3533: GraphicsCrossQueueTimeline.EmitsSignalAndWaitAtCrossQueueBoundary ...............................................   Passed    0.00 sec
          Start 3534: GraphicsCrossQueueTimeline.ValuesAreMonotonicPerProducingQueueAndDeterministic
3475/4010 Test #3534: GraphicsCrossQueueTimeline.ValuesAreMonotonicPerProducingQueueAndDeterministic ..................................   Passed    0.00 sec
          Start 3535: GraphicsCrossQueueTimeline.CulledProducerBranchEmitsNoTimelineEdges
3476/4010 Test #3535: GraphicsCrossQueueTimeline.CulledProducerBranchEmitsNoTimelineEdges .............................................   Passed    0.00 sec
          Start 3536: GraphicsCrossQueueTimeline.CrossQueueCycleReportsStructuredFinding
3477/4010 Test #3536: GraphicsCrossQueueTimeline.CrossQueueCycleReportsStructuredFinding ..............................................   Passed    0.00 sec
          Start 3537: CurrentRendererContractAdapter.DescriptorDeclaresCurrentRendererContractSurface
3478/4010 Test #3537: CurrentRendererContractAdapter.DescriptorDeclaresCurrentRendererContractSurface .................................   Passed    0.00 sec
          Start 3538: CurrentRendererContractAdapter.BindingSetMapsCurrentMaterialGeometryAndVisualizationInputs
3479/4010 Test #3538: CurrentRendererContractAdapter.BindingSetMapsCurrentMaterialGeometryAndVisualizationInputs ......................   Passed    0.00 sec
          Start 3539: CurrentRendererContractAdapter.FrameInputBuildsCompatibleSnapshotRecipeAndDiagnostics
3480/4010 Test #3539: CurrentRendererContractAdapter.FrameInputBuildsCompatibleSnapshotRecipeAndDiagnostics ...........................   Passed    0.00 sec
          Start 3540: CurrentRendererContractAdapter.RenderWorldKeepsCurrentFrameDiagnosticsNonBlocking
3481/4010 Test #3540: CurrentRendererContractAdapter.RenderWorldKeepsCurrentFrameDiagnosticsNonBlocking ...............................   Passed    0.00 sec
          Start 3541: CurrentRendererContractAdapter.RecipeDescriptorUsesOnlyDeclaredCurrentRendererSlots
3482/4010 Test #3541: CurrentRendererContractAdapter.RecipeDescriptorUsesOnlyDeclaredCurrentRendererSlots .............................   Passed    0.00 sec
          Start 3542: GraphicsCullingContracts.BucketsCoverSurfaceLinePointShadowAndSelectionDomains
3483/4010 Test #3542: GraphicsCullingContracts.BucketsCoverSurfaceLinePointShadowAndSelectionDomains ..................................   Passed    0.00 sec
          Start 3543: GraphicsCullingContracts.CullingPassResetsDispatchesAndPublishesAllBucketMetadata
3484/4010 Test #3543: GraphicsCullingContracts.CullingPassResetsDispatchesAndPublishesAllBucketMetadata ...............................   Passed    0.00 sec
          Start 3544: GraphicsCullingContracts.TwoPhasePartitionIsDeterministicAndConservative
3485/4010 Test #3544: GraphicsCullingContracts.TwoPhasePartitionIsDeterministicAndConservative ........................................   Passed    0.00 sec
          Start 3545: GraphicsCullingContracts.CameraTransitionDecisionSkipsOnExplicitFlagAndDeltaThresholds
3486/4010 Test #3545: GraphicsCullingContracts.CameraTransitionDecisionSkipsOnExplicitFlagAndDeltaThresholds ..........................   Passed    0.00 sec
          Start 3546: GraphicsCullingContracts.CullingDiagnosticsCountExplicitAndDeltaHZBStaleSkips
3487/4010 Test #3546: GraphicsCullingContracts.CullingDiagnosticsCountExplicitAndDeltaHZBStaleSkips ...................................   Passed    0.00 sec
          Start 3547: DefaultRecipeBackbufferReadbackContract.DefaultStateIsDisabledAndNoCopyRecords
3488/4010 Test #3547: DefaultRecipeBackbufferReadbackContract.DefaultStateIsDisabledAndNoCopyRecords ..................................   Passed    0.07 sec
          Start 3548: DefaultRecipeBackbufferReadbackContract.ConfiguredHandleRecordsReadbackTripletOnce
3489/4010 Test #3548: DefaultRecipeBackbufferReadbackContract.ConfiguredHandleRecordsReadbackTripletOnce ..............................   Passed    0.07 sec
          Start 3549: DefaultRecipeBackbufferReadbackContract.SkipsCopyWhenDeviceIsNonOperational
3490/4010 Test #3549: DefaultRecipeBackbufferReadbackContract.SkipsCopyWhenDeviceIsNonOperational .....................................   Passed    0.03 sec
          Start 3550: ComputeParallelPrimitives.ExclusiveAndInclusivePrefixScanMatchReference
3491/4010 Test #3550: ComputeParallelPrimitives.ExclusiveAndInclusivePrefixScanMatchReference .........................................   Passed    0.00 sec
          Start 3551: ComputeParallelPrimitives.EmptyPrefixScanSucceedsWithoutWriting
3492/4010 Test #3551: ComputeParallelPrimitives.EmptyPrefixScanSucceedsWithoutWriting .................................................   Passed    0.00 sec
          Start 3552: ComputeParallelPrimitives.PrefixScanFailsClosedForSmallOutputAndOverflow
3493/4010 Test #3552: ComputeParallelPrimitives.PrefixScanFailsClosedForSmallOutputAndOverflow ........................................   Passed    0.00 sec
          Start 3553: ComputeParallelPrimitives.StreamCompactionKeepsStableOrder
3494/4010 Test #3553: ComputeParallelPrimitives.StreamCompactionKeepsStableOrder ......................................................   Passed    0.00 sec
          Start 3554: ComputeParallelPrimitives.StreamCompactionHandlesAllKeptAndAllDropped
3495/4010 Test #3554: ComputeParallelPrimitives.StreamCompactionHandlesAllKeptAndAllDropped ...........................................   Passed    0.00 sec
          Start 3555: ComputeParallelPrimitives.StreamCompactionFailsClosedForBadShapes
3496/4010 Test #3555: ComputeParallelPrimitives.StreamCompactionFailsClosedForBadShapes ...............................................   Passed    0.00 sec
          Start 3556: ComputeParallelPrimitives.SegmentedFloatReductionCpuComputesSumsCountsAndMeans
3497/4010 Test #3556: ComputeParallelPrimitives.SegmentedFloatReductionCpuComputesSumsCountsAndMeans ..................................   Passed    0.00 sec
          Start 3557: ComputeParallelPrimitives.SegmentedFloatReductionCpuHandlesEmptyInputs
3498/4010 Test #3557: ComputeParallelPrimitives.SegmentedFloatReductionCpuHandlesEmptyInputs ..........................................   Passed    0.00 sec
          Start 3558: ComputeParallelPrimitives.SegmentedFloatReductionCpuFailsClosedForBadShapes
3499/4010 Test #3558: ComputeParallelPrimitives.SegmentedFloatReductionCpuFailsClosedForBadShapes .....................................   Passed    0.00 sec
          Start 3559: ComputeParallelPrimitives.DispatchPlansHandleEmptyAndInvalidInputs
3500/4010 Test #3559: ComputeParallelPrimitives.DispatchPlansHandleEmptyAndInvalidInputs ..............................................   Passed    0.00 sec
          Start 3560: ComputeParallelPrimitives.SingleBlockPrefixScanPlanNeedsNoScratch
3501/4010 Test #3560: ComputeParallelPrimitives.SingleBlockPrefixScanPlanNeedsNoScratch ...............................................   Passed    0.00 sec
          Start 3561: ComputeParallelPrimitives.MultiBlockPrefixScanPlanPinsRecursiveScratch
3502/4010 Test #3561: ComputeParallelPrimitives.MultiBlockPrefixScanPlanPinsRecursiveScratch ..........................................   Passed    0.00 sec
          Start 3562: ComputeParallelPrimitives.LargePrefixScanPlanAddsOffsetsFromTopDown
3503/4010 Test #3562: ComputeParallelPrimitives.LargePrefixScanPlanAddsOffsetsFromTopDown .............................................   Passed    0.00 sec
          Start 3563: ComputeParallelPrimitives.StreamCompactionPlanPinsOffsetsAndScatter
3504/4010 Test #3563: ComputeParallelPrimitives.StreamCompactionPlanPinsOffsetsAndScatter .............................................   Passed    0.00 sec
          Start 3564: ComputeParallelPrimitives.SegmentedFloatReductionPlanPinsOneDispatchPerSegment
3505/4010 Test #3564: ComputeParallelPrimitives.SegmentedFloatReductionPlanPinsOneDispatchPerSegment ..................................   Passed    0.00 sec
          Start 3565: ComputeParallelPrimitives.BuildsComputePipelineDescriptors
3506/4010 Test #3565: ComputeParallelPrimitives.BuildsComputePipelineDescriptors ......................................................   Passed    0.00 sec
          Start 3566: ComputeParallelPrimitives.BuildsCountPublicationBufferDescriptors
3507/4010 Test #3566: ComputeParallelPrimitives.BuildsCountPublicationBufferDescriptors ...............................................   Passed    0.00 sec
          Start 3567: ComputeParallelPrimitives.RecordsSingleBlockPrefixScanCommands
3508/4010 Test #3567: ComputeParallelPrimitives.RecordsSingleBlockPrefixScanCommands ..................................................   Passed    0.00 sec
          Start 3568: ComputeParallelPrimitives.RecordsMultiBlockPrefixScanWithAllocatedScratch
3509/4010 Test #3568: ComputeParallelPrimitives.RecordsMultiBlockPrefixScanWithAllocatedScratch .......................................   Passed    0.00 sec
          Start 3569: ComputeParallelPrimitives.RecordsStreamCompactionWithScanAndScatter
3510/4010 Test #3569: ComputeParallelPrimitives.RecordsStreamCompactionWithScanAndScatter .............................................   Passed    0.00 sec
          Start 3570: ComputeParallelPrimitives.RecordsSegmentedFloatReductionCommands
3511/4010 Test #3570: ComputeParallelPrimitives.RecordsSegmentedFloatReductionCommands ................................................   Passed    0.00 sec
          Start 3571: ComputeParallelPrimitives.PublishesCompactionCountForReadbackAndIndirectDispatch
3512/4010 Test #3571: ComputeParallelPrimitives.PublishesCompactionCountForReadbackAndIndirectDispatch ................................   Passed    0.00 sec
          Start 3572: ComputeParallelPrimitives.GpuRecordReportsDeviceUnavailableForNullDevice
3513/4010 Test #3572: ComputeParallelPrimitives.GpuRecordReportsDeviceUnavailableForNullDevice ........................................   Passed    0.00 sec
          Start 3573: ComputeParallelPrimitives.GpuRecordValidatesRecorderInputsAndResources
3514/4010 Test #3573: ComputeParallelPrimitives.GpuRecordValidatesRecorderInputsAndResources ..........................................   Passed    0.00 sec
          Start 3574: ComputeParallelPrimitives.StatusDebugNamesAreStable
3515/4010 Test #3574: ComputeParallelPrimitives.StatusDebugNamesAreStable .............................................................   Passed    0.00 sec
          Start 3575: GraphicsDebugViewContract.FrameRecipeDeclaresDebugViewPreviewStage
3516/4010 Test #3575: GraphicsDebugViewContract.FrameRecipeDeclaresDebugViewPreviewStage ..............................................   Passed    0.00 sec
          Start 3576: GraphicsDebugViewContract.DebugViewPassRecordsFullscreenPreviewForResolvedSelection
3517/4010 Test #3576: GraphicsDebugViewContract.DebugViewPassRecordsFullscreenPreviewForResolvedSelection .............................   Passed    0.00 sec
          Start 3577: GraphicsDebugViewContract.DebugViewPassSkipsDisabledSelectionAndMissingPipeline
3518/4010 Test #3577: GraphicsDebugViewContract.DebugViewPassSkipsDisabledSelectionAndMissingPipeline .................................   Passed    0.00 sec
          Start 3578: DebugViewPassContract.RendererRoutesAndRecordsDebugViewPass
3519/4010 Test #3578: DebugViewPassContract.RendererRoutesAndRecordsDebugViewPass .....................................................   Passed    0.07 sec
          Start 3579: DebugViewPassContract.DebugOverlayDisabledKeepsDebugViewOutOfRecipe
3520/4010 Test #3579: DebugViewPassContract.DebugOverlayDisabledKeepsDebugViewOutOfRecipe .............................................   Passed    0.07 sec
          Start 3580: DebugViewPassContract.MissingDebugViewPipelineLeaseSkipsUnavailable
3521/4010 Test #3580: DebugViewPassContract.MissingDebugViewPipelineLeaseSkipsUnavailable .............................................   Passed    0.07 sec
          Start 3581: DebugViewPassContract.NonOperationalDeviceSkipsNonOperational
3522/4010 Test #3581: DebugViewPassContract.NonOperationalDeviceSkipsNonOperational ...................................................   Passed    0.03 sec
          Start 3582: DebugViewPassContract.InvalidResourceFallsBackDeterministicallyAndIncrementsCounter
3523/4010 Test #3582: DebugViewPassContract.InvalidResourceFallsBackDeterministicallyAndIncrementsCounter .............................   Passed    0.06 sec
          Start 3583: DebugViewPassContract.DefaultRequestedResourceDoesNotIncrementFallbackCounter
3524/4010 Test #3583: DebugViewPassContract.DefaultRequestedResourceDoesNotIncrementFallbackCounter ...................................   Passed    0.06 sec
          Start 3584: FrameRecipeContract.DefaultRecipeBuildsCanonicalPassOrder
3525/4010 Test #3584: FrameRecipeContract.DefaultRecipeBuildsCanonicalPassOrder .......................................................   Passed    0.00 sec
          Start 3585: FrameRecipeContract.UvViewIsAbsentFromTheDisabledDefaultRecipe
3526/4010 Test #3585: FrameRecipeContract.UvViewIsAbsentFromTheDisabledDefaultRecipe ..................................................   Passed    0.00 sec
          Start 3586: FrameRecipeContract.UvViewWritesRetainedImportBeforeImGuiSamplesIt
3527/4010 Test #3586: FrameRecipeContract.UvViewWritesRetainedImportBeforeImGuiSamplesIt ..............................................   Passed    0.00 sec
          Start 3587: FrameRecipeContract.FirstGenerationUvViewTransitionsFromUndefinedToShaderRead
3528/4010 Test #3587: FrameRecipeContract.FirstGenerationUvViewTransitionsFromUndefinedToShaderRead ...................................   Passed    0.00 sec
          Start 3588: FrameRecipeContract.UvViewRequiresRetainedTextureImport
3529/4010 Test #3588: FrameRecipeContract.UvViewRequiresRetainedTextureImport .........................................................   Passed    0.00 sec
          Start 3589: FrameRecipeContract.DefaultRecipePropagatesTypedPassAndResourceIds
3530/4010 Test #3589: FrameRecipeContract.DefaultRecipePropagatesTypedPassAndResourceIds ..............................................   Passed    0.00 sec
          Start 3590: FrameRecipeContract.CompiledPassLookupUsesTypedIdWhenDebugNameChanges
3531/4010 Test #3590: FrameRecipeContract.CompiledPassLookupUsesTypedIdWhenDebugNameChanges ...........................................   Passed    0.00 sec
          Start 3591: FrameRecipeContract.CompiledResourceLookupUsesTypedIdWhenDebugNameChanges
3532/4010 Test #3591: FrameRecipeContract.CompiledResourceLookupUsesTypedIdWhenDebugNameChanges .......................................   Passed    0.00 sec
          Start 3592: FrameRecipeContract.TypedIdentityDoesNotChangeDebugNames
3533/4010 Test #3592: FrameRecipeContract.TypedIdentityDoesNotChangeDebugNames ........................................................   Passed    0.00 sec
          Start 3593: FrameRecipeContract.DuplicateTypedPassIdsAreDiagnosed
3534/4010 Test #3593: FrameRecipeContract.DuplicateTypedPassIdsAreDiagnosed ...........................................................   Passed    0.00 sec
          Start 3594: FrameRecipeContract.DuplicateTypedPassIdsReportEarliestDuplicateAcrossGroups
3535/4010 Test #3594: FrameRecipeContract.DuplicateTypedPassIdsReportEarliestDuplicateAcrossGroups ....................................   Passed    0.00 sec
          Start 3595: FrameRecipeContract.DuplicateTypedResourceIdsAreDiagnosed
3536/4010 Test #3595: FrameRecipeContract.DuplicateTypedResourceIdsAreDiagnosed .......................................................   Passed    0.00 sec
          Start 3596: FrameRecipeContract.DefaultRecipeDoesNotDepthTransitionColorResources
3537/4010 Test #3596: FrameRecipeContract.DefaultRecipeDoesNotDepthTransitionColorResources ...........................................   Passed    0.00 sec
          Start 3597: FrameRecipeContract.DefaultRecipeBarriersRespectTextureUsageCapabilities
3538/4010 Test #3597: FrameRecipeContract.DefaultRecipeBarriersRespectTextureUsageCapabilities ........................................   Passed    0.00 sec
          Start 3598: FrameRecipeContract.DefaultRecipeCompiledGraphHasNoValidationFindings
3539/4010 Test #3598: FrameRecipeContract.DefaultRecipeCompiledGraphHasNoValidationFindings ...........................................   Passed    0.00 sec
          Start 3599: FrameRecipeContract.ContributionDescriptorProjectsTypedResourcesIntoRecipeIntrospection
3540/4010 Test #3599: FrameRecipeContract.ContributionDescriptorProjectsTypedResourcesIntoRecipeIntrospection .........................   Passed    0.00 sec
          Start 3600: FrameRecipeContract.DisabledContributionDescriptorIsFeatureGatedNoOp
3541/4010 Test #3600: FrameRecipeContract.DisabledContributionDescriptorIsFeatureGatedNoOp ............................................   Passed    0.00 sec
          Start 3601: FrameRecipeContract.ContributionValidationFailsClosedForInvalidDescriptors
3542/4010 Test #3601: FrameRecipeContract.ContributionValidationFailsClosedForInvalidDescriptors ......................................   Passed    0.00 sec
          Start 3602: FrameRecipeContract.DefaultOverlayContributionsProjectLegacyOverlayShape
3543/4010 Test #3602: FrameRecipeContract.DefaultOverlayContributionsProjectLegacyOverlayShape ........................................   Passed    0.00 sec
          Start 3603: FrameRecipeContract.ExplicitDefaultOverlayContributionsMatchDefaultBuildShape
3544/4010 Test #3603: FrameRecipeContract.ExplicitDefaultOverlayContributionsMatchDefaultBuildShape ...................................   Passed    0.01 sec
          Start 3604: FrameRecipeContract.EmptyContributionRegistryCompilesOverlayAbsentCoreRecipe
3545/4010 Test #3604: FrameRecipeContract.EmptyContributionRegistryCompilesOverlayAbsentCoreRecipe ....................................   Passed    0.01 sec
          Start 3605: FrameRecipeContract.DefaultRecipeUsesResourceDependenciesWithoutLinearChain
3546/4010 Test #3605: FrameRecipeContract.DefaultRecipeUsesResourceDependenciesWithoutLinearChain .....................................   Passed    0.00 sec
          Start 3606: FrameRecipeContract.DependencyDrivenDefaultRecipeKeepsBarrierPacketsTopological
3547/4010 Test #3606: FrameRecipeContract.DependencyDrivenDefaultRecipeKeepsBarrierPacketsTopological .................................   Passed    0.00 sec
          Start 3607: FrameRecipeContract.RenderGraphDebugDumpReportsExplicitDependencyState
3548/4010 Test #3607: FrameRecipeContract.RenderGraphDebugDumpReportsExplicitDependencyState ..........................................   Passed    0.00 sec
          Start 3608: FrameRecipeContract.DefaultRecipeDrawPassesDeclareRenderPassAttachments
3549/4010 Test #3608: FrameRecipeContract.DefaultRecipeDrawPassesDeclareRenderPassAttachments .........................................   Passed    0.00 sec
          Start 3609: FrameRecipeContract.SpatialAARecipeDrawPassesDeclareRenderPassAttachments
3550/4010 Test #3609: FrameRecipeContract.SpatialAARecipeDrawPassesDeclareRenderPassAttachments .......................................   Passed    0.00 sec
          Start 3610: FrameRecipeContract.OptionalResourcesAreGatedByFeatures
3551/4010 Test #3610: FrameRecipeContract.OptionalResourcesAreGatedByFeatures .........................................................   Passed    0.00 sec
          Start 3611: FrameRecipeContract.AAModeSelectorCompilesExpectedPassSets
3552/4010 Test #3611: FrameRecipeContract.AAModeSelectorCompilesExpectedPassSets ......................................................   Passed    0.00 sec
          Start 3612: FrameRecipeContract.TemporalReconstructionUsesInputAndOutputExtents
3553/4010 Test #3612: FrameRecipeContract.TemporalReconstructionUsesInputAndOutputExtents .............................................   Passed    0.00 sec
          Start 3613: FrameRecipeContract.NoJitterNoHistorySuppressesTemporalReconstruction
3554/4010 Test #3613: FrameRecipeContract.NoJitterNoHistorySuppressesTemporalReconstruction ...........................................   Passed    0.00 sec
          Start 3614: FrameRecipeContract.TemporalReconstructionRequiresHistoryImports
3555/4010 Test #3614: FrameRecipeContract.TemporalReconstructionRequiresHistoryImports ................................................   Passed    0.00 sec
          Start 3615: FrameRecipeContract.LightingPathControlsGBufferResourcesAndComposition
3556/4010 Test #3615: FrameRecipeContract.LightingPathControlsGBufferResourcesAndComposition ..........................................   Passed    0.00 sec
          Start 3616: FrameRecipeContract.MotionVectorTargetIsOptInRg16SurfaceOutput
3557/4010 Test #3616: FrameRecipeContract.MotionVectorTargetIsOptInRg16SurfaceOutput ..................................................   Passed    0.00 sec
          Start 3617: FrameRecipeContract.NoJitterNoHistorySuppressesMotionVectorTarget
3558/4010 Test #3617: FrameRecipeContract.NoJitterNoHistorySuppressesMotionVectorTarget ...............................................   Passed    0.00 sec
          Start 3618: FrameRecipeContract.DepthPrepassFeatureGatesPassAndSurfaceDepthOwnership
3559/4010 Test #3618: FrameRecipeContract.DepthPrepassFeatureGatesPassAndSurfaceDepthOwnership ........................................   Passed    0.00 sec
          Start 3619: FrameRecipeContract.HZBBuildRequiresDepthPrepassAndImportedTarget
3560/4010 Test #3619: FrameRecipeContract.HZBBuildRequiresDepthPrepassAndImportedTarget ...............................................   Passed    0.00 sec
          Start 3620: FrameRecipeContract.ClusterGridBuildRequiresDepthPrepassAndImportedTarget
3561/4010 Test #3620: FrameRecipeContract.ClusterGridBuildRequiresDepthPrepassAndImportedTarget .......................................   Passed    0.00 sec
          Start 3621: FrameRecipeContract.LightClusterAssignmentRequiresGridBuildAndImportedOutputs
3562/4010 Test #3621: FrameRecipeContract.LightClusterAssignmentRequiresGridBuildAndImportedOutputs ...................................   Passed    0.01 sec
          Start 3622: FrameRecipeContract.ClusterPassesRequestAsyncComputeAndDemoteToGraphics
3563/4010 Test #3622: FrameRecipeContract.ClusterPassesRequestAsyncComputeAndDemoteToGraphics .........................................   Passed    0.00 sec
          Start 3623: FrameRecipeContract.BackbufferIsFinalizedOnlyByPresentDeclaration
3564/4010 Test #3623: FrameRecipeContract.BackbufferIsFinalizedOnlyByPresentDeclaration ...............................................   Passed    0.00 sec
          Start 3624: FrameRecipeContract.IntrospectionReportsPassResourceReadsAndWrites
3565/4010 Test #3624: FrameRecipeContract.IntrospectionReportsPassResourceReadsAndWrites ..............................................   Passed    0.00 sec
          Start 3625: FrameRecipeContract.PickingRequiresDepthPrepass
3566/4010 Test #3625: FrameRecipeContract.PickingRequiresDepthPrepass .................................................................   Passed    0.00 sec
          Start 3626: FrameRecipeContract.SelectionOutlineRequiresSelectionIdDepthPrepass
3567/4010 Test #3626: FrameRecipeContract.SelectionOutlineRequiresSelectionIdDepthPrepass .............................................   Passed    0.00 sec
          Start 3627: FrameRecipeContract.SelectionOutlineWithoutPendingPickProducesIdsWithoutReadback
3568/4010 Test #3627: FrameRecipeContract.SelectionOutlineWithoutPendingPickProducesIdsWithoutReadback ................................   Passed    0.00 sec
          Start 3628: FrameRecipeContract.PickingPassRunsAfterDepthPrepass
3569/4010 Test #3628: FrameRecipeContract.PickingPassRunsAfterDepthPrepass ............................................................   Passed    0.00 sec
          Start 3629: FrameRecipeContract.PickingReadbackImportedFromRenderer
3570/4010 Test #3629: FrameRecipeContract.PickingReadbackImportedFromRenderer .........................................................   Passed    0.00 sec
          Start 3630: FrameRecipeContract.PickingIdTargetsDeclareTransferSrcUsageForReadbackCopies
3571/4010 Test #3630: FrameRecipeContract.PickingIdTargetsDeclareTransferSrcUsageForReadbackCopies ....................................   Passed    0.00 sec
          Start 3631: FrameRecipeContract.MissingBackbufferReportsDiagnostic
3572/4010 Test #3631: FrameRecipeContract.MissingBackbufferReportsDiagnostic ..........................................................   Passed    0.00 sec
          Start 3632: FrameRecipeContract.ShadowAtlasUsesImportedHandleWhenProvided
3573/4010 Test #3632: FrameRecipeContract.ShadowAtlasUsesImportedHandleWhenProvided ...................................................   Passed    0.00 sec
          Start 3633: FrameRecipeContract.ShadowAtlasFallsBackToTransientWhenImportInvalid
3574/4010 Test #3633: FrameRecipeContract.ShadowAtlasFallsBackToTransientWhenImportInvalid ............................................   Passed    0.00 sec
          Start 3634: FrameRecipeContract.ShadowAtlasTransientPathAcceptsTypedShadowSizing
3575/4010 Test #3634: FrameRecipeContract.ShadowAtlasTransientPathAcceptsTypedShadowSizing ............................................   Passed    0.00 sec
          Start 3635: FrameRecipeContract.PickingPassClearsSelectionIdTargetsToZero
3576/4010 Test #3635: FrameRecipeContract.PickingPassClearsSelectionIdTargetsToZero ...................................................   Passed    0.00 sec
          Start 3636: FrameRecipeContract.SceneDepthGainsTransferSrcUsageWhenPickingActive
3577/4010 Test #3636: FrameRecipeContract.SceneDepthGainsTransferSrcUsageWhenPickingActive ............................................   Passed    0.00 sec
          Start 3637: GeometryResidencyContract.ValidationFailsClosedWithDeterministicReasons
3578/4010 Test #3637: GeometryResidencyContract.ValidationFailsClosedWithDeterministicReasons .........................................   Passed    0.00 sec
          Start 3638: GeometryResidencyContract.ReconcileCoversReuseStalePartialAndFullReplacement
3579/4010 Test #3638: GeometryResidencyContract.ReconcileCoversReuseStalePartialAndFullReplacement ....................................   Passed    0.00 sec
          Start 3639: GeometryResidencyContract.SharedAcquireReleaseAndResurrectionUseOneRetirePath
3580/4010 Test #3639: GeometryResidencyContract.SharedAcquireReleaseAndResurrectionUseOneRetirePath ...................................   Passed    0.00 sec
          Start 3640: GeometryResidencyContract.AcquireReportsSaturationWithoutDroppingResidentHandle
3581/4010 Test #3640: GeometryResidencyContract.AcquireReportsSaturationWithoutDroppingResidentHandle .................................   Passed    0.00 sec
          Start 3641: GeometryResidencyContract.CopiedPlanDoesNotBorrowSubmissionStorage
3582/4010 Test #3641: GeometryResidencyContract.CopiedPlanDoesNotBorrowSubmissionStorage ..............................................   Passed    0.00 sec
          Start 3642: GpuWorldCompactionContract.PlanReportsFragmentationAndBlocksWhileFreesArePending
3583/4010 Test #3642: GpuWorldCompactionContract.PlanReportsFragmentationAndBlocksWhileFreesArePending ................................   Passed    0.00 sec
          Start 3643: GpuWorldCompactionContract.ApplyRelocationCompactsManagedBufferDiagnostics
3584/4010 Test #3643: GpuWorldCompactionContract.ApplyRelocationCompactsManagedBufferDiagnostics ......................................   Passed    0.00 sec
          Start 3644: GpuWorldCompactionContract.DisabledOrBelowThresholdCompactionIsSkipped
3585/4010 Test #3644: GpuWorldCompactionContract.DisabledOrBelowThresholdCompactionIsSkipped ..........................................   Passed    0.00 sec
          Start 3645: GpuWorldCompactionContract.StaleRelocationPlanIsRejectedWithoutMutation
3586/4010 Test #3645: GpuWorldCompactionContract.StaleRelocationPlanIsRejectedWithoutMutation .........................................   Passed    0.00 sec
          Start 3646: GpuWorldLifetimeContract.InstanceFreeIsGenerationCheckedAndDeferred
3587/4010 Test #3646: GpuWorldLifetimeContract.InstanceFreeIsGenerationCheckedAndDeferred .............................................   Passed    0.01 sec
          Start 3647: GpuWorldLifetimeContract.GeometryOverflowAndStaleHandlesAreDiagnostic
3588/4010 Test #3647: GpuWorldLifetimeContract.GeometryOverflowAndStaleHandlesAreDiagnostic ...........................................   Passed    0.01 sec
          Start 3648: GpuWorldLifetimeContract.MixedVertexStridesAreAlignedForChannelBlocks
3589/4010 Test #3648: GpuWorldLifetimeContract.MixedVertexStridesAreAlignedForChannelBlocks ...........................................   Passed    0.01 sec
          Start 3649: GpuWorldLifetimeContract.UpdatingSingleVertexChannelWritesOnlyThatChannel
3590/4010 Test #3649: GpuWorldLifetimeContract.UpdatingSingleVertexChannelWritesOnlyThatChannel .......................................   Passed    0.01 sec
          Start 3650: GpuWorldLifetimeContract.ResidencyViewTracksCanonicalSoaContentAndSharedIndexSlice
3591/4010 Test #3650: GpuWorldLifetimeContract.ResidencyViewTracksCanonicalSoaContentAndSharedIndexSlice ..............................   Passed    0.01 sec
          Start 3651: GpuWorldLifetimeContract.RejectedUpdatesPreserveResidencyAndStaleViewsClear
3592/4010 Test #3651: GpuWorldLifetimeContract.RejectedUpdatesPreserveResidencyAndStaleViewsClear .....................................   Passed    0.01 sec
          Start 3652: GpuWorldLifetimeContract.VertexCountChangeRequiresFullGeometryUpload
3593/4010 Test #3652: GpuWorldLifetimeContract.VertexCountChangeRequiresFullGeometryUpload ............................................   Passed    0.01 sec
          Start 3653: GpuWorldLifetimeContract.NullDeviceModeKeepsCpuLifetimeDiagnosticsObservable
3594/4010 Test #3653: GpuWorldLifetimeContract.NullDeviceModeKeepsCpuLifetimeDiagnosticsObservable ....................................   Passed    0.01 sec
          Start 3654: GpuWorldStoragePlanContract.StaticSurfaceWithResolvedChannelsSelectsAosPlan
3595/4010 Test #3654: GpuWorldStoragePlanContract.StaticSurfaceWithResolvedChannelsSelectsAosPlan .....................................   Passed    0.01 sec
          Start 3655: GpuWorldStoragePlanContract.DynamicHintKeepsUniformSoa
3596/4010 Test #3655: GpuWorldStoragePlanContract.DynamicHintKeepsUniformSoa ..........................................................   Passed    0.01 sec
          Start 3656: GpuWorldStoragePlanContract.MissingSurfaceChannelsStayUniformSoa
3597/4010 Test #3656: GpuWorldStoragePlanContract.MissingSurfaceChannelsStayUniformSoa ................................................   Passed    0.00 sec
          Start 3657: GpuWorldStoragePlanContract.InvalidChannelSizesFailClosed
3598/4010 Test #3657: GpuWorldStoragePlanContract.InvalidChannelSizesFailClosed .......................................................   Passed    0.01 sec
          Start 3658: GpuWorldStoragePlanContract.FirstStreamingEditPromotesStaticAosToSoa
3599/4010 Test #3658: GpuWorldStoragePlanContract.FirstStreamingEditPromotesStaticAosToSoa ............................................   Passed    0.01 sec
          Start 3659: GpuWorldStoragePlanContract.UniformSoaOrNoStreamingEditDoesNotPromote
3600/4010 Test #3659: GpuWorldStoragePlanContract.UniformSoaOrNoStreamingEditDoesNotPromote ...........................................   Passed    0.01 sec
          Start 3660: GraphicsHZBResourceLifetime.ComputeDescPow2SizingAndMipCount
3601/4010 Test #3660: GraphicsHZBResourceLifetime.ComputeDescPow2SizingAndMipCount ....................................................   Passed    0.01 sec
          Start 3661: GraphicsHZBResourceLifetime.PingPongRolesSwapEachFrameOverTwoTextures
3602/4010 Test #3661: GraphicsHZBResourceLifetime.PingPongRolesSwapEachFrameOverTwoTextures ...........................................   Passed    0.01 sec
          Start 3662: GraphicsHZBResourceLifetime.ReallocationRetiresOldPairThroughRetireWindow
3603/4010 Test #3662: GraphicsHZBResourceLifetime.ReallocationRetiresOldPairThroughRetireWindow .......................................   Passed    0.00 sec
          Start 3663: GraphicsHZBResourceLifetime.FailedTextureCreateLeavesSystemUnallocated
3604/4010 Test #3663: GraphicsHZBResourceLifetime.FailedTextureCreateLeavesSystemUnallocated ..........................................   Passed    0.00 sec
          Start 3664: GraphicsHZBBuildPlan.PerMipFallbackCoversEveryMipInOrder
3605/4010 Test #3664: GraphicsHZBBuildPlan.PerMipFallbackCoversEveryMipInOrder ........................................................   Passed    0.00 sec
          Start 3665: GraphicsHZBBuildPlan.SinglePassMipChainUsesOneBaseDispatch
3606/4010 Test #3665: GraphicsHZBBuildPlan.SinglePassMipChainUsesOneBaseDispatch ......................................................   Passed    0.00 sec
          Start 3666: GraphicsHZBBuildPlan.RecordFallbackDispatchesAndMipStitchBarriers
3607/4010 Test #3666: GraphicsHZBBuildPlan.RecordFallbackDispatchesAndMipStitchBarriers ...............................................   Passed    0.00 sec
          Start 3667: GraphicsHZBBuildPlan.RecordRejectsInvalidInputs
3608/4010 Test #3667: GraphicsHZBBuildPlan.RecordRejectsInvalidInputs .................................................................   Passed    0.00 sec
          Start 3668: ImGuiPassContract.UploadHelperPacksTwoDrawListsAndPassRecordsPerList
3609/4010 Test #3668: ImGuiPassContract.UploadHelperPacksTwoDrawListsAndPassRecordsPerList ............................................   Passed    0.00 sec
          Start 3669: ImGuiPassContract.UploadHelperPreservesPerCommandTextureBindlessIndices
3610/4010 Test #3669: ImGuiPassContract.UploadHelperPreservesPerCommandTextureBindlessIndices .........................................   Passed    0.00 sec
          Start 3670: ImGuiPassContract.InvalidCommandScissorsFailClosedAtUploadAndRecord
3611/4010 Test #3670: ImGuiPassContract.InvalidCommandScissorsFailClosedAtUploadAndRecord .............................................   Passed    0.00 sec
          Start 3671: ImGuiPassContract.UploadHelperPartitionsStorageByFrameSlot
3612/4010 Test #3671: ImGuiPassContract.UploadHelperPartitionsStorageByFrameSlot ......................................................   Passed    0.00 sec
          Start 3672: ImGuiPassContract.FontAtlasUploadSurvivesOperationalRebuildByteIdentical
3613/4010 Test #3672: ImGuiPassContract.FontAtlasUploadSurvivesOperationalRebuildByteIdentical ........................................   Passed    0.08 sec
          Start 3673: ImGuiPassContract.FontAtlasAllocatesAfterColdStartOperationalRebuild
3614/4010 Test #3673: ImGuiPassContract.FontAtlasAllocatesAfterColdStartOperationalRebuild ............................................   Passed    0.07 sec
          Start 3674: ImGuiPassContract.AttachedOverlayWithWorkRecordsAfterInitialize
3615/4010 Test #3674: ImGuiPassContract.AttachedOverlayWithWorkRecordsAfterInitialize .................................................   Passed    0.06 sec
          Start 3675: ImGuiPassContract.PipelineMatchesLegacyDearImGuiStraightAlphaBlend
3616/4010 Test #3675: ImGuiPassContract.PipelineMatchesLegacyDearImGuiStraightAlphaBlend ..............................................   Passed    0.03 sec
          Start 3676: ImGuiPassContract.DebugViewRgba8PresentSourceBindsRgba8PipelineVariant
3617/4010 Test #3676: ImGuiPassContract.DebugViewRgba8PresentSourceBindsRgba8PipelineVariant ..........................................   Passed    0.07 sec
          Start 3677: ImGuiPassContract.FontAtlasUploadFlushesBindlessHeapBeforeDraw
3618/4010 Test #3677: ImGuiPassContract.FontAtlasUploadFlushesBindlessHeapBeforeDraw ..................................................   Passed    0.07 sec
          Start 3678: ImGuiPassContract.AttachedOverlayWithWorkRecordsWhenAttachedBeforeInitialize
3619/4010 Test #3678: ImGuiPassContract.AttachedOverlayWithWorkRecordsWhenAttachedBeforeInitialize ....................................   Passed    0.07 sec
          Start 3679: ImGuiPassContract.NoOverlaySystemAttachedSkipsUnavailable
3620/4010 Test #3679: ImGuiPassContract.NoOverlaySystemAttachedSkipsUnavailable .......................................................   Passed    0.07 sec
          Start 3680: ImGuiPassContract.AttachedOverlayWithoutSubmittedWorkSkipsUnavailable
3621/4010 Test #3680: ImGuiPassContract.AttachedOverlayWithoutSubmittedWorkSkipsUnavailable ...........................................   Passed    0.07 sec
          Start 3681: ImGuiPassContract.DetachingOverlaySystemSkipsUnavailable
3622/4010 Test #3681: ImGuiPassContract.DetachingOverlaySystemSkipsUnavailable ........................................................   Passed    0.07 sec
          Start 3682: ImGuiPassContract.NonOperationalDeviceSkipsNonOperational
3623/4010 Test #3682: ImGuiPassContract.NonOperationalDeviceSkipsNonOperational .......................................................   Passed    0.03 sec
          Start 3683: ImGuiPassContract.RouteRecordsAfterOperationalRebuild
3624/4010 Test #3683: ImGuiPassContract.RouteRecordsAfterOperationalRebuild ...........................................................   Passed    0.08 sec
          Start 3684: GraphicsImGuiPresentContract.FrameRecipeKeepsImGuiOffBackbufferAndPresentFinalizes
3625/4010 Test #3684: GraphicsImGuiPresentContract.FrameRecipeKeepsImGuiOffBackbufferAndPresentFinalizes ..............................   Passed    0.00 sec
          Start 3685: GraphicsImGuiPresentContract.RenderGraphRejectsNonPresentBackbufferWrites
3626/4010 Test #3685: GraphicsImGuiPresentContract.RenderGraphRejectsNonPresentBackbufferWrites .......................................   Passed    0.00 sec
          Start 3686: GraphicsImGuiPresentContract.DefaultFrameRecipeBuildsPresentAsOnlyBackbufferUse
3627/4010 Test #3686: GraphicsImGuiPresentContract.DefaultFrameRecipeBuildsPresentAsOnlyBackbufferUse .................................   Passed    0.00 sec
          Start 3687: GraphicsImGuiPresentContract.ImGuiPassRecordsOverlayDrawDataOnlyWhenReady
3628/4010 Test #3687: GraphicsImGuiPresentContract.ImGuiPassRecordsOverlayDrawDataOnlyWhenReady .......................................   Passed    0.00 sec
          Start 3688: GraphicsImGuiPresentContract.PresentPassRecordsFullscreenFinalizationOnlyWithPipeline
3629/4010 Test #3688: GraphicsImGuiPresentContract.PresentPassRecordsFullscreenFinalizationOnlyWithPipeline ...........................   Passed    0.00 sec
          Start 3689: GraphicsLightingShadowContracts.LightDefaultsApplyToCameraAndFallbackDirectional
3630/4010 Test #3689: GraphicsLightingShadowContracts.LightDefaultsApplyToCameraAndFallbackDirectional ................................   Passed    0.00 sec
          Start 3690: GraphicsLightingShadowContracts.DirectionalSnapshotSuppressesFallbackLight
3631/4010 Test #3690: GraphicsLightingShadowContracts.DirectionalSnapshotSuppressesFallbackLight ......................................   Passed    0.00 sec
          Start 3691: GraphicsLightingShadowContracts.ShadowParamsClampCascadesAndPackCameraAtlasState
3632/4010 Test #3691: GraphicsLightingShadowContracts.ShadowParamsClampCascadesAndPackCameraAtlasState ................................   Passed    0.00 sec
          Start 3692: GraphicsLightingShadowContracts.ShadowPassSkipsDisabledShadowsAndUsesShadowBucketWhenEnabled
3633/4010 Test #3692: GraphicsLightingShadowContracts.ShadowPassSkipsDisabledShadowsAndUsesShadowBucketWhenEnabled ....................   Passed    0.00 sec
          Start 3693: GraphicsLightingShadowContracts.DeferredLightingRecordsFullscreenDrawWhenInitialized
3634/4010 Test #3693: GraphicsLightingShadowContracts.DeferredLightingRecordsFullscreenDrawWhenInitialized ............................   Passed    0.00 sec
          Start 3694: GraphicsLightingShadowContracts.ShadowSystemDoesNotAllocateAtlasWhileDisabled
3635/4010 Test #3694: GraphicsLightingShadowContracts.ShadowSystemDoesNotAllocateAtlasWhileDisabled ...................................   Passed    0.00 sec
          Start 3695: GraphicsLightingShadowContracts.ShadowSystemAllocatesAtlasAndSamplerWhenShadowsEnabled
3636/4010 Test #3695: GraphicsLightingShadowContracts.ShadowSystemAllocatesAtlasAndSamplerWhenShadowsEnabled ..........................   Passed    0.00 sec
          Start 3696: GraphicsLightingShadowContracts.ShadowSystemReleasesAtlasAndSamplerOnShutdown
3637/4010 Test #3696: GraphicsLightingShadowContracts.ShadowSystemReleasesAtlasAndSamplerOnShutdown ...................................   Passed    0.00 sec
          Start 3697: GraphicsLightingShadowContracts.ShadowPassRecordsMissingCasterDiagnosticWhenBucketEmpty
3638/4010 Test #3697: GraphicsLightingShadowContracts.ShadowPassRecordsMissingCasterDiagnosticWhenBucketEmpty .........................   Passed    0.00 sec
          Start 3698: GraphicsLightClusterGrid.DimensionFormulaScalesFromTilePixels
3639/4010 Test #3698: GraphicsLightClusterGrid.DimensionFormulaScalesFromTilePixels ...................................................   Passed    0.00 sec
          Start 3699: GraphicsLightClusterGrid.AssignLightsUsesConservativeShapesAndSkipsDirectional
3640/4010 Test #3699: GraphicsLightClusterGrid.AssignLightsUsesConservativeShapesAndSkipsDirectional ..................................   Passed    0.00 sec
          Start 3700: GraphicsLightClusterGrid.ClusteredDebugAccumulationMatchesFullLoopForAssignedCell
3641/4010 Test #3700: GraphicsLightClusterGrid.ClusteredDebugAccumulationMatchesFullLoopForAssignedCell ...............................   Passed    0.00 sec
          Start 3701: GraphicsLightClusterGrid.AssignmentCountsEmptyCellsAndRejectsInvalidInputs
3642/4010 Test #3701: GraphicsLightClusterGrid.AssignmentCountsEmptyCellsAndRejectsInvalidInputs ......................................   Passed    0.00 sec
          Start 3702: GraphicsLightClusterGrid.AssignmentClampsOverflowToFirstLights
3643/4010 Test #3702: GraphicsLightClusterGrid.AssignmentClampsOverflowToFirstLights ..................................................   Passed    0.00 sec
          Start 3703: GraphicsLightClusterGrid.LogViewZMappingClampsNearAndRejectsBeyondFar
3644/4010 Test #3703: GraphicsLightClusterGrid.LogViewZMappingClampsNearAndRejectsBeyondFar ...........................................   Passed    0.00 sec
          Start 3704: GraphicsLightClusterGrid.DepthSliceBoundsUseOlssonLogarithmicSplit
3645/4010 Test #3704: GraphicsLightClusterGrid.DepthSliceBoundsUseOlssonLogarithmicSplit ..............................................   Passed    0.00 sec
          Start 3705: GraphicsLightClusterGrid.PerCellAABBMatchesRightHandedViewSpaceFrustumTile
3646/4010 Test #3705: GraphicsLightClusterGrid.PerCellAABBMatchesRightHandedViewSpaceFrustumTile ......................................   Passed    0.00 sec
          Start 3706: GraphicsLightClusterGrid.PartialEdgeTileAABBClampsToRenderPixelBounds
3647/4010 Test #3706: GraphicsLightClusterGrid.PartialEdgeTileAABBClampsToRenderPixelBounds ...........................................   Passed    0.00 sec
          Start 3707: GraphicsLightClusterGrid.CellIndexOrdersTilesInsideZSlices
3648/4010 Test #3707: GraphicsLightClusterGrid.CellIndexOrdersTilesInsideZSlices ......................................................   Passed    0.00 sec
          Start 3708: GraphicsLightClusterGrid.RecordBuildDispatchesOneLinearGridAndPublishBarrier
3649/4010 Test #3708: GraphicsLightClusterGrid.RecordBuildDispatchesOneLinearGridAndPublishBarrier ....................................   Passed    0.00 sec
          Start 3709: GraphicsLightClusterGrid.RecordAssignmentDispatchesOneLinearGridAndPublishesBuffers
3650/4010 Test #3709: GraphicsLightClusterGrid.RecordAssignmentDispatchesOneLinearGridAndPublishesBuffers .............................   Passed    0.00 sec
          Start 3710: GraphicsLightClusterGrid.RecordRejectsInvalidInputs
3651/4010 Test #3710: GraphicsLightClusterGrid.RecordRejectsInvalidInputs .............................................................   Passed    0.00 sec
          Start 3711: GraphicsLightClusterGrid.LightSystemPublishesAssignmentDiagnostics
3652/4010 Test #3711: GraphicsLightClusterGrid.LightSystemPublishesAssignmentDiagnostics ..............................................   Passed    0.00 sec
          Start 3712: GraphicsLinePointPassContracts.LinePassSkipsInvalidStateAndDrawsLineBucket
3653/4010 Test #3712: GraphicsLinePointPassContracts.LinePassSkipsInvalidStateAndDrawsLineBucket ......................................   Passed    0.00 sec
          Start 3713: GraphicsLinePointPassContracts.PointPassSkipsInvalidStateAndDrawsPointBucket
3654/4010 Test #3713: GraphicsLinePointPassContracts.PointPassSkipsInvalidStateAndDrawsPointBucket ....................................   Passed    0.00 sec
          Start 3714: MaterialSubstitutionContract.SentinelUnsetSubstitutesDefaultSlotAndIncrementsMissingCounter
3655/4010 Test #3714: MaterialSubstitutionContract.SentinelUnsetSubstitutesDefaultSlotAndIncrementsMissingCounter .....................   Passed    0.03 sec
          Start 3715: MaterialSubstitutionContract.OutOfRangeSlotSubstitutesDefaultAndIncrementsInvalidCounter
3656/4010 Test #3715: MaterialSubstitutionContract.OutOfRangeSlotSubstitutesDefaultAndIncrementsInvalidCounter ........................   Passed    0.03 sec
          Start 3716: MaterialSubstitutionContract.DefaultDebugSurfaceUsesEqualsAuthoredDefaultPlusFallbacks
3657/4010 Test #3716: MaterialSubstitutionContract.DefaultDebugSurfaceUsesEqualsAuthoredDefaultPlusFallbacks ..........................   Passed    0.03 sec
          Start 3717: MaterialSubstitutionContract.PerFrameCountersResetAtBeginFrame
3658/4010 Test #3717: MaterialSubstitutionContract.PerFrameCountersResetAtBeginFrame ..................................................   Passed    0.03 sec
          Start 3718: MaterialSubstitutionContract.DefaultSlotIdentitySurvivesRebuildGpuResources
3659/4010 Test #3718: MaterialSubstitutionContract.DefaultSlotIdentitySurvivesRebuildGpuResources .....................................   Passed    0.06 sec
          Start 3719: MinimalTriangleReadbackHarness.SamplePointsHaveFourEntriesWithMixedMembership
3660/4010 Test #3719: MinimalTriangleReadbackHarness.SamplePointsHaveFourEntriesWithMixedMembership ...................................   Passed    0.00 sec
          Start 3720: MinimalTriangleReadbackHarness.ExpectedColorsFollowMembership
3661/4010 Test #3720: MinimalTriangleReadbackHarness.ExpectedColorsFollowMembership ...................................................   Passed    0.00 sec
          Start 3721: MinimalTriangleReadbackHarness.ToleranceAcceptsExactAndNearMatches
3662/4010 Test #3721: MinimalTriangleReadbackHarness.ToleranceAcceptsExactAndNearMatches ..............................................   Passed    0.00 sec
          Start 3722: MinimalTriangleReadbackHarness.InteriorCenterSampleIsInsideTriangleNdc
3663/4010 Test #3722: MinimalTriangleReadbackHarness.InteriorCenterSampleIsInsideTriangleNdc ..........................................   Passed    0.00 sec
          Start 3723: OperationalCounterStability.StableSnapshotMatchesSelf
3664/4010 Test #3723: OperationalCounterStability.StableSnapshotMatchesSelf ...........................................................   Passed    0.00 sec
          Start 3724: OperationalCounterStability.AnyCounterIncrementFailsStability
3665/4010 Test #3724: OperationalCounterStability.AnyCounterIncrementFailsStability ...................................................   Passed    0.00 sec
          Start 3725: GraphicsOwnershipTransferBarriers.BarrierPacketRangeUsesSortedPassStageWindow
3666/4010 Test #3725: GraphicsOwnershipTransferBarriers.BarrierPacketRangeUsesSortedPassStageWindow ...................................   Passed    0.00 sec
          Start 3726: GraphicsOwnershipTransferBarriers.ExecutorRejectsUnsortedBarrierPackets
3667/4010 Test #3726: GraphicsOwnershipTransferBarriers.ExecutorRejectsUnsortedBarrierPackets .........................................   Passed    0.00 sec
          Start 3727: GraphicsOwnershipTransferBarriers.ImportedTextureCrossQueueEmitsReleaseAcquirePair
3668/4010 Test #3727: GraphicsOwnershipTransferBarriers.ImportedTextureCrossQueueEmitsReleaseAcquirePair ..............................   Passed    0.00 sec
          Start 3728: GraphicsOwnershipTransferBarriers.ImportedBufferCrossQueueEmitsReleaseAcquirePair
3669/4010 Test #3728: GraphicsOwnershipTransferBarriers.ImportedBufferCrossQueueEmitsReleaseAcquirePair ...............................   Passed    0.00 sec
          Start 3729: GraphicsOwnershipTransferBarriers.ExplicitDependencyDoesNotSuppressCrossQueueTransferRecords
3670/4010 Test #3729: GraphicsOwnershipTransferBarriers.ExplicitDependencyDoesNotSuppressCrossQueueTransferRecords ....................   Passed    0.00 sec
          Start 3730: GraphicsOwnershipTransferBarriers.TransientCrossQueueResourceUsesConcurrentSharingWithoutOwnershipTransfer
3671/4010 Test #3730: GraphicsOwnershipTransferBarriers.TransientCrossQueueResourceUsesConcurrentSharingWithoutOwnershipTransfer ......   Passed    0.00 sec
          Start 3731: GraphicsOwnershipTransferBarriers.SingleQueueResourceKeepsExclusiveBarriersWithoutQueueFamilies
3672/4010 Test #3731: GraphicsOwnershipTransferBarriers.SingleQueueResourceKeepsExclusiveBarriersWithoutQueueFamilies .................   Passed    0.00 sec
          Start 3732: OwnershipTransferBarriers.LiveCrossQueueTransferDependsOnDeviceProfile
3673/4010 Test #3732: OwnershipTransferBarriers.LiveCrossQueueTransferDependsOnDeviceProfile ..........................................   Passed    0.00 sec
          Start 3733: GraphicsPostProcessChainContract.FrameRecipeDeclaresHdrToLdrResources
3674/4010 Test #3733: GraphicsPostProcessChainContract.FrameRecipeDeclaresHdrToLdrResources ...........................................   Passed    0.00 sec
          Start 3734: GraphicsPostProcessChainContract.FrameRecipeDeclaresPostProcessHistogramAsOrderedPass
3675/4010 Test #3734: GraphicsPostProcessChainContract.FrameRecipeDeclaresPostProcessHistogramAsOrderedPass ...........................   Passed    0.00 sec
          Start 3735: GraphicsPostProcessChainContract.FrameRecipeSplitsAAUmbrellaPerStage
3676/4010 Test #3735: GraphicsPostProcessChainContract.FrameRecipeSplitsAAUmbrellaPerStage ............................................   Passed    0.00 sec
          Start 3736: GraphicsPostProcessChainContract.AntiAliasingFlipsPresentSourceToResolved
3677/4010 Test #3736: GraphicsPostProcessChainContract.AntiAliasingFlipsPresentSourceToResolved .......................................   Passed    0.00 sec
          Start 3737: GraphicsPostProcessChainContract.TemporalAAFeedsPostProcessFromReconstruction
3678/4010 Test #3737: GraphicsPostProcessChainContract.TemporalAAFeedsPostProcessFromReconstruction ...................................   Passed    0.00 sec
          Start 3738: GraphicsPostProcessChainContract.PostprocessGateControlsPresentSource
3679/4010 Test #3738: GraphicsPostProcessChainContract.PostprocessGateControlsPresentSource ...........................................   Passed    0.00 sec
          Start 3739: GraphicsPostProcessChainContract.PassesRecordOnlyEnabledStages
3680/4010 Test #3739: GraphicsPostProcessChainContract.PassesRecordOnlyEnabledStages ..................................................   Passed    0.00 sec
          Start 3740: GraphicsPostProcessChainContract.HistogramClearsBinsBeforeDispatchWhenBufferPublished
3681/4010 Test #3740: GraphicsPostProcessChainContract.HistogramClearsBinsBeforeDispatchWhenBufferPublished ...........................   Passed    0.00 sec
          Start 3741: GraphicsPostProcessChainContract.HistogramSkipsClearWhenNoBufferPublished
3682/4010 Test #3741: GraphicsPostProcessChainContract.HistogramSkipsClearWhenNoBufferPublished .......................................   Passed    0.00 sec
          Start 3742: GraphicsPostProcessChainContract.BloomDownsamplePushFeedsNonZeroInvSrcResolution
3683/4010 Test #3742: GraphicsPostProcessChainContract.BloomDownsamplePushFeedsNonZeroInvSrcResolution ................................   Passed    0.00 sec
          Start 3743: GraphicsPostProcessChainContract.BloomRecordsSurvivingStageWhenOnePipelineMissing
3684/4010 Test #3743: GraphicsPostProcessChainContract.BloomRecordsSurvivingStageWhenOnePipelineMissing ...............................   Passed    0.00 sec
          Start 3744: GraphicsPostProcessChainContract.BloomMipChainPerMipIterationShape
3685/4010 Test #3744: GraphicsPostProcessChainContract.BloomMipChainPerMipIterationShape ..............................................   Passed    0.00 sec
          Start 3745: GraphicsPostProcessChainContract.BloomMipChainClampedToVulkanMipRule
3686/4010 Test #3745: GraphicsPostProcessChainContract.BloomMipChainClampedToVulkanMipRule ............................................   Passed    0.00 sec
          Start 3746: GraphicsPostProcessChainContract.BloomPassIterationFollowsClampedMipCount
3687/4010 Test #3746: GraphicsPostProcessChainContract.BloomPassIterationFollowsClampedMipCount .......................................   Passed    0.00 sec
          Start 3747: GraphicsPostProcessChainContract.FXAAPushFeedsNonZeroInvResolution
3688/4010 Test #3747: GraphicsPostProcessChainContract.FXAAPushFeedsNonZeroInvResolution ..............................................   Passed    0.00 sec
          Start 3748: GraphicsPostProcessChainContract.FXAASkipsWhenAntiAliasingNotFXAA
3689/4010 Test #3748: GraphicsPostProcessChainContract.FXAASkipsWhenAntiAliasingNotFXAA ...............................................   Passed    0.00 sec
          Start 3749: GraphicsPostProcessChainContract.TemporalAAModesDoNotEnableSpatialAAStages
3690/4010 Test #3749: GraphicsPostProcessChainContract.TemporalAAModesDoNotEnableSpatialAAStages ......................................   Passed    0.00 sec
          Start 3750: GraphicsPostProcessChainContract.SMAAPushFeedsNonZeroInvResolutionForAllStages
3691/4010 Test #3750: GraphicsPostProcessChainContract.SMAAPushFeedsNonZeroInvResolutionForAllStages ..................................   Passed    0.00 sec
          Start 3751: GraphicsPostProcessChainContract.SMAASkipsWhenAntiAliasingNotSMAA
3692/4010 Test #3751: GraphicsPostProcessChainContract.SMAASkipsWhenAntiAliasingNotSMAA ...............................................   Passed    0.00 sec
          Start 3752: GraphicsPostProcessChainContract.SMAARecordsPerStageIndependently
3693/4010 Test #3752: GraphicsPostProcessChainContract.SMAARecordsPerStageIndependently ...............................................   Passed    0.00 sec
          Start 3753: GraphicsPostProcessChainContract.PassesSkipMissingPipelineOrDisabledChain
3694/4010 Test #3753: GraphicsPostProcessChainContract.PassesSkipMissingPipelineOrDisabledChain .......................................   Passed    0.01 sec
          Start 3754: PresentPassContract.ExecuteRecordsBindPipelineThenFullscreenDrawInOrder
3695/4010 Test #3754: PresentPassContract.ExecuteRecordsBindPipelineThenFullscreenDrawInOrder .........................................   Passed    0.01 sec
          Start 3755: PresentPassContract.RendererRoutesAndRecordsPresentPass
3696/4010 Test #3755: PresentPassContract.RendererRoutesAndRecordsPresentPass .........................................................   Passed    0.07 sec
          Start 3756: PresentPassContract.MissingPresentPipelineLeaseSkipsUnavailable
3697/4010 Test #3756: PresentPassContract.MissingPresentPipelineLeaseSkipsUnavailable .................................................   Passed    0.06 sec
          Start 3757: PresentPassContract.NonOperationalDeviceSkipsNonOperational
3698/4010 Test #3757: PresentPassContract.NonOperationalDeviceSkipsNonOperational .....................................................   Passed    0.03 sec
          Start 3758: ProfilerContract.NullReportsContractOnlyScopeAndAcceptedQueueProvenance
3699/4010 Test #3758: ProfilerContract.NullReportsContractOnlyScopeAndAcceptedQueueProvenance .........................................   Passed    0.00 sec
          Start 3759: ProfilerContract.TypedTokensAndQueueLifecycleFailClosed
3700/4010 Test #3759: ProfilerContract.TypedTokensAndQueueLifecycleFailClosed .........................................................   Passed    0.00 sec
          Start 3760: ProfilerContract.FrameIdentityRetainsOtherSlotResultAndRetiresReusedSlot
3701/4010 Test #3760: ProfilerContract.FrameIdentityRetainsOtherSlotResultAndRetiresReusedSlot ........................................   Passed    0.00 sec
          Start 3761: ProfilerContract.DiscardReleasesOpenRecordingWithoutPublishing
3702/4010 Test #3761: ProfilerContract.DiscardReleasesOpenRecordingWithoutPublishing ..................................................   Passed    0.00 sec
          Start 3762: ProfilerContract.PlanningRejectsInvalidDescriptorsAndExhaustion
3703/4010 Test #3762: ProfilerContract.PlanningRejectsInvalidDescriptorsAndExhaustion .................................................   Passed    0.00 sec
          Start 3763: ProfilerContract.PreplannedDistinctTokensRecordInParallelWithoutLocking
3704/4010 Test #3763: ProfilerContract.PreplannedDistinctTokensRecordInParallelWithoutLocking .........................................   Passed    0.00 sec
          Start 3764: GraphicsQueueAffinity.ResolveQueueAffinityDemotesMissingOptionalQueues
3705/4010 Test #3764: GraphicsQueueAffinity.ResolveQueueAffinityDemotesMissingOptionalQueues ..........................................   Passed    0.00 sec
          Start 3765: GraphicsQueueAffinity.PartitionPassesByQueueUsesStableRankThenPassIndexOrdering
3706/4010 Test #3765: GraphicsQueueAffinity.PartitionPassesByQueueUsesStableRankThenPassIndexOrdering .................................   Passed    0.00 sec
          Start 3766: GraphicsQueueAffinity.MissingCapabilitiesDemoteIntoGraphicsBucketAndCountDemotions
3707/4010 Test #3766: GraphicsQueueAffinity.MissingCapabilitiesDemoteIntoGraphicsBucketAndCountDemotions ..............................   Passed    0.00 sec
          Start 3767: GraphicsQueueAffinity.MockDeviceExposesToggleableOptionalQueues
3708/4010 Test #3767: GraphicsQueueAffinity.MockDeviceExposesToggleableOptionalQueues .................................................   Passed    0.00 sec
          Start 3768: GraphicsQueueAffinity.MockDeviceRecordsFrameQueueSubmitPlanAndBatchContexts
3709/4010 Test #3768: GraphicsQueueAffinity.MockDeviceRecordsFrameQueueSubmitPlanAndBatchContexts .....................................   Passed    0.00 sec
          Start 3769: GraphicsQueueAffinity.NullDeviceProvidesDistinctParallelCommandContexts
3710/4010 Test #3769: GraphicsQueueAffinity.NullDeviceProvidesDistinctParallelCommandContexts .........................................   Passed    0.00 sec
          Start 3770: GraphicsQueueAffinity.MockDeviceRecordsParallelCommandContextPlanAndSubmitOrder
3711/4010 Test #3770: GraphicsQueueAffinity.MockDeviceRecordsParallelCommandContextPlanAndSubmitOrder .................................   Passed    0.00 sec
          Start 3771: GraphicsQueueAffinity.BuildQueueSubmitPlanCreatesBatchesAndTimelineBoundaries
3712/4010 Test #3771: GraphicsQueueAffinity.BuildQueueSubmitPlanCreatesBatchesAndTimelineBoundaries ...................................   Passed    0.00 sec
          Start 3772: GraphicsQueueAffinity.BuildQueueSubmitPlanDemotesMissingOptionalQueues
3713/4010 Test #3772: GraphicsQueueAffinity.BuildQueueSubmitPlanDemotesMissingOptionalQueues ..........................................   Passed    0.00 sec
          Start 3773: RHIResourceSlotRecycling.NullDeviceReusesDestroyedBufferSlotWithNewGeneration
3714/4010 Test #3773: RHIResourceSlotRecycling.NullDeviceReusesDestroyedBufferSlotWithNewGeneration ...................................   Passed    0.00 sec
          Start 3774: RHIResourceSlotRecycling.NullDeviceReusesDestroyedMemoryBlockSlotWithNewGeneration
3715/4010 Test #3774: RHIResourceSlotRecycling.NullDeviceReusesDestroyedMemoryBlockSlotWithNewGeneration ..............................   Passed    0.00 sec
          Start 3775: RHIPlacedMemoryContract.NullDeviceReportsRequirementsAndCreatesMemoryBlock
3716/4010 Test #3775: RHIPlacedMemoryContract.NullDeviceReportsRequirementsAndCreatesMemoryBlock ......................................   Passed    0.00 sec
          Start 3776: RHIPlacedMemoryContract.NullDeviceCreatesPlacedBufferAndTextureWithRecordedPlacement
3717/4010 Test #3776: RHIPlacedMemoryContract.NullDeviceCreatesPlacedBufferAndTextureWithRecordedPlacement ............................   Passed    0.00 sec
          Start 3777: RHIPlacedMemoryContract.NullDeviceRejectsIncompatibleAndMisalignedPlacedResources
3718/4010 Test #3777: RHIPlacedMemoryContract.NullDeviceRejectsIncompatibleAndMisalignedPlacedResources ...............................   Passed    0.00 sec
          Start 3778: GraphicsReconstructionContract.InterfaceRejectsInvalidInputsFailClosed
3719/4010 Test #3778: GraphicsReconstructionContract.InterfaceRejectsInvalidInputsFailClosed ..........................................   Passed    0.00 sec
          Start 3779: GraphicsReconstructionContract.ResetInvalidatesHistoryAndCopiesCurrent
3720/4010 Test #3779: GraphicsReconstructionContract.ResetInvalidatesHistoryAndCopiesCurrent ..........................................   Passed    0.00 sec
          Start 3780: GraphicsReconstructionContract.ReferenceTAAClipsHistoryAgainstFiveByFiveYCoCgNeighborhood
3721/4010 Test #3780: GraphicsReconstructionContract.ReferenceTAAClipsHistoryAgainstFiveByFiveYCoCgNeighborhood .......................   Passed    0.00 sec
          Start 3781: GraphicsReconstructionContract.ExposureWeightingReducesHistoryContribution
3722/4010 Test #3781: GraphicsReconstructionContract.ExposureWeightingReducesHistoryContribution ......................................   Passed    0.00 sec
          Start 3782: GraphicsReconstructionContract.DisocclusionFallbackReportsFraction
3723/4010 Test #3782: GraphicsReconstructionContract.DisocclusionFallbackReportsFraction ..............................................   Passed    0.00 sec
          Start 3783: GraphicsReconstructionHistory.PingPongHistoryRetiresOldPairThroughWindow
3724/4010 Test #3783: GraphicsReconstructionHistory.PingPongHistoryRetiresOldPairThroughWindow ........................................   Passed    0.00 sec
          Start 3784: RenderCommandRouter.DispatchUsesTypedPassIdNotDebugName
3725/4010 Test #3784: RenderCommandRouter.DispatchUsesTypedPassIdNotDebugName .........................................................   Passed    0.00 sec
          Start 3785: RenderCommandRouter.UnknownRoutesExposeSkippedUnavailableFallback
3726/4010 Test #3785: RenderCommandRouter.UnknownRoutesExposeSkippedUnavailableFallback ...............................................   Passed    0.00 sec
          Start 3786: RenderCommandRouter.DuplicateRegistrationReplacesRecorder
3727/4010 Test #3786: RenderCommandRouter.DuplicateRegistrationReplacesRecorder .......................................................   Passed    0.00 sec
          Start 3787: RenderingContract.ValidDescriptorSnapshotBindingsRecipeAndViewAreCompatible
3728/4010 Test #3787: RenderingContract.ValidDescriptorSnapshotBindingsRecipeAndViewAreCompatible .....................................   Passed    0.00 sec
          Start 3788: RenderingContract.RendererDescriptorRequiresStableContractFields
3729/4010 Test #3788: RenderingContract.RendererDescriptorRequiresStableContractFields ................................................   Passed    0.00 sec
          Start 3789: RenderingContract.SnapshotCompatibilityRejectsWrongScopeAndStaleDegradedState
3730/4010 Test #3789: RenderingContract.SnapshotCompatibilityRejectsWrongScopeAndStaleDegradedState ...................................   Passed    0.00 sec
          Start 3790: RenderingContract.BindingSetRequiresDeclaredDataAndSupportedCapabilities
3731/4010 Test #3790: RenderingContract.BindingSetRequiresDeclaredDataAndSupportedCapabilities ........................................   Passed    0.00 sec
          Start 3791: RenderingContract.RecipeRejectsUnknownSlotsUnsupportedCapabilitiesAndDisallowedBindings
3732/4010 Test #3791: RenderingContract.RecipeRejectsUnknownSlotsUnsupportedCapabilitiesAndDisallowedBindings .........................   Passed    0.00 sec
          Start 3792: RenderingContract.ViewOutputRecipeRejectsInvalidViewportScaleReadbackAndOutputs
3733/4010 Test #3792: RenderingContract.ViewOutputRecipeRejectsInvalidViewportScaleReadbackAndOutputs .................................   Passed    0.00 sec
          Start 3793: RenderingContract.RenderArtifactMetadataValidatesDeclaredOutputAndClassifiesLifecycle
3734/4010 Test #3793: RenderingContract.RenderArtifactMetadataValidatesDeclaredOutputAndClassifiesLifecycle ...........................   Passed    0.00 sec
          Start 3794: RenderRecipeConfig.ValidRecipeConfigLoadsIntoContractValues
3735/4010 Test #3794: RenderRecipeConfig.ValidRecipeConfigLoadsIntoContractValues .....................................................   Passed    0.00 sec
          Start 3795: RenderRecipeConfig.DisabledExtensionSlotsLoadIntoPreview
3736/4010 Test #3795: RenderRecipeConfig.DisabledExtensionSlotsLoadIntoPreview ........................................................   Passed    0.00 sec
          Start 3796: RenderRecipeConfig.DisabledUnknownSlotsFailClosed
3737/4010 Test #3796: RenderRecipeConfig.DisabledUnknownSlotsFailClosed ...............................................................   Passed    0.00 sec
          Start 3797: RenderRecipeConfig.FileLoaderUsesSameDryRunValidation
3738/4010 Test #3797: RenderRecipeConfig.FileLoaderUsesSameDryRunValidation ...........................................................   Passed    0.00 sec
          Start 3798: RenderRecipeConfig.UnknownSlotsFailClosed
3739/4010 Test #3798: RenderRecipeConfig.UnknownSlotsFailClosed .......................................................................   Passed    0.00 sec
          Start 3799: RenderRecipeConfig.UnsupportedCapabilityRequirementsAreRejected
3740/4010 Test #3799: RenderRecipeConfig.UnsupportedCapabilityRequirementsAreRejected .................................................   Passed    0.00 sec
          Start 3800: RenderRecipeConfig.RuntimeOwnedBindingDomainsAreRejected
3741/4010 Test #3800: RenderRecipeConfig.RuntimeOwnedBindingDomainsAreRejected ........................................................   Passed    0.00 sec
          Start 3801: RenderRecipeConfig.VersionMismatchIsUnsupported
3742/4010 Test #3801: RenderRecipeConfig.VersionMismatchIsUnsupported .................................................................   Passed    0.00 sec
          Start 3802: RenderRecipeConfig.FallbackAndDegradedStatesRemainDistinct
3743/4010 Test #3802: RenderRecipeConfig.FallbackAndDegradedStatesRemainDistinct ......................................................   Passed    0.00 sec
          Start 3803: RenderRecipeConfig.FixedRendererCoreCannotBeReplacedByConfig
3744/4010 Test #3803: RenderRecipeConfig.FixedRendererCoreCannotBeReplacedByConfig ....................................................   Passed    0.00 sec
          Start 3804: RenderRecipeConfig.PreviewValidationIsSideEffectFreeAndInteractiveFast
3745/4010 Test #3804: RenderRecipeConfig.PreviewValidationIsSideEffectFreeAndInteractiveFast ..........................................   Passed    0.01 sec
          Start 3805: RenderPrepPipeline.TaskGraphReusesPlanAndRebindsCallbacks
3746/4010 Test #3805: RenderPrepPipeline.TaskGraphReusesPlanAndRebindsCallbacks .......................................................   Passed    0.08 sec
          Start 3806: RenderPrepPipeline.SequentialFallbackMatchesTaskGraphStepOrder
3747/4010 Test #3806: RenderPrepPipeline.SequentialFallbackMatchesTaskGraphStepOrder ..................................................   Passed    0.09 sec
          Start 3807: RenderPrepPipeline.MissingRequiredInputFailsClosedBeforeExecutingSteps
3748/4010 Test #3807: RenderPrepPipeline.MissingRequiredInputFailsClosedBeforeExecutingSteps ..........................................   Passed    0.03 sec
          Start 3808: RenderPrepPipeline.ForcedTaskGraphCompileFailureReportsDiagnostic
3749/4010 Test #3808: RenderPrepPipeline.ForcedTaskGraphCompileFailureReportsDiagnostic ...............................................   Passed    0.06 sec
          Start 3809: RenderPrepPipeline.ForcedTaskGraphExecuteFailureReportsDiagnostic
3750/4010 Test #3809: RenderPrepPipeline.ForcedTaskGraphExecuteFailureReportsDiagnostic ...............................................   Passed    0.06 sec
          Start 3810: RenderSubsystemRegistry.InitializesAndShutsDownInDeterministicOrder
3751/4010 Test #3810: RenderSubsystemRegistry.InitializesAndShutsDownInDeterministicOrder .............................................   Passed    0.03 sec
          Start 3811: RenderSubsystemRegistry.ShutdownIsSafeAfterPartialInitialization
3752/4010 Test #3811: RenderSubsystemRegistry.ShutdownIsSafeAfterPartialInitialization ................................................   Passed    0.03 sec
          Start 3812: RenderSubsystemRegistry.RebuildOperationalResourcesFailsClosedWhenRequiredSubsystemsAreMissing
3753/4010 Test #3812: RenderSubsystemRegistry.RebuildOperationalResourcesFailsClosedWhenRequiredSubsystemsAreMissing ..................   Passed    0.00 sec
          Start 3813: RendererFrameLifecycle.ActiveGpuSceneVertexShadersUseSceneTableCameraViewProjection
3754/4010 Test #3813: RendererFrameLifecycle.ActiveGpuSceneVertexShadersUseSceneTableCameraViewProjection .............................   Passed    0.00 sec
          Start 3814: RendererFrameLifecycle.FrameRecipeOverrideProjectionDisablesPostProcess
3755/4010 Test #3814: RendererFrameLifecycle.FrameRecipeOverrideProjectionDisablesPostProcess .........................................   Passed    0.00 sec
          Start 3815: RendererFrameLifecycle.FrameRecipeOverrideProjectionDisablesMappedFeatureSlots
3756/4010 Test #3815: RendererFrameLifecycle.FrameRecipeOverrideProjectionDisablesMappedFeatureSlots ..................................   Passed    0.00 sec
          Start 3816: RendererFrameLifecycle.FrameRecipeOverrideProjectionFailsClosedForUnknownSlot
3757/4010 Test #3816: RendererFrameLifecycle.FrameRecipeOverrideProjectionFailsClosedForUnknownSlot ...................................   Passed    0.00 sec
          Start 3817: RendererFrameLifecycle.FrameRecipeOverrideProjectionRejectsUnmappedExtensionDisable
3758/4010 Test #3817: RendererFrameLifecycle.FrameRecipeOverrideProjectionRejectsUnmappedExtensionDisable .............................   Passed    0.00 sec
          Start 3818: RendererFrameLifecycle.FrameRecipeOverrideProjectionFailsClosedForFixedCoreChanges
3759/4010 Test #3818: RendererFrameLifecycle.FrameRecipeOverrideProjectionFailsClosedForFixedCoreChanges ..............................   Passed    0.00 sec
          Start 3819: RendererFrameLifecycle.PrepareFramePublishesCameraIntoGpuSceneTable
3760/4010 Test #3819: RendererFrameLifecycle.PrepareFramePublishesCameraIntoGpuSceneTable .............................................   Passed    0.06 sec
          Start 3820: RendererFrameLifecycle.ActiveFrameRecipeOverrideOmitsPostProcessPasses
3761/4010 Test #3820: RendererFrameLifecycle.ActiveFrameRecipeOverrideOmitsPostProcessPasses ..........................................   Passed    0.06 sec
          Start 3821: RendererFrameLifecycle.ActiveFrameRecipeOverrideDiagnosticsLeaveDefaultsUntouched
3762/4010 Test #3821: RendererFrameLifecycle.ActiveFrameRecipeOverrideDiagnosticsLeaveDefaultsUntouched ...............................   Passed    0.06 sec
          Start 3822: RendererFrameLifecycle.UsesDeviceFrameLifecycleBackbufferAndCommandContext
3763/4010 Test #3822: RendererFrameLifecycle.UsesDeviceFrameLifecycleBackbufferAndCommandContext ......................................   Passed    0.06 sec
          Start 3823: RendererFrameLifecycle.PlacedTransientAliasingUsesMemoryBlocksAndAliasBarriers
3764/4010 Test #3823: RendererFrameLifecycle.PlacedTransientAliasingUsesMemoryBlocksAndAliasBarriers ..................................   Passed    0.06 sec
          Start 3824: RendererFrameLifecycle.PlacedTransientAliasingDefaultsToPerResourceFallback
3765/4010 Test #3824: RendererFrameLifecycle.PlacedTransientAliasingDefaultsToPerResourceFallback .....................................   Passed    0.07 sec
          Start 3825: RendererFrameLifecycle.PlacedTransientAliasingFallsBackWhenMemoryBlocksUnavailable
3766/4010 Test #3825: RendererFrameLifecycle.PlacedTransientAliasingFallsBackWhenMemoryBlocksUnavailable ..............................   Passed    0.08 sec
          Start 3826: RendererFrameLifecycle.RuntimeFrameCommandHooksRunInsideExecuteFrameCommandContext
3767/4010 Test #3826: RendererFrameLifecycle.RuntimeFrameCommandHooksRunInsideExecuteFrameCommandContext ..............................   Passed    0.09 sec
          Start 3827: RendererFrameLifecycle.RenderGraphReportsCurrentRendererContractAndDeclaredArtifacts
3768/4010 Test #3827: RendererFrameLifecycle.RenderGraphReportsCurrentRendererContractAndDeclaredArtifacts ............................   Passed    0.06 sec
          Start 3828: RendererFrameLifecycle.AsyncComputeQueuePlanIncrementsUtilizationStat
3769/4010 Test #3828: RendererFrameLifecycle.AsyncComputeQueuePlanIncrementsUtilizationStat ...........................................   Passed    0.07 sec
          Start 3829: RendererFrameLifecycle.ParallelRecordingFlagFallsBackWhenDeviceDeclinesContextPlan
3770/4010 Test #3829: RendererFrameLifecycle.ParallelRecordingFlagFallsBackWhenDeviceDeclinesContextPlan ..............................   Passed    0.07 sec
          Start 3830: RendererFrameLifecycle.ParallelRecordingUsesAcceptedContextPlanInSerialSubmitOrder
3771/4010 Test #3830: RendererFrameLifecycle.ParallelRecordingUsesAcceptedContextPlanInSerialSubmitOrder ..............................   Passed    0.07 sec
          Start 3831: RendererFrameLifecycle.ParallelRecordingUsesSchedulerWorkersWhenAvailable
3772/4010 Test #3831: RendererFrameLifecycle.ParallelRecordingUsesSchedulerWorkersWhenAvailable .......................................   Passed    0.07 sec
          Start 3832: RendererFrameLifecycle.ParallelRecordingUsesAcceptedContextsForAsyncComputeQueuePlan
3773/4010 Test #3832: RendererFrameLifecycle.ParallelRecordingUsesAcceptedContextsForAsyncComputeQueuePlan ............................   Passed    0.07 sec
          Start 3833: RendererFrameLifecycle.ParallelRecordingRecordsDynamicUploadPassesThroughAcceptedContexts
3774/4010 Test #3833: RendererFrameLifecycle.ParallelRecordingRecordsDynamicUploadPassesThroughAcceptedContexts .......................   Passed    0.07 sec
          Start 3834: RendererFrameLifecycle.InvalidDeviceBackbufferReportsRecipeDiagnostic
3775/4010 Test #3834: RendererFrameLifecycle.InvalidDeviceBackbufferReportsRecipeDiagnostic ...........................................   Passed    0.07 sec
          Start 3835: RendererFrameLifecycle.PublishesRecipeGraphValidationOnSuccessfulCompile
3776/4010 Test #3835: RendererFrameLifecycle.PublishesRecipeGraphValidationOnSuccessfulCompile ........................................   Passed    0.06 sec
          Start 3836: RendererFrameLifecycle.PublishesFailClosedRecipeValidationOnRecipeBuildFailure
3777/4010 Test #3836: RendererFrameLifecycle.PublishesFailClosedRecipeValidationOnRecipeBuildFailure ..................................   Passed    0.06 sec
          Start 3837: RendererFrameLifecycle.NonOperationalDeviceSkipsCullingCommandsButExecutesGraph
3778/4010 Test #3837: RendererFrameLifecycle.NonOperationalDeviceSkipsCullingCommandsButExecutesGraph .................................   Passed    0.03 sec
          Start 3838: RendererFrameLifecycle.OperationalRebuildAfterNonOperationalStartupRecordsRoutedCommands
3779/4010 Test #3838: RendererFrameLifecycle.OperationalRebuildAfterNonOperationalStartupRecordsRoutedCommands ........................   Passed    0.08 sec
          Start 3839: RendererFrameLifecycle.DepthPrepassPipelineFailureSkipsUnavailableCommandPass
3780/4010 Test #3839: RendererFrameLifecycle.DepthPrepassPipelineFailureSkipsUnavailableCommandPass ...................................   Passed    0.06 sec
          Start 3840: RendererFrameLifecycle.CullingPipelineFailureSkipsRoutedCommandPassesUnavailable
3781/4010 Test #3840: RendererFrameLifecycle.CullingPipelineFailureSkipsRoutedCommandPassesUnavailable ................................   Passed    0.06 sec
          Start 3841: RendererFrameLifecycle.BeginFrameWithoutDeviceReportsLifecycleDiagnostic
3782/4010 Test #3841: RendererFrameLifecycle.BeginFrameWithoutDeviceReportsLifecycleDiagnostic ........................................   Passed    0.00 sec
          Start 3842: RendererFrameLifecycle.BeginFrameSkipDoesNotRecordCommands
3783/4010 Test #3842: RendererFrameLifecycle.BeginFrameSkipDoesNotRecordCommands ......................................................   Passed    0.03 sec
          Start 3843: RendererFrameLifecycle.ExecuteFrameRejectsAfterRenderPrepFailure
3784/4010 Test #3843: RendererFrameLifecycle.ExecuteFrameRejectsAfterRenderPrepFailure ................................................   Passed    0.03 sec
          Start 3844: RendererFrameLifecycle.FrameRecipePassesAllProduceStructuredCommandRecordStatuses
3785/4010 Test #3844: RendererFrameLifecycle.FrameRecipePassesAllProduceStructuredCommandRecordStatuses ...............................   Passed    0.07 sec
          Start 3845: RendererFrameLifecycle.DefaultDebugSurfacePipelineSurvivesOperationalRebuild
3786/4010 Test #3845: RendererFrameLifecycle.DefaultDebugSurfacePipelineSurvivesOperationalRebuild ....................................   Passed    0.06 sec
          Start 3846: RendererFrameLifecycle.ForwardSurfacePipelineSurvivesOperationalRebuild
3787/4010 Test #3846: RendererFrameLifecycle.ForwardSurfacePipelineSurvivesOperationalRebuild .........................................   Passed    0.06 sec
          Start 3847: RendererFrameLifecycle.ForwardLinePointPipelinesSurviveOperationalRebuild
3788/4010 Test #3847: RendererFrameLifecycle.ForwardLinePointPipelinesSurviveOperationalRebuild .......................................   Passed    0.06 sec
          Start 3848: RendererFrameLifecycle.ForwardPointSphereImpostorsWriteCorrectedDepth
3789/4010 Test #3848: RendererFrameLifecycle.ForwardPointSphereImpostorsWriteCorrectedDepth ...........................................   Passed    0.00 sec
          Start 3849: RendererFrameLifecycle.ForwardLinePointShadersUseSharedVisualizationColorHelpers
3790/4010 Test #3849: RendererFrameLifecycle.ForwardLinePointShadersUseSharedVisualizationColorHelpers ................................   Passed    0.00 sec
          Start 3850: RendererFrameLifecycle.ShadowPipelineSurvivesOperationalRebuild
3791/4010 Test #3850: RendererFrameLifecycle.ShadowPipelineSurvivesOperationalRebuild .................................................   Passed    0.07 sec
          Start 3851: RendererFrameLifecycle.ShadowAtlasSurvivesOperationalRebuild
3792/4010 Test #3851: RendererFrameLifecycle.ShadowAtlasSurvivesOperationalRebuild ....................................................   Passed    0.06 sec
          Start 3852: RendererFrameLifecycle.ForwardSurfacePassSkipsUnavailableWhenCullOutputMissing
3793/4010 Test #3852: RendererFrameLifecycle.ForwardSurfacePassSkipsUnavailableWhenCullOutputMissing ..................................   Passed    0.06 sec
          Start 3853: RendererFrameLifecycle.ForwardLinePointPassesSkipUnavailableWhenCullOutputMissing
3794/4010 Test #3853: RendererFrameLifecycle.ForwardLinePointPassesSkipUnavailableWhenCullOutputMissing ...............................   Passed    0.07 sec
          Start 3854: RendererFrameLifecycle.DeferredGBufferPipelineSurvivesOperationalRebuild
3795/4010 Test #3854: RendererFrameLifecycle.DeferredGBufferPipelineSurvivesOperationalRebuild ........................................   Passed    0.07 sec
          Start 3855: RendererFrameLifecycle.DeferredSurfacePassRecordsWhenLightingPathIsDeferred
3796/4010 Test #3855: RendererFrameLifecycle.DeferredSurfacePassRecordsWhenLightingPathIsDeferred .....................................   Passed    0.06 sec
          Start 3856: RendererFrameLifecycle.DeferredSurfacePassSkipsUnavailableWhenPipelineMissing
3797/4010 Test #3856: RendererFrameLifecycle.DeferredSurfacePassSkipsUnavailableWhenPipelineMissing ...................................   Passed    0.06 sec
          Start 3857: RendererFrameLifecycle.DeferredLightingPipelineSurvivesOperationalRebuild
3798/4010 Test #3857: RendererFrameLifecycle.DeferredLightingPipelineSurvivesOperationalRebuild .......................................   Passed    0.06 sec
          Start 3858: RendererFrameLifecycle.DeferredLightingPassSkipsUnavailableWhenPipelineMissing
3799/4010 Test #3858: RendererFrameLifecycle.DeferredLightingPassSkipsUnavailableWhenPipelineMissing ..................................   Passed    0.06 sec
          Start 3859: RendererFrameLifecycle.DeferredGBufferToCompositionEmitsColorToShaderReadBarriers
3800/4010 Test #3859: RendererFrameLifecycle.DeferredGBufferToCompositionEmitsColorToShaderReadBarriers ...............................   Passed    0.06 sec
          Start 3860: RendererFrameLifecycle.DeferredLightingShadowAtlasTransitionsDepthToShaderReadBeforeComposition
3801/4010 Test #3860: RendererFrameLifecycle.DeferredLightingShadowAtlasTransitionsDepthToShaderReadBeforeComposition .................   Passed    0.06 sec
          Start 3861: RendererFrameLifecycle.DeferredLightingPushConstantsCarryShadowAtlasBindlessIndex
3802/4010 Test #3861: RendererFrameLifecycle.DeferredLightingPushConstantsCarryShadowAtlasBindlessIndex ...............................   Passed    0.06 sec
          Start 3862: RendererFrameLifecycle.EntityIdPickingPipelineSurvivesOperationalRebuild
3803/4010 Test #3862: RendererFrameLifecycle.EntityIdPickingPipelineSurvivesOperationalRebuild ........................................   Passed    0.07 sec
          Start 3863: RendererFrameLifecycle.EntityIdOutlinePipelineUsesSingleTargetShape
3804/4010 Test #3863: RendererFrameLifecycle.EntityIdOutlinePipelineUsesSingleTargetShape .............................................   Passed    0.07 sec
          Start 3864: RendererFrameLifecycle.FaceIdPickingPipelineSurvivesOperationalRebuild
3805/4010 Test #3864: RendererFrameLifecycle.FaceIdPickingPipelineSurvivesOperationalRebuild ..........................................   Passed    0.06 sec
          Start 3865: RendererFrameLifecycle.EdgeIdPickingPipelineSurvivesOperationalRebuild
3806/4010 Test #3865: RendererFrameLifecycle.EdgeIdPickingPipelineSurvivesOperationalRebuild ..........................................   Passed    0.07 sec
          Start 3866: RendererFrameLifecycle.PointIdPickingPipelineSurvivesOperationalRebuild
3807/4010 Test #3866: RendererFrameLifecycle.PointIdPickingPipelineSurvivesOperationalRebuild .........................................   Passed    0.07 sec
          Start 3867: RendererFrameLifecycle.SelectionOutlinePipelineSurvivesOperationalRebuild
3808/4010 Test #3867: RendererFrameLifecycle.SelectionOutlinePipelineSurvivesOperationalRebuild .......................................   Passed    0.07 sec
          Start 3868: RendererFrameLifecycle.PostProcessToneMapPipelineSurvivesOperationalRebuild
3809/4010 Test #3868: RendererFrameLifecycle.PostProcessToneMapPipelineSurvivesOperationalRebuild .....................................   Passed    0.07 sec
          Start 3869: RendererFrameLifecycle.PostProcessBloomPipelinesSurviveOperationalRebuild
3810/4010 Test #3869: RendererFrameLifecycle.PostProcessBloomPipelinesSurviveOperationalRebuild .......................................   Passed    0.07 sec
          Start 3870: RendererFrameLifecycle.PostProcessFXAAPipelineSurvivesOperationalRebuild
3811/4010 Test #3870: RendererFrameLifecycle.PostProcessFXAAPipelineSurvivesOperationalRebuild ........................................   Passed    0.07 sec
          Start 3871: RendererFrameLifecycle.PostProcessSMAAPipelinesSurviveOperationalRebuild
3812/4010 Test #3871: RendererFrameLifecycle.PostProcessSMAAPipelinesSurviveOperationalRebuild ........................................   Passed    0.07 sec
          Start 3872: RendererFrameLifecycle.PostProcessHistogramPipelineSurvivesOperationalRebuild
3813/4010 Test #3872: RendererFrameLifecycle.PostProcessHistogramPipelineSurvivesOperationalRebuild ...................................   Passed    0.07 sec
          Start 3873: RendererFrameLifecycle.HZBBuildPipelineSurvivesOperationalRebuild
3814/4010 Test #3873: RendererFrameLifecycle.HZBBuildPipelineSurvivesOperationalRebuild ...............................................   Passed    0.07 sec
          Start 3874: RendererFrameLifecycle.ClusterLightingPipelinesAndSceneTablePublishSurviveRebuild
3815/4010 Test #3874: RendererFrameLifecycle.ClusterLightingPipelinesAndSceneTablePublishSurviveRebuild ...............................   Passed    0.10 sec
          Start 3875: RendererFrameLifecycle.HZBBuildPassRecordsFallbackDispatches
3816/4010 Test #3875: RendererFrameLifecycle.HZBBuildPassRecordsFallbackDispatches ....................................................   Passed    0.06 sec
          Start 3876: RendererFrameLifecycle.PostProcessSMAALookupTexturesSurviveOperationalRebuild
3817/4010 Test #3876: RendererFrameLifecycle.PostProcessSMAALookupTexturesSurviveOperationalRebuild ...................................   Passed    0.06 sec
          Start 3877: RendererFrameLifecycle.PostProcessSMAALookupTexturesRetryAfterFailedUpload
3818/4010 Test #3877: RendererFrameLifecycle.PostProcessSMAALookupTexturesRetryAfterFailedUpload ......................................   Passed    0.07 sec
          Start 3878: RendererFrameLifecycle.TAARecordsReconstructionPassAndDiagnostics
3819/4010 Test #3878: RendererFrameLifecycle.TAARecordsReconstructionPassAndDiagnostics ...............................................   Passed    0.06 sec
          Start 3879: RendererFrameLifecycle.FXAASelectedWithoutPipelineKeepsResolveSkippedAndPresentOnSceneColorLDR
3820/4010 Test #3879: RendererFrameLifecycle.FXAASelectedWithoutPipelineKeepsResolveSkippedAndPresentOnSceneColorLDR ..................   Passed    0.06 sec
          Start 3880: RendererFrameLifecycle.SMAASelectedWithoutResolvePipelineKeepsResolveSkippedAndPresentOnSceneColorLDR
3821/4010 Test #3880: RendererFrameLifecycle.SMAASelectedWithoutResolvePipelineKeepsResolveSkippedAndPresentOnSceneColorLDR ...........   Passed    0.06 sec
          Start 3881: RendererFrameLifecycle.SelectionOutlinePassRecordsWhenSelectableEntityPresent
3822/4010 Test #3881: RendererFrameLifecycle.SelectionOutlinePassRecordsWhenSelectableEntityPresent ...................................   Passed    0.07 sec
          Start 3882: RendererFrameLifecycle.SelectionOutlineBindsEntityIdToDedicatedSampledSlot
3823/4010 Test #3882: RendererFrameLifecycle.SelectionOutlineBindsEntityIdToDedicatedSampledSlot ......................................   Passed    0.06 sec
          Start 3883: RendererFrameLifecycle.SelectionOutlinePushConstantsMatchRecipeInputs
3824/4010 Test #3883: RendererFrameLifecycle.SelectionOutlinePushConstantsMatchRecipeInputs ...........................................   Passed    0.07 sec
          Start 3884: RendererFrameLifecycle.PickingReadbackBufferSurvivesOperationalRebuild
3825/4010 Test #3884: RendererFrameLifecycle.PickingReadbackBufferSurvivesOperationalRebuild ..........................................   Passed    0.07 sec
          Start 3885: RendererFrameLifecycle.PickingReadbackBufferReallocatesWhenFramesInFlightChanges
3826/4010 Test #3885: RendererFrameLifecycle.PickingReadbackBufferReallocatesWhenFramesInFlightChanges ................................   Passed    0.10 sec
          Start 3886: RendererFrameLifecycle.PickingReadbackCopyRecordedWhenPickPending
3827/4010 Test #3886: RendererFrameLifecycle.PickingReadbackCopyRecordedWhenPickPending ...............................................   Passed    0.07 sec
          Start 3887: RendererFrameLifecycle.PickingReadbackCopySkippedWhenNotPending
3828/4010 Test #3887: RendererFrameLifecycle.PickingReadbackCopySkippedWhenNotPending .................................................   Passed    0.07 sec
          Start 3888: RendererFrameLifecycle.PickingReadbackPublishesPickResultForHitPixel
3829/4010 Test #3888: RendererFrameLifecycle.PickingReadbackPublishesPickResultForHitPixel ............................................   Passed    0.07 sec
          Start 3889: RendererFrameLifecycle.PickingReadbackPreservesCorrelationSequence
3830/4010 Test #3889: RendererFrameLifecycle.PickingReadbackPreservesCorrelationSequence ..............................................   Passed    0.06 sec
          Start 3890: RendererFrameLifecycle.PickingReadbackPublishesNoHitForMissPixel
3831/4010 Test #3890: RendererFrameLifecycle.PickingReadbackPublishesNoHitForMissPixel ................................................   Passed    0.06 sec
          Start 3891: RendererFrameLifecycle.PickingReadbackPublishesNoHitForInvalidatedRequest
3832/4010 Test #3891: RendererFrameLifecycle.PickingReadbackPublishesNoHitForInvalidatedRequest .......................................   Passed    0.10 sec
          Start 3892: RendererFrameLifecycle.PickingReadbackPublishesNoHitForTruncatedSlotOnFifShrink
3833/4010 Test #3892: RendererFrameLifecycle.PickingReadbackPublishesNoHitForTruncatedSlotOnFifShrink .................................   Passed    0.11 sec
          Start 3893: RendererFrameLifecycle.HistogramReadbackBufferSurvivesOperationalRebuild
3834/4010 Test #3893: RendererFrameLifecycle.HistogramReadbackBufferSurvivesOperationalRebuild ........................................   Passed    0.07 sec
          Start 3894: RendererFrameLifecycle.HistogramReadbackCopyRecordedOnOperationalFrame
3835/4010 Test #3894: RendererFrameLifecycle.HistogramReadbackCopyRecordedOnOperationalFrame ..........................................   Passed    0.07 sec
          Start 3895: RendererFrameLifecycle.HistogramReadbackDrainPublishesEachSlotExactlyOnce
3836/4010 Test #3895: RendererFrameLifecycle.HistogramReadbackDrainPublishesEachSlotExactlyOnce .......................................   Passed    0.07 sec
          Start 3896: RendererFrameLifecycle.HistogramReadbackCopySkippedWhenStageDisabled
3837/4010 Test #3896: RendererFrameLifecycle.HistogramReadbackCopySkippedWhenStageDisabled ............................................   Passed    0.06 sec
          Start 3897: RendererFrameLifecycle.PublishHistogramReadbackUpdatesExposureHistory
3838/4010 Test #3897: RendererFrameLifecycle.PublishHistogramReadbackUpdatesExposureHistory ...........................................   Passed    0.03 sec
          Start 3898: RendererFrameLifecycle.NativeGpuProfilerSubmitsExactCompiledPlanAndPublishesOnlyRecordedPasses
3839/4010 Test #3898: RendererFrameLifecycle.NativeGpuProfilerSubmitsExactCompiledPlanAndPublishesOnlyRecordedPasses ..................   Passed    0.08 sec
          Start 3899: RendererFrameLifecycle.NativeGpuProfilerUsesAcceptedParallelMultiQueueAttribution
3840/4010 Test #3899: RendererFrameLifecycle.NativeGpuProfilerUsesAcceptedParallelMultiQueueAttribution ...............................   Passed    0.08 sec
          Start 3900: RendererFrameLifecycle.NativeGpuProfilerLabelsRejectedAsyncPlanAsGraphicsFallback
3841/4010 Test #3900: RendererFrameLifecycle.NativeGpuProfilerLabelsRejectedAsyncPlanAsGraphicsFallback ...............................   Passed    0.07 sec
          Start 3901: RendererFrameLifecycle.NativeGpuProfilerDiscardsWhenDeviceSubmissionDoesNotAdvance
3842/4010 Test #3901: RendererFrameLifecycle.NativeGpuProfilerDiscardsWhenDeviceSubmissionDoesNotAdvance ..............................   Passed    0.07 sec
          Start 3902: RendererFrameLifecycle.DeviceLostAfterActiveProfileDeviceEndOverridesInvalidLifecycle
3843/4010 Test #3902: RendererFrameLifecycle.DeviceLostAfterActiveProfileDeviceEndOverridesInvalidLifecycle ...........................   Passed    0.08 sec
          Start 3903: RendererFrameLifecycle.DeviceLostAfterHotDisabledDeviceEndOverridesDisabledProfile
3844/4010 Test #3903: RendererFrameLifecycle.DeviceLostAfterHotDisabledDeviceEndOverridesDisabledProfile ..............................   Passed    0.08 sec
          Start 3904: RendererFrameLifecycle.GpuProfilerScopeFailureDoesNotAbortRenderingAndDiscardsWholeCandidate
3845/4010 Test #3904: RendererFrameLifecycle.GpuProfilerScopeFailureDoesNotAbortRenderingAndDiscardsWholeCandidate ....................   Passed    0.07 sec
          Start 3905: RendererFrameLifecycle.GpuProfilerNoFreshBeginPathsClearPriorTelemetry
3846/4010 Test #3905: RendererFrameLifecycle.GpuProfilerNoFreshBeginPathsClearPriorTelemetry ..........................................   Passed    0.06 sec
          Start 3906: RendererFrameLifecycle.GpuProfilerPerFrameUnsupportedPlanDoesNotAbortRendering
3847/4010 Test #3906: RendererFrameLifecycle.GpuProfilerPerFrameUnsupportedPlanDoesNotAbortRendering ..................................   Passed    0.06 sec
          Start 3907: RendererFrameLifecycle.HotDisabledGpuProfilerPreservesDeviceLostStaleLastGoodProfile
3848/4010 Test #3907: RendererFrameLifecycle.HotDisabledGpuProfilerPreservesDeviceLostStaleLastGoodProfile ............................   Passed    0.08 sec
          Start 3908: RendererFrameLifecycle.DeviceLostProfilerStatusMapsFailedDeviceBeginFrame
3849/4010 Test #3908: RendererFrameLifecycle.DeviceLostProfilerStatusMapsFailedDeviceBeginFrame .......................................   Passed    0.08 sec
          Start 3909: RendererFrameLifecycle.GpuProfilerHotDisableOmitsScopesAndReenableReusesAdapter
3850/4010 Test #3909: RendererFrameLifecycle.GpuProfilerHotDisableOmitsScopesAndReenableReusesAdapter .................................   Passed    0.09 sec
          Start 3910: RendererFrameLifecycle.GpuProfilerShutdownDiscardsActiveCandidateBeforeReinitialize
3851/4010 Test #3910: RendererFrameLifecycle.GpuProfilerShutdownDiscardsActiveCandidateBeforeReinitialize .............................   Passed    0.12 sec
          Start 3911: RenderWorldContract.TemporalJitterHaltonSequenceIsDeterministicAndWraps
3852/4010 Test #3911: RenderWorldContract.TemporalJitterHaltonSequenceIsDeterministicAndWraps .........................................   Passed    0.00 sec
          Start 3912: RenderWorldContract.TemporalJitterAppliesProjectionOverrideAndSnapshotOffset
3853/4010 Test #3912: RenderWorldContract.TemporalJitterAppliesProjectionOverrideAndSnapshotOffset ....................................   Passed    0.00 sec
          Start 3913: RenderWorldContract.NoJitterNoHistoryForcesZeroCameraJitter
3854/4010 Test #3913: RenderWorldContract.NoJitterNoHistoryForcesZeroCameraJitter .....................................................   Passed    0.00 sec
          Start 3914: RenderWorldContract.ExposesRendererOwnedImmutableRuntimeSnapshots
3855/4010 Test #3914: RenderWorldContract.ExposesRendererOwnedImmutableRuntimeSnapshots ...............................................   Passed    0.03 sec
          Start 3915: RenderWorldContract.BeginFrameRetainsRuntimeSnapshotSlotsUntilOverwrite
3856/4010 Test #3915: RenderWorldContract.BeginFrameRetainsRuntimeSnapshotSlotsUntilOverwrite .........................................   Passed    0.03 sec
          Start 3916: RenderGraphParallelRecording.ParallelRecordJoinPreservesSerialSubmitOrder
3857/4010 Test #3916: RenderGraphParallelRecording.ParallelRecordJoinPreservesSerialSubmitOrder .......................................   Passed    0.00 sec
          Start 3917: RenderGraphParallelRecording.SeededDagsPreserveSerialSubmitOrder
3858/4010 Test #3917: RenderGraphParallelRecording.SeededDagsPreserveSerialSubmitOrder ................................................   Passed    0.01 sec
          Start 3918: RenderGraphParallelRecording.IndependentLayerRecordsOnWorkers
3859/4010 Test #3918: RenderGraphParallelRecording.IndependentLayerRecordsOnWorkers ...................................................   Passed    0.04 sec
          Start 3919: RenderGraphParallelRecording.RecordFailureJoinsWorkersAndSkipsSubmit
3860/4010 Test #3919: RenderGraphParallelRecording.RecordFailureJoinsWorkersAndSkipsSubmit ............................................   Passed    0.02 sec
          Start 3920: RenderGraphValidation.EmptyGraphHasNoFindings
3861/4010 Test #3920: RenderGraphValidation.EmptyGraphHasNoFindings ...................................................................   Passed    0.00 sec
          Start 3921: RenderGraphValidation.LoadWithoutEarlierWriterReportsWarning
3862/4010 Test #3921: RenderGraphValidation.LoadWithoutEarlierWriterReportsWarning ....................................................   Passed    0.00 sec
          Start 3922: RenderGraphValidation.TransientBufferReadWithoutProducerReportsError
3863/4010 Test #3922: RenderGraphValidation.TransientBufferReadWithoutProducerReportsError ............................................   Passed    0.00 sec
          Start 3923: RenderGraphValidation.TextureReadBeforeProducerReportsMissingProducer
3864/4010 Test #3923: RenderGraphValidation.TextureReadBeforeProducerReportsMissingProducer ...........................................   Passed    0.00 sec
          Start 3924: RenderGraphValidation.BufferReadBeforeProducerReportsMissingProducer
3865/4010 Test #3924: RenderGraphValidation.BufferReadBeforeProducerReportsMissingProducer ............................................   Passed    0.00 sec
          Start 3925: RenderGraphValidation.TransientTextureReadWithoutProducerReportsError
3866/4010 Test #3925: RenderGraphValidation.TransientTextureReadWithoutProducerReportsError ...........................................   Passed    0.00 sec
          Start 3926: RenderGraphValidation.ImportedBackbufferNonFinalizerWriteReportsError
3867/4010 Test #3926: RenderGraphValidation.ImportedBackbufferNonFinalizerWriteReportsError ...........................................   Passed    0.00 sec
          Start 3927: RenderGraphValidation.ImportedTextureAuthorizationListControlsWriters
3868/4010 Test #3927: RenderGraphValidation.ImportedTextureAuthorizationListControlsWriters ...........................................   Passed    0.00 sec
          Start 3928: RenderGraphValidation.ShaderReadBoundaryImportRejectsWriteWithoutAuthorization
3869/4010 Test #3928: RenderGraphValidation.ShaderReadBoundaryImportRejectsWriteWithoutAuthorization ..................................   Passed    0.00 sec
          Start 3929: RenderGraphValidation.AuthorizedImportedWritePreservesShaderReadBoundaryStates
3870/4010 Test #3929: RenderGraphValidation.AuthorizedImportedWritePreservesShaderReadBoundaryStates ..................................   Passed    0.00 sec
          Start 3930: RenderGraphValidation.ImportedBufferAuthorizationListControlsWriters
3871/4010 Test #3930: RenderGraphValidation.ImportedBufferAuthorizationListControlsWriters ............................................   Passed    0.00 sec
          Start 3931: RenderGraphValidation.ImportedBackbufferFinalStateMismatchReportsError
3872/4010 Test #3931: RenderGraphValidation.ImportedBackbufferFinalStateMismatchReportsError ..........................................   Passed    0.00 sec
          Start 3932: RenderGraphValidation.CompileInvalidExplicitDependencyReportsStructuredFinding
3873/4010 Test #3932: RenderGraphValidation.CompileInvalidExplicitDependencyReportsStructuredFinding ..................................   Passed    0.00 sec
          Start 3933: RenderGraphValidation.CompileInvalidResourceAccessReportsStructuredFindings
3874/4010 Test #3933: RenderGraphValidation.CompileInvalidResourceAccessReportsStructuredFindings .....................................   Passed    0.00 sec
          Start 3934: RenderGraphValidation.CompileRenderPassAttachmentMismatchesReportStructuredFindings
3875/4010 Test #3934: RenderGraphValidation.CompileRenderPassAttachmentMismatchesReportStructuredFindings .............................   Passed    0.00 sec
          Start 3935: RenderGraphValidation.CompileCycleReportsStructuredFinding
3876/4010 Test #3935: RenderGraphValidation.CompileCycleReportsStructuredFinding ......................................................   Passed    0.00 sec
          Start 3936: RenderGraphValidation.CompileBackbufferWrittenByNonFinalizerReportsStructuredFinding
3877/4010 Test #3936: RenderGraphValidation.CompileBackbufferWrittenByNonFinalizerReportsStructuredFinding ............................   Passed    0.00 sec
          Start 3937: RenderGraphValidation.SuccessfulCompileStoresValidationFindings
3878/4010 Test #3937: RenderGraphValidation.SuccessfulCompileStoresValidationFindings .................................................   Passed    0.00 sec
          Start 3938: RenderGraphValidation.FindingsUseDeterministicSeverityCodePassResourceOrdering
3879/4010 Test #3938: RenderGraphValidation.FindingsUseDeterministicSeverityCodePassResourceOrdering ..................................   Passed    0.00 sec
          Start 3939: RenderGraphValidation.ColorAttachmentReadUsesReadStateAndSkipsConsecutiveReadBarrier
3880/4010 Test #3939: RenderGraphValidation.ColorAttachmentReadUsesReadStateAndSkipsConsecutiveReadBarrier ............................   Passed    0.00 sec
          Start 3940: RenderGraphValidation.TransientMemoryEstimateUsesRhiBlockCompressedStorageSize
3881/4010 Test #3940: RenderGraphValidation.TransientMemoryEstimateUsesRhiBlockCompressedStorageSize ..................................   Passed    0.00 sec
          Start 3941: RenderGraphValidation.ResetReusedPassRecordClearsStaleDeclarations
3882/4010 Test #3941: RenderGraphValidation.ResetReusedPassRecordClearsStaleDeclarations ..............................................   Passed    0.00 sec
          Start 3942: RenderGraphValidation.ResetReusedCompilerScratchKeepsCompiledOutputStable
3883/4010 Test #3942: RenderGraphValidation.ResetReusedCompilerScratchKeepsCompiledOutputStable .......................................   Passed    0.00 sec
          Start 3943: VisibilityRecipe.FiltersGroupsSelectsLodAndRequestsAccelerationStructures
3884/4010 Test #3943: VisibilityRecipe.FiltersGroupsSelectsLodAndRequestsAccelerationStructures .......................................   Passed    0.00 sec
          Start 3944: VisibilityRecipe.RendererProductCompatibilityUsesDeclaredCapabilitiesAndProducedProducts
3885/4010 Test #3944: VisibilityRecipe.RendererProductCompatibilityUsesDeclaredCapabilitiesAndProducedProducts ........................   Passed    0.00 sec
          Start 3945: GroupingRecipe.RejectsHiddenMalformedUnsupportedAndEmptyInputs
3886/4010 Test #3945: GroupingRecipe.RejectsHiddenMalformedUnsupportedAndEmptyInputs ..................................................   Passed    0.00 sec
          Start 3946: LightingRecipe.ResolvesLightsEnvironmentTagsIntentsAndEmissiveGeometry
3887/4010 Test #3946: LightingRecipe.ResolvesLightsEnvironmentTagsIntentsAndEmissiveGeometry ..........................................   Passed    0.00 sec
          Start 3947: EnvironmentRecipe.EmptyInvalidAndUnsupportedLightingFallsBackDeterministically
3888/4010 Test #3947: EnvironmentRecipe.EmptyInvalidAndUnsupportedLightingFallsBackDeterministically ..................................   Passed    0.00 sec
          Start 3948: GraphicsSelectionPassContracts.EntityAndFaceIdPassesDrawSurfaceBucket
3889/4010 Test #3948: GraphicsSelectionPassContracts.EntityAndFaceIdPassesDrawSurfaceBucket ...........................................   Passed    0.00 sec
          Start 3949: GraphicsSelectionPassContracts.EdgeAndPointIdPassesDrawLineAndPointBuckets
3890/4010 Test #3949: GraphicsSelectionPassContracts.EdgeAndPointIdPassesDrawLineAndPointBuckets ......................................   Passed    0.00 sec
          Start 3950: GraphicsSelectionPassContracts.SelectionOutlinePassDrawsFullscreenTriangle
3891/4010 Test #3950: GraphicsSelectionPassContracts.SelectionOutlinePassDrawsFullscreenTriangle ......................................   Passed    0.00 sec
          Start 3951: GraphicsSelectionSystemContracts.EncodesPrimitiveDomainAndPayloadDeterministically
3892/4010 Test #3951: GraphicsSelectionSystemContracts.EncodesPrimitiveDomainAndPayloadDeterministically ..............................   Passed    0.00 sec
          Start 3952: GraphicsSelectionSystemContracts.TracksPendingPickReadbackAndDiagnostics
3893/4010 Test #3952: GraphicsSelectionSystemContracts.TracksPendingPickReadbackAndDiagnostics ........................................   Passed    0.00 sec
          Start 3953: GraphicsSelectionSystemContracts.QueuesCompletedReadbacksFifoWithSequence
3894/4010 Test #3953: GraphicsSelectionSystemContracts.QueuesCompletedReadbacksFifoWithSequence .......................................   Passed    0.00 sec
          Start 3954: GraphicsSelectionSystemContracts.PreservesPointPickCompatibilityWrappers
3895/4010 Test #3954: GraphicsSelectionSystemContracts.PreservesPointPickCompatibilityWrappers ........................................   Passed    0.00 sec
          Start 3955: GraphicsSelectionSystemContracts.PromotedSelectionPassClassNamesRemainAvailable
3896/4010 Test #3955: GraphicsSelectionSystemContracts.PromotedSelectionPassClassNamesRemainAvailable .................................   Passed    0.00 sec
          Start 3956: GraphicsSurfacePassContracts.DepthPrepassRecordsSurfaceOpaqueIndirectDraw
3897/4010 Test #3956: GraphicsSurfacePassContracts.DepthPrepassRecordsSurfaceOpaqueIndirectDraw .......................................   Passed    0.00 sec
          Start 3957: GraphicsSurfacePassContracts.ForwardSurfaceRequiresInitializedSystemAndRecordsSurfaceOpaqueDraw
3898/4010 Test #3957: GraphicsSurfacePassContracts.ForwardSurfaceRequiresInitializedSystemAndRecordsSurfaceOpaqueDraw .................   Passed    0.00 sec
          Start 3958: GraphicsSurfacePassContracts.DeferredGBufferRequiresInitializedSystemAndRecordsSurfaceOpaqueDraw
3899/4010 Test #3958: GraphicsSurfacePassContracts.DeferredGBufferRequiresInitializedSystemAndRecordsSurfaceOpaqueDraw ................   Passed    0.00 sec
          Start 3959: TransformSyncSystem.StaleSweepEvictsInstancesMissingFromRecords
3900/4010 Test #3959: TransformSyncSystem.StaleSweepEvictsInstancesMissingFromRecords .................................................   Passed    0.03 sec
          Start 3960: TransformSyncSystem.ShutdownClearsTrackedState
3901/4010 Test #3960: TransformSyncSystem.ShutdownClearsTrackedState ..................................................................   Passed    0.03 sec
          Start 3961: TransientDebugSurfacePassContract.RecipeDeclaresPassWhenTransientPrimitivesExist
3902/4010 Test #3961: TransientDebugSurfacePassContract.RecipeDeclaresPassWhenTransientPrimitivesExist ................................   Passed    0.00 sec
          Start 3962: TransientDebugSurfacePassContract.RecipeOmitsPassWhenNoTransientPrimitives
3903/4010 Test #3962: TransientDebugSurfacePassContract.RecipeOmitsPassWhenNoTransientPrimitives ......................................   Passed    0.06 sec
          Start 3963: TransientDebugSurfacePassContract.NonOperationalDeviceSkipsNonOperational
3904/4010 Test #3963: TransientDebugSurfacePassContract.NonOperationalDeviceSkipsNonOperational .......................................   Passed    0.03 sec
          Start 3964: TransientDebugSurfacePassContract.MissingTrianglePipelineLeaseSkipsUnavailable
3905/4010 Test #3964: TransientDebugSurfacePassContract.MissingTrianglePipelineLeaseSkipsUnavailable ..................................   Passed    0.06 sec
          Start 3965: TransientDebugSurfacePassContract.RecordsTriangleBindPipelineAndDraw
3906/4010 Test #3965: TransientDebugSurfacePassContract.RecordsTriangleBindPipelineAndDraw ............................................   Passed    0.06 sec
          Start 3966: TransientDebugSurfacePassContract.SelectsAlwaysOnTopVariantPerPacket
3907/4010 Test #3966: TransientDebugSurfacePassContract.SelectsAlwaysOnTopVariantPerPacket ............................................   Passed    0.07 sec
          Start 3967: TransientDebugSurfacePassContract.PerFrameBufferRecyclingDoesNotLeak
3908/4010 Test #3967: TransientDebugSurfacePassContract.PerFrameBufferRecyclingDoesNotLeak ............................................   Passed    0.11 sec
          Start 3968: TransientDebugSurfacePassContract.UploadHelperPartitionsStorageByFrameSlot
3909/4010 Test #3968: TransientDebugSurfacePassContract.UploadHelperPartitionsStorageByFrameSlot ......................................   Passed    0.00 sec
          Start 3969: TransientDebugSurfacePassContract.RecordsLineBindPipelineAndDraw
3910/4010 Test #3969: TransientDebugSurfacePassContract.RecordsLineBindPipelineAndDraw ................................................   Passed    0.07 sec
          Start 3970: TransientDebugSurfacePassContract.SelectsLineAlwaysOnTopVariantPerPacket
3911/4010 Test #3970: TransientDebugSurfacePassContract.SelectsLineAlwaysOnTopVariantPerPacket ........................................   Passed    0.07 sec
          Start 3971: TransientDebugSurfacePassContract.MissingLinePipelineLeaseSkipsUnavailable
3912/4010 Test #3971: TransientDebugSurfacePassContract.MissingLinePipelineLeaseSkipsUnavailable ......................................   Passed    0.07 sec
          Start 3972: TransientDebugSurfacePassContract.RecordsPointBindPipelineAndDraw
3913/4010 Test #3972: TransientDebugSurfacePassContract.RecordsPointBindPipelineAndDraw ...............................................   Passed    0.07 sec
          Start 3973: TransientDebugSurfacePassContract.SelectsPointAlwaysOnTopVariantPerPacket
3914/4010 Test #3973: TransientDebugSurfacePassContract.SelectsPointAlwaysOnTopVariantPerPacket .......................................   Passed    0.07 sec
          Start 3974: TransientDebugSurfacePassContract.MissingPointPipelineLeaseSkipsUnavailable
3915/4010 Test #3974: TransientDebugSurfacePassContract.MissingPointPipelineLeaseSkipsUnavailable .....................................   Passed    0.07 sec
          Start 3975: TransientDebugSurfacePassContract.RecordsAllThreeLanesWhenAllSubmitted
3916/4010 Test #3975: TransientDebugSurfacePassContract.RecordsAllThreeLanesWhenAllSubmitted ..........................................   Passed    0.07 sec
          Start 3976: TransientDebugSurfacePassContract.TransientReadbackDefaultDisabledEvenWhenPassRecords
3917/4010 Test #3976: TransientDebugSurfacePassContract.TransientReadbackDefaultDisabledEvenWhenPassRecords ...........................   Passed    0.07 sec
          Start 3977: TransientDebugSurfacePassContract.TransientReadbackRecordsOnlyWhenPassRecords
3918/4010 Test #3977: TransientDebugSurfacePassContract.TransientReadbackRecordsOnlyWhenPassRecords ...................................   Passed    0.06 sec
          Start 3978: TransientDebugSurfacePassContract.TransientReadbackSkipsWhenPassOmitted
3919/4010 Test #3978: TransientDebugSurfacePassContract.TransientReadbackSkipsWhenPassOmitted .........................................   Passed    0.07 sec
          Start 3979: TransientDebugSurfacePassContract.TransientReadbackSkipsWhenDeviceNonOperational
3920/4010 Test #3979: TransientDebugSurfacePassContract.TransientReadbackSkipsWhenDeviceNonOperational ................................   Passed    0.03 sec
          Start 3980: TransientDebugSurfacePassContract.UploadOverflowSkipsUnavailableWithoutFalseRecorded
3921/4010 Test #3980: TransientDebugSurfacePassContract.UploadOverflowSkipsUnavailableWithoutFalseRecorded ............................   Passed    0.08 sec
          Start 3981: TransientDebugSurfacePassContract.MixedLanePartialPipelineSkipRecordsRemainingLanes
3922/4010 Test #3981: TransientDebugSurfacePassContract.MixedLanePartialPipelineSkipRecordsRemainingLanes .............................   Passed    0.07 sec
          Start 3982: GraphicsUvViewContract.DisabledAndNonOperationalRequestsStayOnCpuWithoutResources
3923/4010 Test #3982: GraphicsUvViewContract.DisabledAndNonOperationalRequestsStayOnCpuWithoutResources ...............................   Passed    0.00 sec
          Start 3983: GraphicsUvViewContract.InvalidBoundsTopologyAndMissingTexcoordsFailClosed
3924/4010 Test #3983: GraphicsUvViewContract.InvalidBoundsTopologyAndMissingTexcoordsFailClosed .......................................   Passed    0.00 sec
          Start 3984: GraphicsUvViewContract.ResidentTriangleCreatesRetainedSampledTargetAndRecordsAllDraws
3925/4010 Test #3984: GraphicsUvViewContract.ResidentTriangleCreatesRetainedSampledTargetAndRecordsAllDraws ...........................   Passed    0.00 sec
          Start 3985: GraphicsUvViewContract.TextureAndHeatmapFallbacksRemainExplicit
3926/4010 Test #3985: GraphicsUvViewContract.TextureAndHeatmapFallbacksRemainExplicit .................................................   Passed    0.00 sec
          Start 3986: GraphicsUvViewContract.ResizeReplacesTargetAndIncrementsGeneration
3927/4010 Test #3986: GraphicsUvViewContract.ResizeReplacesTargetAndIncrementsGeneration ..............................................   Passed    0.00 sec
          Start 3987: GraphicsUvViewContract.SubmissionHeartbeatDisablesUnrefreshedRetainedWork
3928/4010 Test #3987: GraphicsUvViewContract.SubmissionHeartbeatDisablesUnrefreshedRetainedWork .......................................   Passed    0.00 sec
          Start 3988: GraphicsUvViewContract.RebuildClearsPublishedReadinessAndRequiresRefresh
3929/4010 Test #3988: GraphicsUvViewContract.RebuildClearsPublishedReadinessAndRequiresRefresh ........................................   Passed    0.00 sec
          Start 3989: GraphicsUvViewContract.TargetExtentAndUvFitLimitsFailClosed
3930/4010 Test #3989: GraphicsUvViewContract.TargetExtentAndUvFitLimitsFailClosed .....................................................   Passed    0.00 sec
          Start 3990: GraphicsUvViewContract.EveryBackgroundModeReachesTheShaderContract
3931/4010 Test #3990: GraphicsUvViewContract.EveryBackgroundModeReachesTheShaderContract ..............................................   Passed    0.00 sec
          Start 3991: GraphicsUvViewContract.GeometryRecordLookupReturnsResidentDataAndRejectsFreedHandle
3932/4010 Test #3991: GraphicsUvViewContract.GeometryRecordLookupReturnsResidentDataAndRejectsFreedHandle .............................   Passed    0.00 sec
          Start 3992: VisualizationOverlayPassContract.RecipeDeclaresPassWhenOverlayPacketsExist
3933/4010 Test #3992: VisualizationOverlayPassContract.RecipeDeclaresPassWhenOverlayPacketsExist ......................................   Passed    0.00 sec
          Start 3993: VisualizationOverlayPassContract.RecipeOmitsPassWhenNoOverlayPackets
3934/4010 Test #3993: VisualizationOverlayPassContract.RecipeOmitsPassWhenNoOverlayPackets ............................................   Passed    0.07 sec
          Start 3994: VisualizationOverlayPassContract.NonOperationalDeviceSkipsNonOperational
3935/4010 Test #3994: VisualizationOverlayPassContract.NonOperationalDeviceSkipsNonOperational ........................................   Passed    0.03 sec
          Start 3995: VisualizationOverlayPassContract.MissingVectorFieldPipelineLeaseSkipsUnavailable
3936/4010 Test #3995: VisualizationOverlayPassContract.MissingVectorFieldPipelineLeaseSkipsUnavailable ................................   Passed    0.07 sec
          Start 3996: VisualizationOverlayPassContract.RecordsVectorFieldBindPipelineAndDraw
3937/4010 Test #3996: VisualizationOverlayPassContract.RecordsVectorFieldBindPipelineAndDraw ..........................................   Passed    0.06 sec
          Start 3997: VisualizationOverlayPassContract.SelectsVectorFieldAlwaysOnTopVariantPerPacket
3938/4010 Test #3997: VisualizationOverlayPassContract.SelectsVectorFieldAlwaysOnTopVariantPerPacket ..................................   Passed    0.07 sec
          Start 3998: VisualizationOverlayPassContract.UploadOverflowSkipsUnavailableWithoutFalseRecorded
3939/4010 Test #3998: VisualizationOverlayPassContract.UploadOverflowSkipsUnavailableWithoutFalseRecorded .............................   Passed    0.07 sec
          Start 3999: VisualizationOverlayPassContract.PerFrameBufferRecyclingDoesNotLeakVectorField
3940/4010 Test #3999: VisualizationOverlayPassContract.PerFrameBufferRecyclingDoesNotLeakVectorField ..................................   Passed    0.11 sec
          Start 4000: VisualizationOverlayPassContract.UploadHelperPartitionsStorageByFrameSlot
3941/4010 Test #4000: VisualizationOverlayPassContract.UploadHelperPartitionsStorageByFrameSlot .......................................   Passed    0.00 sec
          Start 4001: VisualizationOverlayPassContract.MissingIsolinePipelineLeaseSkipsUnavailable
3942/4010 Test #4001: VisualizationOverlayPassContract.MissingIsolinePipelineLeaseSkipsUnavailable ....................................   Passed    0.06 sec
          Start 4002: VisualizationOverlayPassContract.RecordsIsolineBindPipelineAndDraw
3943/4010 Test #4002: VisualizationOverlayPassContract.RecordsIsolineBindPipelineAndDraw ..............................................   Passed    0.06 sec
          Start 4003: VisualizationOverlayPassContract.SelectsIsolineAlwaysOnTopVariantPerPacket
3944/4010 Test #4003: VisualizationOverlayPassContract.SelectsIsolineAlwaysOnTopVariantPerPacket ......................................   Passed    0.06 sec
          Start 4004: VisualizationOverlayPassContract.MixedLaneVectorFieldAndIsolineBothRecord
3945/4010 Test #4004: VisualizationOverlayPassContract.MixedLaneVectorFieldAndIsolineBothRecord .......................................   Passed    0.06 sec
          Start 4005: VisualizationOverlayPassContract.RetainedOverlayPacketLanesRecordTogether
3946/4010 Test #4005: VisualizationOverlayPassContract.RetainedOverlayPacketLanesRecordTogether .......................................   Passed    0.06 sec
          Start 4006: VisualizationOverlayPassContract.VisualizationReadbackDefaultDisabledEvenWhenPassRecords
3947/4010 Test #4006: VisualizationOverlayPassContract.VisualizationReadbackDefaultDisabledEvenWhenPassRecords ........................   Passed    0.06 sec
          Start 4007: VisualizationOverlayPassContract.VisualizationReadbackRecordsOnlyWhenPassRecords
3948/4010 Test #4007: VisualizationOverlayPassContract.VisualizationReadbackRecordsOnlyWhenPassRecords ................................   Passed    0.06 sec
          Start 4008: VisualizationOverlayPassContract.VisualizationReadbackSkipsWhenPassOmitted
3949/4010 Test #4008: VisualizationOverlayPassContract.VisualizationReadbackSkipsWhenPassOmitted ......................................   Passed    0.06 sec
          Start 4009: VisualizationOverlayPassContract.VisualizationReadbackSkipsWhenDeviceNonOperational
3950/4010 Test #4009: VisualizationOverlayPassContract.VisualizationReadbackSkipsWhenDeviceNonOperational .............................   Passed    0.03 sec
          Start 4010: VisualizationOverlayPassContract.PerLanePartialSkipKeepsSiblingLaneRecording
3951/4010 Test #4010: VisualizationOverlayPassContract.PerLanePartialSkipKeepsSiblingLaneRecording ....................................   Passed    0.07 sec
          Start 4011: VisualizationOverlayPassContract.PerFrameBufferRecyclingDoesNotLeakIsoline
3952/4010 Test #4011: VisualizationOverlayPassContract.PerFrameBufferRecyclingDoesNotLeakIsoline ......................................   Passed    0.11 sec
          Start 4012: VisualizationPropertyBufferResidencyContract.ValidatesDescriptorShapeAndFinitePayloads
3953/4010 Test #4012: VisualizationPropertyBufferResidencyContract.ValidatesDescriptorShapeAndFinitePayloads ..........................   Passed    0.00 sec
          Start 4013: VisualizationPropertyBufferResidencyContract.UploadsReusesAndRejectsStaleDirtyStamp
3954/4010 Test #4013: VisualizationPropertyBufferResidencyContract.UploadsReusesAndRejectsStaleDirtyStamp .............................   Passed    0.00 sec
          Start 4014: VisualizationPropertyBufferResidencyContract.RendererPublishesAddressBeforePacketValidation
3955/4010 Test #4014: VisualizationPropertyBufferResidencyContract.RendererPublishesAddressBeforePacketValidation .....................   Passed    0.06 sec
          Start 4015: RuntimeRenderExtraction.CreatesUpdatesAndClearsDirtyTransformSidecar
3956/4010 Test #4015: RuntimeRenderExtraction.CreatesUpdatesAndClearsDirtyTransformSidecar ............................................   Passed    0.03 sec
          Start 4016: RuntimeRenderExtraction.UiTransformEditModelReachesRenderWorldAfterPreRenderFlush
3957/4010 Test #4016: RuntimeRenderExtraction.UiTransformEditModelReachesRenderWorldAfterPreRenderFlush ...............................   Passed    0.03 sec
          Start 4017: RuntimeRenderExtraction.ClearSceneStateDropsSidecarsAndPerEntityRecipes
3958/4010 Test #4017: RuntimeRenderExtraction.ClearSceneStateDropsSidecarsAndPerEntityRecipes .........................................   Passed    0.03 sec
          Start 4018: RuntimeRenderExtraction.RetiresDestroyedRenderableSidecar
3959/4010 Test #4018: RuntimeRenderExtraction.RetiresDestroyedRenderableSidecar .......................................................   Passed    0.03 sec
          Start 4019: RuntimeRenderExtraction.ReusesLiveRenderableKeyScratchAcrossExtractions
3960/4010 Test #4019: RuntimeRenderExtraction.ReusesLiveRenderableKeyScratchAcrossExtractions .........................................   Passed    0.03 sec
          Start 4020: RuntimeRenderExtraction.ExtractsVisualizationAndLightsWithoutRenderableOwnership
3961/4010 Test #4020: RuntimeRenderExtraction.ExtractsVisualizationAndLightsWithoutRenderableOwnership ................................   Passed    0.03 sec
          Start 4021: RuntimeRenderExtraction.VisualizationScalarRecipeReachesRenderWorld
3962/4010 Test #4021: RuntimeRenderExtraction.VisualizationScalarRecipeReachesRenderWorld .............................................   Passed    0.03 sec
          Start 4022: RuntimeRenderExtraction.VisualizationScalarConfigMissingSourceFailsClosed
3963/4010 Test #4022: RuntimeRenderExtraction.VisualizationScalarConfigMissingSourceFailsClosed .......................................   Passed    0.03 sec
          Start 4023: RuntimeRenderExtraction.VisualizationScalarRecipeMissingBdaUploadsPropertyBuffer
3964/4010 Test #4023: RuntimeRenderExtraction.VisualizationScalarRecipeMissingBdaUploadsPropertyBuffer ................................   Passed    0.03 sec
          Start 4024: RuntimeRenderExtraction.VisualizationPropertyBufferKeysAreStableIdScoped
3965/4010 Test #4024: RuntimeRenderExtraction.VisualizationPropertyBufferKeysAreStableIdScoped ........................................   Passed    0.03 sec
          Start 4025: RuntimeRenderExtraction.MeshColorVisualizationPropertyBufferUploadsFromGeometrySources
3966/4010 Test #4025: RuntimeRenderExtraction.MeshColorVisualizationPropertyBufferUploadsFromGeometrySources ..........................   Passed    0.03 sec
          Start 4026: RuntimeRenderExtraction.PointCloudVisualizationPropertyBuffersUploadFromGeometrySources
3967/4010 Test #4026: RuntimeRenderExtraction.PointCloudVisualizationPropertyBuffersUploadFromGeometrySources .........................   Passed    0.03 sec
          Start 4027: RuntimeRenderExtraction.MeshScalarPropertyBufferReachesPreparedEntityConfigWithAutoRange
3968/4010 Test #4027: RuntimeRenderExtraction.MeshScalarPropertyBufferReachesPreparedEntityConfigWithAutoRange ........................   Passed    0.06 sec
          Start 4028: RuntimeRenderExtraction.MeshSurfaceLaneOverrideDoubleCurvatureReachesPreparedEntityConfig
3969/4010 Test #4028: RuntimeRenderExtraction.MeshSurfaceLaneOverrideDoubleCurvatureReachesPreparedEntityConfig .......................   Passed    0.07 sec
          Start 4029: RuntimeRenderExtraction.MeshSurfaceLaneOverrideIsolinePresetReachesPreparedEntityConfig
3970/4010 Test #4029: RuntimeRenderExtraction.MeshSurfaceLaneOverrideIsolinePresetReachesPreparedEntityConfig .........................   Passed    0.06 sec
          Start 4030: RuntimeRenderExtraction.MeshScalarVisualizationSurvivesLatePropertyAndSteadyStateFrames
3971/4010 Test #4030: RuntimeRenderExtraction.MeshScalarVisualizationSurvivesLatePropertyAndSteadyStateFrames .........................   Passed    0.10 sec
          Start 4031: RuntimeRenderExtraction.MeshScalarDegenerateManualRangeIsSanitizedInPreparedConfig
3972/4010 Test #4031: RuntimeRenderExtraction.MeshScalarDegenerateManualRangeIsSanitizedInPreparedConfig ..............................   Passed    0.06 sec
          Start 4032: RuntimeRenderExtraction.GraphVisualizationPropertyBuffersUploadFromNodeAndEdgeDomains
3973/4010 Test #4032: RuntimeRenderExtraction.GraphVisualizationPropertyBuffersUploadFromNodeAndEdgeDomains ...........................   Passed    0.04 sec
          Start 4033: RuntimeRenderExtraction.GeometryPresentationPropertyBuffersProjectToVisualizationRecipes
3974/4010 Test #4033: RuntimeRenderExtraction.GeometryPresentationPropertyBuffersProjectToVisualizationRecipes ........................   Passed    0.03 sec
          Start 4034: RuntimeRenderExtraction.MeshVertexColorDirtyChannelPartiallyUploadsStructuralColorStream
3975/4010 Test #4034: RuntimeRenderExtraction.MeshVertexColorDirtyChannelPartiallyUploadsStructuralColorStream ........................   Passed    0.08 sec
          Start 4035: RuntimeRenderExtraction.MeshColorVisualizationPropertyBufferFailsClosed
3976/4010 Test #4035: RuntimeRenderExtraction.MeshColorVisualizationPropertyBufferFailsClosed .........................................   Passed    0.03 sec
          Start 4036: RuntimeRenderExtraction.VisualizationNonScalarRecipesReachRenderWorld
3977/4010 Test #4036: RuntimeRenderExtraction.VisualizationNonScalarRecipesReachRenderWorld ...........................................   Passed    0.03 sec
          Start 4037: RuntimeRenderExtraction.VisualizationNonScalarRecipeFailuresAreCounted
3978/4010 Test #4037: RuntimeRenderExtraction.VisualizationNonScalarRecipeFailuresAreCounted ..........................................   Passed    0.03 sec
          Start 4038: RuntimeRenderExtraction.ObservesAssetSourceAsUnavailableWithoutGpuAssetCache
3979/4010 Test #4038: RuntimeRenderExtraction.ObservesAssetSourceAsUnavailableWithoutGpuAssetCache ....................................   Passed    0.03 sec
          Start 4039: RuntimeRenderExtraction.ObservesReadyAssetGenerationAsRebindRequired
3980/4010 Test #4039: RuntimeRenderExtraction.ObservesReadyAssetGenerationAsRebindRequired ............................................   Passed    0.03 sec
          Start 4040: RuntimeRenderExtraction.HelperDoesNotMarkRebindGenerationAsSeen
3981/4010 Test #4040: RuntimeRenderExtraction.HelperDoesNotMarkRebindGenerationAsSeen .................................................   Passed    0.03 sec
          Start 4041: RuntimeRenderExtraction.AcknowledgeRebindAdvancesLastSeenGeneration
3982/4010 Test #4041: RuntimeRenderExtraction.AcknowledgeRebindAdvancesLastSeenGeneration .............................................   Passed    0.03 sec
          Start 4042: RuntimeRenderExtraction.AcknowledgeRebindRejectsObservationsWithoutGeneration
3983/4010 Test #4042: RuntimeRenderExtraction.AcknowledgeRebindRejectsObservationsWithoutGeneration ...................................   Passed    0.00 sec
          Start 4043: RuntimeRenderExtraction.AcknowledgeRebindRejectsAssetMismatch
3984/4010 Test #4043: RuntimeRenderExtraction.AcknowledgeRebindRejectsAssetMismatch ...................................................   Passed    0.00 sec
          Start 4044: RuntimeRenderExtraction.AcknowledgeRebindRejectsSlotWithoutSourceAsset
3985/4010 Test #4044: RuntimeRenderExtraction.AcknowledgeRebindRejectsSlotWithoutSourceAsset ..........................................   Passed    0.00 sec
          Start 4045: RuntimeRenderExtraction.ExtractAndSubmitDoesNotAutoAcknowledgeRebinds
3986/4010 Test #4045: RuntimeRenderExtraction.ExtractAndSubmitDoesNotAutoAcknowledgeRebinds ...........................................   Passed    0.03 sec
          Start 4046: RuntimeDeviceSelection.DefaultsToNullFallbackForVulkanBackend
3987/4010 Test #4046: RuntimeDeviceSelection.DefaultsToNullFallbackForVulkanBackend ...................................................   Passed    0.00 sec
          Start 4047: RuntimeDeviceSelection.RequiresCompiledPromotedVulkanBackend
3988/4010 Test #4047: RuntimeDeviceSelection.RequiresCompiledPromotedVulkanBackend ....................................................   Passed    0.00 sec
          Start 4048: RuntimeDeviceSelection.SelectsPromotedVulkanOnlyWhenConfigAndBuildOptIn
3989/4010 Test #4048: RuntimeDeviceSelection.SelectsPromotedVulkanOnlyWhenConfigAndBuildOptIn .........................................   Passed    0.00 sec
          Start 4049: RuntimeFrameLoopContract.PlatformBeginFramePollsBeforeMinimizedWait
3990/4010 Test #4049: RuntimeFrameLoopContract.PlatformBeginFramePollsBeforeMinimizedWait .............................................   Passed    0.00 sec
          Start 4050: RuntimeFrameLoopContract.PlatformBeginFrameStopsWhenPollRequestsClose
3991/4010 Test #4050: RuntimeFrameLoopContract.PlatformBeginFrameStopsWhenPollRequestsClose ...........................................   Passed    0.00 sec
          Start 4051: RuntimeFrameLoopContract.RenderFrameOrdersPromotedRendererPhases
3992/4010 Test #4051: RuntimeFrameLoopContract.RenderFrameOrdersPromotedRendererPhases ................................................   Passed    0.00 sec
          Start 4052: RuntimeFrameLoopContract.RenderFrameSkipsExtractionWhenBeginFrameFails
3993/4010 Test #4052: RuntimeFrameLoopContract.RenderFrameSkipsExtractionWhenBeginFrameFails ..........................................   Passed    0.00 sec
          Start 4053: RuntimeFrameLoopContract.MaintenanceOrdersTransferBeforeAssetHooks
3994/4010 Test #4053: RuntimeFrameLoopContract.MaintenanceOrdersTransferBeforeAssetHooks ..............................................   Passed    0.00 sec
          Start 4054: RuntimeFrameLoopContract.OperationalTransitionWaitsIdleThenRebuildsRendererOnce
3995/4010 Test #4054: RuntimeFrameLoopContract.OperationalTransitionWaitsIdleThenRebuildsRendererOnce .................................   Passed    0.00 sec
          Start 4055: RuntimeFrameLoopContract.OperationalTransitionNoOpsUntilDeviceBecomesOperational
3996/4010 Test #4055: RuntimeFrameLoopContract.OperationalTransitionNoOpsUntilDeviceBecomesOperational ................................   Passed    0.00 sec
          Start 4056: RuntimeFrameLoopContract.OperationalTransitionDoesNotMarkRendererWhenRebuildFails
3997/4010 Test #4056: RuntimeFrameLoopContract.OperationalTransitionDoesNotMarkRendererWhenRebuildFails ...............................   Passed    0.00 sec
          Start 4057: RuntimeFrameLoopContract.ShutdownOrdersRuntimeModulesAndSubsystemTeardown
3998/4010 Test #4057: RuntimeFrameLoopContract.ShutdownOrdersRuntimeModulesAndSubsystemTeardown .......................................   Passed    0.00 sec
          Start 4058: RenderWorldPoolPipelined.ConsumesRenderNMinusOneWhileExtractionWritesN
3999/4010 Test #4058: RenderWorldPoolPipelined.ConsumesRenderNMinusOneWhileExtractionWritesN ..........................................   Passed    0.03 sec
          Start 4059: RuntimeSandboxAcceptance.MeshGraphPointCloudAllResideThroughOneExtraction
4000/4010 Test #4059: RuntimeSandboxAcceptance.MeshGraphPointCloudAllResideThroughOneExtraction .......................................   Passed    0.04 sec
          Start 4060: RuntimeSandboxAcceptance.CameraControllerProducesFiniteInvertibleFrameCamera
4001/4010 Test #4060: RuntimeSandboxAcceptance.CameraControllerProducesFiniteInvertibleFrameCamera ....................................   Passed    0.00 sec
          Start 4061: RuntimeSandboxAcceptance.ComposedCameraModuleDrivesFiniteFirstFrame
4002/4010 Test #4061: RuntimeSandboxAcceptance.ComposedCameraModuleDrivesFiniteFirstFrame .............................................   Passed    0.04 sec
          Start 4062: RuntimeSandboxAcceptance.SelectionControllerSelectsEntityOfEachFamily
4003/4010 Test #4062: RuntimeSandboxAcceptance.SelectionControllerSelectsEntityOfEachFamily ...........................................   Passed    0.04 sec
          Start 4063: RuntimeSandboxAcceptance.EditorWorkspaceSnapshotEnumeratesAcceptanceScene
4004/4010 Test #4063: RuntimeSandboxAcceptance.EditorWorkspaceSnapshotEnumeratesAcceptanceScene .......................................   Passed    0.04 sec
          Start 4064: RuntimeSandboxAcceptance.PrimitiveRefinementResolvesOneDomainPerFamily
4005/4010 Test #4064: RuntimeSandboxAcceptance.PrimitiveRefinementResolvesOneDomainPerFamily ..........................................   Passed    0.04 sec
          Start 4065: RuntimeSandboxAcceptance.SelectionOutlineSnapshotPopulatedForSelectedEntity
4006/4010 Test #4065: RuntimeSandboxAcceptance.SelectionOutlineSnapshotPopulatedForSelectedEntity .....................................   Passed    0.04 sec
          Start 4066: RuntimeSandboxAcceptance.ViewportLeftClickSubmitsSelectionPick
4007/4010 Test #4066: RuntimeSandboxAcceptance.ViewportLeftClickSubmitsSelectionPick ..................................................   Passed    0.04 sec
          Start 4067: RuntimeSandboxAcceptance.IdleFrameSkipsPreRenderTransformFlush
4008/4010 Test #4067: RuntimeSandboxAcceptance.IdleFrameSkipsPreRenderTransformFlush ..................................................   Passed    0.04 sec
          Start 4068: RuntimeSandboxAcceptance.InspectorTransformEditFlushedToRenderStateSameFrame
4009/4010 Test #4068: RuntimeSandboxAcceptance.InspectorTransformEditFlushedToRenderStateSameFrame ....................................   Passed    0.04 sec
          Start 4069: GlfwLifecycleLsan.EngineStaticTeardownAndLeakControl
4010/4010 Test #4069: GlfwLifecycleLsan.EngineStaticTeardownAndLeakControl ............................................................***Skipped   0.01 sec

100% tests passed, 0 tests failed out of 4010

Label Time Summary:
assets         =   0.14 sec*proc (90 tests)
contract       =  33.92 sec*proc (1457 tests)
core           =   3.99 sec*proc (292 tests)
ecs            =   0.29 sec*proc (132 tests)
geometry       =  13.07 sec*proc (1596 tests)
glfw           =   0.01 sec*proc (1 test)
graphics       =  15.28 sec*proc (853 tests)
headless       =   0.01 sec*proc (4 tests)
integration    =   6.82 sec*proc (252 tests)
physics        =   0.14 sec*proc (81 tests)
platform       =   0.01 sec*proc (5 tests)
regression     =   0.01 sec*proc (1 test)
runtime        =  27.11 sec*proc (1027 tests)
unit           =  17.78 sec*proc (2304 tests)

Total Test time (real) =  54.46 sec

The following tests did not run:
	4069 - GlfwLifecycleLsan.EngineStaticTeardownAndLeakControl (Skipped)
