Internal ctest changing into directory: /home/alex/Documents/IntrinsicEngine/build/ci
Test project /home/alex/Documents/IntrinsicEngine/build/ci
          Start    8: AssetLoadPipeline.EnqueueWithoutRegistryBoundFails
   1/4150 Test    #8: AssetLoadPipeline.EnqueueWithoutRegistryBoundFails ..............................................................   Passed    0.00 sec
          Start    9: AssetLoadPipeline.EnqueueTransitionsUnloadedToReadyInlineWhenNoGpu
   2/4150 Test    #9: AssetLoadPipeline.EnqueueTransitionsUnloadedToReadyInlineWhenNoGpu ..............................................   Passed    0.00 sec
          Start   10: AssetLoadPipeline.EnqueueWithGpuEndsInQueuedGPU
   3/4150 Test   #10: AssetLoadPipeline.EnqueueWithGpuEndsInQueuedGPU .................................................................   Passed    0.00 sec
          Start   11: AssetLoadPipeline.EnqueueFailsWhenAssetNotUnloaded
   4/4150 Test   #11: AssetLoadPipeline.EnqueueFailsWhenAssetNotUnloaded ..............................................................   Passed    0.00 sec
          Start   12: AssetLoadPipeline.OnGpuUploadedMovesFromQueuedGpuToReady
   5/4150 Test   #12: AssetLoadPipeline.OnGpuUploadedMovesFromQueuedGpuToReady ........................................................   Passed    0.00 sec
          Start   13: AssetLoadPipeline.OnGpuUploadedFromWrongStateFails
   6/4150 Test   #13: AssetLoadPipeline.OnGpuUploadedFromWrongStateFails ..............................................................   Passed    0.00 sec
          Start   14: AssetLoadPipeline.OnCpuDecodedWithoutBindFails
   7/4150 Test   #14: AssetLoadPipeline.OnCpuDecodedWithoutBindFails ..................................................................   Passed    0.00 sec
          Start   15: AssetLoadPipeline.OnCpuDecodedForUnknownIdIsNotFound
   8/4150 Test   #15: AssetLoadPipeline.OnCpuDecodedForUnknownIdIsNotFound ............................................................   Passed    0.00 sec
          Start   16: AssetLoadPipeline.DuplicateCpuDecodeForGpuInFlightDoesNotDropUploadStage
   9/4150 Test   #16: AssetLoadPipeline.DuplicateCpuDecodeForGpuInFlightDoesNotDropUploadStage ........................................   Passed    0.00 sec
          Start   17: AssetLoadPipeline.EventBusSeesReadyOnSuccess
  10/4150 Test   #17: AssetLoadPipeline.EventBusSeesReadyOnSuccess ....................................................................   Passed    0.00 sec
          Start   18: AssetLoadPipeline.MarkFailedMovesToFailedAndPublishesEvent
  11/4150 Test   #18: AssetLoadPipeline.MarkFailedMovesToFailedAndPublishesEvent ......................................................   Passed    0.00 sec
          Start   19: AssetLoadPipeline.MarkFailedIsIdempotent
  12/4150 Test   #19: AssetLoadPipeline.MarkFailedIsIdempotent ........................................................................   Passed    0.00 sec
          Start   20: AssetLoadPipeline.PathIsCopiedInRequestAndSurvivesCallerString
  13/4150 Test   #20: AssetLoadPipeline.PathIsCopiedInRequestAndSurvivesCallerString ..................................................   Passed    0.00 sec
          Start   21: AssetLoadPipeline.CancelDropsInFlightEntry
  14/4150 Test   #21: AssetLoadPipeline.CancelDropsInFlightEntry ......................................................................   Passed    0.00 sec
          Start   22: AssetLoadPipeline.CancelOnUnknownIdIsHarmless
  15/4150 Test   #22: AssetLoadPipeline.CancelOnUnknownIdIsHarmless ...................................................................   Passed    0.00 sec
          Start   23: AssetLoadPipeline.StageTrailTracksIoDecodeForGpuPath
  16/4150 Test   #23: AssetLoadPipeline.StageTrailTracksIoDecodeForGpuPath ............................................................   Passed    0.00 sec
          Start   24: AssetLoadPipeline.CompleteGpuFenceFinalizesQueuedGpuAssets
  17/4150 Test   #24: AssetLoadPipeline.CompleteGpuFenceFinalizesQueuedGpuAssets ......................................................   Passed    0.00 sec
          Start   25: AssetLoadPipeline.StageTrailRemainsAvailableAfterCompletion
  18/4150 Test   #25: AssetLoadPipeline.StageTrailRemainsAvailableAfterCompletion .....................................................   Passed    0.00 sec
          Start   26: AssetService.LoadRejectsEmptyPath
  19/4150 Test   #26: AssetService.LoadRejectsEmptyPath ...............................................................................   Passed    0.00 sec
          Start   27: AssetService.LoadReturnsValidIdOnSuccess
  20/4150 Test   #27: AssetService.LoadReturnsValidIdOnSuccess ........................................................................   Passed    0.00 sec
          Start   28: AssetService.CompleteCpuLoadAndFlushEventIgnoresUnrelatedSchedulerWork
  21/4150 Test   #28: AssetService.CompleteCpuLoadAndFlushEventIgnoresUnrelatedSchedulerWork ..........................................   Passed    0.26 sec
          Start   29: AssetService.LoadSamePathReturnsSameId
  22/4150 Test   #29: AssetService.LoadSamePathReturnsSameId ..........................................................................   Passed    0.00 sec
          Start   30: AssetService.LoadSamePathWithDifferentTypeRejected
  23/4150 Test   #30: AssetService.LoadSamePathWithDifferentTypeRejected ..............................................................   Passed    0.00 sec
          Start   31: AssetService.LoadDifferentPathsReturnDistinctIds
  24/4150 Test   #31: AssetService.LoadDifferentPathsReturnDistinctIds ................................................................   Passed    0.00 sec
          Start   32: AssetService.LoaderFailurePropagatesErrorAndMarksFailed
  25/4150 Test   #32: AssetService.LoaderFailurePropagatesErrorAndMarksFailed .........................................................   Passed    0.00 sec
          Start   33: AssetService.ReadReturnsLoadedPayload
  26/4150 Test   #33: AssetService.ReadReturnsLoadedPayload ...........................................................................   Passed    0.00 sec
          Start   34: AssetService.ReadDeadHandleReturnsResourceNotFound
  27/4150 Test   #34: AssetService.ReadDeadHandleReturnsResourceNotFound ..............................................................   Passed    0.00 sec
          Start   35: AssetService.ReadWrongTypeRejected
  28/4150 Test   #35: AssetService.ReadWrongTypeRejected ..............................................................................   Passed    0.00 sec
          Start   36: AssetService.GetMetaReturnsTypeIdAfterLoad
  29/4150 Test   #36: AssetService.GetMetaReturnsTypeIdAfterLoad ......................................................................   Passed    0.00 sec
          Start   37: AssetService.TypeIdOfIsStableAcrossCalls
  30/4150 Test   #37: AssetService.TypeIdOfIsStableAcrossCalls ........................................................................   Passed    0.00 sec
          Start   38: AssetService.GetPathRoundTrip
  31/4150 Test   #38: AssetService.GetPathRoundTrip ...................................................................................   Passed    0.00 sec
          Start   39: AssetService.GetPathUnknownIdIsNotFound
  32/4150 Test   #39: AssetService.GetPathUnknownIdIsNotFound .........................................................................   Passed    0.00 sec
          Start   40: AssetService.ReloadReplacesPayload
  33/4150 Test   #40: AssetService.ReloadReplacesPayload ..............................................................................   Passed    0.00 sec
          Start   41: AssetService.ReloadUnknownIdReturnsNotFound
  34/4150 Test   #41: AssetService.ReloadUnknownIdReturnsNotFound .....................................................................   Passed    0.00 sec
          Start   42: AssetService.ReloadWrongTypeRejected
  35/4150 Test   #42: AssetService.ReloadWrongTypeRejected ............................................................................   Passed    0.00 sec
          Start   43: AssetService.ReloadFailedLoaderLeavesPreviousPayloadIntact
  36/4150 Test   #43: AssetService.ReloadFailedLoaderLeavesPreviousPayloadIntact ......................................................   Passed    0.00 sec
          Start   44: AssetService.ReloadFailurePreservesPayloadTicketAndPublishesNoSuccessEvents
  37/4150 Test   #44: AssetService.ReloadFailurePreservesPayloadTicketAndPublishesNoSuccessEvents .....................................   Passed    0.00 sec
          Start   45: AssetService.ReloadAdvancesPayloadTicketAndQueuesReloadedBeforeReady
  38/4150 Test   #45: AssetService.ReloadAdvancesPayloadTicketAndQueuesReloadedBeforeReady ............................................   Passed    0.00 sec
          Start   46: AssetService.ReloadRejectedFromNonReadyState
  39/4150 Test   #46: AssetService.ReloadRejectedFromNonReadyState ....................................................................   Passed    0.00 sec
          Start   47: AssetService.GetReloadTokenReturnsValidTokenAfterLoad
  40/4150 Test   #47: AssetService.GetReloadTokenReturnsValidTokenAfterLoad ...........................................................   Passed    0.00 sec
          Start   48: AssetService.GetReloadTokenUnknownIdReturnsNotFound
  41/4150 Test   #48: AssetService.GetReloadTokenUnknownIdReturnsNotFound .............................................................   Passed    0.00 sec
          Start   49: AssetService.ParameterlessReloadReinvokesCapturedLoader
  42/4150 Test   #49: AssetService.ParameterlessReloadReinvokesCapturedLoader .........................................................   Passed    0.00 sec
          Start   50: AssetService.ParameterlessReloadOnUnknownIdReturnsNotFound
  43/4150 Test   #50: AssetService.ParameterlessReloadOnUnknownIdReturnsNotFound ......................................................   Passed    0.00 sec
          Start   51: AssetService.ParameterlessReloadFailedLoaderKeepsPreviousPayload
  44/4150 Test   #51: AssetService.ParameterlessReloadFailedLoaderKeepsPreviousPayload ................................................   Passed    0.00 sec
          Start   52: AssetService.ParameterlessReloadQueuesReloadedBeforeReadyAndAdvancesTicket
  45/4150 Test   #52: AssetService.ParameterlessReloadQueuesReloadedBeforeReadyAndAdvancesTicket ......................................   Passed    0.00 sec
          Start   53: AssetService.ParameterlessReloadRejectedFromNonReadyState
  46/4150 Test   #53: AssetService.ParameterlessReloadRejectedFromNonReadyState .......................................................   Passed    0.00 sec
          Start   54: AssetService.DestroyUnregistersCapturedLoader
  47/4150 Test   #54: AssetService.DestroyUnregistersCapturedLoader ...................................................................   Passed    0.00 sec
          Start   55: AssetService.ReloadPublishesReloadedEvent
  48/4150 Test   #55: AssetService.ReloadPublishesReloadedEvent .......................................................................   Passed    0.00 sec
          Start   56: AssetService.ReloadTokenDirectlyInvokableViaRegistry
  49/4150 Test   #56: AssetService.ReloadTokenDirectlyInvokableViaRegistry ............................................................   Passed    0.00 sec
          Start   57: AssetService.DestroyUnknownIdReturnsNotFound
  50/4150 Test   #57: AssetService.DestroyUnknownIdReturnsNotFound ....................................................................   Passed    0.00 sec
          Start   58: AssetService.DestroyRemovesAssetPathPayload
  51/4150 Test   #58: AssetService.DestroyRemovesAssetPathPayload .....................................................................   Passed    0.00 sec
          Start   59: AssetService.DestroyThenLoadSamePathYieldsFreshId
  52/4150 Test   #59: AssetService.DestroyThenLoadSamePathYieldsFreshId ...............................................................   Passed    0.00 sec
          Start   60: AssetService.DestroyFlushesPendingReadyBeforeRetiringPayload
  53/4150 Test   #60: AssetService.DestroyFlushesPendingReadyBeforeRetiringPayload ....................................................   Passed    0.00 sec
          Start   61: AssetService.TickFlushesEventBus
  54/4150 Test   #61: AssetService.TickFlushesEventBus ................................................................................   Passed    0.00 sec
          Start   62: AssetService.FailedLoadLeavesNoGhostAsset
  55/4150 Test   #62: AssetService.FailedLoadLeavesNoGhostAsset .......................................................................   Passed    0.00 sec
          Start   63: FrameGraphParallel.DefaultOverloadStillWorks
  56/4150 Test   #63: FrameGraphParallel.DefaultOverloadStillWorks ....................................................................   Passed    0.00 sec
          Start   64: FrameGraphParallel.TypedReadReadCanRunInParallel
  57/4150 Test   #64: FrameGraphParallel.TypedReadReadCanRunInParallel ................................................................   Passed    0.04 sec
          Start   65: FrameGraphParallel.PriorityAffectsReadyNodeOrdering
  58/4150 Test   #65: FrameGraphParallel.PriorityAffectsReadyNodeOrdering .............................................................   Passed    0.00 sec
          Start   66: FrameGraphParallel.EstimatedCostAffectsCriticalPathTieBreaker
  59/4150 Test   #66: FrameGraphParallel.EstimatedCostAffectsCriticalPathTieBreaker ...................................................   Passed    0.00 sec
          Start   67: FrameGraphParallel.TypedWriteReadMustSerialize
  60/4150 Test   #67: FrameGraphParallel.TypedWriteReadMustSerialize ..................................................................   Passed    0.00 sec
          Start   68: FrameGraphParallel.TypedReadWriteMustSerialize
  61/4150 Test   #68: FrameGraphParallel.TypedReadWriteMustSerialize ..................................................................   Passed    0.00 sec
          Start   69: FrameGraphParallel.StructuralTokenSerializesStructureChanges
  62/4150 Test   #69: FrameGraphParallel.StructuralTokenSerializesStructureChanges ....................................................   Passed    0.00 sec
          Start   70: FrameGraphParallel.CommitTokenOrdersCommitAndExtraction
  63/4150 Test   #70: FrameGraphParallel.CommitTokenOrdersCommitAndExtraction .........................................................   Passed    0.00 sec
          Start   71: FrameGraphParallel.MainThreadOnlyPassRunsOnCallerThread
  64/4150 Test   #71: FrameGraphParallel.MainThreadOnlyPassRunsOnCallerThread .........................................................   Passed    0.01 sec
          Start   72: FrameGraphParallel.GraphLocalCompletionDoesNotWaitForUnrelatedSchedulerWork
  65/4150 Test   #72: FrameGraphParallel.GraphLocalCompletionDoesNotWaitForUnrelatedSchedulerWork .....................................   Passed    0.32 sec
          Start   73: FrameGraphParallel.DeterministicSingleThreadFallbackOrder
  66/4150 Test   #73: FrameGraphParallel.DeterministicSingleThreadFallbackOrder .......................................................   Passed    0.00 sec
          Start   74: CoreTaskGraphStress.OneThousandPassMixedHazardGraphCompilesFast
  67/4150 Test   #74: CoreTaskGraphStress.OneThousandPassMixedHazardGraphCompilesFast .................................................   Passed    0.00 sec
          Start   75: CoreTaskGraphStress.TenThousandIndependentPassesCompileDeterministically
  68/4150 Test   #75: CoreTaskGraphStress.TenThousandIndependentPassesCompileDeterministically ........................................   Passed    0.02 sec
          Start   76: CoreTaskGraphStress.WideGraphExecutesAcrossWorkerThreads
  69/4150 Test   #76: CoreTaskGraphStress.WideGraphExecutesAcrossWorkerThreads ........................................................   Passed    0.02 sec
          Start   77: CoreTaskGraphStress.DeepGraphExecutionRespectsExactDependencyChain
  70/4150 Test   #77: CoreTaskGraphStress.DeepGraphExecutionRespectsExactDependencyChain ..............................................   Passed    0.00 sec
          Start   78: CoreTaskGraphStress.ReusingGraphAcrossEpochsDoesNotGrowRetainedMemory
  71/4150 Test   #78: CoreTaskGraphStress.ReusingGraphAcrossEpochsDoesNotGrowRetainedMemory ...........................................   Passed    0.06 sec
          Start   79: CoreProcess.EmptyExecutableFailsToSpawn
  72/4150 Test   #79: CoreProcess.EmptyExecutableFailsToSpawn .........................................................................   Passed    0.00 sec
          Start   80: CoreProcess.RunTrueReturnsZeroExitCode
  73/4150 Test   #80: CoreProcess.RunTrueReturnsZeroExitCode ..........................................................................   Passed    0.00 sec
          Start   81: CoreProcess.RunFalseReturnsNonZeroExitCode
  74/4150 Test   #81: CoreProcess.RunFalseReturnsNonZeroExitCode ......................................................................   Passed    0.00 sec
          Start   82: CoreProcess.CapturesStdoutAndStderrIndependently
  75/4150 Test   #82: CoreProcess.CapturesStdoutAndStderrIndependently ................................................................   Passed    0.00 sec
          Start   83: CoreProcess.ArgumentsWithSpacesQuotesAndDollarSignsAreLiteral
  76/4150 Test   #83: CoreProcess.ArgumentsWithSpacesQuotesAndDollarSignsAreLiteral ...................................................   Passed    0.00 sec
          Start   84: CoreProcess.CaptureDisabledRoutesOutputToDevNull
  77/4150 Test   #84: CoreProcess.CaptureDisabledRoutesOutputToDevNull ................................................................   Passed    0.00 sec
          Start   85: CoreProcess.TimeoutWithoutCaptureKillsProcess
  78/4150 Test   #85: CoreProcess.TimeoutWithoutCaptureKillsProcess ...................................................................   Passed    0.21 sec
          Start   86: CoreProcess.TimeoutWithCapturePreservesPartialOutput
  79/4150 Test   #86: CoreProcess.TimeoutWithCapturePreservesPartialOutput ............................................................   Passed    0.51 sec
          Start   87: CoreProcess.WorkingDirectoryIsRespected
  80/4150 Test   #87: CoreProcess.WorkingDirectoryIsRespected .........................................................................   Passed    0.00 sec
          Start   88: CoreProcess.IsExecutableAvailableReportsPresence
  81/4150 Test   #88: CoreProcess.IsExecutableAvailableReportsPresence ................................................................   Passed    0.05 sec
          Start   89: CoreProcess.SignalKilledProcessReturns128PlusSignal
  82/4150 Test   #89: CoreProcess.SignalKilledProcessReturns128PlusSignal .............................................................   Passed    0.00 sec
          Start   90: CoreProcess.LargeOutputIsCapturedFully
  83/4150 Test   #90: CoreProcess.LargeOutputIsCapturedFully ..........................................................................   Passed    0.00 sec
          Start   91: GraphicsGpuWorld.Smoke_AllocateUploadSyncShutdown
  84/4150 Test   #91: GraphicsGpuWorld.Smoke_AllocateUploadSyncShutdown ...............................................................   Passed    0.00 sec
          Start   92: GraphicsGpuWorld.GeometryRebindSubmitsUploadBarriersBeforeNextConsumers
  85/4150 Test   #92: GraphicsGpuWorld.GeometryRebindSubmitsUploadBarriersBeforeNextConsumers .........................................   Passed    0.00 sec
          Start   93: GraphicsGpuWorld.GeometryUploadPublishesOptionalVertexColorStreamBda
  86/4150 Test   #93: GraphicsGpuWorld.GeometryUploadPublishesOptionalVertexColorStreamBda ............................................   Passed    0.00 sec
          Start   94: GraphicsGpuWorld.GeometryUpload_UsesVertexUnitsForOffsets
  87/4150 Test   #94: GraphicsGpuWorld.GeometryUpload_UsesVertexUnitsForOffsets .......................................................   Passed    0.00 sec
          Start   95: GraphicsGpuWorld.FreeGeometry_InvalidatesLiveInstanceGeometrySlots
  88/4150 Test   #95: GraphicsGpuWorld.FreeGeometry_InvalidatesLiveInstanceGeometrySlots ..............................................   Passed    0.00 sec
          Start   96: GraphicsCullingSystem.Smoke_InitializeBucketsAndDispatchPath
  89/4150 Test   #96: GraphicsCullingSystem.Smoke_InitializeBucketsAndDispatchPath ....................................................   Passed    0.00 sec
          Start   97: GraphicsCullingSystem.TeleportSnapshotTreatsCandidatesAsPhase1Visible
  90/4150 Test   #97: GraphicsCullingSystem.TeleportSnapshotTreatsCandidatesAsPhase1Visible ...........................................   Passed    0.00 sec
          Start   98: GraphicsRenderGraph.EmptyGraphCompiles
  91/4150 Test   #98: GraphicsRenderGraph.EmptyGraphCompiles ..........................................................................   Passed    0.00 sec
          Start   99: GraphicsRenderGraph.ResetClearsPasses
  92/4150 Test   #99: GraphicsRenderGraph.ResetClearsPasses ...........................................................................   Passed    0.00 sec
          Start  100: GraphicsRenderGraph.ImportBackbufferReturnsValidTextureRef
  93/4150 Test  #100: GraphicsRenderGraph.ImportBackbufferReturnsValidTextureRef ......................................................   Passed    0.00 sec
          Start  101: GraphicsRenderGraph.ImportedTextureIsNotAliasEligible
  94/4150 Test  #101: GraphicsRenderGraph.ImportedTextureIsNotAliasEligible ...........................................................   Passed    0.00 sec
          Start  102: GraphicsRenderGraph.TransientTextureStartsUndefined
  95/4150 Test  #102: GraphicsRenderGraph.TransientTextureStartsUndefined .............................................................   Passed    0.00 sec
          Start  103: GraphicsRenderGraph.InvalidGenerationFailsValidation
  96/4150 Test  #103: GraphicsRenderGraph.InvalidGenerationFailsValidation ............................................................   Passed    0.00 sec
          Start  104: GraphicsRenderGraph.DuplicateDebugNamesAreAllowed
  97/4150 Test  #104: GraphicsRenderGraph.DuplicateDebugNamesAreAllowed ...............................................................   Passed    0.00 sec
          Start  105: GraphicsRenderGraph.PassWithDeclaredReadCompiles
  98/4150 Test  #105: GraphicsRenderGraph.PassWithDeclaredReadCompiles ................................................................   Passed    0.00 sec
          Start  106: GraphicsRenderGraph.PassWithDeclaredWriteCompiles
  99/4150 Test  #106: GraphicsRenderGraph.PassWithDeclaredWriteCompiles ...............................................................   Passed    0.00 sec
          Start  107: GraphicsRenderGraph.InvalidResourceRefFailsCompile
 100/4150 Test  #107: GraphicsRenderGraph.InvalidResourceRefFailsCompile ..............................................................   Passed    0.00 sec
          Start  108: GraphicsRenderGraph.CannotWriteReadOnlyImportedTexture
 101/4150 Test  #108: GraphicsRenderGraph.CannotWriteReadOnlyImportedTexture ..........................................................   Passed    0.00 sec
          Start  109: GraphicsRenderGraph.SideEffectPassIsNotCulled
 102/4150 Test  #109: GraphicsRenderGraph.SideEffectPassIsNotCulled ...................................................................   Passed    0.00 sec
          Start  110: GraphicsRenderGraph.WriteThenReadCreatesDependency
 103/4150 Test  #110: GraphicsRenderGraph.WriteThenReadCreatesDependency ..............................................................   Passed    0.00 sec
          Start  111: GraphicsRenderGraph.ReadThenWriteCreatesDependency
 104/4150 Test  #111: GraphicsRenderGraph.ReadThenWriteCreatesDependency ..............................................................   Passed    0.00 sec
          Start  112: GraphicsRenderGraph.WriteThenWriteCreatesDependency
 105/4150 Test  #112: GraphicsRenderGraph.WriteThenWriteCreatesDependency .............................................................   Passed    0.00 sec
          Start  113: GraphicsRenderGraph.CrossQueueReadReadAddsQueueHandoffPlaceholderEdge
 106/4150 Test  #113: GraphicsRenderGraph.CrossQueueReadReadAddsQueueHandoffPlaceholderEdge ...........................................   Passed    0.00 sec
          Start  114: GraphicsRenderGraph.ExplicitDependencyOrdersIndependentPasses
 107/4150 Test  #114: GraphicsRenderGraph.ExplicitDependencyOrdersIndependentPasses ...................................................   Passed    0.00 sec
          Start  115: GraphicsRenderGraph.IndependentSideEffectPassesCompileInDeterministicOrder
 108/4150 Test  #115: GraphicsRenderGraph.IndependentSideEffectPassesCompileInDeterministicOrder ......................................   Passed    0.00 sec
          Start  116: GraphicsRenderGraph.InvalidExplicitDependencyFailsCompile
 109/4150 Test  #116: GraphicsRenderGraph.InvalidExplicitDependencyFailsCompile .......................................................   Passed    0.00 sec
          Start  117: GraphicsRenderGraph.DependencyCycleReportsPassNamesInDiagnostic
 110/4150 Test  #117: GraphicsRenderGraph.DependencyCycleReportsPassNamesInDiagnostic .................................................   Passed    0.00 sec
          Start  118: GraphicsRenderGraph.TransientLifetimesUseTopologicalExecutionOrder
 111/4150 Test  #118: GraphicsRenderGraph.TransientLifetimesUseTopologicalExecutionOrder ..............................................   Passed    0.00 sec
          Start  119: GraphicsRenderGraph.AliasReuseBarriersUseTopologicalPassIndex
 112/4150 Test  #119: GraphicsRenderGraph.AliasReuseBarriersUseTopologicalPassIndex ...................................................   Passed    0.00 sec
          Start  120: GraphicsRenderGraph.InvalidPresentTargetFailsValidation
 113/4150 Test  #120: GraphicsRenderGraph.InvalidPresentTargetFailsValidation .........................................................   Passed    0.00 sec
          Start  121: GraphicsRenderGraph.PresentOnImportedBackbufferCompiles
 114/4150 Test  #121: GraphicsRenderGraph.PresentOnImportedBackbufferCompiles .........................................................   Passed    0.00 sec
          Start  122: GraphicsRenderGraph.UnusedTransientProducerIsCulled
 115/4150 Test  #122: GraphicsRenderGraph.UnusedTransientProducerIsCulled .............................................................   Passed    0.00 sec
          Start  123: GraphicsRenderGraph.PresentChainKeepsProducerPasses
 116/4150 Test  #123: GraphicsRenderGraph.PresentChainKeepsProducerPasses .............................................................   Passed    0.00 sec
          Start  124: GraphicsRenderGraph.SelectionOutlineReadDependenciesOrderAfterDepthAndGBuffer
 117/4150 Test  #124: GraphicsRenderGraph.SelectionOutlineReadDependenciesOrderAfterDepthAndGBuffer ...................................   Passed    0.00 sec
          Start  125: GraphicsRenderGraph.ImportedResourceWriterIsNotCulled
 118/4150 Test  #125: GraphicsRenderGraph.ImportedResourceWriterIsNotCulled ...........................................................   Passed    0.00 sec
          Start  126: GraphicsRenderGraph.ImportedBufferHandleIsPreservedAcrossCompileAndReset
 119/4150 Test  #126: GraphicsRenderGraph.ImportedBufferHandleIsPreservedAcrossCompileAndReset ........................................   Passed    0.00 sec
          Start  127: GraphicsRenderGraph.ImportedBuffersNeverAliasTransientBuffers
 120/4150 Test  #127: GraphicsRenderGraph.ImportedBuffersNeverAliasTransientBuffers ...................................................   Passed    0.00 sec
          Start  128: GraphicsRenderGraph.LifetimeFirstAndLastUseTracksPassIndices
 121/4150 Test  #128: GraphicsRenderGraph.LifetimeFirstAndLastUseTracksPassIndices ....................................................   Passed    0.00 sec
          Start  129: GraphicsRenderGraph.BarriersTransitionFromUndefinedToColorWriteThenShaderRead
 122/4150 Test  #129: GraphicsRenderGraph.BarriersTransitionFromUndefinedToColorWriteThenShaderRead ...................................   Passed    0.00 sec
          Start  130: GraphicsRenderGraph.ImportedBufferUsesInitialStateForFirstBarrier
 123/4150 Test  #130: GraphicsRenderGraph.ImportedBufferUsesInitialStateForFirstBarrier ...............................................   Passed    0.00 sec
          Start  131: GraphicsRenderGraph.ImportedIndirectBufferTransitionsFromShaderWriteToIndirectRead
 124/4150 Test  #131: GraphicsRenderGraph.ImportedIndirectBufferTransitionsFromShaderWriteToIndirectRead ..............................   Passed    0.00 sec
          Start  132: GraphicsRenderGraph.DepthWriteThenDepthReadEmitsTransition
 125/4150 Test  #132: GraphicsRenderGraph.DepthWriteThenDepthReadEmitsTransition ......................................................   Passed    0.00 sec
          Start  133: GraphicsRenderGraph.TransferDstThenShaderReadEmitsTransition
 126/4150 Test  #133: GraphicsRenderGraph.TransferDstThenShaderReadEmitsTransition ....................................................   Passed    0.00 sec
          Start  134: GraphicsRenderGraph.ImportedBackbufferFinalStateTransitionsToPresent
 127/4150 Test  #134: GraphicsRenderGraph.ImportedBackbufferFinalStateTransitionsToPresent ............................................   Passed    0.00 sec
          Start  135: GraphicsRenderGraph.RepeatedShaderReadsDoNotEmitRedundantBarrier
 128/4150 Test  #135: GraphicsRenderGraph.RepeatedShaderReadsDoNotEmitRedundantBarrier ................................................   Passed    0.00 sec
          Start  136: GraphicsRenderGraph.ExecuteEmptyGraphSucceeds
 129/4150 Test  #136: GraphicsRenderGraph.ExecuteEmptyGraphSucceeds ...................................................................   Passed    0.00 sec
          Start  137: GraphicsRenderGraph.ExecutePresentChainRecordsPassOrderAndBarriers
 130/4150 Test  #137: GraphicsRenderGraph.ExecutePresentChainRecordsPassOrderAndBarriers ..............................................   Passed    0.00 sec
          Start  138: GraphicsRenderGraph.ExecuteInterleavesBarriersWithPassesAndEmitsFinalBarrierLast
 131/4150 Test  #138: GraphicsRenderGraph.ExecuteInterleavesBarriersWithPassesAndEmitsFinalBarrierLast ................................   Passed    0.00 sec
          Start  139: GraphicsRenderGraph.ExecuteFailsWhenBarrierReferencesInvalidResource
 132/4150 Test  #139: GraphicsRenderGraph.ExecuteFailsWhenBarrierReferencesInvalidResource ............................................   Passed    0.00 sec
          Start  140: GraphicsRenderGraph.ExecuteFailsWhenResolveRequestsUndeclaredTexture
 133/4150 Test  #140: GraphicsRenderGraph.ExecuteFailsWhenResolveRequestsUndeclaredTexture ............................................   Passed    0.00 sec
          Start  141: GraphicsRenderGraph.DebugDumpContainsPassOrderAndResourceSections
 134/4150 Test  #141: GraphicsRenderGraph.DebugDumpContainsPassOrderAndResourceSections ...............................................   Passed    0.00 sec
          Start  142: GraphicsRenderGraph.TransientResourcesAllocateHandlesForUsedVirtualResources
 135/4150 Test  #142: GraphicsRenderGraph.TransientResourcesAllocateHandlesForUsedVirtualResources ....................................   Passed    0.00 sec
          Start  143: GraphicsRenderGraph.TransientPlacementReportsNaivePeakAndAliasHazards
 136/4150 Test  #143: GraphicsRenderGraph.TransientPlacementReportsNaivePeakAndAliasHazards ...........................................   Passed    0.00 sec
          Start  144: GraphicsRenderGraph.TransientPlacementAliasingDisabledEqualsNaiveAndOmitsHazards
 137/4150 Test  #144: GraphicsRenderGraph.TransientPlacementAliasingDisabledEqualsNaiveAndOmitsHazards ................................   Passed    0.00 sec
          Start  145: GraphicsRenderGraph.TransientPlacementDoesNotOverlapLiveRanges
 138/4150 Test  #145: GraphicsRenderGraph.TransientPlacementDoesNotOverlapLiveRanges ..................................................   Passed    0.00 sec
          Start  146: GraphicsRenderGraph.TransientPlacementIsDeterministicForFixedGraph
 139/4150 Test  #146: GraphicsRenderGraph.TransientPlacementIsDeterministicForFixedGraph ..............................................   Passed    0.00 sec
          Start  147: GraphicsRenderGraph.TransientAllocatorReusesCompatibleHandlesAcrossFrames
 140/4150 Test  #147: GraphicsRenderGraph.TransientAllocatorReusesCompatibleHandlesAcrossFrames .......................................   Passed    0.00 sec
          Start  148: GraphicsRenderGraph.ImportedResourcesNeverCountAsTransientAllocations
 141/4150 Test  #148: GraphicsRenderGraph.ImportedResourcesNeverCountAsTransientAllocations ...........................................   Passed    0.00 sec
          Start  149: GraphicsRenderGraph.IncompatibleTransientDescriptorAllocatesNewHandle
 142/4150 Test  #149: GraphicsRenderGraph.IncompatibleTransientDescriptorAllocatesNewHandle ...........................................   Passed    0.00 sec
          Start  150: GraphicsRenderGraph.NonOverlappingCompatibleTransientTexturesAliasWithinFrame
 143/4150 Test  #150: GraphicsRenderGraph.NonOverlappingCompatibleTransientTexturesAliasWithinFrame ...................................   Passed    0.00 sec
          Start  151: GraphicsRenderGraph.OverlappingCompatibleTransientTexturesDoNotAlias
 144/4150 Test  #151: GraphicsRenderGraph.OverlappingCompatibleTransientTexturesDoNotAlias ............................................   Passed    0.00 sec
          Start  152: GraphicsRenderGraph.NonCompatibleTransientTexturesDoNotAliasEvenWhenNonOverlapping
 145/4150 Test  #152: GraphicsRenderGraph.NonCompatibleTransientTexturesDoNotAliasEvenWhenNonOverlapping ..............................   Passed    0.00 sec
          Start  153: GraphicsRenderGraph.ImportedTextureNeverAliasesTransientTexture
 146/4150 Test  #153: GraphicsRenderGraph.ImportedTextureNeverAliasesTransientTexture .................................................   Passed    0.00 sec
          Start  154: GraphicsRenderGraph.TransientAliasingTogglePreservesLogicalPassOrderAndBarriers
 147/4150 Test  #154: GraphicsRenderGraph.TransientAliasingTogglePreservesLogicalPassOrderAndBarriers .................................   Passed    0.00 sec
          Start  155: GraphicsRenderer.NullRendererExecutesRenderGraphPath
 148/4150 Test  #155: GraphicsRenderer.NullRendererExecutesRenderGraphPath ............................................................   Passed    0.08 sec
          Start  156: GraphicsRenderer.NullRendererReusesCompiledGraphForSteadyStateFrames
 149/4150 Test  #156: GraphicsRenderer.NullRendererReusesCompiledGraphForSteadyStateFrames ............................................   Passed    0.08 sec
          Start  157: GraphicsRenderer.NullRendererRecompilesOnFeatureAndSizingChangesAndRebindsImports
 150/4150 Test  #157: GraphicsRenderer.NullRendererRecompilesOnFeatureAndSizingChangesAndRebindsImports ...............................   Passed    0.12 sec
          Start  158: GraphicsRenderer.NullRendererCachedDebugDumpMatchesInitialCompileWhenEnabled
 151/4150 Test  #158: GraphicsRenderer.NullRendererCachedDebugDumpMatchesInitialCompileWhenEnabled ....................................   Passed    0.08 sec
          Start  159: GraphicsRenderer.NullRendererForwardDebugDumpContainsCanonicalPassesAndDataflowOrder
 152/4150 Test  #159: GraphicsRenderer.NullRendererForwardDebugDumpContainsCanonicalPassesAndDataflowOrder ............................   Passed    0.07 sec
          Start  160: GraphicsRenderer.NullRendererDeferredDebugDumpPlacesCompositionBetweenSurfaceAndLine
 153/4150 Test  #160: GraphicsRenderer.NullRendererDeferredDebugDumpPlacesCompositionBetweenSurfaceAndLine ............................   Passed    0.07 sec
          Start  161: GraphicsRenderer.NullRendererEnablesDebugChainWhenRequested
 154/4150 Test  #161: GraphicsRenderer.NullRendererEnablesDebugChainWhenRequested .....................................................   Passed    0.07 sec
          Start  162: GraphicsRenderer.NullRendererAddsPickingPassWhenPickIsPending
 155/4150 Test  #162: GraphicsRenderer.NullRendererAddsPickingPassWhenPickIsPending ...................................................   Passed    0.07 sec
          Start  163: GraphicsRenderer.NullRendererExecuteFrameRequiresPreparePhase
 156/4150 Test  #163: GraphicsRenderer.NullRendererExecuteFrameRequiresPreparePhase ...................................................   Passed    0.03 sec
          Start  164: GraphicsRenderer.NullRendererPrepareBeforeExtractPreventsExecute
 157/4150 Test  #164: GraphicsRenderer.NullRendererPrepareBeforeExtractPreventsExecute ................................................   Passed    0.03 sec
          Start  165: CoreIndexedHeap.PopsInNonDecreasingKeyOrder
 158/4150 Test  #165: CoreIndexedHeap.PopsInNonDecreasingKeyOrder .....................................................................   Passed    0.00 sec
          Start  166: CoreIndexedHeap.DeterministicTieBreakByValue
 159/4150 Test  #166: CoreIndexedHeap.DeterministicTieBreakByValue ....................................................................   Passed    0.00 sec
          Start  167: CoreIndexedHeap.DuplicatePushRejected
 160/4150 Test  #167: CoreIndexedHeap.DuplicatePushRejected ...........................................................................   Passed    0.00 sec
          Start  168: CoreIndexedHeap.DecreaseKeySurfacesValue
 161/4150 Test  #168: CoreIndexedHeap.DecreaseKeySurfacesValue ........................................................................   Passed    0.00 sec
          Start  169: CoreIndexedHeap.DecreaseKeyRejectsIncrease
 162/4150 Test  #169: CoreIndexedHeap.DecreaseKeyRejectsIncrease ......................................................................   Passed    0.00 sec
          Start  170: CoreIndexedHeap.RemoveInteriorMatchesHeapWithoutValue
 163/4150 Test  #170: CoreIndexedHeap.RemoveInteriorMatchesHeapWithoutValue ...........................................................   Passed    0.00 sec
          Start  171: CoreIndexedHeap.RandomizedParityWithSortedReference
 164/4150 Test  #171: CoreIndexedHeap.RandomizedParityWithSortedReference .............................................................   Passed    0.00 sec
          Start  172: CoreIndexedHeap.RandomizedOperationParityWithBruteForceReference
 165/4150 Test  #172: CoreIndexedHeap.RandomizedOperationParityWithBruteForceReference ................................................   Passed    0.00 sec
          Start  173: CoreIndexedHeap.FailClosedOnEmpty
 166/4150 Test  #173: CoreIndexedHeap.FailClosedOnEmpty ...............................................................................   Passed    0.00 sec
          Start  174: CoreError.ErrorCodeToStringCoversAllCodes
 167/4150 Test  #174: CoreError.ErrorCodeToStringCoversAllCodes .......................................................................   Passed    0.00 sec
          Start  175: CoreError.UnknownCodeMapsToUnknown
 168/4150 Test  #175: CoreError.UnknownCodeMapsToUnknown ..............................................................................   Passed    0.00 sec
          Start  176: CoreError.OkCreatesSuccessValue
 169/4150 Test  #176: CoreError.OkCreatesSuccessValue .................................................................................   Passed    0.00 sec
          Start  177: CoreError.ErrCreatesErrorValue
 170/4150 Test  #177: CoreError.ErrCreatesErrorValue ..................................................................................   Passed    0.00 sec
          Start  178: CoreError.ResultOkIsSuccess
 171/4150 Test  #178: CoreError.ResultOkIsSuccess .....................................................................................   Passed    0.00 sec
          Start  179: CoreError.ResultErrIsError
 172/4150 Test  #179: CoreError.ResultErrIsError ......................................................................................   Passed    0.00 sec
          Start  180: CoreError.MonadicAndThenChaining
 173/4150 Test  #180: CoreError.MonadicAndThenChaining ................................................................................   Passed    0.00 sec
          Start  181: CoreError.MonadicTransform
 174/4150 Test  #181: CoreError.MonadicTransform ......................................................................................   Passed    0.00 sec
          Start  182: CoreError.MonadicOrElse
 175/4150 Test  #182: CoreError.MonadicOrElse .........................................................................................   Passed    0.00 sec
          Start  183: CoreError.ErrorCodeCategories
 176/4150 Test  #183: CoreError.ErrorCodeCategories ...................................................................................   Passed    0.00 sec
          Start  184: LogRingBuffer.InitiallyEmpty
 177/4150 Test  #184: LogRingBuffer.InitiallyEmpty ....................................................................................   Passed    0.00 sec
          Start  185: LogRingBuffer.SingleEntry
 178/4150 Test  #185: LogRingBuffer.SingleEntry .......................................................................................   Passed    0.00 sec
          Start  186: LogRingBuffer.MultipleLevels
 179/4150 Test  #186: LogRingBuffer.MultipleLevels ....................................................................................   Passed    0.00 sec
          Start  187: LogRingBuffer.ChronologicalOrder
 180/4150 Test  #187: LogRingBuffer.ChronologicalOrder ................................................................................   Passed    0.00 sec
          Start  188: LogRingBuffer.ClearResetsEntriesButNotSequence
 181/4150 Test  #188: LogRingBuffer.ClearResetsEntriesButNotSequence ..................................................................   Passed    0.00 sec
          Start  189: LogRingBuffer.SequenceMonotonicallyIncreases
 182/4150 Test  #189: LogRingBuffer.SequenceMonotonicallyIncreases ....................................................................   Passed    0.00 sec
          Start  190: LogRingBuffer.SnapshotSequenceMatchesAtomicSequence
 183/4150 Test  #190: LogRingBuffer.SnapshotSequenceMatchesAtomicSequence .............................................................   Passed    0.00 sec
          Start  191: LogRingBuffer.OverwritesOldestWhenFull
 184/4150 Test  #191: LogRingBuffer.OverwritesOldestWhenFull ..........................................................................   Passed    0.00 sec
          Start  192: LogRingBuffer.DebugLevelCaptured
 185/4150 Test  #192: LogRingBuffer.DebugLevelCaptured ................................................................................   Passed    0.00 sec
          Start  193: ECSSceneRegistry.CreatedEntityIsValid
 186/4150 Test  #193: ECSSceneRegistry.CreatedEntityIsValid ...........................................................................   Passed    0.00 sec
          Start  194: ECSSceneRegistry.DestroyedEntityIsInvalid
 187/4150 Test  #194: ECSSceneRegistry.DestroyedEntityIsInvalid .......................................................................   Passed    0.00 sec
          Start  195: ECSSceneRegistry.DistinctCreatesProduceDistinctHandles
 188/4150 Test  #195: ECSSceneRegistry.DistinctCreatesProduceDistinctHandles ..........................................................   Passed    0.00 sec
          Start  196: ECSSceneRegistry.ClearInvalidatesAllEntities
 189/4150 Test  #196: ECSSceneRegistry.ClearInvalidatesAllEntities ....................................................................   Passed    0.00 sec
          Start  197: ECSSceneRegistry.RawAccessorExposesEnttRegistryForComponents
 190/4150 Test  #197: ECSSceneRegistry.RawAccessorExposesEnttRegistryForComponents ....................................................   Passed    0.00 sec
          Start  198: ECSSceneRegistry.RawConstAccessorIsReadOnly
 191/4150 Test  #198: ECSSceneRegistry.RawConstAccessorIsReadOnly .....................................................................   Passed    0.00 sec
          Start  199: ECSSceneRegistry.InvalidHandleIsNotValid
 192/4150 Test  #199: ECSSceneRegistry.InvalidHandleIsNotValid ........................................................................   Passed    0.00 sec
          Start  200: ECSSceneBootstrap.CreateDefaultEmplacesAllPromotedDefaults
 193/4150 Test  #200: ECSSceneBootstrap.CreateDefaultEmplacesAllPromotedDefaults ......................................................   Passed    0.00 sec
          Start  201: ECSSceneBootstrap.CreateDefaultStoresProvidedEntityName
 194/4150 Test  #201: ECSSceneBootstrap.CreateDefaultStoresProvidedEntityName .........................................................   Passed    0.00 sec
          Start  202: ECSSceneBootstrap.CreateDefaultInitializesIdentityTransformAndWorldMatrix
 195/4150 Test  #202: ECSSceneBootstrap.CreateDefaultInitializesIdentityTransformAndWorldMatrix .......................................   Passed    0.00 sec
          Start  203: ECSSceneBootstrap.CreateDefaultLeavesHierarchyDetached
 196/4150 Test  #203: ECSSceneBootstrap.CreateDefaultLeavesHierarchyDetached ..........................................................   Passed    0.00 sec
          Start  204: ECSSceneBootstrap.CreateDefaultDoesNotEmplaceDirtyTransformTags
 197/4150 Test  #204: ECSSceneBootstrap.CreateDefaultDoesNotEmplaceDirtyTransformTags .................................................   Passed    0.00 sec
          Start  205: ECSSceneBootstrap.EmplaceDefaultsOnPreCreatedEntityMatchesCreateDefault
 198/4150 Test  #205: ECSSceneBootstrap.EmplaceDefaultsOnPreCreatedEntityMatchesCreateDefault .........................................   Passed    0.00 sec
          Start  206: ECSSceneBootstrap.DistinctCreateDefaultsProduceDistinctHandlesAndStorage
 199/4150 Test  #206: ECSSceneBootstrap.DistinctCreateDefaultsProduceDistinctHandlesAndStorage ........................................   Passed    0.00 sec
          Start  207: ECSSceneBootstrap.DestroyRemovesAllBootstrapComponents
 200/4150 Test  #207: ECSSceneBootstrap.DestroyRemovesAllBootstrapComponents ..........................................................   Passed    0.00 sec
          Start  208: ECSSceneBootstrap.ClearInvalidatesAllBootstrappedEntities
 201/4150 Test  #208: ECSSceneBootstrap.ClearInvalidatesAllBootstrappedEntities .......................................................   Passed    0.00 sec
          Start  209: ECSHierarchy.AttachSetsParentChildPointersAndChildCount
 202/4150 Test  #209: ECSHierarchy.AttachSetsParentChildPointersAndChildCount .........................................................   Passed    0.00 sec
          Start  210: ECSHierarchy.AttachIsHeadInsertionAndLinksOldHeadAsNextSibling
 203/4150 Test  #210: ECSHierarchy.AttachIsHeadInsertionAndLinksOldHeadAsNextSibling ..................................................   Passed    0.00 sec
          Start  211: ECSHierarchy.DetachClearsLinksAndDecrementsChildCount
 204/4150 Test  #211: ECSHierarchy.DetachClearsLinksAndDecrementsChildCount ...........................................................   Passed    0.00 sec
          Start  212: ECSHierarchy.DetachMiddleSiblingPreservesChainIntegrity
 205/4150 Test  #212: ECSHierarchy.DetachMiddleSiblingPreservesChainIntegrity .........................................................   Passed    0.00 sec
          Start  213: ECSHierarchy.AttachToInvalidHandleIsNoOp
 206/4150 Test  #213: ECSHierarchy.AttachToInvalidHandleIsNoOp ........................................................................   Passed    0.00 sec
          Start  214: ECSHierarchy.AttachSelfRejected
 207/4150 Test  #214: ECSHierarchy.AttachSelfRejected .................................................................................   Passed    0.00 sec
          Start  215: ECSHierarchy.AttachCycleRejected
 208/4150 Test  #215: ECSHierarchy.AttachCycleRejected ................................................................................   Passed    0.00 sec
          Start  216: ECSHierarchy.AttachToSameParentIsIdempotent
 209/4150 Test  #216: ECSHierarchy.AttachToSameParentIsIdempotent .....................................................................   Passed    0.00 sec
          Start  217: ECSHierarchy.ReparentMovesChildBetweenParents
 210/4150 Test  #217: ECSHierarchy.ReparentMovesChildBetweenParents ...................................................................   Passed    0.00 sec
          Start  218: ECSHierarchy.ReparentingPreservesChildWorldPosition
 211/4150 Test  #218: ECSHierarchy.ReparentingPreservesChildWorldPosition .............................................................   Passed    0.00 sec
          Start  219: ECSHierarchy.ReparentingWithSingularParentResetsLocalToIdentity
 212/4150 Test  #219: ECSHierarchy.ReparentingWithSingularParentResetsLocalToIdentity .................................................   Passed    0.00 sec
          Start  220: ECSHierarchy.AttachMarksChildDirtyEvenWhenParentTransformNotReady
 213/4150 Test  #220: ECSHierarchy.AttachMarksChildDirtyEvenWhenParentTransformNotReady ...............................................   Passed    0.00 sec
          Start  221: ECSHierarchy.StructureValidateInvariantsHoldsForLinkedChildren
 214/4150 Test  #221: ECSHierarchy.StructureValidateInvariantsHoldsForLinkedChildren ..................................................   Passed    0.00 sec
          Start  222: ECSHierarchy.IsDescendantWalksAncestryChain
 215/4150 Test  #222: ECSHierarchy.IsDescendantWalksAncestryChain .....................................................................   Passed    0.00 sec
          Start  223: ECSHierarchy.CollectQueriesPreserveOrderLeafSemanticsAndDeterminism
 216/4150 Test  #223: ECSHierarchy.CollectQueriesPreserveOrderLeafSemanticsAndDeterminism .............................................   Passed    0.00 sec
          Start  224: ECSHierarchy.CollectQueriesRejectInvalidDanglingAndMissingDataWithoutPrefixes
 217/4150 Test  #224: ECSHierarchy.CollectQueriesRejectInvalidDanglingAndMissingDataWithoutPrefixes ...................................   Passed    0.00 sec
          Start  225: ECSHierarchy.CollectChildrenRejectsParentBacklinkAndCountCorruption
 218/4150 Test  #225: ECSHierarchy.CollectChildrenRejectsParentBacklinkAndCountCorruption .............................................   Passed    0.00 sec
          Start  226: ECSHierarchy.CollectQueriesRejectDuplicateLinksAndHierarchyCycles
 219/4150 Test  #226: ECSHierarchy.CollectQueriesRejectDuplicateLinksAndHierarchyCycles ...............................................   Passed    0.00 sec
          Start  227: ECSHierarchy.CollectQueriesFailClosedWhenTraversalLimitIsExceeded
 220/4150 Test  #227: ECSHierarchy.CollectQueriesFailClosedWhenTraversalLimitIsExceeded ...............................................   Passed    0.08 sec
          Start  228: ECSTransformHierarchy.RootDirtyEntityGetsWorldMatrixFromLocal
 221/4150 Test  #228: ECSTransformHierarchy.RootDirtyEntityGetsWorldMatrixFromLocal ...................................................   Passed    0.00 sec
          Start  229: ECSTransformHierarchy.NonDirtyRootIsSkipped
 222/4150 Test  #229: ECSTransformHierarchy.NonDirtyRootIsSkipped .....................................................................   Passed    0.00 sec
          Start  230: ECSTransformHierarchy.ChildWorldComposesParentTimesLocal
 223/4150 Test  #230: ECSTransformHierarchy.ChildWorldComposesParentTimesLocal ........................................................   Passed    0.00 sec
          Start  231: ECSTransformHierarchy.ParentDirtyPropagatesToCleanChild
 224/4150 Test  #231: ECSTransformHierarchy.ParentDirtyPropagatesToCleanChild .........................................................   Passed    0.00 sec
          Start  232: ECSTransformHierarchy.CleanSubtreeIsLeftAlone
 225/4150 Test  #232: ECSTransformHierarchy.CleanSubtreeIsLeftAlone ...................................................................   Passed    0.00 sec
          Start  233: ECSTransformHierarchy.OnUpdateDoesNotEmitGpuSyncDirtyTransform
 226/4150 Test  #233: ECSTransformHierarchy.OnUpdateDoesNotEmitGpuSyncDirtyTransform ..................................................   Passed    0.00 sec
          Start  234: ECSTransformHierarchy.EntityWithoutTransformIsIgnored
 227/4150 Test  #234: ECSTransformHierarchy.EntityWithoutTransformIsIgnored ...........................................................   Passed    0.00 sec
          Start  235: ECSBoundsPropagation.TranslatedRootProducesWorldBounds
 228/4150 Test  #235: ECSBoundsPropagation.TranslatedRootProducesWorldBounds ..........................................................   Passed    0.00 sec
          Start  236: ECSBoundsPropagation.NonUniformScaleStretchesExtentsPerAxis
 229/4150 Test  #236: ECSBoundsPropagation.NonUniformScaleStretchesExtentsPerAxis .....................................................   Passed    0.00 sec
          Start  237: ECSBoundsPropagation.ShearedWorldMatrixUsesTransformedAabbSphereInPureAndSystemPaths
 230/4150 Test  #237: ECSBoundsPropagation.ShearedWorldMatrixUsesTransformedAabbSphereInPureAndSystemPaths ............................   Passed    0.00 sec
          Start  238: ECSBoundsPropagation.RotationIsEmbeddedInWorldObb
 231/4150 Test  #238: ECSBoundsPropagation.RotationIsEmbeddedInWorldObb ...............................................................   Passed    0.00 sec
          Start  239: ECSBoundsPropagation.EntityWithoutWorldUpdatedTagIsSkipped
 232/4150 Test  #239: ECSBoundsPropagation.EntityWithoutWorldUpdatedTagIsSkipped ......................................................   Passed    0.00 sec
          Start  240: ECSBoundsPropagation.MissingLocalBoundsIsCountedAsSkipped
 233/4150 Test  #240: ECSBoundsPropagation.MissingLocalBoundsIsCountedAsSkipped .......................................................   Passed    0.00 sec
          Start  241: ECSBoundsPropagation.NonFiniteWorldMatrixIsCountedAndDoesNotOverwrite
 234/4150 Test  #241: ECSBoundsPropagation.NonFiniteWorldMatrixIsCountedAndDoesNotOverwrite ...........................................   Passed    0.00 sec
          Start  242: ECSBoundsPropagation.HierarchyChildInheritsParentTransformInWorldBounds
 235/4150 Test  #242: ECSBoundsPropagation.HierarchyChildInheritsParentTransformInWorldBounds .........................................   Passed    0.00 sec
          Start  243: ECSBoundsPropagation.FrameGraphRegistersAfterTransformHierarchy
 236/4150 Test  #243: ECSBoundsPropagation.FrameGraphRegistersAfterTransformHierarchy .................................................   Passed    0.00 sec
          Start  244: ECSColliderAuthoring.DescriptorsAreCpuOnlyValueTypes
 237/4150 Test  #244: ECSColliderAuthoring.DescriptorsAreCpuOnlyValueTypes ............................................................   Passed    0.00 sec
          Start  245: ECSColliderAuthoring.DefaultColliderIsEmptyButEnabled
 238/4150 Test  #245: ECSColliderAuthoring.DefaultColliderIsEmptyButEnabled ...........................................................   Passed    0.00 sec
          Start  246: ECSColliderAuthoring.SphereDescriptorStoresLocalPoseMaterialFilterAndTriggerDefaults
 239/4150 Test  #246: ECSColliderAuthoring.SphereDescriptorStoresLocalPoseMaterialFilterAndTriggerDefaults ............................   Passed    0.00 sec
          Start  247: ECSColliderAuthoring.CapsuleAndBoxDescriptorsRepresentFirstPhasePrimitives
 240/4150 Test  #247: ECSColliderAuthoring.CapsuleAndBoxDescriptorsRepresentFirstPhasePrimitives ......................................   Passed    0.00 sec
          Start  248: ECSColliderAuthoring.CompoundColliderUsesExplicitChildShapeLocalPoses
 241/4150 Test  #248: ECSColliderAuthoring.CompoundColliderUsesExplicitChildShapeLocalPoses ...........................................   Passed    0.00 sec
          Start  249: ECSColliderAuthoring.InvalidShapeDiagnosticsRejectBadDescriptors
 242/4150 Test  #249: ECSColliderAuthoring.InvalidShapeDiagnosticsRejectBadDescriptors ................................................   Passed    0.00 sec
          Start  250: ECSRigidBodyAuthoring.DefaultsDescribeExplicitStaticBodyIntent
 243/4150 Test  #250: ECSRigidBodyAuthoring.DefaultsDescribeExplicitStaticBodyIntent ..................................................   Passed    0.00 sec
          Start  251: ECSRigidBodyAuthoring.StaticKinematicAndDynamicHelpersSetMotionPolicies
 244/4150 Test  #251: ECSRigidBodyAuthoring.StaticKinematicAndDynamicHelpersSetMotionPolicies .........................................   Passed    0.00 sec
          Start  252: ECSRigidBodyAuthoring.InvalidBodyDiagnosticsRejectBadMassAndState
 245/4150 Test  #252: ECSRigidBodyAuthoring.InvalidBodyDiagnosticsRejectBadMassAndState ...............................................   Passed    0.00 sec
          Start  253: ECSRigidBodyAuthoring.ComponentCombinationsAreClassifiedWithoutRuntimeState
 246/4150 Test  #253: ECSRigidBodyAuthoring.ComponentCombinationsAreClassifiedWithoutRuntimeState .....................................   Passed    0.00 sec
          Start  254: ECSRenderSync.ForwardsWorldUpdatedTagToDirtyTransformAndClearsSource
 247/4150 Test  #254: ECSRenderSync.ForwardsWorldUpdatedTagToDirtyTransformAndClearsSource ............................................   Passed    0.00 sec
          Start  255: ECSRenderSync.IsNoOpWhenNoWorldUpdatedTagsArePresent
 248/4150 Test  #255: ECSRenderSync.IsNoOpWhenNoWorldUpdatedTagsArePresent ............................................................   Passed    0.00 sec
          Start  256: ECSRenderSync.RefreshesExistingDirtyTransformWithoutDuplicating
 249/4150 Test  #256: ECSRenderSync.RefreshesExistingDirtyTransformWithoutDuplicating .................................................   Passed    0.00 sec
          Start  257: ECSRenderSync.LeavesDirtyTransformOnEntitiesWithoutWorldUpdatedTag
 250/4150 Test  #257: ECSRenderSync.LeavesDirtyTransformOnEntitiesWithoutWorldUpdatedTag ..............................................   Passed    0.00 sec
          Start  258: ECSRenderSync.AccumulatesStatsAcrossMultipleEntities
 251/4150 Test  #258: ECSRenderSync.AccumulatesStatsAcrossMultipleEntities ............................................................   Passed    0.00 sec
          Start  259: ECSRenderSync.FrameGraphPipelineForwardsTagsAfterTransformAndBoundsPasses
 252/4150 Test  #259: ECSRenderSync.FrameGraphPipelineForwardsTagsAfterTransformAndBoundsPasses .......................................   Passed    0.00 sec
          Start  260: ECSEvents.SelectionChangedDefaultsToInvalidEntityHandle
 253/4150 Test  #260: ECSEvents.SelectionChangedDefaultsToInvalidEntityHandle .........................................................   Passed    0.00 sec
          Start  261: ECSEvents.SelectionChangedStoresProvidedEntity
 254/4150 Test  #261: ECSEvents.SelectionChangedStoresProvidedEntity ..................................................................   Passed    0.00 sec
          Start  262: ECSEvents.HoverChangedDefaultsToInvalidEntityHandle
 255/4150 Test  #262: ECSEvents.HoverChangedDefaultsToInvalidEntityHandle .............................................................   Passed    0.00 sec
          Start  263: ECSEvents.HoverChangedStoresProvidedEntity
 256/4150 Test  #263: ECSEvents.HoverChangedStoresProvidedEntity ......................................................................   Passed    0.00 sec
          Start  264: ECSEvents.EntitySpawnedDefaultsToInvalidEntityHandle
 257/4150 Test  #264: ECSEvents.EntitySpawnedDefaultsToInvalidEntityHandle ............................................................   Passed    0.00 sec
          Start  265: ECSEvents.EntitySpawnedStoresProvidedEntity
 258/4150 Test  #265: ECSEvents.EntitySpawnedStoresProvidedEntity .....................................................................   Passed    0.00 sec
          Start  266: ECSEvents.GeometryModifiedDefaultsToInvalidEntityHandle
 259/4150 Test  #266: ECSEvents.GeometryModifiedDefaultsToInvalidEntityHandle .........................................................   Passed    0.00 sec
          Start  267: ECSEvents.GeometryModifiedStoresProvidedEntity
 260/4150 Test  #267: ECSEvents.GeometryModifiedStoresProvidedEntity ..................................................................   Passed    0.00 sec
          Start  268: ECSEvents.AllPromotedEventsAreTriviallyCopyable
 261/4150 Test  #268: ECSEvents.AllPromotedEventsAreTriviallyCopyable .................................................................   Passed    0.00 sec
          Start  269: ECSEvents.DistinctEntitiesProduceDistinctSelectionChangedPayloads
 262/4150 Test  #269: ECSEvents.DistinctEntitiesProduceDistinctSelectionChangedPayloads ...............................................   Passed    0.00 sec
          Start  270: ECSGeometryDirtyDomains.MarkVertexPositionsDirtyStampsOnlyThatTag
 263/4150 Test  #270: ECSGeometryDirtyDomains.MarkVertexPositionsDirtyStampsOnlyThatTag ...............................................   Passed    0.00 sec
          Start  271: ECSGeometryDirtyDomains.MarkVertexAttributesDirtyStampsOnlyThatTag
 264/4150 Test  #271: ECSGeometryDirtyDomains.MarkVertexAttributesDirtyStampsOnlyThatTag ..............................................   Passed    0.00 sec
          Start  272: ECSGeometryDirtyDomains.MarkVertexTexcoordsDirtyStampsOnlyThatTag
 265/4150 Test  #272: ECSGeometryDirtyDomains.MarkVertexTexcoordsDirtyStampsOnlyThatTag ...............................................   Passed    0.00 sec
          Start  273: ECSGeometryDirtyDomains.MarkVertexNormalsDirtyStampsOnlyThatTag
 266/4150 Test  #273: ECSGeometryDirtyDomains.MarkVertexNormalsDirtyStampsOnlyThatTag .................................................   Passed    0.00 sec
          Start  274: ECSGeometryDirtyDomains.MarkVertexColorsDirtyStampsOnlyThatTag
 267/4150 Test  #274: ECSGeometryDirtyDomains.MarkVertexColorsDirtyStampsOnlyThatTag ..................................................   Passed    0.00 sec
          Start  275: ECSGeometryDirtyDomains.MarkEdgeTopologyDirtyStampsOnlyThatTag
 268/4150 Test  #275: ECSGeometryDirtyDomains.MarkEdgeTopologyDirtyStampsOnlyThatTag ..................................................   Passed    0.00 sec
          Start  276: ECSGeometryDirtyDomains.MarkFaceTopologyDirtyStampsOnlyThatTag
 269/4150 Test  #276: ECSGeometryDirtyDomains.MarkFaceTopologyDirtyStampsOnlyThatTag ..................................................   Passed    0.00 sec
          Start  277: ECSGeometryDirtyDomains.MarkGpuDirtyStampsOnlyThatTag
 270/4150 Test  #277: ECSGeometryDirtyDomains.MarkGpuDirtyStampsOnlyThatTag ...........................................................   Passed    0.00 sec
          Start  278: ECSGeometryDirtyDomains.StampingHelpersAreIdempotent
 271/4150 Test  #278: ECSGeometryDirtyDomains.StampingHelpersAreIdempotent ............................................................   Passed    0.00 sec
          Start  279: ECSGeometryDirtyDomains.DirtyDomainsCoexistIndependentlyOnSameEntity
 272/4150 Test  #279: ECSGeometryDirtyDomains.DirtyDomainsCoexistIndependentlyOnSameEntity ............................................   Passed    0.00 sec
          Start  280: ECSGeometryDirtyDomains.StampingOneEntityDoesNotAffectOthers
 273/4150 Test  #280: ECSGeometryDirtyDomains.StampingOneEntityDoesNotAffectOthers ....................................................   Passed    0.00 sec
          Start  281: ECSGeometryDirtyDomains.ConsumerCanDrainTagsAfterStamping
 274/4150 Test  #281: ECSGeometryDirtyDomains.ConsumerCanDrainTagsAfterStamping .......................................................   Passed    0.00 sec
          Start  282: ECSGeometrySourcesPopulate.PopulateFromMeshEmplacesAllFourDomains
 275/4150 Test  #282: ECSGeometrySourcesPopulate.PopulateFromMeshEmplacesAllFourDomains ...............................................   Passed    0.00 sec
          Start  283: ECSGeometrySourcesPopulate.PopulateFromMeshWritesCanonicalKeysAndPositions
 276/4150 Test  #283: ECSGeometrySourcesPopulate.PopulateFromMeshWritesCanonicalKeysAndPositions ......................................   Passed    0.00 sec
          Start  284: ECSGeometrySourcesPopulate.PopulateFromMeshAliveCountsMatchSourceMesh
 277/4150 Test  #284: ECSGeometrySourcesPopulate.PopulateFromMeshAliveCountsMatchSourceMesh ...........................................   Passed    0.00 sec
          Start  285: ECSGeometrySourcesPopulate.PopulateFromMeshCopiesUserDefinedVertexProperty
 278/4150 Test  #285: ECSGeometrySourcesPopulate.PopulateFromMeshCopiesUserDefinedVertexProperty ......................................   Passed    0.00 sec
          Start  286: ECSGeometrySourcesPopulate.PopulateFromMeshYieldsMeshDomain
 279/4150 Test  #286: ECSGeometrySourcesPopulate.PopulateFromMeshYieldsMeshDomain .....................................................   Passed    0.00 sec
          Start  287: ECSGeometrySourcesPopulate.MeshAvailabilitySeparatesProvenanceFromSourceCapabilities
 280/4150 Test  #287: ECSGeometrySourcesPopulate.MeshAvailabilitySeparatesProvenanceFromSourceCapabilities ............................   Passed    0.00 sec
          Start  288: ECSGeometrySourcesPopulate.PopulateFromGraphEmplacesSharedElementSources
 281/4150 Test  #288: ECSGeometrySourcesPopulate.PopulateFromGraphEmplacesSharedElementSources ........................................   Passed    0.00 sec
          Start  289: ECSGeometrySourcesPopulate.PopulateFromGraphWritesCanonicalKeysAndPositions
 282/4150 Test  #289: ECSGeometrySourcesPopulate.PopulateFromGraphWritesCanonicalKeysAndPositions .....................................   Passed    0.00 sec
          Start  290: ECSGeometrySourcesPopulate.PopulateFromGraphCompactsGarbageAndPreservesRealSources
 283/4150 Test  #290: ECSGeometrySourcesPopulate.PopulateFromGraphCompactsGarbageAndPreservesRealSources ..............................   Passed    0.00 sec
          Start  291: ECSGeometrySourcesPopulate.PopulateFromGraphYieldsGraphDomain
 284/4150 Test  #291: ECSGeometrySourcesPopulate.PopulateFromGraphYieldsGraphDomain ...................................................   Passed    0.00 sec
          Start  292: ECSGeometrySourcesPopulate.GraphAvailabilityReportsUnifiedElementSources
 285/4150 Test  #292: ECSGeometrySourcesPopulate.GraphAvailabilityReportsUnifiedElementSources ........................................   Passed    0.00 sec
          Start  293: ECSGeometrySourcesPopulate.GraphAndMeshSharePhysicalSourcesButKeepProvenance
 286/4150 Test  #293: ECSGeometrySourcesPopulate.GraphAndMeshSharePhysicalSourcesButKeepProvenance ....................................   Passed    0.00 sec
          Start  294: ECSGeometrySourcesPopulate.PopulateFromCloudEmplacesOnlyVertices
 287/4150 Test  #294: ECSGeometrySourcesPopulate.PopulateFromCloudEmplacesOnlyVertices ................................................   Passed    0.00 sec
          Start  295: ECSGeometrySourcesPopulate.PopulateFromCloudWritesCanonicalPositionsAndNormals
 288/4150 Test  #295: ECSGeometrySourcesPopulate.PopulateFromCloudWritesCanonicalPositionsAndNormals ..................................   Passed    0.00 sec
          Start  296: ECSGeometrySourcesPopulate.PopulateFromCloudSkipsNormalsWhenSourceLacksThem
 289/4150 Test  #296: ECSGeometrySourcesPopulate.PopulateFromCloudSkipsNormalsWhenSourceLacksThem .....................................   Passed    0.00 sec
          Start  297: ECSGeometrySourcesPopulate.PopulateFromCloudYieldsPointCloudDomain
 290/4150 Test  #297: ECSGeometrySourcesPopulate.PopulateFromCloudYieldsPointCloudDomain ..............................................   Passed    0.00 sec
          Start  298: ECSGeometrySourcesPopulate.PointCloudAvailabilityReportsVertexSource
 291/4150 Test  #298: ECSGeometrySourcesPopulate.PointCloudAvailabilityReportsVertexSource ............................................   Passed    0.00 sec
          Start  299: ECSGeometrySourcesPopulate.PartialMeshMarkedEntityKeepsMeshProvenanceWithoutMissingSources
 292/4150 Test  #299: ECSGeometrySourcesPopulate.PartialMeshMarkedEntityKeepsMeshProvenanceWithoutMissingSources ......................   Passed    0.00 sec
          Start  300: ECSGeometrySourcesPopulate.ECSComponentSurvivesSourceMeshDestruction
 293/4150 Test  #300: ECSGeometrySourcesPopulate.ECSComponentSurvivesSourceMeshDestruction ............................................   Passed    0.00 sec
          Start  301: ECSGeometrySourcesPopulate.MeshToCloudRePopulationDropsMeshTopology
 294/4150 Test  #301: ECSGeometrySourcesPopulate.MeshToCloudRePopulationDropsMeshTopology .............................................   Passed    0.00 sec
          Start  302: ECSGeometrySourcesPopulate.GraphToCloudRePopulationDropsGraphState
 295/4150 Test  #302: ECSGeometrySourcesPopulate.GraphToCloudRePopulationDropsGraphState ..............................................   Passed    0.00 sec
          Start  303: ECSGeometrySourcesPopulate.MeshToGraphRePopulationReplacesSharedSources
 296/4150 Test  #303: ECSGeometrySourcesPopulate.MeshToGraphRePopulationReplacesSharedSources .........................................   Passed    0.00 sec
          Start  304: ECSGeometrySourcesPopulate.CloudToMeshRePopulationProducesMeshDomain
 297/4150 Test  #304: ECSGeometrySourcesPopulate.CloudToMeshRePopulationProducesMeshDomain ............................................   Passed    0.00 sec
          Start  305: ECSStableIdentity.DefaultConstructedEqualsInvalidSentinel
 298/4150 Test  #305: ECSStableIdentity.DefaultConstructedEqualsInvalidSentinel .......................................................   Passed    0.00 sec
          Start  306: ECSStableIdentity.InvalidSentinelHasBothHalvesZero
 299/4150 Test  #306: ECSStableIdentity.InvalidSentinelHasBothHalvesZero ..............................................................   Passed    0.00 sec
          Start  307: ECSStableIdentity.IsValidIsFalseOnlyForSentinel
 300/4150 Test  #307: ECSStableIdentity.IsValidIsFalseOnlyForSentinel .................................................................   Passed    0.00 sec
          Start  308: ECSStableIdentity.EqualityComparesBothHalves
 301/4150 Test  #308: ECSStableIdentity.EqualityComparesBothHalves ....................................................................   Passed    0.00 sec
          Start  309: ECSStableIdentity.ThreeWayComparesHighThenLow
 302/4150 Test  #309: ECSStableIdentity.ThreeWayComparesHighThenLow ...................................................................   Passed    0.00 sec
          Start  310: ECSStableIdentity.StableIdHashDistinguishesSwappedHalves
 303/4150 Test  #310: ECSStableIdentity.StableIdHashDistinguishesSwappedHalves ........................................................   Passed    0.00 sec
          Start  311: ECSStableIdentity.StableIdHashOfInvalidSentinelDoesNotCollideWithCommonValues
 304/4150 Test  #311: ECSStableIdentity.StableIdHashOfInvalidSentinelDoesNotCollideWithCommonValues ...................................   Passed    0.00 sec
          Start  312: ECSStableIdentity.StableIdHashIsUsableWithUnorderedMapAcrossModuleBoundary
 305/4150 Test  #312: ECSStableIdentity.StableIdHashIsUsableWithUnorderedMapAcrossModuleBoundary ......................................   Passed    0.00 sec
          Start  313: ECSStableIdentity.StableIdIsTriviallyCopyableAndStandardLayout
 306/4150 Test  #313: ECSStableIdentity.StableIdIsTriviallyCopyableAndStandardLayout ..................................................   Passed    0.00 sec
          Start  314: EcsLayeringBoundaries.EcsSourcesDoNotImportHigherLayerModules
 307/4150 Test  #314: EcsLayeringBoundaries.EcsSourcesDoNotImportHigherLayerModules ...................................................   Passed    0.00 sec
          Start  315: EcsLayeringBoundaries.EcsComponentsRejectProhibitedRuntimeAndSolverState
 308/4150 Test  #315: EcsLayeringBoundaries.EcsComponentsRejectProhibitedRuntimeAndSolverState ........................................   Passed    0.00 sec
          Start  316: EcsLayeringBoundaries.AssetInstanceComponentRemainsCpuStableIdOnly
 309/4150 Test  #316: EcsLayeringBoundaries.AssetInstanceComponentRemainsCpuStableIdOnly ..............................................   Passed    0.00 sec
          Start  317: EcsLayeringBoundaries.ColliderComponentRejectsSolverStateAndExposesDescriptors
 310/4150 Test  #317: EcsLayeringBoundaries.ColliderComponentRejectsSolverStateAndExposesDescriptors ..................................   Passed    0.00 sec
          Start  318: EcsLayeringBoundaries.RigidBodyComponentRejectsSolverAndRuntimeState
 311/4150 Test  #318: EcsLayeringBoundaries.RigidBodyComponentRejectsSolverAndRuntimeState ............................................   Passed    0.00 sec
          Start  319: EcsLayeringBoundaries.StableIdPayloadStaysCpuOnly
 312/4150 Test  #319: EcsLayeringBoundaries.StableIdPayloadStaysCpuOnly ...............................................................   Passed    0.00 sec
          Start  320: EcsLayeringBoundaries.SceneHierarchyDoesNotEncodeColliderTopology
 313/4150 Test  #320: EcsLayeringBoundaries.SceneHierarchyDoesNotEncodeColliderTopology ...............................................   Passed    0.00 sec
          Start  321: CoreGraphInterfaces.TaskPlanGraphAcceptsNeutralTasks
 314/4150 Test  #321: CoreGraphInterfaces.TaskPlanGraphAcceptsNeutralTasks ............................................................   Passed    0.00 sec
          Start  322: CoreGraphInterfaces.TaskPlanGraphRejectsInvalidTaskId
 315/4150 Test  #322: CoreGraphInterfaces.TaskPlanGraphRejectsInvalidTaskId ...........................................................   Passed    0.00 sec
          Start  323: CoreGraphInterfaces.TaskPlanGraphBuildsTopologicalPlan
 316/4150 Test  #323: CoreGraphInterfaces.TaskPlanGraphBuildsTopologicalPlan ..........................................................   Passed    0.00 sec
          Start  324: CoreGraphInterfaces.TaskPlanGraphResetClearsSubmittedTasks
 317/4150 Test  #324: CoreGraphInterfaces.TaskPlanGraphResetClearsSubmittedTasks ......................................................   Passed    0.00 sec
          Start  325: GpuAssetCacheFallbackBootstrap.NullDeviceLeavesFallbackUnreadyDeterministically
 318/4150 Test  #325: GpuAssetCacheFallbackBootstrap.NullDeviceLeavesFallbackUnreadyDeterministically .................................   Passed    0.07 sec
          Start  326: GpuAssetCacheFallbackBootstrap.ReInitializeRebootstrapsExactlyOnce
 319/4150 Test  #326: GpuAssetCacheFallbackBootstrap.ReInitializeRebootstrapsExactlyOnce ..............................................   Passed    0.11 sec
          Start  327: GpuResultReadbackJob.BatchParksAndReleasesDependentAfterExactConsumption
 320/4150 Test  #327: GpuResultReadbackJob.BatchParksAndReleasesDependentAfterExactConsumption ........................................   Passed    0.02 sec
          Start  328: GpuResultReadbackJob.WorldCancellationCancelsPendingTransportBatch
 321/4150 Test  #328: GpuResultReadbackJob.WorldCancellationCancelsPendingTransportBatch ..............................................   Passed    0.01 sec
          Start  329: RuntimeAssetIngestStateMachine.AcceptsManualDropAndReimportSources
 322/4150 Test  #329: RuntimeAssetIngestStateMachine.AcceptsManualDropAndReimportSources ..............................................   Passed    0.00 sec
          Start  330: RuntimeAssetIngestStateMachine.RejectsInvalidSubmissionInputsAsFailedRecords
 323/4150 Test  #330: RuntimeAssetIngestStateMachine.RejectsInvalidSubmissionInputsAsFailedRecords ....................................   Passed    0.00 sec
          Start  331: RuntimeAssetIngestStateMachine.SuppressesDuplicateActiveRequestsUntilTerminal
 324/4150 Test  #331: RuntimeAssetIngestStateMachine.SuppressesDuplicateActiveRequestsUntilTerminal ...................................   Passed    0.00 sec
          Start  332: RuntimeAssetIngestStateMachine.QueueSnapshotReportsStagesProgressAndTimestamps
 325/4150 Test  #332: RuntimeAssetIngestStateMachine.QueueSnapshotReportsStagesProgressAndTimestamps ..................................   Passed    0.00 sec
          Start  333: RuntimeAssetIngestStateMachine.TerminalRowsNeverReportZeroDeterminateProgress
 326/4150 Test  #333: RuntimeAssetIngestStateMachine.TerminalRowsNeverReportZeroDeterminateProgress ...................................   Passed    0.00 sec
          Start  334: RuntimeAssetIngestStateMachine.IndeterminateProgressIsDistinguishableFromZeroProgress
 327/4150 Test  #334: RuntimeAssetIngestStateMachine.IndeterminateProgressIsDistinguishableFromZeroProgress ...........................   Passed    0.00 sec
          Start  335: RuntimeAssetIngestStateMachine.QueueSnapshotReportsFailedCancelledAndClearCompleted
 328/4150 Test  #335: RuntimeAssetIngestStateMachine.QueueSnapshotReportsFailedCancelledAndClearCompleted .............................   Passed    0.00 sec
          Start  336: RuntimeAssetIngestStateMachine.MapsRouteDiagnosticsToFailureTaxonomy
 329/4150 Test  #336: RuntimeAssetIngestStateMachine.MapsRouteDiagnosticsToFailureTaxonomy ............................................   Passed    0.00 sec
          Start  337: RuntimeAssetIngestStateMachine.RecordsDecodeCallbackApplyAndMissingFileFailures
 330/4150 Test  #337: RuntimeAssetIngestStateMachine.RecordsDecodeCallbackApplyAndMissingFileFailures .................................   Passed    0.00 sec
          Start  338: RuntimeAssetIngestStateMachine.CancellationAndStaleCompletionsDoNotMutateRecords
 331/4150 Test  #338: RuntimeAssetIngestStateMachine.CancellationAndStaleCompletionsDoNotMutateRecords ................................   Passed    0.00 sec
          Start  339: RuntimeAssetIngestStateMachine.RejectsInvalidTransitionsAndUnknownHandles
 332/4150 Test  #339: RuntimeAssetIngestStateMachine.RejectsInvalidTransitionsAndUnknownHandles .......................................   Passed    0.00 sec
          Start  340: RuntimeAssetImportRecipe.RequiresAnExplicitVisiblePayloadRoute
 333/4150 Test  #340: RuntimeAssetImportRecipe.RequiresAnExplicitVisiblePayloadRoute ..................................................   Passed    0.00 sec
          Start  341: RuntimeAssetImportRecipe.ReimportIdentityMustMatchTheRecipeSource
 334/4150 Test  #341: RuntimeAssetImportRecipe.ReimportIdentityMustMatchTheRecipeSource ...............................................   Passed    0.00 sec
          Start  342: RuntimeAssetImportRecipe.StageTraceAcceptsOnlyTheNamedOrder
 335/4150 Test  #342: RuntimeAssetImportRecipe.StageTraceAcceptsOnlyTheNamedOrder .....................................................   Passed    0.00 sec
          Start  343: RuntimeAssetImportRecipe.StageTraceFailsClosedForMalformedOrStaleResults
 336/4150 Test  #343: RuntimeAssetImportRecipe.StageTraceFailsClosedForMalformedOrStaleResults ........................................   Passed    0.00 sec
          Start  344: RuntimeAssetImportRecipe.CompleteStageCanReportAWorkflowFailure
 337/4150 Test  #344: RuntimeAssetImportRecipe.CompleteStageCanReportAWorkflowFailure .................................................   Passed    0.00 sec
          Start  345: RuntimeAssetImportFormatCoverage.DirectObjImportPreservesVertexNormalsInGeometrySources
 338/4150 Test  #345: RuntimeAssetImportFormatCoverage.DirectObjImportPreservesVertexNormalsInGeometrySources .........................   Passed    0.05 sec
          Start  346: RuntimeAssetImportFormatCoverage.DirectObjImportPreservesClosedManifoldTopology
 339/4150 Test  #346: RuntimeAssetImportFormatCoverage.DirectObjImportPreservesClosedManifoldTopology .................................   Passed    0.05 sec
          Start  347: RuntimeAssetImportFormatCoverage.DirectObjImportOfSculptFixturePreservesItsManifold
 340/4150 Test  #347: RuntimeAssetImportFormatCoverage.DirectObjImportOfSculptFixturePreservesItsManifold .............................   Passed    1.10 sec
          Start  348: RuntimeAssetImportFormatCoverage.DirectObjImportPreservesAuthoredCornerUvs
 341/4150 Test  #348: RuntimeAssetImportFormatCoverage.DirectObjImportPreservesAuthoredCornerUvs ......................................   Passed    0.05 sec
          Start  349: RuntimeAssetImportFormatCoverage.NonManifoldObjImportStillResolvesVertexUvs
 342/4150 Test  #349: RuntimeAssetImportFormatCoverage.NonManifoldObjImportStillResolvesVertexUvs .....................................   Passed    0.05 sec
          Start  350: RuntimeAssetImportFormatCoverage.DirectObjImportKeepsVertexUvsWhenTheAtlasNeedsNoSeam
 343/4150 Test  #350: RuntimeAssetImportFormatCoverage.DirectObjImportKeepsVertexUvsWhenTheAtlasNeedsNoSeam ...........................   Passed    0.05 sec
          Start  351: RuntimeAssetImportFormatCoverage.DirectMeshEnrichmentCloseDrainsSmallGeneratedGrid
 344/4150 Test  #351: RuntimeAssetImportFormatCoverage.DirectMeshEnrichmentCloseDrainsSmallGeneratedGrid ..............................   Passed    0.08 sec
          Start  352: RuntimeAssetImportFormatCoverage.DirectObjImportDefaultsToMaterialDrivenShading
 345/4150 Test  #352: RuntimeAssetImportFormatCoverage.DirectObjImportDefaultsToMaterialDrivenShading .................................   Passed    0.04 sec
          Start  353: RuntimeAssetImportFormatCoverage.AssetImportRecipeDefaultsDescribeCanonicalPolicies
 346/4150 Test  #353: RuntimeAssetImportFormatCoverage.AssetImportRecipeDefaultsDescribeCanonicalPolicies .............................   Passed    0.00 sec
          Start  354: RuntimeAssetImportFormatCoverage.DefaultImportPoliciesApplyAuthoringUxAndPostProcess
 347/4150 Test  #354: RuntimeAssetImportFormatCoverage.DefaultImportPoliciesApplyAuthoringUxAndPostProcess ............................   Passed    0.04 sec
          Start  355: RuntimeAssetImportFormatCoverage.DefaultImportSelectionDoesNotRequireCameraModule
 348/4150 Test  #355: RuntimeAssetImportFormatCoverage.DefaultImportSelectionDoesNotRequireCameraModule ...............................   Passed    0.04 sec
          Start  356: RuntimeAssetImportFormatCoverage.DirectImportCompletesIngestStateMachineRecord
 349/4150 Test  #356: RuntimeAssetImportFormatCoverage.DirectImportCompletesIngestStateMachineRecord ..................................   Passed    0.04 sec
          Start  357: RuntimeAssetImportFormatCoverage.AssetWorkflowModuleAccessorExposesQueueAndEventState
 350/4150 Test  #357: RuntimeAssetImportFormatCoverage.AssetWorkflowModuleAccessorExposesQueueAndEventState ...........................   Passed    0.04 sec
          Start  358: RuntimeAssetImportFormatCoverage.ExplicitCancelPublishesOneTerminalEvent
 351/4150 Test  #358: RuntimeAssetImportFormatCoverage.ExplicitCancelPublishesOneTerminalEvent ........................................   Passed    0.04 sec
          Start  359: RuntimeAssetImportFormatCoverage.AssetWorkflowModulePreservesImportDirtyState
 352/4150 Test  #359: RuntimeAssetImportFormatCoverage.AssetWorkflowModulePreservesImportDirtyState ...................................   Passed    0.04 sec
          Start  360: RuntimeAssetImportFormatCoverage.ReimportExistingMeshReloadsAssetWithoutDuplicatingSceneEntities
 353/4150 Test  #360: RuntimeAssetImportFormatCoverage.ReimportExistingMeshReloadsAssetWithoutDuplicatingSceneEntities ................   Passed    0.04 sec
          Start  361: RuntimeAssetImportFormatCoverage.QueuedGeometryReimportReloadsAssetWithoutDuplicatingSceneEntities
 354/4150 Test  #361: RuntimeAssetImportFormatCoverage.QueuedGeometryReimportReloadsAssetWithoutDuplicatingSceneEntities ..............   Passed    0.04 sec
          Start  362: RuntimeAssetImportFormatCoverage.ImportAssetFromPathDoesNotWaitForUnrelatedSchedulerWork
 355/4150 Test  #362: RuntimeAssetImportFormatCoverage.ImportAssetFromPathDoesNotWaitForUnrelatedSchedulerWork ........................   Passed    0.29 sec
          Start  363: RuntimeAssetImportFormatCoverage.ReimportInvalidAssetReportsDeterministicIngestDiagnostic
 356/4150 Test  #363: RuntimeAssetImportFormatCoverage.ReimportInvalidAssetReportsDeterministicIngestDiagnostic .......................   Passed    0.04 sec
          Start  364: RuntimeAssetImportFormatCoverage.DirectObjImportQueuesGeneratedNormalBakeFromAuthoredVertexNormals
 357/4150 Test  #364: RuntimeAssetImportFormatCoverage.DirectObjImportQueuesGeneratedNormalBakeFromAuthoredVertexNormals ..............   Passed    0.04 sec
          Start  365: RuntimeAssetImportFormatCoverage.DirectObjImportComputesVertexNormalsWhenMissing
 358/4150 Test  #365: RuntimeAssetImportFormatCoverage.DirectObjImportComputesVertexNormalsWhenMissing ................................   Passed    0.04 sec
          Start  366: RuntimeAssetImportFormatCoverage.DirectObjImportComputesNormalsAndQueuesGeneratedNormalBake
 359/4150 Test  #366: RuntimeAssetImportFormatCoverage.DirectObjImportComputesNormalsAndQueuesGeneratedNormalBake .....................   Passed    0.04 sec
          Start  367: RuntimeAssetImportFormatCoverage.RepresentativePromotedFormatsMaterializeDeterministically
 360/4150 Test  #367: RuntimeAssetImportFormatCoverage.RepresentativePromotedFormatsMaterializeDeterministically ......................   Passed    0.04 sec
          Start  368: RuntimeAssetImportFormatCoverage.ModelSceneCompletionSelectsAndFramesCreatedPrimitives
 361/4150 Test  #368: RuntimeAssetImportFormatCoverage.ModelSceneCompletionSelectsAndFramesCreatedPrimitives ..........................   Passed    0.08 sec
          Start  369: RuntimeAssetImportFormatCoverage.QueuedImportsRejectActiveWorldSwitchBeforeApply
 362/4150 Test  #369: RuntimeAssetImportFormatCoverage.QueuedImportsRejectActiveWorldSwitchBeforeApply ................................   Passed    0.04 sec
          Start  370: RuntimeAssetImportFormatCoverage.QueuedImportRejectsAwayAndBackBindingEpoch
 363/4150 Test  #370: RuntimeAssetImportFormatCoverage.QueuedImportRejectsAwayAndBackBindingEpoch .....................................   Passed    0.04 sec
          Start  371: RuntimeAssetImportFormatCoverage.RetiredWorldImportTerminalizesQueueState
 364/4150 Test  #371: RuntimeAssetImportFormatCoverage.RetiredWorldImportTerminalizesQueueState .......................................   Passed    0.05 sec
          Start  372: RuntimeAssetImportFormatCoverage.DroppedModelSceneAndTextureImportThroughStreamingQueue
 365/4150 Test  #372: RuntimeAssetImportFormatCoverage.DroppedModelSceneAndTextureImportThroughStreamingQueue .........................   Passed    0.04 sec
          Start  373: RuntimeAssetImportFormatCoverage.ManualModelSceneAndTextureImportQueueCompletesThroughStreaming
 366/4150 Test  #373: RuntimeAssetImportFormatCoverage.ManualModelSceneAndTextureImportQueueCompletesThroughStreaming .................   Passed    0.04 sec
          Start  374: RuntimeAssetImportFormatCoverage.SlowQueuedTextureReadDoesNotBlockRunFrame
 367/4150 Test  #374: RuntimeAssetImportFormatCoverage.SlowQueuedTextureReadDoesNotBlockRunFrame ......................................   Passed    0.04 sec
          Start  375: AssetWorkflowModule.PublishesExactServicesGatesInitializationAndReinitializes
 368/4150 Test  #375: AssetWorkflowModule.PublishesExactServicesGatesInitializationAndReinitializes ...................................   Passed    0.03 sec
          Start  376: AssetWorkflowModule.CallerOwnedBakeReconciliationIsAtomicAndPreservesUnrelatedChannels
 369/4150 Test  #376: AssetWorkflowModule.CallerOwnedBakeReconciliationIsAtomicAndPreservesUnrelatedChannels ..........................   Passed    0.03 sec
          Start  377: AssetWorkflowModule.RegistrationConflictsLeaveOnlyTheExactExistingProvider
 370/4150 Test  #377: AssetWorkflowModule.RegistrationConflictsLeaveOnlyTheExactExistingProvider ......................................   Passed    0.09 sec
          Start  378: AssetWorkflowModule.MissingDeviceFailsRegistrationWithoutPartialPublication
 371/4150 Test  #378: AssetWorkflowModule.MissingDeviceFailsRegistrationWithoutPartialPublication .....................................   Passed    0.03 sec
          Start  379: AssetWorkflowModule.MissingDocumentOrHistoryRollsBackEveryPublication
 372/4150 Test  #379: AssetWorkflowModule.MissingDocumentOrHistoryRollsBackEveryPublication ...........................................   Passed    0.06 sec
          Start  380: AssetWorkflowModule.DocumentParticipantConflictRollsBackEveryPublication
 373/4150 Test  #380: AssetWorkflowModule.DocumentParticipantConflictRollsBackEveryPublication ........................................   Passed    0.03 sec
          Start  381: AssetWorkflowModule.DocumentAndWorldReplacementRebindBeforeSceneUse
 374/4150 Test  #381: AssetWorkflowModule.DocumentAndWorldReplacementRebindBeforeSceneUse .............................................   Passed    0.05 sec
          Start  382: AssetWorkflowModule.AnnouncementDetachesImportsAndParticipantBeforeGpuBoundary
 375/4150 Test  #382: AssetWorkflowModule.AnnouncementDetachesImportsAndParticipantBeforeGpuBoundary ..................................   Passed    0.03 sec
          Start  383: AssetWorkflowModule.BakeParticipantRegistersOncePerBootAndCleansBeforeOwnedState
 376/4150 Test  #383: AssetWorkflowModule.BakeParticipantRegistersOncePerBootAndCleansBeforeOwnedState ................................   Passed    0.03 sec
          Start  384: AssetWorkflowModule.BlockedImportIsSafeInBothOrdinaryOwnerShutdownOrders
 377/4150 Test  #384: AssetWorkflowModule.BlockedImportIsSafeInBothOrdinaryOwnerShutdownOrders ........................................   Passed    0.08 sec
          Start  385: AssetWorkflowModule.RenderExtractionRetirementSurvivesEitherOptionalOwnerOmission
 378/4150 Test  #385: AssetWorkflowModule.RenderExtractionRetirementSurvivesEitherOptionalOwnerOmission ...............................   Passed    0.08 sec
          Start  386: AssetWorkflowModule.RealEngineReverseShutdownIsAsyncBeforeAssetWorkflow
 379/4150 Test  #386: AssetWorkflowModule.RealEngineReverseShutdownIsAsyncBeforeAssetWorkflow .........................................   Passed    0.04 sec
          Start  387: AssetWorkflowModule.OmittedAssetWorkflowPlatformDropFailsClosedWithoutQueuedWorkOrSceneMutation
 380/4150 Test  #387: AssetWorkflowModule.OmittedAssetWorkflowPlatformDropFailsClosedWithoutQueuedWorkOrSceneMutation .................   Passed    0.04 sec
          Start  388: AssetWorkflowModule.RealEngineRunSupportsCompositionOmissionAndReinitialize
 381/4150 Test  #388: AssetWorkflowModule.RealEngineRunSupportsCompositionOmissionAndReinitialize .....................................   Passed    0.10 sec
          Start  389: RuntimeAsyncWorkModule.PublishesBorrowedJobServiceAndCanReinitialize
 382/4150 Test  #389: RuntimeAsyncWorkModule.PublishesBorrowedJobServiceAndCanReinitialize ............................................   Passed    0.00 sec
          Start  390: RuntimeAsyncWorkModule.RegistrationConflictPreservesExistingProvider
 383/4150 Test  #390: RuntimeAsyncWorkModule.RegistrationConflictPreservesExistingProvider ............................................   Passed    0.00 sec
          Start  391: RuntimeAsyncWorkModule.ShutdownWithdrawsServiceBeforeLaterModulesRun
 384/4150 Test  #391: RuntimeAsyncWorkModule.ShutdownWithdrawsServiceBeforeLaterModulesRun ............................................   Passed    0.04 sec
          Start  392: RuntimeAsyncWorkModule.ShutdownCancelsParkedJobServiceSurvivor
 385/4150 Test  #392: RuntimeAsyncWorkModule.ShutdownCancelsParkedJobServiceSurvivor ..................................................   Passed    0.01 sec
          Start  393: EditorCommandHistory.ExecuteRecordUndoRedoCapacityAndDirtyState
 386/4150 Test  #393: EditorCommandHistory.ExecuteRecordUndoRedoCapacityAndDirtyState .................................................   Passed    0.00 sec
          Start  394: EditorCommandHistory.UndoableEntityMutationRevalidatesAndTracksGenerationsAcrossUndoRedo
 387/4150 Test  #394: EditorCommandHistory.UndoableEntityMutationRevalidatesAndTracksGenerationsAcrossUndoRedo ........................   Passed    0.00 sec
          Start  395: EditorCommandHistory.UndoableEntityMutationRecordsAlreadyAppliedTargetWithoutRepublishing
 388/4150 Test  #395: EditorCommandHistory.UndoableEntityMutationRecordsAlreadyAppliedTargetWithoutRepublishing .......................   Passed    0.00 sec
          Start  396: EditorCommandHistory.UndoableEntityMutationRejectsStaleIdentityWithoutMutationOrHistory
 389/4150 Test  #396: EditorCommandHistory.UndoableEntityMutationRejectsStaleIdentityWithoutMutationOrHistory .........................   Passed    0.00 sec
          Start  397: EditorCommandHistory.UndoableEntityMutationRejectsStaleGenerationWithoutMutationOrHistory
 390/4150 Test  #397: EditorCommandHistory.UndoableEntityMutationRejectsStaleGenerationWithoutMutationOrHistory .......................   Passed    0.00 sec
          Start  398: EditorCommandHistory.UndoableEntityMutationValidationFailurePublishesNoMutationOrHistory
 391/4150 Test  #398: EditorCommandHistory.UndoableEntityMutationValidationFailurePublishesNoMutationOrHistory ........................   Passed    0.00 sec
          Start  399: EditorCommandHistory.UndoableEntityMutationApplyFailurePublishesNoPartialStateOrHistory
 392/4150 Test  #399: EditorCommandHistory.UndoableEntityMutationApplyFailurePublishesNoPartialStateOrHistory .........................   Passed    0.00 sec
          Start  400: EditorCommandHistory.SelectionAdapterRestoresSingleSelectionWithoutDirtyingDocument
 393/4150 Test  #400: EditorCommandHistory.SelectionAdapterRestoresSingleSelectionWithoutDirtyingDocument .............................   Passed    0.00 sec
          Start  401: EditorCommandHistory.CompoundCommandRollsBackAppliedCommandsOnFailure
 394/4150 Test  #401: EditorCommandHistory.CompoundCommandRollsBackAppliedCommandsOnFailure ...........................................   Passed    0.00 sec
          Start  402: EditorCommandHistory.HierarchyDeletePlanDefinesRecursiveDeleteAndOrphanPolicies
 395/4150 Test  #402: EditorCommandHistory.HierarchyDeletePlanDefinesRecursiveDeleteAndOrphanPolicies .................................   Passed    0.00 sec
          Start  403: EditorCommandHistory.CorruptHierarchyDeletePlanFailsWithoutPartialMutation
 396/4150 Test  #403: EditorCommandHistory.CorruptHierarchyDeletePlanFailsWithoutPartialMutation ......................................   Passed    0.00 sec
          Start  404: EditorPropertyWidgets.EmptySourceProducesAnEmptySafeModel
 397/4150 Test  #404: EditorPropertyWidgets.EmptySourceProducesAnEmptySafeModel .......................................................   Passed    0.00 sec
          Start  405: EditorPropertyWidgets.SelectorExcludesVectorProperties
 398/4150 Test  #405: EditorPropertyWidgets.SelectorExcludesVectorProperties ..........................................................   Passed    0.00 sec
          Start  406: EditorPropertyWidgets.PlotModelFiltersNonFiniteSamplesAndReportsRange
 399/4150 Test  #406: EditorPropertyWidgets.PlotModelFiltersNonFiniteSamplesAndReportsRange ...........................................   Passed    0.00 sec
          Start  407: EditorUiHost.ComposedModulePublishesHostAndRunsFrameContribution
 400/4150 Test  #407: EditorUiHost.ComposedModulePublishesHostAndRunsFrameContribution ................................................   Passed    0.04 sec
          Start  408: EditorUiHost.OmittedModuleLeavesEditorHostUnpublished
 401/4150 Test  #408: EditorUiHost.OmittedModuleLeavesEditorHostUnpublished ...........................................................   Passed    0.04 sec
          Start  409: EditorUiHost.VisibilityCommandPreservesRegisteredWindowOpenState
 402/4150 Test  #409: EditorUiHost.VisibilityCommandPreservesRegisteredWindowOpenState ................................................   Passed    0.00 sec
          Start  410: EditorUiHost.FrameContributionMutationIsSafeAndDeterministic
 403/4150 Test  #410: EditorUiHost.FrameContributionMutationIsSafeAndDeterministic ....................................................   Passed    0.00 sec
          Start  411: EditorUiModule.PreservesBeginVariableBuildEndAndCaptureOrdering
 404/4150 Test  #411: EditorUiModule.PreservesBeginVariableBuildEndAndCaptureOrdering .................................................   Passed    0.04 sec
          Start  412: EditorUiModule.ReverseShutdownWithdrawsHostAndDetachesLiveRenderer
 405/4150 Test  #412: EditorUiModule.ReverseShutdownWithdrawsHostAndDetachesLiveRenderer ..............................................   Passed    0.04 sec
          Start  413: EditorUiModule.ShutdownReinitializeStartsFromFreshEditorState
 406/4150 Test  #413: EditorUiModule.ShutdownReinitializeStartsFromFreshEditorState ...................................................   Passed    0.08 sec
          Start  414: EditorUiModule.FailedRegistrationAndResolutionWithdrawPartialHost
 407/4150 Test  #414: EditorUiModule.FailedRegistrationAndResolutionWithdrawPartialHost ...............................................   Passed    0.00 sec
          Start  415: EditorWindowRegistry.RegisteredWindowsAppearInStructuredMenuModel
 408/4150 Test  #415: EditorWindowRegistry.RegisteredWindowsAppearInStructuredMenuModel ...............................................   Passed    0.00 sec
          Start  416: EditorWindowRegistry.InvalidAndDuplicateRegistrationsFailClosed
 409/4150 Test  #416: EditorWindowRegistry.InvalidAndDuplicateRegistrationsFailClosed .................................................   Passed    0.00 sec
          Start  417: EditorWindowRegistry.UnregisteredWindowsAreAbsentFromMenuModel
 410/4150 Test  #417: EditorWindowRegistry.UnregisteredWindowsAreAbsentFromMenuModel ..................................................   Passed    0.00 sec
          Start  418: EditorWindowRegistry.ClosedAndGloballyHiddenWindowsDoNoPerFrameWork
 411/4150 Test  #418: EditorWindowRegistry.ClosedAndGloballyHiddenWindowsDoNoPerFrameWork .............................................   Passed    0.00 sec
          Start  419: EditorWindowRegistry.OpenTransitionsAreObservedExactlyOnce
 412/4150 Test  #419: EditorWindowRegistry.OpenTransitionsAreObservedExactlyOnce ......................................................   Passed    0.00 sec
          Start  420: EditorWindowRegistry.DrawCallbackCanCloseItsWindow
 413/4150 Test  #420: EditorWindowRegistry.DrawCallbackCanCloseItsWindow ..............................................................   Passed    0.00 sec
          Start  421: EditorWindowRegistry.DrawCallbackMayUnregisterItself
 414/4150 Test  #421: EditorWindowRegistry.DrawCallbackMayUnregisterItself ............................................................   Passed    0.00 sec
          Start  422: EditorWindowRegistry.VisibilityCommandPreservesWindowOpenState
 415/4150 Test  #422: EditorWindowRegistry.VisibilityCommandPreservesWindowOpenState ..................................................   Passed    0.00 sec
          Start  423: ImGuiAdapter.InitializeProducesZeroListFrameForEmptyWindow
 416/4150 Test  #423: ImGuiAdapter.InitializeProducesZeroListFrameForEmptyWindow ......................................................   Passed    0.01 sec
          Start  424: ImGuiAdapter.InitializeRejectsDoubleInitialize
 417/4150 Test  #424: ImGuiAdapter.InitializeRejectsDoubleInitialize ..................................................................   Passed    0.01 sec
          Start  425: ImGuiAdapter.InitializeLoadsBundledRobotoAndBuildsLegacyFontAtlas
 418/4150 Test  #425: ImGuiAdapter.InitializeLoadsBundledRobotoAndBuildsLegacyFontAtlas ...............................................   Passed    0.01 sec
          Start  426: ImGuiAdapter.HiDpiFontKeepsLogicalMetricsAndUsesRasterizerDensity
 419/4150 Test  #426: ImGuiAdapter.HiDpiFontKeepsLogicalMetricsAndUsesRasterizerDensity ...............................................   Passed    0.01 sec
          Start  427: ImGuiAdapter.FontAtlasPayloadIsCopiedOnlyWhenDirty
 420/4150 Test  #427: ImGuiAdapter.FontAtlasPayloadIsCopiedOnlyWhenDirty ..............................................................   Passed    0.01 sec
          Start  428: ImGuiAdapter.EditorPanelDrawProducesNonEmptyDrawList
 421/4150 Test  #428: ImGuiAdapter.EditorPanelDrawProducesNonEmptyDrawList ............................................................   Passed    0.01 sec
          Start  429: ImGuiAdapter.ImageDrawPreservesUserTextureBindlessCommand
 422/4150 Test  #429: ImGuiAdapter.ImageDrawPreservesUserTextureBindlessCommand .......................................................   Passed    0.01 sec
          Start  430: ImGuiAdapter.LargeDrawListPreservesNonZeroVertexOffset
 423/4150 Test  #430: ImGuiAdapter.LargeDrawListPreservesNonZeroVertexOffset ..........................................................   Passed    0.01 sec
          Start  431: ImGuiAdapter.NestedChildDrawPreservesFramebufferScissor
 424/4150 Test  #431: ImGuiAdapter.NestedChildDrawPreservesFramebufferScissor .........................................................   Passed    0.01 sec
          Start  432: ImGuiAdapter.ScalesClampsAndRejectsInvalidFramebufferClipRects
 425/4150 Test  #432: ImGuiAdapter.ScalesClampsAndRejectsInvalidFramebufferClipRects ..................................................   Passed    0.01 sec
          Start  433: ImGuiAdapter.EditorCallbackInvokedOncePerFramePair
 426/4150 Test  #433: ImGuiAdapter.EditorCallbackInvokedOncePerFramePair ..............................................................   Passed    0.01 sec
          Start  434: ImGuiAdapter.PumpsInputAndResizeReportsFramebufferPixelsWithoutDoubleScaling
 427/4150 Test  #434: ImGuiAdapter.PumpsInputAndResizeReportsFramebufferPixelsWithoutDoubleScaling ....................................   Passed    0.01 sec
          Start  435: ImGuiAdapter.PumpedKeyEventsReachImGuiIoWithModifierChords
 428/4150 Test  #435: ImGuiAdapter.PumpedKeyEventsReachImGuiIoWithModifierChords ......................................................   Passed    0.01 sec
          Start  436: ImGuiAdapter.BackspaceShortensSeededInputTextAndCapturesKeyboard
 429/4150 Test  #436: ImGuiAdapter.BackspaceShortensSeededInputTextAndCapturesKeyboard ................................................   Passed    0.01 sec
          Start  437: ImGuiAdapter.SnapshotsCaptureStateOncePerCompletedEditorFrame
 430/4150 Test  #437: ImGuiAdapter.SnapshotsCaptureStateOncePerCompletedEditorFrame ...................................................   Passed    0.01 sec
          Start  438: ImGuiAdapter.HiddenEditorClearsStaleCaptureState
 431/4150 Test  #438: ImGuiAdapter.HiddenEditorClearsStaleCaptureState ................................................................   Passed    0.01 sec
          Start  439: ImGuiAdapter.RebuildForDisplayChangeCyclesOverlayExactlyOnce
 432/4150 Test  #439: ImGuiAdapter.RebuildForDisplayChangeCyclesOverlayExactlyOnce ....................................................   Passed    0.01 sec
          Start  440: ImGuiAdapter.RebuildBeforeInitializeIsUncounted
 433/4150 Test  #440: ImGuiAdapter.RebuildBeforeInitializeIsUncounted .................................................................   Passed    0.00 sec
          Start  441: ImGuiAdapterEngineWiring.AdapterInitializedAfterEngineInitialize
 434/4150 Test  #441: ImGuiAdapterEngineWiring.AdapterInitializedAfterEngineInitialize ................................................   Passed    0.06 sec
          Start  442: ImGuiAdapterEngineWiring.RunProducesOneOverlayFramePerEngineFrame
 435/4150 Test  #442: ImGuiAdapterEngineWiring.RunProducesOneOverlayFramePerEngineFrame ...............................................   Passed    0.06 sec
          Start  443: ImGuiAdapterEngineWiring.EditorHookInvokedOncePerFrameAndProducesDrawLists
 436/4150 Test  #443: ImGuiAdapterEngineWiring.EditorHookInvokedOncePerFrameAndProducesDrawLists ......................................   Passed    0.07 sec
          Start  444: ImGuiAdapterEngineWiring.FramePacingDiagnosticsPopulateOnNullBackend
 437/4150 Test  #444: ImGuiAdapterEngineWiring.FramePacingDiagnosticsPopulateOnNullBackend ............................................   Passed    0.04 sec
          Start  445: ImGuiAdapterEngineWiring.EditorCallbackStaysBoundedAndRenderAdvancesWhileJobRuns
 438/4150 Test  #445: ImGuiAdapterEngineWiring.EditorCallbackStaysBoundedAndRenderAdvancesWhileJobRuns ................................   Passed    0.29 sec
          Start  446: ImGuiAdapterEngineWiring.UiCaptureSuppressesRuntimeInputConsumers
 439/4150 Test  #446: ImGuiAdapterEngineWiring.UiCaptureSuppressesRuntimeInputConsumers ...............................................   Passed    0.04 sec
          Start  447: ImGuiAdapterEngineWiring.RunNormalizesNativeCloseBeforeFirstFrame
 440/4150 Test  #447: ImGuiAdapterEngineWiring.RunNormalizesNativeCloseBeforeFirstFrame ...............................................   Passed    0.06 sec
          Start  448: ImGuiAdapterEngineWiring.RunNormalizesNativeCloseAfterInteractiveInput
 441/4150 Test  #448: ImGuiAdapterEngineWiring.RunNormalizesNativeCloseAfterInteractiveInput ..........................................   Passed    0.06 sec
          Start  449: MeshGeometryExtraction.SingleMeshEntityUploadsOnceAndBindsInstanceGeometry
 442/4150 Test  #449: MeshGeometryExtraction.SingleMeshEntityUploadsOnceAndBindsInstanceGeometry ......................................   Passed    0.07 sec
          Start  450: MeshGeometryExtraction.MaterialTextureBindingsResolveOntoExtractionMaterialSidecar
 443/4150 Test  #450: MeshGeometryExtraction.MaterialTextureBindingsResolveOntoExtractionMaterialSidecar ..............................   Passed    0.03 sec
          Start  451: MeshGeometryExtraction.GeometryPresentationRecipeIsConsumedDuringExtraction
 444/4150 Test  #451: MeshGeometryExtraction.GeometryPresentationRecipeIsConsumedDuringExtraction .....................................   Passed    0.03 sec
          Start  452: MeshGeometryExtraction.GeneratedGeometryPresentationTexturesBindUniqueMaterialSlots
 445/4150 Test  #452: MeshGeometryExtraction.GeneratedGeometryPresentationTexturesBindUniqueMaterialSlots .............................   Passed    0.03 sec
          Start  453: MeshGeometryExtraction.RepeatedExtractionReusesMeshHandleWithoutReupload
 446/4150 Test  #453: MeshGeometryExtraction.RepeatedExtractionReusesMeshHandleWithoutReupload ........................................   Passed    0.06 sec
          Start  454: MeshGeometryExtraction.PropertyRevisionUpdatesResidentPositionsWithoutDirtyTag
 447/4150 Test  #454: MeshGeometryExtraction.PropertyRevisionUpdatesResidentPositionsWithoutDirtyTag ..................................   Passed    0.06 sec
          Start  455: MeshGeometryExtraction.TwoMeshEntitiesAllocateIndependentMeshUploads
 448/4150 Test  #455: MeshGeometryExtraction.TwoMeshEntitiesAllocateIndependentMeshUploads ............................................   Passed    0.06 sec
          Start  456: MeshGeometryExtraction.EntityDestructionRetiresMeshGeometryAfterDeferredWindow
 449/4150 Test  #456: MeshGeometryExtraction.EntityDestructionRetiresMeshGeometryAfterDeferredWindow ..................................   Passed    0.05 sec
          Start  457: MeshGeometryExtraction.ShutdownReleasesPendingMeshResidency
 450/4150 Test  #457: MeshGeometryExtraction.ShutdownReleasesPendingMeshResidency .....................................................   Passed    0.06 sec
          Start  458: MeshGeometryExtraction.ProceduralRefPreemptsMeshPathOnSameEntity
 451/4150 Test  #458: MeshGeometryExtraction.ProceduralRefPreemptsMeshPathOnSameEntity ................................................   Passed    0.06 sec
          Start  459: MeshGeometryExtraction.AssetSourcePresentPreemptsMeshPathOnSameEntity
 452/4150 Test  #459: MeshGeometryExtraction.AssetSourcePresentPreemptsMeshPathOnSameEntity ...........................................   Passed    0.05 sec
          Start  460: MeshGeometryExtraction.MissingPositionsIncrementsMissingPositionsCounter
 453/4150 Test  #460: MeshGeometryExtraction.MissingPositionsIncrementsMissingPositionsCounter ........................................   Passed    0.07 sec
          Start  461: MeshGeometryExtraction.MissingTexcoordsUploadsWithDefaultUvFallback
 454/4150 Test  #461: MeshGeometryExtraction.MissingTexcoordsUploadsWithDefaultUvFallback .............................................   Passed    0.06 sec
          Start  462: MeshGeometryExtraction.NonFiniteTexcoordsUploadWithDefaultUvFallback
 455/4150 Test  #462: MeshGeometryExtraction.NonFiniteTexcoordsUploadWithDefaultUvFallback ............................................   Passed    0.06 sec
          Start  463: MeshGeometryExtraction.InvalidTopologyIncrementsInvalidTopologyCounter
 456/4150 Test  #463: MeshGeometryExtraction.InvalidTopologyIncrementsInvalidTopologyCounter ..........................................   Passed    0.05 sec
          Start  464: MeshGeometryExtraction.DegenerateAllFacesIncrementsFailedPackCounter
 457/4150 Test  #464: MeshGeometryExtraction.DegenerateAllFacesIncrementsFailedPackCounter ............................................   Passed    0.06 sec
          Start  465: MeshGeometryExtraction.AddingProceduralRefAfterMeshUploadReleasesMeshResidency
 458/4150 Test  #465: MeshGeometryExtraction.AddingProceduralRefAfterMeshUploadReleasesMeshResidency ..................................   Passed    0.06 sec
          Start  466: MeshGeometryExtraction.AddingAssetSourceAfterMeshUploadReleasesMeshResidency
 459/4150 Test  #466: MeshGeometryExtraction.AddingAssetSourceAfterMeshUploadReleasesMeshResidency ....................................   Passed    0.05 sec
          Start  467: MeshGeometryExtraction.LosingMeshDomainTopologyReleasesMeshResidency
 460/4150 Test  #467: MeshGeometryExtraction.LosingMeshDomainTopologyReleasesMeshResidency ............................................   Passed    0.06 sec
          Start  468: MeshGeometryExtraction.NonMeshDomainEntityIsIgnoredByMeshPath
 461/4150 Test  #468: MeshGeometryExtraction.NonMeshDomainEntityIsIgnoredByMeshPath ...................................................   Passed    0.06 sec
          Start  469: MeshGeometryExtraction.MultipleDirtyTagsCoalesceIntoSingleReupload
 462/4150 Test  #469: MeshGeometryExtraction.MultipleDirtyTagsCoalesceIntoSingleReupload ..............................................   Passed    0.06 sec
          Start  470: MeshGeometryExtraction.ReuploadFailureReleasesStaleResidencyAndPreservesDirtyTag
 463/4150 Test  #470: MeshGeometryExtraction.ReuploadFailureReleasesStaleResidencyAndPreservesDirtyTag ................................   Passed    0.06 sec
          Start  471: MeshGeometryExtraction.UniformCornerTexcoordsUploadWithoutSplittingVertices
 464/4150 Test  #471: MeshGeometryExtraction.UniformCornerTexcoordsUploadWithoutSplittingVertices .....................................   Passed    0.06 sec
          Start  472: MeshGeometryExtraction.DisagreeingCornerTexcoordsSplitOnlyTheSeamVertexAtUpload
 465/4150 Test  #472: MeshGeometryExtraction.DisagreeingCornerTexcoordsSplitOnlyTheSeamVertexAtUpload .................................   Passed    0.06 sec
          Start  473: CornerTexcoordUpload.CornerHalfedgeMapIsParallelToTheTriangleList
 466/4150 Test  #473: CornerTexcoordUpload.CornerHalfedgeMapIsParallelToTheTriangleList ...............................................   Passed    0.00 sec
          Start  474: CornerTexcoordUpload.CornerMapIsClearedOnTopologyFailure
 467/4150 Test  #474: CornerTexcoordUpload.CornerMapIsClearedOnTopologyFailure ........................................................   Passed    0.00 sec
          Start  475: MeshPrimitiveViewExtraction.EnableEdgeViewUploadsSeparateEdgeRenderable
 468/4150 Test  #475: MeshPrimitiveViewExtraction.EnableEdgeViewUploadsSeparateEdgeRenderable .........................................   Passed    0.05 sec
          Start  476: MeshPrimitiveViewExtraction.EdgeViewWidthConfigUpdateReusesGeometry
 469/4150 Test  #476: MeshPrimitiveViewExtraction.EdgeViewWidthConfigUpdateReusesGeometry .............................................   Passed    0.06 sec
          Start  477: MeshPrimitiveViewExtraction.EnableVertexViewUploadsSeparatePointRenderable
 470/4150 Test  #477: MeshPrimitiveViewExtraction.EnableVertexViewUploadsSeparatePointRenderable ......................................   Passed    0.06 sec
          Start  478: MeshPrimitiveViewExtraction.MeshVertexPointLaneDoesNotRequireSurfaceTopology
 471/4150 Test  #478: MeshPrimitiveViewExtraction.MeshVertexPointLaneDoesNotRequireSurfaceTopology ....................................   Passed    0.06 sec
          Start  479: MeshPrimitiveViewExtraction.VertexViewConfigUpdateReusesGeometry
 472/4150 Test  #479: MeshPrimitiveViewExtraction.VertexViewConfigUpdateReusesGeometry ................................................   Passed    0.06 sec
          Start  480: MeshPrimitiveViewExtraction.EnableBothViewsAllocatesThreeIndependentRenderables
 473/4150 Test  #480: MeshPrimitiveViewExtraction.EnableBothViewsAllocatesThreeIndependentRenderables .................................   Passed    0.06 sec
          Start  481: MeshPrimitiveViewExtraction.EdgeAndPointComponentsDoNotRequireRenderSurface
 474/4150 Test  #481: MeshPrimitiveViewExtraction.EdgeAndPointComponentsDoNotRequireRenderSurface .....................................   Passed    0.06 sec
          Start  482: MeshPrimitiveViewExtraction.LaneOverridesColorEdgeAndVertexViewsIndependently
 475/4150 Test  #482: MeshPrimitiveViewExtraction.LaneOverridesColorEdgeAndVertexViewsIndependently ...................................   Passed    0.06 sec
          Start  483: MeshPrimitiveViewExtraction.RepeatedExtractionReusesViewsWithoutReupload
 476/4150 Test  #483: MeshPrimitiveViewExtraction.RepeatedExtractionReusesViewsWithoutReupload ........................................   Passed    0.07 sec
          Start  484: MeshPrimitiveViewExtraction.VertexPositionDirtyRepacksBothViews
 477/4150 Test  #484: MeshPrimitiveViewExtraction.VertexPositionDirtyRepacksBothViews .................................................   Passed    0.06 sec
          Start  485: MeshPrimitiveViewExtraction.DisablingEdgeViewReleasesItsGeometryAfterWindow
 478/4150 Test  #485: MeshPrimitiveViewExtraction.DisablingEdgeViewReleasesItsGeometryAfterWindow .....................................   Passed    0.06 sec
          Start  486: MeshPrimitiveViewExtraction.EntityDestructionReleasesViewsAfterWindow
 479/4150 Test  #486: MeshPrimitiveViewExtraction.EntityDestructionReleasesViewsAfterWindow ...........................................   Passed    0.06 sec
          Start  487: MeshPrimitiveViewExtraction.ShutdownReleasesViewResidency
 480/4150 Test  #487: MeshPrimitiveViewExtraction.ShutdownReleasesViewResidency .......................................................   Passed    0.06 sec
          Start  488: MeshPrimitiveViewExtraction.ProceduralRefFlipReleasesViews
 481/4150 Test  #488: MeshPrimitiveViewExtraction.ProceduralRefFlipReleasesViews ......................................................   Passed    0.07 sec
          Start  489: MeshPrimitiveViewExtraction.EdgeViewDerivesWireframeWithoutExplicitEdges
 482/4150 Test  #489: MeshPrimitiveViewExtraction.EdgeViewDerivesWireframeWithoutExplicitEdges ........................................   Passed    0.06 sec
          Start  490: MeshPrimitiveViewExtraction.OutOfRangeEdgeEndpointIncrementsInvalidEdgesCounter
 483/4150 Test  #490: MeshPrimitiveViewExtraction.OutOfRangeEdgeEndpointIncrementsInvalidEdgesCounter .................................   Passed    0.06 sec
          Start  491: MeshPrimitiveViewExtraction.NonMeshEntityWithRenderComponentsCreatesNoMeshViews
 484/4150 Test  #491: MeshPrimitiveViewExtraction.NonMeshEntityWithRenderComponentsCreatesNoMeshViews .................................   Passed    0.06 sec
          Start  492: ProgressivePoissonGpuBackend.PlansPerLevelBuildAcceptAndCompaction
 485/4150 Test  #492: ProgressivePoissonGpuBackend.PlansPerLevelBuildAcceptAndCompaction ..............................................   Passed    0.00 sec
          Start  493: ProgressivePoissonGpuBackend.PlansThreeDimensionalEightPhaseDispatch
 486/4150 Test  #493: ProgressivePoissonGpuBackend.PlansThreeDimensionalEightPhaseDispatch ............................................   Passed    0.00 sec
          Start  494: ProgressivePoissonGpuBackend.InvalidPlanInputsFailClosed
 487/4150 Test  #494: ProgressivePoissonGpuBackend.InvalidPlanInputsFailClosed ........................................................   Passed    0.00 sec
          Start  495: ProgressivePoissonGpuBackend.BuildsBufferAndPipelineDescriptors
 488/4150 Test  #495: ProgressivePoissonGpuBackend.BuildsBufferAndPipelineDescriptors .................................................   Passed    0.00 sec
          Start  496: ProgressivePoissonGpuBackend.BuildsStateRecordFromRoleBuffers
 489/4150 Test  #496: ProgressivePoissonGpuBackend.BuildsStateRecordFromRoleBuffers ...................................................   Passed    0.00 sec
          Start  497: ProgressivePoissonGpuBackend.RecordsMethodDispatchesAndDelegatesCompaction
 490/4150 Test  #497: ProgressivePoissonGpuBackend.RecordsMethodDispatchesAndDelegatesCompaction ......................................   Passed    0.00 sec
          Start  498: ProgressivePoissonGpuBackend.ExecutionAllocatesUploadsAndRecordsWithoutDuplicateReadbackCopies
 491/4150 Test  #498: ProgressivePoissonGpuBackend.ExecutionAllocatesUploadsAndRecordsWithoutDuplicateReadbackCopies ..................   Passed    0.00 sec
          Start  499: ProgressivePoissonGpuBackend.RecordFailsClosedForInvalidResourcesAndUnavailableDevice
 492/4150 Test  #499: ProgressivePoissonGpuBackend.RecordFailsClosedForInvalidResourcesAndUnavailableDevice ...........................   Passed    0.00 sec
          Start  500: ProgressivePoissonGpuBackend.ResolveReportsCpuFallbackUntilExecutionLands
 493/4150 Test  #500: ProgressivePoissonGpuBackend.ResolveReportsCpuFallbackUntilExecutionLands .......................................   Passed    0.00 sec
          Start  501: ProgressivePoissonGpuBackend.ExecutionFallsBackBeforeAllocationWhenDeviceUnavailable
 494/4150 Test  #501: ProgressivePoissonGpuBackend.ExecutionFallsBackBeforeAllocationWhenDeviceUnavailable ............................   Passed    0.00 sec
          Start  502: ProgressivePoissonGpuBackend.SharedResultBatchParsesAcceptedPrefixAndValidatesShape
 495/4150 Test  #502: ProgressivePoissonGpuBackend.SharedResultBatchParsesAcceptedPrefixAndValidatesShape .............................   Passed    0.00 sec
          Start  503: ProgressivePoissonGpuBackend.ReadbackRejectsInvalidOrDuplicateAcceptedIndices
 496/4150 Test  #503: ProgressivePoissonGpuBackend.ReadbackRejectsInvalidOrDuplicateAcceptedIndices ...................................   Passed    0.00 sec
          Start  504: ProgressivePoissonGpuBackend.ParityDiagnosticsAcceptReferenceMatchAndPoissonGuarantee
 497/4150 Test  #504: ProgressivePoissonGpuBackend.ParityDiagnosticsAcceptReferenceMatchAndPoissonGuarantee ...........................   Passed    0.00 sec
          Start  505: ProgressivePoissonGpuBackend.ParityDiagnosticsRecommendCpuFallbackOnMismatch
 498/4150 Test  #505: ProgressivePoissonGpuBackend.ParityDiagnosticsRecommendCpuFallbackOnMismatch ....................................   Passed    0.00 sec
          Start  506: ProgressivePoissonGpuBackend.DebugNamesAreStable
 499/4150 Test  #506: ProgressivePoissonGpuBackend.DebugNamesAreStable ................................................................   Passed    0.00 sec
          Start  507: RenderArtifactPublication.RegistersObservableArtifactBeforeProjectMutation
 500/4150 Test  #507: RenderArtifactPublication.RegistersObservableArtifactBeforeProjectMutation ......................................   Passed    0.00 sec
          Start  508: RenderArtifactPublication.SupersedesOlderSourceRevisionForSameLogicalOutput
 501/4150 Test  #508: RenderArtifactPublication.SupersedesOlderSourceRevisionForSameLogicalOutput .....................................   Passed    0.01 sec
          Start  509: RenderArtifactPublication.PublishAndApplyAreExplicitAuditedAndUndoAware
 502/4150 Test  #509: RenderArtifactPublication.PublishAndApplyAreExplicitAuditedAndUndoAware .........................................   Passed    0.00 sec
          Start  510: RenderArtifactPublication.RejectsImplicitApplyAndNonCandidateOutputs
 503/4150 Test  #510: RenderArtifactPublication.RejectsImplicitApplyAndNonCandidateOutputs ............................................   Passed    0.00 sec
          Start  511: RenderArtifactPublication.StaleCanceledAndFailedArtifactsStayDistinct
 504/4150 Test  #511: RenderArtifactPublication.StaleCanceledAndFailedArtifactsStayDistinct ...........................................   Passed    0.00 sec
          Start  512: RenderExtractionContract.WorldMatrixWithoutRenderHintPublishesNoDrawCandidate
 505/4150 Test  #512: RenderExtractionContract.WorldMatrixWithoutRenderHintPublishesNoDrawCandidate ...................................   Passed    0.06 sec
          Start  513: RenderExtractionContract.FailedMeshPackPublishesNoDrawCandidate
 506/4150 Test  #513: RenderExtractionContract.FailedMeshPackPublishesNoDrawCandidate .................................................   Passed    0.05 sec
          Start  514: RenderExtractionContract.SnapshotSurvivesLiveEcsMutationAndDestruction
 507/4150 Test  #514: RenderExtractionContract.SnapshotSurvivesLiveEcsMutationAndDestruction ..........................................   Passed    0.07 sec
          Start  515: GizmoInteraction.HitTestResolvesXAxisAndRejectsOffAxisCursor
 508/4150 Test  #515: GizmoInteraction.HitTestResolvesXAxisAndRejectsOffAxisCursor ....................................................   Passed    0.00 sec
          Start  516: GizmoInteraction.HitTestEmptySelectionIsNoHit
 509/4150 Test  #516: GizmoInteraction.HitTestEmptySelectionIsNoHit ...................................................................   Passed    0.00 sec
          Start  517: GizmoInteraction.DragTickTranslatesAlongAxisAndCommitsHistory
 510/4150 Test  #517: GizmoInteraction.DragTickTranslatesAlongAxisAndCommitsHistory ...................................................   Passed    0.00 sec
          Start  518: GizmoInteraction.DragCommitCoalescesMultiSelectionAndRejectsInterveningState
 511/4150 Test  #518: GizmoInteraction.DragCommitCoalescesMultiSelectionAndRejectsInterveningState ....................................   Passed    0.00 sec
          Start  519: GizmoInteraction.DragCancelRestoresBeforeTransform
 512/4150 Test  #519: GizmoInteraction.DragCancelRestoresBeforeTransform ..............................................................   Passed    0.00 sec
          Start  520: GizmoInteraction.DragTickRotatesAroundAxisAndCommitsHistory
 513/4150 Test  #520: GizmoInteraction.DragTickRotatesAroundAxisAndCommitsHistory .....................................................   Passed    0.00 sec
          Start  521: GizmoInteraction.DragTickScalesAlongAxisAndCommitsHistory
 514/4150 Test  #521: GizmoInteraction.DragTickScalesAlongAxisAndCommitsHistory .......................................................   Passed    0.00 sec
          Start  522: GizmoInteraction.DragModeIsLatchedWhenToolbarModeChangesMidDrag
 515/4150 Test  #522: GizmoInteraction.DragModeIsLatchedWhenToolbarModeChangesMidDrag .................................................   Passed    0.00 sec
          Start  523: GizmoInteraction.SnapModifierRoundsTranslationToStep
 516/4150 Test  #523: GizmoInteraction.SnapModifierRoundsTranslationToStep ............................................................   Passed    0.00 sec
          Start  524: GizmoInteraction.RenderPacketBuilderMapsOnlyFrozenFields
 517/4150 Test  #524: GizmoInteraction.RenderPacketBuilderMapsOnlyFrozenFields ........................................................   Passed    0.00 sec
          Start  525: GizmoInteractionEngineWiring.ExtractionSubmitsTransformGizmoPackets
 518/4150 Test  #525: GizmoInteractionEngineWiring.ExtractionSubmitsTransformGizmoPackets .............................................   Passed    0.06 sec
          Start  526: GizmoInteractionEngineWiring.RunFramePublishesSelectedEntityGizmoPacket
 519/4150 Test  #526: GizmoInteractionEngineWiring.RunFramePublishesSelectedEntityGizmoPacket .........................................   Passed    0.06 sec
          Start  527: GraphGeometryExtraction.LineGraphUploadsOnceAndBindsInstanceGeometry
 520/4150 Test  #527: GraphGeometryExtraction.LineGraphUploadsOnceAndBindsInstanceGeometry ............................................   Passed    0.06 sec
          Start  528: GraphGeometryExtraction.PointGraphUploadsOnceAndBindsInstanceGeometry
 521/4150 Test  #528: GraphGeometryExtraction.PointGraphUploadsOnceAndBindsInstanceGeometry ...........................................   Passed    0.07 sec
          Start  529: GraphGeometryExtraction.LineAndPointGraphUploadsSingleHandleForBothLanes
 522/4150 Test  #529: GraphGeometryExtraction.LineAndPointGraphUploadsSingleHandleForBothLanes ........................................   Passed    0.06 sec
          Start  530: GraphGeometryExtraction.LaneOverridesColorLineAndPointLanesIndependently
 523/4150 Test  #530: GraphGeometryExtraction.LaneOverridesColorLineAndPointLanesIndependently ........................................   Passed    0.06 sec
          Start  531: GraphGeometryExtraction.RepeatedExtractionReusesGraphHandleWithoutReupload
 524/4150 Test  #531: GraphGeometryExtraction.RepeatedExtractionReusesGraphHandleWithoutReupload ......................................   Passed    0.06 sec
          Start  532: GraphGeometryExtraction.PropertyRevisionUpdatesResidentPositionsWithoutDirtyTag
 525/4150 Test  #532: GraphGeometryExtraction.PropertyRevisionUpdatesResidentPositionsWithoutDirtyTag .................................   Passed    0.06 sec
          Start  533: GraphGeometryExtraction.TwoGraphEntitiesAllocateIndependentUploads
 526/4150 Test  #533: GraphGeometryExtraction.TwoGraphEntitiesAllocateIndependentUploads ..............................................   Passed    0.06 sec
          Start  534: GraphGeometryExtraction.EntityDestructionRetiresGraphGeometryAfterDeferredWindow
 527/4150 Test  #534: GraphGeometryExtraction.EntityDestructionRetiresGraphGeometryAfterDeferredWindow ................................   Passed    0.06 sec
          Start  535: GraphGeometryExtraction.ShutdownReleasesPendingGraphResidency
 528/4150 Test  #535: GraphGeometryExtraction.ShutdownReleasesPendingGraphResidency ...................................................   Passed    0.06 sec
          Start  536: GraphGeometryExtraction.ProceduralRefPreemptsGraphPathOnSameEntity
 529/4150 Test  #536: GraphGeometryExtraction.ProceduralRefPreemptsGraphPathOnSameEntity ..............................................   Passed    0.06 sec
          Start  537: GraphGeometryExtraction.MissingNodePositionsIncrementsMissingNodesCounter
 530/4150 Test  #537: GraphGeometryExtraction.MissingNodePositionsIncrementsMissingNodesCounter .......................................   Passed    0.05 sec
          Start  538: GraphGeometryExtraction.OutOfRangeEdgeIncrementsInvalidEdgesCounter
 531/4150 Test  #538: GraphGeometryExtraction.OutOfRangeEdgeIncrementsInvalidEdgesCounter .............................................   Passed    0.05 sec
          Start  539: GraphGeometryExtraction.SurfaceOnlyGraphEntityFailsClosedAsFailedPack
 532/4150 Test  #539: GraphGeometryExtraction.SurfaceOnlyGraphEntityFailsClosedAsFailedPack ...........................................   Passed    0.05 sec
          Start  540: GraphGeometryExtraction.AddingProceduralRefAfterGraphUploadReleasesGraphResidency
 533/4150 Test  #540: GraphGeometryExtraction.AddingProceduralRefAfterGraphUploadReleasesGraphResidency ...............................   Passed    0.06 sec
          Start  541: GraphGeometryExtraction.LosingGraphHintReleasesGraphResidency
 534/4150 Test  #541: GraphGeometryExtraction.LosingGraphHintReleasesGraphResidency ...................................................   Passed    0.05 sec
          Start  542: GraphGeometryExtraction.GainingLineHintRepacksGraphWithoutDirtyTag
 535/4150 Test  #542: GraphGeometryExtraction.GainingLineHintRepacksGraphWithoutDirtyTag ..............................................   Passed    0.06 sec
          Start  543: GraphGeometryExtraction.LosingLineHintRepacksGraphWithoutDirtyTag
 536/4150 Test  #543: GraphGeometryExtraction.LosingLineHintRepacksGraphWithoutDirtyTag ...............................................   Passed    0.06 sec
          Start  544: GraphGeometryExtraction.ReuploadFailureReleasesStaleResidencyAndPreservesDirtyTag
 537/4150 Test  #544: GraphGeometryExtraction.ReuploadFailureReleasesStaleResidencyAndPreservesDirtyTag ...............................   Passed    0.06 sec
          Start  545: RuntimeGeometryAvailability.MeshResolvesIndependentSurfaceEdgeAndPointLanes
 538/4150 Test  #545: RuntimeGeometryAvailability.MeshResolvesIndependentSurfaceEdgeAndPointLanes .....................................   Passed    0.00 sec
          Start  546: RuntimeGeometryAvailability.GraphSupportsUnifiedVertexHalfedgeAndEdgeSources
 539/4150 Test  #546: RuntimeGeometryAvailability.GraphSupportsUnifiedVertexHalfedgeAndEdgeSources ....................................   Passed    0.00 sec
          Start  547: RuntimeGeometryAvailability.SharedSourceMatrixDoesNotReplaceGraphProvenance
 540/4150 Test  #547: RuntimeGeometryAvailability.SharedSourceMatrixDoesNotReplaceGraphProvenance .....................................   Passed    0.00 sec
          Start  548: RuntimeGeometryAvailability.GraphMarkerKeepsProvenanceForMixedSourceMatrix
 541/4150 Test  #548: RuntimeGeometryAvailability.GraphMarkerKeepsProvenanceForMixedSourceMatrix ......................................   Passed    0.00 sec
          Start  549: RuntimeGeometryAvailability.PointCloudSupportsPointsAndRejectsSurfaceAndEdges
 542/4150 Test  #549: RuntimeGeometryAvailability.PointCloudSupportsPointsAndRejectsSurfaceAndEdges ...................................   Passed    0.00 sec
          Start  550: RuntimeGeometryAvailability.MeshEdgeLaneCanDeriveFromSurfaceTopologyWithoutEdges
 543/4150 Test  #550: RuntimeGeometryAvailability.MeshEdgeLaneCanDeriveFromSurfaceTopologyWithoutEdges ................................   Passed    0.00 sec
          Start  551: RuntimeGeometryAvailability.PartialMeshCanSupportPointsWhileSurfaceReportsMissingHalfedges
 544/4150 Test  #551: RuntimeGeometryAvailability.PartialMeshCanSupportPointsWhileSurfaceReportsMissingHalfedges ......................   Passed    0.00 sec
          Start  552: RuntimeGeometryProperty.ValueKindFilterTreatsNulloptAsUnconstrained
 545/4150 Test  #552: RuntimeGeometryProperty.ValueKindFilterTreatsNulloptAsUnconstrained .............................................   Passed    0.00 sec
          Start  553: RuntimeGeometryProperty.RefComparesOnDomainNameAndValueKind
 546/4150 Test  #553: RuntimeGeometryProperty.RefComparesOnDomainNameAndValueKind .....................................................   Passed    0.00 sec
          Start  554: RuntimeGeometryProperty.CatalogSnapshotIsDeterministicAndCarriesIdentity
 547/4150 Test  #554: RuntimeGeometryProperty.CatalogSnapshotIsDeterministicAndCarriesIdentity ........................................   Passed    0.00 sec
          Start  555: RuntimeGeometryProperty.GraphHalfedgePropertiesUseCanonicalDomain
 548/4150 Test  #555: RuntimeGeometryProperty.GraphHalfedgePropertiesUseCanonicalDomain ...............................................   Passed    0.00 sec
          Start  556: RuntimeGeometryProperty.ResolutionReportsEveryFailureModeDistinctly
 549/4150 Test  #556: RuntimeGeometryProperty.ResolutionReportsEveryFailureModeDistinctly .............................................   Passed    0.00 sec
          Start  557: RuntimeGeometryProperty.NonFiniteValuesAreOptInAndDetectedPerKind
 550/4150 Test  #557: RuntimeGeometryProperty.NonFiniteValuesAreOptInAndDetectedPerKind ...............................................   Passed    0.00 sec
          Start  558: RuntimeGeometryProperty.RefOverloadTreatsUnknownKindAsUnconstrained
 551/4150 Test  #558: RuntimeGeometryProperty.RefOverloadTreatsUnknownKindAsUnconstrained .............................................   Passed    0.00 sec
          Start  559: GeometryPresentation.RecipeIntentAndRuntimeStatusProjectIntoGenerationQualifiedSnapshot
 552/4150 Test  #559: GeometryPresentation.RecipeIntentAndRuntimeStatusProjectIntoGenerationQualifiedSnapshot .........................   Passed    0.00 sec
          Start  560: GeometryPresentation.GeneratedTextureAssetUsesRuntimeSidecarOutput
 553/4150 Test  #560: GeometryPresentation.GeneratedTextureAssetUsesRuntimeSidecarOutput ..............................................   Passed    0.00 sec
          Start  561: GeometryPresentation.GraphPointAndLineSlotsUseCanonicalPropertyReferences
 554/4150 Test  #561: GeometryPresentation.GraphPointAndLineSlotsUseCanonicalPropertyReferences .......................................   Passed    0.00 sec
          Start  562: GeometryPresentation.PropertyOptionsAreDeterministicCompatibleFirstCanonicalRefs
 555/4150 Test  #562: GeometryPresentation.PropertyOptionsAreDeterministicCompatibleFirstCanonicalRefs ................................   Passed    0.00 sec
          Start  563: GeometryPresentation.PointCloudAndProceduralShapesUseTheSameProjection
 556/4150 Test  #563: GeometryPresentation.PointCloudAndProceduralShapesUseTheSameProjection ..........................................   Passed    0.00 sec
          Start  564: GeometryPresentation.LegacyShapeSpellingsRemainReadCompatible
 557/4150 Test  #564: GeometryPresentation.LegacyShapeSpellingsRemainReadCompatible ...................................................   Passed    0.00 sec
          Start  565: PointCloudGeometryExtraction.CloudUploadsOnceAndBindsInstanceGeometry
 558/4150 Test  #565: PointCloudGeometryExtraction.CloudUploadsOnceAndBindsInstanceGeometry ...........................................   Passed    0.06 sec
          Start  566: PointCloudGeometryExtraction.PopulateFromCloudResolvesPointCloudDomainAndUploads
 559/4150 Test  #566: PointCloudGeometryExtraction.PopulateFromCloudResolvesPointCloudDomainAndUploads ................................   Passed    0.05 sec
          Start  567: PointCloudGeometryExtraction.RepeatedExtractionReusesPointCloudHandleWithoutReupload
 560/4150 Test  #567: PointCloudGeometryExtraction.RepeatedExtractionReusesPointCloudHandleWithoutReupload ............................   Passed    0.06 sec
          Start  568: PointCloudGeometryExtraction.PropertyRevisionUpdatesResidentPositionsWithoutDirtyTag
 561/4150 Test  #568: PointCloudGeometryExtraction.PropertyRevisionUpdatesResidentPositionsWithoutDirtyTag ............................   Passed    0.07 sec
          Start  569: PointCloudGeometryExtraction.TwoCloudEntitiesAllocateIndependentUploads
 562/4150 Test  #569: PointCloudGeometryExtraction.TwoCloudEntitiesAllocateIndependentUploads .........................................   Passed    0.06 sec
          Start  570: PointCloudGeometryExtraction.EntityDestructionRetiresPointCloudGeometryAfterDeferredWindow
 563/4150 Test  #570: PointCloudGeometryExtraction.EntityDestructionRetiresPointCloudGeometryAfterDeferredWindow ......................   Passed    0.06 sec
          Start  571: PointCloudGeometryExtraction.CacheDestructionToleratesPendingDeferredRetireState
 564/4150 Test  #571: PointCloudGeometryExtraction.CacheDestructionToleratesPendingDeferredRetireState ................................   Passed    0.05 sec
          Start  572: PointCloudGeometryExtraction.ShutdownReleasesPendingPointCloudResidency
 565/4150 Test  #572: PointCloudGeometryExtraction.ShutdownReleasesPendingPointCloudResidency .........................................   Passed    0.06 sec
          Start  573: PointCloudGeometryExtraction.ProceduralRefPreemptsPointCloudPathOnSameEntity
 566/4150 Test  #573: PointCloudGeometryExtraction.ProceduralRefPreemptsPointCloudPathOnSameEntity ....................................   Passed    0.06 sec
          Start  574: PointCloudGeometryExtraction.MissingPositionsIncrementsMissingPositionsCounter
 567/4150 Test  #574: PointCloudGeometryExtraction.MissingPositionsIncrementsMissingPositionsCounter ..................................   Passed    0.06 sec
          Start  575: PointCloudGeometryExtraction.NonFinitePositionIncrementsInvalidPointsCounter
 568/4150 Test  #575: PointCloudGeometryExtraction.NonFinitePositionIncrementsInvalidPointsCounter ....................................   Passed    0.05 sec
          Start  576: PointCloudGeometryExtraction.PerPointSizeSourceFailsClosedAsFailedPack
 569/4150 Test  #576: PointCloudGeometryExtraction.PerPointSizeSourceFailsClosedAsFailedPack ..........................................   Passed    0.06 sec
          Start  577: PointCloudGeometryExtraction.AddingProceduralRefAfterUploadReleasesPointCloudResidency
 570/4150 Test  #577: PointCloudGeometryExtraction.AddingProceduralRefAfterUploadReleasesPointCloudResidency ..........................   Passed    0.06 sec
          Start  578: PointCloudGeometryExtraction.LosingPointHintReleasesPointCloudResidency
 571/4150 Test  #578: PointCloudGeometryExtraction.LosingPointHintReleasesPointCloudResidency .........................................   Passed    0.06 sec
          Start  579: PointCloudGeometryExtraction.UnsupportedSurfaceAndEdgeHintsFailClosed
 572/4150 Test  #579: PointCloudGeometryExtraction.UnsupportedSurfaceAndEdgeHintsFailClosed ...........................................   Passed    0.06 sec
          Start  580: PointCloudGeometryExtraction.UnsupportedSurfaceAndEdgeHintsReleasePriorResidency
 573/4150 Test  #580: PointCloudGeometryExtraction.UnsupportedSurfaceAndEdgeHintsReleasePriorResidency ................................   Passed    0.06 sec
          Start  581: PointCloudGeometryExtraction.VertexCountChangeFallsBackToFullUpload
 574/4150 Test  #581: PointCloudGeometryExtraction.VertexCountChangeFallsBackToFullUpload .............................................   Passed    0.06 sec
          Start  582: PointCloudGeometryExtraction.ReuploadFailureReleasesStaleResidencyAndPreservesDirtyTag
 575/4150 Test  #582: PointCloudGeometryExtraction.ReuploadFailureReleasesStaleResidencyAndPreservesDirtyTag ..........................   Passed    0.06 sec
          Start  583: PointCloudGeometryExtraction.SwitchingToUnsupportedSizeSourceReleasesResidency
 576/4150 Test  #583: PointCloudGeometryExtraction.SwitchingToUnsupportedSizeSourceReleasesResidency ..................................   Passed    0.06 sec
          Start  584: ParameterizationOperations.StableTokensAndAllImplementedStrategiesWriteFiniteUvs
 577/4150 Test  #584: ParameterizationOperations.StableTokensAndAllImplementedStrategiesWriteFiniteUvs ................................   Passed    0.01 sec
          Start  585: ParameterizationOperations.UndoRedoRestoresAbsentUvProperty
 578/4150 Test  #585: ParameterizationOperations.UndoRedoRestoresAbsentUvProperty .....................................................   Passed    0.00 sec
          Start  586: ParameterizationOperations.UndoRedoRestoresPresentUvValues
 579/4150 Test  #586: ParameterizationOperations.UndoRedoRestoresPresentUvValues ......................................................   Passed    0.01 sec
          Start  587: ParameterizationOperations.HistoryRejectsInterveningGeometryState
 580/4150 Test  #587: ParameterizationOperations.HistoryRejectsInterveningGeometryState ...............................................   Passed    0.00 sec
          Start  588: ParameterizationOperations.HistoryDoesNotRetainSessionOwnedModelCache
 581/4150 Test  #588: ParameterizationOperations.HistoryDoesNotRetainSessionOwnedModelCache ...........................................   Passed    0.01 sec
          Start  589: ParameterizationOperations.DeletedVertexTombstonePreservesStorageUvs
 582/4150 Test  #589: ParameterizationOperations.DeletedVertexTombstonePreservesStorageUvs ............................................   Passed    0.00 sec
          Start  590: ParameterizationOperations.ConfiguredPathReadsActiveEngineConfig
 583/4150 Test  #590: ParameterizationOperations.ConfiguredPathReadsActiveEngineConfig ................................................   Passed    0.01 sec
          Start  591: ParameterizationOperations.EditorConfigHelperUsesValidatedHotApplyLane
 584/4150 Test  #591: ParameterizationOperations.EditorConfigHelperUsesValidatedHotApplyLane ..........................................   Passed    0.04 sec
          Start  592: ParameterizationOperations.ConfigSourcesProduceIdenticalStateAndUvs
 585/4150 Test  #592: ParameterizationOperations.ConfigSourcesProduceIdenticalStateAndUvs .............................................   Passed    0.10 sec
          Start  593: ParameterizationOperations.IdenticalInputAndConfigAreDeterministic
 586/4150 Test  #593: ParameterizationOperations.IdenticalInputAndConfigAreDeterministic ..............................................   Passed    0.01 sec
          Start  594: ParameterizationOperations.SectionValidationKeepsNestedReferenceFallbackAtomic
 587/4150 Test  #594: ParameterizationOperations.SectionValidationKeepsNestedReferenceFallbackAtomic ..................................   Passed    0.00 sec
          Start  595: ParameterizationOperations.InvalidEnumsAndNarrowingFailClosed
 588/4150 Test  #595: ParameterizationOperations.InvalidEnumsAndNarrowingFailClosed ...................................................   Passed    0.00 sec
          Start  596: ParameterizationOperations.InvalidConfigEditDoesNotSerializeFallbackToken
 589/4150 Test  #596: ParameterizationOperations.InvalidConfigEditDoesNotSerializeFallbackToken .......................................   Passed    0.00 sec
          Start  597: ParameterizationOperations.WrongTypedUvAndNonTriangleFacesFailClosed
 590/4150 Test  #597: ParameterizationOperations.WrongTypedUvAndNonTriangleFacesFailClosed ............................................   Passed    0.00 sec
          Start  598: ParameterizationOperations.ViewModelIsPointerFreeAndCarriesAggregateDiagnostics
 591/4150 Test  #598: ParameterizationOperations.ViewModelIsPointerFreeAndCarriesAggregateDiagnostics .................................   Passed    0.00 sec
          Start  599: ParameterizationOperations.ViewModelFansFaceDiagnosticsIntoRenderedTriangles
 592/4150 Test  #599: ParameterizationOperations.ViewModelFansFaceDiagnosticsIntoRenderedTriangles ....................................   Passed    0.00 sec
          Start  600: ParameterizationOperations.FaceDiagnosticsRequireTheExactGeometryAndUvFingerprint
 593/4150 Test  #600: ParameterizationOperations.FaceDiagnosticsRequireTheExactGeometryAndUvFingerprint ...............................   Passed    0.01 sec
          Start  601: ParameterizationOperations.DeletedFaceTombstoneKeepsDiagnosticsAlignedWithSourceFaceStorage
 594/4150 Test  #601: ParameterizationOperations.DeletedFaceTombstoneKeepsDiagnosticsAlignedWithSourceFaceStorage .....................   Passed    0.01 sec
          Start  602: ParameterizationOperations.CpuViewDisablesGpuWorkAndReportsBackgroundFallback
 595/4150 Test  #602: ParameterizationOperations.CpuViewDisablesGpuWorkAndReportsBackgroundFallback ...................................   Passed    0.00 sec
          Start  603: ParameterizationOperations.GpuViewWithoutCommandSurfaceReportsCpuFallback
 596/4150 Test  #603: ParameterizationOperations.GpuViewWithoutCommandSurfaceReportsCpuFallback .......................................   Passed    0.00 sec
          Start  604: ParameterizationOperations.GpuViewRequestTokenIsStableAndSemantic
 597/4150 Test  #604: ParameterizationOperations.GpuViewRequestTokenIsStableAndSemantic ...............................................   Passed    0.00 sec
          Start  605: PrimitiveSelectionRefinement.MeshFaceHintAnchorsFaceWithNearestVertexAndEdge
 598/4150 Test  #605: PrimitiveSelectionRefinement.MeshFaceHintAnchorsFaceWithNearestVertexAndEdge ....................................   Passed    0.00 sec
          Start  606: PrimitiveSelectionRefinement.MeshFaceHintWithoutAnchorReportsCentroidOnly
 599/4150 Test  #606: PrimitiveSelectionRefinement.MeshFaceHintWithoutAnchorReportsCentroidOnly .......................................   Passed    0.00 sec
          Start  607: PrimitiveSelectionRefinement.MeshEdgeHintReturnsEdgeAndNearestEndpoint
 600/4150 Test  #607: PrimitiveSelectionRefinement.MeshEdgeHintReturnsEdgeAndNearestEndpoint ..........................................   Passed    0.00 sec
          Start  608: PrimitiveSelectionRefinement.MeshPointHintResolvesVertex
 601/4150 Test  #608: PrimitiveSelectionRefinement.MeshPointHintResolvesVertex ........................................................   Passed    0.00 sec
          Start  609: PrimitiveSelectionRefinement.MeshEntityHintSelectsWholeEntity
 602/4150 Test  #609: PrimitiveSelectionRefinement.MeshEntityHintSelectsWholeEntity ...................................................   Passed    0.00 sec
          Start  610: PrimitiveSelectionRefinement.TransformAppliesToWorldHit
 603/4150 Test  #610: PrimitiveSelectionRefinement.TransformAppliesToWorldHit .........................................................   Passed    0.00 sec
          Start  611: PrimitiveSelectionRefinement.MeshFaceIndexOutOfRangeFailsClosed
 604/4150 Test  #611: PrimitiveSelectionRefinement.MeshFaceIndexOutOfRangeFailsClosed .................................................   Passed    0.00 sec
          Start  612: PrimitiveSelectionRefinement.MeshMissingPositionsFailsClosed
 605/4150 Test  #612: PrimitiveSelectionRefinement.MeshMissingPositionsFailsClosed ....................................................   Passed    0.00 sec
          Start  613: PrimitiveSelectionRefinement.MeshFaceHintMapsTrianglePayloadToFaceRow
 606/4150 Test  #613: PrimitiveSelectionRefinement.MeshFaceHintMapsTrianglePayloadToFaceRow ...........................................   Passed    0.00 sec
          Start  614: PrimitiveSelectionRefinement.SurfaceTriangleFaceMapMatchesCanonicalTopology
 607/4150 Test  #614: PrimitiveSelectionRefinement.SurfaceTriangleFaceMapMatchesCanonicalTopology .....................................   Passed    0.00 sec
          Start  615: PrimitiveSelectionRefinement.GraphEdgeHintReturnsEdgeAndNearestEndpoint
 608/4150 Test  #615: PrimitiveSelectionRefinement.GraphEdgeHintReturnsEdgeAndNearestEndpoint .........................................   Passed    0.00 sec
          Start  616: PrimitiveSelectionRefinement.GraphPointHintReturnsNode
 609/4150 Test  #616: PrimitiveSelectionRefinement.GraphPointHintReturnsNode ..........................................................   Passed    0.00 sec
          Start  617: PrimitiveSelectionRefinement.GraphFaceHintIsUnsupported
 610/4150 Test  #617: PrimitiveSelectionRefinement.GraphFaceHintIsUnsupported .........................................................   Passed    0.00 sec
          Start  618: PrimitiveSelectionRefinement.PointCloudPointHintReturnsPoint
 611/4150 Test  #618: PrimitiveSelectionRefinement.PointCloudPointHintReturnsPoint ....................................................   Passed    0.00 sec
          Start  619: PrimitiveSelectionRefinement.PointCloudPointIndexOutOfRangeFailsClosed
 612/4150 Test  #619: PrimitiveSelectionRefinement.PointCloudPointIndexOutOfRangeFailsClosed ..........................................   Passed    0.00 sec
          Start  620: PrimitiveSelectionRefinement.PointCloudEdgeHintIsUnsupported
 613/4150 Test  #620: PrimitiveSelectionRefinement.PointCloudEdgeHintIsUnsupported ....................................................   Passed    0.00 sec
          Start  621: PrimitiveSelectionRefinement.PointCloudMissingHintRayFallbackResolvesNearestPoint
 614/4150 Test  #621: PrimitiveSelectionRefinement.PointCloudMissingHintRayFallbackResolvesNearestPoint ...............................   Passed    0.00 sec
          Start  622: PrimitiveSelectionRefinement.RayFallbackOutsideRadiusMissesClosed
 615/4150 Test  #622: PrimitiveSelectionRefinement.RayFallbackOutsideRadiusMissesClosed ...............................................   Passed    0.00 sec
          Start  623: PrimitiveSelectionRefinement.MissingHintWithoutRayIsUnsupported
 616/4150 Test  #623: PrimitiveSelectionRefinement.MissingHintWithoutRayIsUnsupported .................................................   Passed    0.00 sec
          Start  624: PrimitiveSelectionRefinement.DegenerateRayFallbackMissesClosed
 617/4150 Test  #624: PrimitiveSelectionRefinement.DegenerateRayFallbackMissesClosed ..................................................   Passed    0.00 sec
          Start  625: PrimitiveSelectionRefinement.RayFallbackReportsTransformedWorldHit
 618/4150 Test  #625: PrimitiveSelectionRefinement.RayFallbackReportsTransformedWorldHit ..............................................   Passed    0.00 sec
          Start  626: PrimitiveSelectionRefinement.MeshMissingHintRayFallbackResolvesNearestVertex
 619/4150 Test  #626: PrimitiveSelectionRefinement.MeshMissingHintRayFallbackResolvesNearestVertex ....................................   Passed    0.00 sec
          Start  627: PrimitiveSelectionRefinement.GraphMissingHintRayFallbackResolvesNearestNode
 620/4150 Test  #627: PrimitiveSelectionRefinement.GraphMissingHintRayFallbackResolvesNearestNode .....................................   Passed    0.00 sec
          Start  628: PrimitiveSelectionRefinement.StaleEntityIsRejectedBeforeGeometry
 621/4150 Test  #628: PrimitiveSelectionRefinement.StaleEntityIsRejectedBeforeGeometry ................................................   Passed    0.00 sec
          Start  629: PrimitiveSelectionRefinement.NoneDomainIsUnsupported
 622/4150 Test  #629: PrimitiveSelectionRefinement.NoneDomainIsUnsupported ............................................................   Passed    0.00 sec
          Start  630: MeshSurfaceTopology.CorruptRingVariantsFailClosedAndClearOutputs
 623/4150 Test  #630: MeshSurfaceTopology.CorruptRingVariantsFailClosedAndClearOutputs ................................................   Passed    0.00 sec
          Start  631: MeshSurfaceTopology.MissingOwnershipPropertyFailsClosed
 624/4150 Test  #631: MeshSurfaceTopology.MissingOwnershipPropertyFailsClosed .........................................................   Passed    0.00 sec
          Start  632: MeshSurfaceTopology.DeletedFaceSlotsAreSkipped
 625/4150 Test  #632: MeshSurfaceTopology.DeletedFaceSlotsAreSkipped ..................................................................   Passed    0.00 sec
          Start  633: MeshSurfaceTopology.AllDeletedFacesAreDegenerate
 626/4150 Test  #633: MeshSurfaceTopology.AllDeletedFacesAreDegenerate ................................................................   Passed    0.00 sec
          Start  634: PrimitiveSelectionRefinementWiring.FaceHitResolvesToFaceRowAndWorldHit
 627/4150 Test  #634: PrimitiveSelectionRefinementWiring.FaceHitResolvesToFaceRowAndWorldHit ..........................................   Passed    0.00 sec
          Start  635: PrimitiveSelectionRefinementWiring.PointHitResolvesToMeshVertex
 628/4150 Test  #635: PrimitiveSelectionRefinementWiring.PointHitResolvesToMeshVertex .................................................   Passed    0.00 sec
          Start  636: PrimitiveSelectionRefinementWiring.PointHitResolvesToCloudPoint
 629/4150 Test  #636: PrimitiveSelectionRefinementWiring.PointHitResolvesToCloudPoint .................................................   Passed    0.00 sec
          Start  637: PrimitiveSelectionRefinementWiring.EntityHintResolvesToWholeEntity
 630/4150 Test  #637: PrimitiveSelectionRefinementWiring.EntityHintResolvesToWholeEntity ..............................................   Passed    0.00 sec
          Start  638: PrimitiveSelectionRefinementWiring.BackgroundReadbackResolvesToNoPrimitive
 631/4150 Test  #638: PrimitiveSelectionRefinementWiring.BackgroundReadbackResolvesToNoPrimitive ......................................   Passed    0.00 sec
          Start  639: PrimitiveSelectionRefinementWiring.StaleRenderIdReportsStaleEntity
 632/4150 Test  #639: PrimitiveSelectionRefinementWiring.StaleRenderIdReportsStaleEntity ..............................................   Passed    0.00 sec
          Start  640: PrimitiveSelectionRefinementWiring.LiveEntityWithoutGeometryIsUnsupportedDomain
 633/4150 Test  #640: PrimitiveSelectionRefinementWiring.LiveEntityWithoutGeometryIsUnsupportedDomain .................................   Passed    0.00 sec
          Start  641: PrimitiveSelectionRefinementWiring.NewestReadbackWinsAndBackgroundClears
 634/4150 Test  #641: PrimitiveSelectionRefinementWiring.NewestReadbackWinsAndBackgroundClears ........................................   Passed    0.00 sec
          Start  642: PrimitiveSelectionRefinementWiring.EmptyDrainRetainsPriorCache
 635/4150 Test  #642: PrimitiveSelectionRefinementWiring.EmptyDrainRetainsPriorCache ..................................................   Passed    0.00 sec
          Start  643: PrimitiveSelectionRefinementWiring.UnprojectPickDepthLandsOnCameraPickRay
 636/4150 Test  #643: PrimitiveSelectionRefinementWiring.UnprojectPickDepthLandsOnCameraPickRay .......................................   Passed    0.00 sec
          Start  644: PrimitiveSelectionRefinementWiring.FaceHitWithDepthContextAnchorsClosestVertexAndEdge
 637/4150 Test  #644: PrimitiveSelectionRefinementWiring.FaceHitWithDepthContextAnchorsClosestVertexAndEdge ...........................   Passed    0.00 sec
          Start  645: PrimitiveSelectionRefinementWiring.DepthCursorIsTransformedIntoEntityLocalSpace
 638/4150 Test  #645: PrimitiveSelectionRefinementWiring.DepthCursorIsTransformedIntoEntityLocalSpace .................................   Passed    0.00 sec
          Start  646: PrimitiveSelectionRefinementWiring.DepthClearValueSkipsCursorAnchor
 639/4150 Test  #646: PrimitiveSelectionRefinementWiring.DepthClearValueSkipsCursorAnchor .............................................   Passed    0.00 sec
          Start  647: PrimitiveSelectionRefinementWiring.MissingHintResolvesThroughContextRayFallback
 640/4150 Test  #647: PrimitiveSelectionRefinementWiring.MissingHintResolvesThroughContextRayFallback .................................   Passed    0.00 sec
          Start  648: PrimitiveSelectionRefinementWiring.IsOrthographicProjectionDistinguishesProjectionKinds
 641/4150 Test  #648: PrimitiveSelectionRefinementWiring.IsOrthographicProjectionDistinguishesProjectionKinds .........................   Passed    0.00 sec
          Start  649: PrimitiveSelectionRefinementWiring.OrthographicFallbackRadiusDoesNotScaleWithHitDistance
 642/4150 Test  #649: PrimitiveSelectionRefinementWiring.OrthographicFallbackRadiusDoesNotScaleWithHitDistance ........................   Passed    0.00 sec
          Start  650: PrimitiveSelectionRefinementWiring.OrthographicFallbackStillResolvesWithinPixelFootprint
 643/4150 Test  #650: PrimitiveSelectionRefinementWiring.OrthographicFallbackStillResolvesWithinPixelFootprint ........................   Passed    0.00 sec
          Start  651: ProceduralGeometryExtraction.SingleRenderableProducesOneInstanceAndOneGeometry
 644/4150 Test  #651: ProceduralGeometryExtraction.SingleRenderableProducesOneInstanceAndOneGeometry ..................................   Passed    0.06 sec
          Start  652: ProceduralGeometryExtraction.TwoRenderablesSharingKeyShareGeometryAndDedup
 645/4150 Test  #652: ProceduralGeometryExtraction.TwoRenderablesSharingKeyShareGeometryAndDedup ......................................   Passed    0.05 sec
          Start  653: ProceduralGeometryExtraction.GpuWorldReportsBoundGeometryForProceduralInstance
 646/4150 Test  #653: ProceduralGeometryExtraction.GpuWorldReportsBoundGeometryForProceduralInstance ..................................   Passed    0.06 sec
          Start  654: ProceduralGeometryExtraction.AssetAndProceduralSourcesOnSameEntityIncrementConflict
 647/4150 Test  #654: ProceduralGeometryExtraction.AssetAndProceduralSourcesOnSameEntityIncrementConflict .............................   Passed    0.07 sec
          Start  655: ProceduralGeometryExtraction.ProceduralSourceClearsSlotSourceAssetSentinel
 648/4150 Test  #655: ProceduralGeometryExtraction.ProceduralSourceClearsSlotSourceAssetSentinel ......................................   Passed    0.06 sec
          Start  656: ProceduralGeometryExtraction.EntityDestructionRetiresGeometryAfterDeferredWindow
 649/4150 Test  #656: ProceduralGeometryExtraction.EntityDestructionRetiresGeometryAfterDeferredWindow ................................   Passed    0.06 sec
          Start  657: ProceduralGeometryExtraction.RecreateProceduralEntityCancelsRetireAndKeepsHandle
 650/4150 Test  #657: ProceduralGeometryExtraction.RecreateProceduralEntityCancelsRetireAndKeepsHandle ................................   Passed    0.06 sec
          Start  658: CameraControllerRegistryWorldBinding.SetWorldSeedRejectsInvalidUnboundAndWrongWorldWithoutMutation
 651/4150 Test  #658: CameraControllerRegistryWorldBinding.SetWorldSeedRejectsInvalidUnboundAndWrongWorldWithoutMutation ..............   Passed    0.00 sec
          Start  659: CameraControllerRegistryWorldBinding.EqualHandleResetClearsSlotsTransitionAndSeed
 652/4150 Test  #659: CameraControllerRegistryWorldBinding.EqualHandleResetClearsSlotsTransitionAndSeed ...............................   Passed    0.00 sec
          Start  660: CameraControllerRegistryWorldBinding.AwayAndBackNeverResurrectsControllerOrSeed
 653/4150 Test  #660: CameraControllerRegistryWorldBinding.AwayAndBackNeverResurrectsControllerOrSeed .................................   Passed    0.00 sec
          Start  661: CameraModuleLifecycle.PublishesExactRegistryResolvesAndWithdrawsOnShutdown
 654/4150 Test  #661: CameraModuleLifecycle.PublishesExactRegistryResolvesAndWithdrawsOnShutdown ......................................   Passed    0.00 sec
          Start  662: CameraModuleLifecycle.DuplicateForeignPublicationFailsWithoutMutatingForeignService
 655/4150 Test  #662: CameraModuleLifecycle.DuplicateForeignPublicationFailsWithoutMutatingForeignService .............................   Passed    0.00 sec
          Start  663: CameraModuleLifecycle.MissingViewportRegistrarRollsBackPublicationAndSubscriptions
 656/4150 Test  #663: CameraModuleLifecycle.MissingViewportRegistrarRollsBackPublicationAndSubscriptions ..............................   Passed    0.00 sec
          Start  664: CameraModuleLifecycle.ShutdownWithdrawsOnlyOwnedInstance
 657/4150 Test  #664: CameraModuleLifecycle.ShutdownWithdrawsOnlyOwnedInstance ........................................................   Passed    0.00 sec
          Start  665: CameraModuleLifecycle.ShutdownReinitializeWithRecycledBitsStartsEmpty
 658/4150 Test  #665: CameraModuleLifecycle.ShutdownReinitializeWithRecycledBitsStartsEmpty ...........................................   Passed    0.00 sec
          Start  666: CameraModuleWorldLifecycle.ActiveWorldChangeAndRetirementClearBoundState
 659/4150 Test  #666: CameraModuleWorldLifecycle.ActiveWorldChangeAndRetirementClearBoundState ........................................   Passed    0.00 sec
          Start  667: CameraModuleViewportHook.HandleMismatchResetsBeforeDisabledConfigReturns
 660/4150 Test  #667: CameraModuleViewportHook.HandleMismatchResetsBeforeDisabledConfigReturns ........................................   Passed    0.00 sec
          Start  668: CameraModuleViewportHook.DisabledThenHotEnabledUsesWorldSeedAndConsumesTransitionOnce
 661/4150 Test  #668: CameraModuleViewportHook.DisabledThenHotEnabledUsesWorldSeedAndConsumesTransitionOnce ...........................   Passed    0.00 sec
          Start  669: CameraModuleViewportHook.EditorCaptureSuppressesUpdateButStillPublishesView
 662/4150 Test  #669: CameraModuleViewportHook.EditorCaptureSuppressesUpdateButStillPublishesView .....................................   Passed    0.00 sec
          Start  670: CameraModuleComposition.OptionalOmissionPublishesNoService
 663/4150 Test  #670: CameraModuleComposition.OptionalOmissionPublishesNoService ......................................................   Passed    0.04 sec
          Start  671: CameraModuleComposition.ComposedNullWindowFirstFrameBuildsFiniteCamera
 664/4150 Test  #671: CameraModuleComposition.ComposedNullWindowFirstFrameBuildsFiniteCamera ..........................................   Passed    0.04 sec
          Start  672: RuntimeCameraControllers.OrbitProducesValidFiniteViewAndClampsRadius
 665/4150 Test  #672: RuntimeCameraControllers.OrbitProducesValidFiniteViewAndClampsRadius ............................................   Passed    0.00 sec
          Start  673: RuntimeCameraControllers.OrbitYawWrapsDuringMouseDrag
 666/4150 Test  #673: RuntimeCameraControllers.OrbitYawWrapsDuringMouseDrag ...........................................................   Passed    0.00 sec
          Start  674: RuntimeCameraControllers.OrbitAlsoRotatesWithMiddleMouseDrag
 667/4150 Test  #674: RuntimeCameraControllers.OrbitAlsoRotatesWithMiddleMouseDrag ....................................................   Passed    0.00 sec
          Start  675: RuntimeCameraControllers.OrbitMouseUpDragMovesCameraAboveTarget
 668/4150 Test  #675: RuntimeCameraControllers.OrbitMouseUpDragMovesCameraAboveTarget .................................................   Passed    0.00 sec
          Start  676: RuntimeCameraControllers.OrbitDragCanCrossPitchPoleAndInvertUpVector
 669/4150 Test  #676: RuntimeCameraControllers.OrbitDragCanCrossPitchPoleAndInvertUpVector ............................................   Passed    0.00 sec
          Start  677: RuntimeCameraControllers.FlyMovementScalesWithDeltaTime
 670/4150 Test  #677: RuntimeCameraControllers.FlyMovementScalesWithDeltaTime .........................................................   Passed    0.00 sec
          Start  678: RuntimeCameraControllers.FlyMouseLookUsesLegacyRightButtonYawPitchSign
 671/4150 Test  #678: RuntimeCameraControllers.FlyMouseLookUsesLegacyRightButtonYawPitchSign ..........................................   Passed    0.00 sec
          Start  679: RuntimeCameraControllers.FlyKeyboardMappingUsesLegacyAxesAndShiftScalar
 672/4150 Test  #679: RuntimeCameraControllers.FlyKeyboardMappingUsesLegacyAxesAndShiftScalar .........................................   Passed    0.00 sec
          Start  680: RuntimeCameraControllers.RegistryReplacementCanSeedNextControllerFromTerminalView
 673/4150 Test  #680: RuntimeCameraControllers.RegistryReplacementCanSeedNextControllerFromTerminalView ...............................   Passed    0.00 sec
          Start  681: RuntimeCameraControllers.RegistryCameraTransitionFlagIsOneShotPerSlot
 674/4150 Test  #681: RuntimeCameraControllers.RegistryCameraTransitionFlagIsOneShotPerSlot ...........................................   Passed    0.00 sec
          Start  682: RuntimeCameraControllers.FactoryCreatesEveryControllerKindWithValidView
 675/4150 Test  #682: RuntimeCameraControllers.FactoryCreatesEveryControllerKindWithValidView .........................................   Passed    0.00 sec
          Start  683: RuntimeCameraControllers.FactorySeedsEveryControllerKindOnReferenceTriangleFocus
 676/4150 Test  #683: RuntimeCameraControllers.FactorySeedsEveryControllerKindOnReferenceTriangleFocus ................................   Passed    0.00 sec
          Start  684: RuntimeCameraControllers.FocusCentersOffOriginTargetForEveryControllerKind
 677/4150 Test  #684: RuntimeCameraControllers.FocusCentersOffOriginTargetForEveryControllerKind ......................................   Passed    0.00 sec
          Start  685: RuntimeCameraControllers.TopDownUsesOrthographicProjectionAndClampsZoom
 678/4150 Test  #685: RuntimeCameraControllers.TopDownUsesOrthographicProjectionAndClampsZoom .........................................   Passed    0.00 sec
          Start  686: RuntimeCameraControllers.RegistryCanSeedTopDownFromTerminalReferenceView
 679/4150 Test  #686: RuntimeCameraControllers.RegistryCanSeedTopDownFromTerminalReferenceView ........................................   Passed    0.00 sec
          Start  687: RuntimeCameraControllers.FreeLookRollChangesUpVectorAndStaysValid
 680/4150 Test  #687: RuntimeCameraControllers.FreeLookRollChangesUpVectorAndStaysValid ...............................................   Passed    0.00 sec
          Start  688: RuntimeCameraControllers.RegistrySupportsMultipleCameraSlots
 681/4150 Test  #688: RuntimeCameraControllers.RegistrySupportsMultipleCameraSlots ....................................................   Passed    0.00 sec
          Start  689: RuntimeConfigControl.AgentCliControlsRecipeAndEngineConfigWithoutUi
 682/4150 Test  #689: RuntimeConfigControl.AgentCliControlsRecipeAndEngineConfigWithoutUi .............................................   Passed    0.04 sec
          Start  690: RuntimeConfigControl.BootOnlyEngineConfigDifferencesAreRejected
 683/4150 Test  #690: RuntimeConfigControl.BootOnlyEngineConfigDifferencesAreRejected .................................................   Passed    0.04 sec
          Start  691: RuntimeConfigControl.GpuProfilingHotApplyIsSynchronousForEditorAndAgentCli
 684/4150 Test  #691: RuntimeConfigControl.GpuProfilingHotApplyIsSynchronousForEditorAndAgentCli ......................................   Passed    0.04 sec
          Start  692: RuntimeConfigControl.BootGpuProfilingConfigReachesRendererWithoutControlOrEditor
 685/4150 Test  #692: RuntimeConfigControl.BootGpuProfilingConfigReachesRendererWithoutControlOrEditor ................................   Passed    0.04 sec
          Start  693: RuntimeConfigControl.UiEndHotToggleControlsTheSameFramesImmutableRenderSnapshot
 686/4150 Test  #693: RuntimeConfigControl.UiEndHotToggleControlsTheSameFramesImmutableRenderSnapshot .................................   Passed    0.04 sec
          Start  694: RuntimeConfigControl.GenericSectionChangesAreLexicallyReportedAndCallbacksObserveCommit
 687/4150 Test  #694: RuntimeConfigControl.GenericSectionChangesAreLexicallyReportedAndCallbacksObserveCommit .........................   Passed    0.04 sec
          Start  695: RuntimeConfigControl.SectionCallbacksDoNotRunForPreviewNoChangeOrRejectedApply
 688/4150 Test  #695: RuntimeConfigControl.SectionCallbacksDoNotRunForPreviewNoChangeOrRejectedApply ..................................   Passed    0.04 sec
          Start  696: RuntimeConfigControl.InvalidHotRecipeConfigPreservesActiveOverride
 689/4150 Test  #696: RuntimeConfigControl.InvalidHotRecipeConfigPreservesActiveOverride ..............................................   Passed    0.04 sec
          Start  697: RuntimeConfigControl.ShutdownAndReinitializeWithdrawRebindAndResetExactControl
 690/4150 Test  #697: RuntimeConfigControl.ShutdownAndReinitializeWithdrawRebindAndResetExactControl ..................................   Passed    0.08 sec
          Start  698: RuntimeConfigControl.EditorAndAgentPreviewUseSameResult
 691/4150 Test  #698: RuntimeConfigControl.EditorAndAgentPreviewUseSameResult .........................................................   Passed    0.04 sec
          Start  699: RuntimeEngineConfigBoot.CommandLineConfigOverridesReferenceDefaults
 692/4150 Test  #699: RuntimeEngineConfigBoot.CommandLineConfigOverridesReferenceDefaults .............................................   Passed    0.00 sec
          Start  700: RuntimeEngineConfigBoot.MissingExplicitPathFallsBackToReferenceConfig
 693/4150 Test  #700: RuntimeEngineConfigBoot.MissingExplicitPathFallsBackToReferenceConfig ...........................................   Passed    0.00 sec
          Start  701: RuntimeEngineConfigBoot.RegistryDefaultsAndFileSectionsFlowThroughBoot
 694/4150 Test  #701: RuntimeEngineConfigBoot.RegistryDefaultsAndFileSectionsFlowThroughBoot ..........................................   Passed    0.00 sec
          Start  702: RuntimeEngineLayering.RunFrameDoesNotUseGpuResourceOrPassLevelDetails
 695/4150 Test  #702: RuntimeEngineLayering.RunFrameDoesNotUseGpuResourceOrPassLevelDetails ...........................................   Passed    0.00 sec
          Start  703: RuntimeEngineLayering.ProductionSourceHasNoApplicationCallbackLifecycle
 696/4150 Test  #703: RuntimeEngineLayering.ProductionSourceHasNoApplicationCallbackLifecycle .........................................   Passed    0.01 sec
          Start  704: RuntimeEngineLayering.RunFrameOwnsDocumentedBroadPhaseOrder
 697/4150 Test  #704: RuntimeEngineLayering.RunFrameOwnsDocumentedBroadPhaseOrder .....................................................   Passed    0.00 sec
          Start  705: RuntimeEngineLayering.PhysicsModuleIsAppComposedAndThePublicBridgeSurfaceIsRetired
 698/4150 Test  #705: RuntimeEngineLayering.PhysicsModuleIsAppComposedAndThePublicBridgeSurfaceIsRetired ..............................   Passed    0.02 sec
          Start  706: RuntimeEngineLayering.RunFrameAppliesJobCompletionsWithBoundedBudget
 699/4150 Test  #706: RuntimeEngineLayering.RunFrameAppliesJobCompletionsWithBoundedBudget ............................................   Passed    0.00 sec
          Start  707: RuntimeEngineLayering.RunFrameStopsAfterPlatformCloseBeforeRenderer
 700/4150 Test  #707: RuntimeEngineLayering.RunFrameStopsAfterPlatformCloseBeforeRenderer .............................................   Passed    0.00 sec
          Start  708: RuntimeEngineLayering.EnginePrivatelyOwnsGpuQueueHookLifecycle
 701/4150 Test  #708: RuntimeEngineLayering.EnginePrivatelyOwnsGpuQueueHookLifecycle ..................................................   Passed    0.00 sec
          Start  709: RuntimeEngineLayering.TextureBakeModuleOwnsSingleCanonicalGpuBakeComposition
 702/4150 Test  #709: RuntimeEngineLayering.TextureBakeModuleOwnsSingleCanonicalGpuBakeComposition ....................................   Passed    0.00 sec
          Start  710: RuntimeEngineLayering.SceneInteractionPrivatelyOwnsGizmoFrameState
 703/4150 Test  #710: RuntimeEngineLayering.SceneInteractionPrivatelyOwnsGizmoFrameState ..............................................   Passed    0.00 sec
          Start  711: RuntimeEngineLayering.UnifiedEditorMutationHistoryHasNoParallelProductionSurface
 704/4150 Test  #711: RuntimeEngineLayering.UnifiedEditorMutationHistoryHasNoParallelProductionSurface ................................   Passed    0.01 sec
          Start  712: RuntimeEngineLayering.RunFrameCarriesDataOnlyFrameContext
 705/4150 Test  #712: RuntimeEngineLayering.RunFrameCarriesDataOnlyFrameContext .......................................................   Passed    0.00 sec
          Start  713: RuntimeEngineLayering.GpuProfilingConfigIsSampledOnceAfterUiCaptureBeforeExtraction
 706/4150 Test  #713: RuntimeEngineLayering.GpuProfilingConfigIsSampledOnceAfterUiCaptureBeforeExtraction .............................   Passed    0.00 sec
          Start  714: RuntimeEngineLayering.RuntimeOwnedFrameLoopPreservesRendererAndMaintenanceOrder
 707/4150 Test  #714: RuntimeEngineLayering.RuntimeOwnedFrameLoopPreservesRendererAndMaintenanceOrder .................................   Passed    0.00 sec
          Start  715: RuntimeEngineLayering.RunFrameRegistersPromotedEcsSystemsBeforeCompile
 708/4150 Test  #715: RuntimeEngineLayering.RunFrameRegistersPromotedEcsSystemsBeforeCompile ..........................................   Passed    0.00 sec
          Start  716: RuntimeEngineLayering.SupersededWorkSurfacesAreRetiredFromBuild
 709/4150 Test  #716: RuntimeEngineLayering.SupersededWorkSurfacesAreRetiredFromBuild .................................................   Passed    0.01 sec
          Start  717: RuntimeEngineLayering.SupersededGpuResultReadbackSurfacesAreRetiredFromBuild
 710/4150 Test  #717: RuntimeEngineLayering.SupersededGpuResultReadbackSurfacesAreRetiredFromBuild ....................................   Passed    0.01 sec
          Start  718: RuntimeEngineLayering.AsyncWorkModulePublishesOnlyKernelJobService
 711/4150 Test  #718: RuntimeEngineLayering.AsyncWorkModulePublishesOnlyKernelJobService ..............................................   Passed    0.00 sec
          Start  719: RuntimeEngineLayering.EngineConfigControlIsAnAppComposedModuleOutsideEngine
 712/4150 Test  #719: RuntimeEngineLayering.EngineConfigControlIsAnAppComposedModuleOutsideEngine .....................................   Passed    0.00 sec
          Start  720: RuntimeEngineLayering.MaintenanceHasNoOptionalStreamingFacade
 713/4150 Test  #720: RuntimeEngineLayering.MaintenanceHasNoOptionalStreamingFacade ...................................................   Passed    0.00 sec
          Start  721: RuntimeEngineLayering.ProductionAsyncSubmissionsCarryOwningWorldScope
 714/4150 Test  #721: RuntimeEngineLayering.ProductionAsyncSubmissionsCarryOwningWorldScope ...........................................   Passed    0.01 sec
          Start  722: RuntimeEngineLayering.SandboxEditorJobsUseSingleJobServiceSurface
 715/4150 Test  #722: RuntimeEngineLayering.SandboxEditorJobsUseSingleJobServiceSurface ...............................................   Passed    0.00 sec
          Start  723: RuntimeEngineLayering.CoreFrameLoopModuleStaysRetiredAndRuntimeOwnsComposition
 716/4150 Test  #723: RuntimeEngineLayering.CoreFrameLoopModuleStaysRetiredAndRuntimeOwnsComposition ..................................   Passed    0.00 sec
          Start  724: RuntimeEngineLayering.DeviceBootstrapKeepsBackendAndFallbackPolicyOutOfEngine
 717/4150 Test  #724: RuntimeEngineLayering.DeviceBootstrapKeepsBackendAndFallbackPolicyOutOfEngine ...................................   Passed    0.00 sec
          Start  725: RuntimeEngineLayering.ObsoleteMeshPrimitiveViewControlsAreDeleted
 718/4150 Test  #725: RuntimeEngineLayering.ObsoleteMeshPrimitiveViewControlsAreDeleted ...............................................   Passed    0.01 sec
          Start  726: RuntimeEngineLayering.CameraModuleAndAppOwnedReferenceBootstrapStayOutOfEngine
 719/4150 Test  #726: RuntimeEngineLayering.CameraModuleAndAppOwnedReferenceBootstrapStayOutOfEngine ..................................   Passed    0.00 sec
          Start  727: RuntimeEngineLayering.InputActionsKeepRegistryAndDispatchOutOfEngine
 720/4150 Test  #727: RuntimeEngineLayering.InputActionsKeepRegistryAndDispatchOutOfEngine ............................................   Passed    0.00 sec
          Start  728: RuntimeEngineLayering.RetiredEngineCompositionHelperBmisAreAbsent
 721/4150 Test  #728: RuntimeEngineLayering.RetiredEngineCompositionHelperBmisAreAbsent ...............................................   Passed    0.00 sec
          Start  729: RuntimeEngineLayering.SceneInteractionPrivatelyOwnsPickCorrelationState
 722/4150 Test  #729: RuntimeEngineLayering.SceneInteractionPrivatelyOwnsPickCorrelationState .........................................   Passed    0.00 sec
          Start  730: RuntimeEngineLayering.EditorUiModulePrivatelyMirrorsImGuiFramePacingDiagnostics
 723/4150 Test  #730: RuntimeEngineLayering.EditorUiModulePrivatelyMirrorsImGuiFramePacingDiagnostics .................................   Passed    0.00 sec
          Start  731: RuntimeEngineLayering.AssetWorkflowShutdownDetachesBeforeGlobalGpuQuiescence
 724/4150 Test  #731: RuntimeEngineLayering.AssetWorkflowShutdownDetachesBeforeGlobalGpuQuiescence ....................................   Passed    0.00 sec
          Start  732: RuntimeEngineLayering.RenderGraphStaysOutOfECSAndCoreStaysOutOfGpuBarriers
 725/4150 Test  #732: RuntimeEngineLayering.RenderGraphStaysOutOfECSAndCoreStaysOutOfGpuBarriers ......................................   Passed    0.00 sec
          Start  733: RuntimeEngineLayering.RetiredSpatialDebugRegistryHasNoProductionSurface
 726/4150 Test  #733: RuntimeEngineLayering.RetiredSpatialDebugRegistryHasNoProductionSurface .........................................   Passed    0.00 sec
          Start  734: RuntimeEngineLayering.RetiredProgressivePresentationModulesAndSymbolsStayDeleted
 727/4150 Test  #734: RuntimeEngineLayering.RetiredProgressivePresentationModulesAndSymbolsStayDeleted ................................   Passed    0.01 sec
          Start  735: RuntimeEngineLayering.NoDuplicateGeometryPropertyVocabularyRemains
 728/4150 Test  #735: RuntimeEngineLayering.NoDuplicateGeometryPropertyVocabularyRemains ..............................................   Passed    0.01 sec
          Start  736: RuntimeEngineLayering.RetiredGeometryPackerAndLifecycleSurfacesStayDeleted
 729/4150 Test  #736: RuntimeEngineLayering.RetiredGeometryPackerAndLifecycleSurfacesStayDeleted ......................................   Passed    0.01 sec
          Start  737: RuntimeEnginePrivateGlue.FrameLoopHelpersArePrivateTextualGlue
 730/4150 Test  #737: RuntimeEnginePrivateGlue.FrameLoopHelpersArePrivateTextualGlue ..................................................   Passed    0.01 sec
          Start  738: RuntimeEnginePrivateGlue.TypedViewportInputDispatchKeepsCameraOutOfGenericFrameContext
 731/4150 Test  #738: RuntimeEnginePrivateGlue.TypedViewportInputDispatchKeepsCameraOutOfGenericFrameContext ..........................   Passed    0.00 sec
          Start  739: RuntimeEnginePrivateGlue.EditorUiModuleOwnsOptionalEditorUiComposition
 732/4150 Test  #739: RuntimeEnginePrivateGlue.EditorUiModuleOwnsOptionalEditorUiComposition ..........................................   Passed    0.00 sec
          Start  740: RuntimeEnginePrivateGlue.RenderExtractionStateLivesDirectlyInEngineImpl
 733/4150 Test  #740: RuntimeEnginePrivateGlue.RenderExtractionStateLivesDirectlyInEngineImpl .........................................   Passed    0.00 sec
          Start  741: RuntimeEnginePrivateGlue.EngineInterfaceCarriesOnlyOpaqueImplementationState
 734/4150 Test  #741: RuntimeEnginePrivateGlue.EngineInterfaceCarriesOnlyOpaqueImplementationState ....................................   Passed    0.00 sec
          Start  742: RuntimeEnginePrivateGlue.AssetWorkflowAndTextureBakeCompositionAreModuleOwned
 735/4150 Test  #742: RuntimeEnginePrivateGlue.AssetWorkflowAndTextureBakeCompositionAreModuleOwned ...................................   Passed    0.03 sec
          Start  743: RuntimeEnginePrivateGlue.AssetWorkflowImplementationModulesStayPrivateAndRetiredNamesStayDeleted
 736/4150 Test  #743: RuntimeEnginePrivateGlue.AssetWorkflowImplementationModulesStayPrivateAndRetiredNamesStayDeleted ................   Passed    0.00 sec
          Start  744: RuntimeEnginePrivateGlue.ClusteringServiceIsTheSoleKMeansRuntimeRoute
 737/4150 Test  #744: RuntimeEnginePrivateGlue.ClusteringServiceIsTheSoleKMeansRuntimeRoute ...........................................   Passed    0.00 sec
          Start  745: RuntimeInputActions.DefaultFocusKeyDispatchesRegisteredAction
 738/4150 Test  #745: RuntimeInputActions.DefaultFocusKeyDispatchesRegisteredAction ...................................................   Passed    0.04 sec
          Start  746: RuntimeInputActions.NoDefaultInputActionsLeaveFocusKeyNoOp
 739/4150 Test  #746: RuntimeInputActions.NoDefaultInputActionsLeaveFocusKeyNoOp ......................................................   Passed    0.04 sec
          Start  747: RuntimeInputActions.MissingCameraOmitsSandboxFocusActionButGenericActionsRun
 740/4150 Test  #747: RuntimeInputActions.MissingCameraOmitsSandboxFocusActionButGenericActionsRun ....................................   Passed    0.04 sec
          Start  748: RuntimeRenderRecipeActivation.StartupRecipeConfigDisablesPostprocessOnFirstFrame
 741/4150 Test  #748: RuntimeRenderRecipeActivation.StartupRecipeConfigDisablesPostprocessOnFirstFrame ................................   Passed    0.04 sec
          Start  749: RuntimeRenderRecipeActivation.MissingStartupRecipeConfigFallsBackToDefault
 742/4150 Test  #749: RuntimeRenderRecipeActivation.MissingStartupRecipeConfigFallsBackToDefault ......................................   Passed    0.04 sec
          Start  750: RuntimeRenderRecipeActivation.InvalidStartupRecipeConfigFallsBackToDefault
 743/4150 Test  #750: RuntimeRenderRecipeActivation.InvalidStartupRecipeConfigFallsBackToDefault ......................................   Passed    0.04 sec
          Start  751: RuntimeRenderRecipeActivation.EmptyStartupRecipePathWithComposedControlUsesDefault
 744/4150 Test  #751: RuntimeRenderRecipeActivation.EmptyStartupRecipePathWithComposedControlUsesDefault ..............................   Passed    0.04 sec
          Start  752: RuntimeRenderRecipeActivation.ValidStartupRecipeAppliesWhenControlModuleIsOmitted
 745/4150 Test  #752: RuntimeRenderRecipeActivation.ValidStartupRecipeAppliesWhenControlModuleIsOmitted ...............................   Passed    0.04 sec
          Start  753: RuntimeRenderRecipeActivation.MissingAndInvalidStartupRecipesUseDefaultWhenControlModuleIsOmitted
 746/4150 Test  #753: RuntimeRenderRecipeActivation.MissingAndInvalidStartupRecipesUseDefaultWhenControlModuleIsOmitted ...............   Passed    0.07 sec
          Start  754: RuntimeRenderRecipeActivation.EmptyStartupRecipePathUsesDefaultWhenControlModuleIsOmitted
 747/4150 Test  #754: RuntimeRenderRecipeActivation.EmptyStartupRecipePathUsesDefaultWhenControlModuleIsOmitted .......................   Passed    0.04 sec
          Start  755: RuntimeRenderRecipeActivation.ComposedControlCopiesAlreadyAppliedStartupStateWithoutReloading
 748/4150 Test  #755: RuntimeRenderRecipeActivation.ComposedControlCopiesAlreadyAppliedStartupStateWithoutReloading ...................   Passed    0.04 sec
          Start  756: RuntimeRenderRecipeActivation.ConfigControlServiceIsFullyUsableByEarlierResolveConsumer
 749/4150 Test  #756: RuntimeRenderRecipeActivation.ConfigControlServiceIsFullyUsableByEarlierResolveConsumer .........................   Passed    0.04 sec
          Start  757: RuntimeRenderRecipeActivation.EditorActivationCommandRoutesThroughRuntimeApplyPath
 750/4150 Test  #757: RuntimeRenderRecipeActivation.EditorActivationCommandRoutesThroughRuntimeApplyPath ..............................   Passed    0.04 sec
          Start  758: RuntimeCameraFocusCommand.EmptyInputYieldsNoTarget
 751/4150 Test  #758: RuntimeCameraFocusCommand.EmptyInputYieldsNoTarget ..............................................................   Passed    0.00 sec
          Start  759: RuntimeCameraFocusCommand.SingleSphereFocusesItsCenterAndRadius
 752/4150 Test  #759: RuntimeCameraFocusCommand.SingleSphereFocusesItsCenterAndRadius .................................................   Passed    0.00 sec
          Start  760: RuntimeCameraFocusCommand.TwoSeparatedSpheresUseCenterOfMassAndEnclosingExtent
 753/4150 Test  #760: RuntimeCameraFocusCommand.TwoSeparatedSpheresUseCenterOfMassAndEnclosingExtent ..................................   Passed    0.00 sec
          Start  761: RuntimeCameraFocusCommand.AsymmetricSpheresStayEnclosed
 754/4150 Test  #761: RuntimeCameraFocusCommand.AsymmetricSpheresStayEnclosed .........................................................   Passed    0.00 sec
          Start  762: RuntimeCameraFocusCommand.DegenerateZeroRadiusIsFlooredToMinimum
 755/4150 Test  #762: RuntimeCameraFocusCommand.DegenerateZeroRadiusIsFlooredToMinimum ................................................   Passed    0.00 sec
          Start  763: RuntimeCameraFocusCommand.NonFiniteSpheresAreSkipped
 756/4150 Test  #763: RuntimeCameraFocusCommand.NonFiniteSpheresAreSkipped ............................................................   Passed    0.00 sec
          Start  764: RuntimeCameraFocusCommand.GathersWorldBoundsFromEntities
 757/4150 Test  #764: RuntimeCameraFocusCommand.GathersWorldBoundsFromEntities ........................................................   Passed    0.00 sec
          Start  765: RuntimeCameraFocusCommand.SkipsEntitiesWithoutWorldBounds
 758/4150 Test  #765: RuntimeCameraFocusCommand.SkipsEntitiesWithoutWorldBounds .......................................................   Passed    0.00 sec
          Start  766: RuntimeCameraFocusCommand.NoBoundedEntitiesYieldsNoTarget
 759/4150 Test  #766: RuntimeCameraFocusCommand.NoBoundedEntitiesYieldsNoTarget .......................................................   Passed    0.00 sec
          Start  767: RuntimeCameraFocusCommand.FocusOnEntitiesDrivesControllerAndMarksTransition
 760/4150 Test  #767: RuntimeCameraFocusCommand.FocusOnEntitiesDrivesControllerAndMarksTransition .....................................   Passed    0.00 sec
          Start  768: RuntimeCameraFocusCommand.FocusOnEntitiesWithoutControllerReturnsFalse
 761/4150 Test  #768: RuntimeCameraFocusCommand.FocusOnEntitiesWithoutControllerReturnsFalse ..........................................   Passed    0.00 sec
          Start  769: RuntimeCameraFocusCommand.FocusOnSelectionFramesTheSelectedEntity
 762/4150 Test  #769: RuntimeCameraFocusCommand.FocusOnSelectionFramesTheSelectedEntity ...............................................   Passed    0.00 sec
          Start  770: RuntimeCameraFocusCommand.FocusOnEmptySelectionIsNoOp
 763/4150 Test  #770: RuntimeCameraFocusCommand.FocusOnEmptySelectionIsNoOp ...........................................................   Passed    0.00 sec
          Start  771: ClusteringModule.EngineRunCommitsLabelsAndPublishesChangeEvent
 764/4150 Test  #771: ClusteringModule.EngineRunCommitsLabelsAndPublishesChangeEvent ..................................................   Passed    0.04 sec
          Start  772: ClusteringModule.DocumentHistoryOwnsQueuedOutputUndoRedo
 765/4150 Test  #772: ClusteringModule.DocumentHistoryOwnsQueuedOutputUndoRedo ........................................................   Passed    0.04 sec
          Start  773: ClusteringModule.NullDeviceVulkanRequestFallsBackHonestly
 766/4150 Test  #773: ClusteringModule.NullDeviceVulkanRequestFallsBackHonestly .......................................................   Passed    0.04 sec
          Start  774: ClusteringModule.WorldSwitchBeforeCompletionDropsCommit
 767/4150 Test  #774: ClusteringModule.WorldSwitchBeforeCompletionDropsCommit .........................................................   Passed    0.04 sec
          Start  775: ClusteringModule.ValidationFailuresPublishCanonicalTypedCompletions
 768/4150 Test  #775: ClusteringModule.ValidationFailuresPublishCanonicalTypedCompletions .............................................   Passed    0.04 sec
          Start  776: ClusteringModule.CpuResultsAreDeterministicAndHonorCustomPropertyRefs
 769/4150 Test  #776: ClusteringModule.CpuResultsAreDeterministicAndHonorCustomPropertyRefs ...........................................   Passed    0.04 sec
          Start  777: ClusteringModule.SourceMutationBeforeCompletionDropsWriteback
 770/4150 Test  #777: ClusteringModule.SourceMutationBeforeCompletionDropsWriteback ...................................................   Passed    0.04 sec
          Start  778: ClusteringModule.CancelledCpuWorkPublishesCanonicalCompletion
 771/4150 Test  #778: ClusteringModule.CancelledCpuWorkPublishesCanonicalCompletion ...................................................   Passed    0.04 sec
          Start  779: ClusteringModule.RunKMeansWithoutModuleFailsClosedAtCommandDrain
 772/4150 Test  #779: ClusteringModule.RunKMeansWithoutModuleFailsClosedAtCommandDrain ................................................   Passed    0.04 sec
          Start  780: PointCloudConsolidationConfig.RoundTripsAndFallsBackPerField
 773/4150 Test  #780: PointCloudConsolidationConfig.RoundTripsAndFallsBackPerField ....................................................   Passed    0.01 sec
          Start  781: PointCloudConsolidationModule.AvailabilityIsTypedPropertyBasedAcrossEveryElementDomain
 774/4150 Test  #781: PointCloudConsolidationModule.AvailabilityIsTypedPropertyBasedAcrossEveryElementDomain ..........................   Passed    0.00 sec
          Start  782: PointCloudConsolidationModule.CommitsThroughGeometrySourcesAndOwnsUndoRedo
 775/4150 Test  #782: PointCloudConsolidationModule.CommitsThroughGeometrySourcesAndOwnsUndoRedo ......................................   Passed    0.04 sec
          Start  783: PointCloudConsolidationModule.ExecutesEveryElementDomainPropertyWithoutTopologyConversion
 776/4150 Test  #783: PointCloudConsolidationModule.ExecutesEveryElementDomainPropertyWithoutTopologyConversion .......................   Passed    0.05 sec
          Start  784: PointCloudConsolidationModule.VulkanRequestFallsBackHonestlyWhenNoOperationalGpuStateExists
 777/4150 Test  #784: PointCloudConsolidationModule.VulkanRequestFallsBackHonestlyWhenNoOperationalGpuStateExists .....................   Passed    0.04 sec
          Start  785: PointCloudConsolidationModule.NonConvergedFiniteIteratePublishesAsAnExplicitPreview
 778/4150 Test  #785: PointCloudConsolidationModule.NonConvergedFiniteIteratePublishesAsAnExplicitPreview .............................   Passed    0.04 sec
          Start  786: PointCloudConsolidationModule.WorkloadGuardCoversReferencePassesAtConfiguredBoundaries
 779/4150 Test  #786: PointCloudConsolidationModule.WorkloadGuardCoversReferencePassesAtConfiguredBoundaries ..........................   Passed    0.04 sec
          Start  787: PointCloudConsolidationModule.SourceMutationDropsQueuedWriteback
 780/4150 Test  #787: PointCloudConsolidationModule.SourceMutationDropsQueuedWriteback ................................................   Passed    0.26 sec
          Start  788: PointCloudConsolidationModule.IdenticalInputAndConfigProduceIdenticalRuntimeOutput
 781/4150 Test  #788: PointCloudConsolidationModule.IdenticalInputAndConfigProduceIdenticalRuntimeOutput ..............................   Passed    0.04 sec
          Start  789: RuntimeCommandBus.DrainExecutesInEnqueueOrderOnDrainingThread
 782/4150 Test  #789: RuntimeCommandBus.DrainExecutesInEnqueueOrderOnDrainingThread ...................................................   Passed    0.00 sec
          Start  790: RuntimeCommandBus.CrossThreadEnqueueIsSafeAndComplete
 783/4150 Test  #790: RuntimeCommandBus.CrossThreadEnqueueIsSafeAndComplete ...........................................................   Passed    0.00 sec
          Start  791: RuntimeCommandBus.PayloadIsCopiedAtEnqueueTime
 784/4150 Test  #791: RuntimeCommandBus.PayloadIsCopiedAtEnqueueTime ..................................................................   Passed    0.00 sec
          Start  792: RuntimeCommandBus.MissingHandlerFailsClosedWithoutCrashing
 785/4150 Test  #792: RuntimeCommandBus.MissingHandlerFailsClosedWithoutCrashing ......................................................   Passed    0.00 sec
          Start  793: RuntimeCommandBus.HandlerFailureIsCountedAndDrainContinues
 786/4150 Test  #793: RuntimeCommandBus.HandlerFailureIsCountedAndDrainContinues ......................................................   Passed    0.00 sec
          Start  794: RuntimeCommandBus.HandlerEnqueuedFollowUpDefersToNextDrain
 787/4150 Test  #794: RuntimeCommandBus.HandlerEnqueuedFollowUpDefersToNextDrain ......................................................   Passed    0.00 sec
          Start  795: RuntimeCommandBus.DiscardPendingDropsQueuedCommandsWithoutExecuting
 788/4150 Test  #795: RuntimeCommandBus.DiscardPendingDropsQueuedCommandsWithoutExecuting .............................................   Passed    0.00 sec
          Start  796: RuntimeJobService.SubmitRunsOnPoolThreadAndPublishesAtGate
 789/4150 Test  #796: RuntimeJobService.SubmitRunsOnPoolThreadAndPublishesAtGate ......................................................   Passed    0.02 sec
          Start  797: RuntimeJobService.CompletionQueuePublicationCannotClobberTerminalState
 790/4150 Test  #797: RuntimeJobService.CompletionQueuePublicationCannotClobberTerminalState ..........................................   Passed    0.01 sec
          Start  798: RuntimeJobService.GpuQueueParticipantRecordsDrainsAndUnregisters
 791/4150 Test  #798: RuntimeJobService.GpuQueueParticipantRecordsDrainsAndUnregisters ................................................   Passed    0.00 sec
          Start  799: RuntimeJobService.GpuQueueShutdownRunsParticipantsInReverseOrder
 792/4150 Test  #799: RuntimeJobService.GpuQueueShutdownRunsParticipantsInReverseOrder ................................................   Passed    0.00 sec
          Start  800: RuntimeJobService.CancelBeforeStartPreventsWork
 793/4150 Test  #800: RuntimeJobService.CancelBeforeStartPreventsWork .................................................................   Passed    0.02 sec
          Start  801: RuntimeJobService.CancelMidFlightIsObservedAndDropsCompletion
 794/4150 Test  #801: RuntimeJobService.CancelMidFlightIsObservedAndDropsCompletion ...................................................   Passed    0.02 sec
          Start  802: RuntimeJobService.CancelAfterWorkerFinishSuppressesGatePublication
 795/4150 Test  #802: RuntimeJobService.CancelAfterWorkerFinishSuppressesGatePublication ..............................................   Passed    0.02 sec
          Start  803: RuntimeJobService.CancelAllForWorldOnlyCancelsMatchingScope
 796/4150 Test  #803: RuntimeJobService.CancelAllForWorldOnlyCancelsMatchingScope .....................................................   Passed    0.02 sec
          Start  804: RuntimeJobService.ReapCompletedRemovesTerminalRecords
 797/4150 Test  #804: RuntimeJobService.ReapCompletedRemovesTerminalRecords ...........................................................   Passed    0.02 sec
          Start  805: RuntimeJobService.EngineCompletionGatePublishesBeforePumpBOnMainThread
 798/4150 Test  #805: RuntimeJobService.EngineCompletionGatePublishesBeforePumpBOnMainThread ..........................................   Passed    0.04 sec
          Start  806: RuntimeJobService.DependenciesGateDispatchUntilUpstreamPublishes
 799/4150 Test  #806: RuntimeJobService.DependenciesGateDispatchUntilUpstreamPublishes ................................................   Passed    0.02 sec
          Start  807: RuntimeJobService.DependentIsCancelledWhenUpstreamDoesNotPublish
 800/4150 Test  #807: RuntimeJobService.DependentIsCancelledWhenUpstreamDoesNotPublish ................................................   Passed    0.01 sec
          Start  808: RuntimeJobService.BoundedApplyLimitsWorkPerDrainWithoutStarving
 801/4150 Test  #808: RuntimeJobService.BoundedApplyLimitsWorkPerDrainWithoutStarving .................................................   Passed    0.02 sec
          Start  809: RuntimeJobService.NotReadyResultsParkInsteadOfApplyingOrBlocking
 802/4150 Test  #809: RuntimeJobService.NotReadyResultsParkInsteadOfApplyingOrBlocking ................................................   Passed    0.02 sec
          Start  810: RuntimeJobService.StaleWorldEpochDiscardsResultBeforeItCanMutate
 803/4150 Test  #810: RuntimeJobService.StaleWorldEpochDiscardsResultBeforeItCanMutate ................................................   Passed    0.02 sec
          Start  811: RuntimeJobService.ValidateBeforeApplyIsFailClosedAndAppliesOnlyOnce
 804/4150 Test  #811: RuntimeJobService.ValidateBeforeApplyIsFailClosedAndAppliesOnlyOnce .............................................   Passed    0.02 sec
          Start  812: RuntimeJobService.ProgressIsReportableFromWorkAndReadableOnMainThread
 805/4150 Test  #812: RuntimeJobService.ProgressIsReportableFromWorkAndReadableOnMainThread ...........................................   Passed    0.02 sec
          Start  813: RuntimeJobService.WorkerTerminalStateWaitsForUnpublishedFinalizerBeforeCompletion
 806/4150 Test  #813: RuntimeJobService.WorkerTerminalStateWaitsForUnpublishedFinalizerBeforeCompletion ...............................   Passed    0.01 sec
          Start  814: RuntimeJobService.CancelBeforeStartFinalizesOnMainThreadInsteadOfPublishing
 807/4150 Test  #814: RuntimeJobService.CancelBeforeStartFinalizesOnMainThreadInsteadOfPublishing .....................................   Passed    0.02 sec
          Start  815: RuntimeJobService.CancelAfterWorkerFinishFinalizesExactlyOnce
 808/4150 Test  #815: RuntimeJobService.CancelAfterWorkerFinishFinalizesExactlyOnce ...................................................   Passed    0.02 sec
          Start  816: RuntimeJobService.StaleDiscardFinalizesSoConsumerStateCannotLeak
 809/4150 Test  #816: RuntimeJobService.StaleDiscardFinalizesSoConsumerStateCannotLeak ................................................   Passed    0.02 sec
          Start  817: RuntimeJobService.DependencyCancelledJobFinalizesInTheSameDrain
 810/4150 Test  #817: RuntimeJobService.DependencyCancelledJobFinalizesInTheSameDrain .................................................   Passed    0.02 sec
          Start  818: RuntimeJobService.PublishedJobNeverRunsTheUnpublishedFinalizer
 811/4150 Test  #818: RuntimeJobService.PublishedJobNeverRunsTheUnpublishedFinalizer ..................................................   Passed    0.02 sec
          Start  819: RuntimeJobService.SnapshotAllEnumeratesRetainedJobsInTokenOrder
 812/4150 Test  #819: RuntimeJobService.SnapshotAllEnumeratesRetainedJobsInTokenOrder .................................................   Passed    0.02 sec
          Start  820: RuntimeJobService.SnapshotAllCarriesReportedProgressAndAge
 813/4150 Test  #820: RuntimeJobService.SnapshotAllCarriesReportedProgressAndAge ......................................................   Passed    0.02 sec
          Start  821: RuntimeKernelEvents.PublishQueuesUntilPump
 814/4150 Test  #821: RuntimeKernelEvents.PublishQueuesUntilPump ......................................................................   Passed    0.00 sec
          Start  822: RuntimeKernelEvents.ListenerPublishDuringPumpDefersToNextPump
 815/4150 Test  #822: RuntimeKernelEvents.ListenerPublishDuringPumpDefersToNextPump ...................................................   Passed    0.00 sec
          Start  823: RuntimeKernelEvents.CrossThreadPublishIsDeliveredAtNextPump
 816/4150 Test  #823: RuntimeKernelEvents.CrossThreadPublishIsDeliveredAtNextPump .....................................................   Passed    0.00 sec
          Start  824: RuntimeKernelEvents.UnsubscribeStopsDelivery
 817/4150 Test  #824: RuntimeKernelEvents.UnsubscribeStopsDelivery ....................................................................   Passed    0.00 sec
          Start  825: RuntimeKernelEvents.UnsubscribeDuringPumpIsSafe
 818/4150 Test  #825: RuntimeKernelEvents.UnsubscribeDuringPumpIsSafe .................................................................   Passed    0.00 sec
          Start  826: RuntimeKernelEvents.EnginePumpsPostDrainAndPostSimulationOnNullBackend
 819/4150 Test  #826: RuntimeKernelEvents.EnginePumpsPostDrainAndPostSimulationOnNullBackend ..........................................   Passed    0.04 sec
          Start  827: RuntimeModule.EngineComposesRetainedHooksServicesAndLifecycle
 820/4150 Test  #827: RuntimeModule.EngineComposesRetainedHooksServicesAndLifecycle ...................................................   Passed    0.04 sec
          Start  828: RuntimeModule.RegistrationOrderDoesNotChangeRetainedHookOrder
 821/4150 Test  #828: RuntimeModule.RegistrationOrderDoesNotChangeRetainedHookOrder ...................................................   Passed    0.08 sec
          Start  829: RuntimeModule.ReinitializeRebuildsHookRecordsWithoutRetainingCallbacks
 822/4150 Test  #829: RuntimeModule.ReinitializeRebuildsHookRecordsWithoutRetainingCallbacks ..........................................   Passed    0.07 sec
          Start  830: RuntimeModule.MissingRequiredServiceTerminatesEngineBoot
 823/4150 Test  #830: RuntimeModule.MissingRequiredServiceTerminatesEngineBoot ........................................................   Passed    0.12 sec
          Start  831: RuntimeModule.EnginePublishesOnlyConsumedBuiltInServices
 824/4150 Test  #831: RuntimeModule.EnginePublishesOnlyConsumedBuiltInServices ........................................................   Passed    0.04 sec
          Start  832: ServiceRegistry.RetainsExactProvideRequireWithdrawAndBootDiagnostics
 825/4150 Test  #832: ServiceRegistry.RetainsExactProvideRequireWithdrawAndBootDiagnostics ............................................   Passed    0.00 sec
          Start  833: EngineSetup.RetainsOnlyRegistrationPhaseFrameAndViewportRegistrars
 826/4150 Test  #833: EngineSetup.RetainsOnlyRegistrationPhaseFrameAndViewportRegistrars ..............................................   Passed    0.00 sec
          Start  834: RuntimeWorldRegistry.CreateWorldBootsDefaultHandleAndDistinctRegistries
 827/4150 Test  #834: RuntimeWorldRegistry.CreateWorldBootsDefaultHandleAndDistinctRegistries .........................................   Passed    0.00 sec
          Start  835: RuntimeWorldRegistry.ActiveWorldChangeIsDeferredToMaintenanceAndNextPump
 828/4150 Test  #835: RuntimeWorldRegistry.ActiveWorldChangeIsDeferredToMaintenanceAndNextPump ........................................   Passed    0.00 sec
          Start  836: RuntimeWorldRegistry.DestroyAnnouncesCancelsJobsAndTearsDownNextMaintenance
 829/4150 Test  #836: RuntimeWorldRegistry.DestroyAnnouncesCancelsJobsAndTearsDownNextMaintenance .....................................   Passed    0.02 sec
          Start  837: RuntimeWorldRegistry.DestroyActiveWorldIsRejected
 830/4150 Test  #837: RuntimeWorldRegistry.DestroyActiveWorldIsRejected ...............................................................   Passed    0.00 sec
          Start  838: RuntimeWorldRegistry.ActivatingDestroyPendingWorldIsRejected
 831/4150 Test  #838: RuntimeWorldRegistry.ActivatingDestroyPendingWorldIsRejected ....................................................   Passed    0.00 sec
          Start  839: RuntimeWorldRegistry.PendingActivationDroppedWhenTargetDestroyRequested
 832/4150 Test  #839: RuntimeWorldRegistry.PendingActivationDroppedWhenTargetDestroyRequested .........................................   Passed    0.00 sec
          Start  840: RuntimeWorldRegistry.EngineBootsFrameZeroWorldAndAppliesSwitchAtMaintenance
 833/4150 Test  #840: RuntimeWorldRegistry.EngineBootsFrameZeroWorldAndAppliesSwitchAtMaintenance .....................................   Passed    0.04 sec
          Start  841: RuntimeWorldRegistry.EngineRebindsSceneBorrowersBeforeRetiringPreviousWorld
 834/4150 Test  #841: RuntimeWorldRegistry.EngineRebindsSceneBorrowersBeforeRetiringPreviousWorld .....................................   Passed    0.05 sec
          Start  842: ReferenceSceneBootstrap.TriangleCreatesVisibleSelectablePopulationAndDataOnlySeed
 835/4150 Test  #842: ReferenceSceneBootstrap.TriangleCreatesVisibleSelectablePopulationAndDataOnlySeed ...............................   Passed    0.00 sec
          Start  843: ReferenceSceneBootstrap.AuthoredTriangleRoundTripsFullRenderableContract
 836/4150 Test  #843: ReferenceSceneBootstrap.AuthoredTriangleRoundTripsFullRenderableContract ........................................   Passed    0.01 sec
          Start  844: ReferenceSceneBootstrap.TeardownIsNoexceptAndIdempotent
 837/4150 Test  #844: ReferenceSceneBootstrap.TeardownIsNoexceptAndIdempotent .........................................................   Passed    0.00 sec
          Start  845: ReferenceSceneOwnership.GenericEngineDoesNotInterpretEnabledReferenceConfig
 838/4150 Test  #845: ReferenceSceneOwnership.GenericEngineDoesNotInterpretEnabledReferenceConfig .....................................   Passed    0.04 sec
          Start  846: ReferenceSceneOwnership.AppBootstrapRunsOncePerInitializationWithoutCameraModule
 839/4150 Test  #846: ReferenceSceneOwnership.AppBootstrapRunsOncePerInitializationWithoutCameraModule ................................   Passed    0.08 sec
          Start  847: ReferenceSceneOwnership.DisabledAppBootstrapCreatesNothing
 840/4150 Test  #847: ReferenceSceneOwnership.DisabledAppBootstrapCreatesNothing ......................................................   Passed    0.04 sec
          Start  848: ReferenceSceneOwnership.TeardownUsesStoredOriginalWorldAndDoesNotMutateReplacement
 841/4150 Test  #848: ReferenceSceneOwnership.TeardownUsesStoredOriginalWorldAndDoesNotMutateReplacement ..............................   Passed    0.01 sec
          Start  849: ReferenceSceneOwnership.RetiredOriginalWorldMakesStoredTeardownASafeNoOp
 842/4150 Test  #849: ReferenceSceneOwnership.RetiredOriginalWorldMakesStoredTeardownASafeNoOp ........................................   Passed    0.00 sec
          Start  850: ReferenceSceneOwnership.AppOwnedTriangleRemainsVisibleToEditorModels
 843/4150 Test  #850: ReferenceSceneOwnership.AppOwnedTriangleRemainsVisibleToEditorModels ............................................   Passed    0.04 sec
          Start  851: RuntimeJobServiceEngineWiring.RunFrameAppliesSubmittedJob
 844/4150 Test  #851: RuntimeJobServiceEngineWiring.RunFrameAppliesSubmittedJob .......................................................   Passed    0.04 sec
          Start  852: RuntimeRenderExtraction.VisualizationRecipeRevisionTracksMutations
 845/4150 Test  #852: RuntimeRenderExtraction.VisualizationRecipeRevisionTracksMutations ..............................................   Passed    0.00 sec
          Start  853: RuntimeSceneLifecycle.AsyncWaitAllowsCompletionBeyondLegacyFrameBudget
 846/4150 Test  #853: RuntimeSceneLifecycle.AsyncWaitAllowsCompletionBeyondLegacyFrameBudget ..........................................   Passed    0.37 sec
          Start  854: RuntimeSceneLifecycle.AsyncWaitReportsElapsedTimeout
 847/4150 Test  #854: RuntimeSceneLifecycle.AsyncWaitReportsElapsedTimeout ............................................................   Passed    0.04 sec
          Start  855: RuntimeSceneLifecycle.EngineRunsWithoutOptionalAsyncWorkModule
 848/4150 Test  #855: RuntimeSceneLifecycle.EngineRunsWithoutOptionalAsyncWorkModule ..................................................   Passed    0.04 sec
          Start  856: RuntimeSceneLifecycle.NewSceneDocumentClearsSceneSelectionAndExtractionSidecars
 849/4150 Test  #856: RuntimeSceneLifecycle.NewSceneDocumentClearsSceneSelectionAndExtractionSidecars .................................   Passed    0.06 sec
          Start  857: RuntimeSceneLifecycle.QueuedSceneSaveWritesSnapshotAndMarksHistoryOnCompletion
 850/4150 Test  #857: RuntimeSceneLifecycle.QueuedSceneSaveWritesSnapshotAndMarksHistoryOnCompletion ..................................   Passed    0.04 sec
          Start  858: RuntimeSceneLifecycle.QueuedSceneLoadInvalidDocumentFailsClosed
 851/4150 Test  #858: RuntimeSceneLifecycle.QueuedSceneLoadInvalidDocumentFailsClosed .................................................   Passed    0.04 sec
          Start  859: RuntimeSceneLifecycle.QueuedSceneLoadAppliesParsedSceneOnMainThread
 852/4150 Test  #859: RuntimeSceneLifecycle.QueuedSceneLoadAppliesParsedSceneOnMainThread .............................................   Passed    0.04 sec
          Start  860: RuntimeSceneLifecycle.QueuedSceneLoadRejectsActiveWorldSwitchBeforeApply
 853/4150 Test  #860: RuntimeSceneLifecycle.QueuedSceneLoadRejectsActiveWorldSwitchBeforeApply ........................................   Passed    0.04 sec
          Start  861: RuntimeSceneLifecycle.QueuedSceneLoadIsDiscardedByDrainRevalidationAlone
 854/4150 Test  #861: RuntimeSceneLifecycle.QueuedSceneLoadIsDiscardedByDrainRevalidationAlone ........................................   Passed    0.04 sec
          Start  862: RuntimeSceneLifecycle.QueuedSceneLoadRejectsAwayAndBackBindingEpoch
 855/4150 Test  #862: RuntimeSceneLifecycle.QueuedSceneLoadRejectsAwayAndBackBindingEpoch .............................................   Passed    0.04 sec
          Start  863: RuntimeSceneLifecycle.RetiredQueuedSceneSavePublishesTerminalEvent
 856/4150 Test  #863: RuntimeSceneLifecycle.RetiredQueuedSceneSavePublishesTerminalEvent ..............................................   Passed    0.04 sec
          Start  864: SceneDocumentModule.PublishesExactServicesAndWithdraws
 857/4150 Test  #864: SceneDocumentModule.PublishesExactServicesAndWithdraws ..........................................................   Passed    0.00 sec
          Start  865: SceneDocumentModule.QueuedDocumentIoFailsClosedBeforeResolution
 858/4150 Test  #865: SceneDocumentModule.QueuedDocumentIoFailsClosedBeforeResolution .................................................   Passed    0.00 sec
          Start  866: SceneDocumentModule.DuplicateHistoryPublicationRollsBackPartialModuleService
 859/4150 Test  #866: SceneDocumentModule.DuplicateHistoryPublicationRollsBackPartialModuleService ....................................   Passed    0.00 sec
          Start  867: SceneDocumentModule.ReplacementParticipantsAreDeterministicAndHandleScoped
 860/4150 Test  #867: SceneDocumentModule.ReplacementParticipantsAreDeterministicAndHandleScoped ......................................   Passed    0.00 sec
          Start  868: SceneDocumentModule.ParseFailureRunsNoParticipantAndPreservesDocumentState
 861/4150 Test  #868: SceneDocumentModule.ParseFailureRunsNoParticipantAndPreservesDocumentState ......................................   Passed    0.00 sec
          Start  869: SceneDocumentModule.DirectValidationResetsOneBindingWithoutStateResurrection
 862/4150 Test  #869: SceneDocumentModule.DirectValidationResetsOneBindingWithoutStateResurrection ....................................   Passed    0.00 sec
          Start  870: SceneDocumentModule.LateQueuedCompletionCannotOutliveModuleState
 863/4150 Test  #870: SceneDocumentModule.LateQueuedCompletionCannotOutliveModuleState ................................................   Passed    0.02 sec
          Start  871: SceneDocumentModule.WorldRebindResetsFileEventAndItsSequence
 864/4150 Test  #871: SceneDocumentModule.WorldRebindResetsFileEventAndItsSequence ....................................................   Passed    0.04 sec
          Start  872: SceneDocumentModule.RealEngineRunProvidesOperationalDocumentOwner
 865/4150 Test  #872: SceneDocumentModule.RealEngineRunProvidesOperationalDocumentOwner ...............................................   Passed    0.07 sec
          Start  873: SceneDocumentModule.EngineReplacementParticipantsResetAcrossReinitialize
 866/4150 Test  #873: SceneDocumentModule.EngineReplacementParticipantsResetAcrossReinitialize ........................................   Passed    0.07 sec
          Start  874: SceneInteractionModule.PublishesExactServicesAndSupportsOptionalDocument
 867/4150 Test  #874: SceneInteractionModule.PublishesExactServicesAndSupportsOptionalDocument ........................................   Passed    0.00 sec
          Start  875: SceneInteractionModule.DuplicatePublicationFailsClosed
 868/4150 Test  #875: SceneInteractionModule.DuplicatePublicationFailsClosed ..........................................................   Passed    0.00 sec
          Start  876: SceneInteractionModule.PreexistingSelectionPublicationFailsClosed
 869/4150 Test  #876: SceneInteractionModule.PreexistingSelectionPublicationFailsClosed ...............................................   Passed    0.00 sec
          Start  877: SceneInteractionModule.PartialRegistrationAndResolveFailureRollBack
 870/4150 Test  #877: SceneInteractionModule.PartialRegistrationAndResolveFailureRollBack .............................................   Passed    0.03 sec
          Start  878: SceneInteractionModule.RegisteredHooksIssueCorrelateRefineAndResetSelection
 871/4150 Test  #878: SceneInteractionModule.RegisteredHooksIssueCorrelateRefineAndResetSelection .....................................   Passed    0.03 sec
          Start  879: SceneInteractionModule.OwnerHooksCorrelateOutOfOrderAndMissingReadbacksBySequence
 872/4150 Test  #879: SceneInteractionModule.OwnerHooksCorrelateOutOfOrderAndMissingReadbacksBySequence ...............................   Passed    0.03 sec
          Start  880: SceneInteractionModule.OwnerBoundsCorrelationAndRejectsZeroUnknownAndStaleWorldResults
 873/4150 Test  #880: SceneInteractionModule.OwnerBoundsCorrelationAndRejectsZeroUnknownAndStaleWorldResults ..........................   Passed    0.03 sec
          Start  881: SceneInteractionModule.DocumentEpochResetRejectsLateCorrelatedReadback
 874/4150 Test  #881: SceneInteractionModule.DocumentEpochResetRejectsLateCorrelatedReadback ..........................................   Passed    0.03 sec
          Start  882: SceneInteractionModule.ViewportGizmoRequiresHistoryHonorsCaptureAndCommitsOneUndoableDrag
 875/4150 Test  #882: SceneInteractionModule.ViewportGizmoRequiresHistoryHonorsCaptureAndCommitsOneUndoableDrag .......................   Passed    0.00 sec
          Start  883: SceneInteractionModule.WorldSwitchCancelsDragAndPreservesGizmoTuning
 876/4150 Test  #883: SceneInteractionModule.WorldSwitchCancelsDragAndPreservesGizmoTuning ............................................   Passed    0.00 sec
          Start  884: SceneInteractionModule.ShutdownAnnouncementReleasesDocumentParticipant
 877/4150 Test  #884: SceneInteractionModule.ShutdownAnnouncementReleasesDocumentParticipant ..........................................   Passed    0.00 sec
          Start  885: SceneInteractionModule.DocumentReplacementClearsExactlyOnceAndKeepsSequenceMonotonic
 878/4150 Test  #885: SceneInteractionModule.DocumentReplacementClearsExactlyOnceAndKeepsSequenceMonotonic ............................   Passed    0.01 sec
          Start  886: SceneInteractionModule.CloseAndLoadClearOneCohortAndRebuildLookup
 879/4150 Test  #886: SceneInteractionModule.CloseAndLoadClearOneCohortAndRebuildLookup ...............................................   Passed    0.01 sec
          Start  887: SceneInteractionModule.ActiveWorldMismatchClearsWithoutResurrectionAndIgnoresInactiveRetirement
 880/4150 Test  #887: SceneInteractionModule.ActiveWorldMismatchClearsWithoutResurrectionAndIgnoresInactiveRetirement .................   Passed    0.00 sec
          Start  888: SceneInteractionModule.OptionalOmissionAndComposedOperationalRun
 881/4150 Test  #888: SceneInteractionModule.OptionalOmissionAndComposedOperationalRun ................................................   Passed    0.07 sec
          Start  889: SceneInteractionModule.ShutdownReinitializeStartsEmptyWithRecycledBootHandle
 882/4150 Test  #889: SceneInteractionModule.ShutdownReinitializeStartsEmptyWithRecycledBootHandle ....................................   Passed    0.07 sec
          Start  890: RuntimeSceneSerialization.SaveLoadRoundTripPreservesPromotedSandboxSceneData
 883/4150 Test  #890: RuntimeSceneSerialization.SaveLoadRoundTripPreservesPromotedSandboxSceneData ....................................   Passed    0.01 sec
          Start  891: RuntimeSceneSerialization.UnsupportedPersistenceFamiliesReportDiagnosticsAndDropOnLoad
 884/4150 Test  #891: RuntimeSceneSerialization.UnsupportedPersistenceFamiliesReportDiagnosticsAndDropOnLoad ..........................   Passed    0.00 sec
          Start  892: RuntimeSceneSerialization.InvalidDocumentsFailClosed
 885/4150 Test  #892: RuntimeSceneSerialization.InvalidDocumentsFailClosed ............................................................   Passed    0.00 sec
          Start  893: RuntimeSceneSerialization.MalformedGraphTopologyFailsClosed
 886/4150 Test  #893: RuntimeSceneSerialization.MalformedGraphTopologyFailsClosed .....................................................   Passed    0.01 sec
          Start  894: RuntimeSceneSerialization.PropertyValueKindKeepsLegacyWireStrings
 887/4150 Test  #894: RuntimeSceneSerialization.PropertyValueKindKeepsLegacyWireStrings ...............................................   Passed    0.00 sec
          Start  895: RuntimeSceneSerialization.PropertyValueKindRoundTripsThroughLegacyWire
 888/4150 Test  #895: RuntimeSceneSerialization.PropertyValueKindRoundTripsThroughLegacyWire ..........................................   Passed    0.01 sec
          Start  896: RuntimeSceneSerialization.GeometryPresentationRuntimeStateIsNotSerialized
 889/4150 Test  #896: RuntimeSceneSerialization.GeometryPresentationRuntimeStateIsNotSerialized .......................................   Passed    0.01 sec
          Start  897: RuntimeSceneSerialization.LegacyProgressiveRenderDataKeyLoadsAsGeometryPresentationRecipe
 890/4150 Test  #897: RuntimeSceneSerialization.LegacyProgressiveRenderDataKeyLoadsAsGeometryPresentationRecipe .......................   Passed    0.01 sec
          Start  898: RuntimeSceneSerialization.ReaderStaysPinnedToLegacyValueKindWireStrings
 891/4150 Test  #898: RuntimeSceneSerialization.ReaderStaysPinnedToLegacyValueKindWireStrings .........................................   Passed    0.01 sec
          Start  899: RuntimeSceneSerialization.PropertyDomainKeepsLegacyWireStrings
 892/4150 Test  #899: RuntimeSceneSerialization.PropertyDomainKeepsLegacyWireStrings ..................................................   Passed    0.01 sec
          Start  900: RuntimeSceneSerialization.LegacyMeshSurfaceDomainLoadsAsUnknown
 893/4150 Test  #900: RuntimeSceneSerialization.LegacyMeshSurfaceDomainLoadsAsUnknown .................................................   Passed    0.01 sec
          Start  901: RuntimeSceneSerialization.SaveLoadRoundTripPreservesCornerDomainTexcoords
 894/4150 Test  #901: RuntimeSceneSerialization.SaveLoadRoundTripPreservesCornerDomainTexcoords .......................................   Passed    0.01 sec
          Start  902: RuntimeVulkanBreadcrumb.DecisionFiresWhenRequestedVulkanAndDeviceNotOperational
 895/4150 Test  #902: RuntimeVulkanBreadcrumb.DecisionFiresWhenRequestedVulkanAndDeviceNotOperational .................................   Passed    0.00 sec
          Start  903: RuntimeVulkanBreadcrumb.DecisionSilentWhenDeviceIsOperational
 896/4150 Test  #903: RuntimeVulkanBreadcrumb.DecisionSilentWhenDeviceIsOperational ...................................................   Passed    0.00 sec
          Start  904: RuntimeVulkanBreadcrumb.DecisionSilentWhenPromotedVulkanNotRequested
 897/4150 Test  #904: RuntimeVulkanBreadcrumb.DecisionSilentWhenPromotedVulkanNotRequested ............................................   Passed    0.00 sec
          Start  905: RuntimeVulkanBreadcrumb.EngineInitializeFiresBreadcrumbOncePerStartupWhenRequested
 898/4150 Test  #905: RuntimeVulkanBreadcrumb.EngineInitializeFiresBreadcrumbOncePerStartupWhenRequested ..............................   Passed    0.06 sec
          Start  906: RuntimeVulkanBreadcrumb.EngineInitializeSilentWhenPromotedVulkanNotRequested
 899/4150 Test  #906: RuntimeVulkanBreadcrumb.EngineInitializeSilentWhenPromotedVulkanNotRequested ....................................   Passed    0.05 sec
          Start  907: RuntimeVulkanBreadcrumb.EngineInitializeSucceedsEvenWhenVulkanFallsBackToNull
 900/4150 Test  #907: RuntimeVulkanBreadcrumb.EngineInitializeSucceedsEvenWhenVulkanFallsBackToNull ...................................   Passed    0.07 sec
          Start  908: SandboxEditorUi.EmptyContextProducesDeterministicDisabledDiagnostics
 901/4150 Test  #908: SandboxEditorUi.EmptyContextProducesDeterministicDisabledDiagnostics ............................................   Passed    0.00 sec
          Start  909: SandboxEditorUi.RenderGraphPanelModelCopiesRendererStats
 902/4150 Test  #909: SandboxEditorUi.RenderGraphPanelModelCopiesRendererStats ........................................................   Passed    0.00 sec
          Start  910: SandboxEditorUi.GpuProfilingToggleUsesConfigPreviewApplyAndPreservesRejectedState
 903/4150 Test  #910: SandboxEditorUi.GpuProfilingToggleUsesConfigPreviewApplyAndPreservesRejectedState ...............................   Passed    0.00 sec
          Start  911: SandboxEditorUi.AssetImportQueueModelCopiesRowsProgressAndCommands
 904/4150 Test  #911: SandboxEditorUi.AssetImportQueueModelCopiesRowsProgressAndCommands ..............................................   Passed    0.00 sec
          Start  912: SandboxEditorUi.DocumentModelReportsRuntimeHistoryDirtyState
 905/4150 Test  #912: SandboxEditorUi.DocumentModelReportsRuntimeHistoryDirtyState ....................................................   Passed    0.00 sec
          Start  913: SandboxEditorUi.HierarchyInspectorModelReportsSelectionRenderHintsAndDomain
 906/4150 Test  #913: SandboxEditorUi.HierarchyInspectorModelReportsSelectionRenderHintsAndDomain .....................................   Passed    0.00 sec
          Start  914: SandboxEditorUi.HiddenPanelBuildRequestSkipsSelectedEntityModels
 907/4150 Test  #914: SandboxEditorUi.HiddenPanelBuildRequestSkipsSelectedEntityModels ................................................   Passed    0.00 sec
          Start  915: SandboxEditorUi.InspectorOnlyBuildRequestAvoidsSiblingPanelWork
 908/4150 Test  #915: SandboxEditorUi.InspectorOnlyBuildRequestAvoidsSiblingPanelWork .................................................   Passed    0.00 sec
          Start  916: SandboxEditorUi.DomainWindowBuildReportsTimingDiagnostics
 909/4150 Test  #916: SandboxEditorUi.DomainWindowBuildReportsTimingDiagnostics .......................................................   Passed    0.00 sec
          Start  917: SandboxEditorUi.SelectedModelCacheReusesInspectorAnalysis
 910/4150 Test  #917: SandboxEditorUi.SelectedModelCacheReusesInspectorAnalysis .......................................................   Passed    0.00 sec
          Start  918: SandboxEditorUi.SelectedModelCachePartitionsAnalysisByVisibleWindow
 911/4150 Test  #918: SandboxEditorUi.SelectedModelCachePartitionsAnalysisByVisibleWindow .............................................   Passed    0.00 sec
          Start  919: SandboxEditorUi.SelectedModelCacheInvalidatesOnSelectionGeneration
 912/4150 Test  #919: SandboxEditorUi.SelectedModelCacheInvalidatesOnSelectionGeneration ..............................................   Passed    0.00 sec
          Start  920: SandboxEditorUi.SelectedModelCacheInvalidatesOnPrimitiveGeneration
 913/4150 Test  #920: SandboxEditorUi.SelectedModelCacheInvalidatesOnPrimitiveGeneration ..............................................   Passed    0.00 sec
          Start  921: SandboxEditorUi.SelectedModelCacheInvalidatesOnGeometryPresentationRecipeGeneration
 914/4150 Test  #921: SandboxEditorUi.SelectedModelCacheInvalidatesOnGeometryPresentationRecipeGeneration .............................   Passed    0.00 sec
          Start  922: SandboxEditorUi.SelectedModelCacheInvalidatesOnGeometryMetadataSignature
 915/4150 Test  #922: SandboxEditorUi.SelectedModelCacheInvalidatesOnGeometryMetadataSignature ........................................   Passed    0.00 sec
          Start  923: SandboxEditorUi.SelectedModelCacheInvalidatesOnRenderHintSignature
 916/4150 Test  #923: SandboxEditorUi.SelectedModelCacheInvalidatesOnRenderHintSignature ..............................................   Passed    0.00 sec
          Start  924: SandboxEditorUi.SelectedModelCacheReusesVisualizationModel
 917/4150 Test  #924: SandboxEditorUi.SelectedModelCacheReusesVisualizationModel ......................................................   Passed    0.00 sec
          Start  925: SandboxEditorUi.VisualizationModelCacheInvalidatesOnGeometryMetadataSignature
 918/4150 Test  #925: SandboxEditorUi.VisualizationModelCacheInvalidatesOnGeometryMetadataSignature ...................................   Passed    0.00 sec
          Start  926: SandboxEditorUi.VisualizationModelCacheInvalidatesOnConfigSignature
 919/4150 Test  #926: SandboxEditorUi.VisualizationModelCacheInvalidatesOnConfigSignature .............................................   Passed    0.00 sec
          Start  927: SandboxEditorUi.VisualizationModelCacheInvalidatesOnLaneOverrideSignature
 920/4150 Test  #927: SandboxEditorUi.VisualizationModelCacheInvalidatesOnLaneOverrideSignature .......................................   Passed    0.00 sec
          Start  928: SandboxEditorUi.VisualizationModelCacheInvalidatesOnRecipeRevision
 921/4150 Test  #928: SandboxEditorUi.VisualizationModelCacheInvalidatesOnRecipeRevision ..............................................   Passed    0.00 sec
          Start  929: SandboxEditorUi.GeometryProcessingSupportedDomainsMatchPromotedEditorContract
 922/4150 Test  #929: SandboxEditorUi.GeometryProcessingSupportedDomainsMatchPromotedEditorContract ...................................   Passed    0.00 sec
          Start  930: SandboxEditorUi.GeometrySourcesReportProcessingCapabilitiesAndStableEntries
 923/4150 Test  #930: SandboxEditorUi.GeometrySourcesReportProcessingCapabilitiesAndStableEntries .....................................   Passed    0.00 sec
          Start  931: SandboxEditorUi.VisualizationModelEnumeratesPromotedGeometryProperties
 924/4150 Test  #931: SandboxEditorUi.VisualizationModelEnumeratesPromotedGeometryProperties ..........................................   Passed    0.00 sec
          Start  932: SandboxEditorUi.PropertyCatalogListsAllMeshPropertiesAndPreviewsSelection
 925/4150 Test  #932: SandboxEditorUi.PropertyCatalogListsAllMeshPropertiesAndPreviewsSelection .......................................   Passed    0.01 sec
          Start  933: SandboxEditorUi.PropertyCatalogReportsGraphAndPointCloudDomains
 926/4150 Test  #933: SandboxEditorUi.PropertyCatalogReportsGraphAndPointCloudDomains .................................................   Passed    0.00 sec
          Start  934: SandboxEditorUi.VisualizationPresetPreservesConfiguredScalarStyling
 927/4150 Test  #934: SandboxEditorUi.VisualizationPresetPreservesConfiguredScalarStyling .............................................   Passed    0.00 sec
          Start  935: SandboxEditorUi.DomainWindowModelsReportSelectedMeshGraphAndPointCloudState
 928/4150 Test  #935: SandboxEditorUi.DomainWindowModelsReportSelectedMeshGraphAndPointCloudState .....................................   Passed    0.00 sec
          Start  936: SandboxEditorUi.DomainVisualizationTargetsFollowLaneSourcePresence
 929/4150 Test  #936: SandboxEditorUi.DomainVisualizationTargetsFollowLaneSourcePresence ..............................................   Passed    0.00 sec
          Start  937: SandboxEditorUi.DomainWindowModelsReportNoSelectionStaleAndWrongDomain
 930/4150 Test  #937: SandboxEditorUi.DomainWindowModelsReportNoSelectionStaleAndWrongDomain ..........................................   Passed    0.00 sec
          Start  938: SandboxEditorUi.SelectionDetailsModelReportsHoveredEntityAndPrimitiveIds
 931/4150 Test  #938: SandboxEditorUi.SelectionDetailsModelReportsHoveredEntityAndPrimitiveIds ........................................   Passed    0.00 sec
          Start  939: SandboxEditorUi.GeometryPresentationInspectorReportsSlotsPropertiesAndJobs
 932/4150 Test  #939: SandboxEditorUi.GeometryPresentationInspectorReportsSlotsPropertiesAndJobs ......................................   Passed    0.01 sec
          Start  940: SandboxEditorUi.GeometryPresentationInspectorInfersGraphPointCloudAndComposition
 933/4150 Test  #940: SandboxEditorUi.GeometryPresentationInspectorInfersGraphPointCloudAndComposition ................................   Passed    0.00 sec
          Start  941: SandboxEditorUi.GeometryPresentationCompositionReportsCorruptHierarchyWithoutPartialSummary
 934/4150 Test  #941: SandboxEditorUi.GeometryPresentationCompositionReportsCorruptHierarchyWithoutPartialSummary .....................   Passed    0.00 sec
          Start  942: SandboxEditorUi.RenderRecipeEditorModelListsDeclaredRecipeControls
 935/4150 Test  #942: SandboxEditorUi.RenderRecipeEditorModelListsDeclaredRecipeControls ..............................................   Passed    0.00 sec
          Start  943: SandboxEditorUi.FileImportPrerequisitesAreDeterministic
 936/4150 Test  #943: SandboxEditorUi.FileImportPrerequisitesAreDeterministic .........................................................   Passed    0.00 sec
          Start  944: SandboxEditorUi.FileImportDispatchRejectsInvalidPrerequisitesBeforeCallback
 937/4150 Test  #944: SandboxEditorUi.FileImportDispatchRejectsInvalidPrerequisitesBeforeCallback .....................................   Passed    0.00 sec
          Start  945: SandboxEditorUi.FileImportCommandRoutesThroughRuntimeOwnedSurface
 938/4150 Test  #945: SandboxEditorUi.FileImportCommandRoutesThroughRuntimeOwnedSurface ...............................................   Passed    0.00 sec
          Start  946: SandboxEditorUi.FileImportCommandTreatsAsyncPendingAsNonFailure
 939/4150 Test  #946: SandboxEditorUi.FileImportCommandTreatsAsyncPendingAsNonFailure .................................................   Passed    0.00 sec
          Start  947: SandboxEditorUi.SceneFileCommandRoutesThroughRuntimeOwnedSurface
 940/4150 Test  #947: SandboxEditorUi.SceneFileCommandRoutesThroughRuntimeOwnedSurface ................................................   Passed    0.00 sec
          Start  948: SandboxEditorUi.SceneLoadCommandTreatsAsyncPendingAsNonFailure
 941/4150 Test  #948: SandboxEditorUi.SceneLoadCommandTreatsAsyncPendingAsNonFailure ..................................................   Passed    0.00 sec
          Start  949: SandboxEditorUi.SceneSaveCommandTreatsAsyncPendingAsNonFailure
 942/4150 Test  #949: SandboxEditorUi.SceneSaveCommandTreatsAsyncPendingAsNonFailure ..................................................   Passed    0.00 sec
          Start  950: SandboxEditorUi.AssetWorkflowReportsMissingFile
 943/4150 Test  #950: SandboxEditorUi.AssetWorkflowReportsMissingFile .................................................................   Passed    0.04 sec
          Start  951: SandboxEditorUi.AssetWorkflowMaterializesStandaloneGeometryDomains
 944/4150 Test  #951: SandboxEditorUi.AssetWorkflowMaterializesStandaloneGeometryDomains ..............................................   Passed    0.04 sec
          Start  952: SandboxEditorUi.AssetWorkflowMaterializesNonManifoldObjAsRenderableMesh
 945/4150 Test  #952: SandboxEditorUi.AssetWorkflowMaterializesNonManifoldObjAsRenderableMesh .........................................   Passed    0.05 sec
          Start  953: SandboxEditorUi.AssetWorkflowMaterializesObjWithoutAuthoredTexcoordsAsRenderableMesh
 946/4150 Test  #953: SandboxEditorUi.AssetWorkflowMaterializesObjWithoutAuthoredTexcoordsAsRenderableMesh ............................   Passed    0.05 sec
          Start  954: SandboxEditorUi.QueuedManualGeometryImportsRemainResponsiveAndApplyOnce
 947/4150 Test  #954: SandboxEditorUi.QueuedManualGeometryImportsRemainResponsiveAndApplyOnce .........................................   Passed    0.12 sec
          Start  955: SandboxEditorUi.QueuedManualGeometryCancellationPreventsApply
 948/4150 Test  #955: SandboxEditorUi.QueuedManualGeometryCancellationPreventsApply ...................................................   Passed    0.07 sec
          Start  956: SandboxEditorUi.ShutdownCancelsBlockedManualGeometryBeforeSessionTeardown
 949/4150 Test  #956: SandboxEditorUi.ShutdownCancelsBlockedManualGeometryBeforeSessionTeardown .......................................   Passed    0.08 sec
          Start  957: SandboxEditorUi.QueuedManualGeometryDecodeFailureIsFailClosed
 950/4150 Test  #957: SandboxEditorUi.QueuedManualGeometryDecodeFailureIsFailClosed ...................................................   Passed    0.05 sec
          Start  958: SandboxEditorUi.DuplicateDroppedGeometryImportUsesSingleIngestRecord
 951/4150 Test  #958: SandboxEditorUi.DuplicateDroppedGeometryImportUsesSingleIngestRecord ............................................   Passed    0.08 sec
          Start  959: SandboxEditorUi.DroppedFileQueuePreservesOrderDiagnosticsAndClearCompleted
 952/4150 Test  #959: SandboxEditorUi.DroppedFileQueuePreservesOrderDiagnosticsAndClearCompleted ......................................   Passed    0.08 sec
          Start  960: SandboxEditorUi.DroppedGeometryQueueCancellationPreventsMainThreadApply
 953/4150 Test  #960: SandboxEditorUi.DroppedGeometryQueueCancellationPreventsMainThreadApply .........................................   Passed    0.05 sec
          Start  961: SandboxEditorUi.DroppedGeometryAssetReimportWaitReportsDeadlineAndCancellationPhase
 954/4150 Test  #961: SandboxEditorUi.DroppedGeometryAssetReimportWaitReportsDeadlineAndCancellationPhase .............................   Passed    0.29 sec
          Start  962: SandboxEditorUi.DroppedGeometryAssetReimportReloadsSameAssetWithoutDuplicateEntity
 955/4150 Test  #962: SandboxEditorUi.DroppedGeometryAssetReimportReloadsSameAssetWithoutDuplicateEntity ..............................   Passed    0.22 sec
          Start  963: SandboxEditorUi.PlatformDropEventImportsObjMeshSelectsItAndEnablesRenderComponents
 956/4150 Test  #963: SandboxEditorUi.PlatformDropEventImportsObjMeshSelectsItAndEnablesRenderComponents ..............................   Passed    0.05 sec
          Start  964: SandboxEditorUi.PlatformDropNoUvObjUploadsRawSurfaceBeforeDeferredPostProcess
 957/4150 Test  #964: SandboxEditorUi.PlatformDropNoUvObjUploadsRawSurfaceBeforeDeferredPostProcess ...................................   Passed    0.05 sec
          Start  965: SandboxEditorUi.DroppedFileImportFailureLogsDiagnostics
 958/4150 Test  #965: SandboxEditorUi.DroppedFileImportFailureLogsDiagnostics .........................................................   Passed    0.04 sec
          Start  966: SandboxEditorUi.PlatformDropEventImportsOffMesh
 959/4150 Test  #966: SandboxEditorUi.PlatformDropEventImportsOffMesh .................................................................   Passed    0.05 sec
          Start  967: SandboxEditorUi.ConfiguredBackendBornClosedLogsZeroFrameRunDiagnostic
 960/4150 Test  #967: SandboxEditorUi.ConfiguredBackendBornClosedLogsZeroFrameRunDiagnostic ...........................................   Passed    0.01 sec
          Start  968: SandboxEditorUi.PlatformCloseEventStopsEngineRunState
 961/4150 Test  #968: SandboxEditorUi.PlatformCloseEventStopsEngineRunState ...........................................................   Passed    0.04 sec
          Start  969: SandboxEditorUi.RenderRecipeEditorDraftValidationPreviewActivationAndCancel
 962/4150 Test  #969: SandboxEditorUi.RenderRecipeEditorDraftValidationPreviewActivationAndCancel .....................................   Passed    0.00 sec
          Start  970: SandboxEditorUi.RenderRecipeEditorUnchangedDraftIsNoOp
 963/4150 Test  #970: SandboxEditorUi.RenderRecipeEditorUnchangedDraftIsNoOp ..........................................................   Passed    0.00 sec
          Start  971: SandboxEditorUi.RenderRecipeEditorArtifactPublishAndApplyUseRegistry
 964/4150 Test  #971: SandboxEditorUi.RenderRecipeEditorArtifactPublishAndApplyUseRegistry ............................................   Passed    0.00 sec
          Start  972: SandboxEditorUi.ProgressivePoissonCommandPublishesPointPropertiesAndVisualization
 965/4150 Test  #972: SandboxEditorUi.ProgressivePoissonCommandPublishesPointPropertiesAndVisualization ...............................   Passed    0.01 sec
          Start  973: SandboxEditorUi.ProgressivePoissonPublishesIdenticalSourceCardinalityChannelsForEveryVertexDomain
 966/4150 Test  #973: SandboxEditorUi.ProgressivePoissonPublishesIdenticalSourceCardinalityChannelsForEveryVertexDomain ...............   Passed    0.01 sec
          Start  974: SandboxEditorUi.ProgressivePoissonPointHistoryRestoresExactOutputsAndRejectsStaleState
 967/4150 Test  #974: SandboxEditorUi.ProgressivePoissonPointHistoryRestoresExactOutputsAndRejectsStaleState ..........................   Passed    0.00 sec
          Start  975: SandboxEditorUi.ProgressivePoissonMeshVulkanRequestFallsBackWithoutDomainReplacement
 968/4150 Test  #975: SandboxEditorUi.ProgressivePoissonMeshVulkanRequestFallsBackWithoutDomainReplacement ............................   Passed    0.00 sec
          Start  976: SandboxEditorUi.ProgressivePoissonCommandMatchesDirectMethodConfig
 969/4150 Test  #976: SandboxEditorUi.ProgressivePoissonCommandMatchesDirectMethodConfig ..............................................   Passed    0.00 sec
          Start  977: SandboxEditorUi.ProgressivePoissonCpuRequestQueuesDerivedJobAndPublishesOnApply
 970/4150 Test  #977: SandboxEditorUi.ProgressivePoissonCpuRequestQueuesDerivedJobAndPublishesOnApply .................................   Passed    0.01 sec
          Start  978: SandboxEditorUi.ProgressivePoissonCpuDerivedJobDiscardsStalePointCloudBeforeApply
 971/4150 Test  #978: SandboxEditorUi.ProgressivePoissonCpuDerivedJobDiscardsStalePointCloudBeforeApply ...............................   Passed    0.01 sec
          Start  979: SandboxEditorUi.ProgressivePoissonGraphCpuJobRejectsStaleProductionConnectivity
 972/4150 Test  #979: SandboxEditorUi.ProgressivePoissonGraphCpuJobRejectsStaleProductionConnectivity .................................   Passed    0.01 sec
          Start  980: SandboxEditorUi.ProgressivePoissonMeshCpuRequestQueuesDerivedJobAndPublishesOnApply
 973/4150 Test  #980: SandboxEditorUi.ProgressivePoissonMeshCpuRequestQueuesDerivedJobAndPublishesOnApply .............................   Passed    0.01 sec
          Start  981: SandboxEditorUi.ProgressivePoissonMeshCpuJobRejectsStaleProductionConnectivity
 974/4150 Test  #981: SandboxEditorUi.ProgressivePoissonMeshCpuJobRejectsStaleProductionConnectivity ..................................   Passed    0.02 sec
          Start  982: SandboxEditorUi.ProgressivePoissonConfigCommandRoutesThroughConfigControl
 975/4150 Test  #982: SandboxEditorUi.ProgressivePoissonConfigCommandRoutesThroughConfigControl .......................................   Passed    0.01 sec
          Start  983: SandboxEditorUi.ClusteringSectionValidationKeepsPerFieldReferenceFallback
 976/4150 Test  #983: SandboxEditorUi.ClusteringSectionValidationKeepsPerFieldReferenceFallback .......................................   Passed    0.00 sec
          Start  984: SandboxEditorUi.ProgressivePoissonSectionValidationKeepsPerFieldReferenceFallback
 977/4150 Test  #984: SandboxEditorUi.ProgressivePoissonSectionValidationKeepsPerFieldReferenceFallback ...............................   Passed    0.00 sec
          Start  985: SandboxEditorUi.ProgressivePoissonCommandUsesMeshVerticesWithoutDomainReplacement
 978/4150 Test  #985: SandboxEditorUi.ProgressivePoissonCommandUsesMeshVerticesWithoutDomainReplacement ...............................   Passed    0.00 sec
          Start  986: SandboxEditorUi.ProgressivePoissonMeshHistoryPreservesTopologyDomainAndPresentation
 979/4150 Test  #986: SandboxEditorUi.ProgressivePoissonMeshHistoryPreservesTopologyDomainAndPresentation .............................   Passed    0.00 sec
          Start  987: SandboxEditorUi.ProgressivePoissonGraphHistoryPreservesTopologyOrderingAndProperties
 980/4150 Test  #987: SandboxEditorUi.ProgressivePoissonGraphHistoryPreservesTopologyOrderingAndProperties ............................   Passed    0.00 sec
          Start  988: SandboxEditorUi.RegistrationCommandAlignsSourceOntoTargetAndSupportsUndoRedo
 981/4150 Test  #988: SandboxEditorUi.RegistrationCommandAlignsSourceOntoTargetAndSupportsUndoRedo ....................................   Passed    0.01 sec
          Start  989: SandboxEditorUi.RegistrationRequestQueuesDerivedJobAndPublishesOnApply
 982/4150 Test  #989: SandboxEditorUi.RegistrationRequestQueuesDerivedJobAndPublishesOnApply ..........................................   Passed    0.02 sec
          Start  990: SandboxEditorUi.RegistrationDerivedJobDiscardsStaleSourceBeforeApply
 983/4150 Test  #990: SandboxEditorUi.RegistrationDerivedJobDiscardsStaleSourceBeforeApply ............................................   Passed    0.02 sec
          Start  991: SandboxEditorUi.RegistrationCommandFailsClosedForInvalidSelectionAndParameters
 984/4150 Test  #991: SandboxEditorUi.RegistrationCommandFailsClosedForInvalidSelectionAndParameters ..................................   Passed    0.00 sec
          Start  992: SandboxEditorUi.RegistrationCommandAlignsAcrossEntityTransforms
 985/4150 Test  #992: SandboxEditorUi.RegistrationCommandAlignsAcrossEntityTransforms .................................................   Passed    0.01 sec
          Start  993: SandboxEditorUi.MeshDenoiseCommandPublishesPositionsAndSupportsUndoRedo
 986/4150 Test  #993: SandboxEditorUi.MeshDenoiseCommandPublishesPositionsAndSupportsUndoRedo .........................................   Passed    0.00 sec
          Start  994: SandboxEditorUi.MeshDenoiseReportsNoChangeWhenEveryVertexIsPinned
 987/4150 Test  #994: SandboxEditorUi.MeshDenoiseReportsNoChangeWhenEveryVertexIsPinned ...............................................   Passed    0.00 sec
          Start  995: SandboxEditorUi.MeshDenoisePinnedRatioIsReportedForPartiallyPinnedRuns
 988/4150 Test  #995: SandboxEditorUi.MeshDenoisePinnedRatioIsReportedForPartiallyPinnedRuns ..........................................   Passed    0.00 sec
          Start  996: SandboxEditorUi.MeshDenoiseRequestQueuesDerivedJobAndPublishesOnApply
 989/4150 Test  #996: SandboxEditorUi.MeshDenoiseRequestQueuesDerivedJobAndPublishesOnApply ...........................................   Passed    0.01 sec
          Start  997: SandboxEditorUi.MeshDenoiseDerivedJobDiscardsStaleMeshBeforeApply
 990/4150 Test  #997: SandboxEditorUi.MeshDenoiseDerivedJobDiscardsStaleMeshBeforeApply ...............................................   Passed    0.01 sec
          Start  998: SandboxEditorUi.PointCloudOutlierRemovalStatisticalPublishesKeptPointsWithUndoRedo
 991/4150 Test  #998: SandboxEditorUi.PointCloudOutlierRemovalStatisticalPublishesKeptPointsWithUndoRedo ..............................   Passed    0.01 sec
          Start  999: SandboxEditorUi.PointCloudOutlierRemovalRequestQueuesDerivedJobAndPublishesOnApply
 992/4150 Test  #999: SandboxEditorUi.PointCloudOutlierRemovalRequestQueuesDerivedJobAndPublishesOnApply ..............................   Passed    0.01 sec
          Start 1000: SandboxEditorUi.PointCloudOutlierRemovalDerivedJobDiscardsStaleSource
 993/4150 Test #1000: SandboxEditorUi.PointCloudOutlierRemovalDerivedJobDiscardsStaleSource ...........................................   Passed    0.02 sec
          Start 1001: SandboxEditorUi.PointCloudOutlierRemovalDerivedJobDiscardsStaleProperty
 994/4150 Test #1001: SandboxEditorUi.PointCloudOutlierRemovalDerivedJobDiscardsStaleProperty .........................................   Passed    0.02 sec
          Start 1002: SandboxEditorUi.PointCloudOutlierRemovalRadiusPublishesAndFailsClosed
 995/4150 Test #1002: SandboxEditorUi.PointCloudOutlierRemovalRadiusPublishesAndFailsClosed ...........................................   Passed    0.01 sec
          Start 1003: SandboxEditorUi.PointCloudOutlierRemovalPreservesSurvivingPointProperties
 996/4150 Test #1003: SandboxEditorUi.PointCloudOutlierRemovalPreservesSurvivingPointProperties .......................................   Passed    0.01 sec
          Start 1004: SandboxEditorUi.PointCloudOutlierRemovalRespectsDeletedSlots
 997/4150 Test #1004: SandboxEditorUi.PointCloudOutlierRemovalRespectsDeletedSlots ....................................................   Passed    0.01 sec
          Start 1005: SandboxEditorUi.MeshDenoiseCommandFailsClosedForInvalidTargetsAndUnavailableKernel
 998/4150 Test #1005: SandboxEditorUi.MeshDenoiseCommandFailsClosedForInvalidTargetsAndUnavailableKernel ..............................   Passed    0.01 sec
          Start 1006: SandboxEditorUi.MeshCurvatureCommandPublishesCanonicalPropertiesAndSupportsUndoRedo
 999/4150 Test #1006: SandboxEditorUi.MeshCurvatureCommandPublishesCanonicalPropertiesAndSupportsUndoRedo .............................   Passed    0.01 sec
          Start 1007: SandboxEditorUi.MeshCurvatureRequestQueuesDerivedJobAndPublishesOnApply
1000/4150 Test #1007: SandboxEditorUi.MeshCurvatureRequestQueuesDerivedJobAndPublishesOnApply .........................................   Passed    0.01 sec
          Start 1008: SandboxEditorUi.MeshCurvatureDerivedJobDiscardsStalePropertiesBeforeApply
1001/4150 Test #1008: SandboxEditorUi.MeshCurvatureDerivedJobDiscardsStalePropertiesBeforeApply .......................................   Passed    0.01 sec
          Start 1009: SandboxEditorUi.MeshCurvatureCommandFallsBackToScalarOnlyWhenDirectionsUnavailable
1002/4150 Test #1009: SandboxEditorUi.MeshCurvatureCommandFallsBackToScalarOnlyWhenDirectionsUnavailable ..............................   Passed    0.01 sec
          Start 1010: SandboxEditorUi.MeshCurvatureCommandFailsClosedForInvalidTargetsAndConflicts
1003/4150 Test #1010: SandboxEditorUi.MeshCurvatureCommandFailsClosedForInvalidTargetsAndConflicts ....................................   Passed    0.00 sec
          Start 1011: SandboxEditorUi.MeshRemeshCommandReplacesTopologyAndSupportsUndoRedo
1004/4150 Test #1011: SandboxEditorUi.MeshRemeshCommandReplacesTopologyAndSupportsUndoRedo ............................................   Passed    0.01 sec
          Start 1012: SandboxEditorUi.MeshRemeshRequestQueuesDerivedJobAndPublishesOnApply
1005/4150 Test #1012: SandboxEditorUi.MeshRemeshRequestQueuesDerivedJobAndPublishesOnApply ............................................   Passed    0.02 sec
          Start 1013: SandboxEditorUi.MeshSubdivideCommandReplacesTopologyForAllOperatorsAndSupportsUndoRedo
1006/4150 Test #1013: SandboxEditorUi.MeshSubdivideCommandReplacesTopologyForAllOperatorsAndSupportsUndoRedo ..........................   Passed    0.01 sec
          Start 1014: SandboxEditorUi.MeshSubdivideRequestQueuesDerivedJobAndPublishesOnApply
1007/4150 Test #1014: SandboxEditorUi.MeshSubdivideRequestQueuesDerivedJobAndPublishesOnApply .........................................   Passed    0.02 sec
          Start 1015: SandboxEditorUi.MeshSubdivideDerivedJobDiscardsStaleMeshBeforeApply
1008/4150 Test #1015: SandboxEditorUi.MeshSubdivideDerivedJobDiscardsStaleMeshBeforeApply .............................................   Passed    0.02 sec
          Start 1016: SandboxEditorUi.MeshSubdivideDerivedJobDiscardsStaleTopologyBeforeApply
1009/4150 Test #1016: SandboxEditorUi.MeshSubdivideDerivedJobDiscardsStaleTopologyBeforeApply .........................................   Passed    0.02 sec
          Start 1017: SandboxEditorUi.MeshSimplifyCommandReducesFaceCountAndSupportsUndoRedo
1010/4150 Test #1017: SandboxEditorUi.MeshSimplifyCommandReducesFaceCountAndSupportsUndoRedo ..........................................   Passed    0.01 sec
          Start 1018: SandboxEditorUi.MeshSimplifyRequestQueuesDerivedJobAndPublishesOnApply
1011/4150 Test #1018: SandboxEditorUi.MeshSimplifyRequestQueuesDerivedJobAndPublishesOnApply ..........................................   Passed    0.02 sec
          Start 1019: SandboxEditorUi.MeshSimplifyAppliesAgainAfterAnEarlierTopologyEdit
1012/4150 Test #1019: SandboxEditorUi.MeshSimplifyAppliesAgainAfterAnEarlierTopologyEdit ..............................................   Passed    0.02 sec
          Start 1020: SandboxEditorUi.MeshSubdivideAndRemeshApplyAfterAnEarlierSimplify
1013/4150 Test #1020: SandboxEditorUi.MeshSubdivideAndRemeshApplyAfterAnEarlierSimplify ...............................................   Passed    0.02 sec
          Start 1021: SandboxEditorUi.MeshSimplifyStaleDiscardReportsTerminalResultInsteadOfStayingPending
1014/4150 Test #1021: SandboxEditorUi.MeshSimplifyStaleDiscardReportsTerminalResultInsteadOfStayingPending ............................   Passed    0.02 sec
          Start 1022: SandboxEditorUi.MeshRemeshAndSubdivideStaleDiscardsReportTerminalResults
1015/4150 Test #1022: SandboxEditorUi.MeshRemeshAndSubdivideStaleDiscardsReportTerminalResults ........................................   Passed    0.02 sec
          Start 1023: SandboxEditorUi.MeshSimplifyCommandFailsClosedForInvalidTargetsAndUnavailableKernel
1016/4150 Test #1023: SandboxEditorUi.MeshSimplifyCommandFailsClosedForInvalidTargetsAndUnavailableKernel .............................   Passed    0.00 sec
          Start 1024: SandboxEditorUi.MeshSimplifyPreservesUvSeamsWhenTexcoordsPresent
1017/4150 Test #1024: SandboxEditorUi.MeshSimplifyPreservesUvSeamsWhenTexcoordsPresent ................................................   Passed    0.01 sec
          Start 1025: SandboxEditorUi.MeshTopologyProcessingCommandsFailClosedForInvalidTargetsAndUnavailableKernels
1018/4150 Test #1025: SandboxEditorUi.MeshTopologyProcessingCommandsFailClosedForInvalidTargetsAndUnavailableKernels ..................   Passed    0.01 sec
          Start 1026: SandboxEditorUi.MeshVertexNormalsCommandPublishesCanonicalNormalsForAllWeightings
1019/4150 Test #1026: SandboxEditorUi.MeshVertexNormalsCommandPublishesCanonicalNormalsForAllWeightings ...............................   Passed    0.00 sec
          Start 1027: SandboxEditorUi.MeshVertexNormalsRequestQueuesDerivedJobAndPublishesOnApply
1020/4150 Test #1027: SandboxEditorUi.MeshVertexNormalsRequestQueuesDerivedJobAndPublishesOnApply .....................................   Passed    0.01 sec
          Start 1028: SandboxEditorUi.GraphAndPointCloudVertexNormalsRequestsQueueDerivedJobsAndPublishOnApply
1021/4150 Test #1028: SandboxEditorUi.GraphAndPointCloudVertexNormalsRequestsQueueDerivedJobsAndPublishOnApply ........................   Passed    0.02 sec
          Start 1029: SandboxEditorUi.VertexNormalsDerivedJobsDiscardStaleSourcesBeforeApply
1022/4150 Test #1029: SandboxEditorUi.VertexNormalsDerivedJobsDiscardStaleSourcesBeforeApply ..........................................   Passed    0.03 sec
          Start 1030: SandboxEditorUi.DirectMeshPostProcessDiscardsCompletionAfterGeometryEdit
1023/4150 Test #1030: SandboxEditorUi.DirectMeshPostProcessDiscardsCompletionAfterGeometryEdit ........................................   Passed    0.04 sec
          Start 1031: SandboxEditorUi.DirectMeshPostProcessPreservesNewerUvAndSourceProperties
1024/4150 Test #1031: SandboxEditorUi.DirectMeshPostProcessPreservesNewerUvAndSourceProperties ........................................   Passed    0.04 sec
          Start 1032: SandboxEditorUi.DirectMeshPostProcessDiscardsCompletionAfterBindingChange
1025/4150 Test #1032: SandboxEditorUi.DirectMeshPostProcessDiscardsCompletionAfterBindingChange .......................................   Passed    0.04 sec
          Start 1033: SandboxEditorUi.DirectMeshPostProcessPendingStateGatesMutatingActions
1026/4150 Test #1033: SandboxEditorUi.DirectMeshPostProcessPendingStateGatesMutatingActions ...........................................   Passed    0.04 sec
          Start 1034: SandboxEditorUi.DirectMeshPostProcessDiscardsCompletionAfterWorldSwitch
1027/4150 Test #1034: SandboxEditorUi.DirectMeshPostProcessDiscardsCompletionAfterWorldSwitch .........................................   Passed    0.04 sec
          Start 1035: SandboxEditorUi.DirectMeshPostProcessWorldDestructionIsLifetimeSafe
1028/4150 Test #1035: SandboxEditorUi.DirectMeshPostProcessWorldDestructionIsLifetimeSafe .............................................   Passed    0.04 sec
          Start 1036: SandboxEditorUi.DirectMeshPostProcessRejectsRecycledEntityTarget
1029/4150 Test #1036: SandboxEditorUi.DirectMeshPostProcessRejectsRecycledEntityTarget ................................................   Passed    0.04 sec
          Start 1037: SandboxEditorUi.MeshVertexNormalsCommandFailsClosedForInvalidTargets
1030/4150 Test #1037: SandboxEditorUi.MeshVertexNormalsCommandFailsClosedForInvalidTargets ............................................   Passed    0.00 sec
          Start 1038: SandboxEditorUi.QueuedMeshJobIsNotReportedAsAProcessingFailure
1031/4150 Test #1038: SandboxEditorUi.QueuedMeshJobIsNotReportedAsAProcessingFailure ..................................................   Passed    0.02 sec
          Start 1039: SandboxEditorUi.OneOperationsFailureIsAbsentFromTheSharedProcessingModel
1032/4150 Test #1039: SandboxEditorUi.OneOperationsFailureIsAbsentFromTheSharedProcessingModel ........................................   Passed    0.00 sec
          Start 1040: SandboxEditorUi.GraphAndPointCloudVertexNormalsCommandsPublishCanonicalNormals
1033/4150 Test #1040: SandboxEditorUi.GraphAndPointCloudVertexNormalsCommandsPublishCanonicalNormals ..................................   Passed    0.00 sec
          Start 1041: SandboxEditorUi.GraphAndPointCloudVertexNormalsCommandsFailClosedForInvalidTargets
1034/4150 Test #1041: SandboxEditorUi.GraphAndPointCloudVertexNormalsCommandsFailClosedForInvalidTargets ..............................   Passed    0.00 sec
          Start 1042: SandboxEditorUi.UvRegenerationCommandRepairsSelectedMeshTexcoords
1035/4150 Test #1042: SandboxEditorUi.UvRegenerationCommandRepairsSelectedMeshTexcoords ...............................................   Passed    0.01 sec
          Start 1043: SandboxEditorUi.UvRegenerationRequestQueuesDerivedJobAndPublishesOnApply
1036/4150 Test #1043: SandboxEditorUi.UvRegenerationRequestQueuesDerivedJobAndPublishesOnApply ........................................   Passed    0.02 sec
          Start 1044: SandboxEditorUi.UvRegenerationDuplicateSubmitUsesExistingActiveJob
1037/4150 Test #1044: SandboxEditorUi.UvRegenerationDuplicateSubmitUsesExistingActiveJob ..............................................   Passed    0.02 sec
          Start 1045: SandboxEditorUi.UvRegenerationDerivedJobDiscardsStaleSource
1038/4150 Test #1045: SandboxEditorUi.UvRegenerationDerivedJobDiscardsStaleSource .....................................................   Passed    0.02 sec
          Start 1046: SandboxEditorUi.UvRegenerationDerivedJobDiscardsStaleAuthoredProperty
1039/4150 Test #1046: SandboxEditorUi.UvRegenerationDerivedJobDiscardsStaleAuthoredProperty ...........................................   Passed    0.02 sec
          Start 1047: SandboxEditorUi.UvRegenerationPanelModelTracksDerivedJobStateThroughCache
1040/4150 Test #1047: SandboxEditorUi.UvRegenerationPanelModelTracksDerivedJobStateThroughCache .......................................   Passed    0.02 sec
          Start 1048: SandboxEditorUi.TextureBakeControlsReportUvSourcesAndRequireRuntimeModule
1041/4150 Test #1048: SandboxEditorUi.TextureBakeControlsReportUvSourcesAndRequireRuntimeModule .......................................   Passed    0.00 sec
          Start 1049: SandboxEditorUi.AttachedEngineContextWiresTextureBakeModule
1042/4150 Test #1049: SandboxEditorUi.AttachedEngineContextWiresTextureBakeModule .....................................................   Passed    0.04 sec
          Start 1050: SandboxEditorUi.TextureBakeOperationDoesNotBypassUnavailableRuntimeModule
1043/4150 Test #1050: SandboxEditorUi.TextureBakeOperationDoesNotBypassUnavailableRuntimeModule .......................................   Passed    0.00 sec
          Start 1051: SandboxEditorUi.UnavailableTextureBakeModuleHasNoCpuFallback
1044/4150 Test #1051: SandboxEditorUi.UnavailableTextureBakeModuleHasNoCpuFallback ....................................................   Passed    0.00 sec
          Start 1052: SandboxEditorUi.TextureBakeModuleAvailabilityPrecedesAssetCreation
1045/4150 Test #1052: SandboxEditorUi.TextureBakeModuleAvailabilityPrecedesAssetCreation ..............................................   Passed    0.00 sec
          Start 1053: SandboxEditorUi.TextureBakeRequiresOperationalGpuBackend
1046/4150 Test #1053: SandboxEditorUi.TextureBakeRequiresOperationalGpuBackend ........................................................   Passed    0.00 sec
          Start 1054: SandboxEditorUi.VertexChannelBindingCommandRebindsNormalsForMeshGraphAndPointCloud
1047/4150 Test #1054: SandboxEditorUi.VertexChannelBindingCommandRebindsNormalsForMeshGraphAndPointCloud ..............................   Passed    0.01 sec
          Start 1055: SandboxEditorUi.VertexChannelBindingCommandBindsColorAndDisablesCleanly
1048/4150 Test #1055: SandboxEditorUi.VertexChannelBindingCommandBindsColorAndDisablesCleanly .........................................   Passed    0.00 sec
          Start 1056: SandboxEditorUi.VertexChannelBindingHistoryRestoresExactlyAndRejectsInterveningState
1049/4150 Test #1056: SandboxEditorUi.VertexChannelBindingHistoryRestoresExactlyAndRejectsInterveningState ............................   Passed    0.00 sec
          Start 1057: SandboxEditorUi.VisualizationPropertyPresetCommandRoutesThroughConfig
1050/4150 Test #1057: SandboxEditorUi.VisualizationPropertyPresetCommandRoutesThroughConfig ...........................................   Passed    0.00 sec
          Start 1058: SandboxEditorUi.RenderHintCommandEditsDomainComponentsAndHistory
1051/4150 Test #1058: SandboxEditorUi.RenderHintCommandEditsDomainComponentsAndHistory ................................................   Passed    0.00 sec
          Start 1059: SandboxEditorUi.RenderHintCommandRepackagesGraphLaneResidency
1052/4150 Test #1059: SandboxEditorUi.RenderHintCommandRepackagesGraphLaneResidency ...................................................   Passed    0.04 sec
          Start 1060: SandboxEditorUi.SelectEntityCommandRoutesThroughSelectionController
1053/4150 Test #1060: SandboxEditorUi.SelectEntityCommandRoutesThroughSelectionController .............................................   Passed    0.00 sec
          Start 1061: SandboxEditorUi.TransformEditCommandMutatesLocalTransformAndMarksDirty
1054/4150 Test #1061: SandboxEditorUi.TransformEditCommandMutatesLocalTransformAndMarksDirty ..........................................   Passed    0.00 sec
          Start 1062: SandboxEditorUi.TransformEditHistoryRejectsInterveningStateAndRestoresExactly
1055/4150 Test #1062: SandboxEditorUi.TransformEditHistoryRejectsInterveningStateAndRestoresExactly ...................................   Passed    0.00 sec
          Start 1063: SandboxEditorUi.CameraControllerCommandReplacesMainController
1056/4150 Test #1063: SandboxEditorUi.CameraControllerCommandReplacesMainController ...................................................   Passed    0.00 sec
          Start 1064: SandboxEditorUi.PrimitiveViewCommandTranslatesToRenderHintComponents
1057/4150 Test #1064: SandboxEditorUi.PrimitiveViewCommandTranslatesToRenderHintComponents ............................................   Passed    0.00 sec
          Start 1065: SandboxEditorUi.PrimitiveViewHistoryRejectsInterveningRenderHints
1058/4150 Test #1065: SandboxEditorUi.PrimitiveViewHistoryRejectsInterveningRenderHints ...............................................   Passed    0.00 sec
          Start 1066: SandboxEditorUi.VisualizationConfigCommandRoutesThroughSelectedEntity
1059/4150 Test #1066: SandboxEditorUi.VisualizationConfigCommandRoutesThroughSelectedEntity ...........................................   Passed    0.00 sec
          Start 1067: SandboxEditorUi.VisualizationConfigCommandTargetsPointLaneOverride
1060/4150 Test #1067: SandboxEditorUi.VisualizationConfigCommandTargetsPointLaneOverride ..............................................   Passed    0.00 sec
          Start 1068: SandboxEditorUi.VisualizationConfigHistoryRejectsInterveningStateAndRestoresExactly
1061/4150 Test #1068: SandboxEditorUi.VisualizationConfigHistoryRejectsInterveningStateAndRestoresExactly .............................   Passed    0.00 sec
          Start 1069: SandboxEditorUi.VisualizationRecipeCommandRoutesThroughRuntimeSurface
1062/4150 Test #1069: SandboxEditorUi.VisualizationRecipeCommandRoutesThroughRuntimeSurface ...........................................   Passed    0.00 sec
          Start 1070: SandboxEditorUi.GeometryPresentationSlotCommandsUseCommandHistory
1063/4150 Test #1070: SandboxEditorUi.GeometryPresentationSlotCommandsUseCommandHistory ...............................................   Passed    0.00 sec
          Start 1071: SandboxEditorUi.GeometryPresentationHistoryRejectsInterveningGenerationWithoutMutation
1064/4150 Test #1071: SandboxEditorUi.GeometryPresentationHistoryRejectsInterveningGenerationWithoutMutation ..........................   Passed    0.00 sec
          Start 1072: SandboxEditorProgressivePoisson.CopiedReadinessExplainsInvalidVertexPositions
1065/4150 Test #1072: SandboxEditorProgressivePoisson.CopiedReadinessExplainsInvalidVertexPositions ...................................   Passed    0.00 sec
          Start 1073: SandboxEditorSession.UnattachedPrepareFrameFailsClosed
1066/4150 Test #1073: SandboxEditorSession.UnattachedPrepareFrameFailsClosed ..........................................................   Passed    0.00 sec
          Start 1074: SandboxEditorSession.AttachPrepareDetachBoundsPreparedFrameLifetime
1067/4150 Test #1074: SandboxEditorSession.AttachPrepareDetachBoundsPreparedFrameLifetime .............................................   Passed    0.04 sec
          Start 1075: SandboxEditorSession.StaleCopiedCommandSurfacesFailAfterDetachAndReattach
1068/4150 Test #1075: SandboxEditorSession.StaleCopiedCommandSurfacesFailAfterDetachAndReattach .......................................   Passed    0.04 sec
          Start 1076: SandboxEditorSession.ReattachObservesEqualSequenceFromDifferentEngine
1069/4150 Test #1076: SandboxEditorSession.ReattachObservesEqualSequenceFromDifferentEngine ...........................................   Passed    0.07 sec
          Start 1077: RuntimeTextureBakeModule.RepresentationDefaultsPreserveRawScalarData
1070/4150 Test #1077: RuntimeTextureBakeModule.RepresentationDefaultsPreserveRawScalarData ............................................   Passed    0.00 sec
          Start 1078: RuntimeTextureBakeModule.NormalAndLabelDefaultsChooseEncodedStorage
1071/4150 Test #1078: RuntimeTextureBakeModule.NormalAndLabelDefaultsChooseEncodedStorage .............................................   Passed    0.00 sec
          Start 1079: RuntimeTextureBakeModule.RepresentationMatrixRejectsEncodersThatDoNotMatchStorageAndValueType
1072/4150 Test #1079: RuntimeTextureBakeModule.RepresentationMatrixRejectsEncodersThatDoNotMatchStorageAndValueType ...................   Passed    0.00 sec
          Start 1080: RuntimeTextureBakeModule.ServiceFailsClosedWithoutGpuComposition
1073/4150 Test #1080: RuntimeTextureBakeModule.ServiceFailsClosedWithoutGpuComposition ................................................   Passed    0.00 sec
          Start 1081: SelectionController.ClickHitSelectsEntityAndPopulatesSnapshot
1074/4150 Test #1081: SelectionController.ClickHitSelectsEntityAndPopulatesSnapshot ...................................................   Passed    0.00 sec
          Start 1082: SelectionController.ReplaceClickSwitchesSelection
1075/4150 Test #1082: SelectionController.ReplaceClickSwitchesSelection ...............................................................   Passed    0.00 sec
          Start 1083: SelectionController.AddModeAccumulatesInInsertionOrder
1076/4150 Test #1083: SelectionController.AddModeAccumulatesInInsertionOrder ..........................................................   Passed    0.00 sec
          Start 1084: SelectionController.ToggleModeRemovesSelectedEntity
1077/4150 Test #1084: SelectionController.ToggleModeRemovesSelectedEntity .............................................................   Passed    0.00 sec
          Start 1085: SelectionController.ReplaceThenAddModesBuildMultiSelection
1078/4150 Test #1085: SelectionController.ReplaceThenAddModesBuildMultiSelection ......................................................   Passed    0.00 sec
          Start 1086: SelectionController.ToggleModeAddsAndRemovesFromMultiSelection
1079/4150 Test #1086: SelectionController.ToggleModeAddsAndRemovesFromMultiSelection ..................................................   Passed    0.00 sec
          Start 1087: SelectionController.HoverHitSetsHoverWithoutChangingSelection
1080/4150 Test #1087: SelectionController.HoverHitSetsHoverWithoutChangingSelection ...................................................   Passed    0.00 sec
          Start 1088: SelectionController.BackgroundHoverClearsHover
1081/4150 Test #1088: SelectionController.BackgroundHoverClearsHover ..................................................................   Passed    0.00 sec
          Start 1089: SelectionController.ClearSceneStateDropsSelectionHoverAndPickQueues
1082/4150 Test #1089: SelectionController.ClearSceneStateDropsSelectionHoverAndPickQueues .............................................   Passed    0.00 sec
          Start 1090: SelectionController.BackgroundClickClearsSelectionInReplaceMode
1083/4150 Test #1090: SelectionController.BackgroundClickClearsSelectionInReplaceMode .................................................   Passed    0.00 sec
          Start 1091: SelectionController.BackgroundClickKeepsSelectionInAddMode
1084/4150 Test #1091: SelectionController.BackgroundClickKeepsSelectionInAddMode ......................................................   Passed    0.00 sec
          Start 1092: SelectionController.StaleEntityHitIsRejected
1085/4150 Test #1092: SelectionController.StaleEntityHitIsRejected ....................................................................   Passed    0.00 sec
          Start 1093: SelectionController.NonSelectableHitIsRejected
1086/4150 Test #1093: SelectionController.NonSelectableHitIsRejected ..................................................................   Passed    0.00 sec
          Start 1094: SelectionController.CoalescesMultipleSameFrameEventsIntoOnePick
1087/4150 Test #1094: SelectionController.CoalescesMultipleSameFrameEventsIntoOnePick .................................................   Passed    0.00 sec
          Start 1095: SelectionController.ClickSupersedesPendingHover
1088/4150 Test #1095: SelectionController.ClickSupersedesPendingHover .................................................................   Passed    0.00 sec
          Start 1096: SelectionController.LatestHoverPositionWinsWhileNoClickPending
1089/4150 Test #1096: SelectionController.LatestHoverPositionWinsWhileNoClickPending ..................................................   Passed    0.00 sec
          Start 1097: SelectionController.DrainedHoverKindAppliesHoverNotSelection
1090/4150 Test #1097: SelectionController.DrainedHoverKindAppliesHoverNotSelection ....................................................   Passed    0.00 sec
          Start 1098: SelectionController.ProgrammaticSelectAndClear
1091/4150 Test #1098: SelectionController.ProgrammaticSelectAndClear ..................................................................   Passed    0.00 sec
          Start 1099: SelectionController.SelectionGenerationTracksSelectedSetChanges
1092/4150 Test #1099: SelectionController.SelectionGenerationTracksSelectedSetChanges .................................................   Passed    0.00 sec
          Start 1100: SelectionController.ProgrammaticSelectRejectsInvalidEntity
1093/4150 Test #1100: SelectionController.ProgrammaticSelectRejectsInvalidEntity ......................................................   Passed    0.00 sec
          Start 1101: SelectionController.DrainedPickCarriesMonotonicSequence
1094/4150 Test #1101: SelectionController.DrainedPickCarriesMonotonicSequence .........................................................   Passed    0.00 sec
          Start 1102: SelectionController.MultipleInFlightPicksReplayOwnKindBySequence
1095/4150 Test #1102: SelectionController.MultipleInFlightPicksReplayOwnKindBySequence ................................................   Passed    0.00 sec
          Start 1103: SelectionController.InFlightPicksResolveCorrectlyOutOfOrder
1096/4150 Test #1103: SelectionController.InFlightPicksResolveCorrectlyOutOfOrder .....................................................   Passed    0.00 sec
          Start 1104: SelectionController.ConvenienceOverloadConsumesOldestInFlight
1097/4150 Test #1104: SelectionController.ConvenienceOverloadConsumesOldestInFlight ...................................................   Passed    0.00 sec
          Start 1105: SelectionController.InFlightCapacityEvictsOldestUnresolved
1098/4150 Test #1105: SelectionController.InFlightCapacityEvictsOldestUnresolved ......................................................   Passed    0.00 sec
          Start 1106: SelectionController.StandaloneUnsequencedReadbackAppliesAsClick
1099/4150 Test #1106: SelectionController.StandaloneUnsequencedReadbackAppliesAsClick .................................................   Passed    0.00 sec
          Start 1107: SelectionController.ReadbackCountersReconcile
1100/4150 Test #1107: SelectionController.ReadbackCountersReconcile ...................................................................   Passed    0.00 sec
          Start 1108: SelectionController.ClickHitSelectsFirstRegistryEntityWithRawIdZero
1101/4150 Test #1108: SelectionController.ClickHitSelectsFirstRegistryEntityWithRawIdZero .............................................   Passed    0.00 sec
          Start 1109: SelectionSnapshotExtraction.SelectedEntityMirrorsIntoRenderWorldSelection
1102/4150 Test #1109: SelectionSnapshotExtraction.SelectedEntityMirrorsIntoRenderWorldSelection .......................................   Passed    0.07 sec
          Start 1110: SelectionSnapshotExtraction.HoveredEntityMirrorsIntoRenderWorldSelection
1103/4150 Test #1110: SelectionSnapshotExtraction.HoveredEntityMirrorsIntoRenderWorldSelection ........................................   Passed    0.06 sec
          Start 1111: SelectionSnapshotExtraction.AdditiveSelectionMirrorsAllSelectedIds
1104/4150 Test #1111: SelectionSnapshotExtraction.AdditiveSelectionMirrorsAllSelectedIds ..............................................   Passed    0.05 sec
          Start 1112: SelectionSnapshotExtraction.OmittedInteractionSnapshotLeavesSelectionEmpty
1105/4150 Test #1112: SelectionSnapshotExtraction.OmittedInteractionSnapshotLeavesSelectionEmpty ......................................   Passed    0.07 sec
          Start 1113: SelectionSnapshotExtraction.ClearedSelectionMirrorsEmptyOnNextExtraction
1106/4150 Test #1113: SelectionSnapshotExtraction.ClearedSelectionMirrorsEmptyOnNextExtraction ........................................   Passed    0.05 sec
          Start 1114: SelectionSnapshotExtraction.SubmissionCopiesCallerOwnedVectorsBeforeExtraction
1107/4150 Test #1114: SelectionSnapshotExtraction.SubmissionCopiesCallerOwnedVectorsBeforeExtraction ..................................   Passed    0.06 sec
          Start 1115: SelectionSnapshotExtraction.MismatchedWorldSnapshotFailsClosed
1108/4150 Test #1115: SelectionSnapshotExtraction.MismatchedWorldSnapshotFailsClosed ..................................................   Passed    0.06 sec
          Start 1116: SelectionSnapshotExtraction.EmptyWorldSnapshotClearsPriorSelectionHoverAndGizmoPackets
1109/4150 Test #1116: SelectionSnapshotExtraction.EmptyWorldSnapshotClearsPriorSelectionHoverAndGizmoPackets ..........................   Passed    0.05 sec
          Start 1117: SelectionStableLookupComposition.HitResolvesThroughAttachedLookupAndSelects
1110/4150 Test #1117: SelectionStableLookupComposition.HitResolvesThroughAttachedLookupAndSelects .....................................   Passed    0.00 sec
          Start 1118: SelectionStableLookupComposition.RecycledSlotRenderIdRejectedAsStaleNotMisapplied
1111/4150 Test #1118: SelectionStableLookupComposition.RecycledSlotRenderIdRejectedAsStaleNotMisapplied ...............................   Passed    0.00 sec
          Start 1119: SelectionStableLookupComposition.SetSelectedByStableEntityIdRoutesThroughLookup
1112/4150 Test #1119: SelectionStableLookupComposition.SetSelectedByStableEntityIdRoutesThroughLookup .................................   Passed    0.00 sec
          Start 1120: SelectionStableLookupComposition.NoAttachedLookupFallsBackToBareDecode
1113/4150 Test #1120: SelectionStableLookupComposition.NoAttachedLookupFallsBackToBareDecode ..........................................   Passed    0.00 sec
          Start 1121: SelectionStableLookupComposition.IncrementalDurableMapTracksRecycledStableIdOwner
1114/4150 Test #1121: SelectionStableLookupComposition.IncrementalDurableMapTracksRecycledStableIdOwner ...............................   Passed    0.00 sec
          Start 1122: SelectionStableLookupComposition.EngineTracksStableIdEventsWithoutRunFrameRebuild
1115/4150 Test #1122: SelectionStableLookupComposition.EngineTracksStableIdEventsWithoutRunFrameRebuild ...............................   Passed    0.04 sec
          Start 1123: SelectionStableLookupComposition.SceneLoadRebuildsStableLookupAtReplacementBoundary
1116/4150 Test #1123: SelectionStableLookupComposition.SceneLoadRebuildsStableLookupAtReplacementBoundary .............................   Passed    0.04 sec
          Start 1124: StableEntityLookup.ResolvesEntityWithValidStableId
1117/4150 Test #1124: StableEntityLookup.ResolvesEntityWithValidStableId ..............................................................   Passed    0.00 sec
          Start 1125: StableEntityLookup.MissingAndSentinelLookupsAreCountedAndReturnNullopt
1118/4150 Test #1125: StableEntityLookup.MissingAndSentinelLookupsAreCountedAndReturnNullopt ..........................................   Passed    0.00 sec
          Start 1126: StableEntityLookup.SentinelStableIdIsNotTracked
1119/4150 Test #1126: StableEntityLookup.SentinelStableIdIsNotTracked .................................................................   Passed    0.00 sec
          Start 1127: StableEntityLookup.TrackFoldsSingleEntityAndForgetDropsIt
1120/4150 Test #1127: StableEntityLookup.TrackFoldsSingleEntityAndForgetDropsIt .......................................................   Passed    0.00 sec
          Start 1128: StableEntityLookup.TrackAfterStableIdReassignmentDropsOldWinnerEntry
1121/4150 Test #1128: StableEntityLookup.TrackAfterStableIdReassignmentDropsOldWinnerEntry ............................................   Passed    0.00 sec
          Start 1129: StableEntityLookup.ForgetAfterReassignmentLeavesNoStaleEntry
1122/4150 Test #1129: StableEntityLookup.ForgetAfterReassignmentLeavesNoStaleEntry ....................................................   Passed    0.00 sec
          Start 1130: StableEntityLookup.TrackIgnoresEntityWithoutValidStableId
1123/4150 Test #1130: StableEntityLookup.TrackIgnoresEntityWithoutValidStableId .......................................................   Passed    0.00 sec
          Start 1131: StableEntityLookup.DuplicateStableIdKeepsSmallestRenderIdWinnerDeterministically
1124/4150 Test #1131: StableEntityLookup.DuplicateStableIdKeepsSmallestRenderIdWinnerDeterministically ................................   Passed    0.00 sec
          Start 1132: StableEntityLookup.IncrementalTrackOrderDoesNotChangeDuplicateWinner
1125/4150 Test #1132: StableEntityLookup.IncrementalTrackOrderDoesNotChangeDuplicateWinner ............................................   Passed    0.00 sec
          Start 1133: StableEntityLookup.StaleEntityResolutionInvalidatesDeterministically
1126/4150 Test #1133: StableEntityLookup.StaleEntityResolutionInvalidatesDeterministically ............................................   Passed    0.00 sec
          Start 1134: StableEntityLookup.PruneStaleDropsDestroyedWinnersInBulk
1127/4150 Test #1134: StableEntityLookup.PruneStaleDropsDestroyedWinnersInBulk ........................................................   Passed    0.00 sec
          Start 1135: StableEntityLookup.ResolvesByEnttBackedRenderId
1128/4150 Test #1135: StableEntityLookup.ResolvesByEnttBackedRenderId .................................................................   Passed    0.00 sec
          Start 1136: StableEntityLookup.RenderIdOfDestroyedEntityIsRejectedAsStale
1129/4150 Test #1136: StableEntityLookup.RenderIdOfDestroyedEntityIsRejectedAsStale ...................................................   Passed    0.00 sec
          Start 1137: StableEntityLookup.ResolveSelectedReturnsLiveSubsetInInputOrder
1130/4150 Test #1137: StableEntityLookup.ResolveSelectedReturnsLiveSubsetInInputOrder .................................................   Passed    0.00 sec
          Start 1138: StableEntityLookup.RebuildReplacesPriorStateAndClearEmptiesMap
1131/4150 Test #1138: StableEntityLookup.RebuildReplacesPriorStateAndClearEmptiesMap ..................................................   Passed    0.00 sec
          Start 1139: StableEntityLookup.RenderIdOfFirstRegistryEntityIsNotBackgroundSentinel
1132/4150 Test #1139: StableEntityLookup.RenderIdOfFirstRegistryEntityIsNotBackgroundSentinel .........................................   Passed    0.00 sec
          Start 1140: StableEntityLookup.BackgroundRenderIdDecodesToInvalidHandle
1133/4150 Test #1140: StableEntityLookup.BackgroundRenderIdDecodesToInvalidHandle .....................................................   Passed    0.00 sec
          Start 1141: StableEntityLookup.RenderIdRoundTripsAcrossRecycledVersions
1134/4150 Test #1141: StableEntityLookup.RenderIdRoundTripsAcrossRecycledVersions .....................................................   Passed    0.00 sec
          Start 1142: VertexAttributeBinding.MissingPropertyFallsBackWhenAllowed
1135/4150 Test #1142: VertexAttributeBinding.MissingPropertyFallsBackWhenAllowed ......................................................   Passed    0.00 sec
          Start 1143: VertexAttributeBinding.MissingPropertyNotPopulatedWhenFallbackDisabled
1136/4150 Test #1143: VertexAttributeBinding.MissingPropertyNotPopulatedWhenFallbackDisabled ..........................................   Passed    0.00 sec
          Start 1144: VertexAttributeBinding.TypeMismatchIsDistinctFromMissing
1137/4150 Test #1144: VertexAttributeBinding.TypeMismatchIsDistinctFromMissing ........................................................   Passed    0.00 sec
          Start 1145: VertexAttributeBinding.CountMismatchFallsBack
1138/4150 Test #1145: VertexAttributeBinding.CountMismatchFallsBack ...................................................................   Passed    0.00 sec
          Start 1146: VertexAttributeBinding.EmptyBindingFallsBack
1139/4150 Test #1146: VertexAttributeBinding.EmptyBindingFallsBack ....................................................................   Passed    0.00 sec
          Start 1147: VertexAttributeBinding.Vec3RenormalizesAndRepairsDegenerateAndNonFinite
1140/4150 Test #1147: VertexAttributeBinding.Vec3RenormalizesAndRepairsDegenerateAndNonFinite .........................................   Passed    0.00 sec
          Start 1148: VertexAttributeBinding.Vec2TexcoordRepairsNonFinitePerElement
1141/4150 Test #1148: VertexAttributeBinding.Vec2TexcoordRepairsNonFinitePerElement ...................................................   Passed    0.00 sec
          Start 1149: VertexAttributeBinding.ColorVec4PacksUnorm8RoundTrip
1142/4150 Test #1149: VertexAttributeBinding.ColorVec4PacksUnorm8RoundTrip ............................................................   Passed    0.00 sec
          Start 1150: VertexAttributeBinding.ColorVec3PacksOpaqueAlpha
1143/4150 Test #1150: VertexAttributeBinding.ColorVec3PacksOpaqueAlpha ................................................................   Passed    0.00 sec
          Start 1151: VertexChannelStreams.TightLayoutAssignsOffsetsAndStride
1144/4150 Test #1151: VertexChannelStreams.TightLayoutAssignsOffsetsAndStride .........................................................   Passed    0.00 sec
          Start 1152: VertexChannelStreams.InterleaveReproducesMeshVertexBytes
1145/4150 Test #1152: VertexChannelStreams.InterleaveReproducesMeshVertexBytes ........................................................   Passed    0.00 sec
          Start 1153: VertexChannelStreams.MissingChannelIsZeroFilled
1146/4150 Test #1153: VertexChannelStreams.MissingChannelIsZeroFilled .................................................................   Passed    0.00 sec
          Start 1154: VertexChannelStreams.CountMismatchLeavesChannelAbsent
1147/4150 Test #1154: VertexChannelStreams.CountMismatchLeavesChannelAbsent ...........................................................   Passed    0.00 sec
          Start 1155: VertexChannelStreams.PositionUvLayoutMatchesLineAndPointStride
1148/4150 Test #1155: VertexChannelStreams.PositionUvLayoutMatchesLineAndPointStride ..................................................   Passed    0.00 sec
          Start 1156: RenderWorldPool.DefaultsToTripleBuffer
1149/4150 Test #1156: RenderWorldPool.DefaultsToTripleBuffer ..........................................................................   Passed    0.00 sec
          Start 1157: RenderWorldPool.BufferCountClampsToSupportedRange
1150/4150 Test #1157: RenderWorldPool.BufferCountClampsToSupportedRange ...............................................................   Passed    0.00 sec
          Start 1158: RenderWorldPool.AcquireFrontBeforeAnyPublishReturnsInvalid
1151/4150 Test #1158: RenderWorldPool.AcquireFrontBeforeAnyPublishReturnsInvalid ......................................................   Passed    0.00 sec
          Start 1159: RenderWorldPool.DeterministicRotationSchedule
1152/4150 Test #1159: RenderWorldPool.DeterministicRotationSchedule ...................................................................   Passed    0.00 sec
          Start 1160: RenderWorldPool.HeldFrontIsNotRecycledUntilReleased
1153/4150 Test #1160: RenderWorldPool.HeldFrontIsNotRecycledUntilReleased .............................................................   Passed    0.00 sec
          Start 1161: RenderWorldPool.RefcountTracksConcurrentFrontHolders
1154/4150 Test #1161: RenderWorldPool.RefcountTracksConcurrentFrontHolders ............................................................   Passed    0.00 sec
          Start 1162: RenderWorldPool.ConsumerReusesFrontAndCountsStall
1155/4150 Test #1162: RenderWorldPool.ConsumerReusesFrontAndCountsStall ...............................................................   Passed    0.00 sec
          Start 1163: RenderWorldPool.ProducerReplacesUnpublishedBackAndCountsSkip
1156/4150 Test #1163: RenderWorldPool.ProducerReplacesUnpublishedBackAndCountsSkip ....................................................   Passed    0.00 sec
          Start 1164: RenderWorldPool.ExhaustedPoolDoesNotReuseReferencedSlot
1157/4150 Test #1164: RenderWorldPool.ExhaustedPoolDoesNotReuseReferencedSlot .........................................................   Passed    0.00 sec
          Start 1165: RenderWorldPool.SynchronousModeReusesSingleSlotWithoutCounters
1158/4150 Test #1165: RenderWorldPool.SynchronousModeReusesSingleSlotWithoutCounters ..................................................   Passed    0.00 sec
          Start 1166: RenderWorldPool.FrameAgeReflectsPublishToConsumeDelta
1159/4150 Test #1166: RenderWorldPool.FrameAgeReflectsPublishToConsumeDelta ...........................................................   Passed    0.00 sec
          Start 1167: RenderWorldPool.PreviousFrontAcquireConsumesRenderNMinusOneWithoutStall
1160/4150 Test #1167: RenderWorldPool.PreviousFrontAcquireConsumesRenderNMinusOneWithoutStall .........................................   Passed    0.00 sec
          Start 1168: RenderWorldPoolDiagnostics.MirrorIsZeroForUntouchedPool
1161/4150 Test #1168: RenderWorldPoolDiagnostics.MirrorIsZeroForUntouchedPool .........................................................   Passed    0.00 sec
          Start 1169: RenderWorldPoolDiagnostics.MirrorCopiesStallSkipAndFrameAge
1162/4150 Test #1169: RenderWorldPoolDiagnostics.MirrorCopiesStallSkipAndFrameAge .....................................................   Passed    0.00 sec
          Start 1170: RenderWorldPoolEngineWiring.ConfiguresPrivatePoolFromExtractionMode
1163/4150 Test #1170: RenderWorldPoolEngineWiring.ConfiguresPrivatePoolFromExtractionMode .............................................   Passed    0.00 sec
          Start 1171: RenderWorldPoolEngineWiring.FrameLoopOwnsPoolLifecycleWithoutPublicForwarders
1164/4150 Test #1171: RenderWorldPoolEngineWiring.FrameLoopOwnsPoolLifecycleWithoutPublicForwarders ...................................   Passed    0.00 sec
          Start 1172: VisualizationRecipes.EncodesScalarColorAndLabelProperties
1165/4150 Test #1172: VisualizationRecipes.EncodesScalarColorAndLabelProperties .......................................................   Passed    0.00 sec
          Start 1173: VisualizationRecipes.CpuBackedDirtyStampTracksCanonicalPropertyRevision
1166/4150 Test #1173: VisualizationRecipes.CpuBackedDirtyStampTracksCanonicalPropertyRevision .........................................   Passed    0.00 sec
          Start 1174: VisualizationRecipes.EncodesVectorAndIsolineProperties
1167/4150 Test #1174: VisualizationRecipes.EncodesVectorAndIsolineProperties ..........................................................   Passed    0.00 sec
          Start 1175: VisualizationRecipes.EncodesAtlasMetadataWithoutSchedulingWork
1168/4150 Test #1175: VisualizationRecipes.EncodesAtlasMetadataWithoutSchedulingWork ..................................................   Passed    0.00 sec
          Start 1176: VisualizationRecipes.ReportsDeterministicFailureStatusAndEmptyOutput
1169/4150 Test #1176: VisualizationRecipes.ReportsDeterministicFailureStatusAndEmptyOutput ............................................   Passed    0.00 sec
          Start 1177: VisualizationRecipes.HtexRecreateIsASeparateTypedJobOperation
1170/4150 Test #1177: VisualizationRecipes.HtexRecreateIsASeparateTypedJobOperation ...................................................   Passed    0.02 sec
          Start 1178: VisualizationRecipes.ScalarRangePoliciesRemainDeterministic
1171/4150 Test #1178: VisualizationRecipes.ScalarRangePoliciesRemainDeterministic .....................................................   Passed    0.00 sec
          Start 1179: VisualizationRecipes.EncodingBatchAppendOwnsPayloadSpansAndClearResetsAllLanes
1172/4150 Test #1179: VisualizationRecipes.EncodingBatchAppendOwnsPayloadSpansAndClearResetsAllLanes ..................................   Passed    0.00 sec
          Start 1180: VisualizationRecipes.RecipeIdentityIsClosedAndComparable
1173/4150 Test #1180: VisualizationRecipes.RecipeIdentityIsClosedAndComparable ........................................................   Passed    0.00 sec
          Start 1181: AllDirtyDomains/MeshGeometryExtractionDirtyTag.DirtyTagTriggersReupload/"GpuDirty"
1174/4150 Test #1181: AllDirtyDomains/MeshGeometryExtractionDirtyTag.DirtyTagTriggersReupload/"GpuDirty" ..............................   Passed    0.06 sec
          Start 1182: AllDirtyDomains/MeshGeometryExtractionDirtyTag.DirtyTagTriggersReupload/"DirtyVertexPositions"
1175/4150 Test #1182: AllDirtyDomains/MeshGeometryExtractionDirtyTag.DirtyTagTriggersReupload/"DirtyVertexPositions" ..................   Passed    0.06 sec
          Start 1183: AllDirtyDomains/MeshGeometryExtractionDirtyTag.DirtyTagTriggersReupload/"DirtyVertexAttributes"
1176/4150 Test #1183: AllDirtyDomains/MeshGeometryExtractionDirtyTag.DirtyTagTriggersReupload/"DirtyVertexAttributes" .................   Passed    0.05 sec
          Start 1184: AllDirtyDomains/MeshGeometryExtractionDirtyTag.DirtyTagTriggersReupload/"DirtyVertexTexcoords"
1177/4150 Test #1184: AllDirtyDomains/MeshGeometryExtractionDirtyTag.DirtyTagTriggersReupload/"DirtyVertexTexcoords" ..................   Passed    0.06 sec
          Start 1185: AllDirtyDomains/MeshGeometryExtractionDirtyTag.DirtyTagTriggersReupload/"DirtyVertexNormals"
1178/4150 Test #1185: AllDirtyDomains/MeshGeometryExtractionDirtyTag.DirtyTagTriggersReupload/"DirtyVertexNormals" ....................   Passed    0.06 sec
          Start 1186: AllDirtyDomains/MeshGeometryExtractionDirtyTag.DirtyTagTriggersReupload/"DirtyVertexColors"
1179/4150 Test #1186: AllDirtyDomains/MeshGeometryExtractionDirtyTag.DirtyTagTriggersReupload/"DirtyVertexColors" .....................   Passed    0.06 sec
          Start 1187: AllDirtyDomains/MeshGeometryExtractionDirtyTag.DirtyTagTriggersReupload/"DirtyFaceTopology"
1180/4150 Test #1187: AllDirtyDomains/MeshGeometryExtractionDirtyTag.DirtyTagTriggersReupload/"DirtyFaceTopology" .....................   Passed    0.06 sec
          Start 1188: AllDirtyDomains/MeshGeometryExtractionDirtyTag.DirtyTagTriggersReupload/"DirtyEdgeTopology"
1181/4150 Test #1188: AllDirtyDomains/MeshGeometryExtractionDirtyTag.DirtyTagTriggersReupload/"DirtyEdgeTopology" .....................   Passed    0.05 sec
          Start 1189: AllDirtyDomains/GraphGeometryExtractionDirtyTag.DirtyTagTriggersReupload/"GpuDirty"
1182/4150 Test #1189: AllDirtyDomains/GraphGeometryExtractionDirtyTag.DirtyTagTriggersReupload/"GpuDirty" .............................   Passed    0.07 sec
          Start 1190: AllDirtyDomains/GraphGeometryExtractionDirtyTag.DirtyTagTriggersReupload/"DirtyVertexPositions"
1183/4150 Test #1190: AllDirtyDomains/GraphGeometryExtractionDirtyTag.DirtyTagTriggersReupload/"DirtyVertexPositions" .................   Passed    0.06 sec
          Start 1191: AllDirtyDomains/GraphGeometryExtractionDirtyTag.DirtyTagTriggersReupload/"DirtyVertexAttributes"
1184/4150 Test #1191: AllDirtyDomains/GraphGeometryExtractionDirtyTag.DirtyTagTriggersReupload/"DirtyVertexAttributes" ................   Passed    0.05 sec
          Start 1192: AllDirtyDomains/GraphGeometryExtractionDirtyTag.DirtyTagTriggersReupload/"DirtyVertexTexcoords"
1185/4150 Test #1192: AllDirtyDomains/GraphGeometryExtractionDirtyTag.DirtyTagTriggersReupload/"DirtyVertexTexcoords" .................   Passed    0.06 sec
          Start 1193: AllDirtyDomains/GraphGeometryExtractionDirtyTag.DirtyTagTriggersReupload/"DirtyVertexNormals"
1186/4150 Test #1193: AllDirtyDomains/GraphGeometryExtractionDirtyTag.DirtyTagTriggersReupload/"DirtyVertexNormals" ...................   Passed    0.06 sec
          Start 1194: AllDirtyDomains/GraphGeometryExtractionDirtyTag.DirtyTagTriggersReupload/"DirtyVertexColors"
1187/4150 Test #1194: AllDirtyDomains/GraphGeometryExtractionDirtyTag.DirtyTagTriggersReupload/"DirtyVertexColors" ....................   Passed    0.06 sec
          Start 1195: AllDirtyDomains/GraphGeometryExtractionDirtyTag.DirtyTagTriggersReupload/"DirtyEdgeTopology"
1188/4150 Test #1195: AllDirtyDomains/GraphGeometryExtractionDirtyTag.DirtyTagTriggersReupload/"DirtyEdgeTopology" ....................   Passed    0.06 sec
          Start 1196: AllDirtyDomains/PointCloudGeometryExtractionDirtyTag.DirtyTagTriggersReupload/"GpuDirty"
1189/4150 Test #1196: AllDirtyDomains/PointCloudGeometryExtractionDirtyTag.DirtyTagTriggersReupload/"GpuDirty" ........................   Passed    0.06 sec
          Start 1197: AllDirtyDomains/PointCloudGeometryExtractionDirtyTag.DirtyTagTriggersReupload/"DirtyVertexPositions"
1190/4150 Test #1197: AllDirtyDomains/PointCloudGeometryExtractionDirtyTag.DirtyTagTriggersReupload/"DirtyVertexPositions" ............   Passed    0.06 sec
          Start 1198: AllDirtyDomains/PointCloudGeometryExtractionDirtyTag.DirtyTagTriggersReupload/"DirtyVertexAttributes"
1191/4150 Test #1198: AllDirtyDomains/PointCloudGeometryExtractionDirtyTag.DirtyTagTriggersReupload/"DirtyVertexAttributes" ...........   Passed    0.05 sec
          Start 1199: AllDirtyDomains/PointCloudGeometryExtractionDirtyTag.DirtyTagTriggersReupload/"DirtyVertexTexcoords"
1192/4150 Test #1199: AllDirtyDomains/PointCloudGeometryExtractionDirtyTag.DirtyTagTriggersReupload/"DirtyVertexTexcoords" ............   Passed    0.07 sec
          Start 1200: AllDirtyDomains/PointCloudGeometryExtractionDirtyTag.DirtyTagTriggersReupload/"DirtyVertexNormals"
1193/4150 Test #1200: AllDirtyDomains/PointCloudGeometryExtractionDirtyTag.DirtyTagTriggersReupload/"DirtyVertexNormals" ..............   Passed    0.06 sec
          Start 1201: AllDirtyDomains/PointCloudGeometryExtractionDirtyTag.DirtyTagTriggersReupload/"DirtyVertexColors"
1194/4150 Test #1201: AllDirtyDomains/PointCloudGeometryExtractionDirtyTag.DirtyTagTriggersReupload/"DirtyVertexColors" ...............   Passed    0.06 sec
          Start 1203: SandboxDomainPanels.RegistersTheTenAppOwnedWindowsWithStableMenuMetadata
1195/4150 Test #1203: SandboxDomainPanels.RegistersTheTenAppOwnedWindowsWithStableMenuMetadata ........................................   Passed    0.04 sec
          Start 1204: SandboxDomainPanels.RegistrationIsIdempotentAndLifetimeUnregistersEveryWindow
1196/4150 Test #1204: SandboxDomainPanels.RegistrationIsIdempotentAndLifetimeUnregistersEveryWindow ...................................   Passed    0.07 sec
          Start 1205: SandboxDomainPanels.ClosedRegisteredWindowsBuildNoDomainModels
1197/4150 Test #1205: SandboxDomainPanels.ClosedRegisteredWindowsBuildNoDomainModels ..................................................   Passed    0.04 sec
          Start 1206: SandboxDomainPanels.OpenSameDomainWindowsShareOneModelBuildPerFrame
1198/4150 Test #1206: SandboxDomainPanels.OpenSameDomainWindowsShareOneModelBuildPerFrame .............................................   Passed    0.04 sec
          Start 1207: SandboxConfigSections.BootAndLiveApplyUseTheAppOwnedRegistryThroughNullRun
1199/4150 Test #1207: SandboxConfigSections.BootAndLiveApplyUseTheAppOwnedRegistryThroughNullRun ......................................   Passed    0.04 sec
          Start 1208: SandboxConfigSections.PhysicsSourcesProduceIdenticalValidatedState
1200/4150 Test #1208: SandboxConfigSections.PhysicsSourcesProduceIdenticalValidatedState ..............................................   Passed    0.11 sec
          Start 1209: SandboxConfigSections.PointCloudConsolidationSourcesProduceIdenticalValidatedState
1201/4150 Test #1209: SandboxConfigSections.PointCloudConsolidationSourcesProduceIdenticalValidatedState ..............................   Passed    0.11 sec
          Start 1210: SandboxAppComposition.MissingAssetWorkflowStillComposesIndependentFocusAction
1202/4150 Test #1210: SandboxAppComposition.MissingAssetWorkflowStillComposesIndependentFocusAction ...................................   Passed    0.04 sec
          Start 1211: SandboxAppComposition.PipelineSelectionDoesNotRequireCamera
1203/4150 Test #1211: SandboxAppComposition.PipelineSelectionDoesNotRequireCamera .....................................................   Passed    0.04 sec
          Start 1212: SandboxAppComposition.MaterializationAndAutofocusDoNotRequireSelection
1204/4150 Test #1212: SandboxAppComposition.MaterializationAndAutofocusDoNotRequireSelection ..........................................   Passed    0.04 sec
          Start 1213: SandboxAppComposition.ReinitializeAndRepeatedShutdownDoNotDuplicateState
1205/4150 Test #1213: SandboxAppComposition.ReinitializeAndRepeatedShutdownDoNotDuplicateState ........................................   Passed    0.07 sec
          Start 1214: SandboxAppComposition.BlockedImportShutdownCancelsBeforeRealSandboxUnregister
1206/4150 Test #1214: SandboxAppComposition.BlockedImportShutdownCancelsBeforeRealSandboxUnregister ...................................   Passed    0.04 sec
          Start 1215: SandboxAppComposition.DefaultFocusLifecycleIsPrivateAndTransactional
1207/4150 Test #1215: SandboxAppComposition.DefaultFocusLifecycleIsPrivateAndTransactional ............................................   Passed    0.00 sec
          Start 1216: SandboxEditorPresentation.DefaultDrawStartsWithOnlyMenuBarVisible
1208/4150 Test #1216: SandboxEditorPresentation.DefaultDrawStartsWithOnlyMenuBarVisible ...............................................   Passed    0.04 sec
          Start 1217: SandboxEditorPresentation.DomainMenusUseAppearanceAndFocusedProcessingWindows
1209/4150 Test #1217: SandboxEditorPresentation.DomainMenusUseAppearanceAndFocusedProcessingWindows ...................................   Passed    0.04 sec
          Start 1218: SandboxEditorPresentation.DomainPanelsPreserveLifetimeCacheAndResultPublication
1210/4150 Test #1218: SandboxEditorPresentation.DomainPanelsPreserveLifetimeCacheAndResultPublication .................................   Passed    0.00 sec
          Start 1219: SandboxEditorPresentation.MeshProcessingPanelsPreserveLifetimeAndResultPublication
1211/4150 Test #1219: SandboxEditorPresentation.MeshProcessingPanelsPreserveLifetimeAndResultPublication ..............................   Passed    0.00 sec
          Start 1220: SandboxEditorPresentation.ExtrinsicSandboxAppStaysRuntimeOnly
1212/4150 Test #1220: SandboxEditorPresentation.ExtrinsicSandboxAppStaysRuntimeOnly ...................................................   Passed    0.02 sec
          Start 1221: SandboxEditorPresentation.RuntimeFeatureModulesCompileSeparatelyFromEditorShell
1213/4150 Test #1221: SandboxEditorPresentation.RuntimeFeatureModulesCompileSeparatelyFromEditorShell .................................   Passed    0.14 sec
          Start 1222: SandboxEditorPresentation.GeometryProcessingMenusExposeDomainElementSubmenus
1214/4150 Test #1222: SandboxEditorPresentation.GeometryProcessingMenusExposeDomainElementSubmenus ....................................   Passed    0.00 sec
          Start 1223: SandboxEditorPresentation.AdapterCallbackDrawsDeterministicMenuOnlyFrame
1215/4150 Test #1223: SandboxEditorPresentation.AdapterCallbackDrawsDeterministicMenuOnlyFrame ........................................   Passed    0.04 sec
          Start 1224: SandboxEditorPresentation.FileImportDisabledReasonRendersThroughRealHoveredControl
1216/4150 Test #1224: SandboxEditorPresentation.FileImportDisabledReasonRendersThroughRealHoveredControl ..............................   Passed    0.23 sec
          Start 1225: SandboxEditorPresentation.DisabledReasonTooltipConventionIsSharedByImportAndQueueControls
1217/4150 Test #1225: SandboxEditorPresentation.DisabledReasonTooltipConventionIsSharedByImportAndQueueControls .......................   Passed    0.01 sec
          Start 1226: SandboxEditorPresentation.RuntimeImportEventIsReflectedByAppFilePanel
1218/4150 Test #1226: SandboxEditorPresentation.RuntimeImportEventIsReflectedByAppFilePanel ...........................................   Passed    0.04 sec
          Start 1227: SandboxEditorPresentation.EngineAttachmentRegistersEditorCallback
1219/4150 Test #1227: SandboxEditorPresentation.EngineAttachmentRegistersEditorCallback ...............................................   Passed    0.04 sec
          Start 1228: SandboxEditorPresentation.ControllerReattachPinsPanelAttachmentResetPolicy
1220/4150 Test #1228: SandboxEditorPresentation.ControllerReattachPinsPanelAttachmentResetPolicy ......................................   Passed    0.09 sec
          Start 1229: SandboxEditorPresentation.EditorShellStartsWithOnlyBuiltinWindows
1221/4150 Test #1229: SandboxEditorPresentation.EditorShellStartsWithOnlyBuiltinWindows ...............................................   Passed    0.04 sec
          Start 1230: SandboxEditorPresentation.GpuProfilingControlsReuseTheExistingFrameGraphWindow
1222/4150 Test #1230: SandboxEditorPresentation.GpuProfilingControlsReuseTheExistingFrameGraphWindow ..................................   Passed    0.01 sec
          Start 1231: SandboxEditorPresentation.ExternalWindowContributionNeedsNoLegacySwitchEntry
1223/4150 Test #1231: SandboxEditorPresentation.ExternalWindowContributionNeedsNoLegacySwitchEntry ....................................   Passed    0.04 sec
          Start 1232: SandboxEditorPresentation.ContextWindowContributionReceivesAppOwnedContext
1224/4150 Test #1232: SandboxEditorPresentation.ContextWindowContributionReceivesAppOwnedContext ......................................   Passed    0.04 sec
          Start 1233: SandboxEditorPresentation.GlobalVisibilityHotkeyUsesTheVisibilityCommandPath
1225/4150 Test #1233: SandboxEditorPresentation.GlobalVisibilityHotkeyUsesTheVisibilityCommandPath ....................................   Passed    0.04 sec
          Start 1234: SandboxEditorProgressivePoisson.RegistersAndDrawsAllVertexDomainWindows
1226/4150 Test #1234: SandboxEditorProgressivePoisson.RegistersAndDrawsAllVertexDomainWindows .........................................   Passed    0.04 sec
          Start 1235: SandboxEditorProgressivePoisson.ProgressivePoissonPanelUsesOneNonDestructiveConfigAndRunPath
1227/4150 Test #1235: SandboxEditorProgressivePoisson.ProgressivePoissonPanelUsesOneNonDestructiveConfigAndRunPath ....................   Passed    0.01 sec
          Start 1236: SandboxEditorUi.DroppedFilePathsRouteAmbiguousPlyThroughAssetWorkflow
1228/4150 Test #1236: SandboxEditorUi.DroppedFilePathsRouteAmbiguousPlyThroughAssetWorkflow ...........................................   Passed    0.05 sec
          Start 1237: SandboxParameterizationPanel.RegistrationIsStableAndIdempotent
1229/4150 Test #1237: SandboxParameterizationPanel.RegistrationIsStableAndIdempotent ..................................................   Passed    0.04 sec
          Start 1238: SandboxParameterizationPanel.StrategiesAndTypedRequestAreExact
1230/4150 Test #1238: SandboxParameterizationPanel.StrategiesAndTypedRequestAreExact ..................................................   Passed    0.00 sec
          Start 1239: SandboxParameterizationPanel.ProjectionFitsAndFailsClosed
1231/4150 Test #1239: SandboxParameterizationPanel.ProjectionFitsAndFailsClosed .......................................................   Passed    0.00 sec
          Start 1240: SandboxParameterizationPanel.ResultSummaryCarriesAggregateDiagnostics
1232/4150 Test #1240: SandboxParameterizationPanel.ResultSummaryCarriesAggregateDiagnostics ...........................................   Passed    0.00 sec
          Start 1241: SandboxParameterizationPanel.RealWindowAndTypedActionAreOperational
1233/4150 Test #1241: SandboxParameterizationPanel.RealWindowAndTypedActionAreOperational .............................................   Passed    0.07 sec
          Start 1242: SandboxPointCloudConsolidationPanel.ThreeDomainRegistrationsAreStableOpenAndShareOnePanelPath
1234/4150 Test #1242: SandboxPointCloudConsolidationPanel.ThreeDomainRegistrationsAreStableOpenAndShareOnePanelPath ...................   Passed    0.04 sec
          Start 1243: SandboxPointCloudConsolidationPanel.StrategiesAndTypedRequestAreExactAndFailClosed
1235/4150 Test #1243: SandboxPointCloudConsolidationPanel.StrategiesAndTypedRequestAreExactAndFailClosed ..............................   Passed    0.00 sec
          Start 1244: SandboxPointCloudConsolidationPanel.ResultSummaryProjectsIdentityConvergenceAndFailure
1236/4150 Test #1244: SandboxPointCloudConsolidationPanel.ResultSummaryProjectsIdentityConvergenceAndFailure ..........................   Passed    0.00 sec
          Start 1245: SandboxPointCloudConsolidationPanel.MeshVertexAndFaceSlotsUseTheSameEditorPreflight
1237/4150 Test #1245: SandboxPointCloudConsolidationPanel.MeshVertexAndFaceSlotsUseTheSameEditorPreflight .............................   Passed    0.04 sec
          Start 1246: SandboxPointCloudConsolidationPanel.GraphAndPointCloudPositionsUseTheSemanticEditorPreflight
1238/4150 Test #1246: SandboxPointCloudConsolidationPanel.GraphAndPointCloudPositionsUseTheSemanticEditorPreflight ....................   Passed    0.04 sec
          Start 1247: SandboxPointCloudConsolidationPanel.ValidatedActionQueuesAndPublishesThroughPreparedWorkspace
1239/4150 Test #1247: SandboxPointCloudConsolidationPanel.ValidatedActionQueuesAndPublishesThroughPreparedWorkspace ...................   Passed    0.04 sec
          Start 1250: RigidBodyReference.FreeFallUsesDeterministicSemiImplicitEuler
1240/4150 Test #1250: RigidBodyReference.FreeFallUsesDeterministicSemiImplicitEuler ...................................................   Passed    0.00 sec
          Start 1251: RigidBodyReference.ConstantAccelerationAccumulatesPositionAndVelocity
1241/4150 Test #1251: RigidBodyReference.ConstantAccelerationAccumulatesPositionAndVelocity ...........................................   Passed    0.00 sec
          Start 1252: RigidBodyReference.AngularIntegrationUsesUnitQuaternion
1242/4150 Test #1252: RigidBodyReference.AngularIntegrationUsesUnitQuaternion .........................................................   Passed    0.00 sec
          Start 1253: RigidBodyReference.ElasticSphereCollisionSwapsLinearVelocities
1243/4150 Test #1253: RigidBodyReference.ElasticSphereCollisionSwapsLinearVelocities ..................................................   Passed    0.00 sec
          Start 1254: RigidBodyReference.InelasticSphereCollisionSettlesAtSharedNormalVelocity
1244/4150 Test #1254: RigidBodyReference.InelasticSphereCollisionSettlesAtSharedNormalVelocity ........................................   Passed    0.00 sec
          Start 1255: RigidBodyReference.RestingContactPushesDynamicSphereOutOfStaticBox
1245/4150 Test #1255: RigidBodyReference.RestingContactPushesDynamicSphereOutOfStaticBox ..............................................   Passed    0.00 sec
          Start 1256: RigidBodyReference.RepeatabilityProducesIdenticalReferenceState
1246/4150 Test #1256: RigidBodyReference.RepeatabilityProducesIdenticalReferenceState .................................................   Passed    0.00 sec
          Start 1257: RigidBodyReference.DegenerateInputsReturnExplicitDiagnostics
1247/4150 Test #1257: RigidBodyReference.DegenerateInputsReturnExplicitDiagnostics ....................................................   Passed    0.00 sec
          Start 1258: RigidBodyReference.FiniteScaleExtremesRemainValid
1248/4150 Test #1258: RigidBodyReference.FiniteScaleExtremesRemainValid ...............................................................   Passed    0.00 sec
          Start 1259: RigidBodyReference.OverlappingStartRecordsPenetrationDiagnostics
1249/4150 Test #1259: RigidBodyReference.OverlappingStartRecordsPenetrationDiagnostics ................................................   Passed    0.00 sec
          Start 1260: RigidBodyReference.SphereCapsuleAndSphereBoxContactsAreFirstPhaseSupported
1250/4150 Test #1260: RigidBodyReference.SphereCapsuleAndSphereBoxContactsAreFirstPhaseSupported ......................................   Passed    0.00 sec
          Start 1261: RigidBodyReference.UnsupportedDynamicShapePairsAreReportedButDoNotFailValidation
1251/4150 Test #1261: RigidBodyReference.UnsupportedDynamicShapePairsAreReportedButDoNotFailValidation ................................   Passed    0.00 sec
          Start 1262: ParticleSpringReference.FreeFallUsesDeterministicSemiImplicitEuler
1252/4150 Test #1262: ParticleSpringReference.FreeFallUsesDeterministicSemiImplicitEuler ..............................................   Passed    0.00 sec
          Start 1263: ParticleSpringReference.RestLengthSpringProducesNoMotion
1253/4150 Test #1263: ParticleSpringReference.RestLengthSpringProducesNoMotion ........................................................   Passed    0.00 sec
          Start 1264: ParticleSpringReference.StretchedSpringPullsParticlesTogetherSymmetrically
1254/4150 Test #1264: ParticleSpringReference.StretchedSpringPullsParticlesTogetherSymmetrically ......................................   Passed    0.00 sec
          Start 1265: ParticleSpringReference.TwoParticleSpringConservesMomentumAndCenterOfMass
1255/4150 Test #1265: ParticleSpringReference.TwoParticleSpringConservesMomentumAndCenterOfMass .......................................   Passed    0.00 sec
          Start 1266: ParticleSpringReference.HarmonicOscillatorEnergyStaysBounded
1256/4150 Test #1266: ParticleSpringReference.HarmonicOscillatorEnergyStaysBounded ....................................................   Passed    0.00 sec
          Start 1267: ParticleSpringReference.DampedHangingSpringReachesAnalyticEquilibrium
1257/4150 Test #1267: ParticleSpringReference.DampedHangingSpringReachesAnalyticEquilibrium ...........................................   Passed    0.00 sec
          Start 1268: ParticleSpringReference.PinnedParticleNeverMovesAndDiscardsForces
1258/4150 Test #1268: ParticleSpringReference.PinnedParticleNeverMovesAndDiscardsForces ...............................................   Passed    0.00 sec
          Start 1269: ParticleSpringReference.RepeatedStepsAreDeterministic
1259/4150 Test #1269: ParticleSpringReference.RepeatedStepsAreDeterministic ...........................................................   Passed    0.00 sec
          Start 1270: ParticleSpringReference.CoincidentParticlesReportDegenerateSpring
1260/4150 Test #1270: ParticleSpringReference.CoincidentParticlesReportDegenerateSpring ...............................................   Passed    0.00 sec
          Start 1271: ParticleSpringReference.InvalidInputsFailClosedWithExplicitCodes
1261/4150 Test #1271: ParticleSpringReference.InvalidInputsFailClosedWithExplicitCodes ................................................   Passed    0.00 sec
          Start 1272: ParticleSpringReference.StabilityRatioReportedWithoutFailingFiniteSteps
1262/4150 Test #1272: ParticleSpringReference.StabilityRatioReportedWithoutFailingFiniteSteps .........................................   Passed    0.00 sec
          Start 1273: ParticleSpringReference.NonFiniteExplosionFailsClosedToInputState
1263/4150 Test #1273: ParticleSpringReference.NonFiniteExplosionFailsClosedToInputState ...............................................   Passed    0.00 sec
          Start 1274: ParticleSpringReference.DiagnosticsPopulatedOnNominalStep
1264/4150 Test #1274: ParticleSpringReference.DiagnosticsPopulatedOnNominalStep .......................................................   Passed    0.00 sec
          Start 1275: XpbdClothReference.BuildClothFromTrianglesCreatesUniqueEdgesAndBendPairs
1265/4150 Test #1275: XpbdClothReference.BuildClothFromTrianglesCreatesUniqueEdgesAndBendPairs ........................................   Passed    0.00 sec
          Start 1276: XpbdClothReference.ZeroComplianceConstraintProjectsRigidly
1266/4150 Test #1276: XpbdClothReference.ZeroComplianceConstraintProjectsRigidly ......................................................   Passed    0.00 sec
          Start 1277: XpbdClothReference.PinnedPatchUnderGravityHangsAndConverges
1267/4150 Test #1277: XpbdClothReference.PinnedPatchUnderGravityHangsAndConverges .....................................................   Passed    0.00 sec
          Start 1278: XpbdClothReference.BendConstraintResistsFolding
1268/4150 Test #1278: XpbdClothReference.BendConstraintResistsFolding .................................................................   Passed    0.00 sec
          Start 1279: XpbdClothReference.PinnedVerticesNeverMove
1269/4150 Test #1279: XpbdClothReference.PinnedVerticesNeverMove ......................................................................   Passed    0.00 sec
          Start 1280: XpbdClothReference.HalfSpaceColliderKeepsParticlesAbovePlane
1270/4150 Test #1280: XpbdClothReference.HalfSpaceColliderKeepsParticlesAbovePlane ....................................................   Passed    0.00 sec
          Start 1281: XpbdClothReference.HalfSpaceColliderWithNonUnitNormalProjectsToPlane
1271/4150 Test #1281: XpbdClothReference.HalfSpaceColliderWithNonUnitNormalProjectsToPlane ............................................   Passed    0.00 sec
          Start 1282: XpbdClothReference.SphereColliderReportedAsUnsupportedAndSkipped
1272/4150 Test #1282: XpbdClothReference.SphereColliderReportedAsUnsupportedAndSkipped ................................................   Passed    0.00 sec
          Start 1283: XpbdClothReference.DegenerateTriangleReportedNotFatal
1273/4150 Test #1283: XpbdClothReference.DegenerateTriangleReportedNotFatal ...........................................................   Passed    0.00 sec
          Start 1284: XpbdClothReference.CoincidentConstraintEndpointsSkippedAndCounted
1274/4150 Test #1284: XpbdClothReference.CoincidentConstraintEndpointsSkippedAndCounted ...............................................   Passed    0.00 sec
          Start 1285: XpbdClothReference.InvalidInputsFailClosedWithExplicitCodes
1275/4150 Test #1285: XpbdClothReference.InvalidInputsFailClosedWithExplicitCodes .....................................................   Passed    0.00 sec
          Start 1286: XpbdClothReference.NonConvergenceReportedWhenIterationsInsufficient
1276/4150 Test #1286: XpbdClothReference.NonConvergenceReportedWhenIterationsInsufficient .............................................   Passed    0.00 sec
          Start 1287: XpbdClothReference.RepeatedStepsAreDeterministic
1277/4150 Test #1287: XpbdClothReference.RepeatedStepsAreDeterministic ................................................................   Passed    0.00 sec
          Start 1288: XpbdClothReference.NonFiniteExplosionFailsClosedToInputState
1278/4150 Test #1288: XpbdClothReference.NonFiniteExplosionFailsClosedToInputState ....................................................   Passed    0.00 sec
          Start 1289: XpbdClothReference.DiagnosticsPopulatedOnNominalStep
1279/4150 Test #1289: XpbdClothReference.DiagnosticsPopulatedOnNominalStep ............................................................   Passed    0.00 sec
          Start 1290: SphFluidReference.Poly6KernelMatchesClosedFormAndSupport
1280/4150 Test #1290: SphFluidReference.Poly6KernelMatchesClosedFormAndSupport ........................................................   Passed    0.00 sec
          Start 1291: SphFluidReference.Poly6KernelIntegratesToOneOverSupport
1281/4150 Test #1291: SphFluidReference.Poly6KernelIntegratesToOneOverSupport .........................................................   Passed    0.00 sec
          Start 1292: SphFluidReference.SpikyAndViscosityKernelsMatchClosedForms
1282/4150 Test #1292: SphFluidReference.SpikyAndViscosityKernelsMatchClosedForms ......................................................   Passed    0.00 sec
          Start 1293: SphFluidReference.UniformGridInteriorDensityRecoversRestDensity
1283/4150 Test #1293: SphFluidReference.UniformGridInteriorDensityRecoversRestDensity .................................................   Passed    0.00 sec
          Start 1294: SphFluidReference.SymmetricPairConservesMomentumExactly
1284/4150 Test #1294: SphFluidReference.SymmetricPairConservesMomentumExactly .........................................................   Passed    0.00 sec
          Start 1295: SphFluidReference.ViscosityReducesRelativeVelocity
1285/4150 Test #1295: SphFluidReference.ViscosityReducesRelativeVelocity ..............................................................   Passed    0.00 sec
          Start 1296: SphFluidReference.SingleParticleFreeFallsWithZeroPressure
1286/4150 Test #1296: SphFluidReference.SingleParticleFreeFallsWithZeroPressure .......................................................   Passed    0.00 sec
          Start 1297: SphFluidReference.ToyColumnDropStaysStableAboveFloor
1287/4150 Test #1297: SphFluidReference.ToyColumnDropStaysStableAboveFloor ............................................................   Passed    0.00 sec
          Start 1298: SphFluidReference.BoundaryPlaneWithNonUnitNormalProjectsAndReflectsExactly
1288/4150 Test #1298: SphFluidReference.BoundaryPlaneWithNonUnitNormalProjectsAndReflectsExactly ......................................   Passed    0.00 sec
          Start 1299: SphFluidReference.NeighborOverflowReportedAdvisory
1289/4150 Test #1299: SphFluidReference.NeighborOverflowReportedAdvisory ..............................................................   Passed    0.00 sec
          Start 1300: SphFluidReference.InvalidInputsFailClosedWithExplicitCodes
1290/4150 Test #1300: SphFluidReference.InvalidInputsFailClosedWithExplicitCodes ......................................................   Passed    0.00 sec
          Start 1301: SphFluidReference.RepeatedStepsAreDeterministic
1291/4150 Test #1301: SphFluidReference.RepeatedStepsAreDeterministic .................................................................   Passed    0.00 sec
          Start 1302: SphFluidReference.NonFiniteExplosionFailsClosedToInputState
1292/4150 Test #1302: SphFluidReference.NonFiniteExplosionFailsClosedToInputState .....................................................   Passed    0.00 sec
          Start 1303: SphFluidReference.DiagnosticsPopulatedOnNominalStep
1293/4150 Test #1303: SphFluidReference.DiagnosticsPopulatedOnNominalStep .............................................................   Passed    0.00 sec
          Start 1304: PhysicsSolverParity.FreeFallTracksReferenceIntegrator
1294/4150 Test #1304: PhysicsSolverParity.FreeFallTracksReferenceIntegrator ...........................................................   Passed    0.00 sec
          Start 1305: PhysicsSolverParity.OverlappingSpherePairMatchesReferenceContactSolve
1295/4150 Test #1305: PhysicsSolverParity.OverlappingSpherePairMatchesReferenceContactSolve ...........................................   Passed    0.00 sec
          Start 1306: ProgressivePoissonReference.MinPairwiseFindsPairsBeyondAdjacentCells
1296/4150 Test #1306: ProgressivePoissonReference.MinPairwiseFindsPairsBeyondAdjacentCells ............................................   Passed    0.00 sec
          Start 1307: ProgressivePoissonReference.DeterministicForFixedSeeds
1297/4150 Test #1307: ProgressivePoissonReference.DeterministicForFixedSeeds ..........................................................   Passed    0.28 sec
          Start 1308: ProgressivePoissonReference.ShuffleSeedPermutesWithinLevelButKeepsBoundaries
1298/4150 Test #1308: ProgressivePoissonReference.ShuffleSeedPermutesWithinLevelButKeepsBoundaries ....................................   Passed    0.27 sec
          Start 1309: ProgressivePoissonReference.EmptyInputIsValidAndEmpty
1299/4150 Test #1309: ProgressivePoissonReference.EmptyInputIsValidAndEmpty ...........................................................   Passed    0.00 sec
          Start 1310: ProgressivePoissonReference.CoincidentPairAcceptsExactlyOne
1300/4150 Test #1310: ProgressivePoissonReference.CoincidentPairAcceptsExactlyOne .....................................................   Passed    0.01 sec
          Start 1311: ProgressivePoissonReference.NonFiniteInputFailsClosed
1301/4150 Test #1311: ProgressivePoissonReference.NonFiniteInputFailsClosed ...........................................................   Passed    0.00 sec
          Start 1312: ProgressivePoissonReference.InvalidDimensionFailsClosed
1302/4150 Test #1312: ProgressivePoissonReference.InvalidDimensionFailsClosed .........................................................   Passed    0.00 sec
          Start 1313: ProgressivePoissonReference.TwoDimensionalIgnoresZComponent
1303/4150 Test #1313: ProgressivePoissonReference.TwoDimensionalIgnoresZComponent .....................................................   Passed    0.05 sec
          Start 1314: ProgressivePoissonReference.ZeroGridWidthAndLevelsAreClamped
1304/4150 Test #1314: ProgressivePoissonReference.ZeroGridWidthAndLevelsAreClamped ....................................................   Passed    0.00 sec
          Start 1315: ProgressivePoissonReference.AlphaOutOfRangeDefaultsToSqrtDOverTwo
1305/4150 Test #1315: ProgressivePoissonReference.AlphaOutOfRangeDefaultsToSqrtDOverTwo ...............................................   Passed    0.02 sec
          Start 1316: Dimensions/ProgressivePoissonReferenceDim.SmallDeterministicCloudHoldsAtEveryLevelBoundary/2
1306/4150 Test #1316: Dimensions/ProgressivePoissonReferenceDim.SmallDeterministicCloudHoldsAtEveryLevelBoundary/2 ....................   Passed    0.00 sec
          Start 1317: Dimensions/ProgressivePoissonReferenceDim.SmallDeterministicCloudHoldsAtEveryLevelBoundary/3
1307/4150 Test #1317: Dimensions/ProgressivePoissonReferenceDim.SmallDeterministicCloudHoldsAtEveryLevelBoundary/3 ....................   Passed    0.00 sec
          Start 1318: Dimensions/ProgressivePoissonReferenceDim.MinPairwiseHelperEqualsBruteForce/2
1308/4150 Test #1318: Dimensions/ProgressivePoissonReferenceDim.MinPairwiseHelperEqualsBruteForce/2 ...................................   Passed    0.11 sec
          Start 1319: Dimensions/ProgressivePoissonReferenceDim.MinPairwiseHelperEqualsBruteForce/3
1309/4150 Test #1319: Dimensions/ProgressivePoissonReferenceDim.MinPairwiseHelperEqualsBruteForce/3 ...................................   Passed    0.23 sec
          Start 1323: PhysicsWorld.LifecycleCreatesDestroysAndRejectsStaleHandles
1310/4150 Test #1323: PhysicsWorld.LifecycleCreatesDestroysAndRejectsStaleHandles .....................................................   Passed    0.00 sec
          Start 1324: PhysicsWorld.InvalidDescriptorsAreRejected
1311/4150 Test #1324: PhysicsWorld.InvalidDescriptorsAreRejected ......................................................................   Passed    0.00 sec
          Start 1325: PhysicsWorld.DescriptorUpdateReplacesPoseAndVelocity
1312/4150 Test #1325: PhysicsWorld.DescriptorUpdateReplacesPoseAndVelocity ............................................................   Passed    0.00 sec
          Start 1326: PhysicsWorld.StepIntegratesDynamicAndCountsStaticKinematicBodies
1313/4150 Test #1326: PhysicsWorld.StepIntegratesDynamicAndCountsStaticKinematicBodies ................................................   Passed    0.00 sec
          Start 1327: PhysicsWorld.RepeatedWorldsStepDeterministically
1314/4150 Test #1327: PhysicsWorld.RepeatedWorldsStepDeterministically ................................................................   Passed    0.00 sec
          Start 1328: PhysicsWorld.CollisionGeneratesSphereSphereContactAndCandidate
1315/4150 Test #1328: PhysicsWorld.CollisionGeneratesSphereSphereContactAndCandidate ..................................................   Passed    0.00 sec
          Start 1329: PhysicsWorld.CollisionKeepsSeparatedPairsAsBroadphaseCandidates
1316/4150 Test #1329: PhysicsWorld.CollisionKeepsSeparatedPairsAsBroadphaseCandidates .................................................   Passed    0.00 sec
          Start 1330: PhysicsWorld.CollisionCandidateOrderingIsDeterministic
1317/4150 Test #1330: PhysicsWorld.CollisionCandidateOrderingIsDeterministic ..........................................................   Passed    0.00 sec
          Start 1331: PhysicsWorld.CollisionSupportsFirstPhasePrimitivePairs
1318/4150 Test #1331: PhysicsWorld.CollisionSupportsFirstPhasePrimitivePairs ..........................................................   Passed    0.00 sec
          Start 1332: PhysicsWorld.CollisionReportsFilteringTriggersAndDynamicNonUniformScale
1319/4150 Test #1332: PhysicsWorld.CollisionReportsFilteringTriggersAndDynamicNonUniformScale .........................................   Passed    0.00 sec
          Start 1333: PhysicsWorld.ContactRecordNormalFollowsAToBConvention
1320/4150 Test #1333: PhysicsWorld.ContactRecordNormalFollowsAToBConvention ...........................................................   Passed    0.00 sec
          Start 1334: PhysicsWorld.IslandsGroupContactConnectedDynamicBodiesDeterministically
1321/4150 Test #1334: PhysicsWorld.IslandsGroupContactConnectedDynamicBodiesDeterministically .........................................   Passed    0.00 sec
          Start 1335: PhysicsWorld.IslandsExcludeTriggerContacts
1322/4150 Test #1335: PhysicsWorld.IslandsExcludeTriggerContacts ......................................................................   Passed    0.00 sec
          Start 1336: PhysicsWorld.SolveStepSeparatesOverlappingSpheresAndConverges
1323/4150 Test #1336: PhysicsWorld.SolveStepSeparatesOverlappingSpheresAndConverges ...................................................   Passed    0.00 sec
          Start 1337: PhysicsWorld.SolveStepReportsNonConvergenceUnderStarvedIterationBudget
1324/4150 Test #1337: PhysicsWorld.SolveStepReportsNonConvergenceUnderStarvedIterationBudget ..........................................   Passed    0.00 sec
          Start 1338: PhysicsWorld.SolveStepRejectsInvalidSolverSettings
1325/4150 Test #1338: PhysicsWorld.SolveStepRejectsInvalidSolverSettings ..............................................................   Passed    0.00 sec
          Start 1339: PhysicsWorld.SleepPolicyTransitionsLowMotionBodyAndWakeOnUpdate
1326/4150 Test #1339: PhysicsWorld.SleepPolicyTransitionsLowMotionBodyAndWakeOnUpdate .................................................   Passed    0.00 sec
          Start 1340: PhysicsWorld.SolveStepIsDeterministicForRepeatedIdenticalInputs
1327/4150 Test #1340: PhysicsWorld.SolveStepIsDeterministicForRepeatedIdenticalInputs .................................................   Passed    0.00 sec
          Start 1341: PhysicsWorld.SolveStepEnergyDriftIsReportedAndBoundedForRestingContact
1328/4150 Test #1341: PhysicsWorld.SolveStepEnergyDriftIsReportedAndBoundedForRestingContact ..........................................   Passed    0.00 sec
          Start 1342: PhysicsModule.DisabledOwnsNoWorldAndStepBudgetIsBounded
1329/4150 Test #1342: PhysicsModule.DisabledOwnsNoWorldAndStepBudgetIsBounded .........................................................   Passed    0.00 sec
          Start 1343: PhysicsModule.AuthoringFingerprintReusesBodiesAndTracksUpdatesAndRemoval
1330/4150 Test #1343: PhysicsModule.AuthoringFingerprintReusesBodiesAndTracksUpdatesAndRemoval ........................................   Passed    0.00 sec
          Start 1344: PhysicsModule.SolverWritesBackOnlyDynamicBodiesWithoutResettingAuthoring
1331/4150 Test #1344: PhysicsModule.SolverWritesBackOnlyDynamicBodiesWithoutResettingAuthoring ........................................   Passed    0.00 sec
          Start 1345: PhysicsModule.PerWorldStateIsRemovedOnDestroyAndShutdown
1332/4150 Test #1345: PhysicsModule.PerWorldStateIsRemovedOnDestroyAndShutdown ........................................................   Passed    0.00 sec
          Start 1346: PhysicsModule.NullEngineRunAdvancesDynamicAndPreservesStaticKinematicEcsPose
1333/4150 Test #1346: PhysicsModule.NullEngineRunAdvancesDynamicAndPreservesStaticKinematicEcsPose ....................................   Passed    0.04 sec
          Start 1347: GeometryStatistics.StreamingMomentsMatchBatch
1334/4150 Test #1347: GeometryStatistics.StreamingMomentsMatchBatch ...................................................................   Passed    0.00 sec
          Start 1348: GeometryStatistics.MergeEqualsConcatenation
1335/4150 Test #1348: GeometryStatistics.MergeEqualsConcatenation .....................................................................   Passed    0.00 sec
          Start 1349: GeometryStatistics.MedianOddAndEven
1336/4150 Test #1349: GeometryStatistics.MedianOddAndEven .............................................................................   Passed    0.00 sec
          Start 1350: GeometryStatistics.QuantileLinearInterpolation
1337/4150 Test #1350: GeometryStatistics.QuantileLinearInterpolation ..................................................................   Passed    0.00 sec
          Start 1351: GeometryStatistics.GenericMedianAndQuantileSupportNonDoubleVectors
1338/4150 Test #1351: GeometryStatistics.GenericMedianAndQuantileSupportNonDoubleVectors ..............................................   Passed    0.00 sec
          Start 1352: GeometryStatistics.RunningMedianTracksMedian
1339/4150 Test #1352: GeometryStatistics.RunningMedianTracksMedian ....................................................................   Passed    0.00 sec
          Start 1353: GeometryStatistics.SafeTrigClampsOutOfDomain
1340/4150 Test #1353: GeometryStatistics.SafeTrigClampsOutOfDomain ....................................................................   Passed    0.00 sec
          Start 1354: GeometryStatistics.FailClosedOnDegenerateInput
1341/4150 Test #1354: GeometryStatistics.FailClosedOnDegenerateInput ..................................................................   Passed    0.00 sec
          Start 1355: GeometryRobust.WeightMatchesAnalyticForms
1342/4150 Test #1355: GeometryRobust.WeightMatchesAnalyticForms .......................................................................   Passed    0.00 sec
          Start 1356: GeometryRobust.WeightEqualsPsiOverU
1343/4150 Test #1356: GeometryRobust.WeightEqualsPsiOverU .............................................................................   Passed    0.00 sec
          Start 1357: GeometryRobust.WeightFiniteAtZeroAndNonIncreasing
1344/4150 Test #1357: GeometryRobust.WeightFiniteAtZeroAndNonIncreasing ...............................................................   Passed    0.00 sec
          Start 1358: GeometryRobust.RedescendingDownweightsLargeResiduals
1345/4150 Test #1358: GeometryRobust.RedescendingDownweightsLargeResiduals ............................................................   Passed    0.00 sec
          Start 1359: GeometryRobust.FailClosedOnBadInputs
1346/4150 Test #1359: GeometryRobust.FailClosedOnBadInputs ............................................................................   Passed    0.00 sec
          Start 1360: GeometryRobust.RhoIsZeroAtZeroAndPositiveElsewhere
1347/4150 Test #1360: GeometryRobust.RhoIsZeroAtZeroAndPositiveElsewhere ..............................................................   Passed    0.00 sec
          Start 1361: AABBCubify.MakeCubicExpandsAroundCenterAndContainsOriginal
1348/4150 Test #1361: AABBCubify.MakeCubicExpandsAroundCenterAndContainsOriginal ......................................................   Passed    0.00 sec
          Start 1362: AABBCubify.ChildOctantsTileParentWithoutPositiveOverlap
1349/4150 Test #1362: AABBCubify.ChildOctantsTileParentWithoutPositiveOverlap .........................................................   Passed    0.00 sec
          Start 1363: AABBCubify.InvalidInputAndOutOfRangeOctantsFailClosed
1350/4150 Test #1363: AABBCubify.InvalidInputAndOutOfRangeOctantsFailClosed ...........................................................   Passed    0.00 sec
          Start 1364: BezierCurve.ReportsDegreeAndInterpolatesEndpoints
1351/4150 Test #1364: BezierCurve.ReportsDegreeAndInterpolatesEndpoints ...............................................................   Passed    0.00 sec
          Start 1365: BezierCurve.DegreeOneEqualsLinearLerp
1352/4150 Test #1365: BezierCurve.DegreeOneEqualsLinearLerp ...........................................................................   Passed    0.00 sec
          Start 1366: BezierCurve.BernsteinMatchesDeCasteljauForQuadraticAndCubic
1353/4150 Test #1366: BezierCurve.BernsteinMatchesDeCasteljauForQuadraticAndCubic .....................................................   Passed    0.00 sec
          Start 1367: BezierCurve.EmptyAndNonFiniteInputsFailClosed
1354/4150 Test #1367: BezierCurve.EmptyAndNonFiniteInputsFailClosed ...................................................................   Passed    0.00 sec
          Start 1368: GeometryCurve.EndpointsInterpolateControlPoints
1355/4150 Test #1368: GeometryCurve.EndpointsInterpolateControlPoints .................................................................   Passed    0.00 sec
          Start 1369: GeometryCurve.DegreeOneIsLinearLerp
1356/4150 Test #1369: GeometryCurve.DegreeOneIsLinearLerp .............................................................................   Passed    0.00 sec
          Start 1370: GeometryCurve.DeCasteljauMatchesBernstein
1357/4150 Test #1370: GeometryCurve.DeCasteljauMatchesBernstein .......................................................................   Passed    0.00 sec
          Start 1371: GeometryCurve.DerivativeAtEndpoints
1358/4150 Test #1371: GeometryCurve.DerivativeAtEndpoints .............................................................................   Passed    0.00 sec
          Start 1372: GeometryCurve.SingleControlPointIsConstant
1359/4150 Test #1372: GeometryCurve.SingleControlPointIsConstant ......................................................................   Passed    0.00 sec
          Start 1373: GeometryCurve.FailClosedOnBadInput
1360/4150 Test #1373: GeometryCurve.FailClosedOnBadInput ..............................................................................   Passed    0.00 sec
          Start 1374: GeometryRotation.HatVeeInverse
1361/4150 Test #1374: GeometryRotation.HatVeeInverse ..................................................................................   Passed    0.00 sec
          Start 1375: GeometryRotation.ExpLogRoundTrip
1362/4150 Test #1375: GeometryRotation.ExpLogRoundTrip ................................................................................   Passed    0.00 sec
          Start 1376: GeometryRotation.LogExpRoundTripFromRandom
1363/4150 Test #1376: GeometryRotation.LogExpRoundTripFromRandom ......................................................................   Passed    0.00 sec
          Start 1377: GeometryRotation.AngularDistanceMatchesAngle
1364/4150 Test #1377: GeometryRotation.AngularDistanceMatchesAngle ....................................................................   Passed    0.00 sec
          Start 1378: GeometryRotation.ChordalDistanceRelation
1365/4150 Test #1378: GeometryRotation.ChordalDistanceRelation ........................................................................   Passed    0.00 sec
          Start 1379: GeometryRotation.RandomRotationDeterministicAndValid
1366/4150 Test #1379: GeometryRotation.RandomRotationDeterministicAndValid ............................................................   Passed    0.00 sec
          Start 1380: GeometryRotation.ProjectOnSO3
1367/4150 Test #1380: GeometryRotation.ProjectOnSO3 ...................................................................................   Passed    0.00 sec
          Start 1381: GeometryRotation.OptimalRotationRecoversKnown
1368/4150 Test #1381: GeometryRotation.OptimalRotationRecoversKnown ...................................................................   Passed    0.00 sec
          Start 1382: GeometryRotation.FailClosed
1369/4150 Test #1382: GeometryRotation.FailClosed .....................................................................................   Passed    0.00 sec
          Start 1383: GeometryRotationAveraging.AllRoutinesReturnRepeatedRotation
1370/4150 Test #1383: GeometryRotationAveraging.AllRoutinesReturnRepeatedRotation .....................................................   Passed    0.01 sec
          Start 1384: GeometryRotationAveraging.ChordalAndKarcherAgreeOnCluster
1371/4150 Test #1384: GeometryRotationAveraging.ChordalAndKarcherAgreeOnCluster .......................................................   Passed    0.01 sec
          Start 1385: GeometryRotationAveraging.WeightedKarcherMeanMatchesAnalyticSlerp
1372/4150 Test #1385: GeometryRotationAveraging.WeightedKarcherMeanMatchesAnalyticSlerp ...............................................   Passed    0.00 sec
          Start 1386: GeometryRotationAveraging.MediansStayCloserToInliersThanMeansWithOutliers
1373/4150 Test #1386: GeometryRotationAveraging.MediansStayCloserToInliersThanMeansWithOutliers .......................................   Passed    0.01 sec
          Start 1387: GeometryRotationAveraging.DeterministicAcrossRepeatedCallsAndPermutation
1374/4150 Test #1387: GeometryRotationAveraging.DeterministicAcrossRepeatedCallsAndPermutation ........................................   Passed    0.01 sec
          Start 1388: GeometryRotationAveraging.FailClosedStatuses
1375/4150 Test #1388: GeometryRotationAveraging.FailClosedStatuses ....................................................................   Passed    0.01 sec
          Start 1389: GeometryMeshQuantities.SingleTriangleAreaVectorCentroid
1376/4150 Test #1389: GeometryMeshQuantities.SingleTriangleAreaVectorCentroid .........................................................   Passed    0.00 sec
          Start 1390: GeometryMeshQuantities.BarycentricAreasSumToSurfaceArea
1377/4150 Test #1390: GeometryMeshQuantities.BarycentricAreasSumToSurfaceArea .........................................................   Passed    0.00 sec
          Start 1391: GeometryMeshQuantities.EquilateralTriangleAreaIsAnalytic
1378/4150 Test #1391: GeometryMeshQuantities.EquilateralTriangleAreaIsAnalytic ........................................................   Passed    0.00 sec
          Start 1392: GeometryMeshQuantities.ClosedMeshAreaVectorsSumToZero
1379/4150 Test #1392: GeometryMeshQuantities.ClosedMeshAreaVectorsSumToZero ...........................................................   Passed    0.00 sec
          Start 1393: GeometryMeshQuantities.PublishCanonicalQuantityProperties
1380/4150 Test #1393: GeometryMeshQuantities.PublishCanonicalQuantityProperties .......................................................   Passed    0.00 sec
          Start 1394: GeometryMeshQuantities.FaceCentroidIsCornerAverageNotOneRing
1381/4150 Test #1394: GeometryMeshQuantities.FaceCentroidIsCornerAverageNotOneRing ....................................................   Passed    0.00 sec
          Start 1395: GeometryMeshQuantities.FailClosedOnInvalidFace
1382/4150 Test #1395: GeometryMeshQuantities.FailClosedOnInvalidFace ..................................................................   Passed    0.00 sec
          Start 1396: GeometryMeshQuantities.FaceScalarGradientMatchesLinearField
1383/4150 Test #1396: GeometryMeshQuantities.FaceScalarGradientMatchesLinearField .....................................................   Passed    0.00 sec
          Start 1397: GeometryMeshQuantities.FaceScalarGradientFailsClosed
1384/4150 Test #1397: GeometryMeshQuantities.FaceScalarGradientFailsClosed ............................................................   Passed    0.00 sec
          Start 1398: GeometryMeshQuantities.ProjectToUnitSphereLeavesOriginAndNormalizesFiniteVertices
1385/4150 Test #1398: GeometryMeshQuantities.ProjectToUnitSphereLeavesOriginAndNormalizesFiniteVertices ...............................   Passed    0.00 sec
          Start 1399: GeometryMeshQuantities.VertexOneRingPcaAlignsWithSphereNormal
1386/4150 Test #1399: GeometryMeshQuantities.VertexOneRingPcaAlignsWithSphereNormal ...................................................   Passed    0.00 sec
          Start 1400: GeometryMeshQuantities.VertexOneRingPcaFailsClosedWhenUnderdetermined
1387/4150 Test #1400: GeometryMeshQuantities.VertexOneRingPcaFailsClosedWhenUnderdetermined ...........................................   Passed    0.00 sec
          Start 1401: GeometryMeshQuantities.NonPlanarQuadAreaUsesTriangleFan
1388/4150 Test #1401: GeometryMeshQuantities.NonPlanarQuadAreaUsesTriangleFan .........................................................   Passed    0.00 sec
          Start 1402: GeometryMeshQuantities.PlanarConcavePolygonUsesShoelaceArea
1389/4150 Test #1402: GeometryMeshQuantities.PlanarConcavePolygonUsesShoelaceArea .....................................................   Passed    0.00 sec
          Start 1403: GeometryMeshQuantities.FailClosedOnNonFiniteCorner
1390/4150 Test #1403: GeometryMeshQuantities.FailClosedOnNonFiniteCorner ..............................................................   Passed    0.00 sec
          Start 1404: GeometryMeshClosestFace.MatchesBruteForce
1391/4150 Test #1404: GeometryMeshClosestFace.MatchesBruteForce .......................................................................   Passed    0.06 sec
          Start 1405: GeometryMeshClosestFace.PointOnSurfaceHasZeroDistance
1392/4150 Test #1405: GeometryMeshClosestFace.PointOnSurfaceHasZeroDistance ...........................................................   Passed    0.01 sec
          Start 1406: GeometryMeshClosestFace.FailClosed
1393/4150 Test #1406: GeometryMeshClosestFace.FailClosed ..............................................................................   Passed    0.00 sec
          Start 1407: GeometryMeshClosestFace.KNearestAndRadiusMatchBruteForce
1394/4150 Test #1407: GeometryMeshClosestFace.KNearestAndRadiusMatchBruteForce ........................................................   Passed    0.00 sec
          Start 1408: GeometryMeshClosestFace.SubsetBuildRestrictsCandidates
1395/4150 Test #1408: GeometryMeshClosestFace.SubsetBuildRestrictsCandidates ..........................................................   Passed    0.00 sec
          Start 1409: GeometryLinalgEigenMap.MapsVec3ArrayAsNby3
1396/4150 Test #1409: GeometryLinalgEigenMap.MapsVec3ArrayAsNby3 ......................................................................   Passed    0.00 sec
          Start 1410: GeometryLinalgEigenMap.MutableMapAliasesStorage
1397/4150 Test #1410: GeometryLinalgEigenMap.MutableMapAliasesStorage .................................................................   Passed    0.00 sec
          Start 1411: GeometryLinalgEigenMap.EmptySpanYieldsZeroRows
1398/4150 Test #1411: GeometryLinalgEigenMap.EmptySpanYieldsZeroRows ..................................................................   Passed    0.00 sec
          Start 1412: GeometryLinalgEigenMap.MapAsMatrixAliasesStridedRows
1399/4150 Test #1412: GeometryLinalgEigenMap.MapAsMatrixAliasesStridedRows ............................................................   Passed    0.00 sec
          Start 1413: GeometryLinalgEigenMap.MapVectorAsMatrixAliasesFixedSizeVectors
1400/4150 Test #1413: GeometryLinalgEigenMap.MapVectorAsMatrixAliasesFixedSizeVectors .................................................   Passed    0.00 sec
          Start 1414: RuntimeGraph.AddEdge_FindEdge
1401/4150 Test #1414: RuntimeGraph.AddEdge_FindEdge ...................................................................................   Passed    0.00 sec
          Start 1415: RuntimeGraph.DeleteVertex_ThenGarbageCollect
1402/4150 Test #1415: RuntimeGraph.DeleteVertex_ThenGarbageCollect ....................................................................   Passed    0.00 sec
          Start 1416: RuntimeGraph.GarbageCollectionRemapsSurvivingConnectivity
1403/4150 Test #1416: RuntimeGraph.GarbageCollectionRemapsSurvivingConnectivity .......................................................   Passed    0.00 sec
          Start 1417: RuntimeGraph.GarbageCollectionRebuildsSurvivingVertexStar
1404/4150 Test #1417: RuntimeGraph.GarbageCollectionRebuildsSurvivingVertexStar .......................................................   Passed    0.00 sec
          Start 1418: RuntimeGraph.ForceDirectedLayoutRejectsDegenerateInputs
1405/4150 Test #1418: RuntimeGraph.ForceDirectedLayoutRejectsDegenerateInputs .........................................................   Passed    0.00 sec
          Start 1419: RuntimeGraph.ForceDirectedLayoutProducesFiniteSeparatedEmbedding
1406/4150 Test #1419: RuntimeGraph.ForceDirectedLayoutProducesFiniteSeparatedEmbedding ................................................   Passed    0.00 sec
          Start 1420: RuntimeGraph.SpectralLayoutRejectsDegenerateInputs
1407/4150 Test #1420: RuntimeGraph.SpectralLayoutRejectsDegenerateInputs ..............................................................   Passed    0.00 sec
          Start 1421: RuntimeGraph.SpectralLayoutProducesFiniteCenteredEmbedding
1408/4150 Test #1421: RuntimeGraph.SpectralLayoutProducesFiniteCenteredEmbedding ......................................................   Passed    0.00 sec
          Start 1422: RuntimeGraph.SpectralLayoutNormalizedVariantProducesFiniteEmbedding
1409/4150 Test #1422: RuntimeGraph.SpectralLayoutNormalizedVariantProducesFiniteEmbedding .............................................   Passed    0.00 sec
          Start 1423: RuntimeGraph.HierarchicalLayoutRejectsDegenerateInputs
1410/4150 Test #1423: RuntimeGraph.HierarchicalLayoutRejectsDegenerateInputs ..........................................................   Passed    0.00 sec
          Start 1424: RuntimeGraph.HierarchicalLayoutProducesLayeredEmbedding
1411/4150 Test #1424: RuntimeGraph.HierarchicalLayoutProducesLayeredEmbedding .........................................................   Passed    0.00 sec
          Start 1425: RuntimeGraph.HierarchicalLayoutCrossingMinimizationReducesCrossings
1412/4150 Test #1425: RuntimeGraph.HierarchicalLayoutCrossingMinimizationReducesCrossings .............................................   Passed    0.00 sec
          Start 1426: RuntimeGraph.HierarchicalLayoutAutoRootCentersLongPath
1413/4150 Test #1426: RuntimeGraph.HierarchicalLayoutAutoRootCentersLongPath ..........................................................   Passed    0.00 sec
          Start 1427: RuntimeGraph.CountEdgeCrossingsRejectsDegenerateInput
1414/4150 Test #1427: RuntimeGraph.CountEdgeCrossingsRejectsDegenerateInput ...........................................................   Passed    0.00 sec
          Start 1428: RuntimeGraph.CountEdgeCrossingsCountsOnlyNonIncidentByDefault
1415/4150 Test #1428: RuntimeGraph.CountEdgeCrossingsCountsOnlyNonIncidentByDefault ...................................................   Passed    0.00 sec
          Start 1429: RuntimeGraph.CountEdgeCrossingsCanIncludeIncidentAndCollinearOverlaps
1416/4150 Test #1429: RuntimeGraph.CountEdgeCrossingsCanIncludeIncidentAndCollinearOverlaps ...........................................   Passed    0.00 sec
          Start 1430: RuntimeGraph.TopologicalLayersIndependentPasses
1417/4150 Test #1430: RuntimeGraph.TopologicalLayersIndependentPasses .................................................................   Passed    0.00 sec
          Start 1431: GraphCirculators.HalfedgesAroundVertexTraversesIncidentRing
1418/4150 Test #1431: GraphCirculators.HalfedgesAroundVertexTraversesIncidentRing .....................................................   Passed    0.00 sec
          Start 1432: GraphCirculators.BoundaryHalfedgesVisitBoundaryLoopOnce
1419/4150 Test #1432: GraphCirculators.BoundaryHalfedgesVisitBoundaryLoopOnce .........................................................   Passed    0.00 sec
          Start 1433: GraphCirculators.IsolatedVertexProducesEmptyHalfedgeRing
1420/4150 Test #1433: GraphCirculators.IsolatedVertexProducesEmptyHalfedgeRing ........................................................   Passed    0.00 sec
          Start 1434: RuntimeGraphKNN.ReturnsNulloptForDegenerateInputs
1421/4150 Test #1434: RuntimeGraphKNN.ReturnsNulloptForDegenerateInputs ...............................................................   Passed    0.00 sec
          Start 1435: RuntimeGraphKNN.UnionConnectivityBuildsSymmetricNeighborhoodGraph
1422/4150 Test #1435: RuntimeGraphKNN.UnionConnectivityBuildsSymmetricNeighborhoodGraph ...............................................   Passed    0.00 sec
          Start 1436: RuntimeGraphKNN.MutualConnectivityFiltersNonReciprocalNeighbors
1423/4150 Test #1436: RuntimeGraphKNN.MutualConnectivityFiltersNonReciprocalNeighbors .................................................   Passed    0.00 sec
          Start 1437: RuntimeGraphKNN.CoincidentPointsAreRejectedByDistanceEpsilon
1424/4150 Test #1437: RuntimeGraphKNN.CoincidentPointsAreRejectedByDistanceEpsilon ....................................................   Passed    0.00 sec
          Start 1438: RuntimeGraphKNN.BuildFromIndicesCreatesExpectedGraph
1425/4150 Test #1438: RuntimeGraphKNN.BuildFromIndicesCreatesExpectedGraph ............................................................   Passed    0.00 sec
          Start 1439: RuntimeGraphKNN.BuildFromIndicesRejectsInvalidAndCoincidentPairs
1426/4150 Test #1439: RuntimeGraphKNN.BuildFromIndicesRejectsInvalidAndCoincidentPairs ................................................   Passed    0.00 sec
          Start 1440: RuntimeGraphKNN.OctreeBuilderMatchesBruteForceNeighborSets
1427/4150 Test #1440: RuntimeGraphKNN.OctreeBuilderMatchesBruteForceNeighborSets ......................................................   Passed    0.00 sec
          Start 1441: GraphQueries.EnsureEdgeLengthsCachesCanonicalProperty
1428/4150 Test #1441: GraphQueries.EnsureEdgeLengthsCachesCanonicalProperty ...........................................................   Passed    0.00 sec
          Start 1442: GraphQueries.ClosestKAndRadiusQueriesMatchBruteForce
1429/4150 Test #1442: GraphQueries.ClosestKAndRadiusQueriesMatchBruteForce ............................................................   Passed    0.00 sec
          Start 1443: GraphQueries.ClosestEdgeWithinOneRingOnlySearchesIncidentEdges
1430/4150 Test #1443: GraphQueries.ClosestEdgeWithinOneRingOnlySearchesIncidentEdges ..................................................   Passed    0.00 sec
          Start 1444: GraphQueries.GaussianNoiseIsDeterministicAndIdentityAtZeroScale
1431/4150 Test #1444: GraphQueries.GaussianNoiseIsDeterministicAndIdentityAtZeroScale .................................................   Passed    0.01 sec
          Start 1445: GraphQueries.DegenerateInputsFailClosed
1432/4150 Test #1445: GraphQueries.DegenerateInputsFailClosed .........................................................................   Passed    0.00 sec
          Start 1446: GeometryPropertiesContract.NameAccessorsReturnStableStringView
1433/4150 Test #1446: GeometryPropertiesContract.NameAccessorsReturnStableStringView ..................................................   Passed    0.00 sec
          Start 1447: GeometryPropertiesContract.RegistryHandlesFailClosed
1434/4150 Test #1447: GeometryPropertiesContract.RegistryHandlesFailClosed ............................................................   Passed    0.00 sec
          Start 1448: GeometryPropertiesContract.DefaultConstPropertySetIsSafeEmptyView
1435/4150 Test #1448: GeometryPropertiesContract.DefaultConstPropertySetIsSafeEmptyView ...............................................   Passed    0.00 sec
          Start 1449: GeometryPropertiesContract.ConstLookupReturnsReadOnlyProperty
1436/4150 Test #1449: GeometryPropertiesContract.ConstLookupReturnsReadOnlyProperty ...................................................   Passed    0.00 sec
          Start 1450: GeometryPropertiesContract.BoolPropertySupportsScalarProxyAccessOnly
1437/4150 Test #1450: GeometryPropertiesContract.BoolPropertySupportsScalarProxyAccessOnly ............................................   Passed    0.00 sec
          Start 1451: GeometryPropertiesContract.MapPropertyAliasesScalarAndVectorColumns
1438/4150 Test #1451: GeometryPropertiesContract.MapPropertyAliasesScalarAndVectorColumns .............................................   Passed    0.00 sec
          Start 1452: GeometryPropertiesContract.MapPropertyBoolReturnsCopiedNumericColumn
1439/4150 Test #1452: GeometryPropertiesContract.MapPropertyBoolReturnsCopiedNumericColumn ............................................   Passed    0.00 sec
          Start 1453: GeometryPropertiesContract.DescriptorCatalogReportsTypeAndAccessMetadata
1440/4150 Test #1453: GeometryPropertiesContract.DescriptorCatalogReportsTypeAndAccessMetadata ........................................   Passed    0.00 sec
          Start 1454: GeometryPropertiesContract.MutableBorrowsPublishMonotonicContentRevisions
1441/4150 Test #1454: GeometryPropertiesContract.MutableBorrowsPublishMonotonicContentRevisions .......................................   Passed    0.00 sec
          Start 1455: GeometryPropertiesContract.StructuralEditsCopiesAndDescriptorsCarryRevisions
1442/4150 Test #1455: GeometryPropertiesContract.StructuralEditsCopiesAndDescriptorsCarryRevisions ....................................   Passed    0.00 sec
          Start 1456: GeometryPropertiesContract.ShrinkToFitIsCanonicalSpelling
1443/4150 Test #1456: GeometryPropertiesContract.ShrinkToFitIsCanonicalSpelling .......................................................   Passed    0.00 sec
          Start 1457: GeometryPropertiesContract.LiveElementRangeSkipsDeletedAndFailsClosed
1444/4150 Test #1457: GeometryPropertiesContract.LiveElementRangeSkipsDeletedAndFailsClosed ...........................................   Passed    0.00 sec
          Start 1458: GeometryPropertiesContract.MeshLiveRangesMatchManualDeletedFilter
1445/4150 Test #1458: GeometryPropertiesContract.MeshLiveRangesMatchManualDeletedFilter ...............................................   Passed    0.00 sec
          Start 1459: GeometryPropertiesContract.ConstDomainViewsExposeReadOnlyLiveRanges
1446/4150 Test #1459: GeometryPropertiesContract.ConstDomainViewsExposeReadOnlyLiveRanges .............................................   Passed    0.00 sec
          Start 1460: KDTree.RejectsDegenerateBuildInputs
1447/4150 Test #1460: KDTree.RejectsDegenerateBuildInputs .............................................................................   Passed    0.00 sec
          Start 1461: KDTree.KnnMatchesBruteForceOrderingForPointAabbs
1448/4150 Test #1461: KDTree.KnnMatchesBruteForceOrderingForPointAabbs ................................................................   Passed    0.00 sec
          Start 1462: KDTree.RadiusQueryMatchesBruteForceSetForPointAabbs
1449/4150 Test #1462: KDTree.RadiusQueryMatchesBruteForceSetForPointAabbs .............................................................   Passed    0.00 sec
          Start 1463: KDTree.RadiusQueryScratchPreservesOrderingAcrossReuse
1450/4150 Test #1463: KDTree.RadiusQueryScratchPreservesOrderingAcrossReuse ...........................................................   Passed    0.00 sec
          Start 1464: KDTree.SupportsVolumetricElementsThroughAabbInput
1451/4150 Test #1464: KDTree.SupportsVolumetricElementsThroughAabbInput ...............................................................   Passed    0.00 sec
          Start 1465: KDTree.HandlesCoincidentElementsAndInvalidQueries
1452/4150 Test #1465: KDTree.HandlesCoincidentElementsAndInvalidQueries ...............................................................   Passed    0.00 sec
          Start 1466: Octree.BuildFromPointsMatchesExplicitPointAabbs
1453/4150 Test #1466: Octree.BuildFromPointsMatchesExplicitPointAabbs .................................................................   Passed    0.00 sec
          Start 1467: Octree.Build_EmptyInput
1454/4150 Test #1467: Octree.Build_EmptyInput .........................................................................................   Passed    0.00 sec
          Start 1468: Octree.Build_SingleElement
1455/4150 Test #1468: Octree.Build_SingleElement ......................................................................................   Passed    0.00 sec
          Start 1469: Octree.Build_SmallSet
1456/4150 Test #1469: Octree.Build_SmallSet ...........................................................................................   Passed    0.00 sec
          Start 1470: Octree.Build_LargeSet
1457/4150 Test #1470: Octree.Build_LargeSet ...........................................................................................   Passed    0.01 sec
          Start 1471: Octree.Build_DifferentSplitPolicies
1458/4150 Test #1471: Octree.Build_DifferentSplitPolicies .............................................................................   Passed    0.00 sec
          Start 1472: Octree.QueryAABB_EmptyResult
1459/4150 Test #1472: Octree.QueryAABB_EmptyResult ....................................................................................   Passed    0.00 sec
          Start 1473: Octree.QueryAABB_AllElements
1460/4150 Test #1473: Octree.QueryAABB_AllElements ....................................................................................   Passed    0.00 sec
          Start 1474: Octree.QueryAABB_PartialOverlap
1461/4150 Test #1474: Octree.QueryAABB_PartialOverlap .................................................................................   Passed    0.00 sec
          Start 1475: Octree.QueryAABB_CorrectResults
1462/4150 Test #1475: Octree.QueryAABB_CorrectResults .................................................................................   Passed    0.00 sec
          Start 1476: Octree.QuerySphere_Basic
1463/4150 Test #1476: Octree.QuerySphere_Basic ........................................................................................   Passed    0.01 sec
          Start 1477: Octree.QuerySphere_CorrectResults
1464/4150 Test #1477: Octree.QuerySphere_CorrectResults ...............................................................................   Passed    0.01 sec
          Start 1478: Octree.QueryRay_Basic
1465/4150 Test #1478: Octree.QueryRay_Basic ...........................................................................................   Passed    0.00 sec
          Start 1479: Octree.QueryRay_Miss
1466/4150 Test #1479: Octree.QueryRay_Miss ............................................................................................   Passed    0.00 sec
          Start 1480: Octree.QueryNearest_Basic
1467/4150 Test #1480: Octree.QueryNearest_Basic .......................................................................................   Passed    0.00 sec
          Start 1481: Octree.QueryNearest_CorrectResult
1468/4150 Test #1481: Octree.QueryNearest_CorrectResult ...............................................................................   Passed    0.00 sec
          Start 1482: Octree.QueryKNN_Basic
1469/4150 Test #1482: Octree.QueryKNN_Basic ...........................................................................................   Passed    0.00 sec
          Start 1483: Octree.QueryKNN_KGreaterThanElements
1470/4150 Test #1483: Octree.QueryKNN_KGreaterThanElements ............................................................................   Passed    0.00 sec
          Start 1484: Octree.QueryKNN_CorrectResults
1471/4150 Test #1484: Octree.QueryKNN_CorrectResults ..................................................................................   Passed    0.00 sec
          Start 1485: Octree.AddNodeProperty
1472/4150 Test #1485: Octree.AddNodeProperty ..........................................................................................   Passed    0.00 sec
          Start 1486: Octree.GetNodeProperty
1473/4150 Test #1486: Octree.GetNodeProperty ..........................................................................................   Passed    0.00 sec
          Start 1487: Octree.HasNodeProperty
1474/4150 Test #1487: Octree.HasNodeProperty ..........................................................................................   Passed    0.00 sec
          Start 1488: Octree.AllElementsAtSamePoint
1475/4150 Test #1488: Octree.AllElementsAtSamePoint ...................................................................................   Passed    0.00 sec
          Start 1489: Octree.LargeExtentDifferences
1476/4150 Test #1489: Octree.LargeExtentDifferences ...................................................................................   Passed    0.00 sec
          Start 1490: BVH.RejectsDegenerateBuildInputs
1477/4150 Test #1490: BVH.RejectsDegenerateBuildInputs ................................................................................   Passed    0.00 sec
          Start 1491: BVH.QueryAabbAndRayMatchExpectedPrimitiveSet
1478/4150 Test #1491: BVH.QueryAabbAndRayMatchExpectedPrimitiveSet ....................................................................   Passed    0.00 sec
          Start 1492: BVH.HandlesCoincidentCentroidsWithoutDroppingElements
1479/4150 Test #1492: BVH.HandlesCoincidentCentroidsWithoutDroppingElements ...........................................................   Passed    0.00 sec
          Start 1493: BVH.QueryRayIncludesBoundaryCoincidentBoxes
1480/4150 Test #1493: BVH.QueryRayIncludesBoundaryCoincidentBoxes .....................................................................   Passed    0.00 sec
          Start 1494: DEC_ExteriorDerivative0.DimensionsMatchMesh
1481/4150 Test #1494: DEC_ExteriorDerivative0.DimensionsMatchMesh .....................................................................   Passed    0.00 sec
          Start 1495: DEC_ExteriorDerivative0.EachRowHasTwoEntries
1482/4150 Test #1495: DEC_ExteriorDerivative0.EachRowHasTwoEntries ....................................................................   Passed    0.00 sec
          Start 1496: DEC_ExteriorDerivative0.RowSumIsZero
1483/4150 Test #1496: DEC_ExteriorDerivative0.RowSumIsZero ............................................................................   Passed    0.00 sec
          Start 1497: DEC_ExteriorDerivative0.GradientOfConstantIsZero
1484/4150 Test #1497: DEC_ExteriorDerivative0.GradientOfConstantIsZero ................................................................   Passed    0.01 sec
          Start 1498: DEC_ExteriorDerivative0.GradientOfLinearFunction
1485/4150 Test #1498: DEC_ExteriorDerivative0.GradientOfLinearFunction ................................................................   Passed    0.00 sec
          Start 1499: DEC_ExteriorDerivative1.DimensionsMatchMesh
1486/4150 Test #1499: DEC_ExteriorDerivative1.DimensionsMatchMesh .....................................................................   Passed    0.00 sec
          Start 1500: DEC_ExteriorDerivative1.TriangleFacesHaveThreeEntries
1487/4150 Test #1500: DEC_ExteriorDerivative1.TriangleFacesHaveThreeEntries ...........................................................   Passed    0.00 sec
          Start 1501: DEC_ExteriorDerivative1.EntriesArePlusMinusOne
1488/4150 Test #1501: DEC_ExteriorDerivative1.EntriesArePlusMinusOne ..................................................................   Passed    0.00 sec
          Start 1502: DEC_ExteriorDerivative1.ExactnessD1D0IsZero
1489/4150 Test #1502: DEC_ExteriorDerivative1.ExactnessD1D0IsZero .....................................................................   Passed    0.00 sec
          Start 1503: DEC_HodgeStar0.DimensionsMatchVertexCount
1490/4150 Test #1503: DEC_HodgeStar0.DimensionsMatchVertexCount .......................................................................   Passed    0.00 sec
          Start 1504: DEC_HodgeStar0.AllEntriesPositive
1491/4150 Test #1504: DEC_HodgeStar0.AllEntriesPositive ...............................................................................   Passed    0.00 sec
          Start 1505: DEC_HodgeStar0.SumEqualsTotalArea
1492/4150 Test #1505: DEC_HodgeStar0.SumEqualsTotalArea ...............................................................................   Passed    0.00 sec
          Start 1506: DEC_HodgeStar0.SingleTriangleSumEqualsArea
1493/4150 Test #1506: DEC_HodgeStar0.SingleTriangleSumEqualsArea ......................................................................   Passed    0.00 sec
          Start 1507: DEC_HodgeStar0.EquilateralTriangleEqualAreas
1494/4150 Test #1507: DEC_HodgeStar0.EquilateralTriangleEqualAreas ....................................................................   Passed    0.00 sec
          Start 1508: DEC_HodgeStar0.RegularTetrahedronEqualAreas
1495/4150 Test #1508: DEC_HodgeStar0.RegularTetrahedronEqualAreas .....................................................................   Passed    0.00 sec
          Start 1509: DEC_HodgeStar1.DimensionsMatchEdgeCount
1496/4150 Test #1509: DEC_HodgeStar1.DimensionsMatchEdgeCount .........................................................................   Passed    0.00 sec
          Start 1510: DEC_HodgeStar1.InteriorEdgesPositive
1497/4150 Test #1510: DEC_HodgeStar1.InteriorEdgesPositive ............................................................................   Passed    0.00 sec
          Start 1511: DEC_HodgeStar1.RegularTetrahedronEqualWeights
1498/4150 Test #1511: DEC_HodgeStar1.RegularTetrahedronEqualWeights ...................................................................   Passed    0.00 sec
          Start 1512: DEC_HodgeStar1.EquilateralTriangleCotanValue
1499/4150 Test #1512: DEC_HodgeStar1.EquilateralTriangleCotanValue ....................................................................   Passed    0.00 sec
          Start 1513: DEC_HodgeStar2.DimensionsMatchFaceCount
1500/4150 Test #1513: DEC_HodgeStar2.DimensionsMatchFaceCount .........................................................................   Passed    0.00 sec
          Start 1514: DEC_HodgeStar2.AllEntriesPositive
1501/4150 Test #1514: DEC_HodgeStar2.AllEntriesPositive ...............................................................................   Passed    0.00 sec
          Start 1515: DEC_HodgeStar2.InverseAreaCorrect
1502/4150 Test #1515: DEC_HodgeStar2.InverseAreaCorrect ...............................................................................   Passed    0.00 sec
          Start 1516: DEC_HodgeStar2.TwoTriangleSquareAreas
1503/4150 Test #1516: DEC_HodgeStar2.TwoTriangleSquareAreas ...........................................................................   Passed    0.00 sec
          Start 1517: DEC_Laplacian.DimensionsAreVxV
1504/4150 Test #1517: DEC_Laplacian.DimensionsAreVxV ..................................................................................   Passed    0.00 sec
          Start 1518: DEC_Laplacian.RowSumsAreZero
1505/4150 Test #1518: DEC_Laplacian.RowSumsAreZero ....................................................................................   Passed    0.00 sec
          Start 1519: DEC_Laplacian.ConstantFunctionInKernel
1506/4150 Test #1519: DEC_Laplacian.ConstantFunctionInKernel ..........................................................................   Passed    0.00 sec
          Start 1520: DEC_Laplacian.SymmetricMatrix
1507/4150 Test #1520: DEC_Laplacian.SymmetricMatrix ...................................................................................   Passed    0.00 sec
          Start 1521: DEC_Laplacian.NegativeSemidefinite
1508/4150 Test #1521: DEC_Laplacian.NegativeSemidefinite ..............................................................................   Passed    0.00 sec
          Start 1522: DEC_Laplacian.OffDiagonalNonPositive
1509/4150 Test #1522: DEC_Laplacian.OffDiagonalNonPositive ............................................................................   Passed    0.00 sec
          Start 1523: DEC_Laplacian.DiagonalPositive
1510/4150 Test #1523: DEC_Laplacian.DiagonalPositive ..................................................................................   Passed    0.00 sec
          Start 1524: DEC_Laplacian.RegularTetrahedronSymmetricRows
1511/4150 Test #1524: DEC_Laplacian.RegularTetrahedronSymmetricRows ...................................................................   Passed    0.00 sec
          Start 1525: DEC_BuildOperators.AllOperatorsValid
1512/4150 Test #1525: DEC_BuildOperators.AllOperatorsValid ............................................................................   Passed    0.00 sec
          Start 1526: DEC_BuildOperators.ConsistentDimensions
1513/4150 Test #1526: DEC_BuildOperators.ConsistentDimensions .........................................................................   Passed    0.00 sec
          Start 1527: DEC_SparseMatrix.MultiplyTransposeConsistent
1514/4150 Test #1527: DEC_SparseMatrix.MultiplyTransposeConsistent ....................................................................   Passed    0.00 sec
          Start 1528: DEC_DiagonalMatrix.MultiplyCorrect
1515/4150 Test #1528: DEC_DiagonalMatrix.MultiplyCorrect ..............................................................................   Passed    0.00 sec
          Start 1529: DEC_DiagonalMatrix.MultiplyInverseCorrect
1516/4150 Test #1529: DEC_DiagonalMatrix.MultiplyInverseCorrect .......................................................................   Passed    0.00 sec
          Start 1530: DEC_DiagonalMatrix.MultiplyInverseHandlesZero
1517/4150 Test #1530: DEC_DiagonalMatrix.MultiplyInverseHandlesZero ...................................................................   Passed    0.00 sec
          Start 1531: DEC_Integration.HodgeStarDuality
1518/4150 Test #1531: DEC_Integration.HodgeStarDuality ................................................................................   Passed    0.01 sec
          Start 1532: DEC_Integration.LaplacianMatchesD0TH1D0
1519/4150 Test #1532: DEC_Integration.LaplacianMatchesD0TH1D0 .........................................................................   Passed    0.00 sec
          Start 1533: DEC_EdgeCases.SingleTriangleBoundary
1520/4150 Test #1533: DEC_EdgeCases.SingleTriangleBoundary ............................................................................   Passed    0.00 sec
          Start 1534: DEC_EdgeCases.SubdividedTriangleMixedBoundary
1521/4150 Test #1534: DEC_EdgeCases.SubdividedTriangleMixedBoundary ...................................................................   Passed    0.00 sec
          Start 1535: DEC_LaplacianCache.BuildFromRegularTetrahedron
1522/4150 Test #1535: DEC_LaplacianCache.BuildFromRegularTetrahedron ..................................................................   Passed    0.01 sec
          Start 1536: DEC_LaplacianCache.MassInverseIsConsistentWithHodge0
1523/4150 Test #1536: DEC_LaplacianCache.MassInverseIsConsistentWithHodge0 ............................................................   Passed    0.00 sec
          Start 1537: DEC_LaplacianCache.MassSqrtInverseIsConsistentWithHodge0
1524/4150 Test #1537: DEC_LaplacianCache.MassSqrtInverseIsConsistentWithHodge0 ........................................................   Passed    0.00 sec
          Start 1538: DEC_LaplacianCache.SymNormalizedLaplacianIsSymmetric
1525/4150 Test #1538: DEC_LaplacianCache.SymNormalizedLaplacianIsSymmetric ............................................................   Passed    0.00 sec
          Start 1539: DEC_LaplacianCache.SymNormalizedRowSumsAreZero
1526/4150 Test #1539: DEC_LaplacianCache.SymNormalizedRowSumsAreZero ..................................................................   Passed    0.01 sec
          Start 1540: DEC_Diagnostics.RegularTetrahedronPassesAll
1527/4150 Test #1540: DEC_Diagnostics.RegularTetrahedronPassesAll .....................................................................   Passed    0.00 sec
          Start 1541: DEC_Diagnostics.SubdividedTrianglePassesAll
1528/4150 Test #1541: DEC_Diagnostics.SubdividedTrianglePassesAll .....................................................................   Passed    0.00 sec
          Start 1542: DEC_Diagnostics.SingleTrianglePassesAll
1529/4150 Test #1542: DEC_Diagnostics.SingleTrianglePassesAll .........................................................................   Passed    0.00 sec
          Start 1543: DEC_Diagnostics.EmptyMatrixDoesNotCrash
1530/4150 Test #1543: DEC_Diagnostics.EmptyMatrixDoesNotCrash .........................................................................   Passed    0.00 sec
          Start 1544: DEC_HeatKernel.HodgeStar1AllPositive
1531/4150 Test #1544: DEC_HeatKernel.HodgeStar1AllPositive ............................................................................   Passed    0.00 sec
          Start 1545: DEC_HeatKernel.RegularTetrahedronEqualWeights
1532/4150 Test #1545: DEC_HeatKernel.RegularTetrahedronEqualWeights ...................................................................   Passed    0.00 sec
          Start 1546: DEC_HeatKernel.AutoTimeParamMeanEdgeLengthSq
1533/4150 Test #1546: DEC_HeatKernel.AutoTimeParamMeanEdgeLengthSq ....................................................................   Passed    0.00 sec
          Start 1547: DEC_HeatKernel.ExplicitTimeParam
1534/4150 Test #1547: DEC_HeatKernel.ExplicitTimeParam ................................................................................   Passed    0.01 sec
          Start 1548: DEC_HeatKernel.LargeTimeLimitUniform
1535/4150 Test #1548: DEC_HeatKernel.LargeTimeLimitUniform ............................................................................   Passed    0.00 sec
          Start 1549: DEC_HeatKernel.SmallTimeDiscriminatesEdgeLengths
1536/4150 Test #1549: DEC_HeatKernel.SmallTimeDiscriminatesEdgeLengths ................................................................   Passed    0.00 sec
          Start 1550: DEC_HeatKernel.LaplacianPassesDiagnostics
1537/4150 Test #1550: DEC_HeatKernel.LaplacianPassesDiagnostics .......................................................................   Passed    0.00 sec
          Start 1551: DEC_HeatKernel.LaplacianSubdividedTrianglePassesDiagnostics
1538/4150 Test #1551: DEC_HeatKernel.LaplacianSubdividedTrianglePassesDiagnostics .....................................................   Passed    0.00 sec
          Start 1552: DEC_HeatKernel.LaplacianConstantInKernel
1539/4150 Test #1552: DEC_HeatKernel.LaplacianConstantInKernel ........................................................................   Passed    0.00 sec
          Start 1553: DEC_HeatKernel.LaplacianMatchesHodge1Weights
1540/4150 Test #1553: DEC_HeatKernel.LaplacianMatchesHodge1Weights ....................................................................   Passed    0.00 sec
          Start 1554: DEC_HeatKernel.BuildOperatorsValid
1541/4150 Test #1554: DEC_HeatKernel.BuildOperatorsValid ..............................................................................   Passed    0.01 sec
          Start 1555: DEC_HeatKernel.LaplacianCacheValid
1542/4150 Test #1555: DEC_HeatKernel.LaplacianCacheValid ..............................................................................   Passed    0.00 sec
          Start 1556: DEC_HeatKernel.SymNormalizedLaplacianSymmetric
1543/4150 Test #1556: DEC_HeatKernel.SymNormalizedLaplacianSymmetric ..................................................................   Passed    0.00 sec
          Start 1557: DEC_HeatKernel.ObtuseTriangleAlwaysPositive
1544/4150 Test #1557: DEC_HeatKernel.ObtuseTriangleAlwaysPositive .....................................................................   Passed    0.00 sec
          Start 1558: DEC_HeatKernel.CotanModePassthrough
1545/4150 Test #1558: DEC_HeatKernel.CotanModePassthrough .............................................................................   Passed    0.00 sec
          Start 1559: DEC_HeatKernel.SolveCGShiftedWithHeatKernel
1546/4150 Test #1559: DEC_HeatKernel.SolveCGShiftedWithHeatKernel .....................................................................   Passed    0.00 sec
          Start 1560: DEC_StiffnessModes.RowSumsZeroAndSymmetricForEveryMode
1547/4150 Test #1560: DEC_StiffnessModes.RowSumsZeroAndSymmetricForEveryMode ..........................................................   Passed    0.01 sec
          Start 1561: DEC_StiffnessModes.GraphWeightsAreUnitPerEdge
1548/4150 Test #1561: DEC_StiffnessModes.GraphWeightsAreUnitPerEdge ...................................................................   Passed    0.00 sec
          Start 1562: DEC_StiffnessModes.FujiwaraWeightsMatchInverseLength
1549/4150 Test #1562: DEC_StiffnessModes.FujiwaraWeightsMatchInverseLength ............................................................   Passed    0.00 sec
          Start 1563: DEC_StiffnessModes.ModifiedNormalEqualsCotanTimesNormalDot
1550/4150 Test #1563: DEC_StiffnessModes.ModifiedNormalEqualsCotanTimesNormalDot ......................................................   Passed    0.00 sec
          Start 1564: DEC_StiffnessModes.FailClosedOnEmptyMesh
1551/4150 Test #1564: DEC_StiffnessModes.FailClosedOnEmptyMesh ........................................................................   Passed    0.00 sec
          Start 1565: DEC_StiffnessModes.FailClosedOnNonFinitePositions
1552/4150 Test #1565: DEC_StiffnessModes.FailClosedOnNonFinitePositions ...............................................................   Passed    0.00 sec
          Start 1566: DEC_ClampedHalfedgeCotan.MatchesEdgeCotanWeight
1553/4150 Test #1566: DEC_ClampedHalfedgeCotan.MatchesEdgeCotanWeight .................................................................   Passed    0.00 sec
          Start 1567: DEC_ClampedHalfedgeCotan.ClampEngagesOnSliver
1554/4150 Test #1567: DEC_ClampedHalfedgeCotan.ClampEngagesOnSliver ...................................................................   Passed    0.00 sec
          Start 1568: DEC_MassModes.VoronoiVariantReproducesDefault
1555/4150 Test #1568: DEC_MassModes.VoronoiVariantReproducesDefault ...................................................................   Passed    0.00 sec
          Start 1569: DEC_MassModes.AllLumpedModesPartitionTotalArea
1556/4150 Test #1569: DEC_MassModes.AllLumpedModesPartitionTotalArea ..................................................................   Passed    0.00 sec
          Start 1570: DEC_MassModes.BarycentricIsOneThirdIncidentArea
1557/4150 Test #1570: DEC_MassModes.BarycentricIsOneThirdIncidentArea .................................................................   Passed    0.01 sec
          Start 1571: DEC_MassModes.GalerkinRowSumsEqualLumpedSum
1558/4150 Test #1571: DEC_MassModes.GalerkinRowSumsEqualLumpedSum .....................................................................   Passed    0.01 sec
          Start 1572: DEC_MassModes.GalerkinConsistentMassIsSymmetricSPD
1559/4150 Test #1572: DEC_MassModes.GalerkinConsistentMassIsSymmetricSPD ..............................................................   Passed    0.00 sec
          Start 1573: DEC_MassModes.GalerkinOperatorsPopulateConsistentAndLumped
1560/4150 Test #1573: DEC_MassModes.GalerkinOperatorsPopulateConsistentAndLumped ......................................................   Passed    0.00 sec
          Start 1574: DEC_MassModes.FailClosedOnEmptyAndNonFinite
1561/4150 Test #1574: DEC_MassModes.FailClosedOnEmptyAndNonFinite .....................................................................   Passed    0.00 sec
          Start 1575: Quadric_Probabilistic.PlaneZeroVarianceMatchesDeterministicPlane
1562/4150 Test #1575: Quadric_Probabilistic.PlaneZeroVarianceMatchesDeterministicPlane ................................................   Passed    0.00 sec
          Start 1576: Quadric_Probabilistic.PlaneIsotropicAndGeneralCovarianceVariantsAgree
1563/4150 Test #1576: Quadric_Probabilistic.PlaneIsotropicAndGeneralCovarianceVariantsAgree ...........................................   Passed    0.00 sec
          Start 1577: Quadric_Probabilistic.TriangleIsotropicAndGeneralCovarianceVariantsAgree
1564/4150 Test #1577: Quadric_Probabilistic.TriangleIsotropicAndGeneralCovarianceVariantsAgree ........................................   Passed    0.00 sec
          Start 1578: Quadric_Probabilistic.DegenerateTriangleProducesFiniteEnergy
1565/4150 Test #1578: Quadric_Probabilistic.DegenerateTriangleProducesFiniteEnergy ....................................................   Passed    0.00 sec
          Start 1579: MeshTopology_Flip.FlipPreservesVertexCount
1566/4150 Test #1579: MeshTopology_Flip.FlipPreservesVertexCount ......................................................................   Passed    0.00 sec
          Start 1580: MeshTopology_Flip.FlipChangesEndpoints
1567/4150 Test #1580: MeshTopology_Flip.FlipChangesEndpoints ..........................................................................   Passed    0.00 sec
          Start 1581: MeshTopology_Flip.TwoTriangleSquareRejected
1568/4150 Test #1581: MeshTopology_Flip.TwoTriangleSquareRejected .....................................................................   Passed    0.00 sec
          Start 1582: MeshTopology_Flip.BoundaryEdgeReject
1569/4150 Test #1582: MeshTopology_Flip.BoundaryEdgeReject ............................................................................   Passed    0.00 sec
          Start 1583: MeshTopology_Split.InteriorSplitCreatesCorrectCounts
1570/4150 Test #1583: MeshTopology_Split.InteriorSplitCreatesCorrectCounts ............................................................   Passed    0.00 sec
          Start 1584: MeshTopology_Split.BoundarySplitCreatesCorrectCounts
1571/4150 Test #1584: MeshTopology_Split.BoundarySplitCreatesCorrectCounts ............................................................   Passed    0.00 sec
          Start 1585: MeshTopology_Split.NewVertexAtCorrectPosition
1572/4150 Test #1585: MeshTopology_Split.NewVertexAtCorrectPosition ...................................................................   Passed    0.00 sec
          Start 1586: MeshTopology_Collapse.CollapseReducesCounts
1573/4150 Test #1586: MeshTopology_Collapse.CollapseReducesCounts .....................................................................   Passed    0.00 sec
          Start 1587: MeshTopology_Collapse.SingleCollapsePreservesNextCycles
1574/4150 Test #1587: MeshTopology_Collapse.SingleCollapsePreservesNextCycles .........................................................   Passed    0.00 sec
          Start 1588: MeshTopology_Collapse.SurvivingVertexAtCorrectPosition
1575/4150 Test #1588: MeshTopology_Collapse.SurvivingVertexAtCorrectPosition ..........................................................   Passed    0.00 sec
          Start 1589: MeshTopology_Collapse.DirectedHalfedgeCollapsePreservesToVertexWhileLegacyEdgeCollapseKeepsHistoricalSurvivor
1576/4150 Test #1589: MeshTopology_Collapse.DirectedHalfedgeCollapsePreservesToVertexWhileLegacyEdgeCollapseKeepsHistoricalSurvivor ...   Passed    0.00 sec
          Start 1590: Simplification_QEM.ReducesFaceCount
1577/4150 Test #1590: Simplification_QEM.ReducesFaceCount .............................................................................   Passed    0.01 sec
          Start 1591: Simplification_QEM.RespectsTargetFaceCount
1578/4150 Test #1591: Simplification_QEM.RespectsTargetFaceCount ......................................................................   Passed    0.01 sec
          Start 1592: Simplification_QEM.TooFewFacesReturnsNullopt
1579/4150 Test #1592: Simplification_QEM.TooFewFacesReturnsNullopt ....................................................................   Passed    0.00 sec
          Start 1593: Simplification_QEM.ErrorThresholdStopsEarly
1580/4150 Test #1593: Simplification_QEM.ErrorThresholdStopsEarly .....................................................................   Passed    0.01 sec
          Start 1594: Simplification_QEM.PreservedMeshIsValid
1581/4150 Test #1594: Simplification_QEM.PreservedMeshIsValid .........................................................................   Passed    0.01 sec
          Start 1595: Simplification_QEM.GarbageCollectionKeepsFaceHalfedgesValidAfterDenseSimplification
1582/4150 Test #1595: Simplification_QEM.GarbageCollectionKeepsFaceHalfedgesValidAfterDenseSimplification .............................   Passed    0.24 sec
          Start 1596: Simplification_QEM.DenseClosedMeshStaysClosed
1583/4150 Test #1596: Simplification_QEM.DenseClosedMeshStaysClosed ...................................................................   Passed    0.24 sec
          Start 1597: Simplification_QEM.HausdorffErrorConstraintSmallMeshSentinel
1584/4150 Test #1597: Simplification_QEM.HausdorffErrorConstraintSmallMeshSentinel ....................................................   Passed    0.02 sec
          Start 1598: Simplification_QEM.RepeatedWorkflowSmallMeshSentinel
1585/4150 Test #1598: Simplification_QEM.RepeatedWorkflowSmallMeshSentinel ............................................................   Passed    0.01 sec
          Start 1599: Simplification_QEM.ConfigurableQuadricsSmallMeshSentinel
1586/4150 Test #1599: Simplification_QEM.ConfigurableQuadricsSmallMeshSentinel ........................................................   Passed    0.01 sec
          Start 1600: Simplification_QEM.ProbabilisticQuadricsSmallMeshSentinel
1587/4150 Test #1600: Simplification_QEM.ProbabilisticQuadricsSmallMeshSentinel .......................................................   Passed    0.01 sec
          Start 1601: Simplification_QEM.MissingCovariancePropertiesFallBackToZeroCovariance
1588/4150 Test #1601: Simplification_QEM.MissingCovariancePropertiesFallBackToZeroCovariance ..........................................   Passed    0.23 sec
          Start 1602: Simplification_QEM.OpenBoundaryPatchKeepsDiskTopology
1589/4150 Test #1602: Simplification_QEM.OpenBoundaryPatchKeepsDiskTopology ...........................................................   Passed    0.01 sec
          Start 1603: Simplification_QEM.PreserveBoundaryPreventsCollapsesOnOpenPatch
1590/4150 Test #1603: Simplification_QEM.PreserveBoundaryPreventsCollapsesOnOpenPatch .................................................   Passed    0.00 sec
          Start 1604: MeshRepair_BoundaryDetection.ClosedMeshHasNoBoundary
1591/4150 Test #1604: MeshRepair_BoundaryDetection.ClosedMeshHasNoBoundary ............................................................   Passed    0.00 sec
          Start 1605: MeshRepair_BoundaryDetection.OpenMeshHasBoundary
1592/4150 Test #1605: MeshRepair_BoundaryDetection.OpenMeshHasBoundary ................................................................   Passed    0.00 sec
          Start 1606: MeshRepair_BoundaryDetection.TwoTriangleSquareHasBoundary
1593/4150 Test #1606: MeshRepair_BoundaryDetection.TwoTriangleSquareHasBoundary .......................................................   Passed    0.00 sec
          Start 1607: MeshRepair_HoleFilling.FillsTriangularHole
1594/4150 Test #1607: MeshRepair_HoleFilling.FillsTriangularHole ......................................................................   Passed    0.00 sec
          Start 1608: MeshRepair_HoleFilling.EmptyMeshReturnsNullopt
1595/4150 Test #1608: MeshRepair_HoleFilling.EmptyMeshReturnsNullopt ..................................................................   Passed    0.00 sec
          Start 1609: MeshRepair_HoleFilling.ClosedMeshReportsZeroHoles
1596/4150 Test #1609: MeshRepair_HoleFilling.ClosedMeshReportsZeroHoles ...............................................................   Passed    0.00 sec
          Start 1610: MeshRepair_DegenerateFaces.DetectsZeroAreaTriangle
1597/4150 Test #1610: MeshRepair_DegenerateFaces.DetectsZeroAreaTriangle ..............................................................   Passed    0.00 sec
          Start 1611: MeshRepair_DegenerateFaces.PreservesValidTriangles
1598/4150 Test #1611: MeshRepair_DegenerateFaces.PreservesValidTriangles ..............................................................   Passed    0.00 sec
          Start 1612: MeshRepair_DegenerateFaces.EmptyMeshReturnsNullopt
1599/4150 Test #1612: MeshRepair_DegenerateFaces.EmptyMeshReturnsNullopt ..............................................................   Passed    0.00 sec
          Start 1613: MeshRepair_Orientation.ClosedMeshIsConsistent
1600/4150 Test #1613: MeshRepair_Orientation.ClosedMeshIsConsistent ...................................................................   Passed    0.00 sec
          Start 1614: MeshRepair_Orientation.EmptyMeshReturnsNullopt
1601/4150 Test #1614: MeshRepair_Orientation.EmptyMeshReturnsNullopt ..................................................................   Passed    0.00 sec
          Start 1615: MeshRepair_Orientation.IcosahedronSingleComponent
1602/4150 Test #1615: MeshRepair_Orientation.IcosahedronSingleComponent ...............................................................   Passed    0.00 sec
          Start 1616: MeshRepair_Combined.RepairValidMesh
1603/4150 Test #1616: MeshRepair_Combined.RepairValidMesh .............................................................................   Passed    0.00 sec
          Start 1617: MeshRepair_Combined.RepairWithDegenerates
1604/4150 Test #1617: MeshRepair_Combined.RepairWithDegenerates .......................................................................   Passed    0.00 sec
          Start 1618: MeshRepair_Combined.EmptyMeshReturnsNullopt
1605/4150 Test #1618: MeshRepair_Combined.EmptyMeshReturnsNullopt .....................................................................   Passed    0.00 sec
          Start 1619: MeshConversion.ConvertsValidSoupToHalfedgeMeshWithFailureDiagnostics
1606/4150 Test #1619: MeshConversion.ConvertsValidSoupToHalfedgeMeshWithFailureDiagnostics ............................................   Passed    0.00 sec
          Start 1620: MeshConversion.ConvertsHalfedgeMeshToIndexedSoupAndBack
1607/4150 Test #1620: MeshConversion.ConvertsHalfedgeMeshToIndexedSoupAndBack .........................................................   Passed    0.00 sec
          Start 1621: MeshConversion.ConvertedHalfedgeMeshOutlivesSourceViaMoveOwnershipTransfer
1608/4150 Test #1621: MeshConversion.ConvertedHalfedgeMeshOutlivesSourceViaMoveOwnershipTransfer ......................................   Passed    0.00 sec
          Start 1622: MeshSoup.EmptyInputIsValid
1609/4150 Test #1622: MeshSoup.EmptyInputIsValid ......................................................................................   Passed    0.00 sec
          Start 1623: MeshSoup.ValidTriangleSoupAndBorrowedViewAreAccepted
1610/4150 Test #1623: MeshSoup.ValidTriangleSoupAndBorrowedViewAreAccepted ............................................................   Passed    0.00 sec
          Start 1624: MeshSoup.PolygonSoupIsAccepted
1611/4150 Test #1624: MeshSoup.PolygonSoupIsAccepted ..................................................................................   Passed    0.00 sec
          Start 1625: MeshSoup.DuplicateVerticesAreWarnings
1612/4150 Test #1625: MeshSoup.DuplicateVerticesAreWarnings ...........................................................................   Passed    0.00 sec
          Start 1626: MeshSoup.DuplicateVerticesTreatSignedZeroAsEqual
1613/4150 Test #1626: MeshSoup.DuplicateVerticesTreatSignedZeroAsEqual ................................................................   Passed    0.00 sec
          Start 1627: MeshSoup.InvalidIndicesAreErrors
1614/4150 Test #1627: MeshSoup.InvalidIndicesAreErrors ................................................................................   Passed    0.00 sec
          Start 1628: MeshSoup.DegenerateFacesAreErrors
1615/4150 Test #1628: MeshSoup.DegenerateFacesAreErrors ...............................................................................   Passed    0.00 sec
          Start 1629: MeshSoup.NonManifoldEdgesAreErrors
1616/4150 Test #1629: MeshSoup.NonManifoldEdgesAreErrors ..............................................................................   Passed    0.00 sec
          Start 1630: MeshSoup.InconsistentWindingIsReportedForSameDirectedSharedEdge
1617/4150 Test #1630: MeshSoup.InconsistentWindingIsReportedForSameDirectedSharedEdge .................................................   Passed    0.00 sec
          Start 1631: MeshSoup.PropertySetsStoreVertexFaceAndCornerDomains
1618/4150 Test #1631: MeshSoup.PropertySetsStoreVertexFaceAndCornerDomains ............................................................   Passed    0.00 sec
          Start 1632: MeshSoup.CopyAndMoveRebindBuiltInPropertyHandles
1619/4150 Test #1632: MeshSoup.CopyAndMoveRebindBuiltInPropertyHandles ................................................................   Passed    0.00 sec
          Start 1633: MeshSoup.AttributeArityMismatchesUsePropertySetDomainCardinality
1620/4150 Test #1633: MeshSoup.AttributeArityMismatchesUsePropertySetDomainCardinality ................................................   Passed    0.00 sec
          Start 1634: PointCloudConversion.EmptyCloudRoundTripsThroughSoup
1621/4150 Test #1634: PointCloudConversion.EmptyCloudRoundTripsThroughSoup ............................................................   Passed    0.00 sec
          Start 1635: PointCloudConversion.CloudPositionsRoundTripPreservesOrder
1622/4150 Test #1635: PointCloudConversion.CloudPositionsRoundTripPreservesOrder ......................................................   Passed    0.00 sec
          Start 1636: PointCloudConversion.ConvertedCloudOutlivesAndDecouplesFromSource
1623/4150 Test #1636: PointCloudConversion.ConvertedCloudOutlivesAndDecouplesFromSource ...............................................   Passed    0.00 sec
          Start 1637: PointCloudConversion.DeletedPointsAreOmittedWithDiagnostic
1624/4150 Test #1637: PointCloudConversion.DeletedPointsAreOmittedWithDiagnostic ......................................................   Passed    0.00 sec
          Start 1638: PointCloudConversion.SoupFacesAreDroppedWithDiagnostic
1625/4150 Test #1638: PointCloudConversion.SoupFacesAreDroppedWithDiagnostic ..........................................................   Passed    0.00 sec
          Start 1639: PointCloudConversion.CloudWithBuiltInAttributesEmitsRemapWarnings
1626/4150 Test #1639: PointCloudConversion.CloudWithBuiltInAttributesEmitsRemapWarnings ...............................................   Passed    0.00 sec
          Start 1640: PointCloudConversion.CloudWithUserPropertyEmitsRemapWarning
1627/4150 Test #1640: PointCloudConversion.CloudWithUserPropertyEmitsRemapWarning .....................................................   Passed    0.00 sec
          Start 1641: PointCloudConversion.InvalidSoupIndexHaltsToPointCloud
1628/4150 Test #1641: PointCloudConversion.InvalidSoupIndexHaltsToPointCloud ..........................................................   Passed    0.00 sec
          Start 1642: PointCloudConversion.BorrowedViewWithFacePropertiesEmitsRemapWarning
1629/4150 Test #1642: PointCloudConversion.BorrowedViewWithFacePropertiesEmitsRemapWarning ............................................   Passed    0.00 sec
          Start 1643: PointCloudConversion.SubmeshViewHonorsOffsetAndSize
1630/4150 Test #1643: PointCloudConversion.SubmeshViewHonorsOffsetAndSize .............................................................   Passed    0.00 sec
          Start 1644: PointCloudConversion.SubmeshViewSkipsDeletedInRangeAndIgnoresDeletedOutsideRange
1631/4150 Test #1644: PointCloudConversion.SubmeshViewSkipsDeletedInRangeAndIgnoresDeletedOutsideRange ................................   Passed    0.00 sec
          Start 1645: MeshBuilder.AABBProducesQuadBox
1632/4150 Test #1645: MeshBuilder.AABBProducesQuadBox .................................................................................   Passed    0.00 sec
          Start 1646: MeshBuilder.DegenerateAABBReturnsNullopt
1633/4150 Test #1646: MeshBuilder.DegenerateAABBReturnsNullopt ........................................................................   Passed    0.00 sec
          Start 1647: MeshBuilder.OBBProducesQuadBox
1634/4150 Test #1647: MeshBuilder.OBBProducesQuadBox ..................................................................................   Passed    0.00 sec
          Start 1648: MeshBuilder.SphereSubdivisionZeroMatchesIcosahedronCounts
1635/4150 Test #1648: MeshBuilder.SphereSubdivisionZeroMatchesIcosahedronCounts .......................................................   Passed    0.01 sec
          Start 1649: MeshBuilder.DegenerateSphereReturnsNullopt
1636/4150 Test #1649: MeshBuilder.DegenerateSphereReturnsNullopt ......................................................................   Passed    0.00 sec
          Start 1650: MeshBuilder.CylinderProducesClosedMesh
1637/4150 Test #1650: MeshBuilder.CylinderProducesClosedMesh ..........................................................................   Passed    0.00 sec
          Start 1651: MeshBuilder.CapsuleZeroAxisFallsBackToSphere
1638/4150 Test #1651: MeshBuilder.CapsuleZeroAxisFallsBackToSphere ....................................................................   Passed    0.01 sec
          Start 1652: MeshBuilder.CapsuleProducesClosedMesh
1639/4150 Test #1652: MeshBuilder.CapsuleProducesClosedMesh ...........................................................................   Passed    0.01 sec
          Start 1653: MeshBuilder.EllipsoidProducesFiniteTransformedSphere
1640/4150 Test #1653: MeshBuilder.EllipsoidProducesFiniteTransformedSphere ............................................................   Passed    0.02 sec
          Start 1654: MeshBuilder.PlatonicSolidCounts
1641/4150 Test #1654: MeshBuilder.PlatonicSolidCounts .................................................................................   Passed    0.01 sec
          Start 1655: CG_Solver.SolvesIdentitySystem
1642/4150 Test #1655: CG_Solver.SolvesIdentitySystem ..................................................................................   Passed    0.00 sec
          Start 1656: CG_Solver.SolvesDiagonalSystem
1643/4150 Test #1656: CG_Solver.SolvesDiagonalSystem ..................................................................................   Passed    0.00 sec
          Start 1657: CG_Solver.SolvesSPDTridiagonal
1644/4150 Test #1657: CG_Solver.SolvesSPDTridiagonal ..................................................................................   Passed    0.00 sec
          Start 1658: CG_Solver.SolvesLaplacianSystem
1645/4150 Test #1658: CG_Solver.SolvesLaplacianSystem .................................................................................   Passed    0.00 sec
          Start 1659: CG_Solver.ShiftedSolverConverges
1646/4150 Test #1659: CG_Solver.ShiftedSolverConverges ................................................................................   Passed    0.00 sec
          Start 1660: Remeshing_Isotropic.ReducesEdgeLengthVariance
1647/4150 Test #1660: Remeshing_Isotropic.ReducesEdgeLengthVariance ...................................................................   Passed    0.01 sec
          Start 1661: Remeshing_Isotropic.PerformsSplitsAndCollapses
1648/4150 Test #1661: Remeshing_Isotropic.PerformsSplitsAndCollapses ..................................................................   Passed    0.01 sec
          Start 1662: Remeshing_Isotropic.ShorterTargetIncreasesVertexCount
1649/4150 Test #1662: Remeshing_Isotropic.ShorterTargetIncreasesVertexCount ...........................................................   Passed    0.00 sec
          Start 1663: Remeshing_Isotropic.PreservesBoundaryVertices
1650/4150 Test #1663: Remeshing_Isotropic.PreservesBoundaryVertices ...................................................................   Passed    0.00 sec
          Start 1664: Remeshing_Isotropic.MaintainsValidMesh
1651/4150 Test #1664: Remeshing_Isotropic.MaintainsValidMesh ..........................................................................   Passed    0.01 sec
          Start 1665: Remeshing_Isotropic.TooFewFacesReturnsNullopt
1652/4150 Test #1665: Remeshing_Isotropic.TooFewFacesReturnsNullopt ...................................................................   Passed    0.00 sec
          Start 1666: Remeshing_Isotropic.EmptyMeshReturnsNullopt
1653/4150 Test #1666: Remeshing_Isotropic.EmptyMeshReturnsNullopt .....................................................................   Passed    0.00 sec
          Start 1667: MeshUtils_CotanLaplacian.EmptyMeshReturnsEmptyVector
1654/4150 Test #1667: MeshUtils_CotanLaplacian.EmptyMeshReturnsEmptyVector ............................................................   Passed    0.00 sec
          Start 1668: MeshUtils_CotanLaplacian.SingleTriangleNonZero
1655/4150 Test #1668: MeshUtils_CotanLaplacian.SingleTriangleNonZero ..................................................................   Passed    0.00 sec
          Start 1669: MeshUtils_CotanLaplacian.EquilateralTriangleSymmetry
1656/4150 Test #1669: MeshUtils_CotanLaplacian.EquilateralTriangleSymmetry ............................................................   Passed    0.01 sec
          Start 1670: MeshUtils_CotanLaplacian.ClampedWeightsNonNegative
1657/4150 Test #1670: MeshUtils_CotanLaplacian.ClampedWeightsNonNegative ..............................................................   Passed    0.01 sec
          Start 1671: MeshUtils_CotanLaplacian.ClosedMeshLaplacianSumsToZero
1658/4150 Test #1671: MeshUtils_CotanLaplacian.ClosedMeshLaplacianSumsToZero ..........................................................   Passed    0.00 sec
          Start 1672: MeshUtils_EdgeCotanWeight.EquilateralTriangleBoundaryWeight
1659/4150 Test #1672: MeshUtils_EdgeCotanWeight.EquilateralTriangleBoundaryWeight .....................................................   Passed    0.00 sec
          Start 1673: MeshUtils_OneRingCentroid.IsolatedVertexReturnsSelf
1660/4150 Test #1673: MeshUtils_OneRingCentroid.IsolatedVertexReturnsSelf .............................................................   Passed    0.00 sec
          Start 1674: MeshUtils_OneRingCentroid.EquilateralTriangleCentroids
1661/4150 Test #1674: MeshUtils_OneRingCentroid.EquilateralTriangleCentroids ..........................................................   Passed    0.00 sec
          Start 1675: MeshUtils_OneRingCentroid.RegularTetrahedronSymmetry
1662/4150 Test #1675: MeshUtils_OneRingCentroid.RegularTetrahedronSymmetry ............................................................   Passed    0.01 sec
          Start 1676: EdgeLoop.InvalidEdgeReturnsEmpty
1663/4150 Test #1676: EdgeLoop.InvalidEdgeReturnsEmpty ................................................................................   Passed    0.01 sec
          Start 1677: EdgeLoop.SingleTriangleProducesPath
1664/4150 Test #1677: EdgeLoop.SingleTriangleProducesPath .............................................................................   Passed    0.00 sec
          Start 1678: EdgeLoop.QuadStripVerticalEdgeSelectsColumn
1665/4150 Test #1678: EdgeLoop.QuadStripVerticalEdgeSelectsColumn .....................................................................   Passed    0.00 sec
          Start 1679: EdgeLoop.QuadStripHorizontalEdgeSelectsRow
1666/4150 Test #1679: EdgeLoop.QuadStripHorizontalEdgeSelectsRow ......................................................................   Passed    0.00 sec
          Start 1680: EdgeLoop.ClosedMeshNoDuplicatesOrOverflow
1667/4150 Test #1680: EdgeLoop.ClosedMeshNoDuplicatesOrOverflow .......................................................................   Passed    0.00 sec
          Start 1681: EdgeLoop.StrictQuadStopsAtNonQuadVertex
1668/4150 Test #1681: EdgeLoop.StrictQuadStopsAtNonQuadVertex .........................................................................   Passed    0.00 sec
          Start 1682: EdgeLoop.StrictQuadTraversesQuadStripInterior
1669/4150 Test #1682: EdgeLoop.StrictQuadTraversesQuadStripInterior ...................................................................   Passed    0.00 sec
          Start 1683: EdgeLoop.OddValenceVertexProducesDeterministicResult
1670/4150 Test #1683: EdgeLoop.OddValenceVertexProducesDeterministicResult ............................................................   Passed    0.00 sec
          Start 1684: EdgeLoop.MixedTriQuadFanNoDuplicatesOrOverflow
1671/4150 Test #1684: EdgeLoop.MixedTriQuadFanNoDuplicatesOrOverflow ..................................................................   Passed    0.00 sec
          Start 1685: EdgeLoop.BoundaryMeshStopsAtBoundary
1672/4150 Test #1685: EdgeLoop.BoundaryMeshStopsAtBoundary ............................................................................   Passed    0.00 sec
          Start 1686: EdgeLoop.TwoTriangleDiamondBoundary
1673/4150 Test #1686: EdgeLoop.TwoTriangleDiamondBoundary .............................................................................   Passed    0.00 sec
          Start 1687: EdgeLoop.SubdividedTriangleValence6Interior
1674/4150 Test #1687: EdgeLoop.SubdividedTriangleValence6Interior .....................................................................   Passed    0.00 sec
          Start 1688: EdgeLoop.OrderingIsConsistentAcrossRuns
1675/4150 Test #1688: EdgeLoop.OrderingIsConsistentAcrossRuns .........................................................................   Passed    0.00 sec
          Start 1689: EdgeLoop.AlwaysContainsStartEdge
1676/4150 Test #1689: EdgeLoop.AlwaysContainsStartEdge ................................................................................   Passed    0.00 sec
          Start 1690: EdgeLoop.DegenerateZeroLengthEdgeDoesNotCrash
1677/4150 Test #1690: EdgeLoop.DegenerateZeroLengthEdgeDoesNotCrash ...................................................................   Passed    0.00 sec
          Start 1691: EdgeRing.InvalidEdgeReturnsEmpty
1678/4150 Test #1691: EdgeRing.InvalidEdgeReturnsEmpty ................................................................................   Passed    0.00 sec
          Start 1692: EdgeRing.SingleTriangleBoundaryStops
1679/4150 Test #1692: EdgeRing.SingleTriangleBoundaryStops ............................................................................   Passed    0.00 sec
          Start 1693: EdgeRing.QuadStripVerticalEdgeSelectsAllVerticalEdges
1680/4150 Test #1693: EdgeRing.QuadStripVerticalEdgeSelectsAllVerticalEdges ...........................................................   Passed    0.00 sec
          Start 1694: EdgeRing.QuadStripHorizontalEdgeCrossesStripHeight
1681/4150 Test #1694: EdgeRing.QuadStripHorizontalEdgeCrossesStripHeight ..............................................................   Passed    0.00 sec
          Start 1695: EdgeRing.TriangleStripProducesPath
1682/4150 Test #1695: EdgeRing.TriangleStripProducesPath ..............................................................................   Passed    0.00 sec
          Start 1696: EdgeRing.ClosedMeshNoDuplicatesOrOverflow
1683/4150 Test #1696: EdgeRing.ClosedMeshNoDuplicatesOrOverflow .......................................................................   Passed    0.00 sec
          Start 1697: EdgeRing.StrictQuadStopsAtTriangleFace
1684/4150 Test #1697: EdgeRing.StrictQuadStopsAtTriangleFace ..........................................................................   Passed    0.01 sec
          Start 1698: EdgeRing.StrictQuadTraversesQuadStrip
1685/4150 Test #1698: EdgeRing.StrictQuadTraversesQuadStrip ...........................................................................   Passed    0.00 sec
          Start 1699: EdgeRing.MixedTriQuadFanNoDuplicatesOrOverflow
1686/4150 Test #1699: EdgeRing.MixedTriQuadFanNoDuplicatesOrOverflow ..................................................................   Passed    0.00 sec
          Start 1700: EdgeRing.BoundaryMeshStopsAtBoundary
1687/4150 Test #1700: EdgeRing.BoundaryMeshStopsAtBoundary ............................................................................   Passed    0.00 sec
          Start 1701: EdgeRing.OrderingIsConsistentAcrossRuns
1688/4150 Test #1701: EdgeRing.OrderingIsConsistentAcrossRuns .........................................................................   Passed    0.00 sec
          Start 1702: EdgeRing.AlwaysContainsStartEdge
1689/4150 Test #1702: EdgeRing.AlwaysContainsStartEdge ................................................................................   Passed    0.00 sec
          Start 1703: AndersonAcceleration.ContractionUsesFiniteSafeguardedMix
1690/4150 Test #1703: AndersonAcceleration.ContractionUsesFiniteSafeguardedMix ........................................................   Passed    0.00 sec
          Start 1704: AndersonAcceleration.DimensionChangesResetPrivateHistory
1691/4150 Test #1704: AndersonAcceleration.DimensionChangesResetPrivateHistory ........................................................   Passed    0.00 sec
          Start 1705: AndersonAcceleration.ExtremeFiniteInputsFailClosedWithoutHistoryMutation
1692/4150 Test #1705: AndersonAcceleration.ExtremeFiniteInputsFailClosedWithoutHistoryMutation ........................................   Passed    0.00 sec
          Start 1706: AndersonAcceleration.SafeguardAndSingularMixFallBackToPlainStep
1693/4150 Test #1706: AndersonAcceleration.SafeguardAndSingularMixFallBackToPlainStep .................................................   Passed    0.00 sec
          Start 1707: AndersonAcceleration.ZeroDampingPublishesThePlainMappedValue
1694/4150 Test #1707: AndersonAcceleration.ZeroDampingPublishesThePlainMappedValue ....................................................   Passed    0.00 sec
          Start 1708: GaussianMixture.KMeansPlusPlusInitializationIsSeedDeterministic
1695/4150 Test #1708: GaussianMixture.KMeansPlusPlusInitializationIsSeedDeterministic .................................................   Passed    0.00 sec
          Start 1709: GaussianMixture.IdentityLogPdfAndSeededSampleAreDeterministic
1696/4150 Test #1709: GaussianMixture.IdentityLogPdfAndSeededSampleAreDeterministic ...................................................   Passed    0.00 sec
          Start 1710: GaussianMixture.CovarianceSymmetryCheckIsScaleAware
1697/4150 Test #1710: GaussianMixture.CovarianceSymmetryCheckIsScaleAware .............................................................   Passed    0.00 sec
          Start 1711: GaussianMixture.RecoversSeparatedComponentsAndMonotonicLikelihood
1698/4150 Test #1711: GaussianMixture.RecoversSeparatedComponentsAndMonotonicLikelihood ...............................................   Passed    0.00 sec
          Start 1712: GaussianMixture.RecoversThreeSeparatedComponents
1699/4150 Test #1712: GaussianMixture.RecoversThreeSeparatedComponents ................................................................   Passed    0.00 sec
          Start 1713: GaussianMixture.AndersonMatchesPlainEmWithoutMoreIterations
1700/4150 Test #1713: GaussianMixture.AndersonMatchesPlainEmWithoutMoreIterations .....................................................   Passed    0.02 sec
          Start 1714: GaussianMixture.CoincidentPointsUseCovarianceFloorDeterministically
1701/4150 Test #1714: GaussianMixture.CoincidentPointsUseCovarianceFloorDeterministically .............................................   Passed    0.00 sec
          Start 1715: GaussianMixture.InvalidInputsFailClosed
1702/4150 Test #1715: GaussianMixture.InvalidInputsFailClosed .........................................................................   Passed    0.00 sec
          Start 1716: SurfaceReconstruction.EmptyPointsReturnsNullopt
1703/4150 Test #1716: SurfaceReconstruction.EmptyPointsReturnsNullopt .................................................................   Passed    0.00 sec
          Start 1717: SurfaceReconstruction.TooFewPointsReturnsNullopt
1704/4150 Test #1717: SurfaceReconstruction.TooFewPointsReturnsNullopt ................................................................   Passed    0.00 sec
          Start 1718: SurfaceReconstruction.MismatchedNormalsReturnsNullopt
1705/4150 Test #1718: SurfaceReconstruction.MismatchedNormalsReturnsNullopt ...........................................................   Passed    0.00 sec
          Start 1719: SurfaceReconstruction.NoNormalsAndNoEstimationReturnsNullopt
1706/4150 Test #1719: SurfaceReconstruction.NoNormalsAndNoEstimationReturnsNullopt ....................................................   Passed    0.00 sec
          Start 1720: SurfaceReconstruction.ZeroResolutionReturnsNullopt
1707/4150 Test #1720: SurfaceReconstruction.ZeroResolutionReturnsNullopt ..............................................................   Passed    0.00 sec
          Start 1721: SurfaceReconstruction.InvalidNormalsAreRejected
1708/4150 Test #1721: SurfaceReconstruction.InvalidNormalsAreRejected .................................................................   Passed    0.04 sec
          Start 1722: SurfaceReconstruction.AllInvalidNormalsReturnNullopt
1709/4150 Test #1722: SurfaceReconstruction.AllInvalidNormalsReturnNullopt ............................................................   Passed    0.00 sec
          Start 1723: SurfaceReconstruction.SphereWithProvidedNormals
1710/4150 Test #1723: SurfaceReconstruction.SphereWithProvidedNormals .................................................................   Passed    0.08 sec
          Start 1724: SurfaceReconstruction.SphereWithEstimatedNormals
1711/4150 Test #1724: SurfaceReconstruction.SphereWithEstimatedNormals ................................................................   Passed    0.09 sec
          Start 1725: SurfaceReconstruction.SphereWithWeightedDistance
1712/4150 Test #1725: SurfaceReconstruction.SphereWithWeightedDistance ................................................................   Passed    0.19 sec
          Start 1726: SurfaceReconstruction.OutputMeshHasVerticesAndFaces
1713/4150 Test #1726: SurfaceReconstruction.OutputMeshHasVerticesAndFaces .............................................................   Passed    0.04 sec
          Start 1727: SurfaceReconstruction.HigherResolutionMoreDetail
1714/4150 Test #1727: SurfaceReconstruction.HigherResolutionMoreDetail ................................................................   Passed    0.15 sec
          Start 1728: SurfaceReconstruction.SphereReconstructionApproximatesRadius
1715/4150 Test #1728: SurfaceReconstruction.SphereReconstructionApproximatesRadius ....................................................   Passed    0.14 sec
          Start 1729: SurfaceReconstruction.AcceptsBorrowedSpanInput
1716/4150 Test #1729: SurfaceReconstruction.AcceptsBorrowedSpanInput ..................................................................   Passed    0.01 sec
          Start 1730: MeshQuality.EmptyMeshReturnsNullopt
1717/4150 Test #1730: MeshQuality.EmptyMeshReturnsNullopt .............................................................................   Passed    0.00 sec
          Start 1731: MeshQuality.EquilateralAngles60
1718/4150 Test #1731: MeshQuality.EquilateralAngles60 .................................................................................   Passed    0.00 sec
          Start 1732: MeshQuality.EquilateralAspectRatio1
1719/4150 Test #1732: MeshQuality.EquilateralAspectRatio1 .............................................................................   Passed    0.00 sec
          Start 1733: MeshQuality.TetrahedronClosed
1720/4150 Test #1733: MeshQuality.TetrahedronClosed ...................................................................................   Passed    0.00 sec
          Start 1734: MeshQuality.TetrahedronVolume
1721/4150 Test #1734: MeshQuality.TetrahedronVolume ...................................................................................   Passed    0.00 sec
          Start 1735: MeshQuality.SingleTriangleNotClosed
1722/4150 Test #1735: MeshQuality.SingleTriangleNotClosed .............................................................................   Passed    0.00 sec
          Start 1736: MeshQuality.EulerCharacteristic
1723/4150 Test #1736: MeshQuality.EulerCharacteristic .................................................................................   Passed    0.00 sec
          Start 1737: MeshQuality.IcosahedronUniformValence5
1724/4150 Test #1737: MeshQuality.IcosahedronUniformValence5 ..........................................................................   Passed    0.01 sec
          Start 1738: MeshQuality.EdgeLengthStats
1725/4150 Test #1738: MeshQuality.EdgeLengthStats .....................................................................................   Passed    0.00 sec
          Start 1739: MeshQuality.BoundaryLoopCount
1726/4150 Test #1739: MeshQuality.BoundaryLoopCount ...................................................................................   Passed    0.01 sec
          Start 1740: MeshAnalysis.EmptyMeshReturnsNullopt
1727/4150 Test #1740: MeshAnalysis.EmptyMeshReturnsNullopt ............................................................................   Passed    0.01 sec
          Start 1741: MeshAnalysis.TetrahedronHasNoProblems
1728/4150 Test #1741: MeshAnalysis.TetrahedronHasNoProblems ...........................................................................   Passed    0.01 sec
          Start 1742: MeshAnalysis.SingleTriangleMarksBoundaryRegion
1729/4150 Test #1742: MeshAnalysis.SingleTriangleMarksBoundaryRegion ..................................................................   Passed    0.00 sec
          Start 1743: MeshAnalysis.DegenerateTriangleIsDetected
1730/4150 Test #1743: MeshAnalysis.DegenerateTriangleIsDetected .......................................................................   Passed    0.00 sec
          Start 1744: MeshAnalysis.SingleQuadFlagsNonTriangleFace
1731/4150 Test #1744: MeshAnalysis.SingleQuadFlagsNonTriangleFace .....................................................................   Passed    0.00 sec
          Start 1745: LSCM.EmptyMeshReturnsNullopt
1732/4150 Test #1745: LSCM.EmptyMeshReturnsNullopt ....................................................................................   Passed    0.00 sec
          Start 1746: LSCM.ClosedMeshReturnsNullopt
1733/4150 Test #1746: LSCM.ClosedMeshReturnsNullopt ...................................................................................   Passed    0.00 sec
          Start 1747: LSCM.DiskTopologyProducesUVs
1734/4150 Test #1747: LSCM.DiskTopologyProducesUVs ....................................................................................   Passed    0.01 sec
          Start 1748: LSCM.PinnedVerticesHaveCorrectUVs
1735/4150 Test #1748: LSCM.PinnedVerticesHaveCorrectUVs ...............................................................................   Passed    0.01 sec
          Start 1749: LSCM.NoFlippedTrianglesOnConvexDisk
1736/4150 Test #1749: LSCM.NoFlippedTrianglesOnConvexDisk .............................................................................   Passed    0.00 sec
          Start 1750: LSCM.FlatDiskDistortionNearOne
1737/4150 Test #1750: LSCM.FlatDiskDistortionNearOne ..................................................................................   Passed    0.00 sec
          Start 1751: LSCM.UVAreaPositive
1738/4150 Test #1751: LSCM.UVAreaPositive .............................................................................................   Passed    0.00 sec
          Start 1752: LSCM.SingleTriangleDiskTopology
1739/4150 Test #1752: LSCM.SingleTriangleDiskTopology .................................................................................   Passed    0.00 sec
          Start 1753: ParameterizationDiagnostics.IdentityTriangleHasZeroNormalizedError
1740/4150 Test #1753: ParameterizationDiagnostics.IdentityTriangleHasZeroNormalizedError ..............................................   Passed    0.00 sec
          Start 1754: ParameterizationDiagnostics.IdentitySquareReportsBoundaryMetrics
1741/4150 Test #1754: ParameterizationDiagnostics.IdentitySquareReportsBoundaryMetrics ................................................   Passed    0.00 sec
          Start 1755: ParameterizationDiagnostics.StretchedRectangleHasPredictableDistortion
1742/4150 Test #1755: ParameterizationDiagnostics.StretchedRectangleHasPredictableDistortion ..........................................   Passed    0.00 sec
          Start 1756: ParameterizationDiagnostics.FlippedUvReportsElementWithoutFailing
1743/4150 Test #1756: ParameterizationDiagnostics.FlippedUvReportsElementWithoutFailing ...............................................   Passed    0.00 sec
          Start 1757: ParameterizationDiagnostics.DegeneratePositionTriangleIsSkipped
1744/4150 Test #1757: ParameterizationDiagnostics.DegeneratePositionTriangleIsSkipped .................................................   Passed    0.00 sec
          Start 1758: ParameterizationDiagnostics.DegenerateUvTriangleIsSkipped
1745/4150 Test #1758: ParameterizationDiagnostics.DegenerateUvTriangleIsSkipped .......................................................   Passed    0.00 sec
          Start 1759: ParameterizationDiagnostics.DeletedFaceKeepsStorageAlignedNanSentinel
1746/4150 Test #1759: ParameterizationDiagnostics.DeletedFaceKeepsStorageAlignedNanSentinel ...........................................   Passed    0.00 sec
          Start 1760: ParameterizationDiagnostics.NonTriangleFaceIsReported
1747/4150 Test #1760: ParameterizationDiagnostics.NonTriangleFaceIsReported ...........................................................   Passed    0.00 sec
          Start 1761: ParameterizationDiagnostics.MissingUvsFailBeforeEvaluation
1748/4150 Test #1761: ParameterizationDiagnostics.MissingUvsFailBeforeEvaluation ......................................................   Passed    0.00 sec
          Start 1762: ParameterizationDiagnostics.NonFiniteUvsAreReported
1749/4150 Test #1762: ParameterizationDiagnostics.NonFiniteUvsAreReported .............................................................   Passed    0.00 sec
          Start 1763: HarmonicParameterization.SquareFanCenterAtHarmonicAverage
1750/4150 Test #1763: HarmonicParameterization.SquareFanCenterAtHarmonicAverage .......................................................   Passed    0.00 sec
          Start 1764: HarmonicParameterization.CircleBoundaryIsOnCircleAndDeterministic
1751/4150 Test #1764: HarmonicParameterization.CircleBoundaryIsOnCircleAndDeterministic ...............................................   Passed    0.01 sec
          Start 1765: HarmonicParameterization.SquareArcLengthBoundaryProducesValidEmbedding
1752/4150 Test #1765: HarmonicParameterization.SquareArcLengthBoundaryProducesValidEmbedding ..........................................   Passed    0.01 sec
          Start 1766: HarmonicParameterization.TutteEmbeddingHasNoFlippedTriangles
1753/4150 Test #1766: HarmonicParameterization.TutteEmbeddingHasNoFlippedTriangles ....................................................   Passed    0.01 sec
          Start 1767: HarmonicParameterization.ClosedMeshIsNotDiskTopology
1754/4150 Test #1767: HarmonicParameterization.ClosedMeshIsNotDiskTopology ............................................................   Passed    0.01 sec
          Start 1768: HarmonicParameterization.MultipleBoundaryLoopsAreNotDiskTopology
1755/4150 Test #1768: HarmonicParameterization.MultipleBoundaryLoopsAreNotDiskTopology ................................................   Passed    0.01 sec
          Start 1769: HarmonicParameterization.PuncturedGenusOneMeshIsNotDiskTopology
1756/4150 Test #1769: HarmonicParameterization.PuncturedGenusOneMeshIsNotDiskTopology .................................................   Passed    0.00 sec
          Start 1770: HarmonicParameterization.FewerThanThreeVerticesAreReported
1757/4150 Test #1770: HarmonicParameterization.FewerThanThreeVerticesAreReported ......................................................   Passed    0.00 sec
          Start 1771: HarmonicParameterization.NonTriangleMeshIsRejected
1758/4150 Test #1771: HarmonicParameterization.NonTriangleMeshIsRejected ..............................................................   Passed    0.00 sec
          Start 1772: HarmonicParameterization.MismatchedBoundaryArrayIsRejected
1759/4150 Test #1772: HarmonicParameterization.MismatchedBoundaryArrayIsRejected ......................................................   Passed    0.00 sec
          Start 1773: HarmonicParameterization.DuplicatePinIsRejected
1760/4150 Test #1773: HarmonicParameterization.DuplicatePinIsRejected .................................................................   Passed    0.00 sec
          Start 1774: HarmonicParameterization.DeletedPinIsRejected
1761/4150 Test #1774: HarmonicParameterization.DeletedPinIsRejected ...................................................................   Passed    0.00 sec
          Start 1775: HarmonicParameterization.NonFinitePinUvIsRejected
1762/4150 Test #1775: HarmonicParameterization.NonFinitePinUvIsRejected ...............................................................   Passed    0.00 sec
          Start 1776: HarmonicParameterization.CustomBoundaryNotFullyPinnedIsRejected
1763/4150 Test #1776: HarmonicParameterization.CustomBoundaryNotFullyPinnedIsRejected .................................................   Passed    0.00 sec
          Start 1777: HarmonicParameterization.LscmApiRemainsReachable
1764/4150 Test #1777: HarmonicParameterization.LscmApiRemainsReachable ................................................................   Passed    0.01 sec
          Start 1778: ParameterizationOptimize.ReferencePreparationIsStorageAlignedAndFailClosed
1765/4150 Test #1778: ParameterizationOptimize.ReferencePreparationIsStorageAlignedAndFailClosed ......................................   Passed    0.00 sec
          Start 1779: ParameterizationOptimize.ProperRotationFitRecoversRotationAndScale
1766/4150 Test #1779: ParameterizationOptimize.ProperRotationFitRecoversRotationAndScale ..............................................   Passed    0.00 sec
          Start 1780: ParameterizationOptimize.SymmetricDirichletMatchesReportingDiagnostics
1767/4150 Test #1780: ParameterizationOptimize.SymmetricDirichletMatchesReportingDiagnostics ..........................................   Passed    0.00 sec
          Start 1781: ParameterizationOptimize.ReflectionUsesProperRotationButTripsBarrier
1768/4150 Test #1781: ParameterizationOptimize.ReflectionUsesProperRotationButTripsBarrier ............................................   Passed    0.01 sec
          Start 1782: ParameterizationOptimize.AnalyticDirichletGradientMatchesFiniteDifference
1769/4150 Test #1782: ParameterizationOptimize.AnalyticDirichletGradientMatchesFiniteDifference .......................................   Passed    0.00 sec
          Start 1783: ParameterizationOptimize.ProxySystemsArePsdAndMatchCurrentGradients
1770/4150 Test #1783: ParameterizationOptimize.ProxySystemsArePsdAndMatchCurrentGradients .............................................   Passed    0.00 sec
          Start 1784: ParameterizationOptimize.InjectiveSearchStopsInsideFirstFlipRoot
1771/4150 Test #1784: ParameterizationOptimize.InjectiveSearchStopsInsideFirstFlipRoot ................................................   Passed    0.00 sec
          Start 1785: ParameterizationOptimize.IdenticalInputsProduceBitwiseIdenticalOutputs
1772/4150 Test #1785: ParameterizationOptimize.IdenticalInputsProduceBitwiseIdenticalOutputs ..........................................   Passed    0.00 sec
          Start 1786: ParameterizationOptimize.InvalidDynamicInputsReturnExplicitStatuses
1773/4150 Test #1786: ParameterizationOptimize.InvalidDynamicInputsReturnExplicitStatuses .............................................   Passed    0.00 sec
          Start 1787: ParameterizationOptimize.PublicRecordsAreRevalidatedBeforeIndexing
1774/4150 Test #1787: ParameterizationOptimize.PublicRecordsAreRevalidatedBeforeIndexing ..............................................   Passed    0.00 sec
          Start 1788: ParameterizationDispatch.LscmMatchesDirectSolverAndCarriesDiagnostics
1775/4150 Test #1788: ParameterizationDispatch.LscmMatchesDirectSolverAndCarriesDiagnostics ...........................................   Passed    0.00 sec
          Start 1789: ParameterizationDispatch.HarmonicAndTutteMatchDirectSolver
1776/4150 Test #1789: ParameterizationDispatch.HarmonicAndTutteMatchDirectSolver ......................................................   Passed    0.00 sec
          Start 1790: ParameterizationDispatch.InvalidInputsFailClosedThroughStatus
1777/4150 Test #1790: ParameterizationDispatch.InvalidInputsFailClosedThroughStatus ...................................................   Passed    0.01 sec
          Start 1791: ParameterizationDispatch.UnusableDiagnosticsFailClosedWithoutUvs
1778/4150 Test #1791: ParameterizationDispatch.UnusableDiagnosticsFailClosedWithoutUvs ................................................   Passed    0.00 sec
          Start 1792: ParameterizationDispatch.LscmNonConvergenceIsSolverFailureWithoutUvs
1779/4150 Test #1792: ParameterizationDispatch.LscmNonConvergenceIsSolverFailureWithoutUvs ............................................   Passed    0.00 sec
          Start 1793: ParameterizationDispatch.RepeatedCallsAreDeterministic
1780/4150 Test #1793: ParameterizationDispatch.RepeatedCallsAreDeterministic ..........................................................   Passed    0.00 sec
          Start 1794: BoundaryFirstFlattening.AutomaticPlanarDiskIsDeterministicAndConformal
1781/4150 Test #1794: BoundaryFirstFlattening.AutomaticPlanarDiskIsDeterministicAndConformal ..........................................   Passed    0.00 sec
          Start 1795: BoundaryFirstFlattening.AutomaticCurvedDiskMeetsAbsoluteQualityBounds
1782/4150 Test #1795: BoundaryFirstFlattening.AutomaticCurvedDiskMeetsAbsoluteQualityBounds ...........................................   Passed    0.01 sec
          Start 1796: BoundaryFirstFlattening.AutomaticModeIsInvariantToUniformInputScale
1783/4150 Test #1796: BoundaryFirstFlattening.AutomaticModeIsInvariantToUniformInputScale .............................................   Passed    0.01 sec
          Start 1797: BoundaryFirstFlattening.UniformTargetLengthsAreRealized
1784/4150 Test #1797: BoundaryFirstFlattening.UniformTargetLengthsAreRealized .........................................................   Passed    0.00 sec
          Start 1798: BoundaryFirstFlattening.NonIntegrableLengthRequestReportsApproximation
1785/4150 Test #1798: BoundaryFirstFlattening.NonIntegrableLengthRequestReportsApproximation ..........................................   Passed    0.00 sec
          Start 1799: BoundaryFirstFlattening.TargetAnglesPreserveSquareCorners
1786/4150 Test #1799: BoundaryFirstFlattening.TargetAnglesPreserveSquareCorners .......................................................   Passed    0.00 sec
          Start 1800: BoundaryFirstFlattening.IrregularTriangleUsesPerEdgeClosureWeights
1787/4150 Test #1800: BoundaryFirstFlattening.IrregularTriangleUsesPerEdgeClosureWeights ..............................................   Passed    0.00 sec
          Start 1801: BoundaryFirstFlattening.InvalidTopologyAndGeometryFailClosed
1788/4150 Test #1801: BoundaryFirstFlattening.InvalidTopologyAndGeometryFailClosed ....................................................   Passed    0.00 sec
          Start 1802: BoundaryFirstFlattening.InvalidBoundaryDataFailsClosed
1789/4150 Test #1802: BoundaryFirstFlattening.InvalidBoundaryDataFailsClosed ..........................................................   Passed    0.01 sec
          Start 1803: BoundaryFirstFlattening.TypedDispatchMatchesDirectAndFailsClosed
1790/4150 Test #1803: BoundaryFirstFlattening.TypedDispatchMatchesDirectAndFailsClosed ................................................   Passed    0.00 sec
          Start 1804: UvAtlas.FakeBackendCanReplaceDefault
1791/4150 Test #1804: UvAtlas.FakeBackendCanReplaceDefault ............................................................................   Passed    0.00 sec
          Start 1805: UvAtlas.FastStagedRequestUsesBuiltInBackendWithoutXAtlasFallback
1792/4150 Test #1805: UvAtlas.FastStagedRequestUsesBuiltInBackendWithoutXAtlasFallback ................................................   Passed    0.00 sec
          Start 1806: UvAtlas.FastStagedCubeCutsFaceChartsAndCopiesProperties
1793/4150 Test #1806: UvAtlas.FastStagedCubeCutsFaceChartsAndCopiesProperties .........................................................   Passed    0.01 sec
          Start 1807: UvAtlas.FastStagedHighCardinalityGridIsFiniteAndDeterministic
1794/4150 Test #1807: UvAtlas.FastStagedHighCardinalityGridIsFiniteAndDeterministic ...................................................   Passed    0.09 sec
          Start 1808: UvAtlas.FastStagedKeepsFirstSeenBoundaryAndNonmanifoldSeamOrder
1795/4150 Test #1808: UvAtlas.FastStagedKeepsFirstSeenBoundaryAndNonmanifoldSeamOrder .................................................   Passed    0.01 sec
          Start 1809: UvAtlas.FastStagedFailingBackendFallsBackToXAtlasWhenAllowed
1796/4150 Test #1809: UvAtlas.FastStagedFailingBackendFallsBackToXAtlasWhenAllowed ....................................................   Passed    0.11 sec
          Start 1810: UvAtlas.FastStagedFailingBackendFailsClosedWhenXAtlasFallbackDisabled
1797/4150 Test #1810: UvAtlas.FastStagedFailingBackendFailsClosedWhenXAtlasFallbackDisabled ...........................................   Passed    0.01 sec
          Start 1811: UvAtlas.FastStagedRequestCanUseCallerSuppliedBackend
1798/4150 Test #1811: UvAtlas.FastStagedRequestCanUseCallerSuppliedBackend ............................................................   Passed    0.00 sec
          Start 1812: UvAtlas.ValidAuthoredUvsArePreservedWithoutCallingBackend
1799/4150 Test #1812: UvAtlas.ValidAuthoredUvsArePreservedWithoutCallingBackend .......................................................   Passed    0.00 sec
          Start 1813: UvAtlas.MissingUvsGenerateFiniteNormalizedFastStagedUvsByDefault
1800/4150 Test #1813: UvAtlas.MissingUvsGenerateFiniteNormalizedFastStagedUvsByDefault ................................................   Passed    0.01 sec
          Start 1814: UvAtlas.ExplicitXAtlasMethodGeneratesFiniteNormalizedUvs
1801/4150 Test #1814: UvAtlas.ExplicitXAtlasMethodGeneratesFiniteNormalizedUvs ........................................................   Passed    0.01 sec
          Start 1815: UvAtlas.SeamSplitXrefsPreserveVertexProperties
1802/4150 Test #1815: UvAtlas.SeamSplitXrefsPreserveVertexProperties ..................................................................   Passed    0.01 sec
          Start 1816: UvAtlas.InvalidInputsReturnExplicitStatuses
1803/4150 Test #1816: UvAtlas.InvalidInputsReturnExplicitStatuses .....................................................................   Passed    0.00 sec
          Start 1817: UvAtlas.InvalidAuthoredUvsFallBackToDefaultBackend
1804/4150 Test #1817: UvAtlas.InvalidAuthoredUvsFallBackToDefaultBackend ..............................................................   Passed    0.01 sec
          Start 1818: AdaptiveRemesh.EmptyMeshReturnsNullopt
1805/4150 Test #1818: AdaptiveRemesh.EmptyMeshReturnsNullopt ..........................................................................   Passed    0.00 sec
          Start 1819: AdaptiveRemesh.SingleTriangleReturnsNullopt
1806/4150 Test #1819: AdaptiveRemesh.SingleTriangleReturnsNullopt .....................................................................   Passed    0.00 sec
          Start 1820: AdaptiveRemesh.TwoTrianglesMinimalCase
1807/4150 Test #1820: AdaptiveRemesh.TwoTrianglesMinimalCase ..........................................................................   Passed    0.00 sec
          Start 1821: AdaptiveRemesh.FlatPlaneUniformSizing
1808/4150 Test #1821: AdaptiveRemesh.FlatPlaneUniformSizing ...........................................................................   Passed    0.00 sec
          Start 1822: AdaptiveRemesh.SphereRefinement
1809/4150 Test #1822: AdaptiveRemesh.SphereRefinement .................................................................................   Passed    0.01 sec
          Start 1823: AdaptiveRemesh.BoundaryPreservation
1810/4150 Test #1823: AdaptiveRemesh.BoundaryPreservation .............................................................................   Passed    0.00 sec
          Start 1824: AdaptiveRemesh.MultiIterationConvergence
1811/4150 Test #1824: AdaptiveRemesh.MultiIterationConvergence ........................................................................   Passed    0.01 sec
          Start 1825: AdaptiveRemesh.ZeroAdaptationBehavesLikeIsotropic
1812/4150 Test #1825: AdaptiveRemesh.ZeroAdaptationBehavesLikeIsotropic ...............................................................   Passed    0.00 sec
          Start 1826: AdaptiveRemesh.EdgeLengthBoundsRespected
1813/4150 Test #1826: AdaptiveRemesh.EdgeLengthBoundsRespected ........................................................................   Passed    0.01 sec
          Start 1827: AdaptiveRemesh.ResultDiagnostics
1814/4150 Test #1827: AdaptiveRemesh.ResultDiagnostics ................................................................................   Passed    0.01 sec
          Start 1828: AdaptiveRemesh.ReferenceProjectionPathProducesValidMesh
1815/4150 Test #1828: AdaptiveRemesh.ReferenceProjectionPathProducesValidMesh .........................................................   Passed    0.01 sec
          Start 1829: AdaptiveRemesh.ReferenceProjectorProjectsToFrozenSurface
1816/4150 Test #1829: AdaptiveRemesh.ReferenceProjectorProjectsToFrozenSurface ........................................................   Passed    0.00 sec
          Start 1830: AdaptiveRemesh.ErrorBoundedSizingPathProducesValidMesh
1817/4150 Test #1830: AdaptiveRemesh.ErrorBoundedSizingPathProducesValidMesh ..........................................................   Passed    0.01 sec
          Start 1831: ConvexHull_Degenerate.EmptyInputReturnsNullopt
1818/4150 Test #1831: ConvexHull_Degenerate.EmptyInputReturnsNullopt ..................................................................   Passed    0.00 sec
          Start 1832: ConvexHull_Degenerate.SinglePointReturnsNullopt
1819/4150 Test #1832: ConvexHull_Degenerate.SinglePointReturnsNullopt .................................................................   Passed    0.00 sec
          Start 1833: ConvexHull_Degenerate.TwoPointsReturnsNullopt
1820/4150 Test #1833: ConvexHull_Degenerate.TwoPointsReturnsNullopt ...................................................................   Passed    0.00 sec
          Start 1834: ConvexHull_Degenerate.ThreePointsReturnsNullopt
1821/4150 Test #1834: ConvexHull_Degenerate.ThreePointsReturnsNullopt .................................................................   Passed    0.00 sec
          Start 1835: ConvexHull_Degenerate.CoincidentPointsReturnsNullopt
1822/4150 Test #1835: ConvexHull_Degenerate.CoincidentPointsReturnsNullopt ............................................................   Passed    0.00 sec
          Start 1836: ConvexHull_Degenerate.CollinearPointsReturnsNullopt
1823/4150 Test #1836: ConvexHull_Degenerate.CollinearPointsReturnsNullopt .............................................................   Passed    0.00 sec
          Start 1837: ConvexHull_Degenerate.CoplanarPointsReturnsNullopt
1824/4150 Test #1837: ConvexHull_Degenerate.CoplanarPointsReturnsNullopt ..............................................................   Passed    0.00 sec
          Start 1838: ConvexHull_Tetrahedron.FourPointsProduceTetrahedron
1825/4150 Test #1838: ConvexHull_Tetrahedron.FourPointsProduceTetrahedron .............................................................   Passed    0.00 sec
          Start 1839: ConvexHull_Tetrahedron.PlanesHaveOutwardNormals
1826/4150 Test #1839: ConvexHull_Tetrahedron.PlanesHaveOutwardNormals .................................................................   Passed    0.00 sec
          Start 1840: ConvexHull_Cube.EightVerticesTwelveFaces
1827/4150 Test #1840: ConvexHull_Cube.EightVerticesTwelveFaces ........................................................................   Passed    0.01 sec
          Start 1841: ConvexHull_Octahedron.SixVerticesEightFaces
1828/4150 Test #1841: ConvexHull_Octahedron.SixVerticesEightFaces .....................................................................   Passed    0.01 sec
          Start 1842: ConvexHull_Interior.CubeWithInteriorPoints
1829/4150 Test #1842: ConvexHull_Interior.CubeWithInteriorPoints ......................................................................   Passed    0.00 sec
          Start 1843: ConvexHull_Interior.SphereWithCentroid
1830/4150 Test #1843: ConvexHull_Interior.SphereWithCentroid ..........................................................................   Passed    0.01 sec
          Start 1844: ConvexHull_Sphere.AllSurfacePointsOnHull
1831/4150 Test #1844: ConvexHull_Sphere.AllSurfacePointsOnHull ........................................................................   Passed    0.00 sec
          Start 1845: ConvexHull_Sphere.LargerSphereConverges
1832/4150 Test #1845: ConvexHull_Sphere.LargerSphereConverges .........................................................................   Passed    0.01 sec
          Start 1846: ConvexHull_Random.UniformCubeDistribution
1833/4150 Test #1846: ConvexHull_Random.UniformCubeDistribution .......................................................................   Passed    0.01 sec
          Start 1847: ConvexHull_Random.GaussianDistribution
1834/4150 Test #1847: ConvexHull_Random.GaussianDistribution ..........................................................................   Passed    0.01 sec
          Start 1848: ConvexHull_Random.LargePointCloud
1835/4150 Test #1848: ConvexHull_Random.LargePointCloud ...............................................................................   Passed    0.01 sec
          Start 1849: ConvexHull_HRep.PlaneCountMatchesFaceCount
1836/4150 Test #1849: ConvexHull_HRep.PlaneCountMatchesFaceCount ......................................................................   Passed    0.00 sec
          Start 1850: ConvexHull_HRep.PlanesAreNormalized
1837/4150 Test #1850: ConvexHull_HRep.PlanesAreNormalized .............................................................................   Passed    0.00 sec
          Start 1851: ConvexHull_HRep.SkipPlanesWhenDisabled
1838/4150 Test #1851: ConvexHull_HRep.SkipPlanesWhenDisabled ..........................................................................   Passed    0.00 sec
          Start 1852: ConvexHull_Mesh.BuildMeshProducesValidHalfedgeMesh
1839/4150 Test #1852: ConvexHull_Mesh.BuildMeshProducesValidHalfedgeMesh ..............................................................   Passed    0.00 sec
          Start 1853: ConvexHull_Mesh.CubeMeshTopology
1840/4150 Test #1853: ConvexHull_Mesh.CubeMeshTopology ................................................................................   Passed    0.00 sec
          Start 1854: ConvexHull_Mesh.MeshNotBuiltByDefault
1841/4150 Test #1854: ConvexHull_Mesh.MeshNotBuiltByDefault ...........................................................................   Passed    0.00 sec
          Start 1855: ConvexHull_FromMesh.TetrahedronMesh
1842/4150 Test #1855: ConvexHull_FromMesh.TetrahedronMesh .............................................................................   Passed    0.00 sec
          Start 1856: ConvexHull_FromMesh.EmptyMeshReturnsNullopt
1843/4150 Test #1856: ConvexHull_FromMesh.EmptyMeshReturnsNullopt .....................................................................   Passed    0.00 sec
          Start 1857: ConvexHull_Robustness.DuplicatePoints
1844/4150 Test #1857: ConvexHull_Robustness.DuplicatePoints ...........................................................................   Passed    0.00 sec
          Start 1858: ConvexHull_Robustness.NearlyCoplanarWithOffset
1845/4150 Test #1858: ConvexHull_Robustness.NearlyCoplanarWithOffset ..................................................................   Passed    0.00 sec
          Start 1859: ConvexHull_Robustness.PointsOnHullEdges
1846/4150 Test #1859: ConvexHull_Robustness.PointsOnHullEdges .........................................................................   Passed    0.00 sec
          Start 1860: ConvexHull_Robustness.ScaledCoordinates
1847/4150 Test #1860: ConvexHull_Robustness.ScaledCoordinates .........................................................................   Passed    0.00 sec
          Start 1861: ConvexHull_Robustness.SmallCoordinates
1848/4150 Test #1861: ConvexHull_Robustness.SmallCoordinates ..........................................................................   Passed    0.00 sec
          Start 1862: ConvexHull_Convexity.AllFaceNormalsPointOutward
1849/4150 Test #1862: ConvexHull_Convexity.AllFaceNormalsPointOutward .................................................................   Passed    0.01 sec
          Start 1863: ConvexHull_Diagnostics.InputPointCountCorrect
1850/4150 Test #1863: ConvexHull_Diagnostics.InputPointCountCorrect ...................................................................   Passed    0.01 sec
          Start 1864: ConvexHull_Diagnostics.InteriorPlusHullEqualsInput
1851/4150 Test #1864: ConvexHull_Diagnostics.InteriorPlusHullEqualsInput ..............................................................   Passed    0.01 sec
          Start 1865: PointCloud_Cloud.EmptyCloudIsValid
1852/4150 Test #1865: PointCloud_Cloud.EmptyCloudIsValid ..............................................................................   Passed    0.00 sec
          Start 1866: PointCloud_Cloud.PositionsOnlyIsValid
1853/4150 Test #1866: PointCloud_Cloud.PositionsOnlyIsValid ...........................................................................   Passed    0.00 sec
          Start 1867: PointCloud_Cloud.FullAttributesAreValid
1854/4150 Test #1867: PointCloud_Cloud.FullAttributesAreValid .........................................................................   Passed    0.00 sec
          Start 1868: PointCloud_Cloud.ConstPropertyAccessUsesReadOnlyViews
1855/4150 Test #1868: PointCloud_Cloud.ConstPropertyAccessUsesReadOnlyViews ...........................................................   Passed    0.00 sec
          Start 1869: PointCloud_Cloud.MismatchedNormalsInvalid
1856/4150 Test #1869: PointCloud_Cloud.MismatchedNormalsInvalid .......................................................................   Passed    0.00 sec
          Start 1870: PointCloud_Cloud.MismatchedColorsInvalid
1857/4150 Test #1870: PointCloud_Cloud.MismatchedColorsInvalid ........................................................................   Passed    0.00 sec
          Start 1871: PointCloud_BoundingBox.EmptyCloudReturnsZeroAABB
1858/4150 Test #1871: PointCloud_BoundingBox.EmptyCloudReturnsZeroAABB ................................................................   Passed    0.00 sec
          Start 1872: PointCloud_BoundingBox.SinglePointBB
1859/4150 Test #1872: PointCloud_BoundingBox.SinglePointBB ............................................................................   Passed    0.00 sec
          Start 1873: PointCloud_BoundingBox.UnitSphereBoundedByUnitCube
1860/4150 Test #1873: PointCloud_BoundingBox.UnitSphereBoundedByUnitCube ..............................................................   Passed    0.00 sec
          Start 1874: PointCloud_Statistics.EmptyReturnsNullopt
1861/4150 Test #1874: PointCloud_Statistics.EmptyReturnsNullopt .......................................................................   Passed    0.01 sec
          Start 1875: PointCloud_Statistics.SinglePointStats
1862/4150 Test #1875: PointCloud_Statistics.SinglePointStats ..........................................................................   Passed    0.00 sec
          Start 1876: PointCloud_Statistics.SphereStatistics
1863/4150 Test #1876: PointCloud_Statistics.SphereStatistics ..........................................................................   Passed    0.01 sec
          Start 1877: PointCloud_Downsample.EmptyReturnsNullopt
1864/4150 Test #1877: PointCloud_Downsample.EmptyReturnsNullopt .......................................................................   Passed    0.00 sec
          Start 1878: PointCloud_Downsample.InvalidVoxelSizeReturnsNullopt
1865/4150 Test #1878: PointCloud_Downsample.InvalidVoxelSizeReturnsNullopt ............................................................   Passed    0.00 sec
          Start 1879: PointCloud_Downsample.LargeVoxelCollapsesToFewPoints
1866/4150 Test #1879: PointCloud_Downsample.LargeVoxelCollapsesToFewPoints ............................................................   Passed    0.00 sec
          Start 1880: PointCloud_Downsample.SmallVoxelPreservesPoints
1867/4150 Test #1880: PointCloud_Downsample.SmallVoxelPreservesPoints .................................................................   Passed    0.00 sec
          Start 1881: PointCloud_Downsample.PreservesNormals
1868/4150 Test #1881: PointCloud_Downsample.PreservesNormals ..........................................................................   Passed    0.01 sec
          Start 1882: PointCloud_Downsample.PreservesColors
1869/4150 Test #1882: PointCloud_Downsample.PreservesColors ...........................................................................   Passed    0.00 sec
          Start 1883: PointCloud_Downsample.OutputCloudIsValid
1870/4150 Test #1883: PointCloud_Downsample.OutputCloudIsValid ........................................................................   Passed    0.00 sec
          Start 1884: PointCloud_Downsample.NonFiniteVoxelSizeReturnsNullopt
1871/4150 Test #1884: PointCloud_Downsample.NonFiniteVoxelSizeReturnsNullopt ..........................................................   Passed    0.00 sec
          Start 1885: PointCloud_Downsample.NonFinitePositionReturnsNulloptWithoutPartialResult
1872/4150 Test #1885: PointCloud_Downsample.NonFinitePositionReturnsNulloptWithoutPartialResult .......................................   Passed    0.00 sec
          Start 1886: PointCloud_Downsample.CoordinateBeyondCellKeyRangeReturnsNullopt
1873/4150 Test #1886: PointCloud_Downsample.CoordinateBeyondCellKeyRangeReturnsNullopt ................................................   Passed    0.00 sec
          Start 1887: PointCloud_Downsample.FloorSemanticsPinNegativeCoordinateCells
1874/4150 Test #1887: PointCloud_Downsample.FloorSemanticsPinNegativeCoordinateCells ..................................................   Passed    0.00 sec
          Start 1888: PointCloud_Downsample.EmitsCellsInLexicographicOrderAndIsRepeatable
1875/4150 Test #1888: PointCloud_Downsample.EmitsCellsInLexicographicOrderAndIsRepeatable .............................................   Passed    0.00 sec
          Start 1889: PointCloud_Radius.TooFewPointsReturnsNullopt
1876/4150 Test #1889: PointCloud_Radius.TooFewPointsReturnsNullopt ....................................................................   Passed    0.00 sec
          Start 1890: PointCloud_Radius.SphereRadiiReasonable
1877/4150 Test #1890: PointCloud_Radius.SphereRadiiReasonable .........................................................................   Passed    0.01 sec
          Start 1891: PointCloud_Radius.ScaleFactorMultipliesRadius
1878/4150 Test #1891: PointCloud_Radius.ScaleFactorMultipliesRadius ...................................................................   Passed    0.01 sec
          Start 1892: PointCloud_Subsample.EmptyReturnsNullopt
1879/4150 Test #1892: PointCloud_Subsample.EmptyReturnsNullopt ........................................................................   Passed    0.00 sec
          Start 1893: PointCloud_Subsample.SubsampleReducesCount
1880/4150 Test #1893: PointCloud_Subsample.SubsampleReducesCount ......................................................................   Passed    0.00 sec
          Start 1894: PointCloud_Subsample.ReturnedCloudKeepsValidPositionSpan
1881/4150 Test #1894: PointCloud_Subsample.ReturnedCloudKeepsValidPositionSpan ........................................................   Passed    0.00 sec
          Start 1895: PointCloud_Subsample.TargetLargerThanCloudReturnsAll
1882/4150 Test #1895: PointCloud_Subsample.TargetLargerThanCloudReturnsAll ............................................................   Passed    0.00 sec
          Start 1896: PointCloud_Subsample.DeterministicWithSameSeed
1883/4150 Test #1896: PointCloud_Subsample.DeterministicWithSameSeed ..................................................................   Passed    0.00 sec
          Start 1897: PointCloud_Subsample.DifferentSeedsGiveDifferentResults
1884/4150 Test #1897: PointCloud_Subsample.DifferentSeedsGiveDifferentResults .........................................................   Passed    0.00 sec
          Start 1898: PointCloud_Subsample.IndicesAreValid
1885/4150 Test #1898: PointCloud_Subsample.IndicesAreValid ............................................................................   Passed    0.00 sec
          Start 1899: PointCloud_RenderMode.EnumValues
1886/4150 Test #1899: PointCloud_RenderMode.EnumValues ................................................................................   Passed    0.00 sec
          Start 1900: PointCloud_Integration.DownsampleThenEstimateRadii
1887/4150 Test #1900: PointCloud_Integration.DownsampleThenEstimateRadii ..............................................................   Passed    0.01 sec
          Start 1901: PointCloud_Edge.CollinearPointsDownsample
1888/4150 Test #1901: PointCloud_Edge.CollinearPointsDownsample .......................................................................   Passed    0.00 sec
          Start 1902: PointCloud_Edge.DuplicatePointsDownsample
1889/4150 Test #1902: PointCloud_Edge.DuplicatePointsDownsample .......................................................................   Passed    0.00 sec
          Start 1903: PointCloud_KMeans.EmptyInputReturnsNullopt
1890/4150 Test #1903: PointCloud_KMeans.EmptyInputReturnsNullopt ......................................................................   Passed    0.00 sec
          Start 1904: PointCloud_KMeans.DegenerateClusterCountReturnsNullopt
1891/4150 Test #1904: PointCloud_KMeans.DegenerateClusterCountReturnsNullopt ..........................................................   Passed    0.00 sec
          Start 1905: PointCloud_KMeans.TwoSeparatedBlobsProduceTwoCentroids
1892/4150 Test #1905: PointCloud_KMeans.TwoSeparatedBlobsProduceTwoCentroids ..........................................................   Passed    0.00 sec
          Start 1906: PointCloud_KMeans.CpuEntryReportsGpuRequestAsCpuFallback
1893/4150 Test #1906: PointCloud_KMeans.CpuEntryReportsGpuRequestAsCpuFallback ........................................................   Passed    0.00 sec
          Start 1907: PointCloud_KMeans.ClusterCountIsClampedToPointCount
1894/4150 Test #1907: PointCloud_KMeans.ClusterCountIsClampedToPointCount .............................................................   Passed    0.00 sec
          Start 1908: PointCloud_KMeans.ReusesPersistentCentroidSeedsAndBuildsCpuScratchTree
1895/4150 Test #1908: PointCloud_KMeans.ReusesPersistentCentroidSeedsAndBuildsCpuScratchTree ..........................................   Passed    0.00 sec
          Start 1909: PointCloud_KMeans.RecomputeCentroidsMatchesPerLabelMeans
1896/4150 Test #1909: PointCloud_KMeans.RecomputeCentroidsMatchesPerLabelMeans ........................................................   Passed    0.00 sec
          Start 1910: PointCloud_KMeans.RecomputeCentroidsLeavesEmptyClustersAtOrigin
1897/4150 Test #1910: PointCloud_KMeans.RecomputeCentroidsLeavesEmptyClustersAtOrigin .................................................   Passed    0.00 sec
          Start 1911: PointCloud_KMeans.ClassifyPointToCentroidUsesCentroidVoronoiCells
1898/4150 Test #1911: PointCloud_KMeans.ClassifyPointToCentroidUsesCentroidVoronoiCells ...............................................   Passed    0.01 sec
          Start 1912: PointCloud_GaussianNoise.ZeroScaleIsIdentity
1899/4150 Test #1912: PointCloud_GaussianNoise.ZeroScaleIsIdentity ....................................................................   Passed    0.00 sec
          Start 1913: PointCloud_GaussianNoise.SameSeedIsDeterministic
1900/4150 Test #1913: PointCloud_GaussianNoise.SameSeedIsDeterministic ................................................................   Passed    0.01 sec
          Start 1914: PointCloud_GaussianNoise.SinglePointNonZeroScaleFailsClosed
1901/4150 Test #1914: PointCloud_GaussianNoise.SinglePointNonZeroScaleFailsClosed .....................................................   Passed    0.00 sec
          Start 1915: SphereFitting.ReturnsNulloptForEmptyInput
1902/4150 Test #1915: SphereFitting.ReturnsNulloptForEmptyInput .......................................................................   Passed    0.00 sec
          Start 1916: SphereFitting.ReturnsNulloptForOnlyNonFiniteSamples
1903/4150 Test #1916: SphereFitting.ReturnsNulloptForOnlyNonFiniteSamples .............................................................   Passed    0.00 sec
          Start 1917: SphereFitting.FitsDiameterSphereForTwoPoints
1904/4150 Test #1917: SphereFitting.FitsDiameterSphereForTwoPoints ....................................................................   Passed    0.00 sec
          Start 1918: SphereFitting.FitsExactSphereFromAxisSamples
1905/4150 Test #1918: SphereFitting.FitsExactSphereFromAxisSamples ....................................................................   Passed    0.00 sec
          Start 1919: SphereFitting.LeastSquaresRecoversNoisySphere
1906/4150 Test #1919: SphereFitting.LeastSquaresRecoversNoisySphere ...................................................................   Passed    0.00 sec
          Start 1920: SphereFitting.IterativeGeometricImprovesOrMatchesLeastSquaresResidual
1907/4150 Test #1920: SphereFitting.IterativeGeometricImprovesOrMatchesLeastSquaresResidual ...........................................   Passed    0.00 sec
          Start 1921: SphereFitting.IterativeGeometricFailsClosedForInvalidInputs
1908/4150 Test #1921: SphereFitting.IterativeGeometricFailsClosedForInvalidInputs .....................................................   Passed    0.00 sec
          Start 1922: SphereFitting.BoundingSphereContainsAllSamples
1909/4150 Test #1922: SphereFitting.BoundingSphereContainsAllSamples ..................................................................   Passed    0.00 sec
          Start 1923: SphereFitting.EnforceContainmentInflatesLeastSquaresFit
1910/4150 Test #1923: SphereFitting.EnforceContainmentInflatesLeastSquaresFit .........................................................   Passed    0.00 sec
          Start 1924: TriangleMetrics.ThreeFourFiveTriangleMatchesAnalyticValues
1911/4150 Test #1924: TriangleMetrics.ThreeFourFiveTriangleMatchesAnalyticValues ......................................................   Passed    0.00 sec
          Start 1925: TriangleMetrics.SafeAcosClampsOutsideDomain
1912/4150 Test #1925: TriangleMetrics.SafeAcosClampsOutsideDomain .....................................................................   Passed    0.00 sec
          Start 1926: TriangleMetrics.DegenerateTriangleReturnsFiniteZeroedMetrics
1913/4150 Test #1926: TriangleMetrics.DegenerateTriangleReturnsFiniteZeroedMetrics ....................................................   Passed    0.00 sec
          Start 1927: TriangleMetrics.NonFiniteTriangleReturnsFiniteZeroedMetrics
1914/4150 Test #1927: TriangleMetrics.NonFiniteTriangleReturnsFiniteZeroedMetrics .....................................................   Passed    0.00 sec
          Start 1928: BooleanCSG.DisjointUnionAppendsBothMeshes
1915/4150 Test #1928: BooleanCSG.DisjointUnionAppendsBothMeshes .......................................................................   Passed    0.00 sec
          Start 1929: BooleanCSG.DisjointIntersectionReturnsEmptyMesh
1916/4150 Test #1929: BooleanCSG.DisjointIntersectionReturnsEmptyMesh .................................................................   Passed    0.00 sec
          Start 1930: BooleanCSG.DisjointDifferenceReturnsFirstMesh
1917/4150 Test #1930: BooleanCSG.DisjointDifferenceReturnsFirstMesh ...................................................................   Passed    0.00 sec
          Start 1931: BooleanCSG.DisjointVolumes_AllOperations
1918/4150 Test #1931: BooleanCSG.DisjointVolumes_AllOperations ........................................................................   Passed    0.00 sec
          Start 1932: BooleanCSG.ContainmentIntersectionReturnsInnerMesh
1919/4150 Test #1932: BooleanCSG.ContainmentIntersectionReturnsInnerMesh ..............................................................   Passed    0.00 sec
          Start 1933: BooleanCSG.ContainmentUnionReturnsOuterMesh
1920/4150 Test #1933: BooleanCSG.ContainmentUnionReturnsOuterMesh .....................................................................   Passed    0.00 sec
          Start 1934: BooleanCSG.ContainmentDifference_AInsideB_ReturnsEmpty
1921/4150 Test #1934: BooleanCSG.ContainmentDifference_AInsideB_ReturnsEmpty ..........................................................   Passed    0.00 sec
          Start 1935: BooleanCSG.ContainmentDifference_BInsideA_ReturnsNullopt
1922/4150 Test #1935: BooleanCSG.ContainmentDifference_BInsideA_ReturnsNullopt ........................................................   Passed    0.00 sec
          Start 1936: BooleanCSG.ContainmentIntersection_Reversed
1923/4150 Test #1936: BooleanCSG.ContainmentIntersection_Reversed .....................................................................   Passed    0.00 sec
          Start 1937: BooleanCSG.ContainmentUnion_Reversed
1924/4150 Test #1937: BooleanCSG.ContainmentUnion_Reversed ............................................................................   Passed    0.00 sec
          Start 1938: BooleanCSG.PartialOverlapReturnsNullopt
1925/4150 Test #1938: BooleanCSG.PartialOverlapReturnsNullopt .........................................................................   Passed    0.01 sec
          Start 1939: BooleanCSG.PartialOverlapDifferenceReturnsNullopt
1926/4150 Test #1939: BooleanCSG.PartialOverlapDifferenceReturnsNullopt ...............................................................   Passed    0.01 sec
          Start 1940: BooleanCSG.PartialOverlapIntersectionReturnsNullopt
1927/4150 Test #1940: BooleanCSG.PartialOverlapIntersectionReturnsNullopt .............................................................   Passed    0.00 sec
          Start 1941: BooleanCSG.EmptyMeshA_ReturnsNullopt
1928/4150 Test #1941: BooleanCSG.EmptyMeshA_ReturnsNullopt ............................................................................   Passed    0.00 sec
          Start 1942: BooleanCSG.EmptyMeshB_ReturnsNullopt
1929/4150 Test #1942: BooleanCSG.EmptyMeshB_ReturnsNullopt ............................................................................   Passed    0.00 sec
          Start 1943: BooleanCSG.BothMeshesEmpty_ReturnsNullopt
1930/4150 Test #1943: BooleanCSG.BothMeshesEmpty_ReturnsNullopt .......................................................................   Passed    0.00 sec
          Start 1944: BooleanCSG.IdenticalMeshes_UnionReturnsOneMesh
1931/4150 Test #1944: BooleanCSG.IdenticalMeshes_UnionReturnsOneMesh ..................................................................   Passed    0.01 sec
          Start 1945: BooleanCSG.IdenticalMeshes_IntersectionReturnsOneMesh
1932/4150 Test #1945: BooleanCSG.IdenticalMeshes_IntersectionReturnsOneMesh ...........................................................   Passed    0.01 sec
          Start 1946: BooleanCSG.FaceContactUnion
1933/4150 Test #1946: BooleanCSG.FaceContactUnion .....................................................................................   Passed    0.00 sec
          Start 1947: BooleanCSG.EdgeContactUnion
1934/4150 Test #1947: BooleanCSG.EdgeContactUnion .....................................................................................   Passed    0.01 sec
          Start 1948: BooleanCSG.VertexContactUnion
1935/4150 Test #1948: BooleanCSG.VertexContactUnion ...................................................................................   Passed    0.00 sec
          Start 1949: BooleanCSG.DisjointResult_HasDiagnostic
1936/4150 Test #1949: BooleanCSG.DisjointResult_HasDiagnostic .........................................................................   Passed    0.00 sec
          Start 1950: BooleanCSG.ContainmentResult_HasDiagnostic
1937/4150 Test #1950: BooleanCSG.ContainmentResult_HasDiagnostic ......................................................................   Passed    0.01 sec
          Start 1951: BooleanCSG.CustomEpsilon_DisjointStillWorks
1938/4150 Test #1951: BooleanCSG.CustomEpsilon_DisjointStillWorks .....................................................................   Passed    0.01 sec
          Start 1952: BooleanCSG.OutputMeshIsClearedBeforeWrite
1939/4150 Test #1952: BooleanCSG.OutputMeshIsClearedBeforeWrite .......................................................................   Passed    0.00 sec
          Start 1953: MeshBoundary.EmptyMeshReturnsEmptyResult
1940/4150 Test #1953: MeshBoundary.EmptyMeshReturnsEmptyResult ........................................................................   Passed    0.00 sec
          Start 1954: MeshBoundary.ClosedMeshHasNoBoundary
1941/4150 Test #1954: MeshBoundary.ClosedMeshHasNoBoundary ............................................................................   Passed    0.00 sec
          Start 1955: MeshBoundary.SingleTriangleHasBoundary
1942/4150 Test #1955: MeshBoundary.SingleTriangleHasBoundary ..........................................................................   Passed    0.00 sec
          Start 1956: MeshBoundary.TwoTriangleSquareBoundary
1943/4150 Test #1956: MeshBoundary.TwoTriangleSquareBoundary ..........................................................................   Passed    0.00 sec
          Start 1957: MeshBoundary.IcosahedronFullyClosed
1944/4150 Test #1957: MeshBoundary.IcosahedronFullyClosed .............................................................................   Passed    0.00 sec
          Start 1958: MeshBoundary.MarkBoundaryVerticesAsFeature
1945/4150 Test #1958: MeshBoundary.MarkBoundaryVerticesAsFeature ......................................................................   Passed    0.00 sec
          Start 1959: MeshBoundary.MarkBoundaryEdgesAsFeature
1946/4150 Test #1959: MeshBoundary.MarkBoundaryEdgesAsFeature .........................................................................   Passed    0.00 sec
          Start 1960: MeshBoundary.BoundaryPropertyTracksCorrectly
1947/4150 Test #1960: MeshBoundary.BoundaryPropertyTracksCorrectly ....................................................................   Passed    0.01 sec
          Start 1961: MeshBoundary.CubeIsFullyClosed
1948/4150 Test #1961: MeshBoundary.CubeIsFullyClosed ..................................................................................   Passed    0.00 sec
          Start 1962: Attributes_TopologyEdits.SplitInterpolatesVertexPropertyAtRequestedPosition
1949/4150 Test #1962: Attributes_TopologyEdits.SplitInterpolatesVertexPropertyAtRequestedPosition .....................................   Passed    0.00 sec
          Start 1963: Attributes_TopologyEdits.CollapseInterpolatesVertexPropertyAtRequestedPosition
1950/4150 Test #1963: Attributes_TopologyEdits.CollapseInterpolatesVertexPropertyAtRequestedPosition ..................................   Passed    0.00 sec
          Start 1964: Attributes_TriangleSoupBridge.BuildAndExtractPreserveTexcoords
1951/4150 Test #1964: Attributes_TriangleSoupBridge.BuildAndExtractPreserveTexcoords ..................................................   Passed    0.00 sec
          Start 1965: Attributes_TriangleSoupBridge.WeldSkipsUVSeams
1952/4150 Test #1965: Attributes_TriangleSoupBridge.WeldSkipsUVSeams ..................................................................   Passed    0.00 sec
          Start 1966: Attributes_TriangleSoupBridge.ExtractIndexedTrianglesReportsAuthoritativeFaceIdsForTriangulatedNgons
1953/4150 Test #1966: Attributes_TriangleSoupBridge.ExtractIndexedTrianglesReportsAuthoritativeFaceIdsForTriangulatedNgons ............   Passed    0.00 sec
          Start 1967: Attributes_Subdivision.LoopSubdivisionPreservesTexcoords
1954/4150 Test #1967: Attributes_Subdivision.LoopSubdivisionPreservesTexcoords ........................................................   Passed    0.00 sec
          Start 1968: Attributes_Subdivision.CatmullClarkPreservesTexcoords
1955/4150 Test #1968: Attributes_Subdivision.CatmullClarkPreservesTexcoords ...........................................................   Passed    0.00 sec
          Start 1969: Attributes_TopologyOperators.SimplificationPreservesTexcoords
1956/4150 Test #1969: Attributes_TopologyOperators.SimplificationPreservesTexcoords ...................................................   Passed    0.01 sec
          Start 1970: Attributes_TopologyOperators.SimplificationWithConfigurableQuadricsPreservesTexcoords
1957/4150 Test #1970: Attributes_TopologyOperators.SimplificationWithConfigurableQuadricsPreservesTexcoords ...........................   Passed    0.01 sec
          Start 1971: Attributes_TopologyOperators.IsotropicRemeshingPreservesTexcoords
1958/4150 Test #1971: Attributes_TopologyOperators.IsotropicRemeshingPreservesTexcoords ...............................................   Passed    0.01 sec
          Start 1972: Attributes_TopologyOperators.AdaptiveRemeshingPreservesTexcoords
1959/4150 Test #1972: Attributes_TopologyOperators.AdaptiveRemeshingPreservesTexcoords ................................................   Passed    0.01 sec
          Start 1973: GraphVertexNormals.DebugNamesAreStable
1960/4150 Test #1973: GraphVertexNormals.DebugNamesAreStable ..........................................................................   Passed    0.00 sec
          Start 1974: GraphVertexNormals.PlanarCycleWritesCanonicalNormals
1961/4150 Test #1974: GraphVertexNormals.PlanarCycleWritesCanonicalNormals ............................................................   Passed    0.00 sec
          Start 1975: GraphVertexNormals.LineGraphReportsDegreeOneAndCollinearFallbacks
1962/4150 Test #1975: GraphVertexNormals.LineGraphReportsDegreeOneAndCollinearFallbacks ...............................................   Passed    0.00 sec
          Start 1976: GraphVertexNormals.IsolatedDuplicateAndNonFiniteInputsStayFinite
1963/4150 Test #1976: GraphVertexNormals.IsolatedDuplicateAndNonFiniteInputsStayFinite ................................................   Passed    0.00 sec
          Start 1977: GraphVertexNormals.RawPropertySetOverloadReportsInvalidEdges
1964/4150 Test #1977: GraphVertexNormals.RawPropertySetOverloadReportsInvalidEdges ....................................................   Passed    0.00 sec
          Start 1978: GraphVertexNormals.OutputPropertyTypeConflictFailsClosed
1965/4150 Test #1978: GraphVertexNormals.OutputPropertyTypeConflictFailsClosed ........................................................   Passed    0.00 sec
          Start 1979: HalfedgeMeshVertexNormals.DebugNamesAreStable
1966/4150 Test #1979: HalfedgeMeshVertexNormals.DebugNamesAreStable ...................................................................   Passed    0.00 sec
          Start 1980: HalfedgeMeshVertexNormals.WeightingModesProduceExpectedCornerNormal
1967/4150 Test #1980: HalfedgeMeshVertexNormals.WeightingModesProduceExpectedCornerNormal .............................................   Passed    0.00 sec
          Start 1981: HalfedgeMeshVertexNormals.DegenerateFaceWritesFallbackNormals
1968/4150 Test #1981: HalfedgeMeshVertexNormals.DegenerateFaceWritesFallbackNormals ...................................................   Passed    0.00 sec
          Start 1982: HalfedgeMeshVertexNormals.InvalidFallbackIsRepairedDeterministically
1969/4150 Test #1982: HalfedgeMeshVertexNormals.InvalidFallbackIsRepairedDeterministically ............................................   Passed    0.00 sec
          Start 1983: HalfedgeMeshVertexNormals.NonFiniteFaceDoesNotProduceNaNNormals
1970/4150 Test #1983: HalfedgeMeshVertexNormals.NonFiniteFaceDoesNotProduceNaNNormals .................................................   Passed    0.00 sec
          Start 1984: HalfedgeMeshVertexNormals.EmptyMeshReturnsEmptyProperty
1971/4150 Test #1984: HalfedgeMeshVertexNormals.EmptyMeshReturnsEmptyProperty .........................................................   Passed    0.00 sec
          Start 1985: HalfedgeMeshVertexNormals.InvalidOutputPropertyFailsClosed
1972/4150 Test #1985: HalfedgeMeshVertexNormals.InvalidOutputPropertyFailsClosed ......................................................   Passed    0.00 sec
          Start 1986: HalfedgeMeshVertexNormals.ExistingPropertyWithWrongTypeFailsClosed
1973/4150 Test #1986: HalfedgeMeshVertexNormals.ExistingPropertyWithWrongTypeFailsClosed ..............................................   Passed    0.00 sec
          Start 1987: HalfedgeMesh_PropertyAccess.EdgeProperties_NonConst_ReturnsCorrectSize
1974/4150 Test #1987: HalfedgeMesh_PropertyAccess.EdgeProperties_NonConst_ReturnsCorrectSize ..........................................   Passed    0.00 sec
          Start 1988: HalfedgeMesh_PropertyAccess.EdgeProperties_Const_ReturnsCorrectSize
1975/4150 Test #1988: HalfedgeMesh_PropertyAccess.EdgeProperties_Const_ReturnsCorrectSize .............................................   Passed    0.00 sec
          Start 1989: HalfedgeMesh_PropertyAccess.EdgeProperties_CanAddUserProperty
1976/4150 Test #1989: HalfedgeMesh_PropertyAccess.EdgeProperties_CanAddUserProperty ...................................................   Passed    0.00 sec
          Start 1990: HalfedgeMesh_PropertyAccess.EdgeProperties_ListsProperties
1977/4150 Test #1990: HalfedgeMesh_PropertyAccess.EdgeProperties_ListsProperties ......................................................   Passed    0.00 sec
          Start 1991: HalfedgeMesh_PropertyAccess.FaceProperties_NonConst_ReturnsCorrectSize
1978/4150 Test #1991: HalfedgeMesh_PropertyAccess.FaceProperties_NonConst_ReturnsCorrectSize ..........................................   Passed    0.00 sec
          Start 1992: HalfedgeMesh_PropertyAccess.FaceProperties_Const_ReturnsCorrectSize
1979/4150 Test #1992: HalfedgeMesh_PropertyAccess.FaceProperties_Const_ReturnsCorrectSize .............................................   Passed    0.00 sec
          Start 1993: HalfedgeMesh_PropertyAccess.FaceProperties_CanAddUserProperty
1980/4150 Test #1993: HalfedgeMesh_PropertyAccess.FaceProperties_CanAddUserProperty ...................................................   Passed    0.00 sec
          Start 1994: HalfedgeMesh_PropertyAccess.FaceProperties_SpanAccess
1981/4150 Test #1994: HalfedgeMesh_PropertyAccess.FaceProperties_SpanAccess ...........................................................   Passed    0.00 sec
          Start 1995: HalfedgeMesh_PropertyAccess.HalfedgeProperties_NonConst_ReturnsCorrectSize
1982/4150 Test #1995: HalfedgeMesh_PropertyAccess.HalfedgeProperties_NonConst_ReturnsCorrectSize ......................................   Passed    0.00 sec
          Start 1996: HalfedgeMesh_PropertyAccess.HalfedgeProperties_Const_ReturnsCorrectSize
1983/4150 Test #1996: HalfedgeMesh_PropertyAccess.HalfedgeProperties_Const_ReturnsCorrectSize .........................................   Passed    0.00 sec
          Start 1997: HalfedgeMesh_PropertyAccess.HalfedgeProperties_CanAddUserProperty
1984/4150 Test #1997: HalfedgeMesh_PropertyAccess.HalfedgeProperties_CanAddUserProperty ...............................................   Passed    0.00 sec
          Start 1998: HalfedgeMesh_PropertyAccess.AllPropertySets_SizesConsistent
1985/4150 Test #1998: HalfedgeMesh_PropertyAccess.AllPropertySets_SizesConsistent .....................................................   Passed    0.01 sec
          Start 1999: HalfedgeMesh_PropertyAccess.PropertySet_RemoveThenReuseSameNameWorks
1986/4150 Test #1999: HalfedgeMesh_PropertyAccess.PropertySet_RemoveThenReuseSameNameWorks ............................................   Passed    0.01 sec
          Start 2000: HalfedgeMesh_PropertyAccess.VertexProperties_RemainUsableAfterGarbageCollection
1987/4150 Test #2000: HalfedgeMesh_PropertyAccess.VertexProperties_RemainUsableAfterGarbageCollection .................................   Passed    0.00 sec
          Start 2001: HalfedgeMesh_PropertyAccess.CurvatureMutableOverloadsPublishVertexProperties
1988/4150 Test #2001: HalfedgeMesh_PropertyAccess.CurvatureMutableOverloadsPublishVertexProperties ....................................   Passed    0.00 sec
          Start 2002: HalfedgeMesh_PropertyAccess.GeodesicMutableOverloadPublishesDistanceAndSourceProperties
1989/4150 Test #2002: HalfedgeMesh_PropertyAccess.GeodesicMutableOverloadPublishesDistanceAndSourceProperties .........................   Passed    0.01 sec
          Start 2003: HalfedgeMesh_PropertyAccess.ParameterizationMutableOverloadPublishesUvAndPinProperties
1990/4150 Test #2003: HalfedgeMesh_PropertyAccess.ParameterizationMutableOverloadPublishesUvAndPinProperties ..........................   Passed    0.00 sec
          Start 2004: HalfedgeMesh_View.Mesh_BindsDirectPropertySets
1991/4150 Test #2004: HalfedgeMesh_View.Mesh_BindsDirectPropertySets ..................................................................   Passed    0.00 sec
          Start 2005: HalfedgeMesh_View.MoveAssignment_RebindsBuiltInPropertyHandles
1992/4150 Test #2005: HalfedgeMesh_View.MoveAssignment_RebindsBuiltInPropertyHandles ..................................................   Passed    0.01 sec
          Start 2006: HalfedgeMesh_Traversal.HalfedgesAroundFace_QuadMatchesNextCycle
1993/4150 Test #2006: HalfedgeMesh_Traversal.HalfedgesAroundFace_QuadMatchesNextCycle .................................................   Passed    0.00 sec
          Start 2007: HalfedgeMesh_Traversal.VerticesAroundFace_QuadMatchesHalfedgeToVertices
1994/4150 Test #2007: HalfedgeMesh_Traversal.VerticesAroundFace_QuadMatchesHalfedgeToVertices .........................................   Passed    0.00 sec
          Start 2008: HalfedgeMesh_Traversal.HalfedgesAroundVertex_CountMatchesValence
1995/4150 Test #2008: HalfedgeMesh_Traversal.HalfedgesAroundVertex_CountMatchesValence ................................................   Passed    0.00 sec
          Start 2009: HalfedgeMesh_Traversal.FacesAroundVertex_BoundaryVertexSkipsBoundaryGap
1996/4150 Test #2009: HalfedgeMesh_Traversal.FacesAroundVertex_BoundaryVertexSkipsBoundaryGap .........................................   Passed    0.00 sec
          Start 2010: HalfedgeMesh_Traversal.FacesAroundVertex_InteriorVertexVisitsIncidentFacesOnce
1997/4150 Test #2010: HalfedgeMesh_Traversal.FacesAroundVertex_InteriorVertexVisitsIncidentFacesOnce ..................................   Passed    0.00 sec
          Start 2011: HalfedgeMesh_Traversal.VertexOneRingRangesAreEmptyForIsolatedVertex
1998/4150 Test #2011: HalfedgeMesh_Traversal.VertexOneRingRangesAreEmptyForIsolatedVertex .............................................   Passed    0.00 sec
          Start 2012: HalfedgeMesh_Traversal.BoundaryHalfedges_VisitsEachBoundaryEdgeOnce
1999/4150 Test #2012: HalfedgeMesh_Traversal.BoundaryHalfedges_VisitsEachBoundaryEdgeOnce .............................................   Passed    0.00 sec
          Start 2013: HalfedgeMesh_Traversal.BoundaryVertices_MatchesBoundaryLoopConnectivity
2000/4150 Test #2013: HalfedgeMesh_Traversal.BoundaryVertices_MatchesBoundaryLoopConnectivity .........................................   Passed    0.00 sec
          Start 2014: HalfedgeMesh_EdgeExtraction.SingleTriangle_ReturnsThreeEdges
2001/4150 Test #2014: HalfedgeMesh_EdgeExtraction.SingleTriangle_ReturnsThreeEdges ....................................................   Passed    0.00 sec
          Start 2015: HalfedgeMesh_EdgeExtraction.EdgeVertices_AreValidIndices
2002/4150 Test #2015: HalfedgeMesh_EdgeExtraction.EdgeVertices_AreValidIndices ........................................................   Passed    0.00 sec
          Start 2016: HalfedgeMesh_EdgeExtraction.TwoTriangles_SharedEdgeAppearsOnce
2003/4150 Test #2016: HalfedgeMesh_EdgeExtraction.TwoTriangles_SharedEdgeAppearsOnce ..................................................   Passed    0.00 sec
          Start 2017: HalfedgeMesh_EdgeExtraction.TwoQuads_SharedEdgeAppearsOnce
2004/4150 Test #2017: HalfedgeMesh_EdgeExtraction.TwoQuads_SharedEdgeAppearsOnce ......................................................   Passed    0.00 sec
          Start 2018: HalfedgeMesh_EdgeExtraction.MatchesFromVertex_ToVertex
2005/4150 Test #2018: HalfedgeMesh_EdgeExtraction.MatchesFromVertex_ToVertex ..........................................................   Passed    0.00 sec
          Start 2019: HalfedgeMesh_EdgeExtraction.SpanOverload_FillsCorrectly
2006/4150 Test #2019: HalfedgeMesh_EdgeExtraction.SpanOverload_FillsCorrectly .........................................................   Passed    0.00 sec
          Start 2020: HalfedgeMesh_EdgeExtraction.SpanOverload_PartialBuffer
2007/4150 Test #2020: HalfedgeMesh_EdgeExtraction.SpanOverload_PartialBuffer ..........................................................   Passed    0.00 sec
          Start 2021: HalfedgeMesh_EdgeExtraction.EmptyMesh_ReturnsEmpty
2008/4150 Test #2021: HalfedgeMesh_EdgeExtraction.EmptyMesh_ReturnsEmpty ..............................................................   Passed    0.00 sec
          Start 2022: HalfedgeMesh_EdgeExtraction.AfterEdgeDelete_SkipsDeletedEdge
2009/4150 Test #2022: HalfedgeMesh_EdgeExtraction.AfterEdgeDelete_SkipsDeletedEdge ....................................................   Passed    0.00 sec
          Start 2023: HalfedgeMesh_EdgeExtraction.EdgeVertexPair_SizeOf8
2010/4150 Test #2023: HalfedgeMesh_EdgeExtraction.EdgeVertexPair_SizeOf8 ..............................................................   Passed    0.00 sec
          Start 2024: HalfedgeMesh_Topology.EmptyMesh_HasZeroCounts
2011/4150 Test #2024: HalfedgeMesh_Topology.EmptyMesh_HasZeroCounts ...................................................................   Passed    0.00 sec
          Start 2025: HalfedgeMesh_Topology.AddVertex_IncreasesCount
2012/4150 Test #2025: HalfedgeMesh_Topology.AddVertex_IncreasesCount ..................................................................   Passed    0.00 sec
          Start 2026: HalfedgeMesh_Topology.SingleTriangle_Counts
2013/4150 Test #2026: HalfedgeMesh_Topology.SingleTriangle_Counts .....................................................................   Passed    0.00 sec
          Start 2027: HalfedgeMesh_Topology.TwoTriangles_SharedEdge
2014/4150 Test #2027: HalfedgeMesh_Topology.TwoTriangles_SharedEdge ...................................................................   Passed    0.00 sec
          Start 2028: HalfedgeMesh_Topology.Tetrahedron_ClosedManifold
2015/4150 Test #2028: HalfedgeMesh_Topology.Tetrahedron_ClosedManifold ................................................................   Passed    0.00 sec
          Start 2029: HalfedgeMesh_Topology.Icosahedron_ClosedManifold
2016/4150 Test #2029: HalfedgeMesh_Topology.Icosahedron_ClosedManifold ................................................................   Passed    0.01 sec
          Start 2030: HalfedgeMesh_Topology.Cube_ClosedManifold
2017/4150 Test #2030: HalfedgeMesh_Topology.Cube_ClosedManifold .......................................................................   Passed    0.00 sec
          Start 2031: HalfedgeMesh_Topology.QuadPair_Counts
2018/4150 Test #2031: HalfedgeMesh_Topology.QuadPair_Counts ...........................................................................   Passed    0.00 sec
          Start 2032: HalfedgeMesh_Topology.SingleTriangle_AllVerticesBoundary
2019/4150 Test #2032: HalfedgeMesh_Topology.SingleTriangle_AllVerticesBoundary ........................................................   Passed    0.00 sec
          Start 2033: HalfedgeMesh_Topology.Tetrahedron_NoBoundaryVertices
2020/4150 Test #2033: HalfedgeMesh_Topology.Tetrahedron_NoBoundaryVertices ............................................................   Passed    0.01 sec
          Start 2034: HalfedgeMesh_Topology.Tetrahedron_NoBoundaryEdges
2021/4150 Test #2034: HalfedgeMesh_Topology.Tetrahedron_NoBoundaryEdges ...............................................................   Passed    0.00 sec
          Start 2035: HalfedgeMesh_Topology.SingleTriangle_AllValence2
2022/4150 Test #2035: HalfedgeMesh_Topology.SingleTriangle_AllValence2 ................................................................   Passed    0.00 sec
          Start 2036: HalfedgeMesh_Topology.Tetrahedron_AllValence3
2023/4150 Test #2036: HalfedgeMesh_Topology.Tetrahedron_AllValence3 ...................................................................   Passed    0.00 sec
          Start 2037: HalfedgeMesh_Topology.SubdividedTriangle_InteriorVertexValence
2024/4150 Test #2037: HalfedgeMesh_Topology.SubdividedTriangle_InteriorVertexValence ..................................................   Passed    0.00 sec
          Start 2038: HalfedgeMesh_Topology.DeleteFace_ReducesFaceCount
2025/4150 Test #2038: HalfedgeMesh_Topology.DeleteFace_ReducesFaceCount ...............................................................   Passed    0.00 sec
          Start 2039: HalfedgeMesh_Topology.DeleteAllFaces_EmptyAfterGC
2026/4150 Test #2039: HalfedgeMesh_Topology.DeleteAllFaces_EmptyAfterGC ...............................................................   Passed    0.00 sec
          Start 2040: HalfedgeMesh_Topology.GarbageCollection_CompactsStorage
2027/4150 Test #2040: HalfedgeMesh_Topology.GarbageCollection_CompactsStorage .........................................................   Passed    0.00 sec
          Start 2041: HalfedgeMesh_Topology.SetPosition_UpdatesCorrectly
2028/4150 Test #2041: HalfedgeMesh_Topology.SetPosition_UpdatesCorrectly ..............................................................   Passed    0.00 sec
          Start 2042: HalfedgeMesh_Topology.ConstMesh_PositionIsReadOnly
2029/4150 Test #2042: HalfedgeMesh_Topology.ConstMesh_PositionIsReadOnly ..............................................................   Passed    0.00 sec
          Start 2043: HalfedgeMesh_Topology.OppositeHalfedge_IsSymmetric
2030/4150 Test #2043: HalfedgeMesh_Topology.OppositeHalfedge_IsSymmetric ..............................................................   Passed    0.00 sec
          Start 2044: HalfedgeMesh_Topology.NextHalfedge_CyclesBackToStart
2031/4150 Test #2044: HalfedgeMesh_Topology.NextHalfedge_CyclesBackToStart ............................................................   Passed    0.00 sec
          Start 2045: HalfedgeMesh_Topology.FromToVertex_Consistency
2032/4150 Test #2045: HalfedgeMesh_Topology.FromToVertex_Consistency ..................................................................   Passed    0.00 sec
          Start 2046: HalfedgeMesh_Topology.FaceIncidence_IsSeparateFromGraphTraversalConnectivity
2033/4150 Test #2046: HalfedgeMesh_Topology.FaceIncidence_IsSeparateFromGraphTraversalConnectivity ....................................   Passed    0.00 sec
          Start 2047: HalfedgeMesh_Topology.EdgeHalfedge_RoundTrip
2034/4150 Test #2047: HalfedgeMesh_Topology.EdgeHalfedge_RoundTrip ....................................................................   Passed    0.00 sec
          Start 2048: HalfedgeMesh_Topology.IsolatedVertex_HasNoConnectivity
2035/4150 Test #2048: HalfedgeMesh_Topology.IsolatedVertex_HasNoConnectivity ..........................................................   Passed    0.00 sec
          Start 2049: HalfedgeMesh_Topology.ConnectedVertex_IsNotIsolated
2036/4150 Test #2049: HalfedgeMesh_Topology.ConnectedVertex_IsNotIsolated .............................................................   Passed    0.00 sec
          Start 2050: HalfedgeMesh_Topology.MakeEquilateralTriangle_SameAsSingleTriangle
2037/4150 Test #2050: HalfedgeMesh_Topology.MakeEquilateralTriangle_SameAsSingleTriangle ..............................................   Passed    0.00 sec
          Start 2051: HalfedgeMesh_Topology.MakeTwoTriangles_SameAsTwoTriangleSquare
2038/4150 Test #2051: HalfedgeMesh_Topology.MakeTwoTriangles_SameAsTwoTriangleSquare ..................................................   Passed    0.01 sec
          Start 2052: MeshTopologyUtilities.TriangulateFansPolygonFace
2039/4150 Test #2052: MeshTopologyUtilities.TriangulateFansPolygonFace ................................................................   Passed    0.00 sec
          Start 2053: MeshTopologyUtilities.ConnectedComponentsPublishLabelsAndSplitMeshes
2040/4150 Test #2053: MeshTopologyUtilities.ConnectedComponentsPublishLabelsAndSplitMeshes ............................................   Passed    0.00 sec
          Start 2054: MeshTopologyUtilities.TriangleAdjacencyAndNearestFaceAreDeterministic
2041/4150 Test #2054: MeshTopologyUtilities.TriangleAdjacencyAndNearestFaceAreDeterministic ...........................................   Passed    0.00 sec
          Start 2055: MeshTopologyUtilities.UpdateEdgeLengthsPublishesCanonicalCache
2042/4150 Test #2055: MeshTopologyUtilities.UpdateEdgeLengthsPublishesCanonicalCache ..................................................   Passed    0.00 sec
          Start 2056: CornerTexcoords.ResolvesNoneWhenMeshCarriesNoUvs
2043/4150 Test #2056: CornerTexcoords.ResolvesNoneWhenMeshCarriesNoUvs ................................................................   Passed    0.00 sec
          Start 2057: CornerTexcoords.ResolvesVertexDomainWhenOnlyVertexUvsExist
2044/4150 Test #2057: CornerTexcoords.ResolvesVertexDomainWhenOnlyVertexUvsExist ......................................................   Passed    0.00 sec
          Start 2058: CornerTexcoords.CornerUvsWinOverVertexUvs
2045/4150 Test #2058: CornerTexcoords.CornerUvsWinOverVertexUvs .......................................................................   Passed    0.00 sec
          Start 2059: CornerTexcoords.CornerReadFallsBackToTargetVertexUv
2046/4150 Test #2059: CornerTexcoords.CornerReadFallsBackToTargetVertexUv .............................................................   Passed    0.01 sec
          Start 2060: CornerTexcoords.MismatchedPropertySizeIsIgnoredRatherThanTrusted
2047/4150 Test #2060: CornerTexcoords.MismatchedPropertySizeIsIgnoredRatherThanTrusted ................................................   Passed    0.01 sec
          Start 2061: CornerTexcoords.UniformCornerUvsHaveNoSeams
2048/4150 Test #2061: CornerTexcoords.UniformCornerUvsHaveNoSeams .....................................................................   Passed    0.00 sec
          Start 2062: CornerTexcoords.VertexOwnedUvsCanNeverProduceSeams
2049/4150 Test #2062: CornerTexcoords.VertexOwnedUvsCanNeverProduceSeams ..............................................................   Passed    0.00 sec
          Start 2063: CornerTexcoords.DisagreeingCornersAtOneVertexAreASeam
2050/4150 Test #2063: CornerTexcoords.DisagreeingCornersAtOneVertexAreASeam ...........................................................   Passed    0.00 sec
          Start 2064: CornerTexcoords.SeamEpsilonSuppressesNegligibleDifferences
2051/4150 Test #2064: CornerTexcoords.SeamEpsilonSuppressesNegligibleDifferences ......................................................   Passed    0.00 sec
          Start 2065: Validation_IsFinite.Float_FiniteValues
2052/4150 Test #2065: Validation_IsFinite.Float_FiniteValues ..........................................................................   Passed    0.00 sec
          Start 2066: Validation_IsFinite.Float_NonFiniteValues
2053/4150 Test #2066: Validation_IsFinite.Float_NonFiniteValues .......................................................................   Passed    0.00 sec
          Start 2067: Validation_IsFinite.Double_FiniteValues
2054/4150 Test #2067: Validation_IsFinite.Double_FiniteValues .........................................................................   Passed    0.00 sec
          Start 2068: Validation_IsFinite.Double_NonFiniteValues
2055/4150 Test #2068: Validation_IsFinite.Double_NonFiniteValues ......................................................................   Passed    0.00 sec
          Start 2069: Validation_IsFinite.Vec2_AllFinite
2056/4150 Test #2069: Validation_IsFinite.Vec2_AllFinite ..............................................................................   Passed    0.00 sec
          Start 2070: Validation_IsFinite.Vec2_AnyNonFinite
2057/4150 Test #2070: Validation_IsFinite.Vec2_AnyNonFinite ...........................................................................   Passed    0.00 sec
          Start 2071: Validation_IsFinite.Vec3_AllFinite
2058/4150 Test #2071: Validation_IsFinite.Vec3_AllFinite ..............................................................................   Passed    0.00 sec
          Start 2072: Validation_IsFinite.Vec3_AnyNonFinite
2059/4150 Test #2072: Validation_IsFinite.Vec3_AnyNonFinite ...........................................................................   Passed    0.00 sec
          Start 2073: Validation_IsFinite.DVec3_AllFinite
2060/4150 Test #2073: Validation_IsFinite.DVec3_AllFinite .............................................................................   Passed    0.00 sec
          Start 2074: Validation_IsFinite.DVec3_AnyNonFinite
2061/4150 Test #2074: Validation_IsFinite.DVec3_AnyNonFinite ..........................................................................   Passed    0.00 sec
          Start 2075: Validation_Vector.IsNormalized_UnitVectors
2062/4150 Test #2075: Validation_Vector.IsNormalized_UnitVectors ......................................................................   Passed    0.00 sec
          Start 2076: Validation_Vector.IsNormalized_NonUnitVectors
2063/4150 Test #2076: Validation_Vector.IsNormalized_NonUnitVectors ...................................................................   Passed    0.00 sec
          Start 2077: Validation_Vector.IsZero_ZeroVector
2064/4150 Test #2077: Validation_Vector.IsZero_ZeroVector .............................................................................   Passed    0.00 sec
          Start 2078: Validation_Vector.IsZero_NonZeroVector
2065/4150 Test #2078: Validation_Vector.IsZero_NonZeroVector ..........................................................................   Passed    0.00 sec
          Start 2079: Validation_Primitives.Sphere_ValidAndInvalid
2066/4150 Test #2079: Validation_Primitives.Sphere_ValidAndInvalid ....................................................................   Passed    0.00 sec
          Start 2080: Validation_Primitives.AABB_ValidAndInvalid
2067/4150 Test #2080: Validation_Primitives.AABB_ValidAndInvalid ......................................................................   Passed    0.01 sec
          Start 2081: Validation_Primitives.Triangle_ValidAndDegenerate
2068/4150 Test #2081: Validation_Primitives.Triangle_ValidAndDegenerate ...............................................................   Passed    0.00 sec
          Start 2082: Validation_Primitives.OBB_ValidAndDegenerate
2069/4150 Test #2082: Validation_Primitives.OBB_ValidAndDegenerate ....................................................................   Passed    0.00 sec
          Start 2083: Validation_Primitives.Capsule_ValidAndDegenerate
2070/4150 Test #2083: Validation_Primitives.Capsule_ValidAndDegenerate ................................................................   Passed    0.00 sec
          Start 2084: Validation_Primitives.Ray_ValidAndInvalid
2071/4150 Test #2084: Validation_Primitives.Ray_ValidAndInvalid .......................................................................   Passed    0.00 sec
          Start 2085: Validation_Primitives.Plane_ValidAndInvalid
2072/4150 Test #2085: Validation_Primitives.Plane_ValidAndInvalid .....................................................................   Passed    0.00 sec
          Start 2086: Validation_Primitives.Segment_ValidAndDegenerate
2073/4150 Test #2086: Validation_Primitives.Segment_ValidAndDegenerate ................................................................   Passed    0.00 sec
          Start 2087: Validation_Sanitize.Sphere_FixesNonFiniteCenter
2074/4150 Test #2087: Validation_Sanitize.Sphere_FixesNonFiniteCenter .................................................................   Passed    0.01 sec
          Start 2088: Validation_Sanitize.AABB_FixesInvertedMinMax
2075/4150 Test #2088: Validation_Sanitize.AABB_FixesInvertedMinMax ....................................................................   Passed    0.00 sec
          Start 2089: Validation_Sanitize.Ray_FixesZeroDirection
2076/4150 Test #2089: Validation_Sanitize.Ray_FixesZeroDirection ......................................................................   Passed    0.00 sec
          Start 2090: Validation_Sanitize.OBB_FixesZeroQuaternion
2077/4150 Test #2090: Validation_Sanitize.OBB_FixesZeroQuaternion .....................................................................   Passed    0.00 sec
          Start 2091: Curvature_MeanCurvature.EmptyMesh_ReturnsNullopt
2078/4150 Test #2091: Curvature_MeanCurvature.EmptyMesh_ReturnsNullopt ................................................................   Passed    0.00 sec
          Start 2092: Curvature_MeanCurvature.Tetrahedron_UniformPositiveCurvature
2079/4150 Test #2092: Curvature_MeanCurvature.Tetrahedron_UniformPositiveCurvature ....................................................   Passed    0.00 sec
          Start 2093: Curvature_MeanCurvature.FlatMesh_NearZeroCurvatureAtInteriorVertices
2080/4150 Test #2093: Curvature_MeanCurvature.FlatMesh_NearZeroCurvatureAtInteriorVertices ............................................   Passed    0.00 sec
          Start 2094: Curvature_MeanCurvature.FlippedClosedMesh_NegativeCurvature
2081/4150 Test #2094: Curvature_MeanCurvature.FlippedClosedMesh_NegativeCurvature .....................................................   Passed    0.00 sec
          Start 2095: Curvature_GaussianCurvature.EmptyMesh_ReturnsNullopt
2082/4150 Test #2095: Curvature_GaussianCurvature.EmptyMesh_ReturnsNullopt ............................................................   Passed    0.00 sec
          Start 2096: Curvature_GaussianCurvature.Tetrahedron_GaussBonnet
2083/4150 Test #2096: Curvature_GaussianCurvature.Tetrahedron_GaussBonnet .............................................................   Passed    0.00 sec
          Start 2097: Curvature_GaussianCurvature.FlatMesh_NearZeroCurvatureAtInteriorVertices
2084/4150 Test #2097: Curvature_GaussianCurvature.FlatMesh_NearZeroCurvatureAtInteriorVertices ........................................   Passed    0.00 sec
          Start 2098: Curvature_Full.Icosahedron_SymmetricCurvatureValues
2085/4150 Test #2098: Curvature_Full.Icosahedron_SymmetricCurvatureValues .............................................................   Passed    0.00 sec
          Start 2099: Curvature_Full.PrincipalRelation_K1GeK2_And_H_Equals_Average
2086/4150 Test #2099: Curvature_Full.PrincipalRelation_K1GeK2_And_H_Equals_Average ....................................................   Passed    0.00 sec
          Start 2100: MeshUtils_VertexNormal.ClosedConvexMesh_NormalsPointOutward
2087/4150 Test #2100: MeshUtils_VertexNormal.ClosedConvexMesh_NormalsPointOutward .....................................................   Passed    0.00 sec
          Start 2101: MeshUtils_VertexNormal.FlatMesh_NormalsPointAlongFaceNormal
2088/4150 Test #2101: MeshUtils_VertexNormal.FlatMesh_NormalsPointAlongFaceNormal .....................................................   Passed    0.00 sec
          Start 2102: MeshUtils_PublishNormals.VertexNormals_StoredAsProperty
2089/4150 Test #2102: MeshUtils_PublishNormals.VertexNormals_StoredAsProperty .........................................................   Passed    0.00 sec
          Start 2103: MeshUtils_PublishNormals.FaceNormals_StoredAsProperty
2090/4150 Test #2103: MeshUtils_PublishNormals.FaceNormals_StoredAsProperty ...........................................................   Passed    0.00 sec
          Start 2104: MeshUtils_AngleDefect.ClosedTetrahedron_TotalDefectEqualsFourPi
2091/4150 Test #2104: MeshUtils_AngleDefect.ClosedTetrahedron_TotalDefectEqualsFourPi .................................................   Passed    0.00 sec
          Start 2105: MeshUtils_AngleDefect.BoundaryVertex_UsesPiMinusAngleSum
2092/4150 Test #2105: MeshUtils_AngleDefect.BoundaryVertex_UsesPiMinusAngleSum ........................................................   Passed    0.00 sec
          Start 2106: CurvatureTensor.EmptyMesh_ReturnsNullopt
2093/4150 Test #2106: CurvatureTensor.EmptyMesh_ReturnsNullopt ........................................................................   Passed    0.00 sec
          Start 2107: CurvatureTensor.NoFaceMesh_ReturnsNullopt
2094/4150 Test #2107: CurvatureTensor.NoFaceMesh_ReturnsNullopt .......................................................................   Passed    0.00 sec
          Start 2108: CurvatureTensor.Sphere_IsotropicAndTangent
2095/4150 Test #2108: CurvatureTensor.Sphere_IsotropicAndTangent ......................................................................   Passed    0.03 sec
          Start 2109: CurvatureTensor.Cylinder_AxisAligned
2096/4150 Test #2109: CurvatureTensor.Cylinder_AxisAligned ............................................................................   Passed    0.08 sec
          Start 2110: CurvatureTensor.Saddle_OppositeSignsAxisAligned
2097/4150 Test #2110: CurvatureTensor.Saddle_OppositeSignsAxisAligned .................................................................   Passed    0.07 sec
          Start 2111: CurvatureTensor.NonFiniteCornerOnClosedMeshFailsClosed
2098/4150 Test #2111: CurvatureTensor.NonFiniteCornerOnClosedMeshFailsClosed ..........................................................   Passed    0.00 sec
          Start 2112: CurvatureTensor.Deterministic
2099/4150 Test #2112: CurvatureTensor.Deterministic ...................................................................................   Passed    0.05 sec
          Start 2113: CurvatureTensor.ComputeCurvaturePreservesScalarsAndPublishesDirections
2100/4150 Test #2113: CurvatureTensor.ComputeCurvaturePreservesScalarsAndPublishesDirections ..........................................   Passed    0.04 sec
          Start 2114: CurvatureTensor.FlatRegionAndBoundaryFailClosed
2101/4150 Test #2114: CurvatureTensor.FlatRegionAndBoundaryFailClosed .................................................................   Passed    0.01 sec
          Start 2115: Raycast.RayHitsTriangleFrontFace
2102/4150 Test #2115: Raycast.RayHitsTriangleFrontFace ................................................................................   Passed    0.00 sec
          Start 2116: Raycast.RayMissesTriangle
2103/4150 Test #2116: Raycast.RayMissesTriangle .......................................................................................   Passed    0.00 sec
          Start 2117: Raycast.RayHitsTriangleFromBehind
2104/4150 Test #2117: Raycast.RayHitsTriangleFromBehind ...............................................................................   Passed    0.00 sec
          Start 2118: Raycast.RayParallelToTriangle
2105/4150 Test #2118: Raycast.RayParallelToTriangle ...................................................................................   Passed    0.00 sec
          Start 2119: Raycast.RayHitsTriangleEdge
2106/4150 Test #2119: Raycast.RayHitsTriangleEdge .....................................................................................   Passed    0.00 sec
          Start 2120: Raycast.RayHitsTriangleVertex
2107/4150 Test #2120: Raycast.RayHitsTriangleVertex ...................................................................................   Passed    0.00 sec
          Start 2121: Raycast.DegenerateTriangleReturnsNullopt
2108/4150 Test #2121: Raycast.DegenerateTriangleReturnsNullopt ........................................................................   Passed    0.00 sec
          Start 2122: Raycast.RespectsTMinBound
2109/4150 Test #2122: Raycast.RespectsTMinBound .......................................................................................   Passed    0.00 sec
          Start 2123: Raycast.RespectsTMaxBound
2110/4150 Test #2123: Raycast.RespectsTMaxBound .......................................................................................   Passed    0.00 sec
          Start 2124: Raycast.BarycentricCoordinatesAtCentroid
2111/4150 Test #2124: Raycast.BarycentricCoordinatesAtCentroid ........................................................................   Passed    0.00 sec
          Start 2125: GeometryQueries.ClosestRaySegment_Perpendicular
2112/4150 Test #2125: GeometryQueries.ClosestRaySegment_Perpendicular .................................................................   Passed    0.00 sec
          Start 2126: GeometryQueries.ClosestRaySegment_Crossing
2113/4150 Test #2126: GeometryQueries.ClosestRaySegment_Crossing ......................................................................   Passed    0.00 sec
          Start 2127: GeometryQueries.ClosestRaySegment_DegenerateSegment
2114/4150 Test #2127: GeometryQueries.ClosestRaySegment_DegenerateSegment .............................................................   Passed    0.00 sec
          Start 2128: GeometryQueries.ClosestPointSegment_PointOnSegment
2115/4150 Test #2128: GeometryQueries.ClosestPointSegment_PointOnSegment ..............................................................   Passed    0.00 sec
          Start 2129: GeometryQueries.ClosestPointSegment_PointOffSegment
2116/4150 Test #2129: GeometryQueries.ClosestPointSegment_PointOffSegment .............................................................   Passed    0.00 sec
          Start 2130: GeometryQueries.ClosestPointSegment_PointBeyondEndpointA
2117/4150 Test #2130: GeometryQueries.ClosestPointSegment_PointBeyondEndpointA ........................................................   Passed    0.00 sec
          Start 2131: GeometryQueries.ClosestPointSegment_PointBeyondEndpointB
2118/4150 Test #2131: GeometryQueries.ClosestPointSegment_PointBeyondEndpointB ........................................................   Passed    0.00 sec
          Start 2132: GeometryQueries.ClosestPointSegment_DegenerateSegment
2119/4150 Test #2132: GeometryQueries.ClosestPointSegment_DegenerateSegment ...........................................................   Passed    0.00 sec
          Start 2133: GeometryQueries.ClosestPointRay_PointOnRay
2120/4150 Test #2133: GeometryQueries.ClosestPointRay_PointOnRay ......................................................................   Passed    0.00 sec
          Start 2134: GeometryQueries.ClosestPointRay_PointOffRay
2121/4150 Test #2134: GeometryQueries.ClosestPointRay_PointOffRay .....................................................................   Passed    0.00 sec
          Start 2135: GeometryQueries.ClosestPointRay_PointBehindOrigin
2122/4150 Test #2135: GeometryQueries.ClosestPointRay_PointBehindOrigin ...............................................................   Passed    0.00 sec
          Start 2136: GeometryQueries.ClosestPointRay_OriginOnRay
2123/4150 Test #2136: GeometryQueries.ClosestPointRay_OriginOnRay .....................................................................   Passed    0.00 sec
          Start 2137: PcaPrimitives.PcaRecoversDominantAxisForLineSamples
2124/4150 Test #2137: PcaPrimitives.PcaRecoversDominantAxisForLineSamples .............................................................   Passed    0.00 sec
          Start 2138: PcaPrimitives.PlaneFitRecoversTiltedPlane
2125/4150 Test #2138: PcaPrimitives.PlaneFitRecoversTiltedPlane .......................................................................   Passed    0.00 sec
          Start 2139: PcaPrimitives.SegmentFitTracksPrincipalExtent
2126/4150 Test #2139: PcaPrimitives.SegmentFitTracksPrincipalExtent ...................................................................   Passed    0.00 sec
          Start 2140: PcaPrimitives.OBBFitContainsRotatedBoxCorners
2127/4150 Test #2140: PcaPrimitives.OBBFitContainsRotatedBoxCorners ...................................................................   Passed    0.00 sec
          Start 2141: PcaPrimitives.EllipsoidFitContainsRotatedBoxCorners
2128/4150 Test #2141: PcaPrimitives.EllipsoidFitContainsRotatedBoxCorners .............................................................   Passed    0.00 sec
          Start 2142: Overlap.SphereSphereOverlapping
2129/4150 Test #2142: Overlap.SphereSphereOverlapping .................................................................................   Passed    0.00 sec
          Start 2143: Overlap.SphereSphereSeparated
2130/4150 Test #2143: Overlap.SphereSphereSeparated ...................................................................................   Passed    0.00 sec
          Start 2144: Overlap.SphereSphereTouching
2131/4150 Test #2144: Overlap.SphereSphereTouching ....................................................................................   Passed    0.00 sec
          Start 2145: Overlap.SphereSphereContained
2132/4150 Test #2145: Overlap.SphereSphereContained ...................................................................................   Passed    0.00 sec
          Start 2146: Overlap.AABBAABBOverlapping
2133/4150 Test #2146: Overlap.AABBAABBOverlapping .....................................................................................   Passed    0.01 sec
          Start 2147: Overlap.AABBAABBSeparated
2134/4150 Test #2147: Overlap.AABBAABBSeparated .......................................................................................   Passed    0.00 sec
          Start 2148: Overlap.SphereAABBOverlapping
2135/4150 Test #2148: Overlap.SphereAABBOverlapping ...................................................................................   Passed    0.00 sec
          Start 2149: Overlap.SphereAABBSeparated
2136/4150 Test #2149: Overlap.SphereAABBSeparated .....................................................................................   Passed    0.00 sec
          Start 2150: Overlap.RayAABBHit
2137/4150 Test #2150: Overlap.RayAABBHit ..............................................................................................   Passed    0.01 sec
          Start 2151: Overlap.RayAABBMiss
2138/4150 Test #2151: Overlap.RayAABBMiss .............................................................................................   Passed    0.01 sec
          Start 2152: Overlap.RayAABBInsideBox
2139/4150 Test #2152: Overlap.RayAABBInsideBox ........................................................................................   Passed    0.01 sec
          Start 2153: Overlap.RayAABBOnSlabBoundaryAxisParallel
2140/4150 Test #2153: Overlap.RayAABBOnSlabBoundaryAxisParallel .......................................................................   Passed    0.00 sec
          Start 2154: Overlap.RayAABBOverlapMatchesRayCastForBoundaryCorpus
2141/4150 Test #2154: Overlap.RayAABBOverlapMatchesRayCastForBoundaryCorpus ...........................................................   Passed    0.01 sec
          Start 2155: Overlap.RaySphereHit
2142/4150 Test #2155: Overlap.RaySphereHit ............................................................................................   Passed    0.00 sec
          Start 2156: Overlap.RaySphereMiss
2143/4150 Test #2156: Overlap.RaySphereMiss ...........................................................................................   Passed    0.00 sec
          Start 2157: Overlap.FrustumSphereInside
2144/4150 Test #2157: Overlap.FrustumSphereInside .....................................................................................   Passed    0.00 sec
          Start 2158: Overlap.FrustumSphereOutside
2145/4150 Test #2158: Overlap.FrustumSphereOutside ....................................................................................   Passed    0.00 sec
          Start 2159: Overlap.FrustumAABBInside
2146/4150 Test #2159: Overlap.FrustumAABBInside .......................................................................................   Passed    0.00 sec
          Start 2160: Overlap.FrustumAABBOutsideBehindCamera
2147/4150 Test #2160: Overlap.FrustumAABBOutsideBehindCamera ..........................................................................   Passed    0.00 sec
          Start 2161: Overlap.FrustumAABBOutsideFarBeyondFar
2148/4150 Test #2161: Overlap.FrustumAABBOutsideFarBeyondFar ..........................................................................   Passed    0.00 sec
          Start 2162: Overlap.FrustumAABBStraddlingNearPlane
2149/4150 Test #2162: Overlap.FrustumAABBStraddlingNearPlane ..........................................................................   Passed    0.00 sec
          Start 2163: Overlap.FrustumAABBOffToTheSide
2150/4150 Test #2163: Overlap.FrustumAABBOffToTheSide .................................................................................   Passed    0.00 sec
          Start 2164: Overlap.FrustumAABBBatteryAgreesWithLegacyOracle
2151/4150 Test #2164: Overlap.FrustumAABBBatteryAgreesWithLegacyOracle ................................................................   Passed    0.00 sec
          Start 2165: Overlap.FrustumSphereStraddlingPlaneIsKept
2152/4150 Test #2165: Overlap.FrustumSphereStraddlingPlaneIsKept ......................................................................   Passed    0.00 sec
          Start 2166: Overlap.FrustumSphereBatteryAgreesWithLegacyOracle
2153/4150 Test #2166: Overlap.FrustumSphereBatteryAgreesWithLegacyOracle ..............................................................   Passed    0.01 sec
          Start 2167: Overlap.SphereCapsuleOverlapping
2154/4150 Test #2167: Overlap.SphereCapsuleOverlapping ................................................................................   Passed    0.00 sec
          Start 2168: Overlap.SphereCapsuleSeparated
2155/4150 Test #2168: Overlap.SphereCapsuleSeparated ..................................................................................   Passed    0.00 sec
          Start 2169: Overlap.OBBSphereOverlapping
2156/4150 Test #2169: Overlap.OBBSphereOverlapping ....................................................................................   Passed    0.00 sec
          Start 2170: Overlap.OBBSphereSeparated
2157/4150 Test #2170: Overlap.OBBSphereSeparated ......................................................................................   Passed    0.00 sec
          Start 2171: GridDimensions.VertexCount
2158/4150 Test #2171: GridDimensions.VertexCount ......................................................................................   Passed    0.00 sec
          Start 2172: GridDimensions.CellCount
2159/4150 Test #2172: GridDimensions.CellCount ........................................................................................   Passed    0.00 sec
          Start 2173: GridDimensions.LinearIndexRoundTrip
2160/4150 Test #2173: GridDimensions.LinearIndexRoundTrip .............................................................................   Passed    0.00 sec
          Start 2174: GridDimensions.LinearIndexFormula
2161/4150 Test #2174: GridDimensions.LinearIndexFormula ...............................................................................   Passed    0.00 sec
          Start 2175: GridDimensions.WorldPosition
2162/4150 Test #2175: GridDimensions.WorldPosition ....................................................................................   Passed    0.00 sec
          Start 2176: GridDimensions.CellCenter
2163/4150 Test #2176: GridDimensions.CellCenter .......................................................................................   Passed    0.00 sec
          Start 2177: GridDimensions.InBounds
2164/4150 Test #2177: GridDimensions.InBounds .........................................................................................   Passed    0.00 sec
          Start 2178: GridDimensions.IsValid
2165/4150 Test #2178: GridDimensions.IsValid ..........................................................................................   Passed    0.00 sec
          Start 2179: GridDimensions.EqualityComparesLayoutFields
2166/4150 Test #2179: GridDimensions.EqualityComparesLayoutFields .....................................................................   Passed    0.00 sec
          Start 2180: DenseGrid.ConstructionAllocatesCorrectSize
2167/4150 Test #2180: DenseGrid.ConstructionAllocatesCorrectSize ......................................................................   Passed    0.00 sec
          Start 2181: DenseGrid.AddAndGetProperty
2168/4150 Test #2181: DenseGrid.AddAndGetProperty .....................................................................................   Passed    0.00 sec
          Start 2182: DenseGrid.GetOrAddProperty
2169/4150 Test #2182: DenseGrid.GetOrAddProperty ......................................................................................   Passed    0.00 sec
          Start 2183: DenseGrid.MultipleProperties
2170/4150 Test #2183: DenseGrid.MultipleProperties ....................................................................................   Passed    0.01 sec
          Start 2184: DenseGrid.ScalarFieldReadWrite
2171/4150 Test #2184: DenseGrid.ScalarFieldReadWrite ..................................................................................   Passed    0.00 sec
          Start 2185: DenseGrid.VertexIndexMatchesDimensions
2172/4150 Test #2185: DenseGrid.VertexIndexMatchesDimensions ..........................................................................   Passed    0.00 sec
          Start 2186: DenseGrid.Reset
2173/4150 Test #2186: DenseGrid.Reset .................................................................................................   Passed    0.00 sec
          Start 2187: DenseGrid.MarchingCubesExtraction
2174/4150 Test #2187: DenseGrid.MarchingCubesExtraction ...............................................................................   Passed    0.01 sec
          Start 2188: DenseGrid.MarchingCubesCustomPropertyName
2175/4150 Test #2188: DenseGrid.MarchingCubesCustomPropertyName .......................................................................   Passed    0.00 sec
          Start 2189: DenseGrid.MarchingCubesInvalidGridReturnsNullopt
2176/4150 Test #2189: DenseGrid.MarchingCubesInvalidGridReturnsNullopt ................................................................   Passed    0.00 sec
          Start 2190: DenseGrid.ScalarPropertyRoundTrip
2177/4150 Test #2190: DenseGrid.ScalarPropertyRoundTrip ...............................................................................   Passed    0.01 sec
          Start 2191: DenseGrid.SpanAccessForGPUUpload
2178/4150 Test #2191: DenseGrid.SpanAccessForGPUUpload ................................................................................   Passed    0.00 sec
          Start 2192: DenseGrid.MarchingCubesExtractSphereSDF
2179/4150 Test #2192: DenseGrid.MarchingCubesExtractSphereSDF .........................................................................   Passed    0.01 sec
          Start 2193: SparseGrid.EmptyGridHasNoBlocks
2180/4150 Test #2193: SparseGrid.EmptyGridHasNoBlocks .................................................................................   Passed    0.01 sec
          Start 2194: SparseGrid.TouchVertexAllocatesBlock
2181/4150 Test #2194: SparseGrid.TouchVertexAllocatesBlock ............................................................................   Passed    0.00 sec
          Start 2195: SparseGrid.VertexIndexReturnsNulloptForUnallocated
2182/4150 Test #2195: SparseGrid.VertexIndexReturnsNulloptForUnallocated ..............................................................   Passed    0.00 sec
          Start 2196: SparseGrid.VertexIndexAfterTouch
2183/4150 Test #2196: SparseGrid.VertexIndexAfterTouch ................................................................................   Passed    0.00 sec
          Start 2197: SparseGrid.SameBlockForNearbyVertices
2184/4150 Test #2197: SparseGrid.SameBlockForNearbyVertices ...........................................................................   Passed    0.00 sec
          Start 2198: SparseGrid.IsAllocated
2185/4150 Test #2198: SparseGrid.IsAllocated ..........................................................................................   Passed    0.00 sec
          Start 2199: SparseGrid.ScalarFieldWriteRead
2186/4150 Test #2199: SparseGrid.ScalarFieldWriteRead .................................................................................   Passed    0.01 sec
          Start 2200: SparseGrid.MultipleProperties
2187/4150 Test #2200: SparseGrid.MultipleProperties ...................................................................................   Passed    0.00 sec
          Start 2201: SparseGrid.ForEachBlock
2188/4150 Test #2201: SparseGrid.ForEachBlock .........................................................................................   Passed    0.00 sec
          Start 2202: SparseGrid.ForEachAllocatedVertex
2189/4150 Test #2202: SparseGrid.ForEachAllocatedVertex ...............................................................................   Passed    0.00 sec
          Start 2203: SparseGrid.Reset
2190/4150 Test #2203: SparseGrid.Reset ................................................................................................   Passed    0.01 sec
          Start 2204: SparseGrid.MemoryEfficiency
2191/4150 Test #2204: SparseGrid.MemoryEfficiency .....................................................................................   Passed    0.18 sec
          Start 2205: SparseGrid.IntraBlockLocalityConsecutiveIndices
2192/4150 Test #2205: SparseGrid.IntraBlockLocalityConsecutiveIndices .................................................................   Passed    0.00 sec
          Start 2206: MarchingCubes.InvalidGridReturnsNullopt
2193/4150 Test #2206: MarchingCubes.InvalidGridReturnsNullopt .........................................................................   Passed    0.00 sec
          Start 2207: MarchingCubes.EmptyIsosurfaceReturnsNullopt
2194/4150 Test #2207: MarchingCubes.EmptyIsosurfaceReturnsNullopt .....................................................................   Passed    0.00 sec
          Start 2208: MarchingCubes.SphereExtractionProducesTriangles
2195/4150 Test #2208: MarchingCubes.SphereExtractionProducesTriangles .................................................................   Passed    0.00 sec
          Start 2209: MarchingCubes.SphereExtractionWithNormals
2196/4150 Test #2209: MarchingCubes.SphereExtractionWithNormals .......................................................................   Passed    0.00 sec
          Start 2210: MarchingCubes.SphereVerticesNearSurface
2197/4150 Test #2210: MarchingCubes.SphereVerticesNearSurface .........................................................................   Passed    0.01 sec
          Start 2211: MarchingCubes.VertexWeldingProducesSharedVertices
2198/4150 Test #2211: MarchingCubes.VertexWeldingProducesSharedVertices ...............................................................   Passed    0.00 sec
          Start 2212: MarchingCubes.ToMeshProducesValidHalfedgeMesh
2199/4150 Test #2212: MarchingCubes.ToMeshProducesValidHalfedgeMesh ...................................................................   Passed    0.01 sec
          Start 2213: MarchingCubes.ToMeshEmptyResultReturnsNullopt
2200/4150 Test #2213: MarchingCubes.ToMeshEmptyResultReturnsNullopt ...................................................................   Passed    0.00 sec
          Start 2214: MarchingCubes.DenseGridDimensionsValid
2201/4150 Test #2214: MarchingCubes.DenseGridDimensionsValid ..........................................................................   Passed    0.00 sec
          Start 2215: MarchingCubes.DenseGridLinearIndex
2202/4150 Test #2215: MarchingCubes.DenseGridLinearIndex ..............................................................................   Passed    0.00 sec
          Start 2216: MarchingCubes.NonZeroIsovalue
2203/4150 Test #2216: MarchingCubes.NonZeroIsovalue ...................................................................................   Passed    0.00 sec
          Start 2217: ImplicitPlaneField.BuildFromQuadProducesActiveLeavesAndSignedEvaluation
2204/4150 Test #2217: ImplicitPlaneField.BuildFromQuadProducesActiveLeavesAndSignedEvaluation .........................................   Passed    0.00 sec
          Start 2218: ImplicitPlaneField.ProjectSnapsToSurface
2205/4150 Test #2218: ImplicitPlaneField.ProjectSnapsToSurface ........................................................................   Passed    0.00 sec
          Start 2219: ImplicitPlaneField.EmptyMeshReturnsNullopt
2206/4150 Test #2219: ImplicitPlaneField.EmptyMeshReturnsNullopt ......................................................................   Passed    0.01 sec
          Start 2220: ImplicitPlaneField.CanSampleToDenseGrid
2207/4150 Test #2220: ImplicitPlaneField.CanSampleToDenseGrid .........................................................................   Passed    0.01 sec
          Start 2221: ImplicitPlaneField.ExtractMeshProducesGeometry
2208/4150 Test #2221: ImplicitPlaneField.ExtractMeshProducesGeometry ..................................................................   Passed    0.03 sec
          Start 2222: Containment.SphereSphere_FullyContained
2209/4150 Test #2222: Containment.SphereSphere_FullyContained .........................................................................   Passed    0.01 sec
          Start 2223: Containment.SphereSphere_PartialOverlap
2210/4150 Test #2223: Containment.SphereSphere_PartialOverlap .........................................................................   Passed    0.00 sec
          Start 2224: Containment.SphereSphere_NoOverlap
2211/4150 Test #2224: Containment.SphereSphere_NoOverlap ..............................................................................   Passed    0.00 sec
          Start 2225: Containment.SphereSphere_Concentric
2212/4150 Test #2225: Containment.SphereSphere_Concentric .............................................................................   Passed    0.00 sec
          Start 2226: Containment.SphereSphere_PointContainment
2213/4150 Test #2226: Containment.SphereSphere_PointContainment .......................................................................   Passed    0.00 sec
          Start 2227: Containment.SphereSphere_PointOutside
2214/4150 Test #2227: Containment.SphereSphere_PointOutside ...........................................................................   Passed    0.00 sec
          Start 2228: Containment.AABBPoint_Inside
2215/4150 Test #2228: Containment.AABBPoint_Inside ....................................................................................   Passed    0.00 sec
          Start 2229: Containment.AABBPoint_OnBoundary
2216/4150 Test #2229: Containment.AABBPoint_OnBoundary ................................................................................   Passed    0.00 sec
          Start 2230: Containment.AABBPoint_Outside
2217/4150 Test #2230: Containment.AABBPoint_Outside ...................................................................................   Passed    0.00 sec
          Start 2231: Containment.AABBAABB_FullyContained
2218/4150 Test #2231: Containment.AABBAABB_FullyContained .............................................................................   Passed    0.00 sec
          Start 2232: Containment.AABBAABB_PartialOverlap
2219/4150 Test #2232: Containment.AABBAABB_PartialOverlap .............................................................................   Passed    0.00 sec
          Start 2233: Containment.AABBAABB_Equal
2220/4150 Test #2233: Containment.AABBAABB_Equal ......................................................................................   Passed    0.00 sec
          Start 2234: Containment.SphereAABB_FullyContained
2221/4150 Test #2234: Containment.SphereAABB_FullyContained ...........................................................................   Passed    0.00 sec
          Start 2235: Containment.SphereAABB_PartialOverlap
2222/4150 Test #2235: Containment.SphereAABB_PartialOverlap ...........................................................................   Passed    0.00 sec
          Start 2236: Containment.FrustumAABB_Inside
2223/4150 Test #2236: Containment.FrustumAABB_Inside ..................................................................................   Passed    0.00 sec
          Start 2237: Containment.FrustumAABB_Outside
2224/4150 Test #2237: Containment.FrustumAABB_Outside .................................................................................   Passed    0.00 sec
          Start 2238: Containment.FrustumSphere_Inside
2225/4150 Test #2238: Containment.FrustumSphere_Inside ................................................................................   Passed    0.00 sec
          Start 2239: Containment.FrustumSphere_StraddlingPlane
2226/4150 Test #2239: Containment.FrustumSphere_StraddlingPlane .......................................................................   Passed    0.00 sec
          Start 2240: Containment.FrustumAABB_DeepInsideMatchesLegacy
2227/4150 Test #2240: Containment.FrustumAABB_DeepInsideMatchesLegacy .................................................................   Passed    0.00 sec
          Start 2241: Containment.FrustumAABB_StraddlingNearPlaneIsNotContained
2228/4150 Test #2241: Containment.FrustumAABB_StraddlingNearPlaneIsNotContained .......................................................   Passed    0.00 sec
          Start 2242: Containment.FrustumAABB_OutsideMatchesLegacy
2229/4150 Test #2242: Containment.FrustumAABB_OutsideMatchesLegacy ....................................................................   Passed    0.00 sec
          Start 2243: Containment.FrustumAABB_BatteryNeverOverReportsContainment
2230/4150 Test #2243: Containment.FrustumAABB_BatteryNeverOverReportsContainment ......................................................   Passed    0.00 sec
          Start 2244: Containment.FrustumSphere_DeepInsideMatchesLegacy
2231/4150 Test #2244: Containment.FrustumSphere_DeepInsideMatchesLegacy ...............................................................   Passed    0.00 sec
          Start 2245: Containment.FrustumSphere_StraddlingFarPlaneIsNotContained
2232/4150 Test #2245: Containment.FrustumSphere_StraddlingFarPlaneIsNotContained ......................................................   Passed    0.00 sec
          Start 2246: Containment.FrustumSphere_BatteryNeverOverReportsContainment
2233/4150 Test #2246: Containment.FrustumSphere_BatteryNeverOverReportsContainment ....................................................   Passed    0.01 sec
          Start 2247: Support.Sphere_PositiveX
2234/4150 Test #2247: Support.Sphere_PositiveX ........................................................................................   Passed    0.00 sec
          Start 2248: Support.Sphere_NegativeY
2235/4150 Test #2248: Support.Sphere_NegativeY ........................................................................................   Passed    0.00 sec
          Start 2249: Support.Sphere_Diagonal
2236/4150 Test #2249: Support.Sphere_Diagonal .........................................................................................   Passed    0.00 sec
          Start 2250: Support.Sphere_ZeroDirection
2237/4150 Test #2250: Support.Sphere_ZeroDirection ....................................................................................   Passed    0.00 sec
          Start 2251: Support.AABB_PositiveX
2238/4150 Test #2251: Support.AABB_PositiveX ..........................................................................................   Passed    0.00 sec
          Start 2252: Support.AABB_NegativeCorner
2239/4150 Test #2252: Support.AABB_NegativeCorner .....................................................................................   Passed    0.00 sec
          Start 2253: Support.AABB_AllPositive
2240/4150 Test #2253: Support.AABB_AllPositive ........................................................................................   Passed    0.00 sec
          Start 2254: Support.Capsule_AlongAxis
2241/4150 Test #2254: Support.Capsule_AlongAxis .......................................................................................   Passed    0.00 sec
          Start 2255: Support.Capsule_AgainstAxis
2242/4150 Test #2255: Support.Capsule_AgainstAxis .....................................................................................   Passed    0.01 sec
          Start 2256: Support.Capsule_Perpendicular
2243/4150 Test #2256: Support.Capsule_Perpendicular ...................................................................................   Passed    0.00 sec
          Start 2257: Support.OBB_AxisAligned
2244/4150 Test #2257: Support.OBB_AxisAligned .........................................................................................   Passed    0.00 sec
          Start 2258: Support.OBB_Rotated90
2245/4150 Test #2258: Support.OBB_Rotated90 ...........................................................................................   Passed    0.00 sec
          Start 2259: Support.Cylinder_AlongAxis
2246/4150 Test #2259: Support.Cylinder_AlongAxis ......................................................................................   Passed    0.00 sec
          Start 2260: Support.Cylinder_Perpendicular
2247/4150 Test #2260: Support.Cylinder_Perpendicular ..................................................................................   Passed    0.00 sec
          Start 2261: Support.Ellipsoid_AlongPrincipalAxis
2248/4150 Test #2261: Support.Ellipsoid_AlongPrincipalAxis ............................................................................   Passed    0.00 sec
          Start 2262: Support.Ellipsoid_ShortAxis
2249/4150 Test #2262: Support.Ellipsoid_ShortAxis .....................................................................................   Passed    0.00 sec
          Start 2263: Support.Ellipsoid_SubMillimeterScaleProducesNonCenterSupport
2250/4150 Test #2263: Support.Ellipsoid_SubMillimeterScaleProducesNonCenterSupport ....................................................   Passed    0.00 sec
          Start 2264: Support.Ellipsoid_NonUniformSubMillimeterRadii
2251/4150 Test #2264: Support.Ellipsoid_NonUniformSubMillimeterRadii ..................................................................   Passed    0.00 sec
          Start 2265: Support.Ellipsoid_HighlyAnisotropicThinAxisProducesSurfaceSupport
2252/4150 Test #2265: Support.Ellipsoid_HighlyAnisotropicThinAxisProducesSurfaceSupport ...............................................   Passed    0.00 sec
          Start 2266: Support.Cylinder_FatDiskExpandsRadially
2253/4150 Test #2266: Support.Cylinder_FatDiskExpandsRadially .........................................................................   Passed    0.00 sec
          Start 2267: Support.Segment_Forward
2254/4150 Test #2267: Support.Segment_Forward .........................................................................................   Passed    0.00 sec
          Start 2268: Support.Segment_Backward
2255/4150 Test #2268: Support.Segment_Backward ........................................................................................   Passed    0.00 sec
          Start 2269: Support.Triangle_VertexA
2256/4150 Test #2269: Support.Triangle_VertexA ........................................................................................   Passed    0.00 sec
          Start 2270: Support.Triangle_VertexB
2257/4150 Test #2270: Support.Triangle_VertexB ........................................................................................   Passed    0.00 sec
          Start 2271: Support.Triangle_VertexC
2258/4150 Test #2271: Support.Triangle_VertexC ........................................................................................   Passed    0.00 sec
          Start 2272: Support.ConvexHull_Cube
2259/4150 Test #2272: Support.ConvexHull_Cube .........................................................................................   Passed    0.00 sec
          Start 2273: Support.ConvexHull_SingleVertex
2260/4150 Test #2273: Support.ConvexHull_SingleVertex .................................................................................   Passed    0.00 sec
          Start 2274: Support.Frustum_ReturnsCorner
2261/4150 Test #2274: Support.Frustum_ReturnsCorner ...................................................................................   Passed    0.00 sec
          Start 2275: Support.Ray_AlongDirection
2262/4150 Test #2275: Support.Ray_AlongDirection ......................................................................................   Passed    0.00 sec
          Start 2276: Support.Ray_AgainstDirection
2263/4150 Test #2276: Support.Ray_AgainstDirection ....................................................................................   Passed    0.00 sec
          Start 2277: SupportRadius.RecommendedProfileIsDeterministicAndBounded
2264/4150 Test #2277: SupportRadius.RecommendedProfileIsDeterministicAndBounded .......................................................   Passed    0.18 sec
          Start 2278: SupportRadius.PolicySelectsRankQuantileAndMultiplier
2265/4150 Test #2278: SupportRadius.PolicySelectsRankQuantileAndMultiplier ............................................................   Passed    0.01 sec
          Start 2279: SupportRadius.RecommendationTracksTheSelectedPropertyScale
2266/4150 Test #2279: SupportRadius.RecommendationTracksTheSelectedPropertyScale ......................................................   Passed    0.01 sec
          Start 2280: SupportRadius.RecommendationClampsRankForSmallInputs
2267/4150 Test #2280: SupportRadius.RecommendationClampsRankForSmallInputs ............................................................   Passed    0.00 sec
          Start 2281: SupportRadius.NonUniformAndDuplicateSamplesRemainDiagnosable
2268/4150 Test #2281: SupportRadius.NonUniformAndDuplicateSamplesRemainDiagnosable ....................................................   Passed    0.01 sec
          Start 2282: SupportRadius.ManualRadiusIsPreservedAndStillProfilesWork
2269/4150 Test #2282: SupportRadius.ManualRadiusIsPreservedAndStillProfilesWork .......................................................   Passed    0.00 sec
          Start 2283: SupportRadius.ExactCutoffExcludesPointsAtTheRadius
2270/4150 Test #2283: SupportRadius.ExactCutoffExcludesPointsAtTheRadius ..............................................................   Passed    0.00 sec
          Start 2284: SupportRadius.WorkloadLimitsRetainDiagnosticsAndFailClosed
2271/4150 Test #2284: SupportRadius.WorkloadLimitsRetainDiagnosticsAndFailClosed ......................................................   Passed    0.01 sec
          Start 2285: SupportRadius.AutomaticModeSelectsTheLargestSafeRank
2272/4150 Test #2285: SupportRadius.AutomaticModeSelectsTheLargestSafeRank ............................................................   Passed    0.01 sec
          Start 2286: SupportRadius.AutomaticMinimumAndManualOverrideRemainFailClosed
2273/4150 Test #2286: SupportRadius.AutomaticMinimumAndManualOverrideRemainFailClosed .................................................   Passed    0.01 sec
          Start 2287: SupportRadius.ChildObjAutoSelectsTheLargestSafeNeighborhood
2274/4150 Test #2287: SupportRadius.ChildObjAutoSelectsTheLargestSafeNeighborhood .....................................................   Passed    0.53 sec
          Start 2288: SupportRadius.DegenerateAndInvalidInputsHaveExplicitStatuses
2275/4150 Test #2288: SupportRadius.DegenerateAndInvalidInputsHaveExplicitStatuses ....................................................   Passed    0.00 sec
          Start 2289: Simplification.ReducesToTargetFaceCount
2276/4150 Test #2289: Simplification.ReducesToTargetFaceCount .........................................................................   Passed    0.08 sec
          Start 2290: Simplification.ErrorThresholdStopsEarly
2277/4150 Test #2290: Simplification.ErrorThresholdStopsEarly .........................................................................   Passed    0.03 sec
          Start 2291: Simplification.PreservesBoundary
2278/4150 Test #2291: Simplification.PreservesBoundary ................................................................................   Passed    0.01 sec
          Start 2292: Simplification.ClosedMeshRemainsClosedAfterSimplification
2279/4150 Test #2292: Simplification.ClosedMeshRemainsClosedAfterSimplification .......................................................   Passed    0.07 sec
          Start 2293: Simplification.ReturnsNulloptForEmptyMesh
2280/4150 Test #2293: Simplification.ReturnsNulloptForEmptyMesh .......................................................................   Passed    0.00 sec
          Start 2294: Simplification.ReturnsNulloptForSingleFaceMesh
2281/4150 Test #2294: Simplification.ReturnsNulloptForSingleFaceMesh ..................................................................   Passed    0.00 sec
          Start 2295: Simplification.MaxCollapseErrorIsNonNegative
2282/4150 Test #2295: Simplification.MaxCollapseErrorIsNonNegative ....................................................................   Passed    0.07 sec
          Start 2296: Simplification.TetrahedronMinimalSimplification
2283/4150 Test #2296: Simplification.TetrahedronMinimalSimplification .................................................................   Passed    0.00 sec
          Start 2297: Simplification.QuadricMinimizerPlacement
2284/4150 Test #2297: Simplification.QuadricMinimizerPlacement ........................................................................   Passed    0.11 sec
          Start 2298: Simplification.FeatureAwarePreservesCubeCorners
2285/4150 Test #2298: Simplification.FeatureAwarePreservesCubeCorners .................................................................   Passed    0.05 sec
          Start 2299: Simplification.ClassicalMetricRemainsReachable
2286/4150 Test #2299: Simplification.ClassicalMetricRemainsReachable ..................................................................   Passed    0.08 sec
          Start 2300: Simplification.FeatureAwareIsDeterministic
2287/4150 Test #2300: Simplification.FeatureAwareIsDeterministic ......................................................................   Passed    0.08 sec
          Start 2301: Simplification.FeatureAwareCornerErrorNotWorseThanClassical
2288/4150 Test #2301: Simplification.FeatureAwareCornerErrorNotWorseThanClassical .....................................................   Passed    0.23 sec
          Start 2302: Simplification.FeatureAwarePreservesUvSeams
2289/4150 Test #2302: Simplification.FeatureAwarePreservesUvSeams .....................................................................   Passed    0.01 sec
          Start 2303: Simplification.DiagnosticsCountersPopulated
2290/4150 Test #2303: Simplification.DiagnosticsCountersPopulated .....................................................................   Passed    0.04 sec
          Start 2304: Geodesic.SourceVertexHasZeroDistance
2291/4150 Test #2304: Geodesic.SourceVertexHasZeroDistance ............................................................................   Passed    0.01 sec
          Start 2305: Geodesic.AllDistancesNonNegative
2292/4150 Test #2305: Geodesic.AllDistancesNonNegative ................................................................................   Passed    0.01 sec
          Start 2306: Geodesic.DistanceIncreasesWithTopologicalDistance
2293/4150 Test #2306: Geodesic.DistanceIncreasesWithTopologicalDistance ...............................................................   Passed    0.00 sec
          Start 2307: Geodesic.MultipleSourceVertices
2294/4150 Test #2307: Geodesic.MultipleSourceVertices .................................................................................   Passed    0.01 sec
          Start 2308: Geodesic.ReturnsNulloptForEmptyMesh
2295/4150 Test #2308: Geodesic.ReturnsNulloptForEmptyMesh .............................................................................   Passed    0.00 sec
          Start 2309: Geodesic.ReturnsNulloptForEmptySources
2296/4150 Test #2309: Geodesic.ReturnsNulloptForEmptySources ..........................................................................   Passed    0.00 sec
          Start 2310: Geodesic.SolverIterationsReported
2297/4150 Test #2310: Geodesic.SolverIterationsReported ...............................................................................   Passed    0.00 sec
          Start 2311: Geodesic.CustomTimeStep
2298/4150 Test #2311: Geodesic.CustomTimeStep .........................................................................................   Passed    0.00 sec
          Start 2312: VectorHeatMethod.TransportConverges
2299/4150 Test #2312: VectorHeatMethod.TransportConverges .............................................................................   Passed    0.01 sec
          Start 2313: VectorHeatMethod.TransportedVectorsAreTangent
2300/4150 Test #2313: VectorHeatMethod.TransportedVectorsAreTangent ...................................................................   Passed    0.01 sec
          Start 2314: VectorHeatMethod.TransportedVectorsAreUnitLength
2301/4150 Test #2314: VectorHeatMethod.TransportedVectorsAreUnitLength ................................................................   Passed    0.01 sec
          Start 2315: VectorHeatMethod.FlatSurfaceTransportPreservesDirection
2302/4150 Test #2315: VectorHeatMethod.FlatSurfaceTransportPreservesDirection .........................................................   Passed    0.01 sec
          Start 2316: VectorHeatMethod.MultiSourceTransport
2303/4150 Test #2316: VectorHeatMethod.MultiSourceTransport ...........................................................................   Passed    0.01 sec
          Start 2317: VectorHeatMethod.LogMapConverges
2304/4150 Test #2317: VectorHeatMethod.LogMapConverges ................................................................................   Passed    0.01 sec
          Start 2318: VectorHeatMethod.LogMapSourceIsOrigin
2305/4150 Test #2318: VectorHeatMethod.LogMapSourceIsOrigin ...........................................................................   Passed    0.01 sec
          Start 2319: VectorHeatMethod.LogMapDistanceConsistency
2306/4150 Test #2319: VectorHeatMethod.LogMapDistanceConsistency ......................................................................   Passed    0.01 sec
          Start 2320: VectorHeatMethod.FlatGridLogMapCircularSymmetry
2307/4150 Test #2320: VectorHeatMethod.FlatGridLogMapCircularSymmetry .................................................................   Passed    0.01 sec
          Start 2321: VectorHeatMethod.TransportReturnsNulloptForEmptyMesh
2308/4150 Test #2321: VectorHeatMethod.TransportReturnsNulloptForEmptyMesh ............................................................   Passed    0.00 sec
          Start 2322: VectorHeatMethod.TransportReturnsNulloptForEmptySources
2309/4150 Test #2322: VectorHeatMethod.TransportReturnsNulloptForEmptySources .........................................................   Passed    0.00 sec
          Start 2323: VectorHeatMethod.TransportReturnsNulloptForMismatchedArrays
2310/4150 Test #2323: VectorHeatMethod.TransportReturnsNulloptForMismatchedArrays .....................................................   Passed    0.00 sec
          Start 2324: VectorHeatMethod.LogMapReturnsNulloptForEmptyMesh
2311/4150 Test #2324: VectorHeatMethod.LogMapReturnsNulloptForEmptyMesh ...............................................................   Passed    0.00 sec
          Start 2325: VectorHeatMethod.LogMapReturnsNulloptForInvalidVertex
2312/4150 Test #2325: VectorHeatMethod.LogMapReturnsNulloptForInvalidVertex ...........................................................   Passed    0.00 sec
          Start 2326: VectorHeatMethod.TransportOnTetrahedron
2313/4150 Test #2326: VectorHeatMethod.TransportOnTetrahedron .........................................................................   Passed    0.00 sec
          Start 2327: VectorHeatMethod.CustomTimeStep
2314/4150 Test #2327: VectorHeatMethod.CustomTimeStep .................................................................................   Passed    0.00 sec
          Start 2328: ShortestPath.MeshBackedGraphViewTriangleChoosesDirectEdge
2315/4150 Test #2328: ShortestPath.MeshBackedGraphViewTriangleChoosesDirectEdge .......................................................   Passed    0.00 sec
          Start 2329: ShortestPath.MeshBackedGraphViewReusesSharedConnectivityProperties
2316/4150 Test #2329: ShortestPath.MeshBackedGraphViewReusesSharedConnectivityProperties ..............................................   Passed    0.01 sec
          Start 2330: ShortestPath.ReturnsNulloptWhenBothSetsEmpty
2317/4150 Test #2330: ShortestPath.ReturnsNulloptWhenBothSetsEmpty ....................................................................   Passed    0.00 sec
          Start 2331: ShortestPath.ReverseTreeWhenStartsEmpty
2318/4150 Test #2331: ShortestPath.ReverseTreeWhenStartsEmpty .........................................................................   Passed    0.00 sec
          Start 2332: ShortestPath.ForwardTreeWhenTargetsEmpty
2319/4150 Test #2332: ShortestPath.ForwardTreeWhenTargetsEmpty ........................................................................   Passed    0.01 sec
          Start 2333: ShortestPath.GraphChainMatchesMeshBackedGraphViewContract
2320/4150 Test #2333: ShortestPath.GraphChainMatchesMeshBackedGraphViewContract .......................................................   Passed    0.01 sec
          Start 2334: ShortestPath.MultiGoalExtractionProducesNetwork
2321/4150 Test #2334: ShortestPath.MultiGoalExtractionProducesNetwork .................................................................   Passed    0.01 sec
          Start 2335: ShortestPath.ReturnsNulloptForEmptyMeshBackedGraphView
2322/4150 Test #2335: ShortestPath.ReturnsNulloptForEmptyMeshBackedGraphView ..........................................................   Passed    0.01 sec
          Start 2336: ShortestPath.EarlyTerminatesAfterAllTargetsSettled
2323/4150 Test #2336: ShortestPath.EarlyTerminatesAfterAllTargetsSettled ..............................................................   Passed    0.00 sec
          Start 2337: ShortestPath.SettleBudgetPreventsConvergenceWhenTooSmall
2324/4150 Test #2337: ShortestPath.SettleBudgetPreventsConvergenceWhenTooSmall ........................................................   Passed    0.00 sec
          Start 2338: ShortestPath.IndexedHeapMatchesPriorityQueueReferenceOnSeededRandomGraphs
2325/4150 Test #2338: ShortestPath.IndexedHeapMatchesPriorityQueueReferenceOnSeededRandomGraphs .......................................   Passed    0.01 sec
          Start 2339: ShortestPath.IndexedHeapMatchesPriorityQueueReferenceOnDisconnectedComponents
2326/4150 Test #2339: ShortestPath.IndexedHeapMatchesPriorityQueueReferenceOnDisconnectedComponents ...................................   Passed    0.01 sec
          Start 2340: ShortestPath.IndexedHeapPreservesEqualWeightTieBreak
2327/4150 Test #2340: ShortestPath.IndexedHeapPreservesEqualWeightTieBreak ............................................................   Passed    0.00 sec
          Start 2341: Subdivision.SingleIterationQuadruplesFaces
2328/4150 Test #2341: Subdivision.SingleIterationQuadruplesFaces ......................................................................   Passed    0.01 sec
          Start 2342: Subdivision.TwoIterations
2329/4150 Test #2342: Subdivision.TwoIterations .......................................................................................   Passed    0.01 sec
          Start 2343: Subdivision.VertexCountFormula
2330/4150 Test #2343: Subdivision.VertexCountFormula ..................................................................................   Passed    0.01 sec
          Start 2344: Subdivision.IcosahedronConvergesToSphere
2331/4150 Test #2344: Subdivision.IcosahedronConvergesToSphere ........................................................................   Passed    0.01 sec
          Start 2345: Subdivision.OutputIsClosedWhenInputIsClosed
2332/4150 Test #2345: Subdivision.OutputIsClosedWhenInputIsClosed .....................................................................   Passed    0.01 sec
          Start 2346: Subdivision.ReturnsNulloptForEmptyMesh
2333/4150 Test #2346: Subdivision.ReturnsNulloptForEmptyMesh ..........................................................................   Passed    0.00 sec
          Start 2347: Subdivision.ReturnsNulloptForNonTriangleMesh
2334/4150 Test #2347: Subdivision.ReturnsNulloptForNonTriangleMesh ....................................................................   Passed    0.00 sec
          Start 2348: Subdivision.ZeroIterationsReturnsNullopt
2335/4150 Test #2348: Subdivision.ZeroIterationsReturnsNullopt ........................................................................   Passed    0.00 sec
          Start 2349: Subdivision.InputMeshIsNotModified
2336/4150 Test #2349: Subdivision.InputMeshIsNotModified ..............................................................................   Passed    0.00 sec
          Start 2350: Subdivision.RespectsMaxOutputFaceBudget
2337/4150 Test #2350: Subdivision.RespectsMaxOutputFaceBudget .........................................................................   Passed    0.01 sec
          Start 2351: Subdivision.ReturnsNulloptWhenBudgetBlocksFirstIteration
2338/4150 Test #2351: Subdivision.ReturnsNulloptWhenBudgetBlocksFirstIteration ........................................................   Passed    0.00 sec
          Start 2352: Subdivision.FeatureEdgeMaskPropagatesToSplitEdges
2339/4150 Test #2352: Subdivision.FeatureEdgeMaskPropagatesToSplitEdges ...............................................................   Passed    0.01 sec
          Start 2353: CatmullClark.SingleTriangleProducesQuads
2340/4150 Test #2353: CatmullClark.SingleTriangleProducesQuads ........................................................................   Passed    0.00 sec
          Start 2354: CatmullClark.TetrahedronProducesAllQuads
2341/4150 Test #2354: CatmullClark.TetrahedronProducesAllQuads ........................................................................   Passed    0.00 sec
          Start 2355: CatmullClark.CubeProducesAllQuads
2342/4150 Test #2355: CatmullClark.CubeProducesAllQuads ...............................................................................   Passed    0.01 sec
          Start 2356: CatmullClark.PreservesClosedMeshEulerCharacteristic
2343/4150 Test #2356: CatmullClark.PreservesClosedMeshEulerCharacteristic .............................................................   Passed    0.00 sec
          Start 2357: CatmullClark.CubePreservesEulerCharacteristic
2344/4150 Test #2357: CatmullClark.CubePreservesEulerCharacteristic ...................................................................   Passed    0.00 sec
          Start 2358: CatmullClark.TwoIterationsWork
2345/4150 Test #2358: CatmullClark.TwoIterationsWork ..................................................................................   Passed    0.01 sec
          Start 2359: CatmullClark.CubeConvergesToSphere
2346/4150 Test #2359: CatmullClark.CubeConvergesToSphere ..............................................................................   Passed    0.01 sec
          Start 2360: CatmullClark.EmptyMeshReturnsNullopt
2347/4150 Test #2360: CatmullClark.EmptyMeshReturnsNullopt ............................................................................   Passed    0.00 sec
          Start 2361: CatmullClark.ZeroIterationsReturnsNullopt
2348/4150 Test #2361: CatmullClark.ZeroIterationsReturnsNullopt .......................................................................   Passed    0.00 sec
          Start 2362: CatmullClark.VertexCountFormula
2349/4150 Test #2362: CatmullClark.VertexCountFormula .................................................................................   Passed    0.00 sec
          Start 2363: SubdivisionSqrt3.SingleTriangleSplitsIntoThreeTriangles
2350/4150 Test #2363: SubdivisionSqrt3.SingleTriangleSplitsIntoThreeTriangles .........................................................   Passed    0.00 sec
          Start 2364: Smoothing.UniformLaplacianReducesRoughness
2351/4150 Test #2364: Smoothing.UniformLaplacianReducesRoughness ......................................................................   Passed    0.01 sec
          Start 2365: Smoothing.UniformLaplacianCausesShrinkage
2352/4150 Test #2365: Smoothing.UniformLaplacianCausesShrinkage .......................................................................   Passed    0.01 sec
          Start 2366: Smoothing.UniformLaplacianReturnsNulloptForEmptyMesh
2353/4150 Test #2366: Smoothing.UniformLaplacianReturnsNulloptForEmptyMesh ............................................................   Passed    0.00 sec
          Start 2367: Smoothing.UniformLaplacianReturnsNulloptForZeroIterations
2354/4150 Test #2367: Smoothing.UniformLaplacianReturnsNulloptForZeroIterations .......................................................   Passed    0.00 sec
          Start 2368: Smoothing.CotanLaplacianConverges
2355/4150 Test #2368: Smoothing.CotanLaplacianConverges ...............................................................................   Passed    0.01 sec
          Start 2369: Smoothing.TaubinPreservesVolume
2356/4150 Test #2369: Smoothing.TaubinPreservesVolume .................................................................................   Passed    0.01 sec
          Start 2370: Smoothing.TaubinReturnsNulloptForEmptyMesh
2357/4150 Test #2370: Smoothing.TaubinReturnsNulloptForEmptyMesh ......................................................................   Passed    0.00 sec
          Start 2371: Smoothing.ImplicitLaplacianConverges
2358/4150 Test #2371: Smoothing.ImplicitLaplacianConverges ............................................................................   Passed    0.01 sec
          Start 2372: Smoothing.ImplicitLaplacianReturnsNulloptForEmptyMesh
2359/4150 Test #2372: Smoothing.ImplicitLaplacianReturnsNulloptForEmptyMesh ...........................................................   Passed    0.00 sec
          Start 2373: Smoothing.SmoothingPreservesTopology
2360/4150 Test #2373: Smoothing.SmoothingPreservesTopology ............................................................................   Passed    0.00 sec
          Start 2374: Smoothing.UniformPreservesBoundary
2361/4150 Test #2374: Smoothing.UniformPreservesBoundary ..............................................................................   Passed    0.00 sec
          Start 2375: Smoothing.CotanReducesEdgeLengthVariance
2362/4150 Test #2375: Smoothing.CotanReducesEdgeLengthVariance ........................................................................   Passed    0.00 sec
          Start 2376: Smoothing.TaubinFlatMeshStaysFlat
2363/4150 Test #2376: Smoothing.TaubinFlatMeshStaysFlat ...............................................................................   Passed    0.00 sec
          Start 2377: Smoothing.ImplicitFlatMeshStaysFlat
2364/4150 Test #2377: Smoothing.ImplicitFlatMeshStaysFlat .............................................................................   Passed    0.01 sec
          Start 2378: Smoothing.ImplicitReducesNoise
2365/4150 Test #2378: Smoothing.ImplicitReducesNoise ..................................................................................   Passed    0.01 sec
          Start 2379: Smoothing.ImplicitPreservesBoundary
2366/4150 Test #2379: Smoothing.ImplicitPreservesBoundary .............................................................................   Passed    0.01 sec
          Start 2380: Smoothing.ImplicitUnconditionallyStable
2367/4150 Test #2380: Smoothing.ImplicitUnconditionallyStable .........................................................................   Passed    0.00 sec
          Start 2381: Smoothing.ImplicitMultipleIterationsSmootherThanOne
2368/4150 Test #2381: Smoothing.ImplicitMultipleIterationsSmootherThanOne .............................................................   Passed    0.01 sec
          Start 2382: Smoothing.FilterFaceNormalsFlatMeshIsIdentity
2369/4150 Test #2382: Smoothing.FilterFaceNormalsFlatMeshIsIdentity ...................................................................   Passed    0.00 sec
          Start 2383: Smoothing.FilterFaceNormalsCleanMeshNearIdentity
2370/4150 Test #2383: Smoothing.FilterFaceNormalsCleanMeshNearIdentity ................................................................   Passed    0.01 sec
          Start 2384: Smoothing.FilterFaceNormalsIsDeterministic
2371/4150 Test #2384: Smoothing.FilterFaceNormalsIsDeterministic ......................................................................   Passed    0.02 sec
          Start 2385: Smoothing.FilterFaceNormalsFailsClosedOnEmptyMesh
2372/4150 Test #2385: Smoothing.FilterFaceNormalsFailsClosedOnEmptyMesh ...............................................................   Passed    0.01 sec
          Start 2386: Smoothing.FilterFaceNormalsFailsClosedOnNonFiniteSigma
2373/4150 Test #2386: Smoothing.FilterFaceNormalsFailsClosedOnNonFiniteSigma ..........................................................   Passed    0.01 sec
          Start 2387: Smoothing.DenoiseBilateralCleanMeshNearIdentity
2374/4150 Test #2387: Smoothing.DenoiseBilateralCleanMeshNearIdentity .................................................................   Passed    0.02 sec
          Start 2388: Smoothing.DenoiseBilateralReducesNoise
2375/4150 Test #2388: Smoothing.DenoiseBilateralReducesNoise ..........................................................................   Passed    0.02 sec
          Start 2389: Smoothing.DenoiseBilateralPreservesFeatureBetterThanUniform
2376/4150 Test #2389: Smoothing.DenoiseBilateralPreservesFeatureBetterThanUniform .....................................................   Passed    0.06 sec
          Start 2390: Smoothing.DenoiseBilateralIsDeterministic
2377/4150 Test #2390: Smoothing.DenoiseBilateralIsDeterministic .......................................................................   Passed    0.03 sec
          Start 2391: Smoothing.DenoiseBilateralFailsClosedOnEmptyMesh
2378/4150 Test #2391: Smoothing.DenoiseBilateralFailsClosedOnEmptyMesh ................................................................   Passed    0.00 sec
          Start 2392: Smoothing.DenoiseBilateralFailsClosedOnNonManifoldInput
2379/4150 Test #2392: Smoothing.DenoiseBilateralFailsClosedOnNonManifoldInput .........................................................   Passed    0.00 sec
          Start 2393: Smoothing.DenoiseBilateralFailsClosedOnDegenerateGeometry
2380/4150 Test #2393: Smoothing.DenoiseBilateralFailsClosedOnDegenerateGeometry .......................................................   Passed    0.00 sec
          Start 2394: Smoothing.DenoiseBilateralFailsClosedOnNonFiniteInput
2381/4150 Test #2394: Smoothing.DenoiseBilateralFailsClosedOnNonFiniteInput ...........................................................   Passed    0.00 sec
          Start 2395: Smoothing.DenoiseBilateralFailsClosedOnNonFiniteSigma
2382/4150 Test #2395: Smoothing.DenoiseBilateralFailsClosedOnNonFiniteSigma ...........................................................   Passed    0.01 sec
          Start 2396: Smoothing.DenoiseBilateralExtremeCoordinatesStayFinite
2383/4150 Test #2396: Smoothing.DenoiseBilateralExtremeCoordinatesStayFinite ..........................................................   Passed    0.01 sec
          Start 2397: Smoothing.DenoiseBilateralPreservesBoundary
2384/4150 Test #2397: Smoothing.DenoiseBilateralPreservesBoundary .....................................................................   Passed    0.01 sec
          Start 2398: Smoothing.ImplicitPreservedBoundaryMatchesReducedSystemOracle
2385/4150 Test #2398: Smoothing.ImplicitPreservedBoundaryMatchesReducedSystemOracle ...................................................   Passed    0.01 sec
          Start 2399: Smoothing.ImplicitPreservedBoundaryDiffersFromSolveThenOverwrite
2386/4150 Test #2399: Smoothing.ImplicitPreservedBoundaryDiffersFromSolveThenOverwrite ................................................   Passed    0.01 sec
          Start 2400: Smoothing.ImplicitPreservedBoundaryIsExactAcrossIterations
2387/4150 Test #2400: Smoothing.ImplicitPreservedBoundaryIsExactAcrossIterations ......................................................   Passed    0.01 sec
          Start 2401: Smoothing.ImplicitUnpreservedBoundaryStaysFiniteForLargeTimeSteps
2388/4150 Test #2401: Smoothing.ImplicitUnpreservedBoundaryStaysFiniteForLargeTimeSteps ...............................................   Passed    0.01 sec
          Start 2402: QualityMetrics.NearestNeighborCvAndPoissonRatioForGrid
2389/4150 Test #2402: QualityMetrics.NearestNeighborCvAndPoissonRatioForGrid ..........................................................   Passed    0.01 sec
          Start 2403: QualityMetrics.JitteredGridHasLowNearestNeighborVariation
2390/4150 Test #2403: QualityMetrics.JitteredGridHasLowNearestNeighborVariation .......................................................   Passed    0.00 sec
          Start 2404: QualityMetrics.RadialDistributionForWhiteNoiseApproachesOneAwayFromZero
2391/4150 Test #2404: QualityMetrics.RadialDistributionForWhiteNoiseApproachesOneAwayFromZero .........................................   Passed    0.02 sec
          Start 2405: QualityMetrics.PeriodogramFindsRegularLatticeFrequencyPeaks
2392/4150 Test #2405: QualityMetrics.PeriodogramFindsRegularLatticeFrequencyPeaks .....................................................   Passed    0.00 sec
          Start 2406: QualityMetrics.RadiallyAveragedPowerSpectrumForWhiteNoiseIsBroadlyFlat
2393/4150 Test #2406: QualityMetrics.RadiallyAveragedPowerSpectrumForWhiteNoiseIsBroadlyFlat ..........................................   Passed    0.01 sec
          Start 2407: QualityMetrics.CoverageMeasuresReferenceFractionWithinRadius
2394/4150 Test #2407: QualityMetrics.CoverageMeasuresReferenceFractionWithinRadius ....................................................   Passed    0.00 sec
          Start 2408: QualityMetrics.CloudAdaptersUseLivePoints
2395/4150 Test #2408: QualityMetrics.CloudAdaptersUseLivePoints .......................................................................   Passed    0.00 sec
          Start 2409: QualityMetrics.InvalidInputsFailClosed
2396/4150 Test #2409: QualityMetrics.InvalidInputsFailClosed ..........................................................................   Passed    0.00 sec
          Start 2410: QualityMetrics.SpectralMetricsReject3DInput
2397/4150 Test #2410: QualityMetrics.SpectralMetricsReject3DInput .....................................................................   Passed    0.01 sec
          Start 2411: Sampling.GaussianDisplacementIsDeterministicPerSeedAndElement
2398/4150 Test #2411: Sampling.GaussianDisplacementIsDeterministicPerSeedAndElement ...................................................   Passed    0.00 sec
          Start 2412: SphereSampling.SurfaceRandomIsSeededAndDefaultDeterministic
2399/4150 Test #2412: SphereSampling.SurfaceRandomIsSeededAndDefaultDeterministic .....................................................   Passed    0.00 sec
          Start 2413: SphereSampling.VolumeRandomAndUniformAreSeededAndBounded
2400/4150 Test #2413: SphereSampling.VolumeRandomAndUniformAreSeededAndBounded ........................................................   Passed    0.00 sec
          Start 2414: SphereSampling.FibonacciLatticeSmallCountsAreSafeAndDeterministic
2401/4150 Test #2414: SphereSampling.FibonacciLatticeSmallCountsAreSafeAndDeterministic ...............................................   Passed    0.00 sec
          Start 2415: SphereSampling.FibonacciLatticeLargerCountsStayOnSphereAndAreDeterministic
2402/4150 Test #2415: SphereSampling.FibonacciLatticeLargerCountsStayOnSphereAndAreDeterministic ......................................   Passed    0.00 sec
          Start 2416: SphereSampling.FibonacciLatticeDegenerateSpheresStayOnSphere
2403/4150 Test #2416: SphereSampling.FibonacciLatticeDegenerateSpheresStayOnSphere ....................................................   Passed    0.00 sec
          Start 2417: SurfaceSampling.SamplesFacesInProportionToSurfaceArea
2404/4150 Test #2417: SurfaceSampling.SamplesFacesInProportionToSurfaceArea ...........................................................   Passed    0.01 sec
          Start 2418: SurfaceSampling.DeterministicForFixedSeedAndVariesForDifferentSeed
2405/4150 Test #2418: SurfaceSampling.DeterministicForFixedSeedAndVariesForDifferentSeed ..............................................   Passed    0.01 sec
          Start 2419: SurfaceSampling.InterpolatesSourceVertexNormalsIntoPointCloudNormals
2406/4150 Test #2419: SurfaceSampling.InterpolatesSourceVertexNormalsIntoPointCloudNormals ............................................   Passed    0.01 sec
          Start 2420: SurfaceSampling.FallsBackToGeometricFaceNormalsWhenNoSourceNormalsExist
2407/4150 Test #2420: SurfaceSampling.FallsBackToGeometricFaceNormalsWhenNoSourceNormalsExist .........................................   Passed    0.00 sec
          Start 2421: SurfaceSampling.FailsClosedForInvalidSampleCounts
2408/4150 Test #2421: SurfaceSampling.FailsClosedForInvalidSampleCounts ...............................................................   Passed    0.00 sec
          Start 2422: SurfaceSampling.FailsClosedForEmptyMesh
2409/4150 Test #2422: SurfaceSampling.FailsClosedForEmptyMesh .........................................................................   Passed    0.01 sec
          Start 2423: SurfaceSampling.ReportsDegenerateNonTriangleAndNonFiniteFaces
2410/4150 Test #2423: SurfaceSampling.ReportsDegenerateNonTriangleAndNonFiniteFaces ...................................................   Passed    0.01 sec
          Start 2424: PointCloudNormals.DebugNamesAreStable
2411/4150 Test #2424: PointCloudNormals.DebugNamesAreStable ...........................................................................   Passed    0.00 sec
          Start 2425: PointCloudNormals.FlatGridEstimatePointsAlongZ
2412/4150 Test #2425: PointCloudNormals.FlatGridEstimatePointsAlongZ ..................................................................   Passed    0.01 sec
          Start 2426: PointCloudNormals.SphereNormalsAreUnitAndMostlyOutwardAfterOrientation
2413/4150 Test #2426: PointCloudNormals.SphereNormalsAreUnitAndMostlyOutwardAfterOrientation ..........................................   Passed    0.01 sec
          Start 2427: PointCloudNormals.EstimateReturnsNulloptForEmptyOrTooFewPoints
2414/4150 Test #2427: PointCloudNormals.EstimateReturnsNulloptForEmptyOrTooFewPoints ..................................................   Passed    0.00 sec
          Start 2428: PointCloudNormals.OrientationCanBeDisabled
2415/4150 Test #2428: PointCloudNormals.OrientationCanBeDisabled ......................................................................   Passed    0.01 sec
          Start 2429: PointCloudNormals.CloudRecomputeWritesCanonicalVertexNormalProperty
2416/4150 Test #2429: PointCloudNormals.CloudRecomputeWritesCanonicalVertexNormalProperty .............................................   Passed    0.01 sec
          Start 2430: PointCloudNormals.SuppliedKDTreePathReusesCallerIndex
2417/4150 Test #2430: PointCloudNormals.SuppliedKDTreePathReusesCallerIndex ...........................................................   Passed    0.01 sec
          Start 2431: PointCloudNormals.SuppliedOctreePathReusesCallerIndex
2418/4150 Test #2431: PointCloudNormals.SuppliedOctreePathReusesCallerIndex ...........................................................   Passed    0.01 sec
          Start 2432: PointCloudNormals.RadiusSearchFailsClosedWhenTooFewNeighbors
2419/4150 Test #2432: PointCloudNormals.RadiusSearchFailsClosedWhenTooFewNeighbors ....................................................   Passed    0.01 sec
          Start 2433: PointCloudNormals.NonFinitePointDoesNotProduceNaNNormal
2420/4150 Test #2433: PointCloudNormals.NonFinitePointDoesNotProduceNaNNormal .........................................................   Passed    0.01 sec
          Start 2434: PointCloudNormals.WrongOutputPropertyTypeFailsClosed
2421/4150 Test #2434: PointCloudNormals.WrongOutputPropertyTypeFailsClosed ............................................................   Passed    0.01 sec
          Start 2435: PointCloudConsolidation.OptimizedCandidatesMatchReferenceAndAreDeterministic
2422/4150 Test #2435: PointCloudConsolidation.OptimizedCandidatesMatchReferenceAndAreDeterministic ....................................   Passed    0.02 sec
          Start 2436: PointCloudConsolidation.IsolatedWlopDensityMatchesReference
2423/4150 Test #2436: PointCloudConsolidation.IsolatedWlopDensityMatchesReference .....................................................   Passed    0.00 sec
          Start 2437: PointCloudConsolidation.WlopDenoisesPlaneAndSphere
2424/4150 Test #2437: PointCloudConsolidation.WlopDenoisesPlaneAndSphere ..............................................................   Passed    0.01 sec
          Start 2438: PointCloudConsolidation.AnisotropicWlopPreservesDihedralContrast
2425/4150 Test #2438: PointCloudConsolidation.AnisotropicWlopPreservesDihedralContrast ................................................   Passed    0.01 sec
          Start 2439: PointCloudConsolidation.EarUpsamplesTowardDihedralFeature
2426/4150 Test #2439: PointCloudConsolidation.EarUpsamplesTowardDihedralFeature .......................................................   Passed    0.01 sec
          Start 2440: PointCloudConsolidation.AnisotropicNormalPolicyIsExplicitAndImmutable
2427/4150 Test #2440: PointCloudConsolidation.AnisotropicNormalPolicyIsExplicitAndImmutable ...........................................   Passed    0.01 sec
          Start 2441: PointCloudConsolidation.EarAndAnisotropicFailuresPublishNoPayload
2428/4150 Test #2441: PointCloudConsolidation.EarAndAnisotropicFailuresPublishNoPayload ...............................................   Passed    0.00 sec
          Start 2442: PointCloudConsolidation.LopRepulsionImprovesMinimumSpacing
2429/4150 Test #2442: PointCloudConsolidation.LopRepulsionImprovesMinimumSpacing ......................................................   Passed    0.01 sec
          Start 2443: PointCloudConsolidation.LopOneStepMatchesPaperEquationOracle
2430/4150 Test #2443: PointCloudConsolidation.LopOneStepMatchesPaperEquationOracle ....................................................   Passed    0.00 sec
          Start 2444: PointCloudConsolidation.WlopCorrectsNonUniformDensityMoreThanLop
2431/4150 Test #2444: PointCloudConsolidation.WlopCorrectsNonUniformDensityMoreThanLop ................................................   Passed    0.01 sec
          Start 2445: PointCloudConsolidation.InSupportOutliersHaveBoundedInfluenceOnPlanePatch
2432/4150 Test #2445: PointCloudConsolidation.InSupportOutliersHaveBoundedInfluenceOnPlanePatch .......................................   Passed    0.01 sec
          Start 2446: PointCloudConsolidation.ClopOneStepMatchesGaussianProductEquation
2433/4150 Test #2446: PointCloudConsolidation.ClopOneStepMatchesGaussianProductEquation ...............................................   Passed    0.01 sec
          Start 2447: PointCloudConsolidation.ClopDenoisesPlaneAndSphere
2434/4150 Test #2447: PointCloudConsolidation.ClopDenoisesPlaneAndSphere ..............................................................   Passed    0.02 sec
          Start 2448: PointCloudConsolidation.ClopTracksMixtureWorkAndAgreesWithWlop
2435/4150 Test #2448: PointCloudConsolidation.ClopTracksMixtureWorkAndAgreesWithWlop ..................................................   Passed    0.02 sec
          Start 2449: PointCloudConsolidation.ClopKeepsSparseOutlierInfluenceBounded
2436/4150 Test #2449: PointCloudConsolidation.ClopKeepsSparseOutlierInfluenceBounded ..................................................   Passed    0.01 sec
          Start 2450: PointCloudConsolidation.ClopIsDeterministicAndFailsClosed
2437/4150 Test #2450: PointCloudConsolidation.ClopIsDeterministicAndFailsClosed .......................................................   Passed    0.01 sec
          Start 2451: PointCloudConsolidation.StrategyAndSeedAreBitwiseDeterministic
2438/4150 Test #2451: PointCloudConsolidation.StrategyAndSeedAreBitwiseDeterministic ..................................................   Passed    0.05 sec
          Start 2452: PointCloudConsolidation.ConcurrentCallersAreBitwiseDeterministic
2439/4150 Test #2452: PointCloudConsolidation.ConcurrentCallersAreBitwiseDeterministic ................................................   Passed    0.01 sec
          Start 2453: PointCloudConsolidation.ClopConcurrentCallersAreBitwiseDeterministic
2440/4150 Test #2453: PointCloudConsolidation.ClopConcurrentCallersAreBitwiseDeterministic ............................................   Passed    0.01 sec
          Start 2454: PointCloudConsolidation.InvalidRequestsFailWithoutPublishingPositions
2441/4150 Test #2454: PointCloudConsolidation.InvalidRequestsFailWithoutPublishingPositions ...........................................   Passed    0.00 sec
          Start 2455: PointCloudConsolidation.DegenerateAndNonConvergedStatesStayFinite
2442/4150 Test #2455: PointCloudConsolidation.DegenerateAndNonConvergedStatesStayFinite ...............................................   Passed    0.01 sec
          Start 2456: PointCloudConsolidation.CloudOverloadRejectsDeletedSlots
2443/4150 Test #2456: PointCloudConsolidation.CloudOverloadRejectsDeletedSlots ........................................................   Passed    0.00 sec
          Start 2457: PointCloudFeatures.RowAccessorIsBoundsChecked
2444/4150 Test #2457: PointCloudFeatures.RowAccessorIsBoundsChecked ...................................................................   Passed    0.00 sec
          Start 2458: PointCloudFeatures.MatchRejectsMismatchedDimensions
2445/4150 Test #2458: PointCloudFeatures.MatchRejectsMismatchedDimensions .............................................................   Passed    0.00 sec
          Start 2459: PointCloudFeatures.MatchTieBreakPrefersLowestTargetRow
2446/4150 Test #2459: PointCloudFeatures.MatchTieBreakPrefersLowestTargetRow ..........................................................   Passed    0.00 sec
          Start 2460: PointCloudFeatures.MatchRatioRejectsSingleTargetAmbiguity
2447/4150 Test #2460: PointCloudFeatures.MatchRatioRejectsSingleTargetAmbiguity .......................................................   Passed    0.00 sec
          Start 2461: PointCloudFeatures.MatchRatioRejectsDuplicateTargets
2448/4150 Test #2461: PointCloudFeatures.MatchRatioRejectsDuplicateTargets ............................................................   Passed    0.00 sec
          Start 2462: PointCloudFeatures.ComputeDescriptorsSkipsDeletedPoints
2449/4150 Test #2462: PointCloudFeatures.ComputeDescriptorsSkipsDeletedPoints .........................................................   Passed    0.01 sec
          Start 2463: PointCloudFeatures.KeypointsSkipDeletedPoints
2450/4150 Test #2463: PointCloudFeatures.KeypointsSkipDeletedPoints ...................................................................   Passed    0.01 sec
          Start 2464: PointCloudFeatures.ComputeDescriptorsRequiresNormals
2451/4150 Test #2464: PointCloudFeatures.ComputeDescriptorsRequiresNormals ............................................................   Passed    0.00 sec
          Start 2465: PointCloudFeatures.DetectKeypointsIsDeterministic
2452/4150 Test #2465: PointCloudFeatures.DetectKeypointsIsDeterministic ...............................................................   Passed    0.02 sec
          Start 2466: PointCloudFeatures.DetectKeypointsRejectsTooFewPoints
2453/4150 Test #2466: PointCloudFeatures.DetectKeypointsRejectsTooFewPoints ...........................................................   Passed    0.01 sec
          Start 2467: PointCloudFeatures.DescriptorMatchingIsRotationInvariant
2454/4150 Test #2467: PointCloudFeatures.DescriptorMatchingIsRotationInvariant ........................................................   Passed    0.02 sec
          Start 2468: PointCloudFeatures.CoarseAlignmentRecoversKnownTransform
2455/4150 Test #2468: PointCloudFeatures.CoarseAlignmentRecoversKnownTransform ........................................................   Passed    0.14 sec
          Start 2469: PointCloudFeatures.CoarseAlignmentRejectsOutliers
2456/4150 Test #2469: PointCloudFeatures.CoarseAlignmentRejectsOutliers ...............................................................   Passed    0.09 sec
          Start 2470: PointCloudFeatures.CoarseAlignmentHonorsLargerSampleSize
2457/4150 Test #2470: PointCloudFeatures.CoarseAlignmentHonorsLargerSampleSize ........................................................   Passed    0.15 sec
          Start 2471: PointCloudFeatures.CoarseAlignmentInsufficientCorrespondences
2458/4150 Test #2471: PointCloudFeatures.CoarseAlignmentInsufficientCorrespondences ...................................................   Passed    0.01 sec
          Start 2472: PointCloudFeatures.HandlesCollinearAndDuplicatePoints
2459/4150 Test #2472: PointCloudFeatures.HandlesCollinearAndDuplicatePoints ...........................................................   Passed    0.00 sec
          Start 2473: PointCloudFeatures.IcpRegistrationRemainsReachable
2460/4150 Test #2473: PointCloudFeatures.IcpRegistrationRemainsReachable ..............................................................   Passed    0.01 sec
          Start 2474: PointCloudKernels.RadialWeightsMatchDocumentedClosedForms
2461/4150 Test #2474: PointCloudKernels.RadialWeightsMatchDocumentedClosedForms .......................................................   Passed    0.00 sec
          Start 2475: PointCloudKernels.RadialWeightsFailClosed
2462/4150 Test #2475: PointCloudKernels.RadialWeightsFailClosed .......................................................................   Passed    0.00 sec
          Start 2476: PointCloudKernels.RadialWeightsPreserveZeroDistanceAtExtremeSupportScales
2463/4150 Test #2476: PointCloudKernels.RadialWeightsPreserveZeroDistanceAtExtremeSupportScales .......................................   Passed    0.00 sec
          Start 2477: PointCloudKernels.DirectionalWeightMatchesEdgeAwareEquation
2464/4150 Test #2477: PointCloudKernels.DirectionalWeightMatchesEdgeAwareEquation .....................................................   Passed    0.00 sec
          Start 2478: PointCloudKernels.DirectionalWeightFailsClosed
2465/4150 Test #2478: PointCloudKernels.DirectionalWeightFailsClosed ..................................................................   Passed    0.00 sec
          Start 2479: PointCloudKernels.LinearRepulsionHasFiniteZeroLimit
2466/4150 Test #2479: PointCloudKernels.LinearRepulsionHasFiniteZeroLimit .............................................................   Passed    0.00 sec
          Start 2480: PointCloudKernels.DensityDistinguishesDenseClusterFromSparseTail
2467/4150 Test #2480: PointCloudKernels.DensityDistinguishesDenseClusterFromSparseTail ................................................   Passed    0.00 sec
          Start 2481: PointCloudKernels.UniformGridInteriorHasConstantDensity
2468/4150 Test #2481: PointCloudKernels.UniformGridInteriorHasConstantDensity .........................................................   Passed    0.00 sec
          Start 2482: PointCloudKernels.SuppliedIndexAndRepeatedRunsAreBitwiseDeterministic
2469/4150 Test #2482: PointCloudKernels.SuppliedIndexAndRepeatedRunsAreBitwiseDeterministic ...........................................   Passed    0.01 sec
          Start 2483: PointCloudKernels.RadiusScratchPreservesDensityWeightsAcrossReuse
2470/4150 Test #2483: PointCloudKernels.RadiusScratchPreservesDensityWeightsAcrossReuse ...............................................   Passed    0.01 sec
          Start 2484: PointCloudKernels.DensityBroadPhaseIncludesDoubleSupportBoundary
2471/4150 Test #2484: PointCloudKernels.DensityBroadPhaseIncludesDoubleSupportBoundary ................................................   Passed    0.00 sec
          Start 2485: PointCloudKernels.DensityFailuresPublishNoWeights
2472/4150 Test #2485: PointCloudKernels.DensityFailuresPublishNoWeights ...............................................................   Passed    0.00 sec
          Start 2486: Registration_ICP.ReturnsNulloptForEmptySource
2473/4150 Test #2486: Registration_ICP.ReturnsNulloptForEmptySource ...................................................................   Passed    0.00 sec
          Start 2487: Registration_ICP.ReturnsNulloptForEmptyTarget
2474/4150 Test #2487: Registration_ICP.ReturnsNulloptForEmptyTarget ...................................................................   Passed    0.00 sec
          Start 2488: Registration_ICP.ReturnsNulloptForTooFewPoints
2475/4150 Test #2488: Registration_ICP.ReturnsNulloptForTooFewPoints ..................................................................   Passed    0.00 sec
          Start 2489: Registration_ICP.ReturnsNulloptForZeroIterations
2476/4150 Test #2489: Registration_ICP.ReturnsNulloptForZeroIterations ................................................................   Passed    0.00 sec
          Start 2490: Registration_ICP.ReturnsNulloptForInvalidInlierRatio
2477/4150 Test #2490: Registration_ICP.ReturnsNulloptForInvalidInlierRatio ............................................................   Passed    0.00 sec
          Start 2491: Registration_ICP.ReturnsNulloptForInvalidRobustScaleOnlyWhenEnabled
2478/4150 Test #2491: Registration_ICP.ReturnsNulloptForInvalidRobustScaleOnlyWhenEnabled .............................................   Passed    0.01 sec
          Start 2492: Registration_ICP.IdentityAlignmentPointToPoint
2479/4150 Test #2492: Registration_ICP.IdentityAlignmentPointToPoint ..................................................................   Passed    0.01 sec
          Start 2493: Registration_ICP.IdentityAlignmentPointToPlane
2480/4150 Test #2493: Registration_ICP.IdentityAlignmentPointToPlane ..................................................................   Passed    0.01 sec
          Start 2494: Registration_ICP.RecoversPureTranslation_PointToPoint
2481/4150 Test #2494: Registration_ICP.RecoversPureTranslation_PointToPoint ...........................................................   Passed    0.01 sec
          Start 2495: Registration_ICP.RecoversPureTranslation_PointToPlane
2482/4150 Test #2495: Registration_ICP.RecoversPureTranslation_PointToPlane ...........................................................   Passed    0.05 sec
          Start 2496: Registration_ICP.RecoversSmallRotation_PointToPoint
2483/4150 Test #2496: Registration_ICP.RecoversSmallRotation_PointToPoint .............................................................   Passed    0.01 sec
          Start 2497: Registration_ICP.RecoversSmallRotation_PointToPlane
2484/4150 Test #2497: Registration_ICP.RecoversSmallRotation_PointToPlane .............................................................   Passed    0.02 sec
          Start 2498: Registration_ICP.RecoversRigidTransform_PointToPoint
2485/4150 Test #2498: Registration_ICP.RecoversRigidTransform_PointToPoint ............................................................   Passed    0.01 sec
          Start 2499: Registration_ICP.RecoversRigidTransform_PointToPlane
2486/4150 Test #2499: Registration_ICP.RecoversRigidTransform_PointToPlane ............................................................   Passed    0.05 sec
          Start 2500: Registration_ICP.PointToPlane_FallbackWithoutNormals
2487/4150 Test #2500: Registration_ICP.PointToPlane_FallbackWithoutNormals ............................................................   Passed    0.01 sec
          Start 2501: Registration_ICP.RMSEHistoryIsMonotonicallyDecreasing
2488/4150 Test #2501: Registration_ICP.RMSEHistoryIsMonotonicallyDecreasing ...........................................................   Passed    0.01 sec
          Start 2502: Registration_ICP.ConvergesOnIdenticalClouds
2489/4150 Test #2502: Registration_ICP.ConvergesOnIdenticalClouds .....................................................................   Passed    0.01 sec
          Start 2503: Registration_ICP.OutlierRejectionImproveAlignment
2490/4150 Test #2503: Registration_ICP.OutlierRejectionImproveAlignment ...............................................................   Passed    0.01 sec
          Start 2504: Registration_ICP.RobustKernelDownweightsGrossOutliers
2491/4150 Test #2504: Registration_ICP.RobustKernelDownweightsGrossOutliers ...........................................................   Passed    0.01 sec
          Start 2505: Registration_ICP.MaxCorrespondenceDistanceRejectsDistantPairs
2492/4150 Test #2505: Registration_ICP.MaxCorrespondenceDistanceRejectsDistantPairs ...................................................   Passed    0.01 sec
          Start 2506: Registration_ICP.FlatGridTranslation_PointToPlane
2493/4150 Test #2506: Registration_ICP.FlatGridTranslation_PointToPlane ...............................................................   Passed    0.01 sec
          Start 2507: Registration_ICP.ResultFieldsArePopulated
2494/4150 Test #2507: Registration_ICP.ResultFieldsArePopulated .......................................................................   Passed    0.01 sec
          Start 2508: Registration_ICP.PointToPlaneConvergesWell
2495/4150 Test #2508: Registration_ICP.PointToPlaneConvergesWell ......................................................................   Passed    0.21 sec
          Start 2509: Registration_ICP.ObserverDoesNotChangeResult
2496/4150 Test #2509: Registration_ICP.ObserverDoesNotChangeResult ....................................................................   Passed    0.02 sec
          Start 2510: Registration_ICP.ObserverReceivesPerIterationTraces
2497/4150 Test #2510: Registration_ICP.ObserverReceivesPerIterationTraces .............................................................   Passed    0.01 sec
          Start 2511: BilateralFilter.NulloptOnEmptyCloud
2498/4150 Test #2511: BilateralFilter.NulloptOnEmptyCloud .............................................................................   Passed    0.01 sec
          Start 2512: BilateralFilter.NulloptOnSinglePoint
2499/4150 Test #2512: BilateralFilter.NulloptOnSinglePoint ............................................................................   Passed    0.00 sec
          Start 2513: BilateralFilter.NulloptWithoutNormals
2500/4150 Test #2513: BilateralFilter.NulloptWithoutNormals ...........................................................................   Passed    0.00 sec
          Start 2514: BilateralFilter.ZeroIterationsReturnsEmptyResult
2501/4150 Test #2514: BilateralFilter.ZeroIterationsReturnsEmptyResult ................................................................   Passed    0.00 sec
          Start 2515: BilateralFilter.FlatGridUnchanged
2502/4150 Test #2515: BilateralFilter.FlatGridUnchanged ...............................................................................   Passed    0.01 sec
          Start 2516: BilateralFilter.ReducesNoise
2503/4150 Test #2516: BilateralFilter.ReducesNoise ....................................................................................   Passed    0.02 sec
          Start 2517: BilateralFilter.MultipleIterationsConverge
2504/4150 Test #2517: BilateralFilter.MultipleIterationsConverge ......................................................................   Passed    0.01 sec
          Start 2518: BilateralFilter.DegenerateNormalsSkipped
2505/4150 Test #2518: BilateralFilter.DegenerateNormalsSkipped ........................................................................   Passed    0.01 sec
          Start 2519: BilateralFilter.ResultDiagnosticsComplete
2506/4150 Test #2519: BilateralFilter.ResultDiagnosticsComplete .......................................................................   Passed    0.01 sec
          Start 2520: OutlierEstimation.NulloptOnEmptyCloud
2507/4150 Test #2520: OutlierEstimation.NulloptOnEmptyCloud ...........................................................................   Passed    0.00 sec
          Start 2521: OutlierEstimation.NulloptOnSinglePoint
2508/4150 Test #2521: OutlierEstimation.NulloptOnSinglePoint ..........................................................................   Passed    0.00 sec
          Start 2522: OutlierEstimation.UniformCloudLowScores
2509/4150 Test #2522: OutlierEstimation.UniformCloudLowScores .........................................................................   Passed    0.01 sec
          Start 2523: OutlierEstimation.DetectsOutliers
2510/4150 Test #2523: OutlierEstimation.DetectsOutliers ...............................................................................   Passed    0.01 sec
          Start 2524: OutlierEstimation.PublishesProperty
2511/4150 Test #2524: OutlierEstimation.PublishesProperty .............................................................................   Passed    0.01 sec
          Start 2525: OutlierEstimation.ScoreThresholdAffectsCount
2512/4150 Test #2525: OutlierEstimation.ScoreThresholdAffectsCount ....................................................................   Passed    0.01 sec
          Start 2526: OutlierEstimation.ResultDiagnosticsComplete
2513/4150 Test #2526: OutlierEstimation.ResultDiagnosticsComplete .....................................................................   Passed    0.01 sec
          Start 2527: KDE.NulloptOnEmptyCloud
2514/4150 Test #2527: KDE.NulloptOnEmptyCloud .........................................................................................   Passed    0.00 sec
          Start 2528: KDE.NulloptOnSinglePoint
2515/4150 Test #2528: KDE.NulloptOnSinglePoint ........................................................................................   Passed    0.00 sec
          Start 2529: KDE.UniformCloudSimilarDensities
2516/4150 Test #2529: KDE.UniformCloudSimilarDensities ................................................................................   Passed    0.01 sec
          Start 2530: KDE.HigherDensityInDenseRegion
2517/4150 Test #2530: KDE.HigherDensityInDenseRegion ..................................................................................   Passed    0.01 sec
          Start 2531: KDE.PublishesProperty
2518/4150 Test #2531: KDE.PublishesProperty ...........................................................................................   Passed    0.01 sec
          Start 2532: KDE.CustomBandwidth
2519/4150 Test #2532: KDE.CustomBandwidth .............................................................................................   Passed    0.01 sec
          Start 2533: KDE.SilvermanBandwidthAutomatic
2520/4150 Test #2533: KDE.SilvermanBandwidthAutomatic .................................................................................   Passed    0.01 sec
          Start 2534: KDE.ResultDiagnosticsComplete
2521/4150 Test #2534: KDE.ResultDiagnosticsComplete ...................................................................................   Passed    0.01 sec
          Start 2535: PointCloudOutlierRemoval.StatisticalRejectsKnownOutliers
2522/4150 Test #2535: PointCloudOutlierRemoval.StatisticalRejectsKnownOutliers ........................................................   Passed    0.01 sec
          Start 2536: PointCloudOutlierRemoval.StatisticalIsDeterministic
2523/4150 Test #2536: PointCloudOutlierRemoval.StatisticalIsDeterministic .............................................................   Passed    0.01 sec
          Start 2537: PointCloudOutlierRemoval.StatisticalRejectsNonFinitePositions
2524/4150 Test #2537: PointCloudOutlierRemoval.StatisticalRejectsNonFinitePositions ...................................................   Passed    0.01 sec
          Start 2538: PointCloudOutlierRemoval.StatisticalInvalidInputs
2525/4150 Test #2538: PointCloudOutlierRemoval.StatisticalInvalidInputs ...............................................................   Passed    0.01 sec
          Start 2539: PointCloudOutlierRemoval.RadiusRejectsIsolatedPoints
2526/4150 Test #2539: PointCloudOutlierRemoval.RadiusRejectsIsolatedPoints ............................................................   Passed    0.00 sec
          Start 2540: PointCloudOutlierRemoval.RadiusIsDeterministicAndAscending
2527/4150 Test #2540: PointCloudOutlierRemoval.RadiusIsDeterministicAndAscending ......................................................   Passed    0.01 sec
          Start 2541: PointCloudOutlierRemoval.RadiusInvalidInputs
2528/4150 Test #2541: PointCloudOutlierRemoval.RadiusInvalidInputs ....................................................................   Passed    0.00 sec
          Start 2542: PointCloudOutlierRemoval.RadiusRejectsNonFinitePositions
2529/4150 Test #2542: PointCloudOutlierRemoval.RadiusRejectsNonFinitePositions ........................................................   Passed    0.00 sec
          Start 2543: IntersectionClassificationEnums.KindValuesArePinned
2530/4150 Test #2543: IntersectionClassificationEnums.KindValuesArePinned .............................................................   Passed    0.00 sec
          Start 2544: IntersectionClassificationEnums.SegmentFeatureValuesArePinned
2531/4150 Test #2544: IntersectionClassificationEnums.SegmentFeatureValuesArePinned ...................................................   Passed    0.00 sec
          Start 2545: IntersectionClassificationEnums.RayFeatureValuesArePinned
2532/4150 Test #2545: IntersectionClassificationEnums.RayFeatureValuesArePinned .......................................................   Passed    0.00 sec
          Start 2546: IntersectionClassificationEnums.TriangleFeatureValuesArePinned
2533/4150 Test #2546: IntersectionClassificationEnums.TriangleFeatureValuesArePinned ..................................................   Passed    0.01 sec
          Start 2547: IntersectionClassificationDefaults.AllRecordsDefaultToUncertain
2534/4150 Test #2547: IntersectionClassificationDefaults.AllRecordsDefaultToUncertain .................................................   Passed    0.00 sec
          Start 2548: IntersectionClassificationDefaults.ScalarFieldsAreUnspecified
2535/4150 Test #2548: IntersectionClassificationDefaults.ScalarFieldsAreUnspecified ...................................................   Passed    0.00 sec
          Start 2549: IntersectionClassificationDefaults.FeatureFieldsAreNone
2536/4150 Test #2549: IntersectionClassificationDefaults.FeatureFieldsAreNone .........................................................   Passed    0.00 sec
          Start 2550: IntersectionClassificationRecords.RecordsAreTriviallyCopyable
2537/4150 Test #2550: IntersectionClassificationRecords.RecordsAreTriviallyCopyable ...................................................   Passed    0.01 sec
          Start 2551: IntersectionClassificationHelpers.HasIntersectionMatchesContract
2538/4150 Test #2551: IntersectionClassificationHelpers.HasIntersectionMatchesContract ................................................   Passed    0.00 sec
          Start 2552: IntersectionClassificationHelpers.IsAmbiguousIsOnlyTrueForUncertain
2539/4150 Test #2552: IntersectionClassificationHelpers.IsAmbiguousIsOnlyTrueForUncertain .............................................   Passed    0.00 sec
          Start 2553: IntersectionClassificationHelpers.TriangleFeatureFromBarycentricMapsVerticesAndEdges
2540/4150 Test #2553: IntersectionClassificationHelpers.TriangleFeatureFromBarycentricMapsVerticesAndEdges ............................   Passed    0.00 sec
          Start 2554: IntersectionClassificationHelpers.TriangleFeatureFromBarycentricMapsOutOfTriangleToNone
2541/4150 Test #2554: IntersectionClassificationHelpers.TriangleFeatureFromBarycentricMapsOutOfTriangleToNone .........................   Passed    0.01 sec
          Start 2555: IntersectionClassificationCallerUse.ProperSegmentSegmentRoundTrip
2542/4150 Test #2555: IntersectionClassificationCallerUse.ProperSegmentSegmentRoundTrip ...............................................   Passed    0.00 sec
          Start 2556: IntersectionClassificationCallerUse.UncertainPointTrianglePropagatesPredicateDiagnostics
2543/4150 Test #2556: IntersectionClassificationCallerUse.UncertainPointTrianglePropagatesPredicateDiagnostics ........................   Passed    0.00 sec
          Start 2557: RayTriangleClassifyParity.InteriorHitMatchesWatertightAndReportsProper
2544/4150 Test #2557: RayTriangleClassifyParity.InteriorHitMatchesWatertightAndReportsProper ..........................................   Passed    0.00 sec
          Start 2558: RayTriangleClassifyParity.MissReportsNoneAndMatchesWatertight
2545/4150 Test #2558: RayTriangleClassifyParity.MissReportsNoneAndMatchesWatertight ...................................................   Passed    0.01 sec
          Start 2559: RayTriangleClassifyParity.BehindTMinReportsNone
2546/4150 Test #2559: RayTriangleClassifyParity.BehindTMinReportsNone .................................................................   Passed    0.00 sec
          Start 2560: RayTriangleClassifyParity.BeyondTMaxReportsNone
2547/4150 Test #2560: RayTriangleClassifyParity.BeyondTMaxReportsNone .................................................................   Passed    0.00 sec
          Start 2561: RayTriangleClassifyParity.BatchedConfigurationsAgreeOnHitGeometry
2548/4150 Test #2561: RayTriangleClassifyParity.BatchedConfigurationsAgreeOnHitGeometry ...............................................   Passed    0.00 sec
          Start 2562: RayTriangleClassifyDegenerate.ZeroAreaTriangleReportsDegenerateInput
2549/4150 Test #2562: RayTriangleClassifyDegenerate.ZeroAreaTriangleReportsDegenerateInput ............................................   Passed    0.00 sec
          Start 2563: RayTriangleClassifyDegenerate.InvalidRayReportsDegenerateInput
2550/4150 Test #2563: RayTriangleClassifyDegenerate.InvalidRayReportsDegenerateInput ..................................................   Passed    0.00 sec
          Start 2564: RayTriangleClassifyBoundary.VertexAHitReportsTouchingVertexA
2551/4150 Test #2564: RayTriangleClassifyBoundary.VertexAHitReportsTouchingVertexA ....................................................   Passed    0.00 sec
          Start 2565: RayTriangleClassifyBoundary.VertexBHitReportsTouchingVertexB
2552/4150 Test #2565: RayTriangleClassifyBoundary.VertexBHitReportsTouchingVertexB ....................................................   Passed    0.00 sec
          Start 2566: RayTriangleClassifyBoundary.VertexCHitReportsTouchingVertexC
2553/4150 Test #2566: RayTriangleClassifyBoundary.VertexCHitReportsTouchingVertexC ....................................................   Passed    0.00 sec
          Start 2567: RayTriangleClassifyBoundary.EdgeABMidpointReportsTouchingEdgeAB
2554/4150 Test #2567: RayTriangleClassifyBoundary.EdgeABMidpointReportsTouchingEdgeAB .................................................   Passed    0.00 sec
          Start 2568: RayTriangleClassifyBoundary.EdgeBCMidpointReportsTouchingEdgeBC
2555/4150 Test #2568: RayTriangleClassifyBoundary.EdgeBCMidpointReportsTouchingEdgeBC .................................................   Passed    0.00 sec
          Start 2569: RayTriangleClassifyBoundary.EdgeCAMidpointReportsTouchingEdgeCA
2556/4150 Test #2569: RayTriangleClassifyBoundary.EdgeCAMidpointReportsTouchingEdgeCA .................................................   Passed    0.00 sec
          Start 2570: RayTriangleClassifyRayFeature.OriginOnTriangleReportsOriginFeature
2557/4150 Test #2570: RayTriangleClassifyRayFeature.OriginOnTriangleReportsOriginFeature ..............................................   Passed    0.00 sec
          Start 2571: RayTriangleClassifyRayFeature.ForwardHitReportsInteriorRayFeature
2558/4150 Test #2571: RayTriangleClassifyRayFeature.ForwardHitReportsInteriorRayFeature ...............................................   Passed    0.00 sec
          Start 2572: RobustPredicatesScaledEpsilon.ZeroScaleStillReturnsPositiveFloor
2559/4150 Test #2572: RobustPredicatesScaledEpsilon.ZeroScaleStillReturnsPositiveFloor ................................................   Passed    0.00 sec
          Start 2573: RobustPredicatesScaledEpsilon.GrowsWithScale
2560/4150 Test #2573: RobustPredicatesScaledEpsilon.GrowsWithScale ....................................................................   Passed    0.00 sec
          Start 2574: RobustPredicatesApproxZero.ExactZeroIsCertainZeroAtAnyScale
2561/4150 Test #2574: RobustPredicatesApproxZero.ExactZeroIsCertainZeroAtAnyScale .....................................................   Passed    0.00 sec
          Start 2575: RobustPredicatesApproxZero.OrdinaryMagnitudeIsCertainPositive
2562/4150 Test #2575: RobustPredicatesApproxZero.OrdinaryMagnitudeIsCertainPositive ...................................................   Passed    0.01 sec
          Start 2576: RobustPredicatesApproxZero.InsideBandIsUncertainPositive
2563/4150 Test #2576: RobustPredicatesApproxZero.InsideBandIsUncertainPositive ........................................................   Passed    0.00 sec
          Start 2577: RobustPredicatesApproxZero.ScaleAdaptsBandSize
2564/4150 Test #2577: RobustPredicatesApproxZero.ScaleAdaptsBandSize ..................................................................   Passed    0.00 sec
          Start 2578: RobustPredicatesApproxZero.NegativeInputsAreTreatedAsMagnitude
2565/4150 Test #2578: RobustPredicatesApproxZero.NegativeInputsAreTreatedAsMagnitude ..................................................   Passed    0.00 sec
          Start 2579: RobustPredicatesApproxZero.FilterBoundMatchesScaledEpsilon
2566/4150 Test #2579: RobustPredicatesApproxZero.FilterBoundMatchesScaledEpsilon ......................................................   Passed    0.00 sec
          Start 2580: RobustPredicatesOrientation2D.ProperCounterClockwiseIsPositiveCertain
2567/4150 Test #2580: RobustPredicatesOrientation2D.ProperCounterClockwiseIsPositiveCertain ...........................................   Passed    0.00 sec
          Start 2581: RobustPredicatesOrientation2D.ProperClockwiseIsNegativeCertain
2568/4150 Test #2581: RobustPredicatesOrientation2D.ProperClockwiseIsNegativeCertain ..................................................   Passed    0.00 sec
          Start 2582: RobustPredicatesOrientation2D.CollinearExactlyIsZeroCertain
2569/4150 Test #2582: RobustPredicatesOrientation2D.CollinearExactlyIsZeroCertain .....................................................   Passed    0.00 sec
          Start 2583: RobustPredicatesOrientation2D.DuplicatedPointIsZero
2570/4150 Test #2583: RobustPredicatesOrientation2D.DuplicatedPointIsZero .............................................................   Passed    0.00 sec
          Start 2584: RobustPredicatesOrientation2D.LargeScaleIsDecidable
2571/4150 Test #2584: RobustPredicatesOrientation2D.LargeScaleIsDecidable .............................................................   Passed    0.00 sec
          Start 2585: RobustPredicatesOrientation2D.SmallScaleIsDecidable
2572/4150 Test #2585: RobustPredicatesOrientation2D.SmallScaleIsDecidable .............................................................   Passed    0.00 sec
          Start 2586: RobustPredicatesOrientation2D.NonDegenerateInputReportsActiveFilter
2573/4150 Test #2586: RobustPredicatesOrientation2D.NonDegenerateInputReportsActiveFilter .............................................   Passed    0.00 sec
          Start 2587: RobustPredicatesOrientation3D.PointAbovePlaneIsPositiveCertain
2574/4150 Test #2587: RobustPredicatesOrientation3D.PointAbovePlaneIsPositiveCertain ..................................................   Passed    0.00 sec
          Start 2588: RobustPredicatesOrientation3D.PointBelowPlaneIsNegativeCertain
2575/4150 Test #2588: RobustPredicatesOrientation3D.PointBelowPlaneIsNegativeCertain ..................................................   Passed    0.00 sec
          Start 2589: RobustPredicatesOrientation3D.CoplanarExactlyIsZeroCertain
2576/4150 Test #2589: RobustPredicatesOrientation3D.CoplanarExactlyIsZeroCertain ......................................................   Passed    0.00 sec
          Start 2590: RobustPredicatesOrientation3D.DegenerateBaseTriangleStillProducesResult
2577/4150 Test #2590: RobustPredicatesOrientation3D.DegenerateBaseTriangleStillProducesResult .........................................   Passed    0.00 sec
          Start 2591: RobustPredicatesSignedDistanceToPlane.AboveAndBelowPlane
2578/4150 Test #2591: RobustPredicatesSignedDistanceToPlane.AboveAndBelowPlane ........................................................   Passed    0.00 sec
          Start 2592: RobustPredicatesSignedDistanceToPlane.OnPlaneIsZero
2579/4150 Test #2592: RobustPredicatesSignedDistanceToPlane.OnPlaneIsZero .............................................................   Passed    0.00 sec
          Start 2593: RobustPredicatesSignedDistanceToHessianPlane.ExactZeroOnPlaneIsCertainZero
2580/4150 Test #2593: RobustPredicatesSignedDistanceToHessianPlane.ExactZeroOnPlaneIsCertainZero ......................................   Passed    0.01 sec
          Start 2594: RobustPredicatesSignedDistanceToHessianPlane.AboveAndBelowReportCertainSign
2581/4150 Test #2594: RobustPredicatesSignedDistanceToHessianPlane.AboveAndBelowReportCertainSign .....................................   Passed    0.00 sec
          Start 2595: RobustPredicatesSignedDistanceToHessianPlane.MatchesOriginFormForUnitNormal
2582/4150 Test #2595: RobustPredicatesSignedDistanceToHessianPlane.MatchesOriginFormForUnitNormal .....................................   Passed    0.00 sec
          Start 2596: RobustPredicatesSignedDistanceToHessianPlane.ScaledNormalScalesValueButNotSign
2583/4150 Test #2596: RobustPredicatesSignedDistanceToHessianPlane.ScaledNormalScalesValueButNotSign ..................................   Passed    0.00 sec
          Start 2597: RobustPredicatesSignedDistanceToHessianPlane.LargeAndSmallScaleAreDecidable
2584/4150 Test #2597: RobustPredicatesSignedDistanceToHessianPlane.LargeAndSmallScaleAreDecidable .....................................   Passed    0.00 sec
          Start 2598: RobustPredicatesBarycentric.CentroidIsInterior
2585/4150 Test #2598: RobustPredicatesBarycentric.CentroidIsInterior ..................................................................   Passed    0.00 sec
          Start 2599: RobustPredicatesBarycentric.VertexIncidence
2586/4150 Test #2599: RobustPredicatesBarycentric.VertexIncidence .....................................................................   Passed    0.00 sec
          Start 2600: RobustPredicatesBarycentric.EdgeMidpointIncidence
2587/4150 Test #2600: RobustPredicatesBarycentric.EdgeMidpointIncidence ...............................................................   Passed    0.00 sec
          Start 2601: RobustPredicatesBarycentric.ClearlyOutsideIsOutside
2588/4150 Test #2601: RobustPredicatesBarycentric.ClearlyOutsideIsOutside .............................................................   Passed    0.00 sec
          Start 2602: RobustPredicatesBarycentric.DegenerateTriangleReportsDegenerate
2589/4150 Test #2602: RobustPredicatesBarycentric.DegenerateTriangleReportsDegenerate .................................................   Passed    0.00 sec
          Start 2603: RobustPredicatesBarycentric.AboveTriangleStillProjectsToInteriorRegion
2590/4150 Test #2603: RobustPredicatesBarycentric.AboveTriangleStillProjectsToInteriorRegion ..........................................   Passed    0.00 sec
          Start 2604: RobustPredicatesBarycentric.LargeAndSmallScaleAreDecidable
2591/4150 Test #2604: RobustPredicatesBarycentric.LargeAndSmallScaleAreDecidable ......................................................   Passed    0.00 sec
          Start 2605: LinearAlgebra.GlmEigenAdaptersRoundTripFixedSizeValues
2592/4150 Test #2605: LinearAlgebra.GlmEigenAdaptersRoundTripFixedSizeValues ..........................................................   Passed    0.01 sec
          Start 2606: LinearAlgebra.MapRowMajorMatrixViewsContiguousBufferWithoutCopy
2593/4150 Test #2606: LinearAlgebra.MapRowMajorMatrixViewsContiguousBufferWithoutCopy .................................................   Passed    0.00 sec
          Start 2607: LinearAlgebra.SvdReconstructsDeterministicMatrix
2594/4150 Test #2607: LinearAlgebra.SvdReconstructsDeterministicMatrix ................................................................   Passed    0.00 sec
          Start 2608: LinearAlgebra.QrAndSymmetricEigenSolveSmallSystems
2595/4150 Test #2608: LinearAlgebra.QrAndSymmetricEigenSolveSmallSystems ..............................................................   Passed    0.00 sec
          Start 2609: LinearAlgebra.LeastSquaresPolarAndCovarianceReturnDiagnostics
2596/4150 Test #2609: LinearAlgebra.LeastSquaresPolarAndCovarianceReturnDiagnostics ...................................................   Passed    0.00 sec
          Start 2610: LinearAlgebra.RobustPCARecoversLowRankPlusSparseMatrix
2597/4150 Test #2610: LinearAlgebra.RobustPCARecoversLowRankPlusSparseMatrix ..........................................................   Passed    0.02 sec
          Start 2611: LinearAlgebra.RobustPCAIsDeterministicForIdenticalInput
2598/4150 Test #2611: LinearAlgebra.RobustPCAIsDeterministicForIdenticalInput .........................................................   Passed    0.04 sec
          Start 2612: LinearAlgebra.RobustPCAFailsClosedForDegenerateInput
2599/4150 Test #2612: LinearAlgebra.RobustPCAFailsClosedForDegenerateInput ............................................................   Passed    0.01 sec
          Start 2613: Sparse.BuilderSortsMergesDropsAndMultiplies
2600/4150 Test #2613: Sparse.BuilderSortsMergesDropsAndMultiplies .....................................................................   Passed    0.01 sec
          Start 2614: Sparse.DiagnosticsClassifyLaplacianLikeMatrix
2601/4150 Test #2614: Sparse.DiagnosticsClassifyLaplacianLikeMatrix ...................................................................   Passed    0.00 sec
          Start 2615: Sparse.ConjugateGradientReportsConvergenceAndBreakdown
2602/4150 Test #2615: Sparse.ConjugateGradientReportsConvergenceAndBreakdown ..........................................................   Passed    0.00 sec
          Start 2616: Sparse.ShiftedConjugateGradientUsesDiagonalMassTerm
2603/4150 Test #2616: Sparse.ShiftedConjugateGradientUsesDiagonalMassTerm .............................................................   Passed    0.00 sec
          Start 2617: Sparse.ShiftedFixedConjugateGradientSolvesReducedSystem
2604/4150 Test #2617: Sparse.ShiftedFixedConjugateGradientSolvesReducedSystem .........................................................   Passed    0.00 sec
          Start 2618: Sparse.ShiftedFixedConjugateGradientWithNoFixedIndicesMatchesUnconstrained
2605/4150 Test #2618: Sparse.ShiftedFixedConjugateGradientWithNoFixedIndicesMatchesUnconstrained ......................................   Passed    0.00 sec
          Start 2619: Sparse.ShiftedFixedConjugateGradientRejectsMalformedConstraints
2606/4150 Test #2619: Sparse.ShiftedFixedConjugateGradientRejectsMalformedConstraints .................................................   Passed    0.00 sec
          Start 2620: SparseFactorization.LDLTSolvesOneDimensionalPoissonSystem
2607/4150 Test #2620: SparseFactorization.LDLTSolvesOneDimensionalPoissonSystem .......................................................   Passed    0.00 sec
          Start 2621: SparseFactorization.LLTSolvesTriangleFanMassPlusLaplacianShape
2608/4150 Test #2621: SparseFactorization.LLTSolvesTriangleFanMassPlusLaplacianShape ..................................................   Passed    0.01 sec
          Start 2622: SparseFactorization.LDLTAndLLTClassifyIndefiniteAndSingularSystems
2609/4150 Test #2622: SparseFactorization.LDLTAndLLTClassifyIndefiniteAndSingularSystems ..............................................   Passed    0.01 sec
          Start 2623: SparseFactorization.MultiRhsSolveMatchesKnownSolutions
2610/4150 Test #2623: SparseFactorization.MultiRhsSolveMatchesKnownSolutions ..........................................................   Passed    0.01 sec
          Start 2624: SparseFactorization.SolveInPlaceReusesRhsStorage
2611/4150 Test #2624: SparseFactorization.SolveInPlaceReusesRhsStorage ................................................................   Passed    0.00 sec
          Start 2625: SparseFactorization.RejectsInvalidInputAndDimensionMismatches
2612/4150 Test #2625: SparseFactorization.RejectsInvalidInputAndDimensionMismatches ...................................................   Passed    0.00 sec
          Start 2626: SparseFactorization.FactorOnceSolveManyIsBitStable
2613/4150 Test #2626: SparseFactorization.FactorOnceSolveManyIsBitStable ..............................................................   Passed    0.01 sec
          Start 2627: SparseNonsymmetric.BiCGSTABSolvesAdvectionDiffusionSystem
2614/4150 Test #2627: SparseNonsymmetric.BiCGSTABSolvesAdvectionDiffusionSystem .......................................................   Passed    0.00 sec
          Start 2628: SparseNonsymmetric.BiCGSTABMatchesCGOnSPDSystem
2615/4150 Test #2628: SparseNonsymmetric.BiCGSTABMatchesCGOnSPDSystem .................................................................   Passed    0.00 sec
          Start 2629: SparseNonsymmetric.SingularSystemReportsFailureWithoutMutatingOutput
2616/4150 Test #2629: SparseNonsymmetric.SingularSystemReportsFailureWithoutMutatingOutput ............................................   Passed    0.01 sec
          Start 2630: SparseNonsymmetric.RejectsInvalidInputs
2617/4150 Test #2630: SparseNonsymmetric.RejectsInvalidInputs .........................................................................   Passed    0.01 sec
          Start 2631: SparseNonsymmetric.MultiRhsSolveMatchesKnownSolutions
2618/4150 Test #2631: SparseNonsymmetric.MultiRhsSolveMatchesKnownSolutions ...........................................................   Passed    0.00 sec
          Start 2632: SparseNonsymmetric.PreconditionersAgreeWithinTolerance
2619/4150 Test #2632: SparseNonsymmetric.PreconditionersAgreeWithinTolerance ..........................................................   Passed    0.00 sec
          Start 2633: SparseNonsymmetric.IdenticalInputsAreBitStable
2620/4150 Test #2633: SparseNonsymmetric.IdenticalInputsAreBitStable ..................................................................   Passed    0.01 sec
          Start 2634: SignedHeatMethod.ClosedSquareProducesFiniteSignedField
2621/4150 Test #2634: SignedHeatMethod.ClosedSquareProducesFiniteSignedField ..........................................................   Passed    0.01 sec
          Start 2635: SignedHeatMethod.ReversingBoundaryFlipsSign
2622/4150 Test #2635: SignedHeatMethod.ReversingBoundaryFlipsSign .....................................................................   Passed    0.01 sec
          Start 2636: SignedHeatMethod.OpenBoundaryReportsDegenerateButFinite
2623/4150 Test #2636: SignedHeatMethod.OpenBoundaryReportsDegenerateButFinite .........................................................   Passed    0.01 sec
          Start 2637: SignedHeatMethod.InvalidInputsFailClosed
2624/4150 Test #2637: SignedHeatMethod.InvalidInputsFailClosed ........................................................................   Passed    0.01 sec
          Start 2638: SignedHeatMethod.IdenticalInputsAreBitStable
2625/4150 Test #2638: SignedHeatMethod.IdenticalInputsAreBitStable ....................................................................   Passed    0.01 sec
          Start 2639: SubmeshView_Mesh.DefaultMeshIsNotView
2626/4150 Test #2639: SubmeshView_Mesh.DefaultMeshIsNotView ...........................................................................   Passed    0.01 sec
          Start 2640: SubmeshView_Mesh.CreateViewSharesStorage
2627/4150 Test #2640: SubmeshView_Mesh.CreateViewSharesStorage ........................................................................   Passed    0.01 sec
          Start 2641: SubmeshView_Mesh.ViewPositionsReturnSubspan
2628/4150 Test #2641: SubmeshView_Mesh.ViewPositionsReturnSubspan .....................................................................   Passed    0.01 sec
          Start 2642: SubmeshView_Mesh.ViewRangeAccessors
2629/4150 Test #2642: SubmeshView_Mesh.ViewRangeAccessors .............................................................................   Passed    0.01 sec
          Start 2643: SubmeshView_Mesh.ViewClampsToSourceExtent
2630/4150 Test #2643: SubmeshView_Mesh.ViewClampsToSourceExtent .......................................................................   Passed    0.00 sec
          Start 2644: SubmeshView_Mesh.ViewWithOffsetBeyondSizeGivesEmpty
2631/4150 Test #2644: SubmeshView_Mesh.ViewWithOffsetBeyondSizeGivesEmpty .............................................................   Passed    0.01 sec
          Start 2645: SubmeshView_Mesh.ViewSharesPositionDataWithSource
2632/4150 Test #2645: SubmeshView_Mesh.ViewSharesPositionDataWithSource ...............................................................   Passed    0.00 sec
          Start 2646: SubmeshView_Graph.DefaultGraphIsNotView
2633/4150 Test #2646: SubmeshView_Graph.DefaultGraphIsNotView .........................................................................   Passed    0.00 sec
          Start 2647: SubmeshView_Graph.CreateViewRestrictsSize
2634/4150 Test #2647: SubmeshView_Graph.CreateViewRestrictsSize .......................................................................   Passed    0.01 sec
          Start 2648: SubmeshView_Graph.ViewRangeAccessors
2635/4150 Test #2648: SubmeshView_Graph.ViewRangeAccessors ............................................................................   Passed    0.00 sec
          Start 2649: SubmeshView_Cloud.DefaultCloudIsNotView
2636/4150 Test #2649: SubmeshView_Cloud.DefaultCloudIsNotView .........................................................................   Passed    0.00 sec
          Start 2650: SubmeshView_Cloud.CreateViewRestrictsSize
2637/4150 Test #2650: SubmeshView_Cloud.CreateViewRestrictsSize .......................................................................   Passed    0.00 sec
          Start 2651: SubmeshView_Cloud.ViewPositionsReturnSubspan
2638/4150 Test #2651: SubmeshView_Cloud.ViewPositionsReturnSubspan ....................................................................   Passed    0.00 sec
          Start 2652: SubmeshView_Cloud.ViewNormalsReturnSubspan
2639/4150 Test #2652: SubmeshView_Cloud.ViewNormalsReturnSubspan ......................................................................   Passed    0.00 sec
          Start 2653: SubmeshView_Cloud.ViewSharesDataWithSource
2640/4150 Test #2653: SubmeshView_Cloud.ViewSharesDataWithSource ......................................................................   Passed    0.00 sec
          Start 2654: SubmeshView_Cloud.ViewClampsOverflow
2641/4150 Test #2654: SubmeshView_Cloud.ViewClampsOverflow ............................................................................   Passed    0.00 sec
          Start 2655: SubmeshView_Cloud.ViewRangeAccessor
2642/4150 Test #2655: SubmeshView_Cloud.ViewRangeAccessor .............................................................................   Passed    0.00 sec
          Start 2656: SubmeshView_Cloud.MeshBackedCloudUsesCanonicalVertexPointProperty
2643/4150 Test #2656: SubmeshView_Cloud.MeshBackedCloudUsesCanonicalVertexPointProperty ...............................................   Passed    0.00 sec
          Start 2657: SubmeshView_Cloud.GraphBackedCloudUsesCanonicalVertexPointProperty
2644/4150 Test #2657: SubmeshView_Cloud.GraphBackedCloudUsesCanonicalVertexPointProperty ..............................................   Passed    0.00 sec
          Start 2658: SubmeshViewDomainBorrows.MeshAsGraphSharesVertexAndConnectivityPropertyStorage
2645/4150 Test #2658: SubmeshViewDomainBorrows.MeshAsGraphSharesVertexAndConnectivityPropertyStorage ..................................   Passed    0.00 sec
          Start 2659: SubmeshViewDomainBorrows.MeshAsGraphDoesNotAllocateCompatibilityCopyProperties
2646/4150 Test #2659: SubmeshViewDomainBorrows.MeshAsGraphDoesNotAllocateCompatibilityCopyProperties ..................................   Passed    0.00 sec
          Start 2660: SubmeshViewDomainBorrows.MeshAsGraphSharesSizesAndIgnoresFaceState
2647/4150 Test #2660: SubmeshViewDomainBorrows.MeshAsGraphSharesSizesAndIgnoresFaceState ..............................................   Passed    0.00 sec
          Start 2661: SubmeshViewDomainBorrows.MeshSidePositionEditIsVisibleThroughGraphView
2648/4150 Test #2661: SubmeshViewDomainBorrows.MeshSidePositionEditIsVisibleThroughGraphView ..........................................   Passed    0.01 sec
          Start 2662: SubmeshViewDomainBorrows.GraphSidePositionEditIsVisibleOnSourceMesh
2649/4150 Test #2662: SubmeshViewDomainBorrows.GraphSidePositionEditIsVisibleOnSourceMesh .............................................   Passed    0.00 sec
          Start 2663: SubmeshViewDomainBorrows.EmptyMeshBorrowsAsEmptyGraph
2650/4150 Test #2663: SubmeshViewDomainBorrows.EmptyMeshBorrowsAsEmptyGraph ...........................................................   Passed    0.00 sec
          Start 2664: SubmeshViewDomainBorrows.MeshAsCloudSharesVertexPositionPropertyStorage
2651/4150 Test #2664: SubmeshViewDomainBorrows.MeshAsCloudSharesVertexPositionPropertyStorage .........................................   Passed    0.00 sec
          Start 2665: SubmeshViewDomainBorrows.MeshAsCloudDoesNotAllocatePPositionCompatibilityCopy
2652/4150 Test #2665: SubmeshViewDomainBorrows.MeshAsCloudDoesNotAllocatePPositionCompatibilityCopy ...................................   Passed    0.00 sec
          Start 2666: SubmeshViewDomainBorrows.MeshAsCloudReusesExistingVertexNormalProperty
2653/4150 Test #2666: SubmeshViewDomainBorrows.MeshAsCloudReusesExistingVertexNormalProperty ..........................................   Passed    0.00 sec
          Start 2667: SubmeshViewDomainBorrows.MeshSidePositionEditIsVisibleThroughCloudView
2654/4150 Test #2667: SubmeshViewDomainBorrows.MeshSidePositionEditIsVisibleThroughCloudView ..........................................   Passed    0.01 sec
          Start 2668: SubmeshViewDomainBorrows.CloudSidePositionEditIsVisibleOnSourceMesh
2655/4150 Test #2668: SubmeshViewDomainBorrows.CloudSidePositionEditIsVisibleOnSourceMesh .............................................   Passed    0.01 sec
          Start 2669: SubmeshViewDomainBorrows.PointAddedThroughCloudViewAppearsOnSourceMesh
2656/4150 Test #2669: SubmeshViewDomainBorrows.PointAddedThroughCloudViewAppearsOnSourceMesh ..........................................   Passed    0.00 sec
          Start 2670: SubmeshViewDomainBorrows.EmptyMeshBorrowsAsEmptyCloud
2657/4150 Test #2670: SubmeshViewDomainBorrows.EmptyMeshBorrowsAsEmptyCloud ...........................................................   Passed    0.00 sec
          Start 2671: SubmeshViewDomainBorrows.CloudSubviewOfMeshBorrowSeesMeshBackedRows
2658/4150 Test #2671: SubmeshViewDomainBorrows.CloudSubviewOfMeshBorrowSeesMeshBackedRows .............................................   Passed    0.01 sec
          Start 2672: SubmeshViewDomainBorrows.CloudSubviewOfEmptyMeshBorrowClampsToZero
2659/4150 Test #2672: SubmeshViewDomainBorrows.CloudSubviewOfEmptyMeshBorrowClampsToZero ..............................................   Passed    0.01 sec
          Start 2673: SubmeshViewDomainBorrows.CloudDeleteThroughMeshBorrowDoesNotTouchMeshDeletionCounter
2660/4150 Test #2673: SubmeshViewDomainBorrows.CloudDeleteThroughMeshBorrowDoesNotTouchMeshDeletionCounter ............................   Passed    0.01 sec
          Start 2674: SubmeshViewDomainBorrows.MeshGarbageCollectionAfterCloudDeleteIsConsistent
2661/4150 Test #2674: SubmeshViewDomainBorrows.MeshGarbageCollectionAfterCloudDeleteIsConsistent ......................................   Passed    0.01 sec
          Start 2675: SubmeshViewDomainBorrows.GraphAsCloudSharesVertexPositionPropertyStorage
2662/4150 Test #2675: SubmeshViewDomainBorrows.GraphAsCloudSharesVertexPositionPropertyStorage ........................................   Passed    0.01 sec
          Start 2676: SubmeshViewDomainBorrows.GraphAsCloudDoesNotAllocatePPositionCompatibilityCopy
2663/4150 Test #2676: SubmeshViewDomainBorrows.GraphAsCloudDoesNotAllocatePPositionCompatibilityCopy ..................................   Passed    0.01 sec
          Start 2677: SubmeshViewDomainBorrows.GraphAsCloudDoesNotExposeHalfedgeOrEdgePropertySets
2664/4150 Test #2677: SubmeshViewDomainBorrows.GraphAsCloudDoesNotExposeHalfedgeOrEdgePropertySets ....................................   Passed    0.00 sec
          Start 2678: SubmeshViewDomainBorrows.GraphAsCloudSharesVertexConnectivitySlotAsDocumentedUbBoundary
2665/4150 Test #2678: SubmeshViewDomainBorrows.GraphAsCloudSharesVertexConnectivitySlotAsDocumentedUbBoundary .........................   Passed    0.01 sec
          Start 2679: SubmeshViewDomainBorrows.GraphAsCloudReusesExistingVertexNormalProperty
2666/4150 Test #2679: SubmeshViewDomainBorrows.GraphAsCloudReusesExistingVertexNormalProperty .........................................   Passed    0.01 sec
          Start 2680: SubmeshViewDomainBorrows.GraphSidePositionEditIsVisibleThroughCloudView
2667/4150 Test #2680: SubmeshViewDomainBorrows.GraphSidePositionEditIsVisibleThroughCloudView .........................................   Passed    0.01 sec
          Start 2681: SubmeshViewDomainBorrows.CloudSidePositionEditIsVisibleOnSourceGraph
2668/4150 Test #2681: SubmeshViewDomainBorrows.CloudSidePositionEditIsVisibleOnSourceGraph ............................................   Passed    0.01 sec
          Start 2682: SubmeshViewDomainBorrows.PointAddedThroughCloudViewAppearsOnSourceGraph
2669/4150 Test #2682: SubmeshViewDomainBorrows.PointAddedThroughCloudViewAppearsOnSourceGraph .........................................   Passed    0.01 sec
          Start 2683: SubmeshViewDomainBorrows.EmptyGraphBorrowsAsEmptyCloud
2670/4150 Test #2683: SubmeshViewDomainBorrows.EmptyGraphBorrowsAsEmptyCloud ..........................................................   Passed    0.01 sec
          Start 2684: SubmeshViewDomainBorrows.CloudDeleteThroughGraphBorrowDoesNotTouchGraphDeletionCounter
2671/4150 Test #2684: SubmeshViewDomainBorrows.CloudDeleteThroughGraphBorrowDoesNotTouchGraphDeletionCounter ..........................   Passed    0.00 sec
          Start 2685: SubmeshViewDomainBorrows.ConstViewsAreReadOnlyAtCompileTime
2672/4150 Test #2685: SubmeshViewDomainBorrows.ConstViewsAreReadOnlyAtCompileTime .....................................................   Passed    0.00 sec
          Start 2686: SubmeshViewDomainBorrows.ConstMeshGraphViewSharesStorageAndSeesLiveEdits
2673/4150 Test #2686: SubmeshViewDomainBorrows.ConstMeshGraphViewSharesStorageAndSeesLiveEdits ........................................   Passed    0.00 sec
          Start 2687: SubmeshViewDomainBorrows.ConstMeshCloudViewSharesStorageAndSeesLiveEdits
2674/4150 Test #2687: SubmeshViewDomainBorrows.ConstMeshCloudViewSharesStorageAndSeesLiveEdits ........................................   Passed    0.00 sec
          Start 2688: SubmeshViewDomainBorrows.ConstGraphCloudViewSharesStorageAndSeesLiveEdits
2675/4150 Test #2688: SubmeshViewDomainBorrows.ConstGraphCloudViewSharesStorageAndSeesLiveEdits .......................................   Passed    0.01 sec
          Start 2689: SubmeshViewDomainBorrows.HardCopyOfMeshBackedGraphBorrowOwnsIndependentStorage
2676/4150 Test #2689: SubmeshViewDomainBorrows.HardCopyOfMeshBackedGraphBorrowOwnsIndependentStorage ..................................   Passed    0.01 sec
          Start 2690: SubmeshViewDomainBorrows.HardCopyOfMeshBackedCloudBorrowOwnsIndependentStorage
2677/4150 Test #2690: SubmeshViewDomainBorrows.HardCopyOfMeshBackedCloudBorrowOwnsIndependentStorage ..................................   Passed    0.00 sec
          Start 2691: SubmeshViewDomainBorrows.HardCopyOfGraphBackedCloudBorrowOwnsIndependentStorage
2678/4150 Test #2691: SubmeshViewDomainBorrows.HardCopyOfGraphBackedCloudBorrowOwnsIndependentStorage .................................   Passed    0.00 sec
          Start 2692: SubmeshViewDomainBorrows.CopyAssignIntoBorrowedDestinationWritesThroughToSource
2679/4150 Test #2692: SubmeshViewDomainBorrows.CopyAssignIntoBorrowedDestinationWritesThroughToSource .................................   Passed    0.00 sec
          Start 2693: GeometryIO_Metadata.ReportsSupportedImportAndExportDomains
2680/4150 Test #2693: GeometryIO_Metadata.ReportsSupportedImportAndExportDomains ......................................................   Passed    0.00 sec
          Start 2694: GeometryIO_Metadata.ReportsAssetRoutingReadinessForAllPromotedFormats
2681/4150 Test #2694: GeometryIO_Metadata.ReportsAssetRoutingReadinessForAllPromotedFormats ...........................................   Passed    0.00 sec
          Start 2695: GeometryIO_MeshIO.LoadsOFFTriangle
2682/4150 Test #2695: GeometryIO_MeshIO.LoadsOFFTriangle ..............................................................................   Passed    0.00 sec
          Start 2696: GeometryIO_MeshIO.LoadsCOFFTriangleWithVertexColors
2683/4150 Test #2696: GeometryIO_MeshIO.LoadsCOFFTriangleWithVertexColors .............................................................   Passed    0.00 sec
          Start 2697: GeometryIO_MeshIO.LoadsCOFFAlphaTokenIsConsumedNotStored
2684/4150 Test #2697: GeometryIO_MeshIO.LoadsCOFFAlphaTokenIsConsumedNotStored ........................................................   Passed    0.00 sec
          Start 2698: GeometryIO_MeshIO.LoadsNOFFTriangleWithVertexNormals
2685/4150 Test #2698: GeometryIO_MeshIO.LoadsNOFFTriangleWithVertexNormals ............................................................   Passed    0.00 sec
          Start 2699: GeometryIO_MeshIO.LoadsCNOFFTriangleWithNormalsAndColors
2686/4150 Test #2699: GeometryIO_MeshIO.LoadsCNOFFTriangleWithNormalsAndColors ........................................................   Passed    0.00 sec
          Start 2700: GeometryIO_MeshIO.LoadOFFRejectsDegenerateFaceRows
2687/4150 Test #2700: GeometryIO_MeshIO.LoadOFFRejectsDegenerateFaceRows ..............................................................   Passed    0.00 sec
          Start 2701: GeometryIO_MeshIO.LoadOFFRejectsAllDegenerateFaces
2688/4150 Test #2701: GeometryIO_MeshIO.LoadOFFRejectsAllDegenerateFaces ..............................................................   Passed    0.00 sec
          Start 2702: GeometryIO_MeshIO.LoadOFFRejectsHugeHeaderCountsBeforeReserve
2689/4150 Test #2702: GeometryIO_MeshIO.LoadOFFRejectsHugeHeaderCountsBeforeReserve ...................................................   Passed    0.00 sec
          Start 2703: GeometryIO_MeshIO.LoadOFFPreservesCommentBeforeFirstVertexAndFaceRows
2690/4150 Test #2703: GeometryIO_MeshIO.LoadOFFPreservesCommentBeforeFirstVertexAndFaceRows ...........................................   Passed    0.00 sec
          Start 2704: GeometryIO_MeshIO.LoadOFFRejectsUnknownMagic
2691/4150 Test #2704: GeometryIO_MeshIO.LoadOFFRejectsUnknownMagic ....................................................................   Passed    0.00 sec
          Start 2705: GeometryIO_MeshIO.LoadOFFRejectsOutOfRangeVertexIndex
2692/4150 Test #2705: GeometryIO_MeshIO.LoadOFFRejectsOutOfRangeVertexIndex ...........................................................   Passed    0.00 sec
          Start 2706: GeometryIO_MeshIO.LoadsOBJTriangle
2693/4150 Test #2706: GeometryIO_MeshIO.LoadsOBJTriangle ..............................................................................   Passed    0.00 sec
          Start 2707: GeometryIO_MeshIO.LoadsOBJTriangleWithVertexNormals
2694/4150 Test #2707: GeometryIO_MeshIO.LoadsOBJTriangleWithVertexNormals .............................................................   Passed    0.00 sec
          Start 2708: GeometryIO_MeshIO.LoadOBJIgnoresMismatchedVertexNormalCount
2695/4150 Test #2708: GeometryIO_MeshIO.LoadOBJIgnoresMismatchedVertexNormalCount .....................................................   Passed    0.00 sec
          Start 2709: GeometryIO_MeshIO.LoadOBJRejectsMalformedVertexNormal
2696/4150 Test #2709: GeometryIO_MeshIO.LoadOBJRejectsMalformedVertexNormal ...........................................................   Passed    0.00 sec
          Start 2710: GeometryIO_MeshIO.LoadsOBJTriangleWithVertexTexcoords
2697/4150 Test #2710: GeometryIO_MeshIO.LoadsOBJTriangleWithVertexTexcoords ...........................................................   Passed    0.00 sec
          Start 2711: GeometryIO_MeshIO.LoadsOBJVertexTexcoordWithOptionalThirdComponent
2698/4150 Test #2711: GeometryIO_MeshIO.LoadsOBJVertexTexcoordWithOptionalThirdComponent ..............................................   Passed    0.00 sec
          Start 2712: GeometryIO_MeshIO.LoadOBJIgnoresMismatchedVertexTexcoordCount
2699/4150 Test #2712: GeometryIO_MeshIO.LoadOBJIgnoresMismatchedVertexTexcoordCount ...................................................   Passed    0.00 sec
          Start 2713: GeometryIO_MeshIO.LoadOBJRejectsMalformedVertexTexcoord
2700/4150 Test #2713: GeometryIO_MeshIO.LoadOBJRejectsMalformedVertexTexcoord .........................................................   Passed    0.00 sec
          Start 2714: GeometryIO_MeshIO.LoadOBJVertexTexcoordAndNormalCoexist
2701/4150 Test #2714: GeometryIO_MeshIO.LoadOBJVertexTexcoordAndNormalCoexist .........................................................   Passed    0.00 sec
          Start 2715: GeometryIO_MeshIO.LoadsOBJTriangleWithVertexColors
2702/4150 Test #2715: GeometryIO_MeshIO.LoadsOBJTriangleWithVertexColors ..............................................................   Passed    0.00 sec
          Start 2716: GeometryIO_MeshIO.LoadOBJIgnoresMismatchedVertexColorCount
2703/4150 Test #2716: GeometryIO_MeshIO.LoadOBJIgnoresMismatchedVertexColorCount ......................................................   Passed    0.00 sec
          Start 2717: GeometryIO_MeshIO.LoadOBJRejectsMalformedVertexColor
2704/4150 Test #2717: GeometryIO_MeshIO.LoadOBJRejectsMalformedVertexColor ............................................................   Passed    0.00 sec
          Start 2718: GeometryIO_MeshIO.LoadOBJVertexColorAndTexcoordCoexist
2705/4150 Test #2718: GeometryIO_MeshIO.LoadOBJVertexColorAndTexcoordCoexist ..........................................................   Passed    0.00 sec
          Start 2719: GeometryIO_MeshIO.LoadsOBJTriangleWithVertexColorsAndAlpha
2706/4150 Test #2719: GeometryIO_MeshIO.LoadsOBJTriangleWithVertexColorsAndAlpha ......................................................   Passed    0.00 sec
          Start 2720: GeometryIO_MeshIO.LoadsOBJMixedSevenAndEightTokenVertexColors
2707/4150 Test #2720: GeometryIO_MeshIO.LoadsOBJMixedSevenAndEightTokenVertexColors ...................................................   Passed    0.00 sec
          Start 2721: GeometryIO_MeshIO.LoadOBJRejectsMalformedVertexColorAlpha
2708/4150 Test #2721: GeometryIO_MeshIO.LoadOBJRejectsMalformedVertexColorAlpha .......................................................   Passed    0.00 sec
          Start 2722: GeometryIO_MeshIO.LoadOBJVertexColorAlphaSurvivesFaceAttributeRemap
2709/4150 Test #2722: GeometryIO_MeshIO.LoadOBJVertexColorAlphaSurvivesFaceAttributeRemap .............................................   Passed    0.00 sec
          Start 2723: GeometryIO_MeshIO.LoadsOBJFaceTexcoordSeamOnCornersWithoutDuplicatingPositions
2710/4150 Test #2723: GeometryIO_MeshIO.LoadsOBJFaceTexcoordSeamOnCornersWithoutDuplicatingPositions ..................................   Passed    0.00 sec
          Start 2724: GeometryIO_MeshIO.ObjCornerTexcoordsSurviveWriteAndReload
2711/4150 Test #2724: GeometryIO_MeshIO.ObjCornerTexcoordsSurviveWriteAndReload .......................................................   Passed    0.00 sec
          Start 2725: GeometryIO_MeshIO.ObjWithoutTexcoordSeamStaysVertexDomain
2712/4150 Test #2725: GeometryIO_MeshIO.ObjWithoutTexcoordSeamStaysVertexDomain .......................................................   Passed    0.00 sec
          Start 2726: GeometryIO_MeshIO.LoadsOBJFaceNormalIndicesWithoutLockstepNormals
2713/4150 Test #2726: GeometryIO_MeshIO.LoadsOBJFaceNormalIndicesWithoutLockstepNormals ...............................................   Passed    0.00 sec
          Start 2727: GeometryIO_MeshIO.LoadsOBJFaceAttributeNegativeIndices
2714/4150 Test #2727: GeometryIO_MeshIO.LoadsOBJFaceAttributeNegativeIndices ..........................................................   Passed    0.00 sec
          Start 2728: GeometryIO_MeshIO.LoadOBJRejectsOutOfRangeFaceTexcoordIndex
2715/4150 Test #2728: GeometryIO_MeshIO.LoadOBJRejectsOutOfRangeFaceTexcoordIndex .....................................................   Passed    0.00 sec
          Start 2729: GeometryIO_MeshIO.LoadsASCIIPLYTriangle
2716/4150 Test #2729: GeometryIO_MeshIO.LoadsASCIIPLYTriangle .........................................................................   Passed    0.00 sec
          Start 2730: GeometryIO_MeshIO.LoadsASCIIPLYTriangleWithVertexNormalsAndColors
2717/4150 Test #2730: GeometryIO_MeshIO.LoadsASCIIPLYTriangleWithVertexNormalsAndColors ...............................................   Passed    0.00 sec
          Start 2731: GeometryIO_MeshIO.LoadsASCIIPLYTriangleWithVertexTexcoords
2718/4150 Test #2731: GeometryIO_MeshIO.LoadsASCIIPLYTriangleWithVertexTexcoords ......................................................   Passed    0.00 sec
          Start 2732: GeometryIO_MeshIO.LoadsASCIIPLYTriangleWithTextureUVAliases
2719/4150 Test #2732: GeometryIO_MeshIO.LoadsASCIIPLYTriangleWithTextureUVAliases .....................................................   Passed    0.00 sec
          Start 2733: GeometryIO_MeshIO.LoadASCIIPLYIgnoresPartialTexcoordAxis
2720/4150 Test #2733: GeometryIO_MeshIO.LoadASCIIPLYIgnoresPartialTexcoordAxis ........................................................   Passed    0.00 sec
          Start 2734: GeometryIO_MeshIO.LoadsASCIISTLTriangle
2721/4150 Test #2734: GeometryIO_MeshIO.LoadsASCIISTLTriangle .........................................................................   Passed    0.00 sec
          Start 2735: GeometryIO_MeshIO.MeshImportersRejectNonFinitePositions
2722/4150 Test #2735: GeometryIO_MeshIO.MeshImportersRejectNonFinitePositions .........................................................   Passed    0.00 sec
          Start 2736: GeometryIO_MeshIO.MeshImportersRejectNonFiniteVertexColors
2723/4150 Test #2736: GeometryIO_MeshIO.MeshImportersRejectNonFiniteVertexColors ......................................................   Passed    0.00 sec
          Start 2737: GeometryIO_MeshIO.MeshImportersRejectNonFiniteVertexNormals
2724/4150 Test #2737: GeometryIO_MeshIO.MeshImportersRejectNonFiniteVertexNormals .....................................................   Passed    0.00 sec
          Start 2738: GeometryIO_MeshIO.MeshImportersRejectNonFiniteVertexTexcoords
2725/4150 Test #2738: GeometryIO_MeshIO.MeshImportersRejectNonFiniteVertexTexcoords ...................................................   Passed    0.00 sec
          Start 2739: GeometryIO_MeshIO.WritesOFFQuadRoundTripsFaceArity
2726/4150 Test #2739: GeometryIO_MeshIO.WritesOFFQuadRoundTripsFaceArity ..............................................................   Passed    0.00 sec
          Start 2740: GeometryIO_MeshIO.WriteOFFIsByteDeterministic
2727/4150 Test #2740: GeometryIO_MeshIO.WriteOFFIsByteDeterministic ...................................................................   Passed    0.00 sec
          Start 2741: GeometryIO_MeshIO.WriteOFFFailsClosed
2728/4150 Test #2741: GeometryIO_MeshIO.WriteOFFFailsClosed ...........................................................................   Passed    0.00 sec
          Start 2742: GeometryIO_MeshIO.WritesOBJTriangle
2729/4150 Test #2742: GeometryIO_MeshIO.WritesOBJTriangle .............................................................................   Passed    0.00 sec
          Start 2743: GeometryIO_MeshIO.WritesOBJTriangleWithNormals
2730/4150 Test #2743: GeometryIO_MeshIO.WritesOBJTriangleWithNormals ..................................................................   Passed    0.00 sec
          Start 2744: GeometryIO_MeshIO.WritesOBJTriangleWithTexcoords
2731/4150 Test #2744: GeometryIO_MeshIO.WritesOBJTriangleWithTexcoords ................................................................   Passed    0.00 sec
          Start 2745: GeometryIO_MeshIO.WritesOBJTriangleWithTexcoordsAndNormals
2732/4150 Test #2745: GeometryIO_MeshIO.WritesOBJTriangleWithTexcoordsAndNormals ......................................................   Passed    0.00 sec
          Start 2746: GeometryIO_MeshIO.WritesOBJTriangleWithVertexColors
2733/4150 Test #2746: GeometryIO_MeshIO.WritesOBJTriangleWithVertexColors .............................................................   Passed    0.00 sec
          Start 2747: GeometryIO_MeshIO.WritesOBJTriangleWithColorsAndNormals
2734/4150 Test #2747: GeometryIO_MeshIO.WritesOBJTriangleWithColorsAndNormals .........................................................   Passed    0.00 sec
          Start 2748: GeometryIO_MeshIO.WritesOBJTriangleWithColorsAndTexcoords
2735/4150 Test #2748: GeometryIO_MeshIO.WritesOBJTriangleWithColorsAndTexcoords .......................................................   Passed    0.00 sec
          Start 2749: GeometryIO_MeshIO.WriteOBJOmitsColorsWhenAbsent
2736/4150 Test #2749: GeometryIO_MeshIO.WriteOBJOmitsColorsWhenAbsent .................................................................   Passed    0.00 sec
          Start 2750: GeometryIO_MeshIO.WriteOBJOmitsColorsWhenMismatchedCount
2737/4150 Test #2750: GeometryIO_MeshIO.WriteOBJOmitsColorsWhenMismatchedCount ........................................................   Passed    0.00 sec
          Start 2751: GeometryIO_MeshIO.WriteOBJReportsFailureOnUnformattableVertexColor
2738/4150 Test #2751: GeometryIO_MeshIO.WriteOBJReportsFailureOnUnformattableVertexColor ..............................................   Passed    0.00 sec
          Start 2752: GeometryIO_MeshIO.WriteOBJOmitsTexcoordsWhenAbsent
2739/4150 Test #2752: GeometryIO_MeshIO.WriteOBJOmitsTexcoordsWhenAbsent ..............................................................   Passed    0.00 sec
          Start 2753: GeometryIO_MeshIO.WritesOBJQuadRoundTripsFaceArity
2740/4150 Test #2753: GeometryIO_MeshIO.WritesOBJQuadRoundTripsFaceArity ..............................................................   Passed    0.00 sec
          Start 2754: GeometryIO_MeshIO.WriteOBJRejectsEmptyMesh
2741/4150 Test #2754: GeometryIO_MeshIO.WriteOBJRejectsEmptyMesh ......................................................................   Passed    0.00 sec
          Start 2755: GeometryIO_MeshIO.WriteOBJRejectsOutOfRangeIndex
2742/4150 Test #2755: GeometryIO_MeshIO.WriteOBJRejectsOutOfRangeIndex ................................................................   Passed    0.00 sec
          Start 2756: GeometryIO_MeshIO.WriteOBJRejectsBadPath
2743/4150 Test #2756: GeometryIO_MeshIO.WriteOBJRejectsBadPath ........................................................................   Passed    0.00 sec
          Start 2757: GeometryIO_MeshIO.WritesPLYTriangle
2744/4150 Test #2757: GeometryIO_MeshIO.WritesPLYTriangle .............................................................................   Passed    0.00 sec
          Start 2758: GeometryIO_MeshIO.WritesPLYTriangleWithNormals
2745/4150 Test #2758: GeometryIO_MeshIO.WritesPLYTriangleWithNormals ..................................................................   Passed    0.00 sec
          Start 2759: GeometryIO_MeshIO.WritesPLYTriangleWithVertexColors
2746/4150 Test #2759: GeometryIO_MeshIO.WritesPLYTriangleWithVertexColors .............................................................   Passed    0.00 sec
          Start 2760: GeometryIO_MeshIO.WritesPLYTriangleWithVertexTexcoords
2747/4150 Test #2760: GeometryIO_MeshIO.WritesPLYTriangleWithVertexTexcoords ..........................................................   Passed    0.00 sec
          Start 2761: GeometryIO_MeshIO.WritesPLYQuadRoundTripsFaceArity
2748/4150 Test #2761: GeometryIO_MeshIO.WritesPLYQuadRoundTripsFaceArity ..............................................................   Passed    0.00 sec
          Start 2762: GeometryIO_MeshIO.WritePLYRejectsEmptyMesh
2749/4150 Test #2762: GeometryIO_MeshIO.WritePLYRejectsEmptyMesh ......................................................................   Passed    0.00 sec
          Start 2763: GeometryIO_MeshIO.WritePLYRejectsOutOfRangeIndex
2750/4150 Test #2763: GeometryIO_MeshIO.WritePLYRejectsOutOfRangeIndex ................................................................   Passed    0.00 sec
          Start 2764: GeometryIO_MeshIO.WritePLYRejectsBadPath
2751/4150 Test #2764: GeometryIO_MeshIO.WritePLYRejectsBadPath ........................................................................   Passed    0.00 sec
          Start 2765: GeometryIO_MeshIO.WritesPLYBinaryTriangle
2752/4150 Test #2765: GeometryIO_MeshIO.WritesPLYBinaryTriangle .......................................................................   Passed    0.00 sec
          Start 2766: GeometryIO_MeshIO.WritesPLYBinaryTriangleWithNormals
2753/4150 Test #2766: GeometryIO_MeshIO.WritesPLYBinaryTriangleWithNormals ............................................................   Passed    0.00 sec
          Start 2767: GeometryIO_MeshIO.WritesPLYBinaryTriangleWithVertexColors
2754/4150 Test #2767: GeometryIO_MeshIO.WritesPLYBinaryTriangleWithVertexColors .......................................................   Passed    0.00 sec
          Start 2768: GeometryIO_MeshIO.WritesPLYBinaryTriangleWithVertexTexcoords
2755/4150 Test #2768: GeometryIO_MeshIO.WritesPLYBinaryTriangleWithVertexTexcoords ....................................................   Passed    0.00 sec
          Start 2769: GeometryIO_MeshIO.WritesPLYBinaryQuadRoundTripsFaceArity
2756/4150 Test #2769: GeometryIO_MeshIO.WritesPLYBinaryQuadRoundTripsFaceArity ........................................................   Passed    0.00 sec
          Start 2770: GeometryIO_MeshIO.WritePLYBinaryRejectsEmptyMesh
2757/4150 Test #2770: GeometryIO_MeshIO.WritePLYBinaryRejectsEmptyMesh ................................................................   Passed    0.00 sec
          Start 2771: GeometryIO_MeshIO.WritePLYBinaryRejectsOutOfRangeIndex
2758/4150 Test #2771: GeometryIO_MeshIO.WritePLYBinaryRejectsOutOfRangeIndex ..........................................................   Passed    0.00 sec
          Start 2772: GeometryIO_MeshIO.WritePLYBinaryRejectsBadPath
2759/4150 Test #2772: GeometryIO_MeshIO.WritePLYBinaryRejectsBadPath ..................................................................   Passed    0.00 sec
          Start 2773: GeometryIO_MeshIO.MeshExportersRejectNonFinitePositions
2760/4150 Test #2773: GeometryIO_MeshIO.MeshExportersRejectNonFinitePositions .........................................................   Passed    0.00 sec
          Start 2774: GeometryIO_MeshIO.MeshExportersRejectNonFiniteVertexColors
2761/4150 Test #2774: GeometryIO_MeshIO.MeshExportersRejectNonFiniteVertexColors ......................................................   Passed    0.00 sec
          Start 2775: GeometryIO_MeshIO.MeshExportersRejectNonFiniteVertexNormals
2762/4150 Test #2775: GeometryIO_MeshIO.MeshExportersRejectNonFiniteVertexNormals .....................................................   Passed    0.00 sec
          Start 2776: GeometryIO_MeshIO.MeshExportersRejectNonFiniteVertexTexcoords
2763/4150 Test #2776: GeometryIO_MeshIO.MeshExportersRejectNonFiniteVertexTexcoords ...................................................   Passed    0.00 sec
          Start 2777: GeometryIO_MeshIO.LoadsBinarySTLSingleTriangle
2764/4150 Test #2777: GeometryIO_MeshIO.LoadsBinarySTLSingleTriangle ..................................................................   Passed    0.00 sec
          Start 2778: GeometryIO_MeshIO.LoadsBinarySTLTwoTriangles
2765/4150 Test #2778: GeometryIO_MeshIO.LoadsBinarySTLTwoTriangles ....................................................................   Passed    0.00 sec
          Start 2779: GeometryIO_MeshIO.LoadSTLRejectsTruncatedBinaryPayload
2766/4150 Test #2779: GeometryIO_MeshIO.LoadSTLRejectsTruncatedBinaryPayload ..........................................................   Passed    0.00 sec
          Start 2780: GeometryIO_MeshIO.LoadsASCIISTLAfterBinaryDispatch
2767/4150 Test #2780: GeometryIO_MeshIO.LoadsASCIISTLAfterBinaryDispatch ..............................................................   Passed    0.00 sec
          Start 2781: GeometryIO_MeshIO.WritesSTLTriangle
2768/4150 Test #2781: GeometryIO_MeshIO.WritesSTLTriangle .............................................................................   Passed    0.00 sec
          Start 2782: GeometryIO_MeshIO.WritesSTLTriangleEmitsFacetNormal
2769/4150 Test #2782: GeometryIO_MeshIO.WritesSTLTriangleEmitsFacetNormal .............................................................   Passed    0.00 sec
          Start 2783: GeometryIO_MeshIO.WriteSTLRejectsQuadFace
2770/4150 Test #2783: GeometryIO_MeshIO.WriteSTLRejectsQuadFace .......................................................................   Passed    0.00 sec
          Start 2784: GeometryIO_MeshIO.WriteSTLRejectsEmptyMesh
2771/4150 Test #2784: GeometryIO_MeshIO.WriteSTLRejectsEmptyMesh ......................................................................   Passed    0.00 sec
          Start 2785: GeometryIO_MeshIO.WriteSTLRejectsOutOfRangeIndex
2772/4150 Test #2785: GeometryIO_MeshIO.WriteSTLRejectsOutOfRangeIndex ................................................................   Passed    0.00 sec
          Start 2786: GeometryIO_MeshIO.WriteSTLRejectsBadPath
2773/4150 Test #2786: GeometryIO_MeshIO.WriteSTLRejectsBadPath ........................................................................   Passed    0.00 sec
          Start 2787: GeometryIO_MeshIO.WritesSTLBinaryTriangleRoundTrip
2774/4150 Test #2787: GeometryIO_MeshIO.WritesSTLBinaryTriangleRoundTrip ..............................................................   Passed    0.00 sec
          Start 2788: GeometryIO_MeshIO.WritesSTLBinaryReportsTriangleCountInHeader
2775/4150 Test #2788: GeometryIO_MeshIO.WritesSTLBinaryReportsTriangleCountInHeader ...................................................   Passed    0.00 sec
          Start 2789: GeometryIO_MeshIO.WriteSTLBinaryRejectsQuadFace
2776/4150 Test #2789: GeometryIO_MeshIO.WriteSTLBinaryRejectsQuadFace .................................................................   Passed    0.00 sec
          Start 2790: GeometryIO_MeshIO.WriteSTLBinaryRejectsEmptyMesh
2777/4150 Test #2790: GeometryIO_MeshIO.WriteSTLBinaryRejectsEmptyMesh ................................................................   Passed    0.00 sec
          Start 2791: GeometryIO_MeshIO.WriteSTLBinaryRejectsOutOfRangeIndex
2778/4150 Test #2791: GeometryIO_MeshIO.WriteSTLBinaryRejectsOutOfRangeIndex ..........................................................   Passed    0.00 sec
          Start 2792: GeometryIO_MeshIO.WriteSTLBinaryRejectsBadPath
2779/4150 Test #2792: GeometryIO_MeshIO.WriteSTLBinaryRejectsBadPath ..................................................................   Passed    0.00 sec
          Start 2793: GeometryIO_MeshIO.LoadsBinaryLittleEndianPLYTriangle
2780/4150 Test #2793: GeometryIO_MeshIO.LoadsBinaryLittleEndianPLYTriangle ............................................................   Passed    0.00 sec
          Start 2794: GeometryIO_MeshIO.LoadsBinaryBigEndianPLYTriangle
2781/4150 Test #2794: GeometryIO_MeshIO.LoadsBinaryBigEndianPLYTriangle ...............................................................   Passed    0.00 sec
          Start 2795: GeometryIO_MeshIO.LoadsBinaryLittleEndianPLYQuad
2782/4150 Test #2795: GeometryIO_MeshIO.LoadsBinaryLittleEndianPLYQuad ................................................................   Passed    0.00 sec
          Start 2796: GeometryIO_MeshIO.LoadsBinaryLittleEndianPLYWithExtraVertexProperties
2783/4150 Test #2796: GeometryIO_MeshIO.LoadsBinaryLittleEndianPLYWithExtraVertexProperties ...........................................   Passed    0.00 sec
          Start 2797: GeometryIO_MeshIO.LoadsBinaryPLYTriangleWithVertexTexcoords
2784/4150 Test #2797: GeometryIO_MeshIO.LoadsBinaryPLYTriangleWithVertexTexcoords .....................................................   Passed    0.00 sec
          Start 2798: GeometryIO_MeshIO.LoadsBinaryPLYTriangleWithDoubleScalars
2785/4150 Test #2798: GeometryIO_MeshIO.LoadsBinaryPLYTriangleWithDoubleScalars .......................................................   Passed    0.00 sec
          Start 2799: GeometryIO_MeshIO.LoadPLYRejectsTruncatedBinaryBody
2786/4150 Test #2799: GeometryIO_MeshIO.LoadPLYRejectsTruncatedBinaryBody .............................................................   Passed    0.00 sec
          Start 2800: GeometryIO_MeshIO.LoadPLYRejectsHugeAsciiHeaderCountsBeforeReserve
2787/4150 Test #2800: GeometryIO_MeshIO.LoadPLYRejectsHugeAsciiHeaderCountsBeforeReserve ..............................................   Passed    0.00 sec
          Start 2801: GeometryIO_MeshIO.LoadPLYRejectsHugeBinaryHeaderCountsBeforeReserve
2788/4150 Test #2801: GeometryIO_MeshIO.LoadPLYRejectsHugeBinaryHeaderCountsBeforeReserve .............................................   Passed    0.00 sec
          Start 2802: GeometryIO_MeshIO.LoadPLYRejectsNonIntegralListCountType
2789/4150 Test #2802: GeometryIO_MeshIO.LoadPLYRejectsNonIntegralListCountType ........................................................   Passed    0.00 sec
          Start 2803: GeometryIO_MeshIO.LoadPLYRejectsNegativeBinaryListCount
2790/4150 Test #2803: GeometryIO_MeshIO.LoadPLYRejectsNegativeBinaryListCount .........................................................   Passed    0.00 sec
          Start 2804: GeometryIO_MeshIO.LoadPLYRejectsBinaryFaceListBelowThree
2791/4150 Test #2804: GeometryIO_MeshIO.LoadPLYRejectsBinaryFaceListBelowThree ........................................................   Passed    0.00 sec
          Start 2805: GeometryIO_MeshIO.LoadsAsciiPLYAfterBinaryDispatch
2792/4150 Test #2805: GeometryIO_MeshIO.LoadsAsciiPLYAfterBinaryDispatch ..............................................................   Passed    0.00 sec
          Start 2806: GeometryIO_MeshIO.LoadPLYRejectsUnsupportedFormatVersion
2793/4150 Test #2806: GeometryIO_MeshIO.LoadPLYRejectsUnsupportedFormatVersion ........................................................   Passed    0.00 sec
          Start 2807: GeometryIO_MeshIO.MeshImportersRejectDuplicateVertexFaces
2794/4150 Test #2807: GeometryIO_MeshIO.MeshImportersRejectDuplicateVertexFaces .......................................................   Passed    0.00 sec
          Start 2808: GeometryIO_PointCloudIO.LoadsXYZWithColor
2795/4150 Test #2808: GeometryIO_PointCloudIO.LoadsXYZWithColor .......................................................................   Passed    0.00 sec
          Start 2809: GeometryIO_PointCloudIO.LoadsXYZRGBTrailingColor
2796/4150 Test #2809: GeometryIO_PointCloudIO.LoadsXYZRGBTrailingColor ................................................................   Passed    0.00 sec
          Start 2810: GeometryIO_PointCloudIO.LoadsXYZSemicolonDelimited
2797/4150 Test #2810: GeometryIO_PointCloudIO.LoadsXYZSemicolonDelimited ..............................................................   Passed    0.00 sec
          Start 2811: GeometryIO_PointCloudIO.LoadsXYZSkipsScanLineMarkers
2798/4150 Test #2811: GeometryIO_PointCloudIO.LoadsXYZSkipsScanLineMarkers ............................................................   Passed    0.00 sec
          Start 2812: GeometryIO_PointCloudIO.LoadsXYZSoftSkipsMalformedRows
2799/4150 Test #2812: GeometryIO_PointCloudIO.LoadsXYZSoftSkipsMalformedRows ..........................................................   Passed    0.00 sec
          Start 2813: GeometryIO_PointCloudIO.LoadXYZRejectsAllMalformedInput
2800/4150 Test #2813: GeometryIO_PointCloudIO.LoadXYZRejectsAllMalformedInput .........................................................   Passed    0.00 sec
          Start 2814: GeometryIO_PointCloudIO.LoadsPTSFixture
2801/4150 Test #2814: GeometryIO_PointCloudIO.LoadsPTSFixture .........................................................................   Passed    0.00 sec
          Start 2815: GeometryIO_PointCloudIO.LoadsPWNFixtureWithNormals
2802/4150 Test #2815: GeometryIO_PointCloudIO.LoadsPWNFixtureWithNormals ..............................................................   Passed    0.00 sec
          Start 2816: GeometryIO_PointCloudIO.LoadsCSVFixtureWithNormals
2803/4150 Test #2816: GeometryIO_PointCloudIO.LoadsCSVFixtureWithNormals ..............................................................   Passed    0.00 sec
          Start 2817: GeometryIO_PointCloudIO.Loads3DFixture
2804/4150 Test #2817: GeometryIO_PointCloudIO.Loads3DFixture ..........................................................................   Passed    0.00 sec
          Start 2818: GeometryIO_PointCloudIO.LoadsTXTFixtureWithColor
2805/4150 Test #2818: GeometryIO_PointCloudIO.LoadsTXTFixtureWithColor ................................................................   Passed    0.00 sec
          Start 2819: GeometryIO_PointCloudIO.StrictAsciiReadersRejectMalformedInput
2806/4150 Test #2819: GeometryIO_PointCloudIO.StrictAsciiReadersRejectMalformedInput ..................................................   Passed    0.00 sec
          Start 2820: GeometryIO_PointCloudIO.StrictAsciiReaderLoadsAreDeterministic
2807/4150 Test #2820: GeometryIO_PointCloudIO.StrictAsciiReaderLoadsAreDeterministic ..................................................   Passed    0.00 sec
          Start 2821: GeometryIO_PointCloudIO.PointCloudImportersRejectNonFinitePositions
2808/4150 Test #2821: GeometryIO_PointCloudIO.PointCloudImportersRejectNonFinitePositions .............................................   Passed    0.00 sec
          Start 2822: GeometryIO_PointCloudIO.PointCloudImportersRejectNonFiniteColors
2809/4150 Test #2822: GeometryIO_PointCloudIO.PointCloudImportersRejectNonFiniteColors ................................................   Passed    0.00 sec
          Start 2823: GeometryIO_PointCloudIO.PointCloudImportersRejectNonFiniteNormals
2810/4150 Test #2823: GeometryIO_PointCloudIO.PointCloudImportersRejectNonFiniteNormals ...............................................   Passed    0.00 sec
          Start 2824: GeometryIO_PointCloudIO.LoadsASCIIPCDWithNormalsAndColor
2811/4150 Test #2824: GeometryIO_PointCloudIO.LoadsASCIIPCDWithNormalsAndColor ........................................................   Passed    0.00 sec
          Start 2825: GeometryIO_PointCloudIO.LoadsASCIIPCDWithPackedFloatRgb
2812/4150 Test #2825: GeometryIO_PointCloudIO.LoadsASCIIPCDWithPackedFloatRgb .........................................................   Passed    0.00 sec
          Start 2826: GeometryIO_PointCloudIO.LoadsASCIIPCDWithSignedPackedRgba
2813/4150 Test #2826: GeometryIO_PointCloudIO.LoadsASCIIPCDWithSignedPackedRgba .......................................................   Passed    0.00 sec
          Start 2827: GeometryIO_PointCloudIO.LoadsVertexOnlyASCIIPLY
2814/4150 Test #2827: GeometryIO_PointCloudIO.LoadsVertexOnlyASCIIPLY .................................................................   Passed    0.00 sec
          Start 2828: GeometryIO_PointCloudIO.LoadsBinaryLittleEndianPLYPointCloud
2815/4150 Test #2828: GeometryIO_PointCloudIO.LoadsBinaryLittleEndianPLYPointCloud ....................................................   Passed    0.00 sec
          Start 2829: GeometryIO_PointCloudIO.LoadsBinaryBigEndianPLYPointCloud
2816/4150 Test #2829: GeometryIO_PointCloudIO.LoadsBinaryBigEndianPLYPointCloud .......................................................   Passed    0.00 sec
          Start 2830: GeometryIO_PointCloudIO.LoadsBinaryLittleEndianPLYPointCloudWithFaceList
2817/4150 Test #2830: GeometryIO_PointCloudIO.LoadsBinaryLittleEndianPLYPointCloudWithFaceList ........................................   Passed    0.00 sec
          Start 2831: GeometryIO_PointCloudIO.LoadsBinaryBigEndianPLYPointCloudWithFaceList
2818/4150 Test #2831: GeometryIO_PointCloudIO.LoadsBinaryBigEndianPLYPointCloudWithFaceList ...........................................   Passed    0.00 sec
          Start 2832: GeometryIO_PointCloudIO.LoadsBinaryBigEndianPLYPointCloudWithInterleavedNonVertexProperties
2819/4150 Test #2832: GeometryIO_PointCloudIO.LoadsBinaryBigEndianPLYPointCloudWithInterleavedNonVertexProperties .....................   Passed    0.00 sec
          Start 2833: GeometryIO_PointCloudIO.LoadsCheckedInBinaryPLYPointCloudEndianFixtures
2820/4150 Test #2833: GeometryIO_PointCloudIO.LoadsCheckedInBinaryPLYPointCloudEndianFixtures .........................................   Passed    0.00 sec
          Start 2834: GeometryIO_PointCloudIO.LoadsBinaryPLYPointCloudWithNormalsAndColor
2821/4150 Test #2834: GeometryIO_PointCloudIO.LoadsBinaryPLYPointCloudWithNormalsAndColor .............................................   Passed    0.00 sec
          Start 2835: GeometryIO_PointCloudIO.LoadsBinaryPLYPointCloudWithDoubleScalars
2822/4150 Test #2835: GeometryIO_PointCloudIO.LoadsBinaryPLYPointCloudWithDoubleScalars ...............................................   Passed    0.00 sec
          Start 2836: GeometryIO_PointCloudIO.LoadsBinaryPLYPointCloudSkipsExtraScalars
2823/4150 Test #2836: GeometryIO_PointCloudIO.LoadsBinaryPLYPointCloudSkipsExtraScalars ...............................................   Passed    0.00 sec
          Start 2837: GeometryIO_PointCloudIO.LoadPLYPointCloudRejectsTruncatedBinaryBody
2824/4150 Test #2837: GeometryIO_PointCloudIO.LoadPLYPointCloudRejectsTruncatedBinaryBody .............................................   Passed    0.00 sec
          Start 2838: GeometryIO_PointCloudIO.BinaryPLYPointCloudRejectsTruncatedNonVertexListCount
2825/4150 Test #2838: GeometryIO_PointCloudIO.BinaryPLYPointCloudRejectsTruncatedNonVertexListCount ...................................   Passed    0.00 sec
          Start 2839: GeometryIO_PointCloudIO.BinaryPLYPointCloudRejectsTruncatedNonVertexListPayload
2826/4150 Test #2839: GeometryIO_PointCloudIO.BinaryPLYPointCloudRejectsTruncatedNonVertexListPayload .................................   Passed    0.00 sec
          Start 2840: GeometryIO_PointCloudIO.BinaryPLYPointCloudRejectsNegativeBigEndianListCount
2827/4150 Test #2840: GeometryIO_PointCloudIO.BinaryPLYPointCloudRejectsNegativeBigEndianListCount ....................................   Passed    0.00 sec
          Start 2841: GeometryIO_PointCloudIO.BinaryPLYPointCloudRejectsFloatingListCountType
2828/4150 Test #2841: GeometryIO_PointCloudIO.BinaryPLYPointCloudRejectsFloatingListCountType .........................................   Passed    0.00 sec
          Start 2842: GeometryIO_PointCloudIO.BinaryPLYPointCloudRejectsOversizedListPayloadBeforeMultiplication
2829/4150 Test #2842: GeometryIO_PointCloudIO.BinaryPLYPointCloudRejectsOversizedListPayloadBeforeMultiplication ......................   Passed    0.00 sec
          Start 2843: GeometryIO_PointCloudIO.BinaryPLYPointCloudRejectsOverflowingFixedElementByteCount
2830/4150 Test #2843: GeometryIO_PointCloudIO.BinaryPLYPointCloudRejectsOverflowingFixedElementByteCount ..............................   Passed    0.00 sec
          Start 2844: GeometryIO_PointCloudIO.LoadPLYPointCloudRejectsListPropertyInVertex
2831/4150 Test #2844: GeometryIO_PointCloudIO.LoadPLYPointCloudRejectsListPropertyInVertex ............................................   Passed    0.00 sec
          Start 2845: GeometryIO_PointCloudIO.LoadsAsciiPLYPointCloudAfterBinaryDispatch
2832/4150 Test #2845: GeometryIO_PointCloudIO.LoadsAsciiPLYPointCloudAfterBinaryDispatch ..............................................   Passed    0.00 sec
          Start 2846: GeometryIO_PointCloudIO.LoadPLYPointCloudRejectsUnsupportedFormatVersion
2833/4150 Test #2846: GeometryIO_PointCloudIO.LoadPLYPointCloudRejectsUnsupportedFormatVersion ........................................   Passed    0.00 sec
          Start 2847: GeometryIO_PointCloudIO.LoadAsciiPLYPointCloudRejectsListPropertyInVertex
2834/4150 Test #2847: GeometryIO_PointCloudIO.LoadAsciiPLYPointCloudRejectsListPropertyInVertex .......................................   Passed    0.00 sec
          Start 2848: GeometryIO_PointCloudIO.LoadsBinaryPCDPointCloud
2835/4150 Test #2848: GeometryIO_PointCloudIO.LoadsBinaryPCDPointCloud ................................................................   Passed    0.00 sec
          Start 2849: GeometryIO_PointCloudIO.LoadsBinaryPCDPointCloudWithNormalsAndColor
2836/4150 Test #2849: GeometryIO_PointCloudIO.LoadsBinaryPCDPointCloudWithNormalsAndColor .............................................   Passed    0.00 sec
          Start 2850: GeometryIO_PointCloudIO.LoadsBinaryPCDPointCloudWithPackedRgba
2837/4150 Test #2850: GeometryIO_PointCloudIO.LoadsBinaryPCDPointCloudWithPackedRgba ..................................................   Passed    0.00 sec
          Start 2851: GeometryIO_PointCloudIO.LoadsBinaryPCDPointCloudSkipsExtraScalars
2838/4150 Test #2851: GeometryIO_PointCloudIO.LoadsBinaryPCDPointCloudSkipsExtraScalars ...............................................   Passed    0.00 sec
          Start 2852: GeometryIO_PointCloudIO.LoadsBinaryPCDPointCloudFromWidthHeight
2839/4150 Test #2852: GeometryIO_PointCloudIO.LoadsBinaryPCDPointCloudFromWidthHeight .................................................   Passed    0.00 sec
          Start 2853: GeometryIO_PointCloudIO.LoadPCDRejectsTruncatedBinaryBody
2840/4150 Test #2853: GeometryIO_PointCloudIO.LoadPCDRejectsTruncatedBinaryBody .......................................................   Passed    0.00 sec
          Start 2854: GeometryIO_PointCloudIO.LoadPCDRejectsBinaryCompressed
2841/4150 Test #2854: GeometryIO_PointCloudIO.LoadPCDRejectsBinaryCompressed ..........................................................   Passed    0.00 sec
          Start 2855: GeometryIO_PointCloudIO.LoadPCDRejectsZeroSizeField
2842/4150 Test #2855: GeometryIO_PointCloudIO.LoadPCDRejectsZeroSizeField .............................................................   Passed    0.00 sec
          Start 2856: GeometryIO_PointCloudIO.LoadPCDRejectsUnsupportedScalarFieldLayouts
2843/4150 Test #2856: GeometryIO_PointCloudIO.LoadPCDRejectsUnsupportedScalarFieldLayouts .............................................   Passed    0.00 sec
          Start 2857: GeometryIO_PointCloudIO.WritesPLYPointCloud
2844/4150 Test #2857: GeometryIO_PointCloudIO.WritesPLYPointCloud .....................................................................   Passed    0.00 sec
          Start 2858: GeometryIO_PointCloudIO.WritesPLYPointCloudWithNormalsAndColors
2845/4150 Test #2858: GeometryIO_PointCloudIO.WritesPLYPointCloudWithNormalsAndColors .................................................   Passed    0.00 sec
          Start 2859: GeometryIO_PointCloudIO.WritesPLYPointCloudWithRadiiEmitsRadiusProperty
2846/4150 Test #2859: GeometryIO_PointCloudIO.WritesPLYPointCloudWithRadiiEmitsRadiusProperty .........................................   Passed    0.00 sec
          Start 2860: GeometryIO_PointCloudIO.WritePLYPointCloudRejectsEmptyCloud
2847/4150 Test #2860: GeometryIO_PointCloudIO.WritePLYPointCloudRejectsEmptyCloud .....................................................   Passed    0.00 sec
          Start 2861: GeometryIO_PointCloudIO.WritePLYPointCloudRejectsBadPath
2848/4150 Test #2861: GeometryIO_PointCloudIO.WritePLYPointCloudRejectsBadPath ........................................................   Passed    0.00 sec
          Start 2862: GeometryIO_PointCloudIO.WritesPLYBinaryPointCloud
2849/4150 Test #2862: GeometryIO_PointCloudIO.WritesPLYBinaryPointCloud ...............................................................   Passed    0.00 sec
          Start 2863: GeometryIO_PointCloudIO.WritesPLYBinaryPointCloudWithNormalsAndColors
2850/4150 Test #2863: GeometryIO_PointCloudIO.WritesPLYBinaryPointCloudWithNormalsAndColors ...........................................   Passed    0.00 sec
          Start 2864: GeometryIO_PointCloudIO.WritesPLYBinaryPointCloudWithRadiiEmitsRadiusProperty
2851/4150 Test #2864: GeometryIO_PointCloudIO.WritesPLYBinaryPointCloudWithRadiiEmitsRadiusProperty ...................................   Passed    0.00 sec
          Start 2865: GeometryIO_PointCloudIO.WritePLYBinaryPointCloudRejectsEmptyCloud
2852/4150 Test #2865: GeometryIO_PointCloudIO.WritePLYBinaryPointCloudRejectsEmptyCloud ...............................................   Passed    0.00 sec
          Start 2866: GeometryIO_PointCloudIO.WritePLYBinaryPointCloudRejectsBadPath
2853/4150 Test #2866: GeometryIO_PointCloudIO.WritePLYBinaryPointCloudRejectsBadPath ..................................................   Passed    0.00 sec
          Start 2867: GeometryIO_PointCloudIO.WritesXYZPositionsOnly
2854/4150 Test #2867: GeometryIO_PointCloudIO.WritesXYZPositionsOnly ..................................................................   Passed    0.00 sec
          Start 2868: GeometryIO_PointCloudIO.WritesXYZWithColorsRoundTrips
2855/4150 Test #2868: GeometryIO_PointCloudIO.WritesXYZWithColorsRoundTrips ...........................................................   Passed    0.00 sec
          Start 2869: GeometryIO_PointCloudIO.WritesXYZIgnoresRadiiAndNormals
2856/4150 Test #2869: GeometryIO_PointCloudIO.WritesXYZIgnoresRadiiAndNormals .........................................................   Passed    0.00 sec
          Start 2870: GeometryIO_PointCloudIO.WriteXYZRejectsEmptyCloud
2857/4150 Test #2870: GeometryIO_PointCloudIO.WriteXYZRejectsEmptyCloud ...............................................................   Passed    0.00 sec
          Start 2871: GeometryIO_PointCloudIO.WriteXYZRejectsBadPath
2858/4150 Test #2871: GeometryIO_PointCloudIO.WriteXYZRejectsBadPath ..................................................................   Passed    0.00 sec
          Start 2872: GeometryIO_PointCloudIO.WritesPCDPositionsOnly
2859/4150 Test #2872: GeometryIO_PointCloudIO.WritesPCDPositionsOnly ..................................................................   Passed    0.00 sec
          Start 2873: GeometryIO_PointCloudIO.WritesPCDWithNormalsAndColorsRoundTrips
2860/4150 Test #2873: GeometryIO_PointCloudIO.WritesPCDWithNormalsAndColorsRoundTrips .................................................   Passed    0.00 sec
          Start 2874: GeometryIO_PointCloudIO.WritesPCDIgnoresRadii
2861/4150 Test #2874: GeometryIO_PointCloudIO.WritesPCDIgnoresRadii ...................................................................   Passed    0.00 sec
          Start 2875: GeometryIO_PointCloudIO.WritePCDRejectsEmptyCloud
2862/4150 Test #2875: GeometryIO_PointCloudIO.WritePCDRejectsEmptyCloud ...............................................................   Passed    0.00 sec
          Start 2876: GeometryIO_PointCloudIO.WritePCDRejectsBadPath
2863/4150 Test #2876: GeometryIO_PointCloudIO.WritePCDRejectsBadPath ..................................................................   Passed    0.00 sec
          Start 2877: GeometryIO_PointCloudIO.WritesPCDBinaryPositionsOnly
2864/4150 Test #2877: GeometryIO_PointCloudIO.WritesPCDBinaryPositionsOnly ............................................................   Passed    0.00 sec
          Start 2878: GeometryIO_PointCloudIO.WritesPCDBinaryWithNormalsAndColorsRoundTrips
2865/4150 Test #2878: GeometryIO_PointCloudIO.WritesPCDBinaryWithNormalsAndColorsRoundTrips ...........................................   Passed    0.00 sec
          Start 2879: GeometryIO_PointCloudIO.WritesPCDBinaryIgnoresRadii
2866/4150 Test #2879: GeometryIO_PointCloudIO.WritesPCDBinaryIgnoresRadii .............................................................   Passed    0.00 sec
          Start 2880: GeometryIO_PointCloudIO.WritePCDBinaryRejectsEmptyCloud
2867/4150 Test #2880: GeometryIO_PointCloudIO.WritePCDBinaryRejectsEmptyCloud .........................................................   Passed    0.00 sec
          Start 2881: GeometryIO_PointCloudIO.WritePCDBinaryRejectsBadPath
2868/4150 Test #2881: GeometryIO_PointCloudIO.WritePCDBinaryRejectsBadPath ............................................................   Passed    0.00 sec
          Start 2882: GeometryIO_PointCloudIO.PointCloudExportersRejectNonFinitePositions
2869/4150 Test #2882: GeometryIO_PointCloudIO.PointCloudExportersRejectNonFinitePositions .............................................   Passed    0.00 sec
          Start 2883: GeometryIO_PointCloudIO.PointCloudExportersRejectNonFiniteColors
2870/4150 Test #2883: GeometryIO_PointCloudIO.PointCloudExportersRejectNonFiniteColors ................................................   Passed    0.00 sec
          Start 2884: GeometryIO_PointCloudIO.PointCloudExportersRejectNonFiniteNormalsWhenSerialized
2871/4150 Test #2884: GeometryIO_PointCloudIO.PointCloudExportersRejectNonFiniteNormalsWhenSerialized .................................   Passed    0.00 sec
          Start 2885: GeometryIO_PointCloudIO.PointCloudPLYExportersRejectNonFiniteRadii
2872/4150 Test #2885: GeometryIO_PointCloudIO.PointCloudPLYExportersRejectNonFiniteRadii ..............................................   Passed    0.00 sec
          Start 2886: GeometryIO_GraphIO.LoadsTGFWithLabelsAndWeight
2873/4150 Test #2886: GeometryIO_GraphIO.LoadsTGFWithLabelsAndWeight ..................................................................   Passed    0.00 sec
          Start 2887: GeometryIO_GraphIO.LoadsEdgeListWithImplicitVertices
2874/4150 Test #2887: GeometryIO_GraphIO.LoadsEdgeListWithImplicitVertices ............................................................   Passed    0.00 sec
          Start 2888: GeometryIO_GraphIO.LoadTGFRejectsNonFiniteVertexPosition
2875/4150 Test #2888: GeometryIO_GraphIO.LoadTGFRejectsNonFiniteVertexPosition ........................................................   Passed    0.00 sec
          Start 2889: GeometryIO_GraphIO.GraphImportersRejectNonFiniteEdgeWeight
2876/4150 Test #2889: GeometryIO_GraphIO.GraphImportersRejectNonFiniteEdgeWeight ......................................................   Passed    0.00 sec
          Start 2890: GeometryIO_GraphIO.WritesTGFRoundTripsVerticesAndEdges
2877/4150 Test #2890: GeometryIO_GraphIO.WritesTGFRoundTripsVerticesAndEdges ..........................................................   Passed    0.00 sec
          Start 2891: GeometryIO_GraphIO.WritesTGFRoundTripsLabelsAndWeight
2878/4150 Test #2891: GeometryIO_GraphIO.WritesTGFRoundTripsLabelsAndWeight ...........................................................   Passed    0.00 sec
          Start 2892: GeometryIO_GraphIO.WritesTGFEmitsSeparatorEvenWithoutEdges
2879/4150 Test #2892: GeometryIO_GraphIO.WritesTGFEmitsSeparatorEvenWithoutEdges ......................................................   Passed    0.00 sec
          Start 2893: GeometryIO_GraphIO.WritesTGFSkipsDeletedVertices
2880/4150 Test #2893: GeometryIO_GraphIO.WritesTGFSkipsDeletedVertices ................................................................   Passed    0.00 sec
          Start 2894: GeometryIO_GraphIO.WriteTGFRejectsEmptyGraph
2881/4150 Test #2894: GeometryIO_GraphIO.WriteTGFRejectsEmptyGraph ....................................................................   Passed    0.00 sec
          Start 2895: GeometryIO_GraphIO.WriteTGFRejectsBadPath
2882/4150 Test #2895: GeometryIO_GraphIO.WriteTGFRejectsBadPath .......................................................................   Passed    0.00 sec
          Start 2896: GeometryIO_GraphIO.WritesEdgeListRoundTripsEdges
2883/4150 Test #2896: GeometryIO_GraphIO.WritesEdgeListRoundTripsEdges ................................................................   Passed    0.00 sec
          Start 2897: GeometryIO_GraphIO.WritesEdgeListRoundTripsLabelsAndWeight
2884/4150 Test #2897: GeometryIO_GraphIO.WritesEdgeListRoundTripsLabelsAndWeight ......................................................   Passed    0.00 sec
          Start 2898: GeometryIO_GraphIO.WritesEdgeListEmitsWeightWhenLabelOnly
2885/4150 Test #2898: GeometryIO_GraphIO.WritesEdgeListEmitsWeightWhenLabelOnly .......................................................   Passed    0.00 sec
          Start 2899: GeometryIO_GraphIO.WritesEdgeListSkipsDeletedEdges
2886/4150 Test #2899: GeometryIO_GraphIO.WritesEdgeListSkipsDeletedEdges ..............................................................   Passed    0.00 sec
          Start 2900: GeometryIO_GraphIO.WriteEdgeListRejectsEmptyGraph
2887/4150 Test #2900: GeometryIO_GraphIO.WriteEdgeListRejectsEmptyGraph ...............................................................   Passed    0.00 sec
          Start 2901: GeometryIO_GraphIO.WriteEdgeListRejectsEdgelessGraph
2888/4150 Test #2901: GeometryIO_GraphIO.WriteEdgeListRejectsEdgelessGraph ............................................................   Passed    0.00 sec
          Start 2902: GeometryIO_GraphIO.WriteEdgeListRejectsBadPath
2889/4150 Test #2902: GeometryIO_GraphIO.WriteEdgeListRejectsBadPath ..................................................................   Passed    0.00 sec
          Start 2903: GeometryIO_GraphIO.WriteTGFRejectsNonFiniteVertexPosition
2890/4150 Test #2903: GeometryIO_GraphIO.WriteTGFRejectsNonFiniteVertexPosition .......................................................   Passed    0.00 sec
          Start 2904: GeometryIO_GraphIO.GraphExportersRejectNonFiniteEdgeWeight
2891/4150 Test #2904: GeometryIO_GraphIO.GraphExportersRejectNonFiniteEdgeWeight ......................................................   Passed    0.00 sec
          Start 2905: GeometryProperties.NoRTTI_System
2892/4150 Test #2905: GeometryProperties.NoRTTI_System ................................................................................   Passed    0.00 sec
          Start 2906: SDF_Solver.Sphere_Vs_Sphere
2893/4150 Test #2906: SDF_Solver.Sphere_Vs_Sphere .....................................................................................   Passed    0.00 sec
          Start 2907: SDF_Solver.OBB_Vs_Sphere_Deep
2894/4150 Test #2907: SDF_Solver.OBB_Vs_Sphere_Deep ...................................................................................   Passed    0.00 sec
          Start 2908: SDF_Solver.Capsule_Vs_Box
2895/4150 Test #2908: SDF_Solver.Capsule_Vs_Box .......................................................................................   Passed    0.00 sec
          Start 2909: SDF_Solver.No_Overlap
2896/4150 Test #2909: SDF_Solver.No_Overlap ...........................................................................................   Passed    0.00 sec
          Start 2910: SDF_Solver.Sphere_Vs_Triangle
2897/4150 Test #2910: SDF_Solver.Sphere_Vs_Triangle ...................................................................................   Passed    0.00 sec
          Start 2911: HalfedgeMesh.SingleTriangle_Connectivity
2898/4150 Test #2911: HalfedgeMesh.SingleTriangle_Connectivity ........................................................................   Passed    0.00 sec
          Start 2912: HalfedgeMesh.TwoTriangles_SharedEdge
2899/4150 Test #2912: HalfedgeMesh.TwoTriangles_SharedEdge ............................................................................   Passed    0.00 sec
          Start 2913: HalfedgeMesh.AddFace_RejectsNonBoundaryInsertion
2900/4150 Test #2913: HalfedgeMesh.AddFace_RejectsNonBoundaryInsertion ................................................................   Passed    0.00 sec
          Start 2914: HalfedgeMesh.DeleteFace_ThenGarbageCollect
2901/4150 Test #2914: HalfedgeMesh.DeleteFace_ThenGarbageCollect ......................................................................   Passed    0.00 sec
          Start 2915: GeometryPrimitives.AABB_CommonUtils
2902/4150 Test #2915: GeometryPrimitives.AABB_CommonUtils .............................................................................   Passed    0.00 sec
          Start 2916: GeometryPrimitives.OBB_CommonUtils
2903/4150 Test #2916: GeometryPrimitives.OBB_CommonUtils ..............................................................................   Passed    0.00 sec
          Start 2917: GeometryPrimitives.Plane_CommonUtils
2904/4150 Test #2917: GeometryPrimitives.Plane_CommonUtils ............................................................................   Passed    0.00 sec
          Start 2918: GeometryPrimitives.Segment_And_Triangle_ClosestPoint
2905/4150 Test #2918: GeometryPrimitives.Segment_And_Triangle_ClosestPoint ............................................................   Passed    0.00 sec
          Start 2919: Physics_Contact.EPA_UsesScratchArena_Smoke
2906/4150 Test #2919: Physics_Contact.EPA_UsesScratchArena_Smoke ......................................................................   Passed    0.00 sec
          Start 2920: HtexPatch.BuildPatchMetadataProducesOneEntryPerEdge
2907/4150 Test #2920: HtexPatch.BuildPatchMetadataProducesOneEntryPerEdge .............................................................   Passed    0.00 sec
          Start 2921: HtexPatch.BoundaryEdgesAreFlaggedAndHaveOneIncidentFace
2908/4150 Test #2921: HtexPatch.BoundaryEdgesAreFlaggedAndHaveOneIncidentFace .........................................................   Passed    0.00 sec
          Start 2922: HtexPatch.BuildPatchMetadataRejectsEmptyMesh
2909/4150 Test #2922: HtexPatch.BuildPatchMetadataRejectsEmptyMesh ....................................................................   Passed    0.00 sec
          Start 2923: HtexPatch.TriangleToPatchUVReflectsOrientation
2910/4150 Test #2923: HtexPatch.TriangleToPatchUVReflectsOrientation ..................................................................   Passed    0.00 sec
          Start 2924: HtexPatch.PatchToTriangleUVInvertsPatchOrientation
2911/4150 Test #2924: HtexPatch.PatchToTriangleUVInvertsPatchOrientation ..............................................................   Passed    0.00 sec
          Start 2925: HtexPatch.IsTriangleLocalUVRejectsTexelsOutsideHalfedgeTriangle
2912/4150 Test #2925: HtexPatch.IsTriangleLocalUVRejectsTexelsOutsideHalfedgeTriangle .................................................   Passed    0.00 sec
          Start 2926: HtexPatch.ComputeAtlasLayoutPacksPatchTilesIntoBoundedGrid
2913/4150 Test #2926: HtexPatch.ComputeAtlasLayoutPacksPatchTilesIntoBoundedGrid ......................................................   Passed    0.00 sec
          Start 2927: HtexPatch.BuildPatchMetadataHandlesReversedResolutionBounds
2914/4150 Test #2927: HtexPatch.BuildPatchMetadataHandlesReversedResolutionBounds .....................................................   Passed    0.00 sec
          Start 2928: HtexPatch.BuildHalfedgeTriangleKeepsValidSliverFaces
2915/4150 Test #2928: HtexPatch.BuildHalfedgeTriangleKeepsValidSliverFaces ............................................................   Passed    0.00 sec
          Start 2929: HtexPatch.BuildCategoricalPatchAtlasHandlesValidSliverTriangles
2916/4150 Test #2929: HtexPatch.BuildCategoricalPatchAtlasHandlesValidSliverTriangles .................................................   Passed    0.00 sec
          Start 2930: HtexPatch.BuildCategoricalPatchAtlasEncodesNearestClusterIdsLosslessly
2917/4150 Test #2930: HtexPatch.BuildCategoricalPatchAtlasEncodesNearestClusterIdsLosslessly ..........................................   Passed    0.00 sec
          Start 2931: HtexPatch.BuildCategoricalPatchAtlasRejectsMissingCentroids
2918/4150 Test #2931: HtexPatch.BuildCategoricalPatchAtlasRejectsMissingCentroids .....................................................   Passed    0.00 sec
          Start 2932: SDF_Math.Sphere_AtSurface
2919/4150 Test #2932: SDF_Math.Sphere_AtSurface .......................................................................................   Passed    0.00 sec
          Start 2933: SDF_Math.Sphere_Inside
2920/4150 Test #2933: SDF_Math.Sphere_Inside ..........................................................................................   Passed    0.00 sec
          Start 2934: SDF_Math.Sphere_Outside
2921/4150 Test #2934: SDF_Math.Sphere_Outside .........................................................................................   Passed    0.00 sec
          Start 2935: SDF_Math.AABB_Inside
2922/4150 Test #2935: SDF_Math.AABB_Inside ............................................................................................   Passed    0.00 sec
          Start 2936: SDF_Math.AABB_OnFace
2923/4150 Test #2936: SDF_Math.AABB_OnFace ............................................................................................   Passed    0.00 sec
          Start 2937: SDF_Math.AABB_Outside
2924/4150 Test #2937: SDF_Math.AABB_Outside ...........................................................................................   Passed    0.00 sec
          Start 2938: SDF_Math.Capsule_OnSurface
2925/4150 Test #2938: SDF_Math.Capsule_OnSurface ......................................................................................   Passed    0.00 sec
          Start 2939: SDF_Math.Capsule_Inside
2926/4150 Test #2939: SDF_Math.Capsule_Inside .........................................................................................   Passed    0.00 sec
          Start 2940: SDF_Math.Capsule_DegenerateSegmentFallback
2927/4150 Test #2940: SDF_Math.Capsule_DegenerateSegmentFallback ......................................................................   Passed    0.00 sec
          Start 2941: SDF_Math.Segment_DistanceToMidpoint
2928/4150 Test #2941: SDF_Math.Segment_DistanceToMidpoint .............................................................................   Passed    0.00 sec
          Start 2942: SDF_Math.Segment_DegenerateToPointDistance
2929/4150 Test #2942: SDF_Math.Segment_DegenerateToPointDistance ......................................................................   Passed    0.00 sec
          Start 2943: SDF_Math.Plane_PositiveSide
2930/4150 Test #2943: SDF_Math.Plane_PositiveSide .....................................................................................   Passed    0.00 sec
          Start 2944: SDF_Math.Plane_NegativeSide
2931/4150 Test #2944: SDF_Math.Plane_NegativeSide .....................................................................................   Passed    0.00 sec
          Start 2945: SDF_Math.Triangle_AtVertex
2932/4150 Test #2945: SDF_Math.Triangle_AtVertex ......................................................................................   Passed    0.00 sec
          Start 2946: SDF_Math.Triangle_AboveFace
2933/4150 Test #2946: SDF_Math.Triangle_AboveFace .....................................................................................   Passed    0.00 sec
          Start 2947: SDF_Math.Triangle_DegenerateEdgeFallback
2934/4150 Test #2947: SDF_Math.Triangle_DegenerateEdgeFallback ........................................................................   Passed    0.00 sec
          Start 2948: SDF_Math.Ray_DistancePerpendicular
2935/4150 Test #2948: SDF_Math.Ray_DistancePerpendicular ..............................................................................   Passed    0.00 sec
          Start 2949: SDF_Math.Ray_BehindOrigin
2936/4150 Test #2949: SDF_Math.Ray_BehindOrigin .......................................................................................   Passed    0.00 sec
          Start 2950: SDF_Math.Ray_ZeroDirectionFallsBackToPointDistance
2937/4150 Test #2950: SDF_Math.Ray_ZeroDirectionFallsBackToPointDistance ..............................................................   Passed    0.00 sec
          Start 2951: SDF_Math.Ellipsoid_DegenerateCenterUsesShortestRadius
2938/4150 Test #2951: SDF_Math.Ellipsoid_DegenerateCenterUsesShortestRadius ...........................................................   Passed    0.00 sec
          Start 2952: SDF_Functor.SphereSDF
2939/4150 Test #2952: SDF_Functor.SphereSDF ...........................................................................................   Passed    0.00 sec
          Start 2953: SDF_Functor.AabbSDF
2940/4150 Test #2953: SDF_Functor.AabbSDF .............................................................................................   Passed    0.00 sec
          Start 2954: SDF_Functor.ObbSDF_AxisAligned
2941/4150 Test #2954: SDF_Functor.ObbSDF_AxisAligned ..................................................................................   Passed    0.00 sec
          Start 2955: SDF_Functor.CapsuleSDF
2942/4150 Test #2955: SDF_Functor.CapsuleSDF ..........................................................................................   Passed    0.00 sec
          Start 2956: SDF_Functor.CylinderSDF
2943/4150 Test #2956: SDF_Functor.CylinderSDF .........................................................................................   Passed    0.00 sec
          Start 2957: SDF_Functor.CylinderSDF_Degenerate
2944/4150 Test #2957: SDF_Functor.CylinderSDF_Degenerate ..............................................................................   Passed    0.00 sec
          Start 2958: SDF_Functor.EllipsoidSDF_DegenerateCenterUsesShortestRadius
2945/4150 Test #2958: SDF_Functor.EllipsoidSDF_DegenerateCenterUsesShortestRadius .....................................................   Passed    0.00 sec
          Start 2959: SDF_Functor.TriangleSDF
2946/4150 Test #2959: SDF_Functor.TriangleSDF .........................................................................................   Passed    0.00 sec
          Start 2960: SDF_Functor.PlaneSDF
2947/4150 Test #2960: SDF_Functor.PlaneSDF ............................................................................................   Passed    0.00 sec
          Start 2961: SDF_Functor.SegmentSDF
2948/4150 Test #2961: SDF_Functor.SegmentSDF ..........................................................................................   Passed    0.00 sec
          Start 2962: SDF_Functor.ConvexHullSDF_Inside
2949/4150 Test #2962: SDF_Functor.ConvexHullSDF_Inside ................................................................................   Passed    0.00 sec
          Start 2963: SDF_Functor.ConvexHullSDF_Empty
2950/4150 Test #2963: SDF_Functor.ConvexHullSDF_Empty .................................................................................   Passed    0.00 sec
          Start 2964: SDFContact.CalculateGradient_Sphere
2951/4150 Test #2964: SDFContact.CalculateGradient_Sphere .............................................................................   Passed    0.00 sec
          Start 2965: SDFContact.Contact_TwoOverlappingSpheres
2952/4150 Test #2965: SDFContact.Contact_TwoOverlappingSpheres ........................................................................   Passed    0.00 sec
          Start 2966: SDFContact.Contact_SeparatedSpheres_ReturnsNullopt
2953/4150 Test #2966: SDFContact.Contact_SeparatedSpheres_ReturnsNullopt ..............................................................   Passed    0.00 sec
          Start 2967: SDFContact.Contact_SphereAABB
2954/4150 Test #2967: SDFContact.Contact_SphereAABB ...................................................................................   Passed    0.00 sec
          Start 2968: ContactManifold.SphereSphere_Overlapping
2955/4150 Test #2968: ContactManifold.SphereSphere_Overlapping ........................................................................   Passed    0.00 sec
          Start 2969: ContactManifold.SphereSphere_Separated
2956/4150 Test #2969: ContactManifold.SphereSphere_Separated ..........................................................................   Passed    0.00 sec
          Start 2970: ContactManifold.SphereSphere_Concentric
2957/4150 Test #2970: ContactManifold.SphereSphere_Concentric .........................................................................   Passed    0.00 sec
          Start 2971: ContactManifold.SphereSphere_DiagonalOverlap
2958/4150 Test #2971: ContactManifold.SphereSphere_DiagonalOverlap ....................................................................   Passed    0.00 sec
          Start 2972: ContactManifold.SphereAABB_Overlapping
2959/4150 Test #2972: ContactManifold.SphereAABB_Overlapping ..........................................................................   Passed    0.00 sec
          Start 2973: ContactManifold.SphereAABB_Separated
2960/4150 Test #2973: ContactManifold.SphereAABB_Separated ............................................................................   Passed    0.00 sec
          Start 2974: ContactManifold.SphereAABB_CenterInsideBox
2961/4150 Test #2974: ContactManifold.SphereAABB_CenterInsideBox ......................................................................   Passed    0.00 sec
          Start 2975: ContactManifold.Convention_SphereAABB_SphereAboveBox
2962/4150 Test #2975: ContactManifold.Convention_SphereAABB_SphereAboveBox ............................................................   Passed    0.00 sec
          Start 2976: ContactManifold.Convention_SphereAABB_CenterInsideBox
2963/4150 Test #2976: ContactManifold.Convention_SphereAABB_CenterInsideBox ...........................................................   Passed    0.00 sec
          Start 2977: ContactManifold.Convention_AABBSphere_ReversedDispatch
2964/4150 Test #2977: ContactManifold.Convention_AABBSphere_ReversedDispatch ..........................................................   Passed    0.00 sec
          Start 2978: ContactManifold.Convention_SphereSphere_BothOrders
2965/4150 Test #2978: ContactManifold.Convention_SphereSphere_BothOrders ..............................................................   Passed    0.00 sec
          Start 2979: ContactManifold.Convention_Fallback_SphereOBB_BothOrders
2966/4150 Test #2979: ContactManifold.Convention_Fallback_SphereOBB_BothOrders ........................................................   Passed    0.00 sec
          Start 2980: ContactManifold.Convention_Fallback_CapsuleOBB_BothOrders
2967/4150 Test #2980: ContactManifold.Convention_Fallback_CapsuleOBB_BothOrders .......................................................   Passed    0.00 sec
          Start 2981: ContactManifold.Convention_Fallback_SphereCapsule_BothOrders
2968/4150 Test #2981: ContactManifold.Convention_Fallback_SphereCapsule_BothOrders ....................................................   Passed    0.00 sec
          Start 2982: ContactManifold.AABBSphere_SymmetricDispatch
2969/4150 Test #2982: ContactManifold.AABBSphere_SymmetricDispatch ....................................................................   Passed    0.00 sec
          Start 2983: ContactManifold.ConvexHullSphere_Fallback
2970/4150 Test #2983: ContactManifold.ConvexHullSphere_Fallback .......................................................................   Passed    0.00 sec
          Start 2984: ContactManifold.OBBCapsule_Fallback
2971/4150 Test #2984: ContactManifold.OBBCapsule_Fallback .............................................................................   Passed    0.00 sec
          Start 2985: ContactManifold.CapsuleCapsule_Separated_NoContact
2972/4150 Test #2985: ContactManifold.CapsuleCapsule_Separated_NoContact ..............................................................   Passed    0.00 sec
          Start 2986: ContactManifold.RayCast_Sphere_Hit
2973/4150 Test #2986: ContactManifold.RayCast_Sphere_Hit ..............................................................................   Passed    0.00 sec
          Start 2987: ContactManifold.RayCast_Sphere_Miss
2974/4150 Test #2987: ContactManifold.RayCast_Sphere_Miss .............................................................................   Passed    0.00 sec
          Start 2988: ContactManifold.RayCast_Sphere_CenterOriginHasFiniteFallbackNormal
2975/4150 Test #2988: ContactManifold.RayCast_Sphere_CenterOriginHasFiniteFallbackNormal ..............................................   Passed    0.00 sec
          Start 2989: ContactManifold.RayCast_AABB_Hit
2976/4150 Test #2989: ContactManifold.RayCast_AABB_Hit ................................................................................   Passed    0.00 sec
          Start 2990: ContactManifold.RayCast_AABB_Miss
2977/4150 Test #2990: ContactManifold.RayCast_AABB_Miss ...............................................................................   Passed    0.00 sec
          Start 2991: ContactManifold.RayCast_AABB_OnSlabBoundaryAxisParallel
2978/4150 Test #2991: ContactManifold.RayCast_AABB_OnSlabBoundaryAxisParallel .........................................................   Passed    0.00 sec
          Start 2992: ContactManifold.RayCast_AABB_InsideBox
2979/4150 Test #2992: ContactManifold.RayCast_AABB_InsideBox ..........................................................................   Passed    0.00 sec
          Start 2993: GJK.SphereSphere_Overlapping
2980/4150 Test #2993: GJK.SphereSphere_Overlapping ....................................................................................   Passed    0.00 sec
          Start 2994: GJK.SphereSphere_Separated
2981/4150 Test #2994: GJK.SphereSphere_Separated ......................................................................................   Passed    0.00 sec
          Start 2995: GJK.SphereSphere_Touching
2982/4150 Test #2995: GJK.SphereSphere_Touching .......................................................................................   Passed    0.00 sec
          Start 2996: GJK.SphereSphere_Concentric
2983/4150 Test #2996: GJK.SphereSphere_Concentric .....................................................................................   Passed    0.00 sec
          Start 2997: GJK.SphereAABB_Overlapping
2984/4150 Test #2997: GJK.SphereAABB_Overlapping ......................................................................................   Passed    0.00 sec
          Start 2998: GJK.SphereAABB_Separated
2985/4150 Test #2998: GJK.SphereAABB_Separated ........................................................................................   Passed    0.00 sec
          Start 2999: GJK.AABBAABB_Overlapping
2986/4150 Test #2999: GJK.AABBAABB_Overlapping ........................................................................................   Passed    0.00 sec
          Start 3000: GJK.AABBAABB_Separated
2987/4150 Test #3000: GJK.AABBAABB_Separated ..........................................................................................   Passed    0.00 sec
          Start 3001: GJK.OBBSphere_Overlapping
2988/4150 Test #3001: GJK.OBBSphere_Overlapping .......................................................................................   Passed    0.00 sec
          Start 3002: GJK.CapsuleSphere_Overlapping
2989/4150 Test #3002: GJK.CapsuleSphere_Overlapping ...................................................................................   Passed    0.00 sec
          Start 3003: GJK.CapsuleCapsule_Separated
2990/4150 Test #3003: GJK.CapsuleCapsule_Separated ....................................................................................   Passed    0.00 sec
          Start 3004: GJK.ConvexHullSphere_Overlapping
2991/4150 Test #3004: GJK.ConvexHullSphere_Overlapping ................................................................................   Passed    0.00 sec
          Start 3005: GJK.ConvexHullSphere_Separated
2992/4150 Test #3005: GJK.ConvexHullSphere_Separated ..................................................................................   Passed    0.00 sec
          Start 3006: GJK.Intersection_ReturnsSimplex_WhenOverlapping
2993/4150 Test #3006: GJK.Intersection_ReturnsSimplex_WhenOverlapping .................................................................   Passed    0.00 sec
          Start 3007: GJK.Intersection_ReturnsNullopt_WhenSeparated
2994/4150 Test #3007: GJK.Intersection_ReturnsNullopt_WhenSeparated ...................................................................   Passed    0.00 sec
          Start 3008: GJK.BackCompat_Boolean_Overlapping
2995/4150 Test #3008: GJK.BackCompat_Boolean_Overlapping ..............................................................................   Passed    0.00 sec
          Start 3009: GJK.BackCompat_Intersection_Overlapping
2996/4150 Test #3009: GJK.BackCompat_Intersection_Overlapping .........................................................................   Passed    0.00 sec
          Start 3010: GJK.ConvergesWithinIterationLimit
2997/4150 Test #3010: GJK.ConvergesWithinIterationLimit ...............................................................................   Passed    0.00 sec
          Start 3011: GJK.ScaleInvariance_VerySmallObjects
2998/4150 Test #3011: GJK.ScaleInvariance_VerySmallObjects ............................................................................   Passed    0.00 sec
          Start 3012: GJK.ScaleInvariance_VeryLargeObjects
2999/4150 Test #3012: GJK.ScaleInvariance_VeryLargeObjects ............................................................................   Passed    0.00 sec
          Start 3013: GJK.ScaleInvariance_TinyAABBs
3000/4150 Test #3013: GJK.ScaleInvariance_TinyAABBs ...................................................................................   Passed    0.00 sec
          Start 3014: GJK.ScaleInvariance_HugeAABBs
3001/4150 Test #3014: GJK.ScaleInvariance_HugeAABBs ...................................................................................   Passed    0.00 sec
          Start 3015: GJK.ScaleInvariance_Intersection_TinyOverlap
3002/4150 Test #3015: GJK.ScaleInvariance_Intersection_TinyOverlap ....................................................................   Passed    0.00 sec
          Start 3016: GJK.EPA_ScaleInvariance_TinyPenetration
3003/4150 Test #3016: GJK.EPA_ScaleInvariance_TinyPenetration .........................................................................   Passed    0.00 sec
          Start 3017: GJK.EPA_ScaleInvariance_LargePenetration
3004/4150 Test #3017: GJK.EPA_ScaleInvariance_LargePenetration ........................................................................   Passed    0.00 sec
          Start 3018: GJK.Diagnostics_Converged_OnOverlappingSpheres
3005/4150 Test #3018: GJK.Diagnostics_Converged_OnOverlappingSpheres ..................................................................   Passed    0.00 sec
          Start 3019: GJK.Diagnostics_EarlyOutNegativeSupport_OnSeparatedSpheres
3006/4150 Test #3019: GJK.Diagnostics_EarlyOutNegativeSupport_OnSeparatedSpheres ......................................................   Passed    0.00 sec
          Start 3020: GJK.Diagnostics_EarlyOutNegativeSupport_OnSeparatedAABBs
3007/4150 Test #3020: GJK.Diagnostics_EarlyOutNegativeSupport_OnSeparatedAABBs ........................................................   Passed    0.00 sec
          Start 3021: GJK.Diagnostics_Intersection_Converged_OnOverlap
3008/4150 Test #3021: GJK.Diagnostics_Intersection_Converged_OnOverlap ................................................................   Passed    0.00 sec
          Start 3022: GJK.Diagnostics_Intersection_EarlyOutNegativeSupport_OnSeparated
3009/4150 Test #3022: GJK.Diagnostics_Intersection_EarlyOutNegativeSupport_OnSeparated ................................................   Passed    0.00 sec
          Start 3023: GJK.Diagnostics_DefaultConstructedFieldsAreSane
3010/4150 Test #3023: GJK.Diagnostics_DefaultConstructedFieldsAreSane .................................................................   Passed    0.00 sec
          Start 3024: GJK.Diagnostics_BooleanWrapper_StillMatchesDiagnosticOverload
3011/4150 Test #3024: GJK.Diagnostics_BooleanWrapper_StillMatchesDiagnosticOverload ...................................................   Passed    0.00 sec
          Start 3025: GJK.Diagnostics_ConvergenceBudget_NotExhaustedOnStandardCorpus
3012/4150 Test #3025: GJK.Diagnostics_ConvergenceBudget_NotExhaustedOnStandardCorpus ..................................................   Passed    0.00 sec
          Start 3026: GJK.Parity_BooleanOutcomeAcrossScales
3013/4150 Test #3026: GJK.Parity_BooleanOutcomeAcrossScales ...........................................................................   Passed    0.00 sec
          Start 3027: GJK.Parity_NearTouchingSeparation_PreviouslyFlippedScales
3014/4150 Test #3027: GJK.Parity_NearTouchingSeparation_PreviouslyFlippedScales .......................................................   Passed    0.00 sec
          Start 3028: GJK.Parity_TouchingSpheres_OverlapAcrossScales
3015/4150 Test #3028: GJK.Parity_TouchingSpheres_OverlapAcrossScales ..................................................................   Passed    0.00 sec
          Start 3033: AssetEventBus.SubscribeReturnsNonZeroToken
3016/4150 Test #3033: AssetEventBus.SubscribeReturnsNonZeroToken ......................................................................   Passed    0.00 sec
          Start 3034: AssetEventBus.SubscribeRejectsEmptyCallback
3017/4150 Test #3034: AssetEventBus.SubscribeRejectsEmptyCallback .....................................................................   Passed    0.00 sec
          Start 3035: AssetEventBus.FirstValidTokenIsNotInvalidSentinel
3018/4150 Test #3035: AssetEventBus.FirstValidTokenIsNotInvalidSentinel ...............................................................   Passed    0.00 sec
          Start 3036: AssetEventBus.UnsubscribeStopsDelivery
3019/4150 Test #3036: AssetEventBus.UnsubscribeStopsDelivery ..........................................................................   Passed    0.00 sec
          Start 3037: AssetEventBus.UnsubscribeUnknownTokenIsNoOp
3020/4150 Test #3037: AssetEventBus.UnsubscribeUnknownTokenIsNoOp .....................................................................   Passed    0.00 sec
          Start 3038: AssetEventBus.PublishQueuesUntilFlush
3021/4150 Test #3038: AssetEventBus.PublishQueuesUntilFlush ...........................................................................   Passed    0.00 sec
          Start 3039: AssetEventBus.FlushDeliversToMatchingId
3022/4150 Test #3039: AssetEventBus.FlushDeliversToMatchingId .........................................................................   Passed    0.00 sec
          Start 3040: AssetEventBus.FlushIsIdempotent
3023/4150 Test #3040: AssetEventBus.FlushIsIdempotent .................................................................................   Passed    0.00 sec
          Start 3041: AssetEventBus.FlushForwardsEventTypeUnchanged
3024/4150 Test #3041: AssetEventBus.FlushForwardsEventTypeUnchanged ...................................................................   Passed    0.00 sec
          Start 3042: AssetEventBus.FlushWithNoSubscribersIsHarmless
3025/4150 Test #3042: AssetEventBus.FlushWithNoSubscribersIsHarmless ..................................................................   Passed    0.00 sec
          Start 3043: AssetEventBus.FlushAssetDrainsOnlyMatchingIdInOrder
3026/4150 Test #3043: AssetEventBus.FlushAssetDrainsOnlyMatchingIdInOrder .............................................................   Passed    0.00 sec
          Start 3044: AssetEventBus.SubscribeAllReceivesAllEvents
3027/4150 Test #3044: AssetEventBus.SubscribeAllReceivesAllEvents .....................................................................   Passed    0.00 sec
          Start 3045: AssetEventBus.SubscribeAllRejectsEmptyCallback
3028/4150 Test #3045: AssetEventBus.SubscribeAllRejectsEmptyCallback ..................................................................   Passed    0.00 sec
          Start 3046: AssetEventBus.UnsubscribeAllStopsDelivery
3029/4150 Test #3046: AssetEventBus.UnsubscribeAllStopsDelivery .......................................................................   Passed    0.00 sec
          Start 3047: AssetEventBus.PerIdAndBroadcastBothReceive
3030/4150 Test #3047: AssetEventBus.PerIdAndBroadcastBothReceive ......................................................................   Passed    0.00 sec
          Start 3048: AssetEventBus.PublishFromMultipleThreadsAllDelivered
3031/4150 Test #3048: AssetEventBus.PublishFromMultipleThreadsAllDelivered ............................................................   Passed    0.00 sec
          Start 3049: AssetEventBus.ConcurrentSubscriberTokensAreUnique
3032/4150 Test #3049: AssetEventBus.ConcurrentSubscriberTokensAreUnique ...............................................................   Passed    0.00 sec
          Start 3050: AssetEventBus.CallbackPublishDuringFlushQueuesForNextFlush
3033/4150 Test #3050: AssetEventBus.CallbackPublishDuringFlushQueuesForNextFlush ......................................................   Passed    0.00 sec
          Start 3051: AssetEventBus.CallbackUnsubscribesSelfDuringFlush
3034/4150 Test #3051: AssetEventBus.CallbackUnsubscribesSelfDuringFlush ...............................................................   Passed    0.00 sec
          Start 3052: AssetEventBus.CallbackSubscribesNewListenerDuringFlush
3035/4150 Test #3052: AssetEventBus.CallbackSubscribesNewListenerDuringFlush ..........................................................   Passed    0.00 sec
          Start 3053: AssetEventBus.BroadcastCallbackPublishDuringFlushDoesNotDeadlock
3036/4150 Test #3053: AssetEventBus.BroadcastCallbackPublishDuringFlushDoesNotDeadlock ................................................   Passed    0.00 sec
          Start 3054: AssetEventBus.BurstyReEntrantPublishTerminates
3037/4150 Test #3054: AssetEventBus.BurstyReEntrantPublishTerminates ..................................................................   Passed    0.00 sec
          Start 3055: AssetImportRouter.RoutesObjMeshImportFromPath
3038/4150 Test #3055: AssetImportRouter.RoutesObjMeshImportFromPath ...................................................................   Passed    0.00 sec
          Start 3056: AssetImportRouter.PlyRequiresExplicitPayloadHint
3039/4150 Test #3056: AssetImportRouter.PlyRequiresExplicitPayloadHint ................................................................   Passed    0.00 sec
          Start 3057: AssetImportRouter.RejectsMissingAndUnsupportedExtensions
3040/4150 Test #3057: AssetImportRouter.RejectsMissingAndUnsupportedExtensions ........................................................   Passed    0.00 sec
          Start 3058: AssetImportRouter.RoutesModelSceneAndTextureImports
3041/4150 Test #3058: AssetImportRouter.RoutesModelSceneAndTextureImports .............................................................   Passed    0.00 sec
          Start 3059: AssetImportRouter.ExportRoutesRespectPromotedGeometrySupport
3042/4150 Test #3059: AssetImportRouter.ExportRoutesRespectPromotedGeometrySupport ....................................................   Passed    0.00 sec
          Start 3060: AssetImportRouter.PublishesDeterministicDebugNamesAndFormatTable
3043/4150 Test #3060: AssetImportRouter.PublishesDeterministicDebugNamesAndFormatTable ................................................   Passed    0.00 sec
          Start 3061: AssetModelTexturePayload.TexturePayloadValidationAcceptsCpuPixelsAndMetadata
3044/4150 Test #3061: AssetModelTexturePayload.TexturePayloadValidationAcceptsCpuPixelsAndMetadata ....................................   Passed    0.00 sec
          Start 3062: AssetModelTexturePayload.TexturePayloadValidationAcceptsGeneratedTexturesWithoutSourceFormat
3045/4150 Test #3062: AssetModelTexturePayload.TexturePayloadValidationAcceptsGeneratedTexturesWithoutSourceFormat ....................   Passed    0.00 sec
          Start 3063: AssetModelTexturePayload.TexturePayloadValidationRejectsBadMetadata
3046/4150 Test #3063: AssetModelTexturePayload.TexturePayloadValidationRejectsBadMetadata .............................................   Passed    0.00 sec
          Start 3064: AssetModelTexturePayload.ModelScenePayloadValidatesPrimitiveMaterialAndImageRefs
3047/4150 Test #3064: AssetModelTexturePayload.ModelScenePayloadValidatesPrimitiveMaterialAndImageRefs ................................   Passed    0.00 sec
          Start 3065: AssetModelTexturePayload.ModelScenePayloadRejectsInvalidReferences
3048/4150 Test #3065: AssetModelTexturePayload.ModelScenePayloadRejectsInvalidReferences ..............................................   Passed    0.00 sec
          Start 3066: AssetModelTexturePayload.ModelScenePayloadRequiresCompleteReferencedTopology
3049/4150 Test #3066: AssetModelTexturePayload.ModelScenePayloadRequiresCompleteReferencedTopology ....................................   Passed    0.00 sec
          Start 3067: AssetModelTexturePayload.ModelScenePayloadRejectsOutOfRangeNodeReferences
3050/4150 Test #3067: AssetModelTexturePayload.ModelScenePayloadRejectsOutOfRangeNodeReferences .......................................   Passed    0.00 sec
          Start 3068: AssetModelTexturePayload.ModelScenePayloadRejectsNonFiniteNodeTransforms
3051/4150 Test #3068: AssetModelTexturePayload.ModelScenePayloadRejectsNonFiniteNodeTransforms ........................................   Passed    0.00 sec
          Start 3069: AssetModelTexturePayload.ModelScenePayloadRejectsInconsistentOrDuplicateParentage
3052/4150 Test #3069: AssetModelTexturePayload.ModelScenePayloadRejectsInconsistentOrDuplicateParentage ...............................   Passed    0.00 sec
          Start 3070: AssetModelTexturePayload.ModelScenePayloadRejectsCyclesAndUnreachableNodes
3053/4150 Test #3070: AssetModelTexturePayload.ModelScenePayloadRejectsCyclesAndUnreachableNodes ......................................   Passed    0.00 sec
          Start 3071: AssetModelTexturePayload.ExternalResourceDiagnosticsRequireConsistentErrors
3054/4150 Test #3071: AssetModelTexturePayload.ExternalResourceDiagnosticsRequireConsistentErrors .....................................   Passed    0.00 sec
          Start 3072: AssetModelTexturePayload.PayloadsLoadThroughAssetServiceAsDistinctTypes
3055/4150 Test #3072: AssetModelTexturePayload.PayloadsLoadThroughAssetServiceAsDistinctTypes .........................................   Passed    0.00 sec
          Start 3073: AssetModelTexturePayload.RoutesMatchPromotedPayloadKinds
3056/4150 Test #3073: AssetModelTexturePayload.RoutesMatchPromotedPayloadKinds ........................................................   Passed    0.00 sec
          Start 3074: AssetModelTexturePayload.KtxRouteIsRecognizedButPayloadIsUnsupported
3057/4150 Test #3074: AssetModelTexturePayload.KtxRouteIsRecognizedButPayloadIsUnsupported ............................................   Passed    0.00 sec
          Start 3075: AssetOperationStatus.ClassifiesSuccessfulOperations
3058/4150 Test #3075: AssetOperationStatus.ClassifiesSuccessfulOperations .............................................................   Passed    0.00 sec
          Start 3076: AssetOperationStatus.ClassifiesCallbackValidationAndFormatFailures
3059/4150 Test #3076: AssetOperationStatus.ClassifiesCallbackValidationAndFormatFailures ..............................................   Passed    0.00 sec
          Start 3077: AssetOperationStatus.ClassifiesStateTypeIoAndUploadFailures
3060/4150 Test #3077: AssetOperationStatus.ClassifiesStateTypeIoAndUploadFailures .....................................................   Passed    0.00 sec
          Start 3078: AssetOperationStatus.ProvidesStableDebugNames
3061/4150 Test #3078: AssetOperationStatus.ProvidesStableDebugNames ...................................................................   Passed    0.00 sec
          Start 3079: AssetPathIndex.EmptyFindReturnsNotFound
3062/4150 Test #3079: AssetPathIndex.EmptyFindReturnsNotFound .........................................................................   Passed    0.00 sec
          Start 3080: AssetPathIndex.InsertAndFindRoundTrip
3063/4150 Test #3080: AssetPathIndex.InsertAndFindRoundTrip ...........................................................................   Passed    0.00 sec
          Start 3081: AssetPathIndex.InsertDuplicateRejected
3064/4150 Test #3081: AssetPathIndex.InsertDuplicateRejected ..........................................................................   Passed    0.00 sec
          Start 3082: AssetPathIndex.InsertRejectsEmptyPath
3065/4150 Test #3082: AssetPathIndex.InsertRejectsEmptyPath ...........................................................................   Passed    0.00 sec
          Start 3083: AssetPathIndex.InsertRejectsInvalidId
3066/4150 Test #3083: AssetPathIndex.InsertRejectsInvalidId ...........................................................................   Passed    0.00 sec
          Start 3084: AssetPathIndex.EraseRemovesEntry
3067/4150 Test #3084: AssetPathIndex.EraseRemovesEntry ................................................................................   Passed    0.00 sec
          Start 3085: AssetPathIndex.EraseUnknownPathNotFound
3068/4150 Test #3085: AssetPathIndex.EraseUnknownPathNotFound .........................................................................   Passed    0.00 sec
          Start 3086: AssetPathIndex.EraseIdMismatchRejected
3069/4150 Test #3086: AssetPathIndex.EraseIdMismatchRejected ..........................................................................   Passed    0.00 sec
          Start 3087: AssetPathIndex.ContainsReflectsInsertErase
3070/4150 Test #3087: AssetPathIndex.ContainsReflectsInsertErase ......................................................................   Passed    0.00 sec
          Start 3088: AssetPathIndex.SizeTracksInserts
3071/4150 Test #3088: AssetPathIndex.SizeTracksInserts ................................................................................   Passed    0.00 sec
          Start 3089: AssetPathIndex.HeterogeneousLookupNoAllocation
3072/4150 Test #3089: AssetPathIndex.HeterogeneousLookupNoAllocation ..................................................................   Passed    0.00 sec
          Start 3090: AssetPayloadStore.PublishAssignsTicket
3073/4150 Test #3090: AssetPayloadStore.PublishAssignsTicket ..........................................................................   Passed    0.00 sec
          Start 3091: AssetPayloadStore.PublishRejectsInvalidId
3074/4150 Test #3091: AssetPayloadStore.PublishRejectsInvalidId .......................................................................   Passed    0.00 sec
          Start 3092: AssetPayloadStore.ReadSpanReturnsStoredValue
3075/4150 Test #3092: AssetPayloadStore.ReadSpanReturnsStoredValue ....................................................................   Passed    0.00 sec
          Start 3093: AssetPayloadStore.ReadSpanMissingIdReturnsAssetNotLoaded
3076/4150 Test #3093: AssetPayloadStore.ReadSpanMissingIdReturnsAssetNotLoaded ........................................................   Passed    0.00 sec
          Start 3094: AssetPayloadStore.ReadSpanWrongTypeIsRejected
3077/4150 Test #3094: AssetPayloadStore.ReadSpanWrongTypeIsRejected ...................................................................   Passed    0.00 sec
          Start 3095: AssetPayloadStore.PublishTwiceBumpsGenerationAndReplacesValue
3078/4150 Test #3095: AssetPayloadStore.PublishTwiceBumpsGenerationAndReplacesValue ...................................................   Passed    0.00 sec
          Start 3096: AssetPayloadStore.RepublishDifferentTypeClearsOldBucket
3079/4150 Test #3096: AssetPayloadStore.RepublishDifferentTypeClearsOldBucket .........................................................   Passed    0.00 sec
          Start 3097: AssetPayloadStore.RetireRemovesEntry
3080/4150 Test #3097: AssetPayloadStore.RetireRemovesEntry ............................................................................   Passed    0.00 sec
          Start 3098: AssetPayloadStore.RetireUnknownIdIsNotFound
3081/4150 Test #3098: AssetPayloadStore.RetireUnknownIdIsNotFound .....................................................................   Passed    0.00 sec
          Start 3099: AssetPayloadStore.GetTicketMatchesPublish
3082/4150 Test #3099: AssetPayloadStore.GetTicketMatchesPublish .......................................................................   Passed    0.00 sec
          Start 3100: AssetPayloadStore.GetTicketUnknownIsAssetNotLoaded
3083/4150 Test #3100: AssetPayloadStore.GetTicketUnknownIsAssetNotLoaded ..............................................................   Passed    0.00 sec
          Start 3101: AssetPayloadStore.DistinctSlotsPerAsset
3084/4150 Test #3101: AssetPayloadStore.DistinctSlotsPerAsset .........................................................................   Passed    0.00 sec
          Start 3102: AssetPayloadStore.SizeTracksPublishRetire
3085/4150 Test #3102: AssetPayloadStore.SizeTracksPublishRetire .......................................................................   Passed    0.00 sec
          Start 3103: PayloadTicket.DefaultTicketIsInvalid
3086/4150 Test #3103: PayloadTicket.DefaultTicketIsInvalid ............................................................................   Passed    0.00 sec
          Start 3104: PayloadTicket.NonzeroSlotIsValid
3087/4150 Test #3104: PayloadTicket.NonzeroSlotIsValid ................................................................................   Passed    0.00 sec
          Start 3105: PayloadTicket.ComparesByValue
3088/4150 Test #3105: PayloadTicket.ComparesByValue ...................................................................................   Passed    0.00 sec
          Start 3106: AssetRegistry.CreateReturnsValidId
3089/4150 Test #3106: AssetRegistry.CreateReturnsValidId ..............................................................................   Passed    0.00 sec
          Start 3107: AssetRegistry.CreateDistinctIdsForDifferentCalls
3090/4150 Test #3107: AssetRegistry.CreateDistinctIdsForDifferentCalls ................................................................   Passed    0.00 sec
          Start 3108: AssetRegistry.GetMetaReflectsCreateArguments
3091/4150 Test #3108: AssetRegistry.GetMetaReflectsCreateArguments ....................................................................   Passed    0.00 sec
          Start 3109: AssetRegistry.DestroyMakesHandleDead
3092/4150 Test #3109: AssetRegistry.DestroyMakesHandleDead ............................................................................   Passed    0.00 sec
          Start 3110: AssetRegistry.DestroyTwiceReturnsNotFound
3093/4150 Test #3110: AssetRegistry.DestroyTwiceReturnsNotFound .......................................................................   Passed    0.00 sec
          Start 3111: AssetRegistry.StaleHandleAfterRecycleIsDead
3094/4150 Test #3111: AssetRegistry.StaleHandleAfterRecycleIsDead .....................................................................   Passed    0.00 sec
          Start 3112: AssetRegistry.InvalidHandleNotAlive
3095/4150 Test #3112: AssetRegistry.InvalidHandleNotAlive .............................................................................   Passed    0.00 sec
          Start 3113: AssetRegistry.OutOfRangeHandleNotAlive
3096/4150 Test #3113: AssetRegistry.OutOfRangeHandleNotAlive ..........................................................................   Passed    0.00 sec
          Start 3114: AssetRegistry_State.SetStateAcceptsMatchingExpectation
3097/4150 Test #3114: AssetRegistry_State.SetStateAcceptsMatchingExpectation ..........................................................   Passed    0.00 sec
          Start 3115: AssetRegistry_State.SetStateRejectsMismatchedExpectation
3098/4150 Test #3115: AssetRegistry_State.SetStateRejectsMismatchedExpectation ........................................................   Passed    0.00 sec
          Start 3116: AssetRegistry_State.SetStateRejectsDeadHandle
3099/4150 Test #3116: AssetRegistry_State.SetStateRejectsDeadHandle ...................................................................   Passed    0.00 sec
          Start 3117: AssetRegistry_State.SetPayloadSlotUpdatesMeta
3100/4150 Test #3117: AssetRegistry_State.SetPayloadSlotUpdatesMeta ...................................................................   Passed    0.00 sec
          Start 3118: AssetRegistry_State.SetPayloadSlotRejectsDeadHandle
3101/4150 Test #3118: AssetRegistry_State.SetPayloadSlotRejectsDeadHandle .............................................................   Passed    0.00 sec
          Start 3119: AssetRegistry_State.GetStateRejectsDeadHandle
3102/4150 Test #3119: AssetRegistry_State.GetStateRejectsDeadHandle ...................................................................   Passed    0.00 sec
          Start 3120: AssetRegistry_Accounting.LiveCountTracksCreatesAndDestroys
3103/4150 Test #3120: AssetRegistry_Accounting.LiveCountTracksCreatesAndDestroys ......................................................   Passed    0.00 sec
          Start 3121: AssetRegistry_Accounting.CapacityGrowsMonotonically
3104/4150 Test #3121: AssetRegistry_Accounting.CapacityGrowsMonotonically .............................................................   Passed    0.00 sec
          Start 3122: AssetRegistry_Debug.SnapshotReturnsLiveEntriesOnly
3105/4150 Test #3122: AssetRegistry_Debug.SnapshotReturnsLiveEntriesOnly ..............................................................   Passed    0.00 sec
          Start 3123: CoreBoundedHeap.ZeroCapacityIgnoresPushes
3106/4150 Test #3123: CoreBoundedHeap.ZeroCapacityIgnoresPushes .......................................................................   Passed    0.00 sec
          Start 3124: CoreBoundedHeap.KeepsSmallestValuesAndReportsWorstRetainedThreshold
3107/4150 Test #3124: CoreBoundedHeap.KeepsSmallestValuesAndReportsWorstRetainedThreshold .............................................   Passed    0.00 sec
          Start 3125: CoreBoundedHeap.UsesTotalOrderingForDeterministicTieBreaks
3108/4150 Test #3125: CoreBoundedHeap.UsesTotalOrderingForDeterministicTieBreaks ......................................................   Passed    0.00 sec
          Start 3126: CoreCallbackRegistry.RegisteredCallbackIsInvokable
3109/4150 Test #3126: CoreCallbackRegistry.RegisteredCallbackIsInvokable ..............................................................   Passed    0.00 sec
          Start 3127: CoreCallbackRegistry.InvokeReturnsOptionalForNonExpected
3110/4150 Test #3127: CoreCallbackRegistry.InvokeReturnsOptionalForNonExpected ........................................................   Passed    0.00 sec
          Start 3128: CoreCallbackRegistry.InvokeVoidReturnsBool
3111/4150 Test #3128: CoreCallbackRegistry.InvokeVoidReturnsBool ......................................................................   Passed    0.00 sec
          Start 3129: CoreCallbackRegistry.UnregisterInvalidatesToken
3112/4150 Test #3129: CoreCallbackRegistry.UnregisterInvalidatesToken .................................................................   Passed    0.00 sec
          Start 3130: CoreCallbackRegistry.DoubleUnregisterReturnsFalse
3113/4150 Test #3130: CoreCallbackRegistry.DoubleUnregisterReturnsFalse ...............................................................   Passed    0.00 sec
          Start 3131: CoreCallbackRegistry.DefaultTokenIsInvalidAndStale
3114/4150 Test #3131: CoreCallbackRegistry.DefaultTokenIsInvalidAndStale ..............................................................   Passed    0.00 sec
          Start 3132: CoreCallbackRegistry.StaleTokenDoesNotReachRecycledSlot
3115/4150 Test #3132: CoreCallbackRegistry.StaleTokenDoesNotReachRecycledSlot .........................................................   Passed    0.00 sec
          Start 3133: CoreCallbackRegistry.InvokeOrForwardsCallableError
3116/4150 Test #3133: CoreCallbackRegistry.InvokeOrForwardsCallableError ..............................................................   Passed    0.00 sec
          Start 3134: CoreCallbackRegistry.IndependentSlotsDoNotInterfere
3117/4150 Test #3134: CoreCallbackRegistry.IndependentSlotsDoNotInterfere .............................................................   Passed    0.00 sec
          Start 3135: CoreCallbackRegistry.ConcurrentInvokeAndReregisterIsSafe
3118/4150 Test #3135: CoreCallbackRegistry.ConcurrentInvokeAndReregisterIsSafe ........................................................   Passed    0.01 sec
          Start 3136: CoreCallbackRegistry.DifferentTagRegistriesHaveDistinctTokenTypes
3119/4150 Test #3136: CoreCallbackRegistry.DifferentTagRegistriesHaveDistinctTokenTypes ...............................................   Passed    0.00 sec
          Start 3137: CoreConfig.EngineDefaults
3120/4150 Test #3137: CoreConfig.EngineDefaults .......................................................................................   Passed    0.00 sec
          Start 3138: CoreEngineConfigSections.UpsertKeepsNameOrderAndReplacesByName
3121/4150 Test #3138: CoreEngineConfigSections.UpsertKeepsNameOrderAndReplacesByName ..................................................   Passed    0.00 sec
          Start 3139: CoreEngineConfigSections.RegistryValidatesDefaultsAndKeepsNameOrder
3122/4150 Test #3139: CoreEngineConfigSections.RegistryValidatesDefaultsAndKeepsNameOrder .............................................   Passed    0.00 sec
          Start 3140: CoreEngineConfigSections.PopulateDefaultsPreservesExplicitValues
3123/4150 Test #3140: CoreEngineConfigSections.PopulateDefaultsPreservesExplicitValues ................................................   Passed    0.00 sec
          Start 3141: CoreEngineConfigLoad.CoreAndRegisteredSectionRoundTrip
3124/4150 Test #3141: CoreEngineConfigLoad.CoreAndRegisteredSectionRoundTrip ..........................................................   Passed    0.00 sec
          Start 3142: CoreEngineConfigLoad.GpuProfilingDefaultsFalseWhenOmitted
3125/4150 Test #3142: CoreEngineConfigLoad.GpuProfilingDefaultsFalseWhenOmitted .......................................................   Passed    0.00 sec
          Start 3143: CoreEngineConfigLoad.UnknownSectionFallsBackWithOrWithoutRegistry
3126/4150 Test #3143: CoreEngineConfigLoad.UnknownSectionFallsBackWithOrWithoutRegistry ...............................................   Passed    0.00 sec
          Start 3144: CoreEngineConfigLoad.DuplicateSectionNamesRetainReference
3127/4150 Test #3144: CoreEngineConfigLoad.DuplicateSectionNamesRetainReference .......................................................   Passed    0.00 sec
          Start 3145: CoreEngineConfigLoad.SectionMetadataMismatchRetainsReference
3128/4150 Test #3145: CoreEngineConfigLoad.SectionMetadataMismatchRetainsReference ....................................................   Passed    0.00 sec
          Start 3146: CoreEngineConfigLoad.ValidatorFallbackCanonicalIsAcceptedAndMalformedOutputRetainsReference
3129/4150 Test #3146: CoreEngineConfigLoad.ValidatorFallbackCanonicalIsAcceptedAndMalformedOutputRetainsReference .....................   Passed    0.00 sec
          Start 3147: CoreEngineConfigLoad.MalformedStoredPayloadSerializesFailClosed
3130/4150 Test #3147: CoreEngineConfigLoad.MalformedStoredPayloadSerializesFailClosed .................................................   Passed    0.00 sec
          Start 3148: CoreEngineConfigLoad.InvalidCoreFieldsRetainReferenceWithDiagnostics
3131/4150 Test #3148: CoreEngineConfigLoad.InvalidCoreFieldsRetainReferenceWithDiagnostics ............................................   Passed    0.00 sec
          Start 3149: CoreDagScheduler.BuildsTopologicalPlanAndStats
3132/4150 Test #3149: CoreDagScheduler.BuildsTopologicalPlanAndStats ..................................................................   Passed    0.00 sec
          Start 3150: CoreDagScheduler.RejectsMissingDependencyIds
3133/4150 Test #3150: CoreDagScheduler.RejectsMissingDependencyIds ....................................................................   Passed    0.00 sec
          Start 3151: CoreDagScheduler.RejectsDuplicateTaskIds
3134/4150 Test #3151: CoreDagScheduler.RejectsDuplicateTaskIds ........................................................................   Passed    0.00 sec
          Start 3152: CoreDagScheduler.RegisterProducerRejectsNullQuery
3135/4150 Test #3152: CoreDagScheduler.RegisterProducerRejectsNullQuery ...............................................................   Passed    0.00 sec
          Start 3153: CoreDagScheduler.UnregisterMissingProducerReturnsNotFound
3136/4150 Test #3153: CoreDagScheduler.UnregisterMissingProducerReturnsNotFound .......................................................   Passed    0.00 sec
          Start 3154: CoreDagScheduler.ResetEpochClearsCachedTasks
3137/4150 Test #3154: CoreDagScheduler.ResetEpochClearsCachedTasks ....................................................................   Passed    0.00 sec
          Start 3155: CoreDagScheduler.CycleDiagnosticIncludesTaskNamesForExplicitCycle
3138/4150 Test #3155: CoreDagScheduler.CycleDiagnosticIncludesTaskNamesForExplicitCycle ...............................................   Passed    0.00 sec
          Start 3156: CoreDagScheduler.CycleDiagnosticIncludesHazardReason
3139/4150 Test #3156: CoreDagScheduler.CycleDiagnosticIncludesHazardReason ............................................................   Passed    0.00 sec
          Start 3157: CoreDagScheduler.PriorityOverridesInsertionOrder
3140/4150 Test #3157: CoreDagScheduler.PriorityOverridesInsertionOrder ................................................................   Passed    0.00 sec
          Start 3158: CoreDagScheduler.LongerCriticalPathBreaksPriorityTie
3141/4150 Test #3158: CoreDagScheduler.LongerCriticalPathBreaksPriorityTie ............................................................   Passed    0.00 sec
          Start 3159: CoreDagScheduler.StableOrderingOnFullTies
3142/4150 Test #3159: CoreDagScheduler.StableOrderingOnFullTies .......................................................................   Passed    0.00 sec
          Start 3160: CoreDagScheduler.CycleReturnsInvalidState
3143/4150 Test #3160: CoreDagScheduler.CycleReturnsInvalidState .......................................................................   Passed    0.00 sec
          Start 3161: CoreError.ToUnderlyingAndString
3144/4150 Test #3161: CoreError.ToUnderlyingAndString .................................................................................   Passed    0.00 sec
          Start 3162: CoreError.OkErrHelpersForExpected
3145/4150 Test #3162: CoreError.OkErrHelpersForExpected ...............................................................................   Passed    0.00 sec
          Start 3163: CoreError.OkErrHelpersForResult
3146/4150 Test #3163: CoreError.OkErrHelpersForResult .................................................................................   Passed    0.00 sec
          Start 3164: CoreFrameClock.FirstFrameDeltaIsZero
3147/4150 Test #3164: CoreFrameClock.FirstFrameDeltaIsZero ............................................................................   Passed    0.00 sec
          Start 3165: CoreFrameClock.ClampedDeltaHonorsExplicitZeroLimit
3148/4150 Test #3165: CoreFrameClock.ClampedDeltaHonorsExplicitZeroLimit ..............................................................   Passed    0.00 sec
          Start 3166: CoreFrameClock.EndFrameRecordsNonNegativeRawDelta
3149/4150 Test #3166: CoreFrameClock.EndFrameRecordsNonNegativeRawDelta ...............................................................   Passed    0.00 sec
          Start 3167: CoreFrameClock.ClampedDeltaRemainsThePreviousCompletedFrameDuration
3150/4150 Test #3167: CoreFrameClock.ClampedDeltaRemainsThePreviousCompletedFrameDuration .............................................   Passed    0.01 sec
          Start 3168: CoreFrameClock.NegativeClampLimitProducesNonNegativeDelta
3151/4150 Test #3168: CoreFrameClock.NegativeClampLimitProducesNonNegativeDelta .......................................................   Passed    0.00 sec
          Start 3169: CoreFrameClock.ResampleKeepsClockUsable
3152/4150 Test #3169: CoreFrameClock.ResampleKeepsClockUsable .........................................................................   Passed    0.00 sec
          Start 3170: CoreFilesystemPathResolver.TryResolveShaderPathReturnsErrorWhenLookupMissing
3153/4150 Test #3170: CoreFilesystemPathResolver.TryResolveShaderPathReturnsErrorWhenLookupMissing ....................................   Passed    0.00 sec
          Start 3171: CoreFilesystemPathResolver.ShaderPathFallbackReturnsRelativeWhenMissing
3154/4150 Test #3171: CoreFilesystemPathResolver.ShaderPathFallbackReturnsRelativeWhenMissing .........................................   Passed    0.00 sec
          Start 3172: CoreFilesystemPathResolver.AbsolutePathRoundTrip
3155/4150 Test #3172: CoreFilesystemPathResolver.AbsolutePathRoundTrip ................................................................   Passed    0.00 sec
          Start 3173: CoreFilesystemPathResolver.AssetPathContainsAssetsSegment
3156/4150 Test #3173: CoreFilesystemPathResolver.AssetPathContainsAssetsSegment .......................................................   Passed    0.00 sec
          Start 3174: CoreFilesystemWatcher.StatsCanBeResetAndRead
3157/4150 Test #3174: CoreFilesystemWatcher.StatsCanBeResetAndRead ....................................................................   Passed    0.00 sec
          Start 3175: CoreFrameGraph.TypeTokenStableAcrossTranslationUnits
3158/4150 Test #3175: CoreFrameGraph.TypeTokenStableAcrossTranslationUnits ............................................................   Passed    0.00 sec
          Start 3176: CoreFrameGraph.LinearChain
3159/4150 Test #3176: CoreFrameGraph.LinearChain ......................................................................................   Passed    0.00 sec
          Start 3177: CoreFrameGraph.WriteAfterWrite
3160/4150 Test #3177: CoreFrameGraph.WriteAfterWrite ..................................................................................   Passed    0.00 sec
          Start 3178: CoreFrameGraph.WriteAfterRead
3161/4150 Test #3178: CoreFrameGraph.WriteAfterRead ...................................................................................   Passed    0.01 sec
          Start 3179: CoreFrameGraph.ParallelReaders
3162/4150 Test #3179: CoreFrameGraph.ParallelReaders ..................................................................................   Passed    0.01 sec
          Start 3180: CoreFrameGraph.DiamondDependency
3163/4150 Test #3180: CoreFrameGraph.DiamondDependency ................................................................................   Passed    0.01 sec
          Start 3181: CoreFrameGraph.ReadyQueueExecutionBypassesCoarseLayerBarrier
3164/4150 Test #3181: CoreFrameGraph.ReadyQueueExecutionBypassesCoarseLayerBarrier ....................................................   Passed    0.06 sec
          Start 3182: CoreFrameGraph.LabelOrdering
3165/4150 Test #3182: CoreFrameGraph.LabelOrdering ....................................................................................   Passed    0.00 sec
          Start 3183: CoreFrameGraph.MixedLabelsAndResources
3166/4150 Test #3183: CoreFrameGraph.MixedLabelsAndResources ..........................................................................   Passed    0.01 sec
          Start 3184: CoreFrameGraph.EmptyGraph
3167/4150 Test #3184: CoreFrameGraph.EmptyGraph .......................................................................................   Passed    0.00 sec
          Start 3185: CoreFrameGraph.SinglePass
3168/4150 Test #3185: CoreFrameGraph.SinglePass .......................................................................................   Passed    0.00 sec
          Start 3186: CoreFrameGraph.MultiFrameReset
3169/4150 Test #3186: CoreFrameGraph.MultiFrameReset ..................................................................................   Passed    0.00 sec
          Start 3187: CoreFrameGraph.ReadWriteSameType
3170/4150 Test #3187: CoreFrameGraph.ReadWriteSameType ................................................................................   Passed    0.00 sec
          Start 3188: CoreFrameGraph.IndependentPassesParallelize
3171/4150 Test #3188: CoreFrameGraph.IndependentPassesParallelize .....................................................................   Passed    0.00 sec
          Start 3189: CoreFrameGraph.PassNameIntrospection
3172/4150 Test #3189: CoreFrameGraph.PassNameIntrospection ............................................................................   Passed    0.00 sec
          Start 3190: CoreFrameGraph.ParallelExecutionStress
3173/4150 Test #3190: CoreFrameGraph.ParallelExecutionStress ..........................................................................   Passed    0.01 sec
          Start 3191: CoreFrameGraph.ReadyQueueExecutionDoesNotWaitForSlowSiblingLayerBarrier
3174/4150 Test #3191: CoreFrameGraph.ReadyQueueExecutionDoesNotWaitForSlowSiblingLayerBarrier .........................................   Passed    0.13 sec
          Start 3192: CoreFrameGraph.RealisticFrame
3175/4150 Test #3192: CoreFrameGraph.RealisticFrame ...................................................................................   Passed    0.01 sec
          Start 3193: CoreFrameGraph.NoCycleFromSequentialRegistration
3176/4150 Test #3193: CoreFrameGraph.NoCycleFromSequentialRegistration ................................................................   Passed    0.00 sec
          Start 3194: CoreFrameGraph.ErrorRecovery_ResetAfterFailedCompile
3177/4150 Test #3194: CoreFrameGraph.ErrorRecovery_ResetAfterFailedCompile ............................................................   Passed    0.00 sec
          Start 3195: CoreFrameGraph.ReadyQueueNestedDispatchStressHighWorkerCount
3178/4150 Test #3195: CoreFrameGraph.ReadyQueueNestedDispatchStressHighWorkerCount ....................................................   Passed    0.14 sec
          Start 3196: CoreFrameGraph.ResetRebuildsTheCpuGraphCleanly
3179/4150 Test #3196: CoreFrameGraph.ResetRebuildsTheCpuGraphCleanly ..................................................................   Passed    0.00 sec
          Start 3197: CoreGraphCompiler.EmptyGraphCompiles
3180/4150 Test #3197: CoreGraphCompiler.EmptyGraphCompiles ............................................................................   Passed    0.00 sec
          Start 3198: CoreGraphCompiler.SingleNodeGraphCompiles
3181/4150 Test #3198: CoreGraphCompiler.SingleNodeGraphCompiles .......................................................................   Passed    0.00 sec
          Start 3199: CoreGraphCompiler.IndependentNodesHaveNoOrderingEdges
3182/4150 Test #3199: CoreGraphCompiler.IndependentNodesHaveNoOrderingEdges ...........................................................   Passed    0.00 sec
          Start 3200: CoreGraphCompiler.ExplicitDependenciesProduceTopologicalLayers
3183/4150 Test #3200: CoreGraphCompiler.ExplicitDependenciesProduceTopologicalLayers ..................................................   Passed    0.00 sec
          Start 3201: CoreGraphCompiler.MissingDependencyReturnsInvalidArgument
3184/4150 Test #3201: CoreGraphCompiler.MissingDependencyReturnsInvalidArgument .......................................................   Passed    0.00 sec
          Start 3202: CoreGraphCompiler.DuplicateTaskIdReturnsInvalidArgument
3185/4150 Test #3202: CoreGraphCompiler.DuplicateTaskIdReturnsInvalidArgument .........................................................   Passed    0.00 sec
          Start 3203: CoreGraphCompiler.DeterministicOverRepeatedCompiles
3186/4150 Test #3203: CoreGraphCompiler.DeterministicOverRepeatedCompiles .............................................................   Passed    0.00 sec
          Start 3204: CoreGraphCompiler.LargeCycleDiagnosticIsBounded
3187/4150 Test #3204: CoreGraphCompiler.LargeCycleDiagnosticIsBounded .................................................................   Passed    0.00 sec
          Start 3205: CoreGraphCompiler.CycleDiagnosticIncludesEdgeReason
3188/4150 Test #3205: CoreGraphCompiler.CycleDiagnosticIncludesEdgeReason .............................................................   Passed    0.00 sec
          Start 3206: CoreGraphCompiler.ResourceHazardRawOrdersWriterBeforeReader
3189/4150 Test #3206: CoreGraphCompiler.ResourceHazardRawOrdersWriterBeforeReader .....................................................   Passed    0.00 sec
          Start 3207: CoreGraphCompiler.ResourceHazardWarOrdersReaderBeforeWriter
3190/4150 Test #3207: CoreGraphCompiler.ResourceHazardWarOrdersReaderBeforeWriter .....................................................   Passed    0.00 sec
          Start 3208: CoreGraphCompiler.ResourceHazardRarKeepsReadersParallel
3191/4150 Test #3208: CoreGraphCompiler.ResourceHazardRarKeepsReadersParallel .........................................................   Passed    0.00 sec
          Start 3209: CoreGraphCompiler.ResourceHazardWawOrdersWriters
3192/4150 Test #3209: CoreGraphCompiler.ResourceHazardWawOrdersWriters ................................................................   Passed    0.00 sec
          Start 3210: CoreGraphCompiler.MultipleReadersSerializeBeforeWriter
3193/4150 Test #3210: CoreGraphCompiler.MultipleReadersSerializeBeforeWriter ..........................................................   Passed    0.00 sec
          Start 3211: CoreGraphCompiler.WeakReadDoesNotDelayFollowingWriter
3194/4150 Test #3211: CoreGraphCompiler.WeakReadDoesNotDelayFollowingWriter ...........................................................   Passed    0.00 sec
          Start 3212: CoreGraphCompiler.WriteThenWeakReadSerializesWriterBeforeReader
3195/4150 Test #3212: CoreGraphCompiler.WriteThenWeakReadSerializesWriterBeforeReader .................................................   Passed    0.00 sec
          Start 3213: CoreGraphCompiler.DuplicateResourceAccessesDoNotDuplicateEdges
3196/4150 Test #3213: CoreGraphCompiler.DuplicateResourceAccessesDoNotDuplicateEdges ..................................................   Passed    0.00 sec
          Start 3214: CoreGraphCompiler.ResourceHazardsContributeToEdgeStats
3197/4150 Test #3214: CoreGraphCompiler.ResourceHazardsContributeToEdgeStats ..........................................................   Passed    0.00 sec
          Start 3215: CoreGraphCompiler.TaskPlanGraphReportsExplicitAndHazardEdgeStats
3198/4150 Test #3215: CoreGraphCompiler.TaskPlanGraphReportsExplicitAndHazardEdgeStats ................................................   Passed    0.00 sec
          Start 3216: CoreGraphCompiler.TaskPlanGraphMatchesDomainFreeGoldenPlan
3199/4150 Test #3216: CoreGraphCompiler.TaskPlanGraphMatchesDomainFreeGoldenPlan ......................................................   Passed    0.00 sec
          Start 3217: CoreGraphCompiler.ResourceHazardStress_10000_NodesCompilesDeterministically
3200/4150 Test #3217: CoreGraphCompiler.ResourceHazardStress_10000_NodesCompilesDeterministically .....................................   Passed    0.13 sec
          Start 3218: CoreHandleLease.DefaultAndInvalidShareAreNoOps
3201/4150 Test #3218: CoreHandleLease.DefaultAndInvalidShareAreNoOps ..................................................................   Passed    0.00 sec
          Start 3219: CoreHandleLease.AdoptDoesNotRetainButReleasesOnDestruction
3202/4150 Test #3219: CoreHandleLease.AdoptDoesNotRetainButReleasesOnDestruction ......................................................   Passed    0.00 sec
          Start 3220: CoreHandleLease.RetainNewRetainsAndReleases
3203/4150 Test #3220: CoreHandleLease.RetainNewRetainsAndReleases .....................................................................   Passed    0.00 sec
          Start 3221: CoreHandleLease.ShareDelegatesToManagerAcquireLease
3204/4150 Test #3221: CoreHandleLease.ShareDelegatesToManagerAcquireLease .............................................................   Passed    0.00 sec
          Start 3222: CoreHandleLease.MoveConstructionTransfersOwnership
3205/4150 Test #3222: CoreHandleLease.MoveConstructionTransfersOwnership ..............................................................   Passed    0.00 sec
          Start 3223: CoreHandleLease.MoveAssignmentReleasesPreviousHandle
3206/4150 Test #3223: CoreHandleLease.MoveAssignmentReleasesPreviousHandle ............................................................   Passed    0.00 sec
          Start 3224: CoreHandleLease.SelfMoveAssignmentIsSafeNoExtraRelease
3207/4150 Test #3224: CoreHandleLease.SelfMoveAssignmentIsSafeNoExtraRelease ..........................................................   Passed    0.00 sec
          Start 3225: CoreHash.HashString_EmptyString
3208/4150 Test #3225: CoreHash.HashString_EmptyString .................................................................................   Passed    0.00 sec
          Start 3226: CoreHash.HashString_SingleChar
3209/4150 Test #3226: CoreHash.HashString_SingleChar ..................................................................................   Passed    0.00 sec
          Start 3227: CoreHash.HashString_DifferentStrings
3210/4150 Test #3227: CoreHash.HashString_DifferentStrings ............................................................................   Passed    0.00 sec
          Start 3228: CoreHash.HashString_SameStrings
3211/4150 Test #3228: CoreHash.HashString_SameStrings .................................................................................   Passed    0.00 sec
          Start 3229: CoreHash.HashString_CaseSensitive
3212/4150 Test #3229: CoreHash.HashString_CaseSensitive ...............................................................................   Passed    0.00 sec
          Start 3230: CoreHash.HashString_Constexpr
3213/4150 Test #3230: CoreHash.HashString_Constexpr ...................................................................................   Passed    0.00 sec
          Start 3231: CoreHash.StringID_DefaultConstruct
3214/4150 Test #3231: CoreHash.StringID_DefaultConstruct ..............................................................................   Passed    0.00 sec
          Start 3232: CoreHash.StringID_FromValue
3215/4150 Test #3232: CoreHash.StringID_FromValue .....................................................................................   Passed    0.00 sec
          Start 3233: CoreHash.StringID_FromCharPtr
3216/4150 Test #3233: CoreHash.StringID_FromCharPtr ...................................................................................   Passed    0.00 sec
          Start 3234: CoreHash.StringID_FromStringView
3217/4150 Test #3234: CoreHash.StringID_FromStringView ................................................................................   Passed    0.00 sec
          Start 3235: CoreHash.StringID_Equality
3218/4150 Test #3235: CoreHash.StringID_Equality ......................................................................................   Passed    0.00 sec
          Start 3236: CoreHash.StringID_Ordering
3219/4150 Test #3236: CoreHash.StringID_Ordering ......................................................................................   Passed    0.00 sec
          Start 3237: CoreHash.StringID_Literal
3220/4150 Test #3237: CoreHash.StringID_Literal .......................................................................................   Passed    0.00 sec
          Start 3238: CoreHash.StringID_LiteralConstexpr
3221/4150 Test #3238: CoreHash.StringID_LiteralConstexpr ..............................................................................   Passed    0.00 sec
          Start 3239: CoreHash.StringID_LiteralComparison
3222/4150 Test #3239: CoreHash.StringID_LiteralComparison .............................................................................   Passed    0.00 sec
          Start 3240: CoreHash.StringID_UnorderedSet
3223/4150 Test #3240: CoreHash.StringID_UnorderedSet ..................................................................................   Passed    0.00 sec
          Start 3241: CoreHash.StringID_UnorderedMapKey
3224/4150 Test #3241: CoreHash.StringID_UnorderedMapKey ...............................................................................   Passed    0.00 sec
          Start 3242: CoreHash.StringID_DistributionQuality
3225/4150 Test #3242: CoreHash.StringID_DistributionQuality ...........................................................................   Passed    0.00 sec
          Start 3243: CoreHash.StringID_EmptyStringLiteral
3226/4150 Test #3243: CoreHash.StringID_EmptyStringLiteral ............................................................................   Passed    0.00 sec
          Start 3244: CoreHash.StringID_LongString
3227/4150 Test #3244: CoreHash.StringID_LongString ....................................................................................   Passed    0.00 sec
          Start 3245: CoreHash.StringID_SpecialCharacters
3228/4150 Test #3245: CoreHash.StringID_SpecialCharacters .............................................................................   Passed    0.00 sec
          Start 3246: CoreHash.U64Hash_Basic
3229/4150 Test #3246: CoreHash.U64Hash_Basic ..........................................................................................   Passed    0.00 sec
          Start 3247: CoreHash.U64Hash_InUnorderedMap
3230/4150 Test #3247: CoreHash.U64Hash_InUnorderedMap .................................................................................   Passed    0.00 sec
          Start 3248: CoreLockFreeQueue.PushPopAndEmpty
3231/4150 Test #3248: CoreLockFreeQueue.PushPopAndEmpty ...............................................................................   Passed    0.00 sec
          Start 3249: CoreLockFreeQueue.FullAndWrapAround
3232/4150 Test #3249: CoreLockFreeQueue.FullAndWrapAround .............................................................................   Passed    0.00 sec
          Start 3250: CoreLogging.WritesSequenceAndSnapshot
3233/4150 Test #3250: CoreLogging.WritesSequenceAndSnapshot ...........................................................................   Passed    0.00 sec
          Start 3251: CoreLogging.ClearDoesNotResetSequence
3234/4150 Test #3251: CoreLogging.ClearDoesNotResetSequence ...........................................................................   Passed    0.00 sec
          Start 3252: CoreMemoryScopeStack.BasicPodAllocation
3235/4150 Test #3252: CoreMemoryScopeStack.BasicPodAllocation .........................................................................   Passed    0.00 sec
          Start 3253: CoreMemoryScopeStack.NonTrivialDestructorCalledOnReset
3236/4150 Test #3253: CoreMemoryScopeStack.NonTrivialDestructorCalledOnReset ..........................................................   Passed    0.00 sec
          Start 3254: CoreMemoryScopeStack.DestructionOrderLifo
3237/4150 Test #3254: CoreMemoryScopeStack.DestructionOrderLifo .......................................................................   Passed    0.00 sec
          Start 3255: CoreMemoryScopeStack.ArrayDestructionOrderIsReversed
3238/4150 Test #3255: CoreMemoryScopeStack.ArrayDestructionOrderIsReversed ............................................................   Passed    0.00 sec
          Start 3256: CoreMemoryScopeStack.MixedPodAndNonTrivialTracksOnlyDestructors
3239/4150 Test #3256: CoreMemoryScopeStack.MixedPodAndNonTrivialTracksOnlyDestructors .................................................   Passed    0.00 sec
          Start 3257: CoreMemoryScopeStack.SharedPtrSupport
3240/4150 Test #3257: CoreMemoryScopeStack.SharedPtrSupport ...........................................................................   Passed    0.00 sec
          Start 3258: CoreMemoryScopeStack.StringSupport
3241/4150 Test #3258: CoreMemoryScopeStack.StringSupport ..............................................................................   Passed    0.00 sec
          Start 3259: CoreMemoryScopeStack.DirectArenaAccessForPodBypassesDestructorTracking
3242/4150 Test #3259: CoreMemoryScopeStack.DirectArenaAccessForPodBypassesDestructorTracking ..........................................   Passed    0.00 sec
          Start 3260: CoreMemoryScopeStack.MoveTransfersDestructorListOnce
3243/4150 Test #3260: CoreMemoryScopeStack.MoveTransfersDestructorListOnce ............................................................   Passed    0.00 sec
          Start 3261: CoreMemoryLinearArena.Initialization
3244/4150 Test #3261: CoreMemoryLinearArena.Initialization ............................................................................   Passed    0.00 sec
          Start 3262: CoreMemoryLinearArena.BasicPrimitiveAllocation
3245/4150 Test #3262: CoreMemoryLinearArena.BasicPrimitiveAllocation ..................................................................   Passed    0.00 sec
          Start 3263: CoreMemoryLinearArena.AlignmentEnforcement
3246/4150 Test #3263: CoreMemoryLinearArena.AlignmentEnforcement ......................................................................   Passed    0.00 sec
          Start 3264: CoreMemoryLinearArena.ArrayAllocation
3247/4150 Test #3264: CoreMemoryLinearArena.ArrayAllocation ...........................................................................   Passed    0.00 sec
          Start 3265: CoreMemoryLinearArena.FrameResetLoopReusesAddress
3248/4150 Test #3265: CoreMemoryLinearArena.FrameResetLoopReusesAddress ...............................................................   Passed    0.00 sec
          Start 3266: CoreMemoryLinearArena.OutOfMemoryAndReset
3249/4150 Test #3266: CoreMemoryLinearArena.OutOfMemoryAndReset .......................................................................   Passed    0.00 sec
          Start 3267: CoreMemoryLinearArena.ResetDoesNotCallDestructors
3250/4150 Test #3267: CoreMemoryLinearArena.ResetDoesNotCallDestructors ...............................................................   Passed    0.00 sec
          Start 3268: CoreMemoryLinearArena.MarkerRewind
3251/4150 Test #3268: CoreMemoryLinearArena.MarkerRewind ..............................................................................   Passed    0.00 sec
          Start 3269: CoreMemoryLinearArena.CrossThreadAllocationReturnsError
3252/4150 Test #3269: CoreMemoryLinearArena.CrossThreadAllocationReturnsError .........................................................   Passed    0.00 sec
          Start 3270: CoreMemoryLinearArena.MoveSameThreadPreservesUsableStorage
3253/4150 Test #3270: CoreMemoryLinearArena.MoveSameThreadPreservesUsableStorage ......................................................   Passed    0.00 sec
          Start 3271: CoreMemoryLinearArena.MoveAcrossThreadsKeepsOriginalThreadAffinity
3254/4150 Test #3271: CoreMemoryLinearArena.MoveAcrossThreadsKeepsOriginalThreadAffinity ..............................................   Passed    0.00 sec
          Start 3272: CoreMemoryLinearArena.EpochChangesOnMove
3255/4150 Test #3272: CoreMemoryLinearArena.EpochChangesOnMove ........................................................................   Passed    0.00 sec
          Start 3273: CoreMemoryArenaAllocator.BasicAllocationWorks
3256/4150 Test #3273: CoreMemoryArenaAllocator.BasicAllocationWorks ...................................................................   Passed    0.00 sec
          Start 3274: CoreMemoryArenaAllocator.WorksWithStdVector
3257/4150 Test #3274: CoreMemoryArenaAllocator.WorksWithStdVector .....................................................................   Passed    0.00 sec
          Start 3275: CoreMemoryArenaAllocator.RebindWorks
3258/4150 Test #3275: CoreMemoryArenaAllocator.RebindWorks ............................................................................   Passed    0.00 sec
          Start 3276: CoreMemoryArenaAllocator.EqualityComparison
3259/4150 Test #3276: CoreMemoryArenaAllocator.EqualityComparison .....................................................................   Passed    0.00 sec
          Start 3277: CoreMemoryPmr.WorksWithPmrString
3260/4150 Test #3277: CoreMemoryPmr.WorksWithPmrString ................................................................................   Passed    0.00 sec
          Start 3278: CoreMemoryTelemetry.TracksAllocations
3261/4150 Test #3278: CoreMemoryTelemetry.TracksAllocations ...........................................................................   Passed    0.00 sec
          Start 3279: Profiling_ScopedTimer.RecordsSampleToTelemetry
3262/4150 Test #3279: Profiling_ScopedTimer.RecordsSampleToTelemetry ..................................................................   Passed    0.00 sec
          Start 3280: Profiling_ScopedTimer.CategoryAccumulation
3263/4150 Test #3280: Profiling_ScopedTimer.CategoryAccumulation ......................................................................   Passed    0.01 sec
          Start 3281: Profiling_ScopedTimer.NestedTimers
3264/4150 Test #3281: Profiling_ScopedTimer.NestedTimers ..............................................................................   Passed    0.00 sec
          Start 3282: Profiling_TelemetrySystem.FrameStatsHistory
3265/4150 Test #3282: Profiling_TelemetrySystem.FrameStatsHistory .....................................................................   Passed    0.01 sec
          Start 3283: Profiling_TelemetrySystem.DrawCallTracking
3266/4150 Test #3283: Profiling_TelemetrySystem.DrawCallTracking ......................................................................   Passed    0.00 sec
          Start 3284: Profiling_TelemetrySystem.SimulationStatsTracking
3267/4150 Test #3284: Profiling_TelemetrySystem.SimulationStatsTracking ...............................................................   Passed    0.00 sec
          Start 3285: Profiling_TelemetrySystem.SimulationStatsResetAtBeginFrame
3268/4150 Test #3285: Profiling_TelemetrySystem.SimulationStatsResetAtBeginFrame ......................................................   Passed    0.00 sec
          Start 3286: Profiling_TelemetrySystem.AverageFrameTime
3269/4150 Test #3286: Profiling_TelemetrySystem.AverageFrameTime ......................................................................   Passed    0.00 sec
          Start 3287: Profiling_TelemetrySystem.SetAndGetPassGpuTimings
3270/4150 Test #3287: Profiling_TelemetrySystem.SetAndGetPassGpuTimings ...............................................................   Passed    0.00 sec
          Start 3288: Profiling_TelemetrySystem.MergePassCpuTimings
3271/4150 Test #3288: Profiling_TelemetrySystem.MergePassCpuTimings ...................................................................   Passed    0.00 sec
          Start 3289: Profiling_TimingCategory.AddSampleUpdatesStats
3272/4150 Test #3289: Profiling_TimingCategory.AddSampleUpdatesStats ..................................................................   Passed    0.00 sec
          Start 3290: Profiling_TimingCategory.ResetClearsState
3273/4150 Test #3290: Profiling_TimingCategory.ResetClearsState .......................................................................   Passed    0.00 sec
          Start 3291: TelemetryPresentTiming.PresentTimingsRecordedInFrameStats
3274/4150 Test #3291: TelemetryPresentTiming.PresentTimingsRecordedInFrameStats .......................................................   Passed    0.00 sec
          Start 3292: TelemetryPresentTiming.PresentTimingsResetEachFrame
3275/4150 Test #3292: TelemetryPresentTiming.PresentTimingsResetEachFrame .............................................................   Passed    0.00 sec
          Start 3293: CoreResourcePool.AddAndGetRoundTripsResource
3276/4150 Test #3293: CoreResourcePool.AddAndGetRoundTripsResource ....................................................................   Passed    0.00 sec
          Start 3294: CoreResourcePool.EmplaceForwardsConstructorArguments
3277/4150 Test #3294: CoreResourcePool.EmplaceForwardsConstructorArguments ............................................................   Passed    0.00 sec
          Start 3295: CoreResourcePool.GetByIndexReturnsActiveResourceWithoutGenerationCheck
3278/4150 Test #3295: CoreResourcePool.GetByIndexReturnsActiveResourceWithoutGenerationCheck ..........................................   Passed    0.00 sec
          Start 3296: CoreResourcePool.RemoveInvalidatesHandleImmediately
3279/4150 Test #3296: CoreResourcePool.RemoveInvalidatesHandleImmediately .............................................................   Passed    0.00 sec
          Start 3297: CoreResourcePool.ReusedSlotRejectsStaleHandleAndAdvancesGeneration
3280/4150 Test #3297: CoreResourcePool.ReusedSlotRejectsStaleHandleAndAdvancesGeneration ..............................................   Passed    0.00 sec
          Start 3298: CoreResourcePool.DefaultRetirementFramesHonorsBoundary
3281/4150 Test #3298: CoreResourcePool.DefaultRetirementFramesHonorsBoundary ..........................................................   Passed    0.00 sec
          Start 3299: CoreResourcePool.CapacityTracksAllocatedSlotsAndClearResetsIt
3282/4150 Test #3299: CoreResourcePool.CapacityTracksAllocatedSlotsAndClearResetsIt ...................................................   Passed    0.00 sec
          Start 3300: CoreResourcePool.InvalidHandlesReturnResourceNotFound
3283/4150 Test #3300: CoreResourcePool.InvalidHandlesReturnResourceNotFound ...........................................................   Passed    0.00 sec
          Start 3301: CoreResourcePool.ConcurrentReadsAreSafe
3284/4150 Test #3301: CoreResourcePool.ConcurrentReadsAreSafe .........................................................................   Passed    0.01 sec
          Start 3302: StrongHandle.DefaultConstructor_Invalid
3285/4150 Test #3302: StrongHandle.DefaultConstructor_Invalid .........................................................................   Passed    0.00 sec
          Start 3303: StrongHandle.ParameterizedConstructor_Valid
3286/4150 Test #3303: StrongHandle.ParameterizedConstructor_Valid .....................................................................   Passed    0.00 sec
          Start 3304: StrongHandle.ZeroIndexIsValid
3287/4150 Test #3304: StrongHandle.ZeroIndexIsValid ...................................................................................   Passed    0.00 sec
          Start 3305: StrongHandle.Equality_SameValues
3288/4150 Test #3305: StrongHandle.Equality_SameValues ................................................................................   Passed    0.00 sec
          Start 3306: StrongHandle.Equality_DifferentIndex
3289/4150 Test #3306: StrongHandle.Equality_DifferentIndex ............................................................................   Passed    0.00 sec
          Start 3307: StrongHandle.Equality_DifferentGeneration
3290/4150 Test #3307: StrongHandle.Equality_DifferentGeneration .......................................................................   Passed    0.00 sec
          Start 3308: StrongHandle.Ordering_SpaceshipOperator
3291/4150 Test #3308: StrongHandle.Ordering_SpaceshipOperator .........................................................................   Passed    0.00 sec
          Start 3309: StrongHandle.TypeSafety_DifferentTagsAreDistinctTypes
3292/4150 Test #3309: StrongHandle.TypeSafety_DifferentTagsAreDistinctTypes ...........................................................   Passed    0.00 sec
          Start 3310: StrongHandle.Hashable_UnorderedSet
3293/4150 Test #3310: StrongHandle.Hashable_UnorderedSet ..............................................................................   Passed    0.00 sec
          Start 3311: StrongHandle.Hashable_UnorderedMap
3294/4150 Test #3311: StrongHandle.Hashable_UnorderedMap ..............................................................................   Passed    0.00 sec
          Start 3312: StrongHandle.Hash_DifferentValuesProduceDifferentHashes
3295/4150 Test #3312: StrongHandle.Hash_DifferentValuesProduceDifferentHashes .........................................................   Passed    0.00 sec
          Start 3313: StrongHandle.MaxGeneration
3296/4150 Test #3313: StrongHandle.MaxGeneration ......................................................................................   Passed    0.00 sec
          Start 3314: StrongHandle.MaxValidIndex
3297/4150 Test #3314: StrongHandle.MaxValidIndex ......................................................................................   Passed    0.00 sec
          Start 3315: StrongHandle.CopySemantics
3298/4150 Test #3315: StrongHandle.CopySemantics ......................................................................................   Passed    0.00 sec
          Start 3316: StrongHandle.ConstexprDefaultConstruction
3299/4150 Test #3316: StrongHandle.ConstexprDefaultConstruction .......................................................................   Passed    0.00 sec
          Start 3317: StrongHandle.ConstexprValueConstruction
3300/4150 Test #3317: StrongHandle.ConstexprValueConstruction .........................................................................   Passed    0.00 sec
          Start 3318: CoreTaskGraph.ExecuteCallbacksHonorsResourceAndLabelDependencies
3301/4150 Test #3318: CoreTaskGraph.ExecuteCallbacksHonorsResourceAndLabelDependencies ................................................   Passed    0.00 sec
          Start 3319: CoreTaskGraph.IndependentPassesStayInInsertionOrder
3302/4150 Test #3319: CoreTaskGraph.IndependentPassesStayInInsertionOrder .............................................................   Passed    0.00 sec
          Start 3320: CoreTaskGraph.WaitDependsOnAllPriorSignalers
3303/4150 Test #3320: CoreTaskGraph.WaitDependsOnAllPriorSignalers ....................................................................   Passed    0.00 sec
          Start 3321: CoreTaskGraph.WaitWithoutPriorSignalFailsCompile
3304/4150 Test #3321: CoreTaskGraph.WaitWithoutPriorSignalFailsCompile ................................................................   Passed    0.00 sec
          Start 3322: CoreTaskGraph.WaitAfterLaterSignalStillFailsCompile
3305/4150 Test #3322: CoreTaskGraph.WaitAfterLaterSignalStillFailsCompile .............................................................   Passed    0.00 sec
          Start 3323: CoreTaskGraph.ExplicitSelfDependencyFailsCompile
3306/4150 Test #3323: CoreTaskGraph.ExplicitSelfDependencyFailsCompile ................................................................   Passed    0.00 sec
          Start 3324: CoreTaskGraph.ExplicitDependencyCanCreateCycleDiagnostic
3307/4150 Test #3324: CoreTaskGraph.ExplicitDependencyCanCreateCycleDiagnostic ........................................................   Passed    0.00 sec
          Start 3325: CoreTaskGraph.NamedDependencyReasonAppearsInCycleDiagnostic
3308/4150 Test #3325: CoreTaskGraph.NamedDependencyReasonAppearsInCycleDiagnostic .....................................................   Passed    0.00 sec
          Start 3326: CoreTaskGraph.LabelDependencyCycleIncludesLabelId
3309/4150 Test #3326: CoreTaskGraph.LabelDependencyCycleIncludesLabelId ...............................................................   Passed    0.00 sec
          Start 3327: CoreTaskGraph.LargeCycleDiagnosticIsBounded
3310/4150 Test #3327: CoreTaskGraph.LargeCycleDiagnosticIsBounded .....................................................................   Passed    0.00 sec
          Start 3328: CoreTaskGraph.IndependentLabelsDoNotInterfere
3311/4150 Test #3328: CoreTaskGraph.IndependentLabelsDoNotInterfere ...................................................................   Passed    0.00 sec
          Start 3329: CoreTaskGraph.PlanOnlyBuildPlanIsStableAndExecuteIsRejected
3312/4150 Test #3329: CoreTaskGraph.PlanOnlyBuildPlanIsStableAndExecuteIsRejected .....................................................   Passed    0.00 sec
          Start 3330: CoreTaskGraph.PlanOnlyBuildPlanAndResetReuse
3313/4150 Test #3330: CoreTaskGraph.PlanOnlyBuildPlanAndResetReuse ....................................................................   Passed    0.00 sec
          Start 3331: CoreTaskGraph.ReplayReusesExactPlanAndRebindsCallbacks
3314/4150 Test #3331: CoreTaskGraph.ReplayReusesExactPlanAndRebindsCallbacks ..........................................................   Passed    0.00 sec
          Start 3332: CoreTaskGraph.ReplayStructuralDescriptorChangesRebuild
3315/4150 Test #3332: CoreTaskGraph.ReplayStructuralDescriptorChangesRebuild ..........................................................   Passed    0.00 sec
          Start 3333: CoreTaskGraph.BuildPlanBatchesMatchExecutionLayers
3316/4150 Test #3333: CoreTaskGraph.BuildPlanBatchesMatchExecutionLayers ..............................................................   Passed    0.00 sec
          Start 3334: CoreTaskGraph.ScheduleStatsIncludeExplicitAndHazardEdges
3317/4150 Test #3334: CoreTaskGraph.ScheduleStatsIncludeExplicitAndHazardEdges ........................................................   Passed    0.00 sec
          Start 3335: CoreTaskGraph.TakePassExecuteMovesOnlyTargetClosure
3318/4150 Test #3335: CoreTaskGraph.TakePassExecuteMovesOnlyTargetClosure .............................................................   Passed    0.00 sec
          Start 3336: CoreTaskGraph.ResetClearsStatsResourcesAndLabelsAcrossEpochs
3319/4150 Test #3336: CoreTaskGraph.ResetClearsStatsResourcesAndLabelsAcrossEpochs ....................................................   Passed    0.00 sec
          Start 3337: CoreTaskGraph.MainThreadReadyQueueUsesPriorityAndCostOrdering
3320/4150 Test #3337: CoreTaskGraph.MainThreadReadyQueueUsesPriorityAndCostOrdering ...................................................   Passed    0.01 sec
          Start 3338: CoreTaskGraph.FailedCompileClearsCompiledState
3321/4150 Test #3338: CoreTaskGraph.FailedCompileClearsCompiledState ..................................................................   Passed    0.00 sec
          Start 3339: CoreTaskGraphCompletionLifetime.SubmittedGraphAllowsUnrelatedWorkBeforeDependencyOrderedWait
3322/4150 Test #3339: CoreTaskGraphCompletionLifetime.SubmittedGraphAllowsUnrelatedWorkBeforeDependencyOrderedWait ....................   Passed    0.01 sec
          Start 3340: CoreTaskGraphCompletionLifetime.MainThreadPassesRunOnlyWhenOwnerPumps
3323/4150 Test #3340: CoreTaskGraphCompletionLifetime.MainThreadPassesRunOnlyWhenOwnerPumps ...........................................   Passed    0.01 sec
          Start 3341: CoreTaskGraphCompletionLifetime.PumpAndWaitRejectNonOwnerThread
3324/4150 Test #3341: CoreTaskGraphCompletionLifetime.PumpAndWaitRejectNonOwnerThread .................................................   Passed    0.00 sec
          Start 3342: CoreTaskGraphCompletionLifetime.ResetFailsClosedWhileSubmissionIsLive
3325/4150 Test #3342: CoreTaskGraphCompletionLifetime.ResetFailsClosedWhileSubmissionIsLive ...........................................   Passed    0.01 sec
          Start 3343: CoreTaskGraphCompletionLifetime.CompletedHandleRemainsReadyDuringLaterReplaySubmission
3326/4150 Test #3343: CoreTaskGraphCompletionLifetime.CompletedHandleRemainsReadyDuringLaterReplaySubmission ..........................   Passed    0.00 sec
          Start 3344: CoreTaskGraphCompletionLifetime.WorkerCompletionWakesOwnerForMainThreadSuccessor
3327/4150 Test #3344: CoreTaskGraphCompletionLifetime.WorkerCompletionWakesOwnerForMainThreadSuccessor ................................   Passed    0.02 sec
          Start 3345: CoreTaskGraphCompletionLifetime.CompletionKeepsCallbacksAliveAfterGraphDestruction
3328/4150 Test #3345: CoreTaskGraphCompletionLifetime.CompletionKeepsCallbacksAliveAfterGraphDestruction ..............................   Passed    0.00 sec
          Start 3346: CoreTaskGraphCompletionLifetime.DroppingLastHandleWithOwnerWorkLeavesGraphFailClosed
3329/4150 Test #3346: CoreTaskGraphCompletionLifetime.DroppingLastHandleWithOwnerWorkLeavesGraphFailClosed ............................   Passed    0.00 sec
          Start 3347: CoreTaskGraphCompletionLifetime.WaitHelpRunsGraphWorkWhenSingleWorkerIsSaturated
3330/4150 Test #3347: CoreTaskGraphCompletionLifetime.WaitHelpRunsGraphWorkWhenSingleWorkerIsSaturated ................................   Passed    0.01 sec
          Start 3348: CoreTaskGraphCompletionLifetime.ExternalHelperStealsWorkerLocalWork
3331/4150 Test #3348: CoreTaskGraphCompletionLifetime.ExternalHelperStealsWorkerLocalWork .............................................   Passed    0.01 sec
          Start 3349: CoreTaskGraphCompletionLifetime.WaitStealsWorkerLocalWorkNeededByGraph
3332/4150 Test #3349: CoreTaskGraphCompletionLifetime.WaitStealsWorkerLocalWorkNeededByGraph ..........................................   Passed    0.01 sec
          Start 3350: CoreTaskGraphCompletionLifetime.SingleWorkerRetainsLocalProgressAfterFairnessProbe
3333/4150 Test #3350: CoreTaskGraphCompletionLifetime.SingleWorkerRetainsLocalProgressAfterFairnessProbe ..............................   Passed    0.01 sec
          Start 3351: CoreTaskGraphCompletionLifetime.TaskGraphPriorityReachesSchedulerLanes
3334/4150 Test #3351: CoreTaskGraphCompletionLifetime.TaskGraphPriorityReachesSchedulerLanes ..........................................   Passed    0.01 sec
          Start 3352: CoreTaskGraphCompletionLifetime.DependentTaskGraphPriorityReachesWorkerLocalLanes
3335/4150 Test #3352: CoreTaskGraphCompletionLifetime.DependentTaskGraphPriorityReachesWorkerLocalLanes ...............................   Passed    0.01 sec
          Start 3353: CoreTaskGraphCompletionLifetime.WaitWakesForChildDispatchedAfterHelperRegisters
3336/4150 Test #3353: CoreTaskGraphCompletionLifetime.WaitWakesForChildDispatchedAfterHelperRegisters .................................   Passed    0.01 sec
          Start 3354: CoreTaskGraphCompletionLifetime.WorkerOwnedWaitWakesForChildDispatchedAfterHelperRegisters
3337/4150 Test #3354: CoreTaskGraphCompletionLifetime.WorkerOwnedWaitWakesForChildDispatchedAfterHelperRegisters ......................   Passed    0.01 sec
          Start 3355: CoreTaskGraphCompletionLifetime.NonOwnerCanPollCopiedCompletionUntilReady
3338/4150 Test #3355: CoreTaskGraphCompletionLifetime.NonOwnerCanPollCopiedCompletionUntilReady .......................................   Passed    0.01 sec
          Start 3356: CoreTaskGraphCompletionLifetime.PendingWorkerSubmissionFailsClosedAfterSchedulerReplacement
3339/4150 Test #3356: CoreTaskGraphCompletionLifetime.PendingWorkerSubmissionFailsClosedAfterSchedulerReplacement .....................   Passed    0.02 sec
          Start 3357: CoreTaskGraphCompletionLifetime.SubmittedIndependentPassesRunInParallel
3340/4150 Test #3357: CoreTaskGraphCompletionLifetime.SubmittedIndependentPassesRunInParallel .........................................   Passed    0.01 sec
          Start 3358: CoreTaskGraphCompletionLifetime.SubmitKeepsCompletionStateAliveUntilWorkerClosuresRetire
3341/4150 Test #3358: CoreTaskGraphCompletionLifetime.SubmitKeepsCompletionStateAliveUntilWorkerClosuresRetire ........................   Passed    0.03 sec
          Start 3359: CoreTasks.BasicDispatch
3342/4150 Test #3359: CoreTasks.BasicDispatch .........................................................................................   Passed    0.01 sec
          Start 3360: CoreTasks.SaturatedPriorityLanesPreferHighPriorityWork
3343/4150 Test #3360: CoreTasks.SaturatedPriorityLanesPreferHighPriorityWork ..........................................................   Passed    0.01 sec
          Start 3361: CoreTasks.DispatchWhileWorkerIsActiveSuppressesWakeNotification
3344/4150 Test #3361: CoreTasks.DispatchWhileWorkerIsActiveSuppressesWakeNotification .................................................   Passed    0.01 sec
          Start 3362: CoreTasks.ParkedWorkerDispatchHandshakeMakesRepeatedProgress
3345/4150 Test #3362: CoreTasks.ParkedWorkerDispatchHandshakeMakesRepeatedProgress ....................................................   Passed    0.01 sec
          Start 3363: CoreTasks.DispatchRacingWorkerParkMakesRepeatedProgress
3346/4150 Test #3363: CoreTasks.DispatchRacingWorkerParkMakesRepeatedProgress .........................................................   Passed    0.01 sec
          Start 3364: CoreTasks.WaitForAllWakesForChildDispatchedAfterHelperRegisters
3347/4150 Test #3364: CoreTasks.WaitForAllWakesForChildDispatchedAfterHelperRegisters .................................................   Passed    0.01 sec
          Start 3365: CoreTasks.WorkProgressTokenFromPriorSchedulerInstanceFailsClosed
3348/4150 Test #3365: CoreTasks.WorkProgressTokenFromPriorSchedulerInstanceFailsClosed ................................................   Passed    0.02 sec
          Start 3366: CoreTasks.ContendedDispatchCompletes
3349/4150 Test #3366: CoreTasks.ContendedDispatchCompletes ............................................................................   Passed    0.02 sec
          Start 3367: CoreTasks.CoroutineDispatch
3350/4150 Test #3367: CoreTasks.CoroutineDispatch .....................................................................................   Passed    0.01 sec
          Start 3368: CoreTasks.NestedCoroutines
3351/4150 Test #3368: CoreTasks.NestedCoroutines ......................................................................................   Passed    0.01 sec
          Start 3369: CoreTasks.CoroutinesActuallyYield
3352/4150 Test #3369: CoreTasks.CoroutinesActuallyYield ...............................................................................   Passed    0.01 sec
          Start 3370: CoreTasks.CounterEventParksAndUnparksContinuation
3353/4150 Test #3370: CoreTasks.CounterEventParksAndUnparksContinuation ...............................................................   Passed    0.01 sec
          Start 3371: CoreTasks.CounterEventMultipleWaitersResumeExactlyOnce
3354/4150 Test #3371: CoreTasks.CounterEventMultipleWaitersResumeExactlyOnce ..........................................................   Passed    0.01 sec
          Start 3372: CoreTasks.CounterEventCanBeRearmedAfterReady
3355/4150 Test #3372: CoreTasks.CounterEventCanBeRearmedAfterReady ....................................................................   Passed    0.01 sec
          Start 3373: CoreTasks.CounterEventProgressObservedBeforeQueueCheckCannotLoseWake
3356/4150 Test #3373: CoreTasks.CounterEventProgressObservedBeforeQueueCheckCannotLoseWake ............................................   Passed    0.01 sec
          Start 3374: CoreTasks.CounterEventResumeBeforeAwaitSuspendReturnsDoesNotTouchDestroyedFrame
3357/4150 Test #3374: CoreTasks.CounterEventResumeBeforeAwaitSuspendReturnsDoesNotTouchDestroyedFrame .................................   Passed    0.01 sec
          Start 3375: CoreTasks.CounterEventReleaseReclaimsParkedFrameWithoutResuming
3358/4150 Test #3375: CoreTasks.CounterEventReleaseReclaimsParkedFrameWithoutResuming .................................................   Passed    0.01 sec
          Start 3376: CoreTasks.SchedulerShutdownReclaimsParkedFrameWithoutResuming
3359/4150 Test #3376: CoreTasks.SchedulerShutdownReclaimsParkedFrameWithoutResuming ...................................................   Passed    0.01 sec
          Start 3377: CoreTasks.StaleWaitTokenUnparkDoesNotResumeNewWaiters
3360/4150 Test #3377: CoreTasks.StaleWaitTokenUnparkDoesNotResumeNewWaiters ...........................................................   Passed    0.01 sec
          Start 3378: CoreTasks.WaitTokenFromPriorSchedulerInstanceCannotReleaseCurrentSlot
3361/4150 Test #3378: CoreTasks.WaitTokenFromPriorSchedulerInstanceCannotReleaseCurrentSlot ...........................................   Passed    0.02 sec
          Start 3379: CoreTasks.CounterEventHighFanInRandomizedSignalsResumeExactlyOnce
3362/4150 Test #3379: CoreTasks.CounterEventHighFanInRandomizedSignalsResumeExactlyOnce ...............................................   Passed    0.01 sec
          Start 3380: CoreTasks.IndependentCounterEventsPreserveSchedulerInstanceAcrossWaitShards
3363/4150 Test #3380: CoreTasks.IndependentCounterEventsPreserveSchedulerInstanceAcrossWaitShards .....................................   Passed    0.02 sec
          Start 3381: CoreTasks.OverflowHandling
3364/4150 Test #3381: CoreTasks.OverflowHandling ......................................................................................   Passed    0.03 sec
          Start 3382: CoreTasks.SchedulerStatsExposeQueueAndStealTelemetry
3365/4150 Test #3382: CoreTasks.SchedulerStatsExposeQueueAndStealTelemetry ............................................................   Passed    0.01 sec
          Start 3383: CoreTasks.SchedulerStatsCanBeExportedToFrameTelemetry
3366/4150 Test #3383: CoreTasks.SchedulerStatsCanBeExportedToFrameTelemetry ...........................................................   Passed    0.01 sec
          Start 3384: CoreTasks.UndispatchedJobDestruction_NoLeak
3367/4150 Test #3384: CoreTasks.UndispatchedJobDestruction_NoLeak .....................................................................   Passed    0.01 sec
          Start 3385: CoreTasks.JobMoveDoesNotDoubleFree
3368/4150 Test #3385: CoreTasks.JobMoveDoesNotDoubleFree ..............................................................................   Passed    0.01 sec
          Start 3386: CoreTasks.JobMoveAssignment_CleansUpPrevious
3369/4150 Test #3386: CoreTasks.JobMoveAssignment_CleansUpPrevious ....................................................................   Passed    0.01 sec
          Start 3387: NullPlatform.QueuesDrainsAndAppliesEventsDeterministically
3370/4150 Test #3387: NullPlatform.QueuesDrainsAndAppliesEventsDeterministically ......................................................   Passed    0.00 sec
          Start 3388: NullPlatform.SupportsHeadlessClipboardCursorMinimizeAndClose
3371/4150 Test #3388: NullPlatform.SupportsHeadlessClipboardCursorMinimizeAndClose ....................................................   Passed    0.00 sec
          Start 3389: NullPlatform.BuffersTextAndDropEventsForEditorWorkflows
3372/4150 Test #3389: NullPlatform.BuffersTextAndDropEventsForEditorWorkflows .........................................................   Passed    0.00 sec
          Start 3390: PlatformLayering.PlatformDoesNotImportGraphicsOrRuntime
3373/4150 Test #3390: PlatformLayering.PlatformDoesNotImportGraphicsOrRuntime .........................................................   Passed    0.00 sec
          Start 3439: RHIBufferManager.CreateReturnsLeaseOnSuccess
3374/4150 Test #3439: RHIBufferManager.CreateReturnsLeaseOnSuccess ....................................................................   Passed    0.00 sec
          Start 3440: RHIBufferManager.CreateReturnsOutOfDeviceMemoryOnDeviceFailure
3375/4150 Test #3440: RHIBufferManager.CreateReturnsOutOfDeviceMemoryOnDeviceFailure ..................................................   Passed    0.00 sec
          Start 3441: RHIBufferManager.CreateShortCircuitsOnNonOperationalDevice
3376/4150 Test #3441: RHIBufferManager.CreateShortCircuitsOnNonOperationalDevice ......................................................   Passed    0.00 sec
          Start 3442: RHIBufferManager.LastLeaseDroppedDestroysGpuResource
3377/4150 Test #3442: RHIBufferManager.LastLeaseDroppedDestroysGpuResource ............................................................   Passed    0.00 sec
          Start 3443: RHIBufferManager.SharedLeasesPostponeDestroyUntilLastDrop
3378/4150 Test #3443: RHIBufferManager.SharedLeasesPostponeDestroyUntilLastDrop .......................................................   Passed    0.00 sec
          Start 3444: RHIBufferManager.DestructorIsCleanAfterAllLeasesDropped
3379/4150 Test #3444: RHIBufferManager.DestructorIsCleanAfterAllLeasesDropped .........................................................   Passed    0.00 sec
          Start 3445: RHISamplerManager.GetOrCreateReturnsOutOfDeviceMemoryOnDeviceFailure
3380/4150 Test #3445: RHISamplerManager.GetOrCreateReturnsOutOfDeviceMemoryOnDeviceFailure ............................................   Passed    0.00 sec
          Start 3446: RHISamplerManager.GetOrCreateShortCircuitsOnNonOperationalDevice
3381/4150 Test #3446: RHISamplerManager.GetOrCreateShortCircuitsOnNonOperationalDevice ................................................   Passed    0.00 sec
          Start 3447: RHISamplerManager.IdenticalDescsReturnSameGpuObject
3382/4150 Test #3447: RHISamplerManager.IdenticalDescsReturnSameGpuObject .............................................................   Passed    0.00 sec
          Start 3448: RHISamplerManager.DifferentDescsReturnDistinctGpuObjects
3383/4150 Test #3448: RHISamplerManager.DifferentDescsReturnDistinctGpuObjects ........................................................   Passed    0.00 sec
          Start 3449: RHISamplerManager.DefaultSamplerBorderColorPreservesOpaqueBlack
3384/4150 Test #3449: RHISamplerManager.DefaultSamplerBorderColorPreservesOpaqueBlack .................................................   Passed    0.00 sec
          Start 3450: RHISamplerManager.BorderColorParticipatesInDedupKey
3385/4150 Test #3450: RHISamplerManager.BorderColorParticipatesInDedupKey .............................................................   Passed    0.00 sec
          Start 3451: RHISamplerManager.LastLeaseDroppedDestroysGpuSampler
3386/4150 Test #3451: RHISamplerManager.LastLeaseDroppedDestroysGpuSampler ............................................................   Passed    0.00 sec
          Start 3452: RHISamplerManager.DestructorIsCleanAfterAllLeasesDropped
3387/4150 Test #3452: RHISamplerManager.DestructorIsCleanAfterAllLeasesDropped ........................................................   Passed    0.00 sec
          Start 3453: RHITextureManager.CreateReturnsLeaseOnSuccess
3388/4150 Test #3453: RHITextureManager.CreateReturnsLeaseOnSuccess ...................................................................   Passed    0.00 sec
          Start 3454: RHITextureManager.CreateReturnsOutOfDeviceMemoryOnDeviceFailure
3389/4150 Test #3454: RHITextureManager.CreateReturnsOutOfDeviceMemoryOnDeviceFailure .................................................   Passed    0.00 sec
          Start 3455: RHITextureManager.CreateShortCircuitsOnNonOperationalDevice
3390/4150 Test #3455: RHITextureManager.CreateShortCircuitsOnNonOperationalDevice .....................................................   Passed    0.00 sec
          Start 3456: RHITextureManager.LastLeaseDroppedDestroysTextureAndFreesBindlessSlot
3391/4150 Test #3456: RHITextureManager.LastLeaseDroppedDestroysTextureAndFreesBindlessSlot ...........................................   Passed    0.00 sec
          Start 3457: RHITextureManager.CreateWithoutSamplerSkipsBindlessRegistration
3392/4150 Test #3457: RHITextureManager.CreateWithoutSamplerSkipsBindlessRegistration .................................................   Passed    0.00 sec
          Start 3458: RHITextureManager.DestructorIsCleanAfterAllLeasesDropped
3393/4150 Test #3458: RHITextureManager.DestructorIsCleanAfterAllLeasesDropped ........................................................   Passed    0.00 sec
          Start 3459: GpuAssetCache.BufferRequestTransitionsToReadyAfterTick
3394/4150 Test #3459: GpuAssetCache.BufferRequestTransitionsToReadyAfterTick ..........................................................   Passed    0.00 sec
          Start 3460: GpuAssetCache.TextureRequestPopulatesBindlessIndex
3395/4150 Test #3460: GpuAssetCache.TextureRequestPopulatesBindlessIndex ..............................................................   Passed    0.00 sec
          Start 3461: GpuAssetCache.BufferAllocationFailureMarksEntryFailed
3396/4150 Test #3461: GpuAssetCache.BufferAllocationFailureMarksEntryFailed ...........................................................   Passed    0.00 sec
          Start 3462: GpuAssetCache.NotifyFailedCreatesEntryInFailedState
3397/4150 Test #3462: GpuAssetCache.NotifyFailedCreatesEntryInFailedState .............................................................   Passed    0.00 sec
          Start 3463: GpuAssetCache.HotReloadAdvancesGenerationAndRetiresOldLease
3398/4150 Test #3463: GpuAssetCache.HotReloadAdvancesGenerationAndRetiresOldLease .....................................................   Passed    0.00 sec
          Start 3464: GpuAssetCache.OldLeaseSurvivesFramesInFlightBeforeDestruction
3399/4150 Test #3464: GpuAssetCache.OldLeaseSurvivesFramesInFlightBeforeDestruction ...................................................   Passed    0.00 sec
          Start 3465: GpuAssetCache.NotifyReloadedTransitionsReadyToCpuPendingWithoutRetiring
3400/4150 Test #3465: GpuAssetCache.NotifyReloadedTransitionsReadyToCpuPendingWithoutRetiring .........................................   Passed    0.00 sec
          Start 3466: GpuAssetCache.NotifyDestroyedRemovesEntryAndQueuesLeaseForRetirement
3401/4150 Test #3466: GpuAssetCache.NotifyDestroyedRemovesEntryAndQueuesLeaseForRetirement ............................................   Passed    0.00 sec
          Start 3467: GpuAssetCache.RequestUploadWhileGpuUploadingReturnsConflict
3402/4150 Test #3467: GpuAssetCache.RequestUploadWhileGpuUploadingReturnsConflict .....................................................   Passed    0.00 sec
          Start 3468: GpuAssetCache.TextureRequestCanOwnSamplerFromDescriptor
3403/4150 Test #3468: GpuAssetCache.TextureRequestCanOwnSamplerFromDescriptor .........................................................   Passed    0.00 sec
          Start 3469: GpuAssetCache.FallbackTextureResolvesMissingPendingAndFailedAssets
3404/4150 Test #3469: GpuAssetCache.FallbackTextureResolvesMissingPendingAndFailedAssets ..............................................   Passed    0.00 sec
          Start 3470: GpuAssetCache.ReadyTextureBypassesFallback
3405/4150 Test #3470: GpuAssetCache.ReadyTextureBypassesFallback ......................................................................   Passed    0.00 sec
          Start 3471: GpuAssetCache.TextureCreateAndSamplerCreateFailuresAreDiagnosed
3406/4150 Test #3471: GpuAssetCache.TextureCreateAndSamplerCreateFailuresAreDiagnosed .................................................   Passed    0.00 sec
          Start 3472: GpuAssetCache.NonOperationalUploadDefersWithoutFailingEntry
3407/4150 Test #3472: GpuAssetCache.NonOperationalUploadDefersWithoutFailingEntry .....................................................   Passed    0.00 sec
          Start 3473: GpuAssetCache.NonOperationalBackendReportsDeterministicFallbackMiss
3408/4150 Test #3473: GpuAssetCache.NonOperationalBackendReportsDeterministicFallbackMiss .............................................   Passed    0.00 sec
          Start 3474: GpuAssetCache.GpuProducedTexturePromotesOnlyAfterReadyFrame
3409/4150 Test #3474: GpuAssetCache.GpuProducedTexturePromotesOnlyAfterReadyFrame .....................................................   Passed    0.00 sec
          Start 3475: GpuAssetCache.GpuProducedTextureReadyFrameCanBeSetAfterRecording
3410/4150 Test #3475: GpuAssetCache.GpuProducedTextureReadyFrameCanBeSetAfterRecording ................................................   Passed    0.00 sec
          Start 3476: GpuAssetCache.GpuProducedTextureFailureRequiresMatchingGeneration
3411/4150 Test #3476: GpuAssetCache.GpuProducedTextureFailureRequiresMatchingGeneration ...............................................   Passed    0.00 sec
          Start 3477: GpuAssetCache.GpuProducedTextureReadyFrameRequiresMatchingGeneration
3412/4150 Test #3477: GpuAssetCache.GpuProducedTextureReadyFrameRequiresMatchingGeneration ............................................   Passed    0.00 sec
          Start 3478: GpuAssetCache.GpuProducedTextureFailureDoesNotRecreateDestroyedSlot
3413/4150 Test #3478: GpuAssetCache.GpuProducedTextureFailureDoesNotRecreateDestroyedSlot .............................................   Passed    0.00 sec
          Start 3479: GpuAssetCache.GpuProducedTextureRequiresSampledColorTargetUsage
3414/4150 Test #3479: GpuAssetCache.GpuProducedTextureRequiresSampledColorTargetUsage .................................................   Passed    0.00 sec
          Start 3480: GpuAssetCache.GpuProducedTextureReloadKeepsPreviousViewUntilReady
3415/4150 Test #3480: GpuAssetCache.GpuProducedTextureReloadKeepsPreviousViewUntilReady ...............................................   Passed    0.00 sec
          Start 3481: GpuAssetCache.GpuProducedTextureRejectsReadyFrameForTransferUpload
3416/4150 Test #3481: GpuAssetCache.GpuProducedTextureRejectsReadyFrameForTransferUpload ..............................................   Passed    0.00 sec
          Start 3482: RHIPipelineManager.CreateReturnsLeaseOnSuccess
3417/4150 Test #3482: RHIPipelineManager.CreateReturnsLeaseOnSuccess ..................................................................   Passed    0.00 sec
          Start 3483: RHIPipelineManager.CreateReturnsPipelineCreationFailedOnDeviceFailure
3418/4150 Test #3483: RHIPipelineManager.CreateReturnsPipelineCreationFailedOnDeviceFailure ...........................................   Passed    0.00 sec
          Start 3484: RHIPipelineManager.CreateShortCircuitsOnNonOperationalDevice
3419/4150 Test #3484: RHIPipelineManager.CreateShortCircuitsOnNonOperationalDevice ....................................................   Passed    0.00 sec
          Start 3485: RHIPipelineManager.OnCompiledCallbackFiresAtCreate
3420/4150 Test #3485: RHIPipelineManager.OnCompiledCallbackFiresAtCreate ..............................................................   Passed    0.00 sec
          Start 3486: RHIPipelineManager.RecompileStagesNewPipelineWithoutInvalidatingHandle
3421/4150 Test #3486: RHIPipelineManager.RecompileStagesNewPipelineWithoutInvalidatingHandle ..........................................   Passed    0.00 sec
          Start 3487: RHIPipelineManager.CommitPendingPromotesNewPipelineAndDestroysOld
3422/4150 Test #3487: RHIPipelineManager.CommitPendingPromotesNewPipelineAndDestroysOld ...............................................   Passed    0.00 sec
          Start 3488: RHIPipelineManager.FailedRecompileKeepsLastKnownGoodPipelineAndReportsDiagnostic
3423/4150 Test #3488: RHIPipelineManager.FailedRecompileKeepsLastKnownGoodPipelineAndReportsDiagnostic ................................   Passed    0.00 sec
          Start 3489: RHIPipelineManager.LastLeaseDroppedDestroysGpuPipeline
3424/4150 Test #3489: RHIPipelineManager.LastLeaseDroppedDestroysGpuPipeline ..........................................................   Passed    0.00 sec
          Start 3490: RHIPipelineManager.DestructorIsCleanAfterAllLeasesDropped
3425/4150 Test #3490: RHIPipelineManager.DestructorIsCleanAfterAllLeasesDropped .......................................................   Passed    0.00 sec
          Start 3491: RHIProfiler.QueryRangeMapsAbsoluteIndicesToSlotLocalIndices
3426/4150 Test #3491: RHIProfiler.QueryRangeMapsAbsoluteIndicesToSlotLocalIndices .....................................................   Passed    0.00 sec
          Start 3492: RHIProfiler.TimestampDeltaRejectsUnsupportedWidthsAndHandlesWrap
3427/4150 Test #3492: RHIProfiler.TimestampDeltaRejectsUnsupportedWidthsAndHandlesWrap ................................................   Passed    0.00 sec
          Start 3493: RHIProfiler.DurationResolutionRequiresBothAvailableValues
3428/4150 Test #3493: RHIProfiler.DurationResolutionRequiresBothAvailableValues .......................................................   Passed    0.00 sec
          Start 3494: RHIProfiler.DurationResolutionValidatesPeriodAndCheckedConversion
3429/4150 Test #3494: RHIProfiler.DurationResolutionValidatesPeriodAndCheckedConversion ...............................................   Passed    0.00 sec
          Start 3495: RHIProfiler.DurationResolutionRejectsAmbiguousMultipleWrapEnvelope
3430/4150 Test #3495: RHIProfiler.DurationResolutionRejectsAmbiguousMultipleWrapEnvelope ..............................................   Passed    0.00 sec
          Start 3496: RHIProfiler.OptionalDurationDistinguishesNativeZeroFromUnavailable
3431/4150 Test #3496: RHIProfiler.OptionalDurationDistinguishesNativeZeroFromUnavailable ..............................................   Passed    0.00 sec
          Start 3497: BufferTransferRange.ValidatesExactSubranges
3432/4150 Test #3497: BufferTransferRange.ValidatesExactSubranges .....................................................................   Passed    0.00 sec
          Start 3498: BufferTransferRange.RejectsEmptyBuffersAndZeroByteRanges
3433/4150 Test #3498: BufferTransferRange.RejectsEmptyBuffersAndZeroByteRanges ........................................................   Passed    0.00 sec
          Start 3499: BufferTransferRange.RejectsOutOfBoundsWithoutOverflow
3434/4150 Test #3499: BufferTransferRange.RejectsOutOfBoundsWithoutOverflow ...........................................................   Passed    0.00 sec
          Start 3500: BufferTransferAlignment.AlignsWithNonPowerOfTwoValues
3435/4150 Test #3500: BufferTransferAlignment.AlignsWithNonPowerOfTwoValues ...........................................................   Passed    0.00 sec
          Start 3501: BufferTransferAlignment.RejectsInvalidAndOverflowingAlignment
3436/4150 Test #3501: BufferTransferAlignment.RejectsInvalidAndOverflowingAlignment ...................................................   Passed    0.00 sec
          Start 3502: BufferTransferAlignment.ExpandsDestinationRangeAndRevalidatesCapacity
3437/4150 Test #3502: BufferTransferAlignment.ExpandsDestinationRangeAndRevalidatesCapacity ...........................................   Passed    0.00 sec
          Start 3503: BufferTransferPlan.SortsCoalescesAndPacksSourceOffsets
3438/4150 Test #3503: BufferTransferPlan.SortsCoalescesAndPacksSourceOffsets ..........................................................   Passed    0.00 sec
          Start 3504: BufferTransferPlan.CanPreserveSeparateOverlappingRanges
3439/4150 Test #3504: BufferTransferPlan.CanPreserveSeparateOverlappingRanges .........................................................   Passed    0.00 sec
          Start 3505: BufferTransferPlan.AlignsDirtyRangesBeforeCoalescing
3440/4150 Test #3505: BufferTransferPlan.AlignsDirtyRangesBeforeCoalescing ............................................................   Passed    0.00 sec
          Start 3506: BufferTransferPlan.RejectsOutOfRangeDirtyRanges
3441/4150 Test #3506: BufferTransferPlan.RejectsOutOfRangeDirtyRanges .................................................................   Passed    0.00 sec
          Start 3507: BufferTransferDimensions.ExactTightRangeMatches
3442/4150 Test #3507: BufferTransferDimensions.ExactTightRangeMatches .................................................................   Passed    0.00 sec
          Start 3508: BufferTransferDimensions.FitWithinAllowsPaddingButExactRejectsIt
3443/4150 Test #3508: BufferTransferDimensions.FitWithinAllowsPaddingButExactRejectsIt ................................................   Passed    0.00 sec
          Start 3509: BufferTransferDimensions.StrideDefinesFootprint
3444/4150 Test #3509: BufferTransferDimensions.StrideDefinesFootprint .................................................................   Passed    0.00 sec
          Start 3510: BufferTransferDimensions.RejectsInvalidStrideAndOverflow
3445/4150 Test #3510: BufferTransferDimensions.RejectsInvalidStrideAndOverflow ........................................................   Passed    0.00 sec
          Start 3511: GraphicsColormapSystem.InitializeSubmitsLutUploadsThroughTransferQueue
3446/4150 Test #3511: GraphicsColormapSystem.InitializeSubmitsLutUploadsThroughTransferQueue ..........................................   Passed    0.00 sec
          Start 3512: GraphicsColormapSystem.ReadinessTracksPendingTransferTokens
3447/4150 Test #3512: GraphicsColormapSystem.ReadinessTracksPendingTransferTokens .....................................................   Passed    0.00 sec
          Start 3513: GraphicsColormapSystem.InvalidTransferTokensKeepColormapsNotReady
3448/4150 Test #3513: GraphicsColormapSystem.InvalidTransferTokensKeepColormapsNotReady ...............................................   Passed    0.00 sec
          Start 3514: GraphicsDebugViewSystem.InspectionTableClassifiesSampleableTargetsAndBuffers
3449/4150 Test #3514: GraphicsDebugViewSystem.InspectionTableClassifiesSampleableTargetsAndBuffers ....................................   Passed    0.00 sec
          Start 3515: GraphicsDebugViewSystem.ResolvesValidSelectionWithoutFallback
3450/4150 Test #3515: GraphicsDebugViewSystem.ResolvesValidSelectionWithoutFallback ...................................................   Passed    0.00 sec
          Start 3516: GraphicsDebugViewSystem.MissingDisabledAndUnsupportedSelectionsFallbackDeterministically
3451/4150 Test #3516: GraphicsDebugViewSystem.MissingDisabledAndUnsupportedSelectionsFallbackDeterministically ........................   Passed    0.00 sec
          Start 3517: GraphicsDebugViewSystem.DisabledDebugViewDoesNotEnablePreviewPass
3452/4150 Test #3517: GraphicsDebugViewSystem.DisabledDebugViewDoesNotEnablePreviewPass ...............................................   Passed    0.00 sec
          Start 3518: GraphicsDebugViewSystem.InspectionDumpIsStableAndIncludesPreviewability
3453/4150 Test #3518: GraphicsDebugViewSystem.InspectionDumpIsStableAndIncludesPreviewability .........................................   Passed    0.00 sec
          Start 3519: GraphicsGpuSceneSlot.DefaultStateHasNoAssetOrResidency
3454/4150 Test #3519: GraphicsGpuSceneSlot.DefaultStateHasNoAssetOrResidency ..........................................................   Passed    0.00 sec
          Start 3520: GraphicsGpuSceneSlot.TracksHandlesAndSourceAssetGeneration
3455/4150 Test #3520: GraphicsGpuSceneSlot.TracksHandlesAndSourceAssetGeneration ......................................................   Passed    0.00 sec
          Start 3521: GraphicsGpuSceneSlot.ClearingSourceAssetPreservesResidencyAndBuffers
3456/4150 Test #3521: GraphicsGpuSceneSlot.ClearingSourceAssetPreservesResidencyAndBuffers ............................................   Passed    0.00 sec
          Start 3522: GraphicsGpuSceneSlot.EvaluatesAssetRebindDecisionDeterministically
3457/4150 Test #3522: GraphicsGpuSceneSlot.EvaluatesAssetRebindDecisionDeterministically ..............................................   Passed    0.00 sec
          Start 3523: GraphicsImGuiOverlaySystem.SubmitFrameAggregatesValidDrawData
3458/4150 Test #3523: GraphicsImGuiOverlaySystem.SubmitFrameAggregatesValidDrawData ...................................................   Passed    0.00 sec
          Start 3524: GraphicsImGuiOverlaySystem.DisabledOrInvalidFramesHaveNoOverlayWork
3459/4150 Test #3524: GraphicsImGuiOverlaySystem.DisabledOrInvalidFramesHaveNoOverlayWork .............................................   Passed    0.00 sec
          Start 3525: GraphicsImGuiOverlaySystem.UnchangedFontAtlasPayloadIsRetained
3460/4150 Test #3525: GraphicsImGuiOverlaySystem.UnchangedFontAtlasPayloadIsRetained ..................................................   Passed    0.00 sec
          Start 3526: GraphicsImGuiOverlaySystem.DiagnosticsFormattingIsDeterministic
3461/4150 Test #3526: GraphicsImGuiOverlaySystem.DiagnosticsFormattingIsDeterministic .................................................   Passed    0.00 sec
          Start 3527: GraphicsImGuiOverlaySystem.PresentFinalizationDiagnosticsRequireSourceBackbufferAndPass
3462/4150 Test #3527: GraphicsImGuiOverlaySystem.PresentFinalizationDiagnosticsRequireSourceBackbufferAndPass .........................   Passed    0.00 sec
          Start 3528: GraphicsMaterialSystem.CanonicalLayoutContractMatchesRhiSlot
3463/4150 Test #3528: GraphicsMaterialSystem.CanonicalLayoutContractMatchesRhiSlot ....................................................   Passed    0.00 sec
          Start 3529: GraphicsMaterialSystem.MaterialLayoutReloadCompatibilityIsDeterministic
3464/4150 Test #3529: GraphicsMaterialSystem.MaterialLayoutReloadCompatibilityIsDeterministic .........................................   Passed    0.00 sec
          Start 3530: GraphicsMaterialSystem.DefaultAndStaleMaterialSlotsResolveToFallbackWithDiagnostics
3465/4150 Test #3530: GraphicsMaterialSystem.DefaultAndStaleMaterialSlotsResolveToFallbackWithDiagnostics .............................   Passed    0.00 sec
          Start 3531: GraphicsMaterialSystem.RejectsIncompatibleMaterialTypeLayoutsDeterministically
3466/4150 Test #3531: GraphicsMaterialSystem.RejectsIncompatibleMaterialTypeLayoutsDeterministically ..................................   Passed    0.00 sec
          Start 3532: GraphicsMaterialSystem.DirtyMaterialUpdatesAreCoalescedAndReported
3467/4150 Test #3532: GraphicsMaterialSystem.DirtyMaterialUpdatesAreCoalescedAndReported ..............................................   Passed    0.00 sec
          Start 3533: GraphicsMaterialSystem.ResolvesReadyTextureAssetBindingsToBindlessMaterialParams
3468/4150 Test #3533: GraphicsMaterialSystem.ResolvesReadyTextureAssetBindingsToBindlessMaterialParams ................................   Passed    0.00 sec
          Start 3534: GraphicsMaterialSystem.GeneratedTextureAssetBindingsUseStandardMaterialSlots
3469/4150 Test #3534: GraphicsMaterialSystem.GeneratedTextureAssetBindingsUseStandardMaterialSlots ....................................   Passed    0.00 sec
          Start 3535: GraphicsMaterialSystem.ObjectSpaceNormalBindingsSetExplicitMaterialFlag
3470/4150 Test #3535: GraphicsMaterialSystem.ObjectSpaceNormalBindingsSetExplicitMaterialFlag .........................................   Passed    0.00 sec
          Start 3536: GraphicsMaterialSystem.RawScalarAlbedoChangesColormapWithoutRebakingTexture
3471/4150 Test #3536: GraphicsMaterialSystem.RawScalarAlbedoChangesColormapWithoutRebakingTexture .....................................   Passed    0.00 sec
          Start 3537: GraphicsMaterialSystem.ChannelSourceBitsDefaultToVertexAttributeAndRoundTrip
3472/4150 Test #3537: GraphicsMaterialSystem.ChannelSourceBitsDefaultToVertexAttributeAndRoundTrip ....................................   Passed    0.00 sec
          Start 3538: GraphicsMaterialSystem.ResolvesMissingTextureAssetBindingsToFallback
3473/4150 Test #3538: GraphicsMaterialSystem.ResolvesMissingTextureAssetBindingsToFallback ............................................   Passed    0.00 sec
          Start 3539: GraphicsMaterialSystem.ReportsTextureAssetBindingFailuresWithoutFallback
3474/4150 Test #3539: GraphicsMaterialSystem.ReportsTextureAssetBindingFailuresWithoutFallback ........................................   Passed    0.00 sec
          Start 3540: GraphicsMaterialSystem.RegistersDefaultDebugSurfaceWithStableTypeId
3475/4150 Test #3540: GraphicsMaterialSystem.RegistersDefaultDebugSurfaceWithStableTypeId .............................................   Passed    0.00 sec
          Start 3541: GraphicsMaterialSystem.DefaultSlotCarriesDefaultDebugSurfaceParams
3476/4150 Test #3541: GraphicsMaterialSystem.DefaultSlotCarriesDefaultDebugSurfaceParams ..............................................   Passed    0.00 sec
          Start 3542: GraphicsMaterialSystem.ShadingModelDefaultsToLitAndRoundTrips
3477/4150 Test #3542: GraphicsMaterialSystem.ShadingModelDefaultsToLitAndRoundTrips ...................................................   Passed    0.00 sec
          Start 3543: GraphicsPostProcessSystem.DefaultChainToneMapsHdrToLdr
3478/4150 Test #3543: GraphicsPostProcessSystem.DefaultChainToneMapsHdrToLdr ..........................................................   Passed    0.00 sec
          Start 3544: GraphicsPostProcessSystem.OptionalStagesHaveDeterministicOrder
3479/4150 Test #3544: GraphicsPostProcessSystem.OptionalStagesHaveDeterministicOrder ..................................................   Passed    0.00 sec
          Start 3545: GraphicsPostProcessSystem.DisabledChainReportsNoStagesOrLdrWrite
3480/4150 Test #3545: GraphicsPostProcessSystem.DisabledChainReportsNoStagesOrLdrWrite ................................................   Passed    0.00 sec
          Start 3546: GraphicsPostProcessSystem.InvalidSettingsAreSanitizedAndDiagnosed
3481/4150 Test #3546: GraphicsPostProcessSystem.InvalidSettingsAreSanitizedAndDiagnosed ...............................................   Passed    0.00 sec
          Start 3547: RenderGraphDebugDump.GoldenSmallRenderPassGraphIncludesAttachmentsAndResourceMaps
3482/4150 Test #3547: RenderGraphDebugDump.GoldenSmallRenderPassGraphIncludesAttachmentsAndResourceMaps ...............................   Passed    0.00 sec
          Start 3548: RenderGraphDebugDump.ResourceOnlyGraphRetainsImportedStateMetadata
3483/4150 Test #3548: RenderGraphDebugDump.ResourceOnlyGraphRetainsImportedStateMetadata ..............................................   Passed    0.00 sec
          Start 3549: GraphicsSpatialDebugVisualizers.BoundsWireframesEmitStableBoxEdges
3484/4150 Test #3549: GraphicsSpatialDebugVisualizers.BoundsWireframesEmitStableBoxEdges ..............................................   Passed    0.00 sec
          Start 3550: GraphicsSpatialDebugVisualizers.HierarchyRejectsInvalidBoundsAndDepth
3485/4150 Test #3550: GraphicsSpatialDebugVisualizers.HierarchyRejectsInvalidBoundsAndDepth ...........................................   Passed    0.00 sec
          Start 3551: GraphicsSpatialDebugVisualizers.SplitPlanesAndConvexHullEdgesAreDeterministic
3486/4150 Test #3551: GraphicsSpatialDebugVisualizers.SplitPlanesAndConvexHullEdgesAreDeterministic ...................................   Passed    0.00 sec
          Start 3552: GraphicsSpatialDebugVisualizers.BudgetsAndInvalidCoordinatesAreReported
3487/4150 Test #3552: GraphicsSpatialDebugVisualizers.BudgetsAndInvalidCoordinatesAreReported .........................................   Passed    0.00 sec
          Start 3553: GraphicsVisualizationPackets.ValidPacketsProduceAcceptedDiagnosticsAndSummary
3488/4150 Test #3553: GraphicsVisualizationPackets.ValidPacketsProduceAcceptedDiagnosticsAndSummary ...................................   Passed    0.00 sec
          Start 3554: GraphicsVisualizationPackets.InvalidRangesAndColormapsAreDiagnosed
3489/4150 Test #3554: GraphicsVisualizationPackets.InvalidRangesAndColormapsAreDiagnosed ..............................................   Passed    0.00 sec
          Start 3555: GraphicsVisualizationPackets.DomainMismatchesAndInvalidOverlayPacketsAreDiagnosed
3490/4150 Test #3555: GraphicsVisualizationPackets.DomainMismatchesAndInvalidOverlayPacketsAreDiagnosed ...............................   Passed    0.00 sec
          Start 3556: GraphicsVisualizationPackets.InvalidHtexAtlasDescriptorsRemainDataOnlyDiagnostics
3491/4150 Test #3556: GraphicsVisualizationPackets.InvalidHtexAtlasDescriptorsRemainDataOnlyDiagnostics ...............................   Passed    0.00 sec
          Start 3557: GraphicsVisualizationPackets.FragmentBakesCanUseExistingTexcoordsOrForcedHtex
3492/4150 Test #3557: GraphicsVisualizationPackets.FragmentBakesCanUseExistingTexcoordsOrForcedHtex ...................................   Passed    0.00 sec
          Start 3558: GraphicsVisualizationPackets.ResolvedUvBakeProvenanceIsReportedWithoutImplicitHtex
3493/4150 Test #3558: GraphicsVisualizationPackets.ResolvedUvBakeProvenanceIsReportedWithoutImplicitHtex ..............................   Passed    0.00 sec
          Start 3559: GraphicsVisualizationPackets.GeneratedBakeTextureSemanticsAreSummarized
3494/4150 Test #3559: GraphicsVisualizationPackets.GeneratedBakeTextureSemanticsAreSummarized .........................................   Passed    0.00 sec
          Start 3560: GraphicsVisualizationPackets.TexcoordBakesRequireExistingUvData
3495/4150 Test #3560: GraphicsVisualizationPackets.TexcoordBakesRequireExistingUvData .................................................   Passed    0.00 sec
          Start 3561: GpuTransferFacade.ImmediateSubmissionPrefersStagingAndFallsBackExplicitly
3496/4150 Test #3561: GpuTransferFacade.ImmediateSubmissionPrefersStagingAndFallsBackExplicitly .......................................   Passed    0.00 sec
          Start 3562: GpuTransferFacade.AsyncUploadEmitsReadyBarrierOnlyAfterTokenCompletion
3497/4150 Test #3562: GpuTransferFacade.AsyncUploadEmitsReadyBarrierOnlyAfterTokenCompletion ..........................................   Passed    0.00 sec
          Start 3563: GpuTransferFacade.InCommandUploadRecordsCopyAndBarrierImmediately
3498/4150 Test #3563: GpuTransferFacade.InCommandUploadRecordsCopyAndBarrierImmediately ...............................................   Passed    0.00 sec
          Start 3564: GpuTransferFacade.ReadbackDelegatesTransferReadBracketAndDeliversOnce
3499/4150 Test #3564: GpuTransferFacade.ReadbackDelegatesTransferReadBracketAndDeliversOnce ...........................................   Passed    0.00 sec
          Start 3565: GpuTransferFacade.InvalidRangesFailClosedAndUpdateDiagnostics
3500/4150 Test #3565: GpuTransferFacade.InvalidRangesFailClosedAndUpdateDiagnostics ...................................................   Passed    0.00 sec
          Start 3566: GpuTransferFacade.MultiRangeBatchPreservesOrderAndConsumesExactlyOnce
3501/4150 Test #3566: GpuTransferFacade.MultiRangeBatchPreservesOrderAndConsumesExactlyOnce ...........................................   Passed    0.00 sec
          Start 3567: GpuTransferFacade.MultiRangeBatchRejectsMalformedAndContradictoryRanges
3502/4150 Test #3567: GpuTransferFacade.MultiRangeBatchRejectsMalformedAndContradictoryRanges .........................................   Passed    0.00 sec
          Start 3568: GpuTransferFacade.CancelledBatchRetainsSinkStorageUntilTransferRetires
3503/4150 Test #3568: GpuTransferFacade.CancelledBatchRetainsSinkStorageUntilTransferRetires ..........................................   Passed    0.00 sec
          Start 3569: GpuTransferFacade.ConsumeRejectsStaleBufferGenerationBeforeExposingBytes
3504/4150 Test #3569: GpuTransferFacade.ConsumeRejectsStaleBufferGenerationBeforeExposingBytes ........................................   Passed    0.00 sec
          Start 3570: GraphicsMinimalAcceptance.Triangle_FirstImplementationContract
3505/4150 Test #3570: GraphicsMinimalAcceptance.Triangle_FirstImplementationContract ..................................................   Passed    0.00 sec
          Start 3571: GraphicsMinimalAcceptance.VisualizationSyncWritesLineWidthConfig
3506/4150 Test #3571: GraphicsMinimalAcceptance.VisualizationSyncWritesLineWidthConfig ................................................   Passed    0.00 sec
          Start 3572: GraphicsMinimalAcceptance.VisualizationSyncWritesEquivalentLinePointColorSourceConfig
3507/4150 Test #3572: GraphicsMinimalAcceptance.VisualizationSyncWritesEquivalentLinePointColorSourceConfig ...........................   Passed    0.00 sec
          Start 3573: GraphicsMinimalAcceptance.VisualizationSyncWritesPropertyBufferConfigToTargetSidecarInstances
3508/4150 Test #3573: GraphicsMinimalAcceptance.VisualizationSyncWritesPropertyBufferConfigToTargetSidecarInstances ...................   Passed    0.00 sec
          Start 3574: PropertyTextureBake.PipelineContractIsUvRasterWithoutDepthOrCulling
3509/4150 Test #3574: PropertyTextureBake.PipelineContractIsUvRasterWithoutDepthOrCulling .............................................   Passed    0.00 sec
          Start 3575: PropertyTextureBake.DilationPipelineAndScratchMatchEncodedOutput
3510/4150 Test #3575: PropertyTextureBake.DilationPipelineAndScratchMatchEncodedOutput ................................................   Passed    0.00 sec
          Start 3576: PropertyTextureBake.InvalidResourcesFailBeforeRecordingCommands
3511/4150 Test #3576: PropertyTextureBake.InvalidResourcesFailBeforeRecordingCommands .................................................   Passed    0.00 sec
          Start 3577: PropertyTextureBake.RecordsIndexedRasterWithExactRepresentationMetadata
3512/4150 Test #3577: PropertyTextureBake.RecordsIndexedRasterWithExactRepresentationMetadata .........................................   Passed    0.00 sec
          Start 3578: PropertyTextureBake.RecordsEncodedPaddingThroughGenericDilation
3513/4150 Test #3578: PropertyTextureBake.RecordsEncodedPaddingThroughGenericDilation .................................................   Passed    0.00 sec
          Start 3579: RHICommandContext.SubmitBarriersFallbackRoutesTextureAndBufferBarriers
3514/4150 Test #3579: RHICommandContext.SubmitBarriersFallbackRoutesTextureAndBufferBarriers ..........................................   Passed    0.00 sec
          Start 3580: RHICommandContext.MemoryAccessCombinesAttachmentBitsWithoutTruncation
3515/4150 Test #3580: RHICommandContext.MemoryAccessCombinesAttachmentBitsWithoutTruncation ...........................................   Passed    0.00 sec
          Start 3581: RendererRhiBoundary.RendererPublicSurfaceCompilesThroughRhiOnly
3516/4150 Test #3581: RendererRhiBoundary.RendererPublicSurfaceCompilesThroughRhiOnly .................................................   Passed    0.00 sec
          Start 3582: RendererRhiBoundary.RendererDoesNotImportVulkanBackend
3517/4150 Test #3582: RendererRhiBoundary.RendererDoesNotImportVulkanBackend ..........................................................   Passed    0.01 sec
          Start 3583: RendererRhiBoundary.RendererDoesNotImportLiveEcsOwnership
3518/4150 Test #3583: RendererRhiBoundary.RendererDoesNotImportLiveEcsOwnership .......................................................   Passed    0.01 sec
          Start 3584: RendererRhiBoundary.RhiLayerDoesNotImportVulkan
3519/4150 Test #3584: RendererRhiBoundary.RhiLayerDoesNotImportVulkan .................................................................   Passed    0.00 sec
          Start 3585: RendererRhiBoundary.RetiredTimelineSemaphoreAbstractionStaysAbsent
3520/4150 Test #3585: RendererRhiBoundary.RetiredTimelineSemaphoreAbstractionStaysAbsent ..............................................   Passed    0.02 sec
          Start 3586: RendererRhiBoundary.RetiredPipelineRegistryStaysAbsent
3521/4150 Test #3586: RendererRhiBoundary.RetiredPipelineRegistryStaysAbsent ..........................................................   Passed    0.01 sec
          Start 3587: RendererRhiBoundary.RetiredReconstructorBaseStaysAbsent
3522/4150 Test #3587: RendererRhiBoundary.RetiredReconstructorBaseStaysAbsent .........................................................   Passed    0.01 sec
          Start 3588: RendererRhiBoundary.RetiredTransientDebugUploadHelperBaseStaysAbsent
3523/4150 Test #3588: RendererRhiBoundary.RetiredTransientDebugUploadHelperBaseStaysAbsent ............................................   Passed    0.01 sec
          Start 3589: RendererRhiBoundary.RetiredVisualizationOverlayUploadHelperBaseStaysAbsent
3524/4150 Test #3589: RendererRhiBoundary.RetiredVisualizationOverlayUploadHelperBaseStaysAbsent ......................................   Passed    0.01 sec
          Start 3590: RendererRhiBoundary.RetiredImGuiUploadHelperBaseStaysAbsent
3525/4150 Test #3590: RendererRhiBoundary.RetiredImGuiUploadHelperBaseStaysAbsent .....................................................   Passed    0.01 sec
          Start 3591: RendererRhiBoundary.PromotedGraphicsAndRuntimeDoNotImportCuda
3526/4150 Test #3591: RendererRhiBoundary.PromotedGraphicsAndRuntimeDoNotImportCuda ...................................................   Passed    0.01 sec
          Start 3592: RendererRhiBoundary.SamplerBorderColorStaysBackendNeutralAndMapsInVulkanBackend
3527/4150 Test #3592: RendererRhiBoundary.SamplerBorderColorStaysBackendNeutralAndMapsInVulkanBackend .................................   Passed    0.00 sec
          Start 3593: RendererRhiBoundary.VulkanBackendDefinesPromotedSymbols
3528/4150 Test #3593: RendererRhiBoundary.VulkanBackendDefinesPromotedSymbols .........................................................   Passed    0.00 sec
          Start 3594: TextureReadback.NullBackendRejectsDownloadsFailClosed
3529/4150 Test #3594: TextureReadback.NullBackendRejectsDownloadsFailClosed ...........................................................   Passed    0.00 sec
          Start 3595: TextureReadback.MockQueueDeliversSubresourceOnCollectCompleted
3530/4150 Test #3595: TextureReadback.MockQueueDeliversSubresourceOnCollectCompleted ..................................................   Passed    0.00 sec
          Start 3596: TextureReadback.MockQueueDropsBadFormatsAndSubresources
3531/4150 Test #3596: TextureReadback.MockQueueDropsBadFormatsAndSubresources .........................................................   Passed    0.00 sec
          Start 3597: TextureUploadFormat.BytesPerBlockMatchesUploadContract
3532/4150 Test #3597: TextureUploadFormat.BytesPerBlockMatchesUploadContract ..........................................................   Passed    0.00 sec
          Start 3598: TextureUploadFormat.DepthStencilAndUndefinedAreNotUploadable
3533/4150 Test #3598: TextureUploadFormat.DepthStencilAndUndefinedAreNotUploadable ....................................................   Passed    0.00 sec
          Start 3599: TextureUploadFormat.StorageBytesPerBlockIncludesDepthStencil
3534/4150 Test #3599: TextureUploadFormat.StorageBytesPerBlockIncludesDepthStencil ....................................................   Passed    0.00 sec
          Start 3600: TextureUploadFormat.BlockExtentIsFourForBlockCompressed
3535/4150 Test #3600: TextureUploadFormat.BlockExtentIsFourForBlockCompressed .........................................................   Passed    0.00 sec
          Start 3601: TextureUploadMip.MipExtentClampsToOne
3536/4150 Test #3601: TextureUploadMip.MipExtentClampsToOne ...........................................................................   Passed    0.00 sec
          Start 3602: TextureUploadSize.RGBA8MatchesNaiveProduct
3537/4150 Test #3602: TextureUploadSize.RGBA8MatchesNaiveProduct ......................................................................   Passed    0.00 sec
          Start 3603: TextureUploadSize.NonSquareAndNonPowerOfTwoMipsClampToOne
3538/4150 Test #3603: TextureUploadSize.NonSquareAndNonPowerOfTwoMipsClampToOne .......................................................   Passed    0.00 sec
          Start 3604: TextureUploadSize.BlockCompressedRoundsUpToBlockExtent
3539/4150 Test #3604: TextureUploadSize.BlockCompressedRoundsUpToBlockExtent ..........................................................   Passed    0.00 sec
          Start 3605: TextureUploadSize.OutOfRangeMipReturnsZero
3540/4150 Test #3605: TextureUploadSize.OutOfRangeMipReturnsZero ......................................................................   Passed    0.00 sec
          Start 3606: TextureUploadSize.UnsupportedFormatReturnsZero
3541/4150 Test #3606: TextureUploadSize.UnsupportedFormatReturnsZero ..................................................................   Passed    0.00 sec
          Start 3607: TextureUploadSize.StorageEstimateIncludesMipsLayersDepthAndBlockCompression
3542/4150 Test #3607: TextureUploadSize.StorageEstimateIncludesMipsLayersDepthAndBlockCompression .....................................   Passed    0.00 sec
          Start 3608: TextureUploadLayout.SingleLayerMipChainPacksLayerMajor
3543/4150 Test #3608: TextureUploadLayout.SingleLayerMipChainPacksLayerMajor ..........................................................   Passed    0.00 sec
          Start 3609: TextureUploadLayout.MultiLayerOrderingIsLayerMajorMipMinor
3544/4150 Test #3609: TextureUploadLayout.MultiLayerOrderingIsLayerMajorMipMinor ......................................................   Passed    0.00 sec
          Start 3610: TextureUploadLayout.CubeMapTreatsSixLayersAsFaces
3545/4150 Test #3610: TextureUploadLayout.CubeMapTreatsSixLayersAsFaces ...............................................................   Passed    0.00 sec
          Start 3611: TextureUploadLayout.Tex3DTreatsDepthAsZAxisNotLayerCount
3546/4150 Test #3611: TextureUploadLayout.Tex3DTreatsDepthAsZAxisNotLayerCount ........................................................   Passed    0.00 sec
          Start 3612: TextureUploadLayout.BlockCompressedFullChainPacksRoundedSizes
3547/4150 Test #3612: TextureUploadLayout.BlockCompressedFullChainPacksRoundedSizes ...................................................   Passed    0.00 sec
          Start 3613: TextureUploadLayout.RejectsDepthStencilFormat
3548/4150 Test #3613: TextureUploadLayout.RejectsDepthStencilFormat ...................................................................   Passed    0.00 sec
          Start 3614: TextureUploadLayout.RejectsUndefinedFormat
3549/4150 Test #3614: TextureUploadLayout.RejectsUndefinedFormat ......................................................................   Passed    0.00 sec
          Start 3615: TextureUploadLayout.RejectsZeroExtentOrCount
3550/4150 Test #3615: TextureUploadLayout.RejectsZeroExtentOrCount ....................................................................   Passed    0.00 sec
          Start 3616: TextureUploadAlignment.RequiredBufferOffsetAlignmentMatchesVulkanVUIDs
3551/4150 Test #3616: TextureUploadAlignment.RequiredBufferOffsetAlignmentMatchesVulkanVUIDs ..........................................   Passed    0.00 sec
          Start 3617: TextureUploadAlignment.R8MultiLayerOffsetsAreFourAligned
3552/4150 Test #3617: TextureUploadAlignment.R8MultiLayerOffsetsAreFourAligned ........................................................   Passed    0.00 sec
          Start 3618: TextureUploadAlignment.RGB32FloatHasNonPowerOfTwoAlignment
3553/4150 Test #3618: TextureUploadAlignment.RGB32FloatHasNonPowerOfTwoAlignment ......................................................   Passed    0.00 sec
          Start 3619: TextureUploadAlignment.RG8MultiLayerOddMipPadsToFour
3554/4150 Test #3619: TextureUploadAlignment.RG8MultiLayerOddMipPadsToFour ............................................................   Passed    0.00 sec
          Start 3620: TextureUploadAlignment.BC7OffsetsAreSixteenAligned
3555/4150 Test #3620: TextureUploadAlignment.BC7OffsetsAreSixteenAligned ..............................................................   Passed    0.00 sec
          Start 3621: TransferQueueFullChain.NullBackendRejectsFullChainUploadsFailClosed
3556/4150 Test #3621: TransferQueueFullChain.NullBackendRejectsFullChainUploadsFailClosed .............................................   Passed    0.00 sec
          Start 3622: TransferQueueReadback.NullBackendRejectsDownloadsFailClosed
3557/4150 Test #3622: TransferQueueReadback.NullBackendRejectsDownloadsFailClosed .....................................................   Passed    0.00 sec
          Start 3623: TransferQueueReadback.MockQueueDeliversReadbackOnCollectCompleted
3558/4150 Test #3623: TransferQueueReadback.MockQueueDeliversReadbackOnCollectCompleted ...............................................   Passed    0.00 sec
          Start 3624: TransferQueueReadback.MockQueueDropsOutOfRangeRequests
3559/4150 Test #3624: TransferQueueReadback.MockQueueDropsOutOfRangeRequests ..........................................................   Passed    0.00 sec
          Start 3625: VulkanFailClosedContract.ProfilerSupportUsesPerQueueTimestampValidBits
3560/4150 Test #3625: VulkanFailClosedContract.ProfilerSupportUsesPerQueueTimestampValidBits ..........................................   Passed    0.00 sec
          Start 3626: VulkanFailClosedContract.ProfilerRejectsInvalidTimestampPeriod
3561/4150 Test #3626: VulkanFailClosedContract.ProfilerRejectsInvalidTimestampPeriod ..................................................   Passed    0.00 sec
          Start 3627: VulkanFailClosedContract.ProfilerQueryPoolFailureIsNonFatalToDeviceBootstrap
3562/4150 Test #3627: VulkanFailClosedContract.ProfilerQueryPoolFailureIsNonFatalToDeviceBootstrap ....................................   Passed    0.00 sec
          Start 3628: VulkanFailClosedContract.ProfilerQueryPoolDeviceLossStopsDeviceBootstrap
3563/4150 Test #3628: VulkanFailClosedContract.ProfilerQueryPoolDeviceLossStopsDeviceBootstrap ........................................   Passed    0.00 sec
          Start 3629: VulkanFailClosedContract.ProfilerFrameRequiresTimestampSupportOnAnActuallyRequestedQueue
3564/4150 Test #3629: VulkanFailClosedContract.ProfilerFrameRequiresTimestampSupportOnAnActuallyRequestedQueue ........................   Passed    0.00 sec
          Start 3630: VulkanFailClosedContract.DeviceBeginFrameStopsWhenProfilerRetirementObservesDeviceLoss
3565/4150 Test #3630: VulkanFailClosedContract.DeviceBeginFrameStopsWhenProfilerRetirementObservesDeviceLoss ..........................   Passed    0.00 sec
          Start 3631: VulkanFailClosedContract.ProfilerContextOwnershipRejectsForeignDeviceContext
3566/4150 Test #3631: VulkanFailClosedContract.ProfilerContextOwnershipRejectsForeignDeviceContext ....................................   Passed    0.00 sec
          Start 3632: VulkanFailClosedContract.QueueFamilyTokenResolverMapsAffinityTokens
3567/4150 Test #3632: VulkanFailClosedContract.QueueFamilyTokenResolverMapsAffinityTokens .............................................   Passed    0.00 sec
          Start 3633: VulkanFailClosedContract.FrameGraphBarrierFamiliesCollapseUnderGraphicsOnlyProfile
3568/4150 Test #3633: VulkanFailClosedContract.FrameGraphBarrierFamiliesCollapseUnderGraphicsOnlyProfile ..............................   Passed    0.00 sec
          Start 3634: VulkanFailClosedContract.DeviceConstructorIsFailClosedWithoutGpuBringup
3569/4150 Test #3634: VulkanFailClosedContract.DeviceConstructorIsFailClosedWithoutGpuBringup .........................................   Passed    0.00 sec
          Start 3635: VulkanFailClosedContract.InitializeWithNullWindowSkipsBootstrapWithoutVulkanHandles
3570/4150 Test #3635: VulkanFailClosedContract.InitializeWithNullWindowSkipsBootstrapWithoutVulkanHandles .............................   Passed    0.00 sec
          Start 3636: VulkanFailClosedContract.RecipeGraphValidationSetterFlipsBarrierValidationClean
3571/4150 Test #3636: VulkanFailClosedContract.RecipeGraphValidationSetterFlipsBarrierValidationClean .................................   Passed    0.00 sec
          Start 3637: VulkanFailClosedContract.PublicServiceReconciledIsFalseOnFreshDevice
3572/4150 Test #3637: VulkanFailClosedContract.PublicServiceReconciledIsFalseOnFreshDevice ............................................   Passed    0.00 sec
          Start 3638: VulkanFailClosedContract.PublicServiceReconciledStaysFalseAfterNullWindowInitialize
3573/4150 Test #3638: VulkanFailClosedContract.PublicServiceReconciledStaysFalseAfterNullWindowInitialize .............................   Passed    0.00 sec
          Start 3639: VulkanFailClosedContract.FallbackTransferQueueIncrementsUploadCounter
3574/4150 Test #3639: VulkanFailClosedContract.FallbackTransferQueueIncrementsUploadCounter ...........................................   Passed    0.00 sec
          Start 3640: VulkanFailClosedContract.CreatePipelineIncrementsCreationCounter
3575/4150 Test #3640: VulkanFailClosedContract.CreatePipelineIncrementsCreationCounter ................................................   Passed    0.00 sec
          Start 3641: VulkanFailClosedContract.UnboundGraphicsContextRecordingIncrementsAttemptCounter
3576/4150 Test #3641: VulkanFailClosedContract.UnboundGraphicsContextRecordingIncrementsAttemptCounter ................................   Passed    0.00 sec
          Start 3642: VulkanFailClosedContract.ParallelCommandContextsDeclineBeforeOperationalBringup
3577/4150 Test #3642: VulkanFailClosedContract.ParallelCommandContextsDeclineBeforeOperationalBringup .................................   Passed    0.00 sec
          Start 3643: VulkanFailClosedContract.BeginFrameOnNonOperationalDeviceIncrementsAttemptCounter
3578/4150 Test #3643: VulkanFailClosedContract.BeginFrameOnNonOperationalDeviceIncrementsAttemptCounter ...............................   Passed    0.00 sec
          Start 3644: VulkanFailClosedContract.EndFrameOnNonOperationalDeviceIncrementsAttemptCounter
3579/4150 Test #3644: VulkanFailClosedContract.EndFrameOnNonOperationalDeviceIncrementsAttemptCounter .................................   Passed    0.00 sec
          Start 3645: VulkanFailClosedContract.BeginEndFrameCountersTrackPairwiseOnNonOperationalDevice
3580/4150 Test #3645: VulkanFailClosedContract.BeginEndFrameCountersTrackPairwiseOnNonOperationalDevice ...............................   Passed    0.00 sec
          Start 3646: VulkanFailClosedContract.PresentOnNonOperationalDeviceIncrementsAttemptCounter
3581/4150 Test #3646: VulkanFailClosedContract.PresentOnNonOperationalDeviceIncrementsAttemptCounter ..................................   Passed    0.00 sec
          Start 3647: VulkanFailClosedContract.BeginEndPresentCountersTrackLifecycleOnNonOperationalDevice
3582/4150 Test #3647: VulkanFailClosedContract.BeginEndPresentCountersTrackLifecycleOnNonOperationalDevice ............................   Passed    0.00 sec
          Start 3648: VulkanFailClosedContract.ResizeOnNonOperationalDeviceIncrementsAttemptCounterAndRecordsExtent
3583/4150 Test #3648: VulkanFailClosedContract.ResizeOnNonOperationalDeviceIncrementsAttemptCounterAndRecordsExtent ...................   Passed    0.00 sec
          Start 3649: VulkanFailClosedContract.FrameLifecycleDiagnosticsSnapshotReportsFailClosedStatuses
3584/4150 Test #3649: VulkanFailClosedContract.FrameLifecycleDiagnosticsSnapshotReportsFailClosedStatuses .............................   Passed    0.00 sec
          Start 3650: VulkanFailClosedContract.CreatePipelineReportsPreBringUpReason
3585/4150 Test #3650: VulkanFailClosedContract.CreatePipelineReportsPreBringUpReason ..................................................   Passed    0.00 sec
          Start 3651: VulkanFailClosedContract.FallbackCountersAreProcessMonotonicAcrossInitializeShutdownCycles
3586/4150 Test #3651: VulkanFailClosedContract.FallbackCountersAreProcessMonotonicAcrossInitializeShutdownCycles ......................   Passed    0.00 sec
          Start 3652: VulkanFailClosedContract.FallbackDiagnosticsSnapshotMatchesIndividualGetters
3587/4150 Test #3652: VulkanFailClosedContract.FallbackDiagnosticsSnapshotMatchesIndividualGetters ....................................   Passed    0.00 sec
          Start 3653: VulkanFailClosedContract.FallbackDiagnosticsSnapshotIsProcessMonotonic
3588/4150 Test #3653: VulkanFailClosedContract.FallbackDiagnosticsSnapshotIsProcessMonotonic ..........................................   Passed    0.00 sec
          Start 3654: VulkanFailClosedContract.FailClosedLifecyclePathsNeverSetDeviceLost
3589/4150 Test #3654: VulkanFailClosedContract.FailClosedLifecyclePathsNeverSetDeviceLost .............................................   Passed    0.00 sec
          Start 3655: VulkanFailClosedContract.DeviceLostFlagStaysFalseAcrossInitializeShutdownCyclesOnNullWindow
3590/4150 Test #3655: VulkanFailClosedContract.DeviceLostFlagStaysFalseAcrossInitializeShutdownCyclesOnNullWindow .....................   Passed    0.00 sec
          Start 3656: VulkanOperationalStatusEvaluator.NotCompiledWhenRequestedButBackendAbsent
3591/4150 Test #3656: VulkanOperationalStatusEvaluator.NotCompiledWhenRequestedButBackendAbsent .......................................   Passed    0.00 sec
          Start 3657: VulkanOperationalStatusEvaluator.NotRequestedWhenBackendAbsentAndNotRequested
3592/4150 Test #3657: VulkanOperationalStatusEvaluator.NotRequestedWhenBackendAbsentAndNotRequested ...................................   Passed    0.00 sec
          Start 3658: VulkanOperationalStatusEvaluator.NotRequestedWhenBackendCompiledButNotRequested
3593/4150 Test #3658: VulkanOperationalStatusEvaluator.NotRequestedWhenBackendCompiledButNotRequested .................................   Passed    0.00 sec
          Start 3659: VulkanOperationalStatusEvaluator.MissingInstanceReportsMissingInstance
3594/4150 Test #3659: VulkanOperationalStatusEvaluator.MissingInstanceReportsMissingInstance ..........................................   Passed    0.00 sec
          Start 3660: VulkanOperationalStatusEvaluator.MissingSurfaceReportsMissingSurface
3595/4150 Test #3660: VulkanOperationalStatusEvaluator.MissingSurfaceReportsMissingSurface ............................................   Passed    0.00 sec
          Start 3661: VulkanOperationalStatusEvaluator.NoPhysicalDeviceReportsNoSuitablePhysicalDevice
3596/4150 Test #3661: VulkanOperationalStatusEvaluator.NoPhysicalDeviceReportsNoSuitablePhysicalDevice ................................   Passed    0.00 sec
          Start 3662: VulkanOperationalStatusEvaluator.MissingExtensionReportsMissingRequiredExtension
3597/4150 Test #3662: VulkanOperationalStatusEvaluator.MissingExtensionReportsMissingRequiredExtension ................................   Passed    0.00 sec
          Start 3663: VulkanOperationalStatusEvaluator.MissingFeatureReportsMissingRequiredFeature
3598/4150 Test #3663: VulkanOperationalStatusEvaluator.MissingFeatureReportsMissingRequiredFeature ....................................   Passed    0.00 sec
          Start 3664: VulkanOperationalStatusEvaluator.LogicalDeviceNotReadyReportsLogicalDeviceFailed
3599/4150 Test #3664: VulkanOperationalStatusEvaluator.LogicalDeviceNotReadyReportsLogicalDeviceFailed ................................   Passed    0.00 sec
          Start 3665: VulkanOperationalStatusEvaluator.AllocatorNotReadyReportsAllocatorFailed
3600/4150 Test #3665: VulkanOperationalStatusEvaluator.AllocatorNotReadyReportsAllocatorFailed ........................................   Passed    0.00 sec
          Start 3666: VulkanOperationalStatusEvaluator.SwapchainNotReadyReportsSwapchainFailed
3601/4150 Test #3666: VulkanOperationalStatusEvaluator.SwapchainNotReadyReportsSwapchainFailed ........................................   Passed    0.00 sec
          Start 3667: VulkanOperationalStatusEvaluator.CommandSyncNotReadyReportsCommandSyncFailed
3602/4150 Test #3667: VulkanOperationalStatusEvaluator.CommandSyncNotReadyReportsCommandSyncFailed ....................................   Passed    0.00 sec
          Start 3668: VulkanOperationalStatusEvaluator.MissingDefaultRecipeRecordingReportsIncompleteGate
3603/4150 Test #3668: VulkanOperationalStatusEvaluator.MissingDefaultRecipeRecordingReportsIncompleteGate .............................   Passed    0.00 sec
          Start 3669: VulkanOperationalStatusEvaluator.BarrierValidationDirtyReportsBarrierValidationFailed
3604/4150 Test #3669: VulkanOperationalStatusEvaluator.BarrierValidationDirtyReportsBarrierValidationFailed ...........................   Passed    0.00 sec
          Start 3670: VulkanOperationalStatusEvaluator.PublicServiceUnreconciledReportsPublicServiceReconciliationFailed
3605/4150 Test #3670: VulkanOperationalStatusEvaluator.PublicServiceUnreconciledReportsPublicServiceReconciliationFailed ..............   Passed    0.00 sec
          Start 3671: VulkanOperationalStatusEvaluator.ValidationDirtyReportsValidationLayerError
3606/4150 Test #3671: VulkanOperationalStatusEvaluator.ValidationDirtyReportsValidationLayerError .....................................   Passed    0.00 sec
          Start 3672: VulkanOperationalStatusEvaluator.DeviceLostReportsDeviceLost
3607/4150 Test #3672: VulkanOperationalStatusEvaluator.DeviceLostReportsDeviceLost ....................................................   Passed    0.00 sec
          Start 3673: VulkanOperationalStatusEvaluator.SurfaceLostReportsSurfaceLost
3608/4150 Test #3673: VulkanOperationalStatusEvaluator.SurfaceLostReportsSurfaceLost ..................................................   Passed    0.00 sec
          Start 3674: VulkanOperationalStatusEvaluator.AllInputsTrueReachesOperational
3609/4150 Test #3674: VulkanOperationalStatusEvaluator.AllInputsTrueReachesOperational ................................................   Passed    0.00 sec
          Start 3675: VulkanOperationalStatusEvaluator.FlippingAnyGateInputDropsBackToNonOperational
3610/4150 Test #3675: VulkanOperationalStatusEvaluator.FlippingAnyGateInputDropsBackToNonOperational ..................................   Passed    0.00 sec
          Start 3676: VulkanOperationalStatusEvaluator.IsTotalAcrossAllBooleanCombinations
3611/4150 Test #3676: VulkanOperationalStatusEvaluator.IsTotalAcrossAllBooleanCombinations ............................................   Passed    0.01 sec
          Start 3677: VulkanOperationalDiagnosticsSnapshot.FallbackRowsBumpExpectedCounters
3612/4150 Test #3677: VulkanOperationalDiagnosticsSnapshot.FallbackRowsBumpExpectedCounters ...........................................   Passed    0.00 sec
          Start 3678: VulkanOperationalDiagnosticsSnapshot.OperationalAndNotRequestedAreNoOps
3613/4150 Test #3678: VulkanOperationalDiagnosticsSnapshot.OperationalAndNotRequestedAreNoOps .........................................   Passed    0.00 sec
          Start 3679: VulkanOperationalDiagnosticsSnapshot.DeviceLostOperationalDropBumpsCounter
3614/4150 Test #3679: VulkanOperationalDiagnosticsSnapshot.DeviceLostOperationalDropBumpsCounter ......................................   Passed    0.00 sec
          Start 3680: VulkanOperationalDiagnosticsSnapshot.CountersSurviveDeviceInitializeShutdownCycles
3615/4150 Test #3680: VulkanOperationalDiagnosticsSnapshot.CountersSurviveDeviceInitializeShutdownCycles ..............................   Passed    0.00 sec
          Start 3681: VulkanOperationalDiagnosticsSnapshot.EvaluateDeviceReturnsNotCompiledForNullDevicePointer
3616/4150 Test #3681: VulkanOperationalDiagnosticsSnapshot.EvaluateDeviceReturnsNotCompiledForNullDevicePointer .......................   Passed    0.00 sec
          Start 3682: GraphicsCrossQueueTimeline.EmitsSignalAndWaitAtCrossQueueBoundary
3617/4150 Test #3682: GraphicsCrossQueueTimeline.EmitsSignalAndWaitAtCrossQueueBoundary ...............................................   Passed    0.00 sec
          Start 3683: GraphicsCrossQueueTimeline.ValuesAreMonotonicPerProducingQueueAndDeterministic
3618/4150 Test #3683: GraphicsCrossQueueTimeline.ValuesAreMonotonicPerProducingQueueAndDeterministic ..................................   Passed    0.00 sec
          Start 3684: GraphicsCrossQueueTimeline.CulledProducerBranchEmitsNoTimelineEdges
3619/4150 Test #3684: GraphicsCrossQueueTimeline.CulledProducerBranchEmitsNoTimelineEdges .............................................   Passed    0.00 sec
          Start 3685: GraphicsCrossQueueTimeline.CrossQueueCycleReportsStructuredFinding
3620/4150 Test #3685: GraphicsCrossQueueTimeline.CrossQueueCycleReportsStructuredFinding ..............................................   Passed    0.00 sec
          Start 3686: CurrentRendererContractAdapter.DescriptorDeclaresCurrentRendererContractSurface
3621/4150 Test #3686: CurrentRendererContractAdapter.DescriptorDeclaresCurrentRendererContractSurface .................................   Passed    0.00 sec
          Start 3687: CurrentRendererContractAdapter.BindingSetMapsCurrentMaterialGeometryAndVisualizationInputs
3622/4150 Test #3687: CurrentRendererContractAdapter.BindingSetMapsCurrentMaterialGeometryAndVisualizationInputs ......................   Passed    0.00 sec
          Start 3688: CurrentRendererContractAdapter.FrameInputBuildsCompatibleSnapshotRecipeAndDiagnostics
3623/4150 Test #3688: CurrentRendererContractAdapter.FrameInputBuildsCompatibleSnapshotRecipeAndDiagnostics ...........................   Passed    0.00 sec
          Start 3689: CurrentRendererContractAdapter.RenderWorldKeepsCurrentFrameDiagnosticsNonBlocking
3624/4150 Test #3689: CurrentRendererContractAdapter.RenderWorldKeepsCurrentFrameDiagnosticsNonBlocking ...............................   Passed    0.00 sec
          Start 3690: CurrentRendererContractAdapter.RecipeDescriptorUsesOnlyDeclaredCurrentRendererSlots
3625/4150 Test #3690: CurrentRendererContractAdapter.RecipeDescriptorUsesOnlyDeclaredCurrentRendererSlots .............................   Passed    0.00 sec
          Start 3691: GraphicsCullingContracts.BucketsCoverSurfaceLinePointShadowAndSelectionDomains
3626/4150 Test #3691: GraphicsCullingContracts.BucketsCoverSurfaceLinePointShadowAndSelectionDomains ..................................   Passed    0.00 sec
          Start 3692: GraphicsCullingContracts.CullingPassResetsDispatchesAndPublishesAllBucketMetadata
3627/4150 Test #3692: GraphicsCullingContracts.CullingPassResetsDispatchesAndPublishesAllBucketMetadata ...............................   Passed    0.00 sec
          Start 3693: GraphicsCullingContracts.TwoPhasePartitionIsDeterministicAndConservative
3628/4150 Test #3693: GraphicsCullingContracts.TwoPhasePartitionIsDeterministicAndConservative ........................................   Passed    0.00 sec
          Start 3694: GraphicsCullingContracts.CameraTransitionDecisionSkipsOnExplicitFlagAndDeltaThresholds
3629/4150 Test #3694: GraphicsCullingContracts.CameraTransitionDecisionSkipsOnExplicitFlagAndDeltaThresholds ..........................   Passed    0.00 sec
          Start 3695: GraphicsCullingContracts.CullingDiagnosticsCountExplicitAndDeltaHZBStaleSkips
3630/4150 Test #3695: GraphicsCullingContracts.CullingDiagnosticsCountExplicitAndDeltaHZBStaleSkips ...................................   Passed    0.00 sec
          Start 3696: DefaultRecipeBackbufferReadbackContract.DefaultStateIsDisabledAndNoCopyRecords
3631/4150 Test #3696: DefaultRecipeBackbufferReadbackContract.DefaultStateIsDisabledAndNoCopyRecords ..................................   Passed    0.07 sec
          Start 3697: DefaultRecipeBackbufferReadbackContract.ConfiguredHandleRecordsReadbackTripletOnce
3632/4150 Test #3697: DefaultRecipeBackbufferReadbackContract.ConfiguredHandleRecordsReadbackTripletOnce ..............................   Passed    0.07 sec
          Start 3698: DefaultRecipeBackbufferReadbackContract.SkipsCopyWhenDeviceIsNonOperational
3633/4150 Test #3698: DefaultRecipeBackbufferReadbackContract.SkipsCopyWhenDeviceIsNonOperational .....................................   Passed    0.03 sec
          Start 3699: ComputeParallelPrimitives.ExclusiveAndInclusivePrefixScanMatchReference
3634/4150 Test #3699: ComputeParallelPrimitives.ExclusiveAndInclusivePrefixScanMatchReference .........................................   Passed    0.00 sec
          Start 3700: ComputeParallelPrimitives.EmptyPrefixScanSucceedsWithoutWriting
3635/4150 Test #3700: ComputeParallelPrimitives.EmptyPrefixScanSucceedsWithoutWriting .................................................   Passed    0.00 sec
          Start 3701: ComputeParallelPrimitives.PrefixScanFailsClosedForSmallOutputAndOverflow
3636/4150 Test #3701: ComputeParallelPrimitives.PrefixScanFailsClosedForSmallOutputAndOverflow ........................................   Passed    0.00 sec
          Start 3702: ComputeParallelPrimitives.StreamCompactionKeepsStableOrder
3637/4150 Test #3702: ComputeParallelPrimitives.StreamCompactionKeepsStableOrder ......................................................   Passed    0.00 sec
          Start 3703: ComputeParallelPrimitives.StreamCompactionHandlesAllKeptAndAllDropped
3638/4150 Test #3703: ComputeParallelPrimitives.StreamCompactionHandlesAllKeptAndAllDropped ...........................................   Passed    0.00 sec
          Start 3704: ComputeParallelPrimitives.StreamCompactionFailsClosedForBadShapes
3639/4150 Test #3704: ComputeParallelPrimitives.StreamCompactionFailsClosedForBadShapes ...............................................   Passed    0.00 sec
          Start 3705: ComputeParallelPrimitives.SegmentedFloatReductionCpuComputesSumsCountsAndMeans
3640/4150 Test #3705: ComputeParallelPrimitives.SegmentedFloatReductionCpuComputesSumsCountsAndMeans ..................................   Passed    0.00 sec
          Start 3706: ComputeParallelPrimitives.SegmentedFloatReductionCpuHandlesEmptyInputs
3641/4150 Test #3706: ComputeParallelPrimitives.SegmentedFloatReductionCpuHandlesEmptyInputs ..........................................   Passed    0.00 sec
          Start 3707: ComputeParallelPrimitives.SegmentedFloatReductionCpuFailsClosedForBadShapes
3642/4150 Test #3707: ComputeParallelPrimitives.SegmentedFloatReductionCpuFailsClosedForBadShapes .....................................   Passed    0.00 sec
          Start 3708: ComputeParallelPrimitives.DispatchPlansHandleEmptyAndInvalidInputs
3643/4150 Test #3708: ComputeParallelPrimitives.DispatchPlansHandleEmptyAndInvalidInputs ..............................................   Passed    0.00 sec
          Start 3709: ComputeParallelPrimitives.SingleBlockPrefixScanPlanNeedsNoScratch
3644/4150 Test #3709: ComputeParallelPrimitives.SingleBlockPrefixScanPlanNeedsNoScratch ...............................................   Passed    0.00 sec
          Start 3710: ComputeParallelPrimitives.MultiBlockPrefixScanPlanPinsRecursiveScratch
3645/4150 Test #3710: ComputeParallelPrimitives.MultiBlockPrefixScanPlanPinsRecursiveScratch ..........................................   Passed    0.00 sec
          Start 3711: ComputeParallelPrimitives.LargePrefixScanPlanAddsOffsetsFromTopDown
3646/4150 Test #3711: ComputeParallelPrimitives.LargePrefixScanPlanAddsOffsetsFromTopDown .............................................   Passed    0.00 sec
          Start 3712: ComputeParallelPrimitives.StreamCompactionPlanPinsOffsetsAndScatter
3647/4150 Test #3712: ComputeParallelPrimitives.StreamCompactionPlanPinsOffsetsAndScatter .............................................   Passed    0.00 sec
          Start 3713: ComputeParallelPrimitives.SegmentedFloatReductionPlanPinsOneDispatchPerSegment
3648/4150 Test #3713: ComputeParallelPrimitives.SegmentedFloatReductionPlanPinsOneDispatchPerSegment ..................................   Passed    0.00 sec
          Start 3714: ComputeParallelPrimitives.BuildsComputePipelineDescriptors
3649/4150 Test #3714: ComputeParallelPrimitives.BuildsComputePipelineDescriptors ......................................................   Passed    0.00 sec
          Start 3715: ComputeParallelPrimitives.BuildsCountPublicationBufferDescriptors
3650/4150 Test #3715: ComputeParallelPrimitives.BuildsCountPublicationBufferDescriptors ...............................................   Passed    0.00 sec
          Start 3716: ComputeParallelPrimitives.RecordsSingleBlockPrefixScanCommands
3651/4150 Test #3716: ComputeParallelPrimitives.RecordsSingleBlockPrefixScanCommands ..................................................   Passed    0.00 sec
          Start 3717: ComputeParallelPrimitives.RecordsMultiBlockPrefixScanWithAllocatedScratch
3652/4150 Test #3717: ComputeParallelPrimitives.RecordsMultiBlockPrefixScanWithAllocatedScratch .......................................   Passed    0.00 sec
          Start 3718: ComputeParallelPrimitives.RecordsStreamCompactionWithScanAndScatter
3653/4150 Test #3718: ComputeParallelPrimitives.RecordsStreamCompactionWithScanAndScatter .............................................   Passed    0.00 sec
          Start 3719: ComputeParallelPrimitives.RecordsSegmentedFloatReductionCommands
3654/4150 Test #3719: ComputeParallelPrimitives.RecordsSegmentedFloatReductionCommands ................................................   Passed    0.00 sec
          Start 3720: ComputeParallelPrimitives.PublishesCompactionCountForReadbackAndIndirectDispatch
3655/4150 Test #3720: ComputeParallelPrimitives.PublishesCompactionCountForReadbackAndIndirectDispatch ................................   Passed    0.00 sec
          Start 3721: ComputeParallelPrimitives.GpuRecordReportsDeviceUnavailableForNullDevice
3656/4150 Test #3721: ComputeParallelPrimitives.GpuRecordReportsDeviceUnavailableForNullDevice ........................................   Passed    0.00 sec
          Start 3722: ComputeParallelPrimitives.GpuRecordValidatesRecorderInputsAndResources
3657/4150 Test #3722: ComputeParallelPrimitives.GpuRecordValidatesRecorderInputsAndResources ..........................................   Passed    0.00 sec
          Start 3723: ComputeParallelPrimitives.StatusDebugNamesAreStable
3658/4150 Test #3723: ComputeParallelPrimitives.StatusDebugNamesAreStable .............................................................   Passed    0.00 sec
          Start 3724: GraphicsDebugViewContract.FrameRecipeDeclaresDebugViewPreviewStage
3659/4150 Test #3724: GraphicsDebugViewContract.FrameRecipeDeclaresDebugViewPreviewStage ..............................................   Passed    0.00 sec
          Start 3725: GraphicsDebugViewContract.DebugViewPassRecordsFullscreenPreviewForResolvedSelection
3660/4150 Test #3725: GraphicsDebugViewContract.DebugViewPassRecordsFullscreenPreviewForResolvedSelection .............................   Passed    0.00 sec
          Start 3726: GraphicsDebugViewContract.DebugViewPassSkipsDisabledSelectionAndMissingPipeline
3661/4150 Test #3726: GraphicsDebugViewContract.DebugViewPassSkipsDisabledSelectionAndMissingPipeline .................................   Passed    0.00 sec
          Start 3727: DebugViewPassContract.RendererRoutesAndRecordsDebugViewPass
3662/4150 Test #3727: DebugViewPassContract.RendererRoutesAndRecordsDebugViewPass .....................................................   Passed    0.07 sec
          Start 3728: DebugViewPassContract.DebugOverlayDisabledKeepsDebugViewOutOfRecipe
3663/4150 Test #3728: DebugViewPassContract.DebugOverlayDisabledKeepsDebugViewOutOfRecipe .............................................   Passed    0.07 sec
          Start 3729: DebugViewPassContract.MissingDebugViewPipelineLeaseSkipsUnavailable
3664/4150 Test #3729: DebugViewPassContract.MissingDebugViewPipelineLeaseSkipsUnavailable .............................................   Passed    0.07 sec
          Start 3730: DebugViewPassContract.NonOperationalDeviceSkipsNonOperational
3665/4150 Test #3730: DebugViewPassContract.NonOperationalDeviceSkipsNonOperational ...................................................   Passed    0.03 sec
          Start 3731: DebugViewPassContract.InvalidResourceFallsBackDeterministicallyAndIncrementsCounter
3666/4150 Test #3731: DebugViewPassContract.InvalidResourceFallsBackDeterministicallyAndIncrementsCounter .............................   Passed    0.07 sec
          Start 3732: DebugViewPassContract.DefaultRequestedResourceDoesNotIncrementFallbackCounter
3667/4150 Test #3732: DebugViewPassContract.DefaultRequestedResourceDoesNotIncrementFallbackCounter ...................................   Passed    0.07 sec
          Start 3733: FrameRecipeContract.DefaultRecipeBuildsCanonicalPassOrder
3668/4150 Test #3733: FrameRecipeContract.DefaultRecipeBuildsCanonicalPassOrder .......................................................   Passed    0.00 sec
          Start 3734: FrameRecipeContract.UvViewIsAbsentFromTheDisabledDefaultRecipe
3669/4150 Test #3734: FrameRecipeContract.UvViewIsAbsentFromTheDisabledDefaultRecipe ..................................................   Passed    0.00 sec
          Start 3735: FrameRecipeContract.UvViewWritesRetainedImportBeforeImGuiSamplesIt
3670/4150 Test #3735: FrameRecipeContract.UvViewWritesRetainedImportBeforeImGuiSamplesIt ..............................................   Passed    0.00 sec
          Start 3736: FrameRecipeContract.FirstGenerationUvViewTransitionsFromUndefinedToShaderRead
3671/4150 Test #3736: FrameRecipeContract.FirstGenerationUvViewTransitionsFromUndefinedToShaderRead ...................................   Passed    0.00 sec
          Start 3737: FrameRecipeContract.UvViewRequiresRetainedTextureImport
3672/4150 Test #3737: FrameRecipeContract.UvViewRequiresRetainedTextureImport .........................................................   Passed    0.00 sec
          Start 3738: FrameRecipeContract.DefaultRecipePropagatesTypedPassAndResourceIds
3673/4150 Test #3738: FrameRecipeContract.DefaultRecipePropagatesTypedPassAndResourceIds ..............................................   Passed    0.00 sec
          Start 3739: FrameRecipeContract.CompiledPassLookupUsesTypedIdWhenDebugNameChanges
3674/4150 Test #3739: FrameRecipeContract.CompiledPassLookupUsesTypedIdWhenDebugNameChanges ...........................................   Passed    0.00 sec
          Start 3740: FrameRecipeContract.CompiledResourceLookupUsesTypedIdWhenDebugNameChanges
3675/4150 Test #3740: FrameRecipeContract.CompiledResourceLookupUsesTypedIdWhenDebugNameChanges .......................................   Passed    0.00 sec
          Start 3741: FrameRecipeContract.TypedIdentityDoesNotChangeDebugNames
3676/4150 Test #3741: FrameRecipeContract.TypedIdentityDoesNotChangeDebugNames ........................................................   Passed    0.00 sec
          Start 3742: FrameRecipeContract.DuplicateTypedPassIdsAreDiagnosed
3677/4150 Test #3742: FrameRecipeContract.DuplicateTypedPassIdsAreDiagnosed ...........................................................   Passed    0.00 sec
          Start 3743: FrameRecipeContract.DuplicateTypedPassIdsReportEarliestDuplicateAcrossGroups
3678/4150 Test #3743: FrameRecipeContract.DuplicateTypedPassIdsReportEarliestDuplicateAcrossGroups ....................................   Passed    0.00 sec
          Start 3744: FrameRecipeContract.DuplicateTypedResourceIdsAreDiagnosed
3679/4150 Test #3744: FrameRecipeContract.DuplicateTypedResourceIdsAreDiagnosed .......................................................   Passed    0.00 sec
          Start 3745: FrameRecipeContract.DefaultRecipeDoesNotDepthTransitionColorResources
3680/4150 Test #3745: FrameRecipeContract.DefaultRecipeDoesNotDepthTransitionColorResources ...........................................   Passed    0.00 sec
          Start 3746: FrameRecipeContract.DefaultRecipeBarriersRespectTextureUsageCapabilities
3681/4150 Test #3746: FrameRecipeContract.DefaultRecipeBarriersRespectTextureUsageCapabilities ........................................   Passed    0.00 sec
          Start 3747: FrameRecipeContract.DefaultRecipeCompiledGraphHasNoValidationFindings
3682/4150 Test #3747: FrameRecipeContract.DefaultRecipeCompiledGraphHasNoValidationFindings ...........................................   Passed    0.00 sec
          Start 3748: FrameRecipeContract.ContributionDescriptorProjectsTypedResourcesIntoRecipeIntrospection
3683/4150 Test #3748: FrameRecipeContract.ContributionDescriptorProjectsTypedResourcesIntoRecipeIntrospection .........................   Passed    0.00 sec
          Start 3749: FrameRecipeContract.DisabledContributionDescriptorIsFeatureGatedNoOp
3684/4150 Test #3749: FrameRecipeContract.DisabledContributionDescriptorIsFeatureGatedNoOp ............................................   Passed    0.00 sec
          Start 3750: FrameRecipeContract.ContributionValidationFailsClosedForInvalidDescriptors
3685/4150 Test #3750: FrameRecipeContract.ContributionValidationFailsClosedForInvalidDescriptors ......................................   Passed    0.00 sec
          Start 3751: FrameRecipeContract.DefaultOverlayContributionsProjectLegacyOverlayShape
3686/4150 Test #3751: FrameRecipeContract.DefaultOverlayContributionsProjectLegacyOverlayShape ........................................   Passed    0.00 sec
          Start 3752: FrameRecipeContract.ExplicitDefaultOverlayContributionsMatchDefaultBuildShape
3687/4150 Test #3752: FrameRecipeContract.ExplicitDefaultOverlayContributionsMatchDefaultBuildShape ...................................   Passed    0.00 sec
          Start 3753: FrameRecipeContract.EmptyContributionRegistryCompilesOverlayAbsentCoreRecipe
3688/4150 Test #3753: FrameRecipeContract.EmptyContributionRegistryCompilesOverlayAbsentCoreRecipe ....................................   Passed    0.00 sec
          Start 3754: FrameRecipeContract.DefaultRecipeUsesResourceDependenciesWithoutLinearChain
3689/4150 Test #3754: FrameRecipeContract.DefaultRecipeUsesResourceDependenciesWithoutLinearChain .....................................   Passed    0.00 sec
          Start 3755: FrameRecipeContract.DependencyDrivenDefaultRecipeKeepsBarrierPacketsTopological
3690/4150 Test #3755: FrameRecipeContract.DependencyDrivenDefaultRecipeKeepsBarrierPacketsTopological .................................   Passed    0.00 sec
          Start 3756: FrameRecipeContract.RenderGraphDebugDumpReportsExplicitDependencyState
3691/4150 Test #3756: FrameRecipeContract.RenderGraphDebugDumpReportsExplicitDependencyState ..........................................   Passed    0.00 sec
          Start 3757: FrameRecipeContract.DefaultRecipeDrawPassesDeclareRenderPassAttachments
3692/4150 Test #3757: FrameRecipeContract.DefaultRecipeDrawPassesDeclareRenderPassAttachments .........................................   Passed    0.00 sec
          Start 3758: FrameRecipeContract.SpatialAARecipeDrawPassesDeclareRenderPassAttachments
3693/4150 Test #3758: FrameRecipeContract.SpatialAARecipeDrawPassesDeclareRenderPassAttachments .......................................   Passed    0.00 sec
          Start 3759: FrameRecipeContract.OptionalResourcesAreGatedByFeatures
3694/4150 Test #3759: FrameRecipeContract.OptionalResourcesAreGatedByFeatures .........................................................   Passed    0.00 sec
          Start 3760: FrameRecipeContract.AAModeSelectorCompilesExpectedPassSets
3695/4150 Test #3760: FrameRecipeContract.AAModeSelectorCompilesExpectedPassSets ......................................................   Passed    0.00 sec
          Start 3761: FrameRecipeContract.TemporalReconstructionUsesInputAndOutputExtents
3696/4150 Test #3761: FrameRecipeContract.TemporalReconstructionUsesInputAndOutputExtents .............................................   Passed    0.00 sec
          Start 3762: FrameRecipeContract.NoJitterNoHistorySuppressesTemporalReconstruction
3697/4150 Test #3762: FrameRecipeContract.NoJitterNoHistorySuppressesTemporalReconstruction ...........................................   Passed    0.00 sec
          Start 3763: FrameRecipeContract.TemporalReconstructionRequiresHistoryImports
3698/4150 Test #3763: FrameRecipeContract.TemporalReconstructionRequiresHistoryImports ................................................   Passed    0.00 sec
          Start 3764: FrameRecipeContract.LightingPathControlsGBufferResourcesAndComposition
3699/4150 Test #3764: FrameRecipeContract.LightingPathControlsGBufferResourcesAndComposition ..........................................   Passed    0.00 sec
          Start 3765: FrameRecipeContract.MotionVectorTargetIsOptInRg16SurfaceOutput
3700/4150 Test #3765: FrameRecipeContract.MotionVectorTargetIsOptInRg16SurfaceOutput ..................................................   Passed    0.00 sec
          Start 3766: FrameRecipeContract.NoJitterNoHistorySuppressesMotionVectorTarget
3701/4150 Test #3766: FrameRecipeContract.NoJitterNoHistorySuppressesMotionVectorTarget ...............................................   Passed    0.00 sec
          Start 3767: FrameRecipeContract.DepthPrepassFeatureGatesPassAndSurfaceDepthOwnership
3702/4150 Test #3767: FrameRecipeContract.DepthPrepassFeatureGatesPassAndSurfaceDepthOwnership ........................................   Passed    0.00 sec
          Start 3768: FrameRecipeContract.HZBBuildRequiresDepthPrepassAndImportedTarget
3703/4150 Test #3768: FrameRecipeContract.HZBBuildRequiresDepthPrepassAndImportedTarget ...............................................   Passed    0.00 sec
          Start 3769: FrameRecipeContract.ClusterGridBuildRequiresDepthPrepassAndImportedTarget
3704/4150 Test #3769: FrameRecipeContract.ClusterGridBuildRequiresDepthPrepassAndImportedTarget .......................................   Passed    0.00 sec
          Start 3770: FrameRecipeContract.LightClusterAssignmentRequiresGridBuildAndImportedOutputs
3705/4150 Test #3770: FrameRecipeContract.LightClusterAssignmentRequiresGridBuildAndImportedOutputs ...................................   Passed    0.00 sec
          Start 3771: FrameRecipeContract.ClusterPassesRequestAsyncComputeAndDemoteToGraphics
3706/4150 Test #3771: FrameRecipeContract.ClusterPassesRequestAsyncComputeAndDemoteToGraphics .........................................   Passed    0.00 sec
          Start 3772: FrameRecipeContract.BackbufferIsFinalizedOnlyByPresentDeclaration
3707/4150 Test #3772: FrameRecipeContract.BackbufferIsFinalizedOnlyByPresentDeclaration ...............................................   Passed    0.00 sec
          Start 3773: FrameRecipeContract.IntrospectionReportsPassResourceReadsAndWrites
3708/4150 Test #3773: FrameRecipeContract.IntrospectionReportsPassResourceReadsAndWrites ..............................................   Passed    0.00 sec
          Start 3774: FrameRecipeContract.PickingRequiresDepthPrepass
3709/4150 Test #3774: FrameRecipeContract.PickingRequiresDepthPrepass .................................................................   Passed    0.00 sec
          Start 3775: FrameRecipeContract.SelectionOutlineRequiresSelectionIdDepthPrepass
3710/4150 Test #3775: FrameRecipeContract.SelectionOutlineRequiresSelectionIdDepthPrepass .............................................   Passed    0.00 sec
          Start 3776: FrameRecipeContract.SelectionOutlineWithoutPendingPickProducesIdsWithoutReadback
3711/4150 Test #3776: FrameRecipeContract.SelectionOutlineWithoutPendingPickProducesIdsWithoutReadback ................................   Passed    0.00 sec
          Start 3777: FrameRecipeContract.PickingPassRunsAfterDepthPrepass
3712/4150 Test #3777: FrameRecipeContract.PickingPassRunsAfterDepthPrepass ............................................................   Passed    0.00 sec
          Start 3778: FrameRecipeContract.PickingReadbackImportedFromRenderer
3713/4150 Test #3778: FrameRecipeContract.PickingReadbackImportedFromRenderer .........................................................   Passed    0.00 sec
          Start 3779: FrameRecipeContract.PickingIdTargetsDeclareTransferSrcUsageForReadbackCopies
3714/4150 Test #3779: FrameRecipeContract.PickingIdTargetsDeclareTransferSrcUsageForReadbackCopies ....................................   Passed    0.00 sec
          Start 3780: FrameRecipeContract.MissingBackbufferReportsDiagnostic
3715/4150 Test #3780: FrameRecipeContract.MissingBackbufferReportsDiagnostic ..........................................................   Passed    0.00 sec
          Start 3781: FrameRecipeContract.ShadowAtlasUsesImportedHandleWhenProvided
3716/4150 Test #3781: FrameRecipeContract.ShadowAtlasUsesImportedHandleWhenProvided ...................................................   Passed    0.00 sec
          Start 3782: FrameRecipeContract.ShadowAtlasFallsBackToTransientWhenImportInvalid
3717/4150 Test #3782: FrameRecipeContract.ShadowAtlasFallsBackToTransientWhenImportInvalid ............................................   Passed    0.00 sec
          Start 3783: FrameRecipeContract.ShadowAtlasTransientPathAcceptsTypedShadowSizing
3718/4150 Test #3783: FrameRecipeContract.ShadowAtlasTransientPathAcceptsTypedShadowSizing ............................................   Passed    0.00 sec
          Start 3784: FrameRecipeContract.PickingPassClearsSelectionIdTargetsToZero
3719/4150 Test #3784: FrameRecipeContract.PickingPassClearsSelectionIdTargetsToZero ...................................................   Passed    0.00 sec
          Start 3785: FrameRecipeContract.SceneDepthGainsTransferSrcUsageWhenPickingActive
3720/4150 Test #3785: FrameRecipeContract.SceneDepthGainsTransferSrcUsageWhenPickingActive ............................................   Passed    0.00 sec
          Start 3786: GeometryResidencyContract.ValidationFailsClosedWithDeterministicReasons
3721/4150 Test #3786: GeometryResidencyContract.ValidationFailsClosedWithDeterministicReasons .........................................   Passed    0.00 sec
          Start 3787: GeometryResidencyContract.ReconcileCoversReuseStalePartialAndFullReplacement
3722/4150 Test #3787: GeometryResidencyContract.ReconcileCoversReuseStalePartialAndFullReplacement ....................................   Passed    0.00 sec
          Start 3788: GeometryResidencyContract.SharedAcquireReleaseAndResurrectionUseOneRetirePath
3723/4150 Test #3788: GeometryResidencyContract.SharedAcquireReleaseAndResurrectionUseOneRetirePath ...................................   Passed    0.00 sec
          Start 3789: GeometryResidencyContract.AcquireReportsSaturationWithoutDroppingResidentHandle
3724/4150 Test #3789: GeometryResidencyContract.AcquireReportsSaturationWithoutDroppingResidentHandle .................................   Passed    0.00 sec
          Start 3790: GeometryResidencyContract.CopiedPlanDoesNotBorrowSubmissionStorage
3725/4150 Test #3790: GeometryResidencyContract.CopiedPlanDoesNotBorrowSubmissionStorage ..............................................   Passed    0.00 sec
          Start 3791: GpuWorldCompactionContract.PlanReportsFragmentationAndBlocksWhileFreesArePending
3726/4150 Test #3791: GpuWorldCompactionContract.PlanReportsFragmentationAndBlocksWhileFreesArePending ................................   Passed    0.00 sec
          Start 3792: GpuWorldCompactionContract.ApplyRelocationCompactsManagedBufferDiagnostics
3727/4150 Test #3792: GpuWorldCompactionContract.ApplyRelocationCompactsManagedBufferDiagnostics ......................................   Passed    0.00 sec
          Start 3793: GpuWorldCompactionContract.DisabledOrBelowThresholdCompactionIsSkipped
3728/4150 Test #3793: GpuWorldCompactionContract.DisabledOrBelowThresholdCompactionIsSkipped ..........................................   Passed    0.00 sec
          Start 3794: GpuWorldCompactionContract.StaleRelocationPlanIsRejectedWithoutMutation
3729/4150 Test #3794: GpuWorldCompactionContract.StaleRelocationPlanIsRejectedWithoutMutation .........................................   Passed    0.00 sec
          Start 3795: GpuWorldLifetimeContract.InstanceFreeIsGenerationCheckedAndDeferred
3730/4150 Test #3795: GpuWorldLifetimeContract.InstanceFreeIsGenerationCheckedAndDeferred .............................................   Passed    0.00 sec
          Start 3796: GpuWorldLifetimeContract.GeometryOverflowAndStaleHandlesAreDiagnostic
3731/4150 Test #3796: GpuWorldLifetimeContract.GeometryOverflowAndStaleHandlesAreDiagnostic ...........................................   Passed    0.00 sec
          Start 3797: GpuWorldLifetimeContract.MixedVertexStridesAreAlignedForChannelBlocks
3732/4150 Test #3797: GpuWorldLifetimeContract.MixedVertexStridesAreAlignedForChannelBlocks ...........................................   Passed    0.00 sec
          Start 3798: GpuWorldLifetimeContract.UpdatingSingleVertexChannelWritesOnlyThatChannel
3733/4150 Test #3798: GpuWorldLifetimeContract.UpdatingSingleVertexChannelWritesOnlyThatChannel .......................................   Passed    0.00 sec
          Start 3799: GpuWorldLifetimeContract.GeometryUpdatesPreferNonBlockingTransferStaging
3734/4150 Test #3799: GpuWorldLifetimeContract.GeometryUpdatesPreferNonBlockingTransferStaging ........................................   Passed    0.00 sec
          Start 3800: GpuWorldLifetimeContract.ResidencyViewTracksCanonicalSoaContentAndSharedIndexSlice
3735/4150 Test #3800: GpuWorldLifetimeContract.ResidencyViewTracksCanonicalSoaContentAndSharedIndexSlice ..............................   Passed    0.00 sec
          Start 3801: GpuWorldLifetimeContract.RejectedUpdatesPreserveResidencyAndStaleViewsClear
3736/4150 Test #3801: GpuWorldLifetimeContract.RejectedUpdatesPreserveResidencyAndStaleViewsClear .....................................   Passed    0.00 sec
          Start 3802: GpuWorldLifetimeContract.VertexCountChangeRequiresFullGeometryUpload
3737/4150 Test #3802: GpuWorldLifetimeContract.VertexCountChangeRequiresFullGeometryUpload ............................................   Passed    0.00 sec
          Start 3803: GpuWorldLifetimeContract.NullDeviceModeKeepsCpuLifetimeDiagnosticsObservable
3738/4150 Test #3803: GpuWorldLifetimeContract.NullDeviceModeKeepsCpuLifetimeDiagnosticsObservable ....................................   Passed    0.00 sec
          Start 3804: GpuWorldUniformSoAContract.DormantAlternateStoragePlanningSurfaceIsAbsent
3739/4150 Test #3804: GpuWorldUniformSoAContract.DormantAlternateStoragePlanningSurfaceIsAbsent .......................................   Passed    0.01 sec
          Start 3805: GpuWorldUniformSoAContract.VertexFetchProbeRemainsNonAdoptionEvidence
3740/4150 Test #3805: GpuWorldUniformSoAContract.VertexFetchProbeRemainsNonAdoptionEvidence ...........................................   Passed    0.00 sec
          Start 3806: GraphicsHZBResourceLifetime.ComputeDescPow2SizingAndMipCount
3741/4150 Test #3806: GraphicsHZBResourceLifetime.ComputeDescPow2SizingAndMipCount ....................................................   Passed    0.00 sec
          Start 3807: GraphicsHZBResourceLifetime.PingPongRolesSwapEachFrameOverTwoTextures
3742/4150 Test #3807: GraphicsHZBResourceLifetime.PingPongRolesSwapEachFrameOverTwoTextures ...........................................   Passed    0.00 sec
          Start 3808: GraphicsHZBResourceLifetime.ReallocationRetiresOldPairThroughRetireWindow
3743/4150 Test #3808: GraphicsHZBResourceLifetime.ReallocationRetiresOldPairThroughRetireWindow .......................................   Passed    0.00 sec
          Start 3809: GraphicsHZBResourceLifetime.FailedTextureCreateLeavesSystemUnallocated
3744/4150 Test #3809: GraphicsHZBResourceLifetime.FailedTextureCreateLeavesSystemUnallocated ..........................................   Passed    0.00 sec
          Start 3810: GraphicsHZBBuildPlan.PerMipFallbackCoversEveryMipInOrder
3745/4150 Test #3810: GraphicsHZBBuildPlan.PerMipFallbackCoversEveryMipInOrder ........................................................   Passed    0.00 sec
          Start 3811: GraphicsHZBBuildPlan.SinglePassMipChainUsesOneBaseDispatch
3746/4150 Test #3811: GraphicsHZBBuildPlan.SinglePassMipChainUsesOneBaseDispatch ......................................................   Passed    0.00 sec
          Start 3812: GraphicsHZBBuildPlan.RecordFallbackDispatchesAndMipStitchBarriers
3747/4150 Test #3812: GraphicsHZBBuildPlan.RecordFallbackDispatchesAndMipStitchBarriers ...............................................   Passed    0.00 sec
          Start 3813: GraphicsHZBBuildPlan.RecordRejectsInvalidInputs
3748/4150 Test #3813: GraphicsHZBBuildPlan.RecordRejectsInvalidInputs .................................................................   Passed    0.00 sec
          Start 3814: ImGuiPassContract.UploadHelperPacksTwoDrawListsAndPassRecordsPerList
3749/4150 Test #3814: ImGuiPassContract.UploadHelperPacksTwoDrawListsAndPassRecordsPerList ............................................   Passed    0.00 sec
          Start 3815: ImGuiPassContract.UploadHelperPreservesPerCommandTextureBindlessIndices
3750/4150 Test #3815: ImGuiPassContract.UploadHelperPreservesPerCommandTextureBindlessIndices .........................................   Passed    0.00 sec
          Start 3816: ImGuiPassContract.InvalidCommandScissorsFailClosedAtUploadAndRecord
3751/4150 Test #3816: ImGuiPassContract.InvalidCommandScissorsFailClosedAtUploadAndRecord .............................................   Passed    0.00 sec
          Start 3817: ImGuiPassContract.UploadHelperPartitionsStorageByFrameSlot
3752/4150 Test #3817: ImGuiPassContract.UploadHelperPartitionsStorageByFrameSlot ......................................................   Passed    0.00 sec
          Start 3818: ImGuiPassContract.FontAtlasUploadSurvivesOperationalRebuildByteIdentical
3753/4150 Test #3818: ImGuiPassContract.FontAtlasUploadSurvivesOperationalRebuildByteIdentical ........................................   Passed    0.08 sec
          Start 3819: ImGuiPassContract.FontAtlasAllocatesAfterColdStartOperationalRebuild
3754/4150 Test #3819: ImGuiPassContract.FontAtlasAllocatesAfterColdStartOperationalRebuild ............................................   Passed    0.07 sec
          Start 3820: ImGuiPassContract.AttachedOverlayWithWorkRecordsAfterInitialize
3755/4150 Test #3820: ImGuiPassContract.AttachedOverlayWithWorkRecordsAfterInitialize .................................................   Passed    0.07 sec
          Start 3821: ImGuiPassContract.PipelineMatchesLegacyDearImGuiStraightAlphaBlend
3756/4150 Test #3821: ImGuiPassContract.PipelineMatchesLegacyDearImGuiStraightAlphaBlend ..............................................   Passed    0.03 sec
          Start 3822: ImGuiPassContract.DebugViewRgba8PresentSourceBindsRgba8PipelineVariant
3757/4150 Test #3822: ImGuiPassContract.DebugViewRgba8PresentSourceBindsRgba8PipelineVariant ..........................................   Passed    0.07 sec
          Start 3823: ImGuiPassContract.FontAtlasUploadFlushesBindlessHeapBeforeDraw
3758/4150 Test #3823: ImGuiPassContract.FontAtlasUploadFlushesBindlessHeapBeforeDraw ..................................................   Passed    0.07 sec
          Start 3824: ImGuiPassContract.AttachedOverlayWithWorkRecordsWhenAttachedBeforeInitialize
3759/4150 Test #3824: ImGuiPassContract.AttachedOverlayWithWorkRecordsWhenAttachedBeforeInitialize ....................................   Passed    0.07 sec
          Start 3825: ImGuiPassContract.NoOverlaySystemAttachedSkipsUnavailable
3760/4150 Test #3825: ImGuiPassContract.NoOverlaySystemAttachedSkipsUnavailable .......................................................   Passed    0.07 sec
          Start 3826: ImGuiPassContract.AttachedOverlayWithoutSubmittedWorkSkipsUnavailable
3761/4150 Test #3826: ImGuiPassContract.AttachedOverlayWithoutSubmittedWorkSkipsUnavailable ...........................................   Passed    0.07 sec
          Start 3827: ImGuiPassContract.DetachingOverlaySystemSkipsUnavailable
3762/4150 Test #3827: ImGuiPassContract.DetachingOverlaySystemSkipsUnavailable ........................................................   Passed    0.07 sec
          Start 3828: ImGuiPassContract.NonOperationalDeviceSkipsNonOperational
3763/4150 Test #3828: ImGuiPassContract.NonOperationalDeviceSkipsNonOperational .......................................................   Passed    0.03 sec
          Start 3829: ImGuiPassContract.RouteRecordsAfterOperationalRebuild
3764/4150 Test #3829: ImGuiPassContract.RouteRecordsAfterOperationalRebuild ...........................................................   Passed    0.08 sec
          Start 3830: GraphicsImGuiPresentContract.FrameRecipeKeepsImGuiOffBackbufferAndPresentFinalizes
3765/4150 Test #3830: GraphicsImGuiPresentContract.FrameRecipeKeepsImGuiOffBackbufferAndPresentFinalizes ..............................   Passed    0.00 sec
          Start 3831: GraphicsImGuiPresentContract.RenderGraphRejectsNonPresentBackbufferWrites
3766/4150 Test #3831: GraphicsImGuiPresentContract.RenderGraphRejectsNonPresentBackbufferWrites .......................................   Passed    0.00 sec
          Start 3832: GraphicsImGuiPresentContract.DefaultFrameRecipeBuildsPresentAsOnlyBackbufferUse
3767/4150 Test #3832: GraphicsImGuiPresentContract.DefaultFrameRecipeBuildsPresentAsOnlyBackbufferUse .................................   Passed    0.00 sec
          Start 3833: GraphicsImGuiPresentContract.ImGuiPassRecordsOverlayDrawDataOnlyWhenReady
3768/4150 Test #3833: GraphicsImGuiPresentContract.ImGuiPassRecordsOverlayDrawDataOnlyWhenReady .......................................   Passed    0.00 sec
          Start 3834: GraphicsImGuiPresentContract.PresentPassRecordsFullscreenFinalizationOnlyWithPipeline
3769/4150 Test #3834: GraphicsImGuiPresentContract.PresentPassRecordsFullscreenFinalizationOnlyWithPipeline ...........................   Passed    0.00 sec
          Start 3835: GraphicsLightingShadowContracts.LightDefaultsApplyToCameraAndFallbackDirectional
3770/4150 Test #3835: GraphicsLightingShadowContracts.LightDefaultsApplyToCameraAndFallbackDirectional ................................   Passed    0.00 sec
          Start 3836: GraphicsLightingShadowContracts.DirectionalSnapshotSuppressesFallbackLight
3771/4150 Test #3836: GraphicsLightingShadowContracts.DirectionalSnapshotSuppressesFallbackLight ......................................   Passed    0.00 sec
          Start 3837: GraphicsLightingShadowContracts.ShadowParamsClampCascadesAndPackCameraAtlasState
3772/4150 Test #3837: GraphicsLightingShadowContracts.ShadowParamsClampCascadesAndPackCameraAtlasState ................................   Passed    0.00 sec
          Start 3838: GraphicsLightingShadowContracts.ShadowPassSkipsDisabledShadowsAndUsesShadowBucketWhenEnabled
3773/4150 Test #3838: GraphicsLightingShadowContracts.ShadowPassSkipsDisabledShadowsAndUsesShadowBucketWhenEnabled ....................   Passed    0.00 sec
          Start 3839: GraphicsLightingShadowContracts.DeferredLightingRecordsFullscreenDrawWhenInitialized
3774/4150 Test #3839: GraphicsLightingShadowContracts.DeferredLightingRecordsFullscreenDrawWhenInitialized ............................   Passed    0.00 sec
          Start 3840: GraphicsLightingShadowContracts.ShadowSystemDoesNotAllocateAtlasWhileDisabled
3775/4150 Test #3840: GraphicsLightingShadowContracts.ShadowSystemDoesNotAllocateAtlasWhileDisabled ...................................   Passed    0.00 sec
          Start 3841: GraphicsLightingShadowContracts.ShadowSystemAllocatesAtlasAndSamplerWhenShadowsEnabled
3776/4150 Test #3841: GraphicsLightingShadowContracts.ShadowSystemAllocatesAtlasAndSamplerWhenShadowsEnabled ..........................   Passed    0.00 sec
          Start 3842: GraphicsLightingShadowContracts.ShadowSystemReleasesAtlasAndSamplerOnShutdown
3777/4150 Test #3842: GraphicsLightingShadowContracts.ShadowSystemReleasesAtlasAndSamplerOnShutdown ...................................   Passed    0.00 sec
          Start 3843: GraphicsLightingShadowContracts.ShadowPassRecordsMissingCasterDiagnosticWhenBucketEmpty
3778/4150 Test #3843: GraphicsLightingShadowContracts.ShadowPassRecordsMissingCasterDiagnosticWhenBucketEmpty .........................   Passed    0.00 sec
          Start 3844: GraphicsLightClusterGrid.DimensionFormulaScalesFromTilePixels
3779/4150 Test #3844: GraphicsLightClusterGrid.DimensionFormulaScalesFromTilePixels ...................................................   Passed    0.00 sec
          Start 3845: GraphicsLightClusterGrid.AssignLightsUsesConservativeShapesAndSkipsDirectional
3780/4150 Test #3845: GraphicsLightClusterGrid.AssignLightsUsesConservativeShapesAndSkipsDirectional ..................................   Passed    0.00 sec
          Start 3846: GraphicsLightClusterGrid.ClusteredDebugAccumulationMatchesFullLoopForAssignedCell
3781/4150 Test #3846: GraphicsLightClusterGrid.ClusteredDebugAccumulationMatchesFullLoopForAssignedCell ...............................   Passed    0.00 sec
          Start 3847: GraphicsLightClusterGrid.AssignmentCountsEmptyCellsAndRejectsInvalidInputs
3782/4150 Test #3847: GraphicsLightClusterGrid.AssignmentCountsEmptyCellsAndRejectsInvalidInputs ......................................   Passed    0.00 sec
          Start 3848: GraphicsLightClusterGrid.AssignmentClampsOverflowToFirstLights
3783/4150 Test #3848: GraphicsLightClusterGrid.AssignmentClampsOverflowToFirstLights ..................................................   Passed    0.00 sec
          Start 3849: GraphicsLightClusterGrid.LogViewZMappingClampsNearAndRejectsBeyondFar
3784/4150 Test #3849: GraphicsLightClusterGrid.LogViewZMappingClampsNearAndRejectsBeyondFar ...........................................   Passed    0.00 sec
          Start 3850: GraphicsLightClusterGrid.DepthSliceBoundsUseOlssonLogarithmicSplit
3785/4150 Test #3850: GraphicsLightClusterGrid.DepthSliceBoundsUseOlssonLogarithmicSplit ..............................................   Passed    0.00 sec
          Start 3851: GraphicsLightClusterGrid.PerCellAABBMatchesRightHandedViewSpaceFrustumTile
3786/4150 Test #3851: GraphicsLightClusterGrid.PerCellAABBMatchesRightHandedViewSpaceFrustumTile ......................................   Passed    0.00 sec
          Start 3852: GraphicsLightClusterGrid.PartialEdgeTileAABBClampsToRenderPixelBounds
3787/4150 Test #3852: GraphicsLightClusterGrid.PartialEdgeTileAABBClampsToRenderPixelBounds ...........................................   Passed    0.00 sec
          Start 3853: GraphicsLightClusterGrid.CellIndexOrdersTilesInsideZSlices
3788/4150 Test #3853: GraphicsLightClusterGrid.CellIndexOrdersTilesInsideZSlices ......................................................   Passed    0.00 sec
          Start 3854: GraphicsLightClusterGrid.RecordBuildDispatchesOneLinearGridAndPublishBarrier
3789/4150 Test #3854: GraphicsLightClusterGrid.RecordBuildDispatchesOneLinearGridAndPublishBarrier ....................................   Passed    0.00 sec
          Start 3855: GraphicsLightClusterGrid.RecordAssignmentDispatchesOneLinearGridAndPublishesBuffers
3790/4150 Test #3855: GraphicsLightClusterGrid.RecordAssignmentDispatchesOneLinearGridAndPublishesBuffers .............................   Passed    0.00 sec
          Start 3856: GraphicsLightClusterGrid.RecordRejectsInvalidInputs
3791/4150 Test #3856: GraphicsLightClusterGrid.RecordRejectsInvalidInputs .............................................................   Passed    0.00 sec
          Start 3857: GraphicsLightClusterGrid.LightSystemPublishesAssignmentDiagnostics
3792/4150 Test #3857: GraphicsLightClusterGrid.LightSystemPublishesAssignmentDiagnostics ..............................................   Passed    0.00 sec
          Start 3858: GraphicsLinePointPassContracts.LinePassSkipsInvalidStateAndDrawsLineBucket
3793/4150 Test #3858: GraphicsLinePointPassContracts.LinePassSkipsInvalidStateAndDrawsLineBucket ......................................   Passed    0.00 sec
          Start 3859: GraphicsLinePointPassContracts.PointPassSkipsInvalidStateAndDrawsPointBucket
3794/4150 Test #3859: GraphicsLinePointPassContracts.PointPassSkipsInvalidStateAndDrawsPointBucket ....................................   Passed    0.00 sec
          Start 3860: MaterialSubstitutionContract.SentinelUnsetSubstitutesDefaultSlotAndIncrementsMissingCounter
3795/4150 Test #3860: MaterialSubstitutionContract.SentinelUnsetSubstitutesDefaultSlotAndIncrementsMissingCounter .....................   Passed    0.03 sec
          Start 3861: MaterialSubstitutionContract.OutOfRangeSlotSubstitutesDefaultAndIncrementsInvalidCounter
3796/4150 Test #3861: MaterialSubstitutionContract.OutOfRangeSlotSubstitutesDefaultAndIncrementsInvalidCounter ........................   Passed    0.03 sec
          Start 3862: MaterialSubstitutionContract.DefaultDebugSurfaceUsesEqualsAuthoredDefaultPlusFallbacks
3797/4150 Test #3862: MaterialSubstitutionContract.DefaultDebugSurfaceUsesEqualsAuthoredDefaultPlusFallbacks ..........................   Passed    0.03 sec
          Start 3863: MaterialSubstitutionContract.PerFrameCountersResetAtBeginFrame
3798/4150 Test #3863: MaterialSubstitutionContract.PerFrameCountersResetAtBeginFrame ..................................................   Passed    0.03 sec
          Start 3864: MaterialSubstitutionContract.DefaultSlotIdentitySurvivesRebuildGpuResources
3799/4150 Test #3864: MaterialSubstitutionContract.DefaultSlotIdentitySurvivesRebuildGpuResources .....................................   Passed    0.07 sec
          Start 3865: MinimalTriangleReadbackHarness.SamplePointsHaveFourEntriesWithMixedMembership
3800/4150 Test #3865: MinimalTriangleReadbackHarness.SamplePointsHaveFourEntriesWithMixedMembership ...................................   Passed    0.00 sec
          Start 3866: MinimalTriangleReadbackHarness.ExpectedColorsFollowMembership
3801/4150 Test #3866: MinimalTriangleReadbackHarness.ExpectedColorsFollowMembership ...................................................   Passed    0.00 sec
          Start 3867: MinimalTriangleReadbackHarness.ToleranceAcceptsExactAndNearMatches
3802/4150 Test #3867: MinimalTriangleReadbackHarness.ToleranceAcceptsExactAndNearMatches ..............................................   Passed    0.00 sec
          Start 3868: MinimalTriangleReadbackHarness.InteriorCenterSampleIsInsideTriangleNdc
3803/4150 Test #3868: MinimalTriangleReadbackHarness.InteriorCenterSampleIsInsideTriangleNdc ..........................................   Passed    0.00 sec
          Start 3869: OperationalCounterStability.StableSnapshotMatchesSelf
3804/4150 Test #3869: OperationalCounterStability.StableSnapshotMatchesSelf ...........................................................   Passed    0.00 sec
          Start 3870: OperationalCounterStability.AnyCounterIncrementFailsStability
3805/4150 Test #3870: OperationalCounterStability.AnyCounterIncrementFailsStability ...................................................   Passed    0.00 sec
          Start 3871: GraphicsOwnershipTransferBarriers.BarrierPacketRangeUsesSortedPassStageWindow
3806/4150 Test #3871: GraphicsOwnershipTransferBarriers.BarrierPacketRangeUsesSortedPassStageWindow ...................................   Passed    0.00 sec
          Start 3872: GraphicsOwnershipTransferBarriers.ExecutorRejectsUnsortedBarrierPackets
3807/4150 Test #3872: GraphicsOwnershipTransferBarriers.ExecutorRejectsUnsortedBarrierPackets .........................................   Passed    0.00 sec
          Start 3873: GraphicsOwnershipTransferBarriers.ImportedTextureCrossQueueEmitsReleaseAcquirePair
3808/4150 Test #3873: GraphicsOwnershipTransferBarriers.ImportedTextureCrossQueueEmitsReleaseAcquirePair ..............................   Passed    0.00 sec
          Start 3874: GraphicsOwnershipTransferBarriers.ImportedBufferCrossQueueEmitsReleaseAcquirePair
3809/4150 Test #3874: GraphicsOwnershipTransferBarriers.ImportedBufferCrossQueueEmitsReleaseAcquirePair ...............................   Passed    0.00 sec
          Start 3875: GraphicsOwnershipTransferBarriers.ExplicitDependencyDoesNotSuppressCrossQueueTransferRecords
3810/4150 Test #3875: GraphicsOwnershipTransferBarriers.ExplicitDependencyDoesNotSuppressCrossQueueTransferRecords ....................   Passed    0.00 sec
          Start 3876: GraphicsOwnershipTransferBarriers.TransientCrossQueueResourceUsesConcurrentSharingWithoutOwnershipTransfer
3811/4150 Test #3876: GraphicsOwnershipTransferBarriers.TransientCrossQueueResourceUsesConcurrentSharingWithoutOwnershipTransfer ......   Passed    0.00 sec
          Start 3877: GraphicsOwnershipTransferBarriers.SingleQueueResourceKeepsExclusiveBarriersWithoutQueueFamilies
3812/4150 Test #3877: GraphicsOwnershipTransferBarriers.SingleQueueResourceKeepsExclusiveBarriersWithoutQueueFamilies .................   Passed    0.00 sec
          Start 3878: OwnershipTransferBarriers.LiveCrossQueueTransferDependsOnDeviceProfile
3813/4150 Test #3878: OwnershipTransferBarriers.LiveCrossQueueTransferDependsOnDeviceProfile ..........................................   Passed    0.00 sec
          Start 3879: GraphicsPostProcessChainContract.FrameRecipeDeclaresHdrToLdrResources
3814/4150 Test #3879: GraphicsPostProcessChainContract.FrameRecipeDeclaresHdrToLdrResources ...........................................   Passed    0.00 sec
          Start 3880: GraphicsPostProcessChainContract.FrameRecipeDeclaresPostProcessHistogramAsOrderedPass
3815/4150 Test #3880: GraphicsPostProcessChainContract.FrameRecipeDeclaresPostProcessHistogramAsOrderedPass ...........................   Passed    0.00 sec
          Start 3881: GraphicsPostProcessChainContract.FrameRecipeSplitsAAUmbrellaPerStage
3816/4150 Test #3881: GraphicsPostProcessChainContract.FrameRecipeSplitsAAUmbrellaPerStage ............................................   Passed    0.00 sec
          Start 3882: GraphicsPostProcessChainContract.AntiAliasingFlipsPresentSourceToResolved
3817/4150 Test #3882: GraphicsPostProcessChainContract.AntiAliasingFlipsPresentSourceToResolved .......................................   Passed    0.00 sec
          Start 3883: GraphicsPostProcessChainContract.TemporalAAFeedsPostProcessFromReconstruction
3818/4150 Test #3883: GraphicsPostProcessChainContract.TemporalAAFeedsPostProcessFromReconstruction ...................................   Passed    0.00 sec
          Start 3884: GraphicsPostProcessChainContract.PostprocessGateControlsPresentSource
3819/4150 Test #3884: GraphicsPostProcessChainContract.PostprocessGateControlsPresentSource ...........................................   Passed    0.00 sec
          Start 3885: GraphicsPostProcessChainContract.PassesRecordOnlyEnabledStages
3820/4150 Test #3885: GraphicsPostProcessChainContract.PassesRecordOnlyEnabledStages ..................................................   Passed    0.00 sec
          Start 3886: GraphicsPostProcessChainContract.HistogramClearsBinsBeforeDispatchWhenBufferPublished
3821/4150 Test #3886: GraphicsPostProcessChainContract.HistogramClearsBinsBeforeDispatchWhenBufferPublished ...........................   Passed    0.00 sec
          Start 3887: GraphicsPostProcessChainContract.HistogramSkipsClearWhenNoBufferPublished
3822/4150 Test #3887: GraphicsPostProcessChainContract.HistogramSkipsClearWhenNoBufferPublished .......................................   Passed    0.00 sec
          Start 3888: GraphicsPostProcessChainContract.BloomDownsamplePushFeedsNonZeroInvSrcResolution
3823/4150 Test #3888: GraphicsPostProcessChainContract.BloomDownsamplePushFeedsNonZeroInvSrcResolution ................................   Passed    0.00 sec
          Start 3889: GraphicsPostProcessChainContract.BloomRecordsSurvivingStageWhenOnePipelineMissing
3824/4150 Test #3889: GraphicsPostProcessChainContract.BloomRecordsSurvivingStageWhenOnePipelineMissing ...............................   Passed    0.00 sec
          Start 3890: GraphicsPostProcessChainContract.BloomMipChainPerMipIterationShape
3825/4150 Test #3890: GraphicsPostProcessChainContract.BloomMipChainPerMipIterationShape ..............................................   Passed    0.00 sec
          Start 3891: GraphicsPostProcessChainContract.BloomMipChainClampedToVulkanMipRule
3826/4150 Test #3891: GraphicsPostProcessChainContract.BloomMipChainClampedToVulkanMipRule ............................................   Passed    0.00 sec
          Start 3892: GraphicsPostProcessChainContract.BloomPassIterationFollowsClampedMipCount
3827/4150 Test #3892: GraphicsPostProcessChainContract.BloomPassIterationFollowsClampedMipCount .......................................   Passed    0.00 sec
          Start 3893: GraphicsPostProcessChainContract.FXAAPushFeedsNonZeroInvResolution
3828/4150 Test #3893: GraphicsPostProcessChainContract.FXAAPushFeedsNonZeroInvResolution ..............................................   Passed    0.00 sec
          Start 3894: GraphicsPostProcessChainContract.FXAASkipsWhenAntiAliasingNotFXAA
3829/4150 Test #3894: GraphicsPostProcessChainContract.FXAASkipsWhenAntiAliasingNotFXAA ...............................................   Passed    0.00 sec
          Start 3895: GraphicsPostProcessChainContract.TemporalAAModesDoNotEnableSpatialAAStages
3830/4150 Test #3895: GraphicsPostProcessChainContract.TemporalAAModesDoNotEnableSpatialAAStages ......................................   Passed    0.00 sec
          Start 3896: GraphicsPostProcessChainContract.SMAAPushFeedsNonZeroInvResolutionForAllStages
3831/4150 Test #3896: GraphicsPostProcessChainContract.SMAAPushFeedsNonZeroInvResolutionForAllStages ..................................   Passed    0.00 sec
          Start 3897: GraphicsPostProcessChainContract.SMAASkipsWhenAntiAliasingNotSMAA
3832/4150 Test #3897: GraphicsPostProcessChainContract.SMAASkipsWhenAntiAliasingNotSMAA ...............................................   Passed    0.00 sec
          Start 3898: GraphicsPostProcessChainContract.SMAARecordsPerStageIndependently
3833/4150 Test #3898: GraphicsPostProcessChainContract.SMAARecordsPerStageIndependently ...............................................   Passed    0.00 sec
          Start 3899: GraphicsPostProcessChainContract.PassesSkipMissingPipelineOrDisabledChain
3834/4150 Test #3899: GraphicsPostProcessChainContract.PassesSkipMissingPipelineOrDisabledChain .......................................   Passed    0.00 sec
          Start 3900: PresentPassContract.ExecuteRecordsBindPipelineThenFullscreenDrawInOrder
3835/4150 Test #3900: PresentPassContract.ExecuteRecordsBindPipelineThenFullscreenDrawInOrder .........................................   Passed    0.00 sec
          Start 3901: PresentPassContract.RendererRoutesAndRecordsPresentPass
3836/4150 Test #3901: PresentPassContract.RendererRoutesAndRecordsPresentPass .........................................................   Passed    0.07 sec
          Start 3902: PresentPassContract.MissingPresentPipelineLeaseSkipsUnavailable
3837/4150 Test #3902: PresentPassContract.MissingPresentPipelineLeaseSkipsUnavailable .................................................   Passed    0.07 sec
          Start 3903: PresentPassContract.NonOperationalDeviceSkipsNonOperational
3838/4150 Test #3903: PresentPassContract.NonOperationalDeviceSkipsNonOperational .....................................................   Passed    0.03 sec
          Start 3904: ProfilerContract.NullReportsContractOnlyScopeAndAcceptedQueueProvenance
3839/4150 Test #3904: ProfilerContract.NullReportsContractOnlyScopeAndAcceptedQueueProvenance .........................................   Passed    0.00 sec
          Start 3905: ProfilerContract.TypedTokensAndQueueLifecycleFailClosed
3840/4150 Test #3905: ProfilerContract.TypedTokensAndQueueLifecycleFailClosed .........................................................   Passed    0.00 sec
          Start 3906: ProfilerContract.FrameIdentityRetainsOtherSlotResultAndRetiresReusedSlot
3841/4150 Test #3906: ProfilerContract.FrameIdentityRetainsOtherSlotResultAndRetiresReusedSlot ........................................   Passed    0.00 sec
          Start 3907: ProfilerContract.DiscardReleasesOpenRecordingWithoutPublishing
3842/4150 Test #3907: ProfilerContract.DiscardReleasesOpenRecordingWithoutPublishing ..................................................   Passed    0.00 sec
          Start 3908: ProfilerContract.PlanningRejectsInvalidDescriptorsAndExhaustion
3843/4150 Test #3908: ProfilerContract.PlanningRejectsInvalidDescriptorsAndExhaustion .................................................   Passed    0.00 sec
          Start 3909: ProfilerContract.PreplannedDistinctTokensRecordInParallelWithoutLocking
3844/4150 Test #3909: ProfilerContract.PreplannedDistinctTokensRecordInParallelWithoutLocking .........................................   Passed    0.00 sec
          Start 3910: GraphicsQueueAffinity.ResolveQueueAffinityDemotesMissingOptionalQueues
3845/4150 Test #3910: GraphicsQueueAffinity.ResolveQueueAffinityDemotesMissingOptionalQueues ..........................................   Passed    0.00 sec
          Start 3911: GraphicsQueueAffinity.PartitionPassesByQueueUsesStableRankThenPassIndexOrdering
3846/4150 Test #3911: GraphicsQueueAffinity.PartitionPassesByQueueUsesStableRankThenPassIndexOrdering .................................   Passed    0.00 sec
          Start 3912: GraphicsQueueAffinity.MissingCapabilitiesDemoteIntoGraphicsBucketAndCountDemotions
3847/4150 Test #3912: GraphicsQueueAffinity.MissingCapabilitiesDemoteIntoGraphicsBucketAndCountDemotions ..............................   Passed    0.00 sec
          Start 3913: GraphicsQueueAffinity.MockDeviceExposesToggleableOptionalQueues
3848/4150 Test #3913: GraphicsQueueAffinity.MockDeviceExposesToggleableOptionalQueues .................................................   Passed    0.00 sec
          Start 3914: GraphicsQueueAffinity.MockDeviceRecordsFrameQueueSubmitPlanAndBatchContexts
3849/4150 Test #3914: GraphicsQueueAffinity.MockDeviceRecordsFrameQueueSubmitPlanAndBatchContexts .....................................   Passed    0.00 sec
          Start 3915: GraphicsQueueAffinity.NullDeviceProvidesDistinctParallelCommandContexts
3850/4150 Test #3915: GraphicsQueueAffinity.NullDeviceProvidesDistinctParallelCommandContexts .........................................   Passed    0.00 sec
          Start 3916: GraphicsQueueAffinity.MockDeviceRecordsParallelCommandContextPlanAndSubmitOrder
3851/4150 Test #3916: GraphicsQueueAffinity.MockDeviceRecordsParallelCommandContextPlanAndSubmitOrder .................................   Passed    0.00 sec
          Start 3917: GraphicsQueueAffinity.BuildQueueSubmitPlanCreatesBatchesAndTimelineBoundaries
3852/4150 Test #3917: GraphicsQueueAffinity.BuildQueueSubmitPlanCreatesBatchesAndTimelineBoundaries ...................................   Passed    0.00 sec
          Start 3918: GraphicsQueueAffinity.BuildQueueSubmitPlanDemotesMissingOptionalQueues
3853/4150 Test #3918: GraphicsQueueAffinity.BuildQueueSubmitPlanDemotesMissingOptionalQueues ..........................................   Passed    0.00 sec
          Start 3919: RHIResourceSlotRecycling.NullDeviceReusesDestroyedBufferSlotWithNewGeneration
3854/4150 Test #3919: RHIResourceSlotRecycling.NullDeviceReusesDestroyedBufferSlotWithNewGeneration ...................................   Passed    0.00 sec
          Start 3920: RHIResourceSlotRecycling.NullDeviceReusesDestroyedMemoryBlockSlotWithNewGeneration
3855/4150 Test #3920: RHIResourceSlotRecycling.NullDeviceReusesDestroyedMemoryBlockSlotWithNewGeneration ..............................   Passed    0.00 sec
          Start 3921: RHIPlacedMemoryContract.NullDeviceReportsRequirementsAndCreatesMemoryBlock
3856/4150 Test #3921: RHIPlacedMemoryContract.NullDeviceReportsRequirementsAndCreatesMemoryBlock ......................................   Passed    0.00 sec
          Start 3922: RHIPlacedMemoryContract.NullDeviceCreatesPlacedBufferAndTextureWithRecordedPlacement
3857/4150 Test #3922: RHIPlacedMemoryContract.NullDeviceCreatesPlacedBufferAndTextureWithRecordedPlacement ............................   Passed    0.00 sec
          Start 3923: RHIPlacedMemoryContract.NullDeviceRejectsIncompatibleAndMisalignedPlacedResources
3858/4150 Test #3923: RHIPlacedMemoryContract.NullDeviceRejectsIncompatibleAndMisalignedPlacedResources ...............................   Passed    0.00 sec
          Start 3924: GraphicsReconstructionContract.ConcreteReferenceRejectsInvalidInputsFailClosed
3859/4150 Test #3924: GraphicsReconstructionContract.ConcreteReferenceRejectsInvalidInputsFailClosed ..................................   Passed    0.00 sec
          Start 3925: GraphicsReconstructionContract.ResetInvalidatesHistoryAndCopiesCurrent
3860/4150 Test #3925: GraphicsReconstructionContract.ResetInvalidatesHistoryAndCopiesCurrent ..........................................   Passed    0.00 sec
          Start 3926: GraphicsReconstructionContract.ReferenceTAAClipsHistoryAgainstFiveByFiveYCoCgNeighborhood
3861/4150 Test #3926: GraphicsReconstructionContract.ReferenceTAAClipsHistoryAgainstFiveByFiveYCoCgNeighborhood .......................   Passed    0.00 sec
          Start 3927: GraphicsReconstructionContract.ExposureWeightingReducesHistoryContribution
3862/4150 Test #3927: GraphicsReconstructionContract.ExposureWeightingReducesHistoryContribution ......................................   Passed    0.00 sec
          Start 3928: GraphicsReconstructionContract.DisocclusionFallbackReportsFraction
3863/4150 Test #3928: GraphicsReconstructionContract.DisocclusionFallbackReportsFraction ..............................................   Passed    0.00 sec
          Start 3929: GraphicsReconstructionHistory.PingPongHistoryRetiresOldPairThroughWindow
3864/4150 Test #3929: GraphicsReconstructionHistory.PingPongHistoryRetiresOldPairThroughWindow ........................................   Passed    0.00 sec
          Start 3930: RenderCommandRouter.DispatchUsesTypedPassIdNotDebugName
3865/4150 Test #3930: RenderCommandRouter.DispatchUsesTypedPassIdNotDebugName .........................................................   Passed    0.00 sec
          Start 3931: RenderCommandRouter.UnknownRoutesExposeSkippedUnavailableFallback
3866/4150 Test #3931: RenderCommandRouter.UnknownRoutesExposeSkippedUnavailableFallback ...............................................   Passed    0.00 sec
          Start 3932: RenderCommandRouter.DuplicateRegistrationReplacesRecorder
3867/4150 Test #3932: RenderCommandRouter.DuplicateRegistrationReplacesRecorder .......................................................   Passed    0.00 sec
          Start 3933: RenderingContract.ValidDescriptorSnapshotBindingsRecipeAndViewAreCompatible
3868/4150 Test #3933: RenderingContract.ValidDescriptorSnapshotBindingsRecipeAndViewAreCompatible .....................................   Passed    0.00 sec
          Start 3934: RenderingContract.RendererDescriptorRequiresStableContractFields
3869/4150 Test #3934: RenderingContract.RendererDescriptorRequiresStableContractFields ................................................   Passed    0.00 sec
          Start 3935: RenderingContract.SnapshotCompatibilityRejectsWrongScopeAndStaleDegradedState
3870/4150 Test #3935: RenderingContract.SnapshotCompatibilityRejectsWrongScopeAndStaleDegradedState ...................................   Passed    0.00 sec
          Start 3936: RenderingContract.BindingSetRequiresDeclaredDataAndSupportedCapabilities
3871/4150 Test #3936: RenderingContract.BindingSetRequiresDeclaredDataAndSupportedCapabilities ........................................   Passed    0.00 sec
          Start 3937: RenderingContract.RecipeRejectsUnknownSlotsUnsupportedCapabilitiesAndDisallowedBindings
3872/4150 Test #3937: RenderingContract.RecipeRejectsUnknownSlotsUnsupportedCapabilitiesAndDisallowedBindings .........................   Passed    0.00 sec
          Start 3938: RenderingContract.ViewOutputRecipeRejectsInvalidViewportScaleReadbackAndOutputs
3873/4150 Test #3938: RenderingContract.ViewOutputRecipeRejectsInvalidViewportScaleReadbackAndOutputs .................................   Passed    0.00 sec
          Start 3939: RenderingContract.RenderArtifactMetadataValidatesDeclaredOutputAndClassifiesLifecycle
3874/4150 Test #3939: RenderingContract.RenderArtifactMetadataValidatesDeclaredOutputAndClassifiesLifecycle ...........................   Passed    0.00 sec
          Start 3940: RenderRecipeConfig.ValidRecipeConfigLoadsIntoContractValues
3875/4150 Test #3940: RenderRecipeConfig.ValidRecipeConfigLoadsIntoContractValues .....................................................   Passed    0.00 sec
          Start 3941: RenderRecipeConfig.DisabledExtensionSlotsLoadIntoPreview
3876/4150 Test #3941: RenderRecipeConfig.DisabledExtensionSlotsLoadIntoPreview ........................................................   Passed    0.00 sec
          Start 3942: RenderRecipeConfig.DisabledUnknownSlotsFailClosed
3877/4150 Test #3942: RenderRecipeConfig.DisabledUnknownSlotsFailClosed ...............................................................   Passed    0.00 sec
          Start 3943: RenderRecipeConfig.FileLoaderUsesSameDryRunValidation
3878/4150 Test #3943: RenderRecipeConfig.FileLoaderUsesSameDryRunValidation ...........................................................   Passed    0.00 sec
          Start 3944: RenderRecipeConfig.UnknownSlotsFailClosed
3879/4150 Test #3944: RenderRecipeConfig.UnknownSlotsFailClosed .......................................................................   Passed    0.00 sec
          Start 3945: RenderRecipeConfig.UnsupportedCapabilityRequirementsAreRejected
3880/4150 Test #3945: RenderRecipeConfig.UnsupportedCapabilityRequirementsAreRejected .................................................   Passed    0.00 sec
          Start 3946: RenderRecipeConfig.RuntimeOwnedBindingDomainsAreRejected
3881/4150 Test #3946: RenderRecipeConfig.RuntimeOwnedBindingDomainsAreRejected ........................................................   Passed    0.00 sec
          Start 3947: RenderRecipeConfig.VersionMismatchIsUnsupported
3882/4150 Test #3947: RenderRecipeConfig.VersionMismatchIsUnsupported .................................................................   Passed    0.00 sec
          Start 3948: RenderRecipeConfig.FallbackAndDegradedStatesRemainDistinct
3883/4150 Test #3948: RenderRecipeConfig.FallbackAndDegradedStatesRemainDistinct ......................................................   Passed    0.00 sec
          Start 3949: RenderRecipeConfig.FixedRendererCoreCannotBeReplacedByConfig
3884/4150 Test #3949: RenderRecipeConfig.FixedRendererCoreCannotBeReplacedByConfig ....................................................   Passed    0.00 sec
          Start 3950: RenderRecipeConfig.PreviewValidationIsSideEffectFreeAndInteractiveFast
3885/4150 Test #3950: RenderRecipeConfig.PreviewValidationIsSideEffectFreeAndInteractiveFast ..........................................   Passed    0.01 sec
          Start 3951: RenderPrepPipeline.TaskGraphReusesPlanAndRebindsCallbacks
3886/4150 Test #3951: RenderPrepPipeline.TaskGraphReusesPlanAndRebindsCallbacks .......................................................   Passed    0.09 sec
          Start 3952: RenderPrepPipeline.SequentialFallbackMatchesTaskGraphStepOrder
3887/4150 Test #3952: RenderPrepPipeline.SequentialFallbackMatchesTaskGraphStepOrder ..................................................   Passed    0.09 sec
          Start 3953: RenderPrepPipeline.MissingRequiredInputFailsClosedBeforeExecutingSteps
3888/4150 Test #3953: RenderPrepPipeline.MissingRequiredInputFailsClosedBeforeExecutingSteps ..........................................   Passed    0.03 sec
          Start 3954: RenderPrepPipeline.ForcedTaskGraphCompileFailureReportsDiagnostic
3889/4150 Test #3954: RenderPrepPipeline.ForcedTaskGraphCompileFailureReportsDiagnostic ...............................................   Passed    0.07 sec
          Start 3955: RenderPrepPipeline.ForcedTaskGraphExecuteFailureReportsDiagnostic
3890/4150 Test #3955: RenderPrepPipeline.ForcedTaskGraphExecuteFailureReportsDiagnostic ...............................................   Passed    0.07 sec
          Start 3956: RenderSubsystemRegistry.InitializesAndShutsDownInDeterministicOrder
3891/4150 Test #3956: RenderSubsystemRegistry.InitializesAndShutsDownInDeterministicOrder .............................................   Passed    0.03 sec
          Start 3957: RenderSubsystemRegistry.ShutdownIsSafeAfterPartialInitialization
3892/4150 Test #3957: RenderSubsystemRegistry.ShutdownIsSafeAfterPartialInitialization ................................................   Passed    0.03 sec
          Start 3958: RenderSubsystemRegistry.RebuildOperationalResourcesFailsClosedWhenRequiredSubsystemsAreMissing
3893/4150 Test #3958: RenderSubsystemRegistry.RebuildOperationalResourcesFailsClosedWhenRequiredSubsystemsAreMissing ..................   Passed    0.00 sec
          Start 3959: RendererFrameLifecycle.ActiveGpuSceneVertexShadersUseSceneTableCameraViewProjection
3894/4150 Test #3959: RendererFrameLifecycle.ActiveGpuSceneVertexShadersUseSceneTableCameraViewProjection .............................   Passed    0.00 sec
          Start 3960: RendererFrameLifecycle.FrameRecipeOverrideProjectionDisablesPostProcess
3895/4150 Test #3960: RendererFrameLifecycle.FrameRecipeOverrideProjectionDisablesPostProcess .........................................   Passed    0.00 sec
          Start 3961: RendererFrameLifecycle.FrameRecipeOverrideProjectionDisablesMappedFeatureSlots
3896/4150 Test #3961: RendererFrameLifecycle.FrameRecipeOverrideProjectionDisablesMappedFeatureSlots ..................................   Passed    0.00 sec
          Start 3962: RendererFrameLifecycle.FrameRecipeOverrideProjectionFailsClosedForUnknownSlot
3897/4150 Test #3962: RendererFrameLifecycle.FrameRecipeOverrideProjectionFailsClosedForUnknownSlot ...................................   Passed    0.00 sec
          Start 3963: RendererFrameLifecycle.FrameRecipeOverrideProjectionRejectsUnmappedExtensionDisable
3898/4150 Test #3963: RendererFrameLifecycle.FrameRecipeOverrideProjectionRejectsUnmappedExtensionDisable .............................   Passed    0.00 sec
          Start 3964: RendererFrameLifecycle.FrameRecipeOverrideProjectionFailsClosedForFixedCoreChanges
3899/4150 Test #3964: RendererFrameLifecycle.FrameRecipeOverrideProjectionFailsClosedForFixedCoreChanges ..............................   Passed    0.00 sec
          Start 3965: RendererFrameLifecycle.PrepareFramePublishesCameraIntoGpuSceneTable
3900/4150 Test #3965: RendererFrameLifecycle.PrepareFramePublishesCameraIntoGpuSceneTable .............................................   Passed    0.07 sec
          Start 3966: RendererFrameLifecycle.ActiveFrameRecipeOverrideOmitsPostProcessPasses
3901/4150 Test #3966: RendererFrameLifecycle.ActiveFrameRecipeOverrideOmitsPostProcessPasses ..........................................   Passed    0.07 sec
          Start 3967: RendererFrameLifecycle.ActiveFrameRecipeOverrideDiagnosticsLeaveDefaultsUntouched
3902/4150 Test #3967: RendererFrameLifecycle.ActiveFrameRecipeOverrideDiagnosticsLeaveDefaultsUntouched ...............................   Passed    0.07 sec
          Start 3968: RendererFrameLifecycle.UsesDeviceFrameLifecycleBackbufferAndCommandContext
3903/4150 Test #3968: RendererFrameLifecycle.UsesDeviceFrameLifecycleBackbufferAndCommandContext ......................................   Passed    0.07 sec
          Start 3969: RendererFrameLifecycle.PlacedTransientAliasingUsesMemoryBlocksAndAliasBarriers
3904/4150 Test #3969: RendererFrameLifecycle.PlacedTransientAliasingUsesMemoryBlocksAndAliasBarriers ..................................   Passed    0.07 sec
          Start 3970: RendererFrameLifecycle.PlacedTransientAliasingDefaultsToPerResourceFallback
3905/4150 Test #3970: RendererFrameLifecycle.PlacedTransientAliasingDefaultsToPerResourceFallback .....................................   Passed    0.07 sec
          Start 3971: RendererFrameLifecycle.PlacedTransientAliasingFallsBackWhenMemoryBlocksUnavailable
3906/4150 Test #3971: RendererFrameLifecycle.PlacedTransientAliasingFallsBackWhenMemoryBlocksUnavailable ..............................   Passed    0.08 sec
          Start 3972: RendererFrameLifecycle.RuntimeFrameCommandHooksRunInsideExecuteFrameCommandContext
3907/4150 Test #3972: RendererFrameLifecycle.RuntimeFrameCommandHooksRunInsideExecuteFrameCommandContext ..............................   Passed    0.09 sec
          Start 3973: RendererFrameLifecycle.RenderGraphReportsCurrentRendererContractAndDeclaredArtifacts
3908/4150 Test #3973: RendererFrameLifecycle.RenderGraphReportsCurrentRendererContractAndDeclaredArtifacts ............................   Passed    0.07 sec
          Start 3974: RendererFrameLifecycle.AsyncComputeQueuePlanIncrementsUtilizationStat
3909/4150 Test #3974: RendererFrameLifecycle.AsyncComputeQueuePlanIncrementsUtilizationStat ...........................................   Passed    0.07 sec
          Start 3975: RendererFrameLifecycle.ParallelRecordingFlagFallsBackWhenDeviceDeclinesContextPlan
3910/4150 Test #3975: RendererFrameLifecycle.ParallelRecordingFlagFallsBackWhenDeviceDeclinesContextPlan ..............................   Passed    0.07 sec
          Start 3976: RendererFrameLifecycle.ParallelRecordingUsesAcceptedContextPlanInSerialSubmitOrder
3911/4150 Test #3976: RendererFrameLifecycle.ParallelRecordingUsesAcceptedContextPlanInSerialSubmitOrder ..............................   Passed    0.07 sec
          Start 3977: RendererFrameLifecycle.ParallelRecordingUsesSchedulerWorkersWhenAvailable
3912/4150 Test #3977: RendererFrameLifecycle.ParallelRecordingUsesSchedulerWorkersWhenAvailable .......................................   Passed    0.08 sec
          Start 3978: RendererFrameLifecycle.ParallelRecordingUsesAcceptedContextsForAsyncComputeQueuePlan
3913/4150 Test #3978: RendererFrameLifecycle.ParallelRecordingUsesAcceptedContextsForAsyncComputeQueuePlan ............................   Passed    0.08 sec
          Start 3979: RendererFrameLifecycle.ParallelRecordingRecordsDynamicUploadPassesThroughAcceptedContexts
3914/4150 Test #3979: RendererFrameLifecycle.ParallelRecordingRecordsDynamicUploadPassesThroughAcceptedContexts .......................   Passed    0.07 sec
          Start 3980: RendererFrameLifecycle.InvalidDeviceBackbufferReportsRecipeDiagnostic
3915/4150 Test #3980: RendererFrameLifecycle.InvalidDeviceBackbufferReportsRecipeDiagnostic ...........................................   Passed    0.07 sec
          Start 3981: RendererFrameLifecycle.PublishesRecipeGraphValidationOnSuccessfulCompile
3916/4150 Test #3981: RendererFrameLifecycle.PublishesRecipeGraphValidationOnSuccessfulCompile ........................................   Passed    0.07 sec
          Start 3982: RendererFrameLifecycle.PublishesFailClosedRecipeValidationOnRecipeBuildFailure
3917/4150 Test #3982: RendererFrameLifecycle.PublishesFailClosedRecipeValidationOnRecipeBuildFailure ..................................   Passed    0.07 sec
          Start 3983: RendererFrameLifecycle.NonOperationalDeviceSkipsCullingCommandsButExecutesGraph
3918/4150 Test #3983: RendererFrameLifecycle.NonOperationalDeviceSkipsCullingCommandsButExecutesGraph .................................   Passed    0.03 sec
          Start 3984: RendererFrameLifecycle.OperationalRebuildAfterNonOperationalStartupRecordsRoutedCommands
3919/4150 Test #3984: RendererFrameLifecycle.OperationalRebuildAfterNonOperationalStartupRecordsRoutedCommands ........................   Passed    0.08 sec
          Start 3985: RendererFrameLifecycle.DepthPrepassPipelineFailureSkipsUnavailableCommandPass
3920/4150 Test #3985: RendererFrameLifecycle.DepthPrepassPipelineFailureSkipsUnavailableCommandPass ...................................   Passed    0.07 sec
          Start 3986: RendererFrameLifecycle.CullingPipelineFailureSkipsRoutedCommandPassesUnavailable
3921/4150 Test #3986: RendererFrameLifecycle.CullingPipelineFailureSkipsRoutedCommandPassesUnavailable ................................   Passed    0.07 sec
          Start 3987: RendererFrameLifecycle.BeginFrameWithoutDeviceReportsLifecycleDiagnostic
3922/4150 Test #3987: RendererFrameLifecycle.BeginFrameWithoutDeviceReportsLifecycleDiagnostic ........................................   Passed    0.00 sec
          Start 3988: RendererFrameLifecycle.BeginFrameSkipDoesNotRecordCommands
3923/4150 Test #3988: RendererFrameLifecycle.BeginFrameSkipDoesNotRecordCommands ......................................................   Passed    0.03 sec
          Start 3989: RendererFrameLifecycle.ExecuteFrameRejectsAfterRenderPrepFailure
3924/4150 Test #3989: RendererFrameLifecycle.ExecuteFrameRejectsAfterRenderPrepFailure ................................................   Passed    0.03 sec
          Start 3990: RendererFrameLifecycle.FrameRecipePassesAllProduceStructuredCommandRecordStatuses
3925/4150 Test #3990: RendererFrameLifecycle.FrameRecipePassesAllProduceStructuredCommandRecordStatuses ...............................   Passed    0.07 sec
          Start 3991: RendererFrameLifecycle.DefaultDebugSurfacePipelineSurvivesOperationalRebuild
3926/4150 Test #3991: RendererFrameLifecycle.DefaultDebugSurfacePipelineSurvivesOperationalRebuild ....................................   Passed    0.07 sec
          Start 3992: RendererFrameLifecycle.ForwardSurfacePipelineSurvivesOperationalRebuild
3927/4150 Test #3992: RendererFrameLifecycle.ForwardSurfacePipelineSurvivesOperationalRebuild .........................................   Passed    0.07 sec
          Start 3993: RendererFrameLifecycle.ForwardLinePointPipelinesSurviveOperationalRebuild
3928/4150 Test #3993: RendererFrameLifecycle.ForwardLinePointPipelinesSurviveOperationalRebuild .......................................   Passed    0.07 sec
          Start 3994: RendererFrameLifecycle.ForwardPointSphereImpostorsWriteCorrectedDepth
3929/4150 Test #3994: RendererFrameLifecycle.ForwardPointSphereImpostorsWriteCorrectedDepth ...........................................   Passed    0.00 sec
          Start 3995: RendererFrameLifecycle.ForwardLinePointShadersUseSharedVisualizationColorHelpers
3930/4150 Test #3995: RendererFrameLifecycle.ForwardLinePointShadersUseSharedVisualizationColorHelpers ................................   Passed    0.00 sec
          Start 3996: RendererFrameLifecycle.ShadowPipelineSurvivesOperationalRebuild
3931/4150 Test #3996: RendererFrameLifecycle.ShadowPipelineSurvivesOperationalRebuild .................................................   Passed    0.07 sec
          Start 3997: RendererFrameLifecycle.ShadowAtlasSurvivesOperationalRebuild
3932/4150 Test #3997: RendererFrameLifecycle.ShadowAtlasSurvivesOperationalRebuild ....................................................   Passed    0.07 sec
          Start 3998: RendererFrameLifecycle.ForwardSurfacePassSkipsUnavailableWhenCullOutputMissing
3933/4150 Test #3998: RendererFrameLifecycle.ForwardSurfacePassSkipsUnavailableWhenCullOutputMissing ..................................   Passed    0.07 sec
          Start 3999: RendererFrameLifecycle.ForwardLinePointPassesSkipUnavailableWhenCullOutputMissing
3934/4150 Test #3999: RendererFrameLifecycle.ForwardLinePointPassesSkipUnavailableWhenCullOutputMissing ...............................   Passed    0.07 sec
          Start 4000: RendererFrameLifecycle.DeferredGBufferPipelineSurvivesOperationalRebuild
3935/4150 Test #4000: RendererFrameLifecycle.DeferredGBufferPipelineSurvivesOperationalRebuild ........................................   Passed    0.07 sec
          Start 4001: RendererFrameLifecycle.DeferredSurfacePassRecordsWhenLightingPathIsDeferred
3936/4150 Test #4001: RendererFrameLifecycle.DeferredSurfacePassRecordsWhenLightingPathIsDeferred .....................................   Passed    0.07 sec
          Start 4002: RendererFrameLifecycle.DeferredSurfacePassSkipsUnavailableWhenPipelineMissing
3937/4150 Test #4002: RendererFrameLifecycle.DeferredSurfacePassSkipsUnavailableWhenPipelineMissing ...................................   Passed    0.07 sec
          Start 4003: RendererFrameLifecycle.DeferredLightingPipelineSurvivesOperationalRebuild
3938/4150 Test #4003: RendererFrameLifecycle.DeferredLightingPipelineSurvivesOperationalRebuild .......................................   Passed    0.07 sec
          Start 4004: RendererFrameLifecycle.DeferredLightingPassSkipsUnavailableWhenPipelineMissing
3939/4150 Test #4004: RendererFrameLifecycle.DeferredLightingPassSkipsUnavailableWhenPipelineMissing ..................................   Passed    0.07 sec
          Start 4005: RendererFrameLifecycle.DeferredGBufferToCompositionEmitsColorToShaderReadBarriers
3940/4150 Test #4005: RendererFrameLifecycle.DeferredGBufferToCompositionEmitsColorToShaderReadBarriers ...............................   Passed    0.07 sec
          Start 4006: RendererFrameLifecycle.DeferredLightingShadowAtlasTransitionsDepthToShaderReadBeforeComposition
3941/4150 Test #4006: RendererFrameLifecycle.DeferredLightingShadowAtlasTransitionsDepthToShaderReadBeforeComposition .................   Passed    0.07 sec
          Start 4007: RendererFrameLifecycle.DeferredLightingPushConstantsCarryShadowAtlasBindlessIndex
3942/4150 Test #4007: RendererFrameLifecycle.DeferredLightingPushConstantsCarryShadowAtlasBindlessIndex ...............................   Passed    0.07 sec
          Start 4008: RendererFrameLifecycle.EntityIdPickingPipelineSurvivesOperationalRebuild
3943/4150 Test #4008: RendererFrameLifecycle.EntityIdPickingPipelineSurvivesOperationalRebuild ........................................   Passed    0.07 sec
          Start 4009: RendererFrameLifecycle.EntityIdOutlinePipelineUsesSingleTargetShape
3944/4150 Test #4009: RendererFrameLifecycle.EntityIdOutlinePipelineUsesSingleTargetShape .............................................   Passed    0.07 sec
          Start 4010: RendererFrameLifecycle.FaceIdPickingPipelineSurvivesOperationalRebuild
3945/4150 Test #4010: RendererFrameLifecycle.FaceIdPickingPipelineSurvivesOperationalRebuild ..........................................   Passed    0.07 sec
          Start 4011: RendererFrameLifecycle.EdgeIdPickingPipelineSurvivesOperationalRebuild
3946/4150 Test #4011: RendererFrameLifecycle.EdgeIdPickingPipelineSurvivesOperationalRebuild ..........................................   Passed    0.07 sec
          Start 4012: RendererFrameLifecycle.PointIdPickingPipelineSurvivesOperationalRebuild
3947/4150 Test #4012: RendererFrameLifecycle.PointIdPickingPipelineSurvivesOperationalRebuild .........................................   Passed    0.07 sec
          Start 4013: RendererFrameLifecycle.SelectionOutlinePipelineSurvivesOperationalRebuild
3948/4150 Test #4013: RendererFrameLifecycle.SelectionOutlinePipelineSurvivesOperationalRebuild .......................................   Passed    0.07 sec
          Start 4014: RendererFrameLifecycle.PostProcessToneMapPipelineSurvivesOperationalRebuild
3949/4150 Test #4014: RendererFrameLifecycle.PostProcessToneMapPipelineSurvivesOperationalRebuild .....................................   Passed    0.07 sec
          Start 4015: RendererFrameLifecycle.PostProcessBloomPipelinesSurviveOperationalRebuild
3950/4150 Test #4015: RendererFrameLifecycle.PostProcessBloomPipelinesSurviveOperationalRebuild .......................................   Passed    0.07 sec
          Start 4016: RendererFrameLifecycle.PostProcessFXAAPipelineSurvivesOperationalRebuild
3951/4150 Test #4016: RendererFrameLifecycle.PostProcessFXAAPipelineSurvivesOperationalRebuild ........................................   Passed    0.07 sec
          Start 4017: RendererFrameLifecycle.PostProcessSMAAPipelinesSurviveOperationalRebuild
3952/4150 Test #4017: RendererFrameLifecycle.PostProcessSMAAPipelinesSurviveOperationalRebuild ........................................   Passed    0.07 sec
          Start 4018: RendererFrameLifecycle.PostProcessHistogramPipelineSurvivesOperationalRebuild
3953/4150 Test #4018: RendererFrameLifecycle.PostProcessHistogramPipelineSurvivesOperationalRebuild ...................................   Passed    0.07 sec
          Start 4019: RendererFrameLifecycle.HZBBuildPipelineSurvivesOperationalRebuild
3954/4150 Test #4019: RendererFrameLifecycle.HZBBuildPipelineSurvivesOperationalRebuild ...............................................   Passed    0.07 sec
          Start 4020: RendererFrameLifecycle.ClusterLightingPipelinesAndSceneTablePublishSurviveRebuild
3955/4150 Test #4020: RendererFrameLifecycle.ClusterLightingPipelinesAndSceneTablePublishSurviveRebuild ...............................   Passed    0.11 sec
          Start 4021: RendererFrameLifecycle.HZBBuildPassRecordsFallbackDispatches
3956/4150 Test #4021: RendererFrameLifecycle.HZBBuildPassRecordsFallbackDispatches ....................................................   Passed    0.07 sec
          Start 4022: RendererFrameLifecycle.PostProcessSMAALookupTexturesSurviveOperationalRebuild
3957/4150 Test #4022: RendererFrameLifecycle.PostProcessSMAALookupTexturesSurviveOperationalRebuild ...................................   Passed    0.07 sec
          Start 4023: RendererFrameLifecycle.PostProcessSMAALookupTexturesRetryAfterFailedUpload
3958/4150 Test #4023: RendererFrameLifecycle.PostProcessSMAALookupTexturesRetryAfterFailedUpload ......................................   Passed    0.07 sec
          Start 4024: RendererFrameLifecycle.TAARecordsReconstructionPassAndDiagnostics
3959/4150 Test #4024: RendererFrameLifecycle.TAARecordsReconstructionPassAndDiagnostics ...............................................   Passed    0.07 sec
          Start 4025: RendererFrameLifecycle.FXAASelectedWithoutPipelineKeepsResolveSkippedAndPresentOnSceneColorLDR
3960/4150 Test #4025: RendererFrameLifecycle.FXAASelectedWithoutPipelineKeepsResolveSkippedAndPresentOnSceneColorLDR ..................   Passed    0.07 sec
          Start 4026: RendererFrameLifecycle.SMAASelectedWithoutResolvePipelineKeepsResolveSkippedAndPresentOnSceneColorLDR
3961/4150 Test #4026: RendererFrameLifecycle.SMAASelectedWithoutResolvePipelineKeepsResolveSkippedAndPresentOnSceneColorLDR ...........   Passed    0.07 sec
          Start 4027: RendererFrameLifecycle.SelectionOutlinePassRecordsWhenSelectableEntityPresent
3962/4150 Test #4027: RendererFrameLifecycle.SelectionOutlinePassRecordsWhenSelectableEntityPresent ...................................   Passed    0.07 sec
          Start 4028: RendererFrameLifecycle.SelectionOutlineBindsEntityIdToDedicatedSampledSlot
3963/4150 Test #4028: RendererFrameLifecycle.SelectionOutlineBindsEntityIdToDedicatedSampledSlot ......................................   Passed    0.07 sec
          Start 4029: RendererFrameLifecycle.SelectionOutlinePushConstantsMatchRecipeInputs
3964/4150 Test #4029: RendererFrameLifecycle.SelectionOutlinePushConstantsMatchRecipeInputs ...........................................   Passed    0.07 sec
          Start 4030: RendererFrameLifecycle.PickingReadbackBufferSurvivesOperationalRebuild
3965/4150 Test #4030: RendererFrameLifecycle.PickingReadbackBufferSurvivesOperationalRebuild ..........................................   Passed    0.07 sec
          Start 4031: RendererFrameLifecycle.PickingReadbackBufferReallocatesWhenFramesInFlightChanges
3966/4150 Test #4031: RendererFrameLifecycle.PickingReadbackBufferReallocatesWhenFramesInFlightChanges ................................   Passed    0.11 sec
          Start 4032: RendererFrameLifecycle.PickingReadbackCopyRecordedWhenPickPending
3967/4150 Test #4032: RendererFrameLifecycle.PickingReadbackCopyRecordedWhenPickPending ...............................................   Passed    0.07 sec
          Start 4033: RendererFrameLifecycle.PickingReadbackCopySkippedWhenNotPending
3968/4150 Test #4033: RendererFrameLifecycle.PickingReadbackCopySkippedWhenNotPending .................................................   Passed    0.07 sec
          Start 4034: RendererFrameLifecycle.PickingReadbackPublishesPickResultForHitPixel
3969/4150 Test #4034: RendererFrameLifecycle.PickingReadbackPublishesPickResultForHitPixel ............................................   Passed    0.07 sec
          Start 4035: RendererFrameLifecycle.PickingReadbackPreservesCorrelationSequence
3970/4150 Test #4035: RendererFrameLifecycle.PickingReadbackPreservesCorrelationSequence ..............................................   Passed    0.07 sec
          Start 4036: RendererFrameLifecycle.PickingReadbackPublishesNoHitForMissPixel
3971/4150 Test #4036: RendererFrameLifecycle.PickingReadbackPublishesNoHitForMissPixel ................................................   Passed    0.07 sec
          Start 4037: RendererFrameLifecycle.PickingReadbackPublishesNoHitForInvalidatedRequest
3972/4150 Test #4037: RendererFrameLifecycle.PickingReadbackPublishesNoHitForInvalidatedRequest .......................................   Passed    0.11 sec
          Start 4038: RendererFrameLifecycle.PickingReadbackPublishesNoHitForTruncatedSlotOnFifShrink
3973/4150 Test #4038: RendererFrameLifecycle.PickingReadbackPublishesNoHitForTruncatedSlotOnFifShrink .................................   Passed    0.11 sec
          Start 4039: RendererFrameLifecycle.HistogramReadbackBufferSurvivesOperationalRebuild
3974/4150 Test #4039: RendererFrameLifecycle.HistogramReadbackBufferSurvivesOperationalRebuild ........................................   Passed    0.07 sec
          Start 4040: RendererFrameLifecycle.HistogramReadbackCopyRecordedOnOperationalFrame
3975/4150 Test #4040: RendererFrameLifecycle.HistogramReadbackCopyRecordedOnOperationalFrame ..........................................   Passed    0.07 sec
          Start 4041: RendererFrameLifecycle.HistogramReadbackDrainPublishesEachSlotExactlyOnce
3976/4150 Test #4041: RendererFrameLifecycle.HistogramReadbackDrainPublishesEachSlotExactlyOnce .......................................   Passed    0.07 sec
          Start 4042: RendererFrameLifecycle.HistogramReadbackCopySkippedWhenStageDisabled
3977/4150 Test #4042: RendererFrameLifecycle.HistogramReadbackCopySkippedWhenStageDisabled ............................................   Passed    0.07 sec
          Start 4043: RendererFrameLifecycle.PublishHistogramReadbackUpdatesExposureHistory
3978/4150 Test #4043: RendererFrameLifecycle.PublishHistogramReadbackUpdatesExposureHistory ...........................................   Passed    0.03 sec
          Start 4044: RendererFrameLifecycle.NativeGpuProfilerSubmitsExactCompiledPlanAndPublishesOnlyRecordedPasses
3979/4150 Test #4044: RendererFrameLifecycle.NativeGpuProfilerSubmitsExactCompiledPlanAndPublishesOnlyRecordedPasses ..................   Passed    0.08 sec
          Start 4045: RendererFrameLifecycle.NativeGpuProfilerUsesAcceptedParallelMultiQueueAttribution
3980/4150 Test #4045: RendererFrameLifecycle.NativeGpuProfilerUsesAcceptedParallelMultiQueueAttribution ...............................   Passed    0.08 sec
          Start 4046: RendererFrameLifecycle.NativeGpuProfilerLabelsRejectedAsyncPlanAsGraphicsFallback
3981/4150 Test #4046: RendererFrameLifecycle.NativeGpuProfilerLabelsRejectedAsyncPlanAsGraphicsFallback ...............................   Passed    0.07 sec
          Start 4047: RendererFrameLifecycle.NativeGpuProfilerDiscardsWhenDeviceSubmissionDoesNotAdvance
3982/4150 Test #4047: RendererFrameLifecycle.NativeGpuProfilerDiscardsWhenDeviceSubmissionDoesNotAdvance ..............................   Passed    0.07 sec
          Start 4048: RendererFrameLifecycle.DeviceLostAfterActiveProfileDeviceEndOverridesInvalidLifecycle
3983/4150 Test #4048: RendererFrameLifecycle.DeviceLostAfterActiveProfileDeviceEndOverridesInvalidLifecycle ...........................   Passed    0.08 sec
          Start 4049: RendererFrameLifecycle.DeviceLostAfterHotDisabledDeviceEndOverridesDisabledProfile
3984/4150 Test #4049: RendererFrameLifecycle.DeviceLostAfterHotDisabledDeviceEndOverridesDisabledProfile ..............................   Passed    0.08 sec
          Start 4050: RendererFrameLifecycle.GpuProfilerScopeFailureDoesNotAbortRenderingAndDiscardsWholeCandidate
3985/4150 Test #4050: RendererFrameLifecycle.GpuProfilerScopeFailureDoesNotAbortRenderingAndDiscardsWholeCandidate ....................   Passed    0.07 sec
          Start 4051: RendererFrameLifecycle.GpuProfilerNoFreshBeginPathsClearPriorTelemetry
3986/4150 Test #4051: RendererFrameLifecycle.GpuProfilerNoFreshBeginPathsClearPriorTelemetry ..........................................   Passed    0.07 sec
          Start 4052: RendererFrameLifecycle.GpuProfilerPerFrameUnsupportedPlanDoesNotAbortRendering
3987/4150 Test #4052: RendererFrameLifecycle.GpuProfilerPerFrameUnsupportedPlanDoesNotAbortRendering ..................................   Passed    0.07 sec
          Start 4053: RendererFrameLifecycle.HotDisabledGpuProfilerPreservesDeviceLostStaleLastGoodProfile
3988/4150 Test #4053: RendererFrameLifecycle.HotDisabledGpuProfilerPreservesDeviceLostStaleLastGoodProfile ............................   Passed    0.08 sec
          Start 4054: RendererFrameLifecycle.DeviceLostProfilerStatusMapsFailedDeviceBeginFrame
3989/4150 Test #4054: RendererFrameLifecycle.DeviceLostProfilerStatusMapsFailedDeviceBeginFrame .......................................   Passed    0.08 sec
          Start 4055: RendererFrameLifecycle.GpuProfilerHotDisableOmitsScopesAndReenableReusesAdapter
3990/4150 Test #4055: RendererFrameLifecycle.GpuProfilerHotDisableOmitsScopesAndReenableReusesAdapter .................................   Passed    0.09 sec
          Start 4056: RendererFrameLifecycle.GpuProfilerShutdownDiscardsActiveCandidateBeforeReinitialize
3991/4150 Test #4056: RendererFrameLifecycle.GpuProfilerShutdownDiscardsActiveCandidateBeforeReinitialize .............................   Passed    0.13 sec
          Start 4057: RenderWorldContract.TemporalJitterHaltonSequenceIsDeterministicAndWraps
3992/4150 Test #4057: RenderWorldContract.TemporalJitterHaltonSequenceIsDeterministicAndWraps .........................................   Passed    0.00 sec
          Start 4058: RenderWorldContract.TemporalJitterAppliesProjectionOverrideAndSnapshotOffset
3993/4150 Test #4058: RenderWorldContract.TemporalJitterAppliesProjectionOverrideAndSnapshotOffset ....................................   Passed    0.00 sec
          Start 4059: RenderWorldContract.NoJitterNoHistoryForcesZeroCameraJitter
3994/4150 Test #4059: RenderWorldContract.NoJitterNoHistoryForcesZeroCameraJitter .....................................................   Passed    0.00 sec
          Start 4060: RenderWorldContract.ExposesRendererOwnedImmutableRuntimeSnapshots
3995/4150 Test #4060: RenderWorldContract.ExposesRendererOwnedImmutableRuntimeSnapshots ...............................................   Passed    0.03 sec
          Start 4061: RenderWorldContract.BeginFrameRetainsRuntimeSnapshotSlotsUntilOverwrite
3996/4150 Test #4061: RenderWorldContract.BeginFrameRetainsRuntimeSnapshotSlotsUntilOverwrite .........................................   Passed    0.03 sec
          Start 4062: RenderGraphParallelRecording.ParallelRecordJoinPreservesSerialSubmitOrder
3997/4150 Test #4062: RenderGraphParallelRecording.ParallelRecordJoinPreservesSerialSubmitOrder .......................................   Passed    0.00 sec
          Start 4063: RenderGraphParallelRecording.SeededDagsPreserveSerialSubmitOrder
3998/4150 Test #4063: RenderGraphParallelRecording.SeededDagsPreserveSerialSubmitOrder ................................................   Passed    0.02 sec
          Start 4064: RenderGraphParallelRecording.IndependentLayerRecordsOnWorkers
3999/4150 Test #4064: RenderGraphParallelRecording.IndependentLayerRecordsOnWorkers ...................................................   Passed    0.04 sec
          Start 4065: RenderGraphParallelRecording.RecordFailureJoinsWorkersAndSkipsSubmit
4000/4150 Test #4065: RenderGraphParallelRecording.RecordFailureJoinsWorkersAndSkipsSubmit ............................................   Passed    0.02 sec
          Start 4066: RenderGraphValidation.EmptyGraphHasNoFindings
4001/4150 Test #4066: RenderGraphValidation.EmptyGraphHasNoFindings ...................................................................   Passed    0.00 sec
          Start 4067: RenderGraphValidation.LoadWithoutEarlierWriterReportsWarning
4002/4150 Test #4067: RenderGraphValidation.LoadWithoutEarlierWriterReportsWarning ....................................................   Passed    0.00 sec
          Start 4068: RenderGraphValidation.TransientBufferReadWithoutProducerReportsError
4003/4150 Test #4068: RenderGraphValidation.TransientBufferReadWithoutProducerReportsError ............................................   Passed    0.00 sec
          Start 4069: RenderGraphValidation.TextureReadBeforeProducerReportsMissingProducer
4004/4150 Test #4069: RenderGraphValidation.TextureReadBeforeProducerReportsMissingProducer ...........................................   Passed    0.00 sec
          Start 4070: RenderGraphValidation.BufferReadBeforeProducerReportsMissingProducer
4005/4150 Test #4070: RenderGraphValidation.BufferReadBeforeProducerReportsMissingProducer ............................................   Passed    0.00 sec
          Start 4071: RenderGraphValidation.TransientTextureReadWithoutProducerReportsError
4006/4150 Test #4071: RenderGraphValidation.TransientTextureReadWithoutProducerReportsError ...........................................   Passed    0.00 sec
          Start 4072: RenderGraphValidation.ImportedBackbufferNonFinalizerWriteReportsError
4007/4150 Test #4072: RenderGraphValidation.ImportedBackbufferNonFinalizerWriteReportsError ...........................................   Passed    0.00 sec
          Start 4073: RenderGraphValidation.ImportedTextureAuthorizationListControlsWriters
4008/4150 Test #4073: RenderGraphValidation.ImportedTextureAuthorizationListControlsWriters ...........................................   Passed    0.00 sec
          Start 4074: RenderGraphValidation.ShaderReadBoundaryImportRejectsWriteWithoutAuthorization
4009/4150 Test #4074: RenderGraphValidation.ShaderReadBoundaryImportRejectsWriteWithoutAuthorization ..................................   Passed    0.00 sec
          Start 4075: RenderGraphValidation.AuthorizedImportedWritePreservesShaderReadBoundaryStates
4010/4150 Test #4075: RenderGraphValidation.AuthorizedImportedWritePreservesShaderReadBoundaryStates ..................................   Passed    0.00 sec
          Start 4076: RenderGraphValidation.ImportedBufferAuthorizationListControlsWriters
4011/4150 Test #4076: RenderGraphValidation.ImportedBufferAuthorizationListControlsWriters ............................................   Passed    0.00 sec
          Start 4077: RenderGraphValidation.ImportedBackbufferFinalStateMismatchReportsError
4012/4150 Test #4077: RenderGraphValidation.ImportedBackbufferFinalStateMismatchReportsError ..........................................   Passed    0.00 sec
          Start 4078: RenderGraphValidation.CompileInvalidExplicitDependencyReportsStructuredFinding
4013/4150 Test #4078: RenderGraphValidation.CompileInvalidExplicitDependencyReportsStructuredFinding ..................................   Passed    0.00 sec
          Start 4079: RenderGraphValidation.CompileInvalidResourceAccessReportsStructuredFindings
4014/4150 Test #4079: RenderGraphValidation.CompileInvalidResourceAccessReportsStructuredFindings .....................................   Passed    0.00 sec
          Start 4080: RenderGraphValidation.CompileRenderPassAttachmentMismatchesReportStructuredFindings
4015/4150 Test #4080: RenderGraphValidation.CompileRenderPassAttachmentMismatchesReportStructuredFindings .............................   Passed    0.00 sec
          Start 4081: RenderGraphValidation.CompileCycleReportsStructuredFinding
4016/4150 Test #4081: RenderGraphValidation.CompileCycleReportsStructuredFinding ......................................................   Passed    0.00 sec
          Start 4082: RenderGraphValidation.CompileBackbufferWrittenByNonFinalizerReportsStructuredFinding
4017/4150 Test #4082: RenderGraphValidation.CompileBackbufferWrittenByNonFinalizerReportsStructuredFinding ............................   Passed    0.00 sec
          Start 4083: RenderGraphValidation.SuccessfulCompileStoresValidationFindings
4018/4150 Test #4083: RenderGraphValidation.SuccessfulCompileStoresValidationFindings .................................................   Passed    0.00 sec
          Start 4084: RenderGraphValidation.FindingsUseDeterministicSeverityCodePassResourceOrdering
4019/4150 Test #4084: RenderGraphValidation.FindingsUseDeterministicSeverityCodePassResourceOrdering ..................................   Passed    0.00 sec
          Start 4085: RenderGraphValidation.ColorAttachmentReadUsesReadStateAndSkipsConsecutiveReadBarrier
4020/4150 Test #4085: RenderGraphValidation.ColorAttachmentReadUsesReadStateAndSkipsConsecutiveReadBarrier ............................   Passed    0.00 sec
          Start 4086: RenderGraphValidation.LoadedColorAttachmentUsesOneReadWriteState
4021/4150 Test #4086: RenderGraphValidation.LoadedColorAttachmentUsesOneReadWriteState ................................................   Passed    0.00 sec
          Start 4087: RenderGraphValidation.TransientMemoryEstimateUsesRhiBlockCompressedStorageSize
4022/4150 Test #4087: RenderGraphValidation.TransientMemoryEstimateUsesRhiBlockCompressedStorageSize ..................................   Passed    0.00 sec
          Start 4088: RenderGraphValidation.ResetReusedPassRecordClearsStaleDeclarations
4023/4150 Test #4088: RenderGraphValidation.ResetReusedPassRecordClearsStaleDeclarations ..............................................   Passed    0.00 sec
          Start 4089: RenderGraphValidation.ResetReusedCompilerScratchKeepsCompiledOutputStable
4024/4150 Test #4089: RenderGraphValidation.ResetReusedCompilerScratchKeepsCompiledOutputStable .......................................   Passed    0.00 sec
          Start 4090: VisibilityRecipe.FiltersGroupsSelectsLodAndRequestsAccelerationStructures
4025/4150 Test #4090: VisibilityRecipe.FiltersGroupsSelectsLodAndRequestsAccelerationStructures .......................................   Passed    0.00 sec
          Start 4091: VisibilityRecipe.RendererProductCompatibilityUsesDeclaredCapabilitiesAndProducedProducts
4026/4150 Test #4091: VisibilityRecipe.RendererProductCompatibilityUsesDeclaredCapabilitiesAndProducedProducts ........................   Passed    0.00 sec
          Start 4092: GroupingRecipe.RejectsHiddenMalformedUnsupportedAndEmptyInputs
4027/4150 Test #4092: GroupingRecipe.RejectsHiddenMalformedUnsupportedAndEmptyInputs ..................................................   Passed    0.00 sec
          Start 4093: LightingRecipe.ResolvesLightsEnvironmentTagsIntentsAndEmissiveGeometry
4028/4150 Test #4093: LightingRecipe.ResolvesLightsEnvironmentTagsIntentsAndEmissiveGeometry ..........................................   Passed    0.00 sec
          Start 4094: EnvironmentRecipe.EmptyInvalidAndUnsupportedLightingFallsBackDeterministically
4029/4150 Test #4094: EnvironmentRecipe.EmptyInvalidAndUnsupportedLightingFallsBackDeterministically ..................................   Passed    0.00 sec
          Start 4095: GraphicsSelectionPassContracts.EntityAndFaceIdPassesDrawSurfaceBucket
4030/4150 Test #4095: GraphicsSelectionPassContracts.EntityAndFaceIdPassesDrawSurfaceBucket ...........................................   Passed    0.00 sec
          Start 4096: GraphicsSelectionPassContracts.EdgeAndPointIdPassesDrawLineAndPointBuckets
4031/4150 Test #4096: GraphicsSelectionPassContracts.EdgeAndPointIdPassesDrawLineAndPointBuckets ......................................   Passed    0.00 sec
          Start 4097: GraphicsSelectionPassContracts.SelectionOutlinePassDrawsFullscreenTriangle
4032/4150 Test #4097: GraphicsSelectionPassContracts.SelectionOutlinePassDrawsFullscreenTriangle ......................................   Passed    0.00 sec
          Start 4098: GraphicsSelectionSystemContracts.EncodesPrimitiveDomainAndPayloadDeterministically
4033/4150 Test #4098: GraphicsSelectionSystemContracts.EncodesPrimitiveDomainAndPayloadDeterministically ..............................   Passed    0.00 sec
          Start 4099: GraphicsSelectionSystemContracts.TracksPendingPickReadbackAndDiagnostics
4034/4150 Test #4099: GraphicsSelectionSystemContracts.TracksPendingPickReadbackAndDiagnostics ........................................   Passed    0.00 sec
          Start 4100: GraphicsSelectionSystemContracts.QueuesCompletedReadbacksFifoWithSequence
4035/4150 Test #4100: GraphicsSelectionSystemContracts.QueuesCompletedReadbacksFifoWithSequence .......................................   Passed    0.00 sec
          Start 4101: GraphicsSelectionSystemContracts.PreservesPointPickCompatibilityWrappers
4036/4150 Test #4101: GraphicsSelectionSystemContracts.PreservesPointPickCompatibilityWrappers ........................................   Passed    0.00 sec
          Start 4102: GraphicsSelectionSystemContracts.PromotedSelectionPassClassNamesRemainAvailable
4037/4150 Test #4102: GraphicsSelectionSystemContracts.PromotedSelectionPassClassNamesRemainAvailable .................................   Passed    0.00 sec
          Start 4103: GraphicsSurfacePassContracts.DepthPrepassRecordsSurfaceOpaqueIndirectDraw
4038/4150 Test #4103: GraphicsSurfacePassContracts.DepthPrepassRecordsSurfaceOpaqueIndirectDraw .......................................   Passed    0.00 sec
          Start 4104: GraphicsSurfacePassContracts.ForwardSurfaceRequiresInitializedSystemAndRecordsSurfaceOpaqueDraw
4039/4150 Test #4104: GraphicsSurfacePassContracts.ForwardSurfaceRequiresInitializedSystemAndRecordsSurfaceOpaqueDraw .................   Passed    0.00 sec
          Start 4105: GraphicsSurfacePassContracts.DeferredGBufferRequiresInitializedSystemAndRecordsSurfaceOpaqueDraw
4040/4150 Test #4105: GraphicsSurfacePassContracts.DeferredGBufferRequiresInitializedSystemAndRecordsSurfaceOpaqueDraw ................   Passed    0.00 sec
          Start 4106: TransformSyncSystem.StaleSweepEvictsInstancesMissingFromRecords
4041/4150 Test #4106: TransformSyncSystem.StaleSweepEvictsInstancesMissingFromRecords .................................................   Passed    0.03 sec
          Start 4107: TransformSyncSystem.ShutdownClearsTrackedState
4042/4150 Test #4107: TransformSyncSystem.ShutdownClearsTrackedState ..................................................................   Passed    0.03 sec
          Start 4108: TransientDebugSurfacePassContract.RecipeDeclaresPassWhenTransientPrimitivesExist
4043/4150 Test #4108: TransientDebugSurfacePassContract.RecipeDeclaresPassWhenTransientPrimitivesExist ................................   Passed    0.00 sec
          Start 4109: TransientDebugSurfacePassContract.RecipeOmitsPassWhenNoTransientPrimitives
4044/4150 Test #4109: TransientDebugSurfacePassContract.RecipeOmitsPassWhenNoTransientPrimitives ......................................   Passed    0.07 sec
          Start 4110: TransientDebugSurfacePassContract.NonOperationalDeviceSkipsNonOperational
4045/4150 Test #4110: TransientDebugSurfacePassContract.NonOperationalDeviceSkipsNonOperational .......................................   Passed    0.03 sec
          Start 4111: TransientDebugSurfacePassContract.MissingTrianglePipelineLeaseSkipsUnavailable
4046/4150 Test #4111: TransientDebugSurfacePassContract.MissingTrianglePipelineLeaseSkipsUnavailable ..................................   Passed    0.07 sec
          Start 4112: TransientDebugSurfacePassContract.RecordsTriangleBindPipelineAndDraw
4047/4150 Test #4112: TransientDebugSurfacePassContract.RecordsTriangleBindPipelineAndDraw ............................................   Passed    0.07 sec
          Start 4113: TransientDebugSurfacePassContract.SelectsAlwaysOnTopVariantPerPacket
4048/4150 Test #4113: TransientDebugSurfacePassContract.SelectsAlwaysOnTopVariantPerPacket ............................................   Passed    0.07 sec
          Start 4114: TransientDebugSurfacePassContract.PerFrameBufferRecyclingDoesNotLeak
4049/4150 Test #4114: TransientDebugSurfacePassContract.PerFrameBufferRecyclingDoesNotLeak ............................................   Passed    0.12 sec
          Start 4115: TransientDebugSurfacePassContract.UploadHelperPartitionsStorageByFrameSlot
4050/4150 Test #4115: TransientDebugSurfacePassContract.UploadHelperPartitionsStorageByFrameSlot ......................................   Passed    0.00 sec
          Start 4116: TransientDebugSurfacePassContract.RecordsLineBindPipelineAndDraw
4051/4150 Test #4116: TransientDebugSurfacePassContract.RecordsLineBindPipelineAndDraw ................................................   Passed    0.07 sec
          Start 4117: TransientDebugSurfacePassContract.SelectsLineAlwaysOnTopVariantPerPacket
4052/4150 Test #4117: TransientDebugSurfacePassContract.SelectsLineAlwaysOnTopVariantPerPacket ........................................   Passed    0.07 sec
          Start 4118: TransientDebugSurfacePassContract.MissingLinePipelineLeaseSkipsUnavailable
4053/4150 Test #4118: TransientDebugSurfacePassContract.MissingLinePipelineLeaseSkipsUnavailable ......................................   Passed    0.07 sec
          Start 4119: TransientDebugSurfacePassContract.RecordsPointBindPipelineAndDraw
4054/4150 Test #4119: TransientDebugSurfacePassContract.RecordsPointBindPipelineAndDraw ...............................................   Passed    0.07 sec
          Start 4120: TransientDebugSurfacePassContract.SelectsPointAlwaysOnTopVariantPerPacket
4055/4150 Test #4120: TransientDebugSurfacePassContract.SelectsPointAlwaysOnTopVariantPerPacket .......................................   Passed    0.07 sec
          Start 4121: TransientDebugSurfacePassContract.MissingPointPipelineLeaseSkipsUnavailable
4056/4150 Test #4121: TransientDebugSurfacePassContract.MissingPointPipelineLeaseSkipsUnavailable .....................................   Passed    0.07 sec
          Start 4122: TransientDebugSurfacePassContract.RecordsAllThreeLanesWhenAllSubmitted
4057/4150 Test #4122: TransientDebugSurfacePassContract.RecordsAllThreeLanesWhenAllSubmitted ..........................................   Passed    0.07 sec
          Start 4123: TransientDebugSurfacePassContract.TransientReadbackDefaultDisabledEvenWhenPassRecords
4058/4150 Test #4123: TransientDebugSurfacePassContract.TransientReadbackDefaultDisabledEvenWhenPassRecords ...........................   Passed    0.07 sec
          Start 4124: TransientDebugSurfacePassContract.TransientReadbackRecordsOnlyWhenPassRecords
4059/4150 Test #4124: TransientDebugSurfacePassContract.TransientReadbackRecordsOnlyWhenPassRecords ...................................   Passed    0.07 sec
          Start 4125: TransientDebugSurfacePassContract.TransientReadbackSkipsWhenPassOmitted
4060/4150 Test #4125: TransientDebugSurfacePassContract.TransientReadbackSkipsWhenPassOmitted .........................................   Passed    0.07 sec
          Start 4126: TransientDebugSurfacePassContract.TransientReadbackSkipsWhenDeviceNonOperational
4061/4150 Test #4126: TransientDebugSurfacePassContract.TransientReadbackSkipsWhenDeviceNonOperational ................................   Passed    0.03 sec
          Start 4127: TransientDebugSurfacePassContract.UploadOverflowSkipsUnavailableWithoutFalseRecorded
4062/4150 Test #4127: TransientDebugSurfacePassContract.UploadOverflowSkipsUnavailableWithoutFalseRecorded ............................   Passed    0.08 sec
          Start 4128: TransientDebugSurfacePassContract.MixedLanePartialPipelineSkipRecordsRemainingLanes
4063/4150 Test #4128: TransientDebugSurfacePassContract.MixedLanePartialPipelineSkipRecordsRemainingLanes .............................   Passed    0.07 sec
          Start 4129: GraphicsUvViewContract.DisabledAndNonOperationalRequestsStayOnCpuWithoutResources
4064/4150 Test #4129: GraphicsUvViewContract.DisabledAndNonOperationalRequestsStayOnCpuWithoutResources ...............................   Passed    0.00 sec
          Start 4130: GraphicsUvViewContract.InvalidBoundsTopologyAndMissingTexcoordsFailClosed
4065/4150 Test #4130: GraphicsUvViewContract.InvalidBoundsTopologyAndMissingTexcoordsFailClosed .......................................   Passed    0.00 sec
          Start 4131: GraphicsUvViewContract.ResidentTriangleCreatesRetainedSampledTargetAndRecordsAllDraws
4066/4150 Test #4131: GraphicsUvViewContract.ResidentTriangleCreatesRetainedSampledTargetAndRecordsAllDraws ...........................   Passed    0.00 sec
          Start 4132: GraphicsUvViewContract.TextureAndHeatmapFallbacksRemainExplicit
4067/4150 Test #4132: GraphicsUvViewContract.TextureAndHeatmapFallbacksRemainExplicit .................................................   Passed    0.00 sec
          Start 4133: GraphicsUvViewContract.ResizeReplacesTargetAndIncrementsGeneration
4068/4150 Test #4133: GraphicsUvViewContract.ResizeReplacesTargetAndIncrementsGeneration ..............................................   Passed    0.00 sec
          Start 4134: GraphicsUvViewContract.SubmissionHeartbeatDisablesUnrefreshedRetainedWork
4069/4150 Test #4134: GraphicsUvViewContract.SubmissionHeartbeatDisablesUnrefreshedRetainedWork .......................................   Passed    0.00 sec
          Start 4135: GraphicsUvViewContract.RebuildClearsPublishedReadinessAndRequiresRefresh
4070/4150 Test #4135: GraphicsUvViewContract.RebuildClearsPublishedReadinessAndRequiresRefresh ........................................   Passed    0.00 sec
          Start 4136: GraphicsUvViewContract.TargetExtentAndUvFitLimitsFailClosed
4071/4150 Test #4136: GraphicsUvViewContract.TargetExtentAndUvFitLimitsFailClosed .....................................................   Passed    0.00 sec
          Start 4137: GraphicsUvViewContract.EveryBackgroundModeReachesTheShaderContract
4072/4150 Test #4137: GraphicsUvViewContract.EveryBackgroundModeReachesTheShaderContract ..............................................   Passed    0.00 sec
          Start 4138: GraphicsUvViewContract.GeometryRecordLookupReturnsResidentDataAndRejectsFreedHandle
4073/4150 Test #4138: GraphicsUvViewContract.GeometryRecordLookupReturnsResidentDataAndRejectsFreedHandle .............................   Passed    0.00 sec
          Start 4139: VisualizationOverlayPassContract.RecipeDeclaresPassWhenOverlayPacketsExist
4074/4150 Test #4139: VisualizationOverlayPassContract.RecipeDeclaresPassWhenOverlayPacketsExist ......................................   Passed    0.00 sec
          Start 4140: VisualizationOverlayPassContract.RecipeOmitsPassWhenNoOverlayPackets
4075/4150 Test #4140: VisualizationOverlayPassContract.RecipeOmitsPassWhenNoOverlayPackets ............................................   Passed    0.07 sec
          Start 4141: VisualizationOverlayPassContract.NonOperationalDeviceSkipsNonOperational
4076/4150 Test #4141: VisualizationOverlayPassContract.NonOperationalDeviceSkipsNonOperational ........................................   Passed    0.03 sec
          Start 4142: VisualizationOverlayPassContract.MissingVectorFieldPipelineLeaseSkipsUnavailable
4077/4150 Test #4142: VisualizationOverlayPassContract.MissingVectorFieldPipelineLeaseSkipsUnavailable ................................   Passed    0.07 sec
          Start 4143: VisualizationOverlayPassContract.RecordsVectorFieldBindPipelineAndDraw
4078/4150 Test #4143: VisualizationOverlayPassContract.RecordsVectorFieldBindPipelineAndDraw ..........................................   Passed    0.07 sec
          Start 4144: VisualizationOverlayPassContract.SelectsVectorFieldAlwaysOnTopVariantPerPacket
4079/4150 Test #4144: VisualizationOverlayPassContract.SelectsVectorFieldAlwaysOnTopVariantPerPacket ..................................   Passed    0.07 sec
          Start 4145: VisualizationOverlayPassContract.UploadOverflowSkipsUnavailableWithoutFalseRecorded
4080/4150 Test #4145: VisualizationOverlayPassContract.UploadOverflowSkipsUnavailableWithoutFalseRecorded .............................   Passed    0.07 sec
          Start 4146: VisualizationOverlayPassContract.PerFrameBufferRecyclingDoesNotLeakVectorField
4081/4150 Test #4146: VisualizationOverlayPassContract.PerFrameBufferRecyclingDoesNotLeakVectorField ..................................   Passed    0.12 sec
          Start 4147: VisualizationOverlayPassContract.UploadHelperPartitionsStorageByFrameSlot
4082/4150 Test #4147: VisualizationOverlayPassContract.UploadHelperPartitionsStorageByFrameSlot .......................................   Passed    0.00 sec
          Start 4148: VisualizationOverlayPassContract.MissingIsolinePipelineLeaseSkipsUnavailable
4083/4150 Test #4148: VisualizationOverlayPassContract.MissingIsolinePipelineLeaseSkipsUnavailable ....................................   Passed    0.07 sec
          Start 4149: VisualizationOverlayPassContract.RecordsIsolineBindPipelineAndDraw
4084/4150 Test #4149: VisualizationOverlayPassContract.RecordsIsolineBindPipelineAndDraw ..............................................   Passed    0.07 sec
          Start 4150: VisualizationOverlayPassContract.SelectsIsolineAlwaysOnTopVariantPerPacket
4085/4150 Test #4150: VisualizationOverlayPassContract.SelectsIsolineAlwaysOnTopVariantPerPacket ......................................   Passed    0.07 sec
          Start 4151: VisualizationOverlayPassContract.MixedLaneVectorFieldAndIsolineBothRecord
4086/4150 Test #4151: VisualizationOverlayPassContract.MixedLaneVectorFieldAndIsolineBothRecord .......................................   Passed    0.07 sec
          Start 4152: VisualizationOverlayPassContract.RetainedOverlayPacketLanesRecordTogether
4087/4150 Test #4152: VisualizationOverlayPassContract.RetainedOverlayPacketLanesRecordTogether .......................................   Passed    0.07 sec
          Start 4153: VisualizationOverlayPassContract.VisualizationReadbackDefaultDisabledEvenWhenPassRecords
4088/4150 Test #4153: VisualizationOverlayPassContract.VisualizationReadbackDefaultDisabledEvenWhenPassRecords ........................   Passed    0.07 sec
          Start 4154: VisualizationOverlayPassContract.VisualizationReadbackRecordsOnlyWhenPassRecords
4089/4150 Test #4154: VisualizationOverlayPassContract.VisualizationReadbackRecordsOnlyWhenPassRecords ................................   Passed    0.07 sec
          Start 4155: VisualizationOverlayPassContract.VisualizationReadbackSkipsWhenPassOmitted
4090/4150 Test #4155: VisualizationOverlayPassContract.VisualizationReadbackSkipsWhenPassOmitted ......................................   Passed    0.07 sec
          Start 4156: VisualizationOverlayPassContract.VisualizationReadbackSkipsWhenDeviceNonOperational
4091/4150 Test #4156: VisualizationOverlayPassContract.VisualizationReadbackSkipsWhenDeviceNonOperational .............................   Passed    0.03 sec
          Start 4157: VisualizationOverlayPassContract.PerLanePartialSkipKeepsSiblingLaneRecording
4092/4150 Test #4157: VisualizationOverlayPassContract.PerLanePartialSkipKeepsSiblingLaneRecording ....................................   Passed    0.07 sec
          Start 4158: VisualizationOverlayPassContract.PerFrameBufferRecyclingDoesNotLeakIsoline
4093/4150 Test #4158: VisualizationOverlayPassContract.PerFrameBufferRecyclingDoesNotLeakIsoline ......................................   Passed    0.12 sec
          Start 4159: VisualizationPropertyBufferResidencyContract.ValidatesDescriptorShapeAndFinitePayloads
4094/4150 Test #4159: VisualizationPropertyBufferResidencyContract.ValidatesDescriptorShapeAndFinitePayloads ..........................   Passed    0.00 sec
          Start 4160: VisualizationPropertyBufferResidencyContract.UploadsReusesAndRejectsStaleDirtyStamp
4095/4150 Test #4160: VisualizationPropertyBufferResidencyContract.UploadsReusesAndRejectsStaleDirtyStamp .............................   Passed    0.00 sec
          Start 4161: VisualizationPropertyBufferResidencyContract.RendererPublishesAddressBeforePacketValidation
4096/4150 Test #4161: VisualizationPropertyBufferResidencyContract.RendererPublishesAddressBeforePacketValidation .....................   Passed    0.07 sec
          Start 4162: RuntimeRenderExtraction.CreatesUpdatesAndClearsDirtyTransformSidecar
4097/4150 Test #4162: RuntimeRenderExtraction.CreatesUpdatesAndClearsDirtyTransformSidecar ............................................   Passed    0.03 sec
          Start 4163: RuntimeRenderExtraction.ClearSceneStateDropsSidecarsAndPerEntityRecipes
4098/4150 Test #4163: RuntimeRenderExtraction.ClearSceneStateDropsSidecarsAndPerEntityRecipes .........................................   Passed    0.04 sec
          Start 4164: RuntimeRenderExtraction.RetiresDestroyedRenderableSidecar
4099/4150 Test #4164: RuntimeRenderExtraction.RetiresDestroyedRenderableSidecar .......................................................   Passed    0.03 sec
          Start 4165: RuntimeRenderExtraction.ReusesLiveRenderableKeyScratchAcrossExtractions
4100/4150 Test #4165: RuntimeRenderExtraction.ReusesLiveRenderableKeyScratchAcrossExtractions .........................................   Passed    0.03 sec
          Start 4166: RuntimeRenderExtraction.ExtractsVisualizationAndLightsWithoutRenderableOwnership
4101/4150 Test #4166: RuntimeRenderExtraction.ExtractsVisualizationAndLightsWithoutRenderableOwnership ................................   Passed    0.03 sec
          Start 4167: RuntimeRenderExtraction.VisualizationScalarRecipeReachesRenderWorld
4102/4150 Test #4167: RuntimeRenderExtraction.VisualizationScalarRecipeReachesRenderWorld .............................................   Passed    0.03 sec
          Start 4168: RuntimeRenderExtraction.VisualizationScalarConfigMissingSourceFailsClosed
4103/4150 Test #4168: RuntimeRenderExtraction.VisualizationScalarConfigMissingSourceFailsClosed .......................................   Passed    0.03 sec
          Start 4169: RuntimeRenderExtraction.VisualizationScalarRecipeMissingBdaUploadsPropertyBuffer
4104/4150 Test #4169: RuntimeRenderExtraction.VisualizationScalarRecipeMissingBdaUploadsPropertyBuffer ................................   Passed    0.03 sec
          Start 4170: RuntimeRenderExtraction.VisualizationPropertyBufferKeysAreStableIdScoped
4105/4150 Test #4170: RuntimeRenderExtraction.VisualizationPropertyBufferKeysAreStableIdScoped ........................................   Passed    0.03 sec
          Start 4171: RuntimeRenderExtraction.MeshColorVisualizationPropertyBufferUploadsFromGeometrySources
4106/4150 Test #4171: RuntimeRenderExtraction.MeshColorVisualizationPropertyBufferUploadsFromGeometrySources ..........................   Passed    0.03 sec
          Start 4172: RuntimeRenderExtraction.PointCloudVisualizationPropertyBuffersUploadFromGeometrySources
4107/4150 Test #4172: RuntimeRenderExtraction.PointCloudVisualizationPropertyBuffersUploadFromGeometrySources .........................   Passed    0.03 sec
          Start 4173: RuntimeRenderExtraction.MeshScalarPropertyBufferReachesPreparedEntityConfigWithAutoRange
4108/4150 Test #4173: RuntimeRenderExtraction.MeshScalarPropertyBufferReachesPreparedEntityConfigWithAutoRange ........................   Passed    0.07 sec
          Start 4174: RuntimeRenderExtraction.MeshSurfaceLaneOverrideDoubleCurvatureReachesPreparedEntityConfig
4109/4150 Test #4174: RuntimeRenderExtraction.MeshSurfaceLaneOverrideDoubleCurvatureReachesPreparedEntityConfig .......................   Passed    0.07 sec
          Start 4175: RuntimeRenderExtraction.MeshSurfaceLaneOverrideIsolinePresetReachesPreparedEntityConfig
4110/4150 Test #4175: RuntimeRenderExtraction.MeshSurfaceLaneOverrideIsolinePresetReachesPreparedEntityConfig .........................   Passed    0.07 sec
          Start 4176: RuntimeRenderExtraction.MeshScalarVisualizationSurvivesLatePropertyAndSteadyStateFrames
4111/4150 Test #4176: RuntimeRenderExtraction.MeshScalarVisualizationSurvivesLatePropertyAndSteadyStateFrames .........................   Passed    0.10 sec
          Start 4177: RuntimeRenderExtraction.MeshScalarDegenerateManualRangeIsSanitizedInPreparedConfig
4112/4150 Test #4177: RuntimeRenderExtraction.MeshScalarDegenerateManualRangeIsSanitizedInPreparedConfig ..............................   Passed    0.07 sec
          Start 4178: RuntimeRenderExtraction.GraphVisualizationPropertyBuffersUploadFromNodeAndEdgeDomains
4113/4150 Test #4178: RuntimeRenderExtraction.GraphVisualizationPropertyBuffersUploadFromNodeAndEdgeDomains ...........................   Passed    0.04 sec
          Start 4179: RuntimeRenderExtraction.GeometryPresentationPropertyBuffersProjectToVisualizationRecipes
4114/4150 Test #4179: RuntimeRenderExtraction.GeometryPresentationPropertyBuffersProjectToVisualizationRecipes ........................   Passed    0.03 sec
          Start 4180: RuntimeRenderExtraction.MeshVertexColorDirtyChannelPartiallyUploadsStructuralColorStream
4115/4150 Test #4180: RuntimeRenderExtraction.MeshVertexColorDirtyChannelPartiallyUploadsStructuralColorStream ........................   Passed    0.08 sec
          Start 4181: RuntimeRenderExtraction.MeshColorVisualizationPropertyBufferFailsClosed
4116/4150 Test #4181: RuntimeRenderExtraction.MeshColorVisualizationPropertyBufferFailsClosed .........................................   Passed    0.03 sec
          Start 4182: RuntimeRenderExtraction.VisualizationNonScalarRecipesReachRenderWorld
4117/4150 Test #4182: RuntimeRenderExtraction.VisualizationNonScalarRecipesReachRenderWorld ...........................................   Passed    0.03 sec
          Start 4183: RuntimeRenderExtraction.VisualizationNonScalarRecipeFailuresAreCounted
4118/4150 Test #4183: RuntimeRenderExtraction.VisualizationNonScalarRecipeFailuresAreCounted ..........................................   Passed    0.03 sec
          Start 4184: RuntimeRenderExtraction.ObservesAssetSourceAsUnavailableWithoutGpuAssetCache
4119/4150 Test #4184: RuntimeRenderExtraction.ObservesAssetSourceAsUnavailableWithoutGpuAssetCache ....................................   Passed    0.03 sec
          Start 4185: RuntimeRenderExtraction.ObservesReadyAssetGenerationAsRebindRequired
4120/4150 Test #4185: RuntimeRenderExtraction.ObservesReadyAssetGenerationAsRebindRequired ............................................   Passed    0.03 sec
          Start 4186: RuntimeRenderExtraction.HelperDoesNotMarkRebindGenerationAsSeen
4121/4150 Test #4186: RuntimeRenderExtraction.HelperDoesNotMarkRebindGenerationAsSeen .................................................   Passed    0.03 sec
          Start 4187: RuntimeRenderExtraction.AcknowledgeRebindAdvancesLastSeenGeneration
4122/4150 Test #4187: RuntimeRenderExtraction.AcknowledgeRebindAdvancesLastSeenGeneration .............................................   Passed    0.03 sec
          Start 4188: RuntimeRenderExtraction.AcknowledgeRebindRejectsObservationsWithoutGeneration
4123/4150 Test #4188: RuntimeRenderExtraction.AcknowledgeRebindRejectsObservationsWithoutGeneration ...................................   Passed    0.00 sec
          Start 4189: RuntimeRenderExtraction.AcknowledgeRebindRejectsAssetMismatch
4124/4150 Test #4189: RuntimeRenderExtraction.AcknowledgeRebindRejectsAssetMismatch ...................................................   Passed    0.00 sec
          Start 4190: RuntimeRenderExtraction.AcknowledgeRebindRejectsSlotWithoutSourceAsset
4125/4150 Test #4190: RuntimeRenderExtraction.AcknowledgeRebindRejectsSlotWithoutSourceAsset ..........................................   Passed    0.00 sec
          Start 4191: RuntimeRenderExtraction.ExtractAndSubmitDoesNotAutoAcknowledgeRebinds
4126/4150 Test #4191: RuntimeRenderExtraction.ExtractAndSubmitDoesNotAutoAcknowledgeRebinds ...........................................   Passed    0.03 sec
          Start 4192: RuntimeDeviceSelection.DefaultsToNullFallbackForVulkanBackend
4127/4150 Test #4192: RuntimeDeviceSelection.DefaultsToNullFallbackForVulkanBackend ...................................................   Passed    0.00 sec
          Start 4193: RuntimeDeviceSelection.RequiresCompiledPromotedVulkanBackend
4128/4150 Test #4193: RuntimeDeviceSelection.RequiresCompiledPromotedVulkanBackend ....................................................   Passed    0.00 sec
          Start 4194: RuntimeDeviceSelection.SelectsPromotedVulkanOnlyWhenConfigAndBuildOptIn
4129/4150 Test #4194: RuntimeDeviceSelection.SelectsPromotedVulkanOnlyWhenConfigAndBuildOptIn .........................................   Passed    0.00 sec
          Start 4195: RuntimeFrameLoopContract.PlatformBeginFramePollsBeforeMinimizedWait
4130/4150 Test #4195: RuntimeFrameLoopContract.PlatformBeginFramePollsBeforeMinimizedWait .............................................   Passed    0.00 sec
          Start 4196: RuntimeFrameLoopContract.PlatformBeginFrameStopsWhenPollRequestsClose
4131/4150 Test #4196: RuntimeFrameLoopContract.PlatformBeginFrameStopsWhenPollRequestsClose ...........................................   Passed    0.00 sec
          Start 4197: RuntimeFrameLoopContract.RenderFrameOrdersPromotedRendererPhases
4132/4150 Test #4197: RuntimeFrameLoopContract.RenderFrameOrdersPromotedRendererPhases ................................................   Passed    0.00 sec
          Start 4198: RuntimeFrameLoopContract.RenderFrameSkipsExtractionWhenBeginFrameFails
4133/4150 Test #4198: RuntimeFrameLoopContract.RenderFrameSkipsExtractionWhenBeginFrameFails ..........................................   Passed    0.00 sec
          Start 4199: RuntimeFrameLoopContract.MaintenanceOrdersTransferBeforeAssetAndGeometryMaintenance
4134/4150 Test #4199: RuntimeFrameLoopContract.MaintenanceOrdersTransferBeforeAssetAndGeometryMaintenance .............................   Passed    0.00 sec
          Start 4200: RuntimeFrameLoopContract.OperationalTransitionWaitsIdleThenRebuildsRendererOnce
4135/4150 Test #4200: RuntimeFrameLoopContract.OperationalTransitionWaitsIdleThenRebuildsRendererOnce .................................   Passed    0.00 sec
          Start 4201: RuntimeFrameLoopContract.OperationalTransitionNoOpsUntilDeviceBecomesOperational
4136/4150 Test #4201: RuntimeFrameLoopContract.OperationalTransitionNoOpsUntilDeviceBecomesOperational ................................   Passed    0.00 sec
          Start 4202: RuntimeFrameLoopContract.OperationalTransitionDoesNotMarkRendererWhenRebuildFails
4137/4150 Test #4202: RuntimeFrameLoopContract.OperationalTransitionDoesNotMarkRendererWhenRebuildFails ...............................   Passed    0.00 sec
          Start 4203: RuntimeFrameLoopContract.ShutdownOrdersRuntimeModulesAndSubsystemTeardown
4138/4150 Test #4203: RuntimeFrameLoopContract.ShutdownOrdersRuntimeModulesAndSubsystemTeardown .......................................   Passed    0.04 sec
          Start 4204: RenderWorldPoolPipelined.ConsumesRenderNMinusOneWhileExtractionWritesN
4139/4150 Test #4204: RenderWorldPoolPipelined.ConsumesRenderNMinusOneWhileExtractionWritesN ..........................................   Passed    0.03 sec
          Start 4205: RuntimeSandboxAcceptance.MeshGraphPointCloudAllResideThroughOneExtraction
4140/4150 Test #4205: RuntimeSandboxAcceptance.MeshGraphPointCloudAllResideThroughOneExtraction .......................................   Passed    0.04 sec
          Start 4206: RuntimeSandboxAcceptance.CameraControllerProducesFiniteInvertibleFrameCamera
4141/4150 Test #4206: RuntimeSandboxAcceptance.CameraControllerProducesFiniteInvertibleFrameCamera ....................................   Passed    0.00 sec
          Start 4207: RuntimeSandboxAcceptance.ComposedCameraModuleDrivesFiniteFirstFrame
4142/4150 Test #4207: RuntimeSandboxAcceptance.ComposedCameraModuleDrivesFiniteFirstFrame .............................................   Passed    0.04 sec
          Start 4208: RuntimeSandboxAcceptance.SelectionControllerSelectsEntityOfEachFamily
4143/4150 Test #4208: RuntimeSandboxAcceptance.SelectionControllerSelectsEntityOfEachFamily ...........................................   Passed    0.04 sec
          Start 4209: RuntimeSandboxAcceptance.EditorWorkspaceSnapshotEnumeratesAcceptanceScene
4144/4150 Test #4209: RuntimeSandboxAcceptance.EditorWorkspaceSnapshotEnumeratesAcceptanceScene .......................................   Passed    0.04 sec
          Start 4210: RuntimeSandboxAcceptance.PrimitiveRefinementResolvesOneDomainPerFamily
4145/4150 Test #4210: RuntimeSandboxAcceptance.PrimitiveRefinementResolvesOneDomainPerFamily ..........................................   Passed    0.04 sec
          Start 4211: RuntimeSandboxAcceptance.SelectionOutlineSnapshotPopulatedForSelectedEntity
4146/4150 Test #4211: RuntimeSandboxAcceptance.SelectionOutlineSnapshotPopulatedForSelectedEntity .....................................   Passed    0.04 sec
          Start 4212: RuntimeSandboxAcceptance.ViewportLeftClickSubmitsSelectionPick
4147/4150 Test #4212: RuntimeSandboxAcceptance.ViewportLeftClickSubmitsSelectionPick ..................................................   Passed    0.04 sec
          Start 4213: RuntimeSandboxAcceptance.IdleFrameSkipsPreRenderTransformFlush
4148/4150 Test #4213: RuntimeSandboxAcceptance.IdleFrameSkipsPreRenderTransformFlush ..................................................   Passed    0.04 sec
          Start 4214: RuntimeSandboxAcceptance.InspectorTransformEditFlushedToRenderStateSameFrame
4149/4150 Test #4214: RuntimeSandboxAcceptance.InspectorTransformEditFlushedToRenderStateSameFrame ....................................   Passed    0.04 sec
          Start 4215: GlfwLifecycleLsan.EngineStaticTeardownAndLeakControl
4150/4150 Test #4215: GlfwLifecycleLsan.EngineStaticTeardownAndLeakControl ............................................................***Skipped   0.01 sec

100% tests passed, 0 tests failed out of 4150

Label Time Summary:
assets         =   0.15 sec*proc (90 tests)
contract       =  36.12 sec*proc (1493 tests)
core           =   3.86 sec*proc (292 tests)
ecs            =   0.36 sec*proc (133 tests)
geometry       =  13.09 sec*proc (1696 tests)
glfw           =   0.01 sec*proc (1 test)
graphics       =  16.07 sec*proc (850 tests)
headless       =   0.01 sec*proc (4 tests)
integration    =   7.13 sec*proc (260 tests)
physics        =   0.19 sec*proc (80 tests)
platform       =   0.02 sec*proc (5 tests)
regression     =   0.01 sec*proc (1 test)
runtime        =  28.91 sec*proc (1067 tests)
unit           =  17.74 sec*proc (2400 tests)

Total Test time (real) =  57.21 sec

The following tests did not run:
	4215 - GlfwLifecycleLsan.EngineStaticTeardownAndLeakControl (Skipped)
