Internal ctest changing into directory: /home/alex/Documents/IntrinsicEngine/build/ci
Test project /home/alex/Documents/IntrinsicEngine/build/ci
          Start    8: AssetLoadPipeline.EnqueueWithoutRegistryBoundFails
   1/4154 Test    #8: AssetLoadPipeline.EnqueueWithoutRegistryBoundFails ..............................................................   Passed    0.00 sec
          Start    9: AssetLoadPipeline.EnqueueTransitionsUnloadedToReadyInlineWhenNoGpu
   2/4154 Test    #9: AssetLoadPipeline.EnqueueTransitionsUnloadedToReadyInlineWhenNoGpu ..............................................   Passed    0.00 sec
          Start   10: AssetLoadPipeline.EnqueueWithGpuEndsInQueuedGPU
   3/4154 Test   #10: AssetLoadPipeline.EnqueueWithGpuEndsInQueuedGPU .................................................................   Passed    0.00 sec
          Start   11: AssetLoadPipeline.EnqueueFailsWhenAssetNotUnloaded
   4/4154 Test   #11: AssetLoadPipeline.EnqueueFailsWhenAssetNotUnloaded ..............................................................   Passed    0.00 sec
          Start   12: AssetLoadPipeline.OnGpuUploadedMovesFromQueuedGpuToReady
   5/4154 Test   #12: AssetLoadPipeline.OnGpuUploadedMovesFromQueuedGpuToReady ........................................................   Passed    0.00 sec
          Start   13: AssetLoadPipeline.OnGpuUploadedFromWrongStateFails
   6/4154 Test   #13: AssetLoadPipeline.OnGpuUploadedFromWrongStateFails ..............................................................   Passed    0.00 sec
          Start   14: AssetLoadPipeline.OnCpuDecodedWithoutBindFails
   7/4154 Test   #14: AssetLoadPipeline.OnCpuDecodedWithoutBindFails ..................................................................   Passed    0.00 sec
          Start   15: AssetLoadPipeline.OnCpuDecodedForUnknownIdIsNotFound
   8/4154 Test   #15: AssetLoadPipeline.OnCpuDecodedForUnknownIdIsNotFound ............................................................   Passed    0.00 sec
          Start   16: AssetLoadPipeline.DuplicateCpuDecodeForGpuInFlightDoesNotDropUploadStage
   9/4154 Test   #16: AssetLoadPipeline.DuplicateCpuDecodeForGpuInFlightDoesNotDropUploadStage ........................................   Passed    0.00 sec
          Start   17: AssetLoadPipeline.EventBusSeesReadyOnSuccess
  10/4154 Test   #17: AssetLoadPipeline.EventBusSeesReadyOnSuccess ....................................................................   Passed    0.00 sec
          Start   18: AssetLoadPipeline.MarkFailedMovesToFailedAndPublishesEvent
  11/4154 Test   #18: AssetLoadPipeline.MarkFailedMovesToFailedAndPublishesEvent ......................................................   Passed    0.00 sec
          Start   19: AssetLoadPipeline.MarkFailedIsIdempotent
  12/4154 Test   #19: AssetLoadPipeline.MarkFailedIsIdempotent ........................................................................   Passed    0.00 sec
          Start   20: AssetLoadPipeline.PathIsCopiedInRequestAndSurvivesCallerString
  13/4154 Test   #20: AssetLoadPipeline.PathIsCopiedInRequestAndSurvivesCallerString ..................................................   Passed    0.00 sec
          Start   21: AssetLoadPipeline.CancelDropsInFlightEntry
  14/4154 Test   #21: AssetLoadPipeline.CancelDropsInFlightEntry ......................................................................   Passed    0.00 sec
          Start   22: AssetLoadPipeline.CancelOnUnknownIdIsHarmless
  15/4154 Test   #22: AssetLoadPipeline.CancelOnUnknownIdIsHarmless ...................................................................   Passed    0.00 sec
          Start   23: AssetLoadPipeline.StageTrailTracksIoDecodeForGpuPath
  16/4154 Test   #23: AssetLoadPipeline.StageTrailTracksIoDecodeForGpuPath ............................................................   Passed    0.00 sec
          Start   24: AssetLoadPipeline.CompleteGpuFenceFinalizesQueuedGpuAssets
  17/4154 Test   #24: AssetLoadPipeline.CompleteGpuFenceFinalizesQueuedGpuAssets ......................................................   Passed    0.00 sec
          Start   25: AssetLoadPipeline.StageTrailRemainsAvailableAfterCompletion
  18/4154 Test   #25: AssetLoadPipeline.StageTrailRemainsAvailableAfterCompletion .....................................................   Passed    0.00 sec
          Start   26: AssetService.LoadRejectsEmptyPath
  19/4154 Test   #26: AssetService.LoadRejectsEmptyPath ...............................................................................   Passed    0.00 sec
          Start   27: AssetService.LoadReturnsValidIdOnSuccess
  20/4154 Test   #27: AssetService.LoadReturnsValidIdOnSuccess ........................................................................   Passed    0.00 sec
          Start   28: AssetService.CompleteCpuLoadAndFlushEventIgnoresUnrelatedSchedulerWork
  21/4154 Test   #28: AssetService.CompleteCpuLoadAndFlushEventIgnoresUnrelatedSchedulerWork ..........................................   Passed    0.26 sec
          Start   29: AssetService.LoadSamePathReturnsSameId
  22/4154 Test   #29: AssetService.LoadSamePathReturnsSameId ..........................................................................   Passed    0.00 sec
          Start   30: AssetService.LoadSamePathWithDifferentTypeRejected
  23/4154 Test   #30: AssetService.LoadSamePathWithDifferentTypeRejected ..............................................................   Passed    0.00 sec
          Start   31: AssetService.LoadDifferentPathsReturnDistinctIds
  24/4154 Test   #31: AssetService.LoadDifferentPathsReturnDistinctIds ................................................................   Passed    0.00 sec
          Start   32: AssetService.LoaderFailurePropagatesErrorAndMarksFailed
  25/4154 Test   #32: AssetService.LoaderFailurePropagatesErrorAndMarksFailed .........................................................   Passed    0.00 sec
          Start   33: AssetService.ReadReturnsLoadedPayload
  26/4154 Test   #33: AssetService.ReadReturnsLoadedPayload ...........................................................................   Passed    0.00 sec
          Start   34: AssetService.ReadDeadHandleReturnsResourceNotFound
  27/4154 Test   #34: AssetService.ReadDeadHandleReturnsResourceNotFound ..............................................................   Passed    0.00 sec
          Start   35: AssetService.ReadWrongTypeRejected
  28/4154 Test   #35: AssetService.ReadWrongTypeRejected ..............................................................................   Passed    0.00 sec
          Start   36: AssetService.GetMetaReturnsTypeIdAfterLoad
  29/4154 Test   #36: AssetService.GetMetaReturnsTypeIdAfterLoad ......................................................................   Passed    0.00 sec
          Start   37: AssetService.TypeIdOfIsStableAcrossCalls
  30/4154 Test   #37: AssetService.TypeIdOfIsStableAcrossCalls ........................................................................   Passed    0.00 sec
          Start   38: AssetService.GetPathRoundTrip
  31/4154 Test   #38: AssetService.GetPathRoundTrip ...................................................................................   Passed    0.00 sec
          Start   39: AssetService.GetPathUnknownIdIsNotFound
  32/4154 Test   #39: AssetService.GetPathUnknownIdIsNotFound .........................................................................   Passed    0.00 sec
          Start   40: AssetService.ReloadReplacesPayload
  33/4154 Test   #40: AssetService.ReloadReplacesPayload ..............................................................................   Passed    0.00 sec
          Start   41: AssetService.ReloadUnknownIdReturnsNotFound
  34/4154 Test   #41: AssetService.ReloadUnknownIdReturnsNotFound .....................................................................   Passed    0.00 sec
          Start   42: AssetService.ReloadWrongTypeRejected
  35/4154 Test   #42: AssetService.ReloadWrongTypeRejected ............................................................................   Passed    0.00 sec
          Start   43: AssetService.ReloadFailedLoaderLeavesPreviousPayloadIntact
  36/4154 Test   #43: AssetService.ReloadFailedLoaderLeavesPreviousPayloadIntact ......................................................   Passed    0.00 sec
          Start   44: AssetService.ReloadFailurePreservesPayloadTicketAndPublishesNoSuccessEvents
  37/4154 Test   #44: AssetService.ReloadFailurePreservesPayloadTicketAndPublishesNoSuccessEvents .....................................   Passed    0.00 sec
          Start   45: AssetService.ReloadAdvancesPayloadTicketAndQueuesReloadedBeforeReady
  38/4154 Test   #45: AssetService.ReloadAdvancesPayloadTicketAndQueuesReloadedBeforeReady ............................................   Passed    0.00 sec
          Start   46: AssetService.ReloadRejectedFromNonReadyState
  39/4154 Test   #46: AssetService.ReloadRejectedFromNonReadyState ....................................................................   Passed    0.00 sec
          Start   47: AssetService.GetReloadTokenReturnsValidTokenAfterLoad
  40/4154 Test   #47: AssetService.GetReloadTokenReturnsValidTokenAfterLoad ...........................................................   Passed    0.00 sec
          Start   48: AssetService.GetReloadTokenUnknownIdReturnsNotFound
  41/4154 Test   #48: AssetService.GetReloadTokenUnknownIdReturnsNotFound .............................................................   Passed    0.00 sec
          Start   49: AssetService.ParameterlessReloadReinvokesCapturedLoader
  42/4154 Test   #49: AssetService.ParameterlessReloadReinvokesCapturedLoader .........................................................   Passed    0.00 sec
          Start   50: AssetService.ParameterlessReloadOnUnknownIdReturnsNotFound
  43/4154 Test   #50: AssetService.ParameterlessReloadOnUnknownIdReturnsNotFound ......................................................   Passed    0.00 sec
          Start   51: AssetService.ParameterlessReloadFailedLoaderKeepsPreviousPayload
  44/4154 Test   #51: AssetService.ParameterlessReloadFailedLoaderKeepsPreviousPayload ................................................   Passed    0.00 sec
          Start   52: AssetService.ParameterlessReloadQueuesReloadedBeforeReadyAndAdvancesTicket
  45/4154 Test   #52: AssetService.ParameterlessReloadQueuesReloadedBeforeReadyAndAdvancesTicket ......................................   Passed    0.00 sec
          Start   53: AssetService.ParameterlessReloadRejectedFromNonReadyState
  46/4154 Test   #53: AssetService.ParameterlessReloadRejectedFromNonReadyState .......................................................   Passed    0.00 sec
          Start   54: AssetService.DestroyUnregistersCapturedLoader
  47/4154 Test   #54: AssetService.DestroyUnregistersCapturedLoader ...................................................................   Passed    0.00 sec
          Start   55: AssetService.ReloadPublishesReloadedEvent
  48/4154 Test   #55: AssetService.ReloadPublishesReloadedEvent .......................................................................   Passed    0.00 sec
          Start   56: AssetService.ReloadTokenDirectlyInvokableViaRegistry
  49/4154 Test   #56: AssetService.ReloadTokenDirectlyInvokableViaRegistry ............................................................   Passed    0.00 sec
          Start   57: AssetService.DestroyUnknownIdReturnsNotFound
  50/4154 Test   #57: AssetService.DestroyUnknownIdReturnsNotFound ....................................................................   Passed    0.00 sec
          Start   58: AssetService.DestroyRemovesAssetPathPayload
  51/4154 Test   #58: AssetService.DestroyRemovesAssetPathPayload .....................................................................   Passed    0.00 sec
          Start   59: AssetService.DestroyThenLoadSamePathYieldsFreshId
  52/4154 Test   #59: AssetService.DestroyThenLoadSamePathYieldsFreshId ...............................................................   Passed    0.00 sec
          Start   60: AssetService.DestroyFlushesPendingReadyBeforeRetiringPayload
  53/4154 Test   #60: AssetService.DestroyFlushesPendingReadyBeforeRetiringPayload ....................................................   Passed    0.00 sec
          Start   61: AssetService.TickFlushesEventBus
  54/4154 Test   #61: AssetService.TickFlushesEventBus ................................................................................   Passed    0.00 sec
          Start   62: AssetService.FailedLoadLeavesNoGhostAsset
  55/4154 Test   #62: AssetService.FailedLoadLeavesNoGhostAsset .......................................................................   Passed    0.00 sec
          Start   63: FrameGraphParallel.DefaultOverloadStillWorks
  56/4154 Test   #63: FrameGraphParallel.DefaultOverloadStillWorks ....................................................................   Passed    0.00 sec
          Start   64: FrameGraphParallel.TypedReadReadCanRunInParallel
  57/4154 Test   #64: FrameGraphParallel.TypedReadReadCanRunInParallel ................................................................   Passed    0.04 sec
          Start   65: FrameGraphParallel.PriorityAffectsReadyNodeOrdering
  58/4154 Test   #65: FrameGraphParallel.PriorityAffectsReadyNodeOrdering .............................................................   Passed    0.00 sec
          Start   66: FrameGraphParallel.EstimatedCostAffectsCriticalPathTieBreaker
  59/4154 Test   #66: FrameGraphParallel.EstimatedCostAffectsCriticalPathTieBreaker ...................................................   Passed    0.00 sec
          Start   67: FrameGraphParallel.TypedWriteReadMustSerialize
  60/4154 Test   #67: FrameGraphParallel.TypedWriteReadMustSerialize ..................................................................   Passed    0.00 sec
          Start   68: FrameGraphParallel.TypedReadWriteMustSerialize
  61/4154 Test   #68: FrameGraphParallel.TypedReadWriteMustSerialize ..................................................................   Passed    0.00 sec
          Start   69: FrameGraphParallel.StructuralTokenSerializesStructureChanges
  62/4154 Test   #69: FrameGraphParallel.StructuralTokenSerializesStructureChanges ....................................................   Passed    0.00 sec
          Start   70: FrameGraphParallel.CommitTokenOrdersCommitAndExtraction
  63/4154 Test   #70: FrameGraphParallel.CommitTokenOrdersCommitAndExtraction .........................................................   Passed    0.00 sec
          Start   71: FrameGraphParallel.MainThreadOnlyPassRunsOnCallerThread
  64/4154 Test   #71: FrameGraphParallel.MainThreadOnlyPassRunsOnCallerThread .........................................................   Passed    0.01 sec
          Start   72: FrameGraphParallel.GraphLocalCompletionDoesNotWaitForUnrelatedSchedulerWork
  65/4154 Test   #72: FrameGraphParallel.GraphLocalCompletionDoesNotWaitForUnrelatedSchedulerWork .....................................   Passed    0.31 sec
          Start   73: FrameGraphParallel.DeterministicSingleThreadFallbackOrder
  66/4154 Test   #73: FrameGraphParallel.DeterministicSingleThreadFallbackOrder .......................................................   Passed    0.00 sec
          Start   74: CoreTaskGraphStress.OneThousandPassMixedHazardGraphCompilesFast
  67/4154 Test   #74: CoreTaskGraphStress.OneThousandPassMixedHazardGraphCompilesFast .................................................   Passed    0.00 sec
          Start   75: CoreTaskGraphStress.TenThousandIndependentPassesCompileDeterministically
  68/4154 Test   #75: CoreTaskGraphStress.TenThousandIndependentPassesCompileDeterministically ........................................   Passed    0.01 sec
          Start   76: CoreTaskGraphStress.WideGraphExecutesAcrossWorkerThreads
  69/4154 Test   #76: CoreTaskGraphStress.WideGraphExecutesAcrossWorkerThreads ........................................................   Passed    0.02 sec
          Start   77: CoreTaskGraphStress.DeepGraphExecutionRespectsExactDependencyChain
  70/4154 Test   #77: CoreTaskGraphStress.DeepGraphExecutionRespectsExactDependencyChain ..............................................   Passed    0.00 sec
          Start   78: CoreTaskGraphStress.ReusingGraphAcrossEpochsDoesNotGrowRetainedMemory
  71/4154 Test   #78: CoreTaskGraphStress.ReusingGraphAcrossEpochsDoesNotGrowRetainedMemory ...........................................   Passed    0.06 sec
          Start   79: CoreProcess.EmptyExecutableFailsToSpawn
  72/4154 Test   #79: CoreProcess.EmptyExecutableFailsToSpawn .........................................................................   Passed    0.00 sec
          Start   80: CoreProcess.RunTrueReturnsZeroExitCode
  73/4154 Test   #80: CoreProcess.RunTrueReturnsZeroExitCode ..........................................................................   Passed    0.00 sec
          Start   81: CoreProcess.RunFalseReturnsNonZeroExitCode
  74/4154 Test   #81: CoreProcess.RunFalseReturnsNonZeroExitCode ......................................................................   Passed    0.00 sec
          Start   82: CoreProcess.CapturesStdoutAndStderrIndependently
  75/4154 Test   #82: CoreProcess.CapturesStdoutAndStderrIndependently ................................................................   Passed    0.00 sec
          Start   83: CoreProcess.ArgumentsWithSpacesQuotesAndDollarSignsAreLiteral
  76/4154 Test   #83: CoreProcess.ArgumentsWithSpacesQuotesAndDollarSignsAreLiteral ...................................................   Passed    0.00 sec
          Start   84: CoreProcess.CaptureDisabledRoutesOutputToDevNull
  77/4154 Test   #84: CoreProcess.CaptureDisabledRoutesOutputToDevNull ................................................................   Passed    0.00 sec
          Start   85: CoreProcess.TimeoutWithoutCaptureKillsProcess
  78/4154 Test   #85: CoreProcess.TimeoutWithoutCaptureKillsProcess ...................................................................   Passed    0.21 sec
          Start   86: CoreProcess.TimeoutWithCapturePreservesPartialOutput
  79/4154 Test   #86: CoreProcess.TimeoutWithCapturePreservesPartialOutput ............................................................   Passed    0.51 sec
          Start   87: CoreProcess.WorkingDirectoryIsRespected
  80/4154 Test   #87: CoreProcess.WorkingDirectoryIsRespected .........................................................................   Passed    0.00 sec
          Start   88: CoreProcess.IsExecutableAvailableReportsPresence
  81/4154 Test   #88: CoreProcess.IsExecutableAvailableReportsPresence ................................................................   Passed    0.05 sec
          Start   89: CoreProcess.SignalKilledProcessReturns128PlusSignal
  82/4154 Test   #89: CoreProcess.SignalKilledProcessReturns128PlusSignal .............................................................   Passed    0.00 sec
          Start   90: CoreProcess.LargeOutputIsCapturedFully
  83/4154 Test   #90: CoreProcess.LargeOutputIsCapturedFully ..........................................................................   Passed    0.00 sec
          Start   91: GraphicsGpuWorld.Smoke_AllocateUploadSyncShutdown
  84/4154 Test   #91: GraphicsGpuWorld.Smoke_AllocateUploadSyncShutdown ...............................................................   Passed    0.00 sec
          Start   92: GraphicsGpuWorld.GeometryRebindSubmitsUploadBarriersBeforeNextConsumers
  85/4154 Test   #92: GraphicsGpuWorld.GeometryRebindSubmitsUploadBarriersBeforeNextConsumers .........................................   Passed    0.00 sec
          Start   93: GraphicsGpuWorld.GeometryUploadPublishesOptionalVertexColorStreamBda
  86/4154 Test   #93: GraphicsGpuWorld.GeometryUploadPublishesOptionalVertexColorStreamBda ............................................   Passed    0.00 sec
          Start   94: GraphicsGpuWorld.GeometryUpload_UsesVertexUnitsForOffsets
  87/4154 Test   #94: GraphicsGpuWorld.GeometryUpload_UsesVertexUnitsForOffsets .......................................................   Passed    0.00 sec
          Start   95: GraphicsGpuWorld.FreeGeometry_InvalidatesLiveInstanceGeometrySlots
  88/4154 Test   #95: GraphicsGpuWorld.FreeGeometry_InvalidatesLiveInstanceGeometrySlots ..............................................   Passed    0.00 sec
          Start   96: GraphicsCullingSystem.Smoke_InitializeBucketsAndDispatchPath
  89/4154 Test   #96: GraphicsCullingSystem.Smoke_InitializeBucketsAndDispatchPath ....................................................   Passed    0.00 sec
          Start   97: GraphicsCullingSystem.TeleportSnapshotTreatsCandidatesAsPhase1Visible
  90/4154 Test   #97: GraphicsCullingSystem.TeleportSnapshotTreatsCandidatesAsPhase1Visible ...........................................   Passed    0.00 sec
          Start   98: GraphicsRenderGraph.EmptyGraphCompiles
  91/4154 Test   #98: GraphicsRenderGraph.EmptyGraphCompiles ..........................................................................   Passed    0.00 sec
          Start   99: GraphicsRenderGraph.ResetClearsPasses
  92/4154 Test   #99: GraphicsRenderGraph.ResetClearsPasses ...........................................................................   Passed    0.00 sec
          Start  100: GraphicsRenderGraph.ImportBackbufferReturnsValidTextureRef
  93/4154 Test  #100: GraphicsRenderGraph.ImportBackbufferReturnsValidTextureRef ......................................................   Passed    0.00 sec
          Start  101: GraphicsRenderGraph.ImportedTextureIsNotAliasEligible
  94/4154 Test  #101: GraphicsRenderGraph.ImportedTextureIsNotAliasEligible ...........................................................   Passed    0.00 sec
          Start  102: GraphicsRenderGraph.TransientTextureStartsUndefined
  95/4154 Test  #102: GraphicsRenderGraph.TransientTextureStartsUndefined .............................................................   Passed    0.00 sec
          Start  103: GraphicsRenderGraph.InvalidGenerationFailsValidation
  96/4154 Test  #103: GraphicsRenderGraph.InvalidGenerationFailsValidation ............................................................   Passed    0.00 sec
          Start  104: GraphicsRenderGraph.DuplicateDebugNamesAreAllowed
  97/4154 Test  #104: GraphicsRenderGraph.DuplicateDebugNamesAreAllowed ...............................................................   Passed    0.00 sec
          Start  105: GraphicsRenderGraph.PassWithDeclaredReadCompiles
  98/4154 Test  #105: GraphicsRenderGraph.PassWithDeclaredReadCompiles ................................................................   Passed    0.00 sec
          Start  106: GraphicsRenderGraph.PassWithDeclaredWriteCompiles
  99/4154 Test  #106: GraphicsRenderGraph.PassWithDeclaredWriteCompiles ...............................................................   Passed    0.00 sec
          Start  107: GraphicsRenderGraph.InvalidResourceRefFailsCompile
 100/4154 Test  #107: GraphicsRenderGraph.InvalidResourceRefFailsCompile ..............................................................   Passed    0.00 sec
          Start  108: GraphicsRenderGraph.CannotWriteReadOnlyImportedTexture
 101/4154 Test  #108: GraphicsRenderGraph.CannotWriteReadOnlyImportedTexture ..........................................................   Passed    0.00 sec
          Start  109: GraphicsRenderGraph.SideEffectPassIsNotCulled
 102/4154 Test  #109: GraphicsRenderGraph.SideEffectPassIsNotCulled ...................................................................   Passed    0.00 sec
          Start  110: GraphicsRenderGraph.WriteThenReadCreatesDependency
 103/4154 Test  #110: GraphicsRenderGraph.WriteThenReadCreatesDependency ..............................................................   Passed    0.00 sec
          Start  111: GraphicsRenderGraph.ReadThenWriteCreatesDependency
 104/4154 Test  #111: GraphicsRenderGraph.ReadThenWriteCreatesDependency ..............................................................   Passed    0.00 sec
          Start  112: GraphicsRenderGraph.WriteThenWriteCreatesDependency
 105/4154 Test  #112: GraphicsRenderGraph.WriteThenWriteCreatesDependency .............................................................   Passed    0.00 sec
          Start  113: GraphicsRenderGraph.CrossQueueReadReadAddsQueueHandoffPlaceholderEdge
 106/4154 Test  #113: GraphicsRenderGraph.CrossQueueReadReadAddsQueueHandoffPlaceholderEdge ...........................................   Passed    0.00 sec
          Start  114: GraphicsRenderGraph.ExplicitDependencyOrdersIndependentPasses
 107/4154 Test  #114: GraphicsRenderGraph.ExplicitDependencyOrdersIndependentPasses ...................................................   Passed    0.00 sec
          Start  115: GraphicsRenderGraph.IndependentSideEffectPassesCompileInDeterministicOrder
 108/4154 Test  #115: GraphicsRenderGraph.IndependentSideEffectPassesCompileInDeterministicOrder ......................................   Passed    0.00 sec
          Start  116: GraphicsRenderGraph.InvalidExplicitDependencyFailsCompile
 109/4154 Test  #116: GraphicsRenderGraph.InvalidExplicitDependencyFailsCompile .......................................................   Passed    0.00 sec
          Start  117: GraphicsRenderGraph.DependencyCycleReportsPassNamesInDiagnostic
 110/4154 Test  #117: GraphicsRenderGraph.DependencyCycleReportsPassNamesInDiagnostic .................................................   Passed    0.00 sec
          Start  118: GraphicsRenderGraph.TransientLifetimesUseTopologicalExecutionOrder
 111/4154 Test  #118: GraphicsRenderGraph.TransientLifetimesUseTopologicalExecutionOrder ..............................................   Passed    0.00 sec
          Start  119: GraphicsRenderGraph.AliasReuseBarriersUseTopologicalPassIndex
 112/4154 Test  #119: GraphicsRenderGraph.AliasReuseBarriersUseTopologicalPassIndex ...................................................   Passed    0.00 sec
          Start  120: GraphicsRenderGraph.InvalidPresentTargetFailsValidation
 113/4154 Test  #120: GraphicsRenderGraph.InvalidPresentTargetFailsValidation .........................................................   Passed    0.00 sec
          Start  121: GraphicsRenderGraph.PresentOnImportedBackbufferCompiles
 114/4154 Test  #121: GraphicsRenderGraph.PresentOnImportedBackbufferCompiles .........................................................   Passed    0.00 sec
          Start  122: GraphicsRenderGraph.UnusedTransientProducerIsCulled
 115/4154 Test  #122: GraphicsRenderGraph.UnusedTransientProducerIsCulled .............................................................   Passed    0.00 sec
          Start  123: GraphicsRenderGraph.PresentChainKeepsProducerPasses
 116/4154 Test  #123: GraphicsRenderGraph.PresentChainKeepsProducerPasses .............................................................   Passed    0.00 sec
          Start  124: GraphicsRenderGraph.SelectionOutlineReadDependenciesOrderAfterDepthAndGBuffer
 117/4154 Test  #124: GraphicsRenderGraph.SelectionOutlineReadDependenciesOrderAfterDepthAndGBuffer ...................................   Passed    0.00 sec
          Start  125: GraphicsRenderGraph.ImportedResourceWriterIsNotCulled
 118/4154 Test  #125: GraphicsRenderGraph.ImportedResourceWriterIsNotCulled ...........................................................   Passed    0.00 sec
          Start  126: GraphicsRenderGraph.ImportedBufferHandleIsPreservedAcrossCompileAndReset
 119/4154 Test  #126: GraphicsRenderGraph.ImportedBufferHandleIsPreservedAcrossCompileAndReset ........................................   Passed    0.00 sec
          Start  127: GraphicsRenderGraph.ImportedBuffersNeverAliasTransientBuffers
 120/4154 Test  #127: GraphicsRenderGraph.ImportedBuffersNeverAliasTransientBuffers ...................................................   Passed    0.00 sec
          Start  128: GraphicsRenderGraph.LifetimeFirstAndLastUseTracksPassIndices
 121/4154 Test  #128: GraphicsRenderGraph.LifetimeFirstAndLastUseTracksPassIndices ....................................................   Passed    0.00 sec
          Start  129: GraphicsRenderGraph.BarriersTransitionFromUndefinedToColorWriteThenShaderRead
 122/4154 Test  #129: GraphicsRenderGraph.BarriersTransitionFromUndefinedToColorWriteThenShaderRead ...................................   Passed    0.00 sec
          Start  130: GraphicsRenderGraph.ImportedBufferUsesInitialStateForFirstBarrier
 123/4154 Test  #130: GraphicsRenderGraph.ImportedBufferUsesInitialStateForFirstBarrier ...............................................   Passed    0.00 sec
          Start  131: GraphicsRenderGraph.ImportedIndirectBufferTransitionsFromShaderWriteToIndirectRead
 124/4154 Test  #131: GraphicsRenderGraph.ImportedIndirectBufferTransitionsFromShaderWriteToIndirectRead ..............................   Passed    0.00 sec
          Start  132: GraphicsRenderGraph.DepthWriteThenDepthReadEmitsTransition
 125/4154 Test  #132: GraphicsRenderGraph.DepthWriteThenDepthReadEmitsTransition ......................................................   Passed    0.00 sec
          Start  133: GraphicsRenderGraph.TransferDstThenShaderReadEmitsTransition
 126/4154 Test  #133: GraphicsRenderGraph.TransferDstThenShaderReadEmitsTransition ....................................................   Passed    0.00 sec
          Start  134: GraphicsRenderGraph.ImportedBackbufferFinalStateTransitionsToPresent
 127/4154 Test  #134: GraphicsRenderGraph.ImportedBackbufferFinalStateTransitionsToPresent ............................................   Passed    0.00 sec
          Start  135: GraphicsRenderGraph.RepeatedShaderReadsDoNotEmitRedundantBarrier
 128/4154 Test  #135: GraphicsRenderGraph.RepeatedShaderReadsDoNotEmitRedundantBarrier ................................................   Passed    0.00 sec
          Start  136: GraphicsRenderGraph.ExecuteEmptyGraphSucceeds
 129/4154 Test  #136: GraphicsRenderGraph.ExecuteEmptyGraphSucceeds ...................................................................   Passed    0.00 sec
          Start  137: GraphicsRenderGraph.ExecutePresentChainRecordsPassOrderAndBarriers
 130/4154 Test  #137: GraphicsRenderGraph.ExecutePresentChainRecordsPassOrderAndBarriers ..............................................   Passed    0.00 sec
          Start  138: GraphicsRenderGraph.ExecuteInterleavesBarriersWithPassesAndEmitsFinalBarrierLast
 131/4154 Test  #138: GraphicsRenderGraph.ExecuteInterleavesBarriersWithPassesAndEmitsFinalBarrierLast ................................   Passed    0.00 sec
          Start  139: GraphicsRenderGraph.ExecuteFailsWhenBarrierReferencesInvalidResource
 132/4154 Test  #139: GraphicsRenderGraph.ExecuteFailsWhenBarrierReferencesInvalidResource ............................................   Passed    0.00 sec
          Start  140: GraphicsRenderGraph.ExecuteFailsWhenResolveRequestsUndeclaredTexture
 133/4154 Test  #140: GraphicsRenderGraph.ExecuteFailsWhenResolveRequestsUndeclaredTexture ............................................   Passed    0.00 sec
          Start  141: GraphicsRenderGraph.DebugDumpContainsPassOrderAndResourceSections
 134/4154 Test  #141: GraphicsRenderGraph.DebugDumpContainsPassOrderAndResourceSections ...............................................   Passed    0.00 sec
          Start  142: GraphicsRenderGraph.TransientResourcesAllocateHandlesForUsedVirtualResources
 135/4154 Test  #142: GraphicsRenderGraph.TransientResourcesAllocateHandlesForUsedVirtualResources ....................................   Passed    0.00 sec
          Start  143: GraphicsRenderGraph.TransientPlacementReportsNaivePeakAndAliasHazards
 136/4154 Test  #143: GraphicsRenderGraph.TransientPlacementReportsNaivePeakAndAliasHazards ...........................................   Passed    0.00 sec
          Start  144: GraphicsRenderGraph.TransientPlacementAliasingDisabledEqualsNaiveAndOmitsHazards
 137/4154 Test  #144: GraphicsRenderGraph.TransientPlacementAliasingDisabledEqualsNaiveAndOmitsHazards ................................   Passed    0.00 sec
          Start  145: GraphicsRenderGraph.TransientPlacementDoesNotOverlapLiveRanges
 138/4154 Test  #145: GraphicsRenderGraph.TransientPlacementDoesNotOverlapLiveRanges ..................................................   Passed    0.00 sec
          Start  146: GraphicsRenderGraph.TransientPlacementIsDeterministicForFixedGraph
 139/4154 Test  #146: GraphicsRenderGraph.TransientPlacementIsDeterministicForFixedGraph ..............................................   Passed    0.00 sec
          Start  147: GraphicsRenderGraph.TransientAllocatorReusesCompatibleHandlesAcrossFrames
 140/4154 Test  #147: GraphicsRenderGraph.TransientAllocatorReusesCompatibleHandlesAcrossFrames .......................................   Passed    0.00 sec
          Start  148: GraphicsRenderGraph.ImportedResourcesNeverCountAsTransientAllocations
 141/4154 Test  #148: GraphicsRenderGraph.ImportedResourcesNeverCountAsTransientAllocations ...........................................   Passed    0.00 sec
          Start  149: GraphicsRenderGraph.IncompatibleTransientDescriptorAllocatesNewHandle
 142/4154 Test  #149: GraphicsRenderGraph.IncompatibleTransientDescriptorAllocatesNewHandle ...........................................   Passed    0.00 sec
          Start  150: GraphicsRenderGraph.NonOverlappingCompatibleTransientTexturesAliasWithinFrame
 143/4154 Test  #150: GraphicsRenderGraph.NonOverlappingCompatibleTransientTexturesAliasWithinFrame ...................................   Passed    0.00 sec
          Start  151: GraphicsRenderGraph.OverlappingCompatibleTransientTexturesDoNotAlias
 144/4154 Test  #151: GraphicsRenderGraph.OverlappingCompatibleTransientTexturesDoNotAlias ............................................   Passed    0.00 sec
          Start  152: GraphicsRenderGraph.NonCompatibleTransientTexturesDoNotAliasEvenWhenNonOverlapping
 145/4154 Test  #152: GraphicsRenderGraph.NonCompatibleTransientTexturesDoNotAliasEvenWhenNonOverlapping ..............................   Passed    0.00 sec
          Start  153: GraphicsRenderGraph.ImportedTextureNeverAliasesTransientTexture
 146/4154 Test  #153: GraphicsRenderGraph.ImportedTextureNeverAliasesTransientTexture .................................................   Passed    0.00 sec
          Start  154: GraphicsRenderGraph.TransientAliasingTogglePreservesLogicalPassOrderAndBarriers
 147/4154 Test  #154: GraphicsRenderGraph.TransientAliasingTogglePreservesLogicalPassOrderAndBarriers .................................   Passed    0.00 sec
          Start  155: GraphicsRenderer.NullRendererExecutesRenderGraphPath
 148/4154 Test  #155: GraphicsRenderer.NullRendererExecutesRenderGraphPath ............................................................   Passed    0.08 sec
          Start  156: GraphicsRenderer.NullRendererReusesCompiledGraphForSteadyStateFrames
 149/4154 Test  #156: GraphicsRenderer.NullRendererReusesCompiledGraphForSteadyStateFrames ............................................   Passed    0.08 sec
          Start  157: GraphicsRenderer.NullRendererRecompilesOnFeatureAndSizingChangesAndRebindsImports
 150/4154 Test  #157: GraphicsRenderer.NullRendererRecompilesOnFeatureAndSizingChangesAndRebindsImports ...............................   Passed    0.11 sec
          Start  158: GraphicsRenderer.NullRendererCachedDebugDumpMatchesInitialCompileWhenEnabled
 151/4154 Test  #158: GraphicsRenderer.NullRendererCachedDebugDumpMatchesInitialCompileWhenEnabled ....................................   Passed    0.08 sec
          Start  159: GraphicsRenderer.NullRendererForwardDebugDumpContainsCanonicalPassesAndDataflowOrder
 152/4154 Test  #159: GraphicsRenderer.NullRendererForwardDebugDumpContainsCanonicalPassesAndDataflowOrder ............................   Passed    0.07 sec
          Start  160: GraphicsRenderer.NullRendererDeferredDebugDumpPlacesCompositionBetweenSurfaceAndLine
 153/4154 Test  #160: GraphicsRenderer.NullRendererDeferredDebugDumpPlacesCompositionBetweenSurfaceAndLine ............................   Passed    0.07 sec
          Start  161: GraphicsRenderer.NullRendererEnablesDebugChainWhenRequested
 154/4154 Test  #161: GraphicsRenderer.NullRendererEnablesDebugChainWhenRequested .....................................................   Passed    0.07 sec
          Start  162: GraphicsRenderer.NullRendererAddsPickingPassWhenPickIsPending
 155/4154 Test  #162: GraphicsRenderer.NullRendererAddsPickingPassWhenPickIsPending ...................................................   Passed    0.07 sec
          Start  163: GraphicsRenderer.NullRendererExecuteFrameRequiresPreparePhase
 156/4154 Test  #163: GraphicsRenderer.NullRendererExecuteFrameRequiresPreparePhase ...................................................   Passed    0.03 sec
          Start  164: GraphicsRenderer.NullRendererPrepareBeforeExtractPreventsExecute
 157/4154 Test  #164: GraphicsRenderer.NullRendererPrepareBeforeExtractPreventsExecute ................................................   Passed    0.03 sec
          Start  165: CoreIndexedHeap.PopsInNonDecreasingKeyOrder
 158/4154 Test  #165: CoreIndexedHeap.PopsInNonDecreasingKeyOrder .....................................................................   Passed    0.00 sec
          Start  166: CoreIndexedHeap.DeterministicTieBreakByValue
 159/4154 Test  #166: CoreIndexedHeap.DeterministicTieBreakByValue ....................................................................   Passed    0.00 sec
          Start  167: CoreIndexedHeap.DuplicatePushRejected
 160/4154 Test  #167: CoreIndexedHeap.DuplicatePushRejected ...........................................................................   Passed    0.00 sec
          Start  168: CoreIndexedHeap.DecreaseKeySurfacesValue
 161/4154 Test  #168: CoreIndexedHeap.DecreaseKeySurfacesValue ........................................................................   Passed    0.00 sec
          Start  169: CoreIndexedHeap.DecreaseKeyRejectsIncrease
 162/4154 Test  #169: CoreIndexedHeap.DecreaseKeyRejectsIncrease ......................................................................   Passed    0.00 sec
          Start  170: CoreIndexedHeap.RemoveInteriorMatchesHeapWithoutValue
 163/4154 Test  #170: CoreIndexedHeap.RemoveInteriorMatchesHeapWithoutValue ...........................................................   Passed    0.00 sec
          Start  171: CoreIndexedHeap.RandomizedParityWithSortedReference
 164/4154 Test  #171: CoreIndexedHeap.RandomizedParityWithSortedReference .............................................................   Passed    0.00 sec
          Start  172: CoreIndexedHeap.RandomizedOperationParityWithBruteForceReference
 165/4154 Test  #172: CoreIndexedHeap.RandomizedOperationParityWithBruteForceReference ................................................   Passed    0.00 sec
          Start  173: CoreIndexedHeap.FailClosedOnEmpty
 166/4154 Test  #173: CoreIndexedHeap.FailClosedOnEmpty ...............................................................................   Passed    0.00 sec
          Start  174: CoreError.ErrorCodeToStringCoversAllCodes
 167/4154 Test  #174: CoreError.ErrorCodeToStringCoversAllCodes .......................................................................   Passed    0.00 sec
          Start  175: CoreError.UnknownCodeMapsToUnknown
 168/4154 Test  #175: CoreError.UnknownCodeMapsToUnknown ..............................................................................   Passed    0.00 sec
          Start  176: CoreError.OkCreatesSuccessValue
 169/4154 Test  #176: CoreError.OkCreatesSuccessValue .................................................................................   Passed    0.00 sec
          Start  177: CoreError.ErrCreatesErrorValue
 170/4154 Test  #177: CoreError.ErrCreatesErrorValue ..................................................................................   Passed    0.00 sec
          Start  178: CoreError.ResultOkIsSuccess
 171/4154 Test  #178: CoreError.ResultOkIsSuccess .....................................................................................   Passed    0.00 sec
          Start  179: CoreError.ResultErrIsError
 172/4154 Test  #179: CoreError.ResultErrIsError ......................................................................................   Passed    0.00 sec
          Start  180: CoreError.MonadicAndThenChaining
 173/4154 Test  #180: CoreError.MonadicAndThenChaining ................................................................................   Passed    0.00 sec
          Start  181: CoreError.MonadicTransform
 174/4154 Test  #181: CoreError.MonadicTransform ......................................................................................   Passed    0.00 sec
          Start  182: CoreError.MonadicOrElse
 175/4154 Test  #182: CoreError.MonadicOrElse .........................................................................................   Passed    0.00 sec
          Start  183: CoreError.ErrorCodeCategories
 176/4154 Test  #183: CoreError.ErrorCodeCategories ...................................................................................   Passed    0.00 sec
          Start  184: LogRingBuffer.InitiallyEmpty
 177/4154 Test  #184: LogRingBuffer.InitiallyEmpty ....................................................................................   Passed    0.00 sec
          Start  185: LogRingBuffer.SingleEntry
 178/4154 Test  #185: LogRingBuffer.SingleEntry .......................................................................................   Passed    0.00 sec
          Start  186: LogRingBuffer.MultipleLevels
 179/4154 Test  #186: LogRingBuffer.MultipleLevels ....................................................................................   Passed    0.00 sec
          Start  187: LogRingBuffer.ChronologicalOrder
 180/4154 Test  #187: LogRingBuffer.ChronologicalOrder ................................................................................   Passed    0.00 sec
          Start  188: LogRingBuffer.ClearResetsEntriesButNotSequence
 181/4154 Test  #188: LogRingBuffer.ClearResetsEntriesButNotSequence ..................................................................   Passed    0.00 sec
          Start  189: LogRingBuffer.SequenceMonotonicallyIncreases
 182/4154 Test  #189: LogRingBuffer.SequenceMonotonicallyIncreases ....................................................................   Passed    0.00 sec
          Start  190: LogRingBuffer.SnapshotSequenceMatchesAtomicSequence
 183/4154 Test  #190: LogRingBuffer.SnapshotSequenceMatchesAtomicSequence .............................................................   Passed    0.00 sec
          Start  191: LogRingBuffer.OverwritesOldestWhenFull
 184/4154 Test  #191: LogRingBuffer.OverwritesOldestWhenFull ..........................................................................   Passed    0.00 sec
          Start  192: LogRingBuffer.DebugLevelCaptured
 185/4154 Test  #192: LogRingBuffer.DebugLevelCaptured ................................................................................   Passed    0.00 sec
          Start  193: ECSSceneRegistry.CreatedEntityIsValid
 186/4154 Test  #193: ECSSceneRegistry.CreatedEntityIsValid ...........................................................................   Passed    0.00 sec
          Start  194: ECSSceneRegistry.DestroyedEntityIsInvalid
 187/4154 Test  #194: ECSSceneRegistry.DestroyedEntityIsInvalid .......................................................................   Passed    0.00 sec
          Start  195: ECSSceneRegistry.DistinctCreatesProduceDistinctHandles
 188/4154 Test  #195: ECSSceneRegistry.DistinctCreatesProduceDistinctHandles ..........................................................   Passed    0.00 sec
          Start  196: ECSSceneRegistry.ClearInvalidatesAllEntities
 189/4154 Test  #196: ECSSceneRegistry.ClearInvalidatesAllEntities ....................................................................   Passed    0.00 sec
          Start  197: ECSSceneRegistry.RawAccessorExposesEnttRegistryForComponents
 190/4154 Test  #197: ECSSceneRegistry.RawAccessorExposesEnttRegistryForComponents ....................................................   Passed    0.00 sec
          Start  198: ECSSceneRegistry.RawConstAccessorIsReadOnly
 191/4154 Test  #198: ECSSceneRegistry.RawConstAccessorIsReadOnly .....................................................................   Passed    0.00 sec
          Start  199: ECSSceneRegistry.InvalidHandleIsNotValid
 192/4154 Test  #199: ECSSceneRegistry.InvalidHandleIsNotValid ........................................................................   Passed    0.00 sec
          Start  200: ECSSceneBootstrap.CreateDefaultEmplacesAllPromotedDefaults
 193/4154 Test  #200: ECSSceneBootstrap.CreateDefaultEmplacesAllPromotedDefaults ......................................................   Passed    0.00 sec
          Start  201: ECSSceneBootstrap.CreateDefaultStoresProvidedEntityName
 194/4154 Test  #201: ECSSceneBootstrap.CreateDefaultStoresProvidedEntityName .........................................................   Passed    0.00 sec
          Start  202: ECSSceneBootstrap.CreateDefaultInitializesIdentityTransformAndWorldMatrix
 195/4154 Test  #202: ECSSceneBootstrap.CreateDefaultInitializesIdentityTransformAndWorldMatrix .......................................   Passed    0.00 sec
          Start  203: ECSSceneBootstrap.CreateDefaultLeavesHierarchyDetached
 196/4154 Test  #203: ECSSceneBootstrap.CreateDefaultLeavesHierarchyDetached ..........................................................   Passed    0.00 sec
          Start  204: ECSSceneBootstrap.CreateDefaultDoesNotEmplaceDirtyTransformTags
 197/4154 Test  #204: ECSSceneBootstrap.CreateDefaultDoesNotEmplaceDirtyTransformTags .................................................   Passed    0.00 sec
          Start  205: ECSSceneBootstrap.EmplaceDefaultsOnPreCreatedEntityMatchesCreateDefault
 198/4154 Test  #205: ECSSceneBootstrap.EmplaceDefaultsOnPreCreatedEntityMatchesCreateDefault .........................................   Passed    0.00 sec
          Start  206: ECSSceneBootstrap.DistinctCreateDefaultsProduceDistinctHandlesAndStorage
 199/4154 Test  #206: ECSSceneBootstrap.DistinctCreateDefaultsProduceDistinctHandlesAndStorage ........................................   Passed    0.00 sec
          Start  207: ECSSceneBootstrap.DestroyRemovesAllBootstrapComponents
 200/4154 Test  #207: ECSSceneBootstrap.DestroyRemovesAllBootstrapComponents ..........................................................   Passed    0.00 sec
          Start  208: ECSSceneBootstrap.ClearInvalidatesAllBootstrappedEntities
 201/4154 Test  #208: ECSSceneBootstrap.ClearInvalidatesAllBootstrappedEntities .......................................................   Passed    0.00 sec
          Start  209: ECSHierarchy.AttachSetsParentChildPointersAndChildCount
 202/4154 Test  #209: ECSHierarchy.AttachSetsParentChildPointersAndChildCount .........................................................   Passed    0.00 sec
          Start  210: ECSHierarchy.AttachIsHeadInsertionAndLinksOldHeadAsNextSibling
 203/4154 Test  #210: ECSHierarchy.AttachIsHeadInsertionAndLinksOldHeadAsNextSibling ..................................................   Passed    0.00 sec
          Start  211: ECSHierarchy.DetachClearsLinksAndDecrementsChildCount
 204/4154 Test  #211: ECSHierarchy.DetachClearsLinksAndDecrementsChildCount ...........................................................   Passed    0.00 sec
          Start  212: ECSHierarchy.DetachMiddleSiblingPreservesChainIntegrity
 205/4154 Test  #212: ECSHierarchy.DetachMiddleSiblingPreservesChainIntegrity .........................................................   Passed    0.00 sec
          Start  213: ECSHierarchy.AttachToInvalidHandleIsNoOp
 206/4154 Test  #213: ECSHierarchy.AttachToInvalidHandleIsNoOp ........................................................................   Passed    0.00 sec
          Start  214: ECSHierarchy.AttachSelfRejected
 207/4154 Test  #214: ECSHierarchy.AttachSelfRejected .................................................................................   Passed    0.00 sec
          Start  215: ECSHierarchy.AttachCycleRejected
 208/4154 Test  #215: ECSHierarchy.AttachCycleRejected ................................................................................   Passed    0.00 sec
          Start  216: ECSHierarchy.AttachToSameParentIsIdempotent
 209/4154 Test  #216: ECSHierarchy.AttachToSameParentIsIdempotent .....................................................................   Passed    0.00 sec
          Start  217: ECSHierarchy.ReparentMovesChildBetweenParents
 210/4154 Test  #217: ECSHierarchy.ReparentMovesChildBetweenParents ...................................................................   Passed    0.00 sec
          Start  218: ECSHierarchy.ReparentingPreservesChildWorldPosition
 211/4154 Test  #218: ECSHierarchy.ReparentingPreservesChildWorldPosition .............................................................   Passed    0.00 sec
          Start  219: ECSHierarchy.ReparentingWithSingularParentResetsLocalToIdentity
 212/4154 Test  #219: ECSHierarchy.ReparentingWithSingularParentResetsLocalToIdentity .................................................   Passed    0.00 sec
          Start  220: ECSHierarchy.AttachMarksChildDirtyEvenWhenParentTransformNotReady
 213/4154 Test  #220: ECSHierarchy.AttachMarksChildDirtyEvenWhenParentTransformNotReady ...............................................   Passed    0.00 sec
          Start  221: ECSHierarchy.StructureValidateInvariantsHoldsForLinkedChildren
 214/4154 Test  #221: ECSHierarchy.StructureValidateInvariantsHoldsForLinkedChildren ..................................................   Passed    0.00 sec
          Start  222: ECSHierarchy.IsDescendantWalksAncestryChain
 215/4154 Test  #222: ECSHierarchy.IsDescendantWalksAncestryChain .....................................................................   Passed    0.00 sec
          Start  223: ECSHierarchy.CollectQueriesPreserveOrderLeafSemanticsAndDeterminism
 216/4154 Test  #223: ECSHierarchy.CollectQueriesPreserveOrderLeafSemanticsAndDeterminism .............................................   Passed    0.00 sec
          Start  224: ECSHierarchy.CollectQueriesRejectInvalidDanglingAndMissingDataWithoutPrefixes
 217/4154 Test  #224: ECSHierarchy.CollectQueriesRejectInvalidDanglingAndMissingDataWithoutPrefixes ...................................   Passed    0.00 sec
          Start  225: ECSHierarchy.CollectChildrenRejectsParentBacklinkAndCountCorruption
 218/4154 Test  #225: ECSHierarchy.CollectChildrenRejectsParentBacklinkAndCountCorruption .............................................   Passed    0.00 sec
          Start  226: ECSHierarchy.CollectQueriesRejectDuplicateLinksAndHierarchyCycles
 219/4154 Test  #226: ECSHierarchy.CollectQueriesRejectDuplicateLinksAndHierarchyCycles ...............................................   Passed    0.00 sec
          Start  227: ECSHierarchy.CollectQueriesFailClosedWhenTraversalLimitIsExceeded
 220/4154 Test  #227: ECSHierarchy.CollectQueriesFailClosedWhenTraversalLimitIsExceeded ...............................................   Passed    0.07 sec
          Start  228: ECSTransformHierarchy.RootDirtyEntityGetsWorldMatrixFromLocal
 221/4154 Test  #228: ECSTransformHierarchy.RootDirtyEntityGetsWorldMatrixFromLocal ...................................................   Passed    0.00 sec
          Start  229: ECSTransformHierarchy.NonDirtyRootIsSkipped
 222/4154 Test  #229: ECSTransformHierarchy.NonDirtyRootIsSkipped .....................................................................   Passed    0.00 sec
          Start  230: ECSTransformHierarchy.ChildWorldComposesParentTimesLocal
 223/4154 Test  #230: ECSTransformHierarchy.ChildWorldComposesParentTimesLocal ........................................................   Passed    0.00 sec
          Start  231: ECSTransformHierarchy.ParentDirtyPropagatesToCleanChild
 224/4154 Test  #231: ECSTransformHierarchy.ParentDirtyPropagatesToCleanChild .........................................................   Passed    0.00 sec
          Start  232: ECSTransformHierarchy.CleanSubtreeIsLeftAlone
 225/4154 Test  #232: ECSTransformHierarchy.CleanSubtreeIsLeftAlone ...................................................................   Passed    0.00 sec
          Start  233: ECSTransformHierarchy.OnUpdateDoesNotEmitGpuSyncDirtyTransform
 226/4154 Test  #233: ECSTransformHierarchy.OnUpdateDoesNotEmitGpuSyncDirtyTransform ..................................................   Passed    0.00 sec
          Start  234: ECSTransformHierarchy.EntityWithoutTransformIsIgnored
 227/4154 Test  #234: ECSTransformHierarchy.EntityWithoutTransformIsIgnored ...........................................................   Passed    0.00 sec
          Start  235: ECSBoundsPropagation.TranslatedRootProducesWorldBounds
 228/4154 Test  #235: ECSBoundsPropagation.TranslatedRootProducesWorldBounds ..........................................................   Passed    0.00 sec
          Start  236: ECSBoundsPropagation.NonUniformScaleStretchesExtentsPerAxis
 229/4154 Test  #236: ECSBoundsPropagation.NonUniformScaleStretchesExtentsPerAxis .....................................................   Passed    0.00 sec
          Start  237: ECSBoundsPropagation.ShearedWorldMatrixUsesTransformedAabbSphereInPureAndSystemPaths
 230/4154 Test  #237: ECSBoundsPropagation.ShearedWorldMatrixUsesTransformedAabbSphereInPureAndSystemPaths ............................   Passed    0.00 sec
          Start  238: ECSBoundsPropagation.RotationIsEmbeddedInWorldObb
 231/4154 Test  #238: ECSBoundsPropagation.RotationIsEmbeddedInWorldObb ...............................................................   Passed    0.00 sec
          Start  239: ECSBoundsPropagation.EntityWithoutWorldUpdatedTagIsSkipped
 232/4154 Test  #239: ECSBoundsPropagation.EntityWithoutWorldUpdatedTagIsSkipped ......................................................   Passed    0.00 sec
          Start  240: ECSBoundsPropagation.MissingLocalBoundsIsCountedAsSkipped
 233/4154 Test  #240: ECSBoundsPropagation.MissingLocalBoundsIsCountedAsSkipped .......................................................   Passed    0.00 sec
          Start  241: ECSBoundsPropagation.NonFiniteWorldMatrixIsCountedAndDoesNotOverwrite
 234/4154 Test  #241: ECSBoundsPropagation.NonFiniteWorldMatrixIsCountedAndDoesNotOverwrite ...........................................   Passed    0.00 sec
          Start  242: ECSBoundsPropagation.HierarchyChildInheritsParentTransformInWorldBounds
 235/4154 Test  #242: ECSBoundsPropagation.HierarchyChildInheritsParentTransformInWorldBounds .........................................   Passed    0.00 sec
          Start  243: ECSBoundsPropagation.FrameGraphRegistersAfterTransformHierarchy
 236/4154 Test  #243: ECSBoundsPropagation.FrameGraphRegistersAfterTransformHierarchy .................................................   Passed    0.00 sec
          Start  244: ECSColliderAuthoring.DescriptorsAreCpuOnlyValueTypes
 237/4154 Test  #244: ECSColliderAuthoring.DescriptorsAreCpuOnlyValueTypes ............................................................   Passed    0.00 sec
          Start  245: ECSColliderAuthoring.DefaultColliderIsEmptyButEnabled
 238/4154 Test  #245: ECSColliderAuthoring.DefaultColliderIsEmptyButEnabled ...........................................................   Passed    0.00 sec
          Start  246: ECSColliderAuthoring.SphereDescriptorStoresLocalPoseMaterialFilterAndTriggerDefaults
 239/4154 Test  #246: ECSColliderAuthoring.SphereDescriptorStoresLocalPoseMaterialFilterAndTriggerDefaults ............................   Passed    0.00 sec
          Start  247: ECSColliderAuthoring.CapsuleAndBoxDescriptorsRepresentFirstPhasePrimitives
 240/4154 Test  #247: ECSColliderAuthoring.CapsuleAndBoxDescriptorsRepresentFirstPhasePrimitives ......................................   Passed    0.00 sec
          Start  248: ECSColliderAuthoring.CompoundColliderUsesExplicitChildShapeLocalPoses
 241/4154 Test  #248: ECSColliderAuthoring.CompoundColliderUsesExplicitChildShapeLocalPoses ...........................................   Passed    0.00 sec
          Start  249: ECSColliderAuthoring.InvalidShapeDiagnosticsRejectBadDescriptors
 242/4154 Test  #249: ECSColliderAuthoring.InvalidShapeDiagnosticsRejectBadDescriptors ................................................   Passed    0.00 sec
          Start  250: ECSRigidBodyAuthoring.DefaultsDescribeExplicitStaticBodyIntent
 243/4154 Test  #250: ECSRigidBodyAuthoring.DefaultsDescribeExplicitStaticBodyIntent ..................................................   Passed    0.00 sec
          Start  251: ECSRigidBodyAuthoring.StaticKinematicAndDynamicHelpersSetMotionPolicies
 244/4154 Test  #251: ECSRigidBodyAuthoring.StaticKinematicAndDynamicHelpersSetMotionPolicies .........................................   Passed    0.00 sec
          Start  252: ECSRigidBodyAuthoring.InvalidBodyDiagnosticsRejectBadMassAndState
 245/4154 Test  #252: ECSRigidBodyAuthoring.InvalidBodyDiagnosticsRejectBadMassAndState ...............................................   Passed    0.00 sec
          Start  253: ECSRigidBodyAuthoring.ComponentCombinationsAreClassifiedWithoutRuntimeState
 246/4154 Test  #253: ECSRigidBodyAuthoring.ComponentCombinationsAreClassifiedWithoutRuntimeState .....................................   Passed    0.00 sec
          Start  254: ECSRenderSync.ForwardsWorldUpdatedTagToDirtyTransformAndClearsSource
 247/4154 Test  #254: ECSRenderSync.ForwardsWorldUpdatedTagToDirtyTransformAndClearsSource ............................................   Passed    0.00 sec
          Start  255: ECSRenderSync.IsNoOpWhenNoWorldUpdatedTagsArePresent
 248/4154 Test  #255: ECSRenderSync.IsNoOpWhenNoWorldUpdatedTagsArePresent ............................................................   Passed    0.00 sec
          Start  256: ECSRenderSync.RefreshesExistingDirtyTransformWithoutDuplicating
 249/4154 Test  #256: ECSRenderSync.RefreshesExistingDirtyTransformWithoutDuplicating .................................................   Passed    0.00 sec
          Start  257: ECSRenderSync.LeavesDirtyTransformOnEntitiesWithoutWorldUpdatedTag
 250/4154 Test  #257: ECSRenderSync.LeavesDirtyTransformOnEntitiesWithoutWorldUpdatedTag ..............................................   Passed    0.00 sec
          Start  258: ECSRenderSync.AccumulatesStatsAcrossMultipleEntities
 251/4154 Test  #258: ECSRenderSync.AccumulatesStatsAcrossMultipleEntities ............................................................   Passed    0.00 sec
          Start  259: ECSRenderSync.FrameGraphPipelineForwardsTagsAfterTransformAndBoundsPasses
 252/4154 Test  #259: ECSRenderSync.FrameGraphPipelineForwardsTagsAfterTransformAndBoundsPasses .......................................   Passed    0.00 sec
          Start  260: ECSEvents.SelectionChangedDefaultsToInvalidEntityHandle
 253/4154 Test  #260: ECSEvents.SelectionChangedDefaultsToInvalidEntityHandle .........................................................   Passed    0.00 sec
          Start  261: ECSEvents.SelectionChangedStoresProvidedEntity
 254/4154 Test  #261: ECSEvents.SelectionChangedStoresProvidedEntity ..................................................................   Passed    0.00 sec
          Start  262: ECSEvents.HoverChangedDefaultsToInvalidEntityHandle
 255/4154 Test  #262: ECSEvents.HoverChangedDefaultsToInvalidEntityHandle .............................................................   Passed    0.00 sec
          Start  263: ECSEvents.HoverChangedStoresProvidedEntity
 256/4154 Test  #263: ECSEvents.HoverChangedStoresProvidedEntity ......................................................................   Passed    0.00 sec
          Start  264: ECSEvents.EntitySpawnedDefaultsToInvalidEntityHandle
 257/4154 Test  #264: ECSEvents.EntitySpawnedDefaultsToInvalidEntityHandle ............................................................   Passed    0.00 sec
          Start  265: ECSEvents.EntitySpawnedStoresProvidedEntity
 258/4154 Test  #265: ECSEvents.EntitySpawnedStoresProvidedEntity .....................................................................   Passed    0.00 sec
          Start  266: ECSEvents.GeometryModifiedDefaultsToInvalidEntityHandle
 259/4154 Test  #266: ECSEvents.GeometryModifiedDefaultsToInvalidEntityHandle .........................................................   Passed    0.00 sec
          Start  267: ECSEvents.GeometryModifiedStoresProvidedEntity
 260/4154 Test  #267: ECSEvents.GeometryModifiedStoresProvidedEntity ..................................................................   Passed    0.00 sec
          Start  268: ECSEvents.AllPromotedEventsAreTriviallyCopyable
 261/4154 Test  #268: ECSEvents.AllPromotedEventsAreTriviallyCopyable .................................................................   Passed    0.00 sec
          Start  269: ECSEvents.DistinctEntitiesProduceDistinctSelectionChangedPayloads
 262/4154 Test  #269: ECSEvents.DistinctEntitiesProduceDistinctSelectionChangedPayloads ...............................................   Passed    0.00 sec
          Start  270: ECSGeometryDirtyDomains.MarkVertexPositionsDirtyStampsOnlyThatTag
 263/4154 Test  #270: ECSGeometryDirtyDomains.MarkVertexPositionsDirtyStampsOnlyThatTag ...............................................   Passed    0.00 sec
          Start  271: ECSGeometryDirtyDomains.MarkVertexAttributesDirtyStampsOnlyThatTag
 264/4154 Test  #271: ECSGeometryDirtyDomains.MarkVertexAttributesDirtyStampsOnlyThatTag ..............................................   Passed    0.00 sec
          Start  272: ECSGeometryDirtyDomains.MarkVertexTexcoordsDirtyStampsOnlyThatTag
 265/4154 Test  #272: ECSGeometryDirtyDomains.MarkVertexTexcoordsDirtyStampsOnlyThatTag ...............................................   Passed    0.00 sec
          Start  273: ECSGeometryDirtyDomains.MarkVertexNormalsDirtyStampsOnlyThatTag
 266/4154 Test  #273: ECSGeometryDirtyDomains.MarkVertexNormalsDirtyStampsOnlyThatTag .................................................   Passed    0.00 sec
          Start  274: ECSGeometryDirtyDomains.MarkVertexColorsDirtyStampsOnlyThatTag
 267/4154 Test  #274: ECSGeometryDirtyDomains.MarkVertexColorsDirtyStampsOnlyThatTag ..................................................   Passed    0.00 sec
          Start  275: ECSGeometryDirtyDomains.MarkEdgeTopologyDirtyStampsOnlyThatTag
 268/4154 Test  #275: ECSGeometryDirtyDomains.MarkEdgeTopologyDirtyStampsOnlyThatTag ..................................................   Passed    0.00 sec
          Start  276: ECSGeometryDirtyDomains.MarkFaceTopologyDirtyStampsOnlyThatTag
 269/4154 Test  #276: ECSGeometryDirtyDomains.MarkFaceTopologyDirtyStampsOnlyThatTag ..................................................   Passed    0.00 sec
          Start  277: ECSGeometryDirtyDomains.MarkGpuDirtyStampsOnlyThatTag
 270/4154 Test  #277: ECSGeometryDirtyDomains.MarkGpuDirtyStampsOnlyThatTag ...........................................................   Passed    0.00 sec
          Start  278: ECSGeometryDirtyDomains.StampingHelpersAreIdempotent
 271/4154 Test  #278: ECSGeometryDirtyDomains.StampingHelpersAreIdempotent ............................................................   Passed    0.00 sec
          Start  279: ECSGeometryDirtyDomains.DirtyDomainsCoexistIndependentlyOnSameEntity
 272/4154 Test  #279: ECSGeometryDirtyDomains.DirtyDomainsCoexistIndependentlyOnSameEntity ............................................   Passed    0.00 sec
          Start  280: ECSGeometryDirtyDomains.StampingOneEntityDoesNotAffectOthers
 273/4154 Test  #280: ECSGeometryDirtyDomains.StampingOneEntityDoesNotAffectOthers ....................................................   Passed    0.00 sec
          Start  281: ECSGeometryDirtyDomains.ConsumerCanDrainTagsAfterStamping
 274/4154 Test  #281: ECSGeometryDirtyDomains.ConsumerCanDrainTagsAfterStamping .......................................................   Passed    0.00 sec
          Start  282: ECSGeometrySourcesPopulate.PopulateFromMeshEmplacesAllFourDomains
 275/4154 Test  #282: ECSGeometrySourcesPopulate.PopulateFromMeshEmplacesAllFourDomains ...............................................   Passed    0.00 sec
          Start  283: ECSGeometrySourcesPopulate.PopulateFromMeshWritesCanonicalKeysAndPositions
 276/4154 Test  #283: ECSGeometrySourcesPopulate.PopulateFromMeshWritesCanonicalKeysAndPositions ......................................   Passed    0.00 sec
          Start  284: ECSGeometrySourcesPopulate.PopulateFromMeshAliveCountsMatchSourceMesh
 277/4154 Test  #284: ECSGeometrySourcesPopulate.PopulateFromMeshAliveCountsMatchSourceMesh ...........................................   Passed    0.00 sec
          Start  285: ECSGeometrySourcesPopulate.PopulateFromMeshCopiesUserDefinedVertexProperty
 278/4154 Test  #285: ECSGeometrySourcesPopulate.PopulateFromMeshCopiesUserDefinedVertexProperty ......................................   Passed    0.00 sec
          Start  286: ECSGeometrySourcesPopulate.PopulateFromMeshYieldsMeshDomain
 279/4154 Test  #286: ECSGeometrySourcesPopulate.PopulateFromMeshYieldsMeshDomain .....................................................   Passed    0.00 sec
          Start  287: ECSGeometrySourcesPopulate.MeshAvailabilitySeparatesProvenanceFromSourceCapabilities
 280/4154 Test  #287: ECSGeometrySourcesPopulate.MeshAvailabilitySeparatesProvenanceFromSourceCapabilities ............................   Passed    0.00 sec
          Start  288: ECSGeometrySourcesPopulate.PopulateFromGraphEmplacesSharedElementSources
 281/4154 Test  #288: ECSGeometrySourcesPopulate.PopulateFromGraphEmplacesSharedElementSources ........................................   Passed    0.00 sec
          Start  289: ECSGeometrySourcesPopulate.PopulateFromGraphWritesCanonicalKeysAndPositions
 282/4154 Test  #289: ECSGeometrySourcesPopulate.PopulateFromGraphWritesCanonicalKeysAndPositions .....................................   Passed    0.00 sec
          Start  290: ECSGeometrySourcesPopulate.PopulateFromGraphCompactsGarbageAndPreservesRealSources
 283/4154 Test  #290: ECSGeometrySourcesPopulate.PopulateFromGraphCompactsGarbageAndPreservesRealSources ..............................   Passed    0.00 sec
          Start  291: ECSGeometrySourcesPopulate.PopulateFromGraphYieldsGraphDomain
 284/4154 Test  #291: ECSGeometrySourcesPopulate.PopulateFromGraphYieldsGraphDomain ...................................................   Passed    0.00 sec
          Start  292: ECSGeometrySourcesPopulate.GraphAvailabilityReportsUnifiedElementSources
 285/4154 Test  #292: ECSGeometrySourcesPopulate.GraphAvailabilityReportsUnifiedElementSources ........................................   Passed    0.00 sec
          Start  293: ECSGeometrySourcesPopulate.GraphAndMeshSharePhysicalSourcesButKeepProvenance
 286/4154 Test  #293: ECSGeometrySourcesPopulate.GraphAndMeshSharePhysicalSourcesButKeepProvenance ....................................   Passed    0.00 sec
          Start  294: ECSGeometrySourcesPopulate.PopulateFromCloudEmplacesOnlyVertices
 287/4154 Test  #294: ECSGeometrySourcesPopulate.PopulateFromCloudEmplacesOnlyVertices ................................................   Passed    0.00 sec
          Start  295: ECSGeometrySourcesPopulate.PopulateFromCloudWritesCanonicalPositionsAndNormals
 288/4154 Test  #295: ECSGeometrySourcesPopulate.PopulateFromCloudWritesCanonicalPositionsAndNormals ..................................   Passed    0.00 sec
          Start  296: ECSGeometrySourcesPopulate.PopulateFromCloudSkipsNormalsWhenSourceLacksThem
 289/4154 Test  #296: ECSGeometrySourcesPopulate.PopulateFromCloudSkipsNormalsWhenSourceLacksThem .....................................   Passed    0.00 sec
          Start  297: ECSGeometrySourcesPopulate.PopulateFromCloudYieldsPointCloudDomain
 290/4154 Test  #297: ECSGeometrySourcesPopulate.PopulateFromCloudYieldsPointCloudDomain ..............................................   Passed    0.00 sec
          Start  298: ECSGeometrySourcesPopulate.PointCloudAvailabilityReportsVertexSource
 291/4154 Test  #298: ECSGeometrySourcesPopulate.PointCloudAvailabilityReportsVertexSource ............................................   Passed    0.00 sec
          Start  299: ECSGeometrySourcesPopulate.PartialMeshMarkedEntityKeepsMeshProvenanceWithoutMissingSources
 292/4154 Test  #299: ECSGeometrySourcesPopulate.PartialMeshMarkedEntityKeepsMeshProvenanceWithoutMissingSources ......................   Passed    0.00 sec
          Start  300: ECSGeometrySourcesPopulate.ECSComponentSurvivesSourceMeshDestruction
 293/4154 Test  #300: ECSGeometrySourcesPopulate.ECSComponentSurvivesSourceMeshDestruction ............................................   Passed    0.00 sec
          Start  301: ECSGeometrySourcesPopulate.MeshToCloudRePopulationDropsMeshTopology
 294/4154 Test  #301: ECSGeometrySourcesPopulate.MeshToCloudRePopulationDropsMeshTopology .............................................   Passed    0.00 sec
          Start  302: ECSGeometrySourcesPopulate.GraphToCloudRePopulationDropsGraphState
 295/4154 Test  #302: ECSGeometrySourcesPopulate.GraphToCloudRePopulationDropsGraphState ..............................................   Passed    0.00 sec
          Start  303: ECSGeometrySourcesPopulate.MeshToGraphRePopulationReplacesSharedSources
 296/4154 Test  #303: ECSGeometrySourcesPopulate.MeshToGraphRePopulationReplacesSharedSources .........................................   Passed    0.00 sec
          Start  304: ECSGeometrySourcesPopulate.CloudToMeshRePopulationProducesMeshDomain
 297/4154 Test  #304: ECSGeometrySourcesPopulate.CloudToMeshRePopulationProducesMeshDomain ............................................   Passed    0.00 sec
          Start  305: ECSStableIdentity.DefaultConstructedEqualsInvalidSentinel
 298/4154 Test  #305: ECSStableIdentity.DefaultConstructedEqualsInvalidSentinel .......................................................   Passed    0.00 sec
          Start  306: ECSStableIdentity.InvalidSentinelHasBothHalvesZero
 299/4154 Test  #306: ECSStableIdentity.InvalidSentinelHasBothHalvesZero ..............................................................   Passed    0.00 sec
          Start  307: ECSStableIdentity.IsValidIsFalseOnlyForSentinel
 300/4154 Test  #307: ECSStableIdentity.IsValidIsFalseOnlyForSentinel .................................................................   Passed    0.00 sec
          Start  308: ECSStableIdentity.EqualityComparesBothHalves
 301/4154 Test  #308: ECSStableIdentity.EqualityComparesBothHalves ....................................................................   Passed    0.00 sec
          Start  309: ECSStableIdentity.ThreeWayComparesHighThenLow
 302/4154 Test  #309: ECSStableIdentity.ThreeWayComparesHighThenLow ...................................................................   Passed    0.00 sec
          Start  310: ECSStableIdentity.StableIdHashDistinguishesSwappedHalves
 303/4154 Test  #310: ECSStableIdentity.StableIdHashDistinguishesSwappedHalves ........................................................   Passed    0.00 sec
          Start  311: ECSStableIdentity.StableIdHashOfInvalidSentinelDoesNotCollideWithCommonValues
 304/4154 Test  #311: ECSStableIdentity.StableIdHashOfInvalidSentinelDoesNotCollideWithCommonValues ...................................   Passed    0.00 sec
          Start  312: ECSStableIdentity.StableIdHashIsUsableWithUnorderedMapAcrossModuleBoundary
 305/4154 Test  #312: ECSStableIdentity.StableIdHashIsUsableWithUnorderedMapAcrossModuleBoundary ......................................   Passed    0.00 sec
          Start  313: ECSStableIdentity.StableIdIsTriviallyCopyableAndStandardLayout
 306/4154 Test  #313: ECSStableIdentity.StableIdIsTriviallyCopyableAndStandardLayout ..................................................   Passed    0.00 sec
          Start  314: EcsLayeringBoundaries.EcsSourcesDoNotImportHigherLayerModules
 307/4154 Test  #314: EcsLayeringBoundaries.EcsSourcesDoNotImportHigherLayerModules ...................................................   Passed    0.00 sec
          Start  315: EcsLayeringBoundaries.EcsComponentsRejectProhibitedRuntimeAndSolverState
 308/4154 Test  #315: EcsLayeringBoundaries.EcsComponentsRejectProhibitedRuntimeAndSolverState ........................................   Passed    0.00 sec
          Start  316: EcsLayeringBoundaries.AssetInstanceComponentRemainsCpuStableIdOnly
 309/4154 Test  #316: EcsLayeringBoundaries.AssetInstanceComponentRemainsCpuStableIdOnly ..............................................   Passed    0.00 sec
          Start  317: EcsLayeringBoundaries.ColliderComponentRejectsSolverStateAndExposesDescriptors
 310/4154 Test  #317: EcsLayeringBoundaries.ColliderComponentRejectsSolverStateAndExposesDescriptors ..................................   Passed    0.00 sec
          Start  318: EcsLayeringBoundaries.RigidBodyComponentRejectsSolverAndRuntimeState
 311/4154 Test  #318: EcsLayeringBoundaries.RigidBodyComponentRejectsSolverAndRuntimeState ............................................   Passed    0.00 sec
          Start  319: EcsLayeringBoundaries.StableIdPayloadStaysCpuOnly
 312/4154 Test  #319: EcsLayeringBoundaries.StableIdPayloadStaysCpuOnly ...............................................................   Passed    0.00 sec
          Start  320: EcsLayeringBoundaries.SceneHierarchyDoesNotEncodeColliderTopology
 313/4154 Test  #320: EcsLayeringBoundaries.SceneHierarchyDoesNotEncodeColliderTopology ...............................................   Passed    0.00 sec
          Start  321: CoreGraphInterfaces.TaskPlanGraphAcceptsNeutralTasks
 314/4154 Test  #321: CoreGraphInterfaces.TaskPlanGraphAcceptsNeutralTasks ............................................................   Passed    0.00 sec
          Start  322: CoreGraphInterfaces.TaskPlanGraphRejectsInvalidTaskId
 315/4154 Test  #322: CoreGraphInterfaces.TaskPlanGraphRejectsInvalidTaskId ...........................................................   Passed    0.00 sec
          Start  323: CoreGraphInterfaces.TaskPlanGraphBuildsTopologicalPlan
 316/4154 Test  #323: CoreGraphInterfaces.TaskPlanGraphBuildsTopologicalPlan ..........................................................   Passed    0.00 sec
          Start  324: CoreGraphInterfaces.TaskPlanGraphResetClearsSubmittedTasks
 317/4154 Test  #324: CoreGraphInterfaces.TaskPlanGraphResetClearsSubmittedTasks ......................................................   Passed    0.00 sec
          Start  325: GpuAssetCacheFallbackBootstrap.NullDeviceLeavesFallbackUnreadyDeterministically
 318/4154 Test  #325: GpuAssetCacheFallbackBootstrap.NullDeviceLeavesFallbackUnreadyDeterministically .................................   Passed    0.06 sec
          Start  326: GpuAssetCacheFallbackBootstrap.ReInitializeRebootstrapsExactlyOnce
 319/4154 Test  #326: GpuAssetCacheFallbackBootstrap.ReInitializeRebootstrapsExactlyOnce ..............................................   Passed    0.10 sec
          Start  327: GpuResultReadbackJob.BatchParksAndReleasesDependentAfterExactConsumption
 320/4154 Test  #327: GpuResultReadbackJob.BatchParksAndReleasesDependentAfterExactConsumption ........................................   Passed    0.02 sec
          Start  328: GpuResultReadbackJob.WorldCancellationCancelsPendingTransportBatch
 321/4154 Test  #328: GpuResultReadbackJob.WorldCancellationCancelsPendingTransportBatch ..............................................   Passed    0.01 sec
          Start  329: RuntimeAssetIngestStateMachine.AcceptsManualDropAndReimportSources
 322/4154 Test  #329: RuntimeAssetIngestStateMachine.AcceptsManualDropAndReimportSources ..............................................   Passed    0.00 sec
          Start  330: RuntimeAssetIngestStateMachine.RejectsInvalidSubmissionInputsAsFailedRecords
 323/4154 Test  #330: RuntimeAssetIngestStateMachine.RejectsInvalidSubmissionInputsAsFailedRecords ....................................   Passed    0.00 sec
          Start  331: RuntimeAssetIngestStateMachine.SuppressesDuplicateActiveRequestsUntilTerminal
 324/4154 Test  #331: RuntimeAssetIngestStateMachine.SuppressesDuplicateActiveRequestsUntilTerminal ...................................   Passed    0.00 sec
          Start  332: RuntimeAssetIngestStateMachine.QueueSnapshotReportsStagesProgressAndTimestamps
 325/4154 Test  #332: RuntimeAssetIngestStateMachine.QueueSnapshotReportsStagesProgressAndTimestamps ..................................   Passed    0.00 sec
          Start  333: RuntimeAssetIngestStateMachine.TerminalRowsNeverReportZeroDeterminateProgress
 326/4154 Test  #333: RuntimeAssetIngestStateMachine.TerminalRowsNeverReportZeroDeterminateProgress ...................................   Passed    0.00 sec
          Start  334: RuntimeAssetIngestStateMachine.IndeterminateProgressIsDistinguishableFromZeroProgress
 327/4154 Test  #334: RuntimeAssetIngestStateMachine.IndeterminateProgressIsDistinguishableFromZeroProgress ...........................   Passed    0.00 sec
          Start  335: RuntimeAssetIngestStateMachine.QueueSnapshotReportsFailedCancelledAndClearCompleted
 328/4154 Test  #335: RuntimeAssetIngestStateMachine.QueueSnapshotReportsFailedCancelledAndClearCompleted .............................   Passed    0.00 sec
          Start  336: RuntimeAssetIngestStateMachine.MapsRouteDiagnosticsToFailureTaxonomy
 329/4154 Test  #336: RuntimeAssetIngestStateMachine.MapsRouteDiagnosticsToFailureTaxonomy ............................................   Passed    0.00 sec
          Start  337: RuntimeAssetIngestStateMachine.RecordsDecodeCallbackApplyAndMissingFileFailures
 330/4154 Test  #337: RuntimeAssetIngestStateMachine.RecordsDecodeCallbackApplyAndMissingFileFailures .................................   Passed    0.00 sec
          Start  338: RuntimeAssetIngestStateMachine.CancellationAndStaleCompletionsDoNotMutateRecords
 331/4154 Test  #338: RuntimeAssetIngestStateMachine.CancellationAndStaleCompletionsDoNotMutateRecords ................................   Passed    0.00 sec
          Start  339: RuntimeAssetIngestStateMachine.RejectsInvalidTransitionsAndUnknownHandles
 332/4154 Test  #339: RuntimeAssetIngestStateMachine.RejectsInvalidTransitionsAndUnknownHandles .......................................   Passed    0.00 sec
          Start  340: RuntimeAssetImportRecipe.RequiresAnExplicitVisiblePayloadRoute
 333/4154 Test  #340: RuntimeAssetImportRecipe.RequiresAnExplicitVisiblePayloadRoute ..................................................   Passed    0.00 sec
          Start  341: RuntimeAssetImportRecipe.ReimportIdentityMustMatchTheRecipeSource
 334/4154 Test  #341: RuntimeAssetImportRecipe.ReimportIdentityMustMatchTheRecipeSource ...............................................   Passed    0.00 sec
          Start  342: RuntimeAssetImportRecipe.StageTraceAcceptsOnlyTheNamedOrder
 335/4154 Test  #342: RuntimeAssetImportRecipe.StageTraceAcceptsOnlyTheNamedOrder .....................................................   Passed    0.00 sec
          Start  343: RuntimeAssetImportRecipe.StageTraceFailsClosedForMalformedOrStaleResults
 336/4154 Test  #343: RuntimeAssetImportRecipe.StageTraceFailsClosedForMalformedOrStaleResults ........................................   Passed    0.00 sec
          Start  344: RuntimeAssetImportRecipe.CompleteStageCanReportAWorkflowFailure
 337/4154 Test  #344: RuntimeAssetImportRecipe.CompleteStageCanReportAWorkflowFailure .................................................   Passed    0.00 sec
          Start  345: RuntimeAssetImportFormatCoverage.DirectObjImportPreservesVertexNormalsInGeometrySources
 338/4154 Test  #345: RuntimeAssetImportFormatCoverage.DirectObjImportPreservesVertexNormalsInGeometrySources .........................   Passed    0.04 sec
          Start  346: RuntimeAssetImportFormatCoverage.DirectObjImportPreservesClosedManifoldTopology
 339/4154 Test  #346: RuntimeAssetImportFormatCoverage.DirectObjImportPreservesClosedManifoldTopology .................................   Passed    0.04 sec
          Start  347: RuntimeAssetImportFormatCoverage.DirectObjImportOfSculptFixturePreservesItsManifold
 340/4154 Test  #347: RuntimeAssetImportFormatCoverage.DirectObjImportOfSculptFixturePreservesItsManifold .............................   Passed    1.07 sec
          Start  348: RuntimeAssetImportFormatCoverage.DirectObjImportPreservesAuthoredCornerUvs
 341/4154 Test  #348: RuntimeAssetImportFormatCoverage.DirectObjImportPreservesAuthoredCornerUvs ......................................   Passed    0.04 sec
          Start  349: RuntimeAssetImportFormatCoverage.NonManifoldObjImportStillResolvesVertexUvs
 342/4154 Test  #349: RuntimeAssetImportFormatCoverage.NonManifoldObjImportStillResolvesVertexUvs .....................................   Passed    0.04 sec
          Start  350: RuntimeAssetImportFormatCoverage.DirectObjImportKeepsVertexUvsWhenTheAtlasNeedsNoSeam
 343/4154 Test  #350: RuntimeAssetImportFormatCoverage.DirectObjImportKeepsVertexUvsWhenTheAtlasNeedsNoSeam ...........................   Passed    0.04 sec
          Start  351: RuntimeAssetImportFormatCoverage.DirectMeshEnrichmentCloseDrainsSmallGeneratedGrid
 344/4154 Test  #351: RuntimeAssetImportFormatCoverage.DirectMeshEnrichmentCloseDrainsSmallGeneratedGrid ..............................   Passed    0.08 sec
          Start  352: RuntimeAssetImportFormatCoverage.DirectObjImportDefaultsToMaterialDrivenShading
 345/4154 Test  #352: RuntimeAssetImportFormatCoverage.DirectObjImportDefaultsToMaterialDrivenShading .................................   Passed    0.04 sec
          Start  353: RuntimeAssetImportFormatCoverage.AssetImportRecipeDefaultsDescribeCanonicalPolicies
 346/4154 Test  #353: RuntimeAssetImportFormatCoverage.AssetImportRecipeDefaultsDescribeCanonicalPolicies .............................   Passed    0.00 sec
          Start  354: RuntimeAssetImportFormatCoverage.DefaultImportPoliciesApplyAuthoringUxAndPostProcess
 347/4154 Test  #354: RuntimeAssetImportFormatCoverage.DefaultImportPoliciesApplyAuthoringUxAndPostProcess ............................   Passed    0.05 sec
          Start  355: RuntimeAssetImportFormatCoverage.DefaultImportSelectionDoesNotRequireCameraModule
 348/4154 Test  #355: RuntimeAssetImportFormatCoverage.DefaultImportSelectionDoesNotRequireCameraModule ...............................   Passed    0.04 sec
          Start  356: RuntimeAssetImportFormatCoverage.DirectImportCompletesIngestStateMachineRecord
 349/4154 Test  #356: RuntimeAssetImportFormatCoverage.DirectImportCompletesIngestStateMachineRecord ..................................   Passed    0.04 sec
          Start  357: RuntimeAssetImportFormatCoverage.AssetWorkflowModuleAccessorExposesQueueAndEventState
 350/4154 Test  #357: RuntimeAssetImportFormatCoverage.AssetWorkflowModuleAccessorExposesQueueAndEventState ...........................   Passed    0.04 sec
          Start  358: RuntimeAssetImportFormatCoverage.ExplicitCancelPublishesOneTerminalEvent
 351/4154 Test  #358: RuntimeAssetImportFormatCoverage.ExplicitCancelPublishesOneTerminalEvent ........................................   Passed    0.04 sec
          Start  359: RuntimeAssetImportFormatCoverage.AssetWorkflowModulePreservesImportDirtyState
 352/4154 Test  #359: RuntimeAssetImportFormatCoverage.AssetWorkflowModulePreservesImportDirtyState ...................................   Passed    0.04 sec
          Start  360: RuntimeAssetImportFormatCoverage.ReimportExistingMeshReloadsAssetWithoutDuplicatingSceneEntities
 353/4154 Test  #360: RuntimeAssetImportFormatCoverage.ReimportExistingMeshReloadsAssetWithoutDuplicatingSceneEntities ................   Passed    0.04 sec
          Start  361: RuntimeAssetImportFormatCoverage.QueuedGeometryReimportReloadsAssetWithoutDuplicatingSceneEntities
 354/4154 Test  #361: RuntimeAssetImportFormatCoverage.QueuedGeometryReimportReloadsAssetWithoutDuplicatingSceneEntities ..............   Passed    0.04 sec
          Start  362: RuntimeAssetImportFormatCoverage.ImportAssetFromPathDoesNotWaitForUnrelatedSchedulerWork
 355/4154 Test  #362: RuntimeAssetImportFormatCoverage.ImportAssetFromPathDoesNotWaitForUnrelatedSchedulerWork ........................   Passed    0.29 sec
          Start  363: RuntimeAssetImportFormatCoverage.ReimportInvalidAssetReportsDeterministicIngestDiagnostic
 356/4154 Test  #363: RuntimeAssetImportFormatCoverage.ReimportInvalidAssetReportsDeterministicIngestDiagnostic .......................   Passed    0.04 sec
          Start  364: RuntimeAssetImportFormatCoverage.DirectObjImportQueuesGeneratedNormalBakeFromAuthoredVertexNormals
 357/4154 Test  #364: RuntimeAssetImportFormatCoverage.DirectObjImportQueuesGeneratedNormalBakeFromAuthoredVertexNormals ..............   Passed    0.04 sec
          Start  365: RuntimeAssetImportFormatCoverage.DirectObjImportComputesVertexNormalsWhenMissing
 358/4154 Test  #365: RuntimeAssetImportFormatCoverage.DirectObjImportComputesVertexNormalsWhenMissing ................................   Passed    0.05 sec
          Start  366: RuntimeAssetImportFormatCoverage.DirectObjImportComputesNormalsAndQueuesGeneratedNormalBake
 359/4154 Test  #366: RuntimeAssetImportFormatCoverage.DirectObjImportComputesNormalsAndQueuesGeneratedNormalBake .....................   Passed    0.05 sec
          Start  367: RuntimeAssetImportFormatCoverage.RepresentativePromotedFormatsMaterializeDeterministically
 360/4154 Test  #367: RuntimeAssetImportFormatCoverage.RepresentativePromotedFormatsMaterializeDeterministically ......................   Passed    0.04 sec
          Start  368: RuntimeAssetImportFormatCoverage.ModelSceneCompletionSelectsAndFramesCreatedPrimitives
 361/4154 Test  #368: RuntimeAssetImportFormatCoverage.ModelSceneCompletionSelectsAndFramesCreatedPrimitives ..........................   Passed    0.08 sec
          Start  369: RuntimeAssetImportFormatCoverage.QueuedImportsRejectActiveWorldSwitchBeforeApply
 362/4154 Test  #369: RuntimeAssetImportFormatCoverage.QueuedImportsRejectActiveWorldSwitchBeforeApply ................................   Passed    0.04 sec
          Start  370: RuntimeAssetImportFormatCoverage.QueuedImportRejectsAwayAndBackBindingEpoch
 363/4154 Test  #370: RuntimeAssetImportFormatCoverage.QueuedImportRejectsAwayAndBackBindingEpoch .....................................   Passed    0.04 sec
          Start  371: RuntimeAssetImportFormatCoverage.RetiredWorldImportTerminalizesQueueState
 364/4154 Test  #371: RuntimeAssetImportFormatCoverage.RetiredWorldImportTerminalizesQueueState .......................................   Passed    0.05 sec
          Start  372: RuntimeAssetImportFormatCoverage.DroppedModelSceneAndTextureImportThroughStreamingQueue
 365/4154 Test  #372: RuntimeAssetImportFormatCoverage.DroppedModelSceneAndTextureImportThroughStreamingQueue .........................   Passed    0.04 sec
          Start  373: RuntimeAssetImportFormatCoverage.ManualModelSceneAndTextureImportQueueCompletesThroughStreaming
 366/4154 Test  #373: RuntimeAssetImportFormatCoverage.ManualModelSceneAndTextureImportQueueCompletesThroughStreaming .................   Passed    0.04 sec
          Start  374: RuntimeAssetImportFormatCoverage.SlowQueuedTextureReadDoesNotBlockRunFrame
 367/4154 Test  #374: RuntimeAssetImportFormatCoverage.SlowQueuedTextureReadDoesNotBlockRunFrame ......................................   Passed    0.04 sec
          Start  375: AssetWorkflowModule.PublishesExactServicesGatesInitializationAndReinitializes
 368/4154 Test  #375: AssetWorkflowModule.PublishesExactServicesGatesInitializationAndReinitializes ...................................   Passed    0.03 sec
          Start  376: AssetWorkflowModule.CallerOwnedBakeReconciliationIsAtomicAndPreservesUnrelatedChannels
 369/4154 Test  #376: AssetWorkflowModule.CallerOwnedBakeReconciliationIsAtomicAndPreservesUnrelatedChannels ..........................   Passed    0.03 sec
          Start  377: AssetWorkflowModule.RegistrationConflictsLeaveOnlyTheExactExistingProvider
 370/4154 Test  #377: AssetWorkflowModule.RegistrationConflictsLeaveOnlyTheExactExistingProvider ......................................   Passed    0.08 sec
          Start  378: AssetWorkflowModule.MissingDeviceFailsRegistrationWithoutPartialPublication
 371/4154 Test  #378: AssetWorkflowModule.MissingDeviceFailsRegistrationWithoutPartialPublication .....................................   Passed    0.03 sec
          Start  379: AssetWorkflowModule.MissingDocumentOrHistoryRollsBackEveryPublication
 372/4154 Test  #379: AssetWorkflowModule.MissingDocumentOrHistoryRollsBackEveryPublication ...........................................   Passed    0.06 sec
          Start  380: AssetWorkflowModule.DocumentParticipantConflictRollsBackEveryPublication
 373/4154 Test  #380: AssetWorkflowModule.DocumentParticipantConflictRollsBackEveryPublication ........................................   Passed    0.03 sec
          Start  381: AssetWorkflowModule.DocumentAndWorldReplacementRebindBeforeSceneUse
 374/4154 Test  #381: AssetWorkflowModule.DocumentAndWorldReplacementRebindBeforeSceneUse .............................................   Passed    0.04 sec
          Start  382: AssetWorkflowModule.AnnouncementDetachesImportsAndParticipantBeforeGpuBoundary
 375/4154 Test  #382: AssetWorkflowModule.AnnouncementDetachesImportsAndParticipantBeforeGpuBoundary ..................................   Passed    0.03 sec
          Start  383: AssetWorkflowModule.BakeParticipantRegistersOncePerBootAndCleansBeforeOwnedState
 376/4154 Test  #383: AssetWorkflowModule.BakeParticipantRegistersOncePerBootAndCleansBeforeOwnedState ................................   Passed    0.03 sec
          Start  384: AssetWorkflowModule.BlockedImportIsSafeInBothOrdinaryOwnerShutdownOrders
 377/4154 Test  #384: AssetWorkflowModule.BlockedImportIsSafeInBothOrdinaryOwnerShutdownOrders ........................................   Passed    0.07 sec
          Start  385: AssetWorkflowModule.RenderExtractionRetirementSurvivesEitherOptionalOwnerOmission
 378/4154 Test  #385: AssetWorkflowModule.RenderExtractionRetirementSurvivesEitherOptionalOwnerOmission ...............................   Passed    0.08 sec
          Start  386: AssetWorkflowModule.RealEngineReverseShutdownIsAsyncBeforeAssetWorkflow
 379/4154 Test  #386: AssetWorkflowModule.RealEngineReverseShutdownIsAsyncBeforeAssetWorkflow .........................................   Passed    0.04 sec
          Start  387: AssetWorkflowModule.OmittedAssetWorkflowPlatformDropFailsClosedWithoutQueuedWorkOrSceneMutation
 380/4154 Test  #387: AssetWorkflowModule.OmittedAssetWorkflowPlatformDropFailsClosedWithoutQueuedWorkOrSceneMutation .................   Passed    0.04 sec
          Start  388: AssetWorkflowModule.RealEngineRunSupportsCompositionOmissionAndReinitialize
 381/4154 Test  #388: AssetWorkflowModule.RealEngineRunSupportsCompositionOmissionAndReinitialize .....................................   Passed    0.09 sec
          Start  389: RuntimeAsyncWorkModule.PublishesBorrowedJobServiceAndCanReinitialize
 382/4154 Test  #389: RuntimeAsyncWorkModule.PublishesBorrowedJobServiceAndCanReinitialize ............................................   Passed    0.00 sec
          Start  390: RuntimeAsyncWorkModule.RegistrationConflictPreservesExistingProvider
 383/4154 Test  #390: RuntimeAsyncWorkModule.RegistrationConflictPreservesExistingProvider ............................................   Passed    0.00 sec
          Start  391: RuntimeAsyncWorkModule.ShutdownWithdrawsServiceBeforeLaterModulesRun
 384/4154 Test  #391: RuntimeAsyncWorkModule.ShutdownWithdrawsServiceBeforeLaterModulesRun ............................................   Passed    0.04 sec
          Start  392: RuntimeAsyncWorkModule.ShutdownCancelsParkedJobServiceSurvivor
 385/4154 Test  #392: RuntimeAsyncWorkModule.ShutdownCancelsParkedJobServiceSurvivor ..................................................   Passed    0.01 sec
          Start  393: EditorCommandHistory.ExecuteRecordUndoRedoCapacityAndDirtyState
 386/4154 Test  #393: EditorCommandHistory.ExecuteRecordUndoRedoCapacityAndDirtyState .................................................   Passed    0.00 sec
          Start  394: EditorCommandHistory.UndoableEntityMutationRevalidatesAndTracksGenerationsAcrossUndoRedo
 387/4154 Test  #394: EditorCommandHistory.UndoableEntityMutationRevalidatesAndTracksGenerationsAcrossUndoRedo ........................   Passed    0.00 sec
          Start  395: EditorCommandHistory.UndoableEntityMutationRecordsAlreadyAppliedTargetWithoutRepublishing
 388/4154 Test  #395: EditorCommandHistory.UndoableEntityMutationRecordsAlreadyAppliedTargetWithoutRepublishing .......................   Passed    0.00 sec
          Start  396: EditorCommandHistory.UndoableEntityMutationRejectsStaleIdentityWithoutMutationOrHistory
 389/4154 Test  #396: EditorCommandHistory.UndoableEntityMutationRejectsStaleIdentityWithoutMutationOrHistory .........................   Passed    0.00 sec
          Start  397: EditorCommandHistory.UndoableEntityMutationRejectsStaleGenerationWithoutMutationOrHistory
 390/4154 Test  #397: EditorCommandHistory.UndoableEntityMutationRejectsStaleGenerationWithoutMutationOrHistory .......................   Passed    0.00 sec
          Start  398: EditorCommandHistory.UndoableEntityMutationValidationFailurePublishesNoMutationOrHistory
 391/4154 Test  #398: EditorCommandHistory.UndoableEntityMutationValidationFailurePublishesNoMutationOrHistory ........................   Passed    0.00 sec
          Start  399: EditorCommandHistory.UndoableEntityMutationApplyFailurePublishesNoPartialStateOrHistory
 392/4154 Test  #399: EditorCommandHistory.UndoableEntityMutationApplyFailurePublishesNoPartialStateOrHistory .........................   Passed    0.00 sec
          Start  400: EditorCommandHistory.SelectionAdapterRestoresSingleSelectionWithoutDirtyingDocument
 393/4154 Test  #400: EditorCommandHistory.SelectionAdapterRestoresSingleSelectionWithoutDirtyingDocument .............................   Passed    0.00 sec
          Start  401: EditorCommandHistory.CompoundCommandRollsBackAppliedCommandsOnFailure
 394/4154 Test  #401: EditorCommandHistory.CompoundCommandRollsBackAppliedCommandsOnFailure ...........................................   Passed    0.00 sec
          Start  402: EditorCommandHistory.HierarchyDeletePlanDefinesRecursiveDeleteAndOrphanPolicies
 395/4154 Test  #402: EditorCommandHistory.HierarchyDeletePlanDefinesRecursiveDeleteAndOrphanPolicies .................................   Passed    0.00 sec
          Start  403: EditorCommandHistory.CorruptHierarchyDeletePlanFailsWithoutPartialMutation
 396/4154 Test  #403: EditorCommandHistory.CorruptHierarchyDeletePlanFailsWithoutPartialMutation ......................................   Passed    0.00 sec
          Start  404: EditorPropertyWidgets.EmptySourceProducesAnEmptySafeModel
 397/4154 Test  #404: EditorPropertyWidgets.EmptySourceProducesAnEmptySafeModel .......................................................   Passed    0.00 sec
          Start  405: EditorPropertyWidgets.SelectorExcludesVectorProperties
 398/4154 Test  #405: EditorPropertyWidgets.SelectorExcludesVectorProperties ..........................................................   Passed    0.00 sec
          Start  406: EditorPropertyWidgets.PlotModelFiltersNonFiniteSamplesAndReportsRange
 399/4154 Test  #406: EditorPropertyWidgets.PlotModelFiltersNonFiniteSamplesAndReportsRange ...........................................   Passed    0.00 sec
          Start  407: EditorUiHost.ComposedModulePublishesHostAndRunsFrameContribution
 400/4154 Test  #407: EditorUiHost.ComposedModulePublishesHostAndRunsFrameContribution ................................................   Passed    0.04 sec
          Start  408: EditorUiHost.OmittedModuleLeavesEditorHostUnpublished
 401/4154 Test  #408: EditorUiHost.OmittedModuleLeavesEditorHostUnpublished ...........................................................   Passed    0.04 sec
          Start  409: EditorUiHost.VisibilityCommandPreservesRegisteredWindowOpenState
 402/4154 Test  #409: EditorUiHost.VisibilityCommandPreservesRegisteredWindowOpenState ................................................   Passed    0.00 sec
          Start  410: EditorUiHost.FrameContributionMutationIsSafeAndDeterministic
 403/4154 Test  #410: EditorUiHost.FrameContributionMutationIsSafeAndDeterministic ....................................................   Passed    0.00 sec
          Start  411: EditorUiModule.PreservesBeginVariableBuildEndAndCaptureOrdering
 404/4154 Test  #411: EditorUiModule.PreservesBeginVariableBuildEndAndCaptureOrdering .................................................   Passed    0.04 sec
          Start  412: EditorUiModule.ReverseShutdownWithdrawsHostAndDetachesLiveRenderer
 405/4154 Test  #412: EditorUiModule.ReverseShutdownWithdrawsHostAndDetachesLiveRenderer ..............................................   Passed    0.04 sec
          Start  413: EditorUiModule.ShutdownReinitializeStartsFromFreshEditorState
 406/4154 Test  #413: EditorUiModule.ShutdownReinitializeStartsFromFreshEditorState ...................................................   Passed    0.08 sec
          Start  414: EditorUiModule.FailedRegistrationAndResolutionWithdrawPartialHost
 407/4154 Test  #414: EditorUiModule.FailedRegistrationAndResolutionWithdrawPartialHost ...............................................   Passed    0.00 sec
          Start  415: EditorWindowRegistry.RegisteredWindowsAppearInStructuredMenuModel
 408/4154 Test  #415: EditorWindowRegistry.RegisteredWindowsAppearInStructuredMenuModel ...............................................   Passed    0.00 sec
          Start  416: EditorWindowRegistry.InvalidAndDuplicateRegistrationsFailClosed
 409/4154 Test  #416: EditorWindowRegistry.InvalidAndDuplicateRegistrationsFailClosed .................................................   Passed    0.00 sec
          Start  417: EditorWindowRegistry.UnregisteredWindowsAreAbsentFromMenuModel
 410/4154 Test  #417: EditorWindowRegistry.UnregisteredWindowsAreAbsentFromMenuModel ..................................................   Passed    0.00 sec
          Start  418: EditorWindowRegistry.ClosedAndGloballyHiddenWindowsDoNoPerFrameWork
 411/4154 Test  #418: EditorWindowRegistry.ClosedAndGloballyHiddenWindowsDoNoPerFrameWork .............................................   Passed    0.00 sec
          Start  419: EditorWindowRegistry.OpenTransitionsAreObservedExactlyOnce
 412/4154 Test  #419: EditorWindowRegistry.OpenTransitionsAreObservedExactlyOnce ......................................................   Passed    0.00 sec
          Start  420: EditorWindowRegistry.DrawCallbackCanCloseItsWindow
 413/4154 Test  #420: EditorWindowRegistry.DrawCallbackCanCloseItsWindow ..............................................................   Passed    0.00 sec
          Start  421: EditorWindowRegistry.DrawCallbackMayUnregisterItself
 414/4154 Test  #421: EditorWindowRegistry.DrawCallbackMayUnregisterItself ............................................................   Passed    0.00 sec
          Start  422: EditorWindowRegistry.VisibilityCommandPreservesWindowOpenState
 415/4154 Test  #422: EditorWindowRegistry.VisibilityCommandPreservesWindowOpenState ..................................................   Passed    0.00 sec
          Start  423: ImGuiAdapter.InitializeProducesZeroListFrameForEmptyWindow
 416/4154 Test  #423: ImGuiAdapter.InitializeProducesZeroListFrameForEmptyWindow ......................................................   Passed    0.01 sec
          Start  424: ImGuiAdapter.InitializeRejectsDoubleInitialize
 417/4154 Test  #424: ImGuiAdapter.InitializeRejectsDoubleInitialize ..................................................................   Passed    0.01 sec
          Start  425: ImGuiAdapter.InitializeLoadsBundledRobotoAndBuildsLegacyFontAtlas
 418/4154 Test  #425: ImGuiAdapter.InitializeLoadsBundledRobotoAndBuildsLegacyFontAtlas ...............................................   Passed    0.01 sec
          Start  426: ImGuiAdapter.HiDpiFontKeepsLogicalMetricsAndUsesRasterizerDensity
 419/4154 Test  #426: ImGuiAdapter.HiDpiFontKeepsLogicalMetricsAndUsesRasterizerDensity ...............................................   Passed    0.01 sec
          Start  427: ImGuiAdapter.FontAtlasPayloadIsCopiedOnlyWhenDirty
 420/4154 Test  #427: ImGuiAdapter.FontAtlasPayloadIsCopiedOnlyWhenDirty ..............................................................   Passed    0.01 sec
          Start  428: ImGuiAdapter.EditorPanelDrawProducesNonEmptyDrawList
 421/4154 Test  #428: ImGuiAdapter.EditorPanelDrawProducesNonEmptyDrawList ............................................................   Passed    0.01 sec
          Start  429: ImGuiAdapter.ImageDrawPreservesUserTextureBindlessCommand
 422/4154 Test  #429: ImGuiAdapter.ImageDrawPreservesUserTextureBindlessCommand .......................................................   Passed    0.01 sec
          Start  430: ImGuiAdapter.LargeDrawListPreservesNonZeroVertexOffset
 423/4154 Test  #430: ImGuiAdapter.LargeDrawListPreservesNonZeroVertexOffset ..........................................................   Passed    0.01 sec
          Start  431: ImGuiAdapter.NestedChildDrawPreservesFramebufferScissor
 424/4154 Test  #431: ImGuiAdapter.NestedChildDrawPreservesFramebufferScissor .........................................................   Passed    0.01 sec
          Start  432: ImGuiAdapter.ScalesClampsAndRejectsInvalidFramebufferClipRects
 425/4154 Test  #432: ImGuiAdapter.ScalesClampsAndRejectsInvalidFramebufferClipRects ..................................................   Passed    0.01 sec
          Start  433: ImGuiAdapter.EditorCallbackInvokedOncePerFramePair
 426/4154 Test  #433: ImGuiAdapter.EditorCallbackInvokedOncePerFramePair ..............................................................   Passed    0.01 sec
          Start  434: ImGuiAdapter.PumpsInputAndResizeReportsFramebufferPixelsWithoutDoubleScaling
 427/4154 Test  #434: ImGuiAdapter.PumpsInputAndResizeReportsFramebufferPixelsWithoutDoubleScaling ....................................   Passed    0.01 sec
          Start  435: ImGuiAdapter.PumpedKeyEventsReachImGuiIoWithModifierChords
 428/4154 Test  #435: ImGuiAdapter.PumpedKeyEventsReachImGuiIoWithModifierChords ......................................................   Passed    0.01 sec
          Start  436: ImGuiAdapter.BackspaceShortensSeededInputTextAndCapturesKeyboard
 429/4154 Test  #436: ImGuiAdapter.BackspaceShortensSeededInputTextAndCapturesKeyboard ................................................   Passed    0.01 sec
          Start  437: ImGuiAdapter.SnapshotsCaptureStateOncePerCompletedEditorFrame
 430/4154 Test  #437: ImGuiAdapter.SnapshotsCaptureStateOncePerCompletedEditorFrame ...................................................   Passed    0.01 sec
          Start  438: ImGuiAdapter.HiddenEditorClearsStaleCaptureState
 431/4154 Test  #438: ImGuiAdapter.HiddenEditorClearsStaleCaptureState ................................................................   Passed    0.01 sec
          Start  439: ImGuiAdapter.RebuildForDisplayChangeCyclesOverlayExactlyOnce
 432/4154 Test  #439: ImGuiAdapter.RebuildForDisplayChangeCyclesOverlayExactlyOnce ....................................................   Passed    0.01 sec
          Start  440: ImGuiAdapter.RebuildBeforeInitializeIsUncounted
 433/4154 Test  #440: ImGuiAdapter.RebuildBeforeInitializeIsUncounted .................................................................   Passed    0.00 sec
          Start  441: ImGuiAdapterEngineWiring.AdapterInitializedAfterEngineInitialize
 434/4154 Test  #441: ImGuiAdapterEngineWiring.AdapterInitializedAfterEngineInitialize ................................................   Passed    0.06 sec
          Start  442: ImGuiAdapterEngineWiring.RunProducesOneOverlayFramePerEngineFrame
 435/4154 Test  #442: ImGuiAdapterEngineWiring.RunProducesOneOverlayFramePerEngineFrame ...............................................   Passed    0.06 sec
          Start  443: ImGuiAdapterEngineWiring.EditorHookInvokedOncePerFrameAndProducesDrawLists
 436/4154 Test  #443: ImGuiAdapterEngineWiring.EditorHookInvokedOncePerFrameAndProducesDrawLists ......................................   Passed    0.06 sec
          Start  444: ImGuiAdapterEngineWiring.FramePacingDiagnosticsPopulateOnNullBackend
 437/4154 Test  #444: ImGuiAdapterEngineWiring.FramePacingDiagnosticsPopulateOnNullBackend ............................................   Passed    0.04 sec
          Start  445: ImGuiAdapterEngineWiring.EditorCallbackStaysBoundedAndRenderAdvancesWhileJobRuns
 438/4154 Test  #445: ImGuiAdapterEngineWiring.EditorCallbackStaysBoundedAndRenderAdvancesWhileJobRuns ................................   Passed    0.29 sec
          Start  446: ImGuiAdapterEngineWiring.UiCaptureSuppressesRuntimeInputConsumers
 439/4154 Test  #446: ImGuiAdapterEngineWiring.UiCaptureSuppressesRuntimeInputConsumers ...............................................   Passed    0.04 sec
          Start  447: ImGuiAdapterEngineWiring.RunNormalizesNativeCloseBeforeFirstFrame
 440/4154 Test  #447: ImGuiAdapterEngineWiring.RunNormalizesNativeCloseBeforeFirstFrame ...............................................   Passed    0.07 sec
          Start  448: ImGuiAdapterEngineWiring.RunNormalizesNativeCloseAfterInteractiveInput
 441/4154 Test  #448: ImGuiAdapterEngineWiring.RunNormalizesNativeCloseAfterInteractiveInput ..........................................   Passed    0.06 sec
          Start  449: MeshGeometryExtraction.SingleMeshEntityUploadsOnceAndBindsInstanceGeometry
 442/4154 Test  #449: MeshGeometryExtraction.SingleMeshEntityUploadsOnceAndBindsInstanceGeometry ......................................   Passed    0.06 sec
          Start  450: MeshGeometryExtraction.MaterialTextureBindingsResolveOntoExtractionMaterialSidecar
 443/4154 Test  #450: MeshGeometryExtraction.MaterialTextureBindingsResolveOntoExtractionMaterialSidecar ..............................   Passed    0.03 sec
          Start  451: MeshGeometryExtraction.GeometryPresentationRecipeIsConsumedDuringExtraction
 444/4154 Test  #451: MeshGeometryExtraction.GeometryPresentationRecipeIsConsumedDuringExtraction .....................................   Passed    0.03 sec
          Start  452: MeshGeometryExtraction.GeneratedGeometryPresentationTexturesBindUniqueMaterialSlots
 445/4154 Test  #452: MeshGeometryExtraction.GeneratedGeometryPresentationTexturesBindUniqueMaterialSlots .............................   Passed    0.03 sec
          Start  453: MeshGeometryExtraction.RepeatedExtractionReusesMeshHandleWithoutReupload
 446/4154 Test  #453: MeshGeometryExtraction.RepeatedExtractionReusesMeshHandleWithoutReupload ........................................   Passed    0.06 sec
          Start  454: MeshGeometryExtraction.PropertyRevisionUpdatesResidentPositionsWithoutDirtyTag
 447/4154 Test  #454: MeshGeometryExtraction.PropertyRevisionUpdatesResidentPositionsWithoutDirtyTag ..................................   Passed    0.06 sec
          Start  455: MeshGeometryExtraction.TwoMeshEntitiesAllocateIndependentMeshUploads
 448/4154 Test  #455: MeshGeometryExtraction.TwoMeshEntitiesAllocateIndependentMeshUploads ............................................   Passed    0.06 sec
          Start  456: MeshGeometryExtraction.EntityDestructionRetiresMeshGeometryAfterDeferredWindow
 449/4154 Test  #456: MeshGeometryExtraction.EntityDestructionRetiresMeshGeometryAfterDeferredWindow ..................................   Passed    0.06 sec
          Start  457: MeshGeometryExtraction.ShutdownReleasesPendingMeshResidency
 450/4154 Test  #457: MeshGeometryExtraction.ShutdownReleasesPendingMeshResidency .....................................................   Passed    0.06 sec
          Start  458: MeshGeometryExtraction.ProceduralRefPreemptsMeshPathOnSameEntity
 451/4154 Test  #458: MeshGeometryExtraction.ProceduralRefPreemptsMeshPathOnSameEntity ................................................   Passed    0.06 sec
          Start  459: MeshGeometryExtraction.AssetSourcePresentPreemptsMeshPathOnSameEntity
 452/4154 Test  #459: MeshGeometryExtraction.AssetSourcePresentPreemptsMeshPathOnSameEntity ...........................................   Passed    0.06 sec
          Start  460: MeshGeometryExtraction.MissingPositionsIncrementsMissingPositionsCounter
 453/4154 Test  #460: MeshGeometryExtraction.MissingPositionsIncrementsMissingPositionsCounter ........................................   Passed    0.06 sec
          Start  461: MeshGeometryExtraction.MissingTexcoordsUploadsWithDefaultUvFallback
 454/4154 Test  #461: MeshGeometryExtraction.MissingTexcoordsUploadsWithDefaultUvFallback .............................................   Passed    0.06 sec
          Start  462: MeshGeometryExtraction.NonFiniteTexcoordsUploadWithDefaultUvFallback
 455/4154 Test  #462: MeshGeometryExtraction.NonFiniteTexcoordsUploadWithDefaultUvFallback ............................................   Passed    0.05 sec
          Start  463: MeshGeometryExtraction.InvalidTopologyIncrementsInvalidTopologyCounter
 456/4154 Test  #463: MeshGeometryExtraction.InvalidTopologyIncrementsInvalidTopologyCounter ..........................................   Passed    0.05 sec
          Start  464: MeshGeometryExtraction.DegenerateAllFacesIncrementsFailedPackCounter
 457/4154 Test  #464: MeshGeometryExtraction.DegenerateAllFacesIncrementsFailedPackCounter ............................................   Passed    0.05 sec
          Start  465: MeshGeometryExtraction.AddingProceduralRefAfterMeshUploadReleasesMeshResidency
 458/4154 Test  #465: MeshGeometryExtraction.AddingProceduralRefAfterMeshUploadReleasesMeshResidency ..................................   Passed    0.06 sec
          Start  466: MeshGeometryExtraction.AddingAssetSourceAfterMeshUploadReleasesMeshResidency
 459/4154 Test  #466: MeshGeometryExtraction.AddingAssetSourceAfterMeshUploadReleasesMeshResidency ....................................   Passed    0.06 sec
          Start  467: MeshGeometryExtraction.LosingMeshDomainTopologyReleasesMeshResidency
 460/4154 Test  #467: MeshGeometryExtraction.LosingMeshDomainTopologyReleasesMeshResidency ............................................   Passed    0.06 sec
          Start  468: MeshGeometryExtraction.NonMeshDomainEntityIsIgnoredByMeshPath
 461/4154 Test  #468: MeshGeometryExtraction.NonMeshDomainEntityIsIgnoredByMeshPath ...................................................   Passed    0.06 sec
          Start  469: MeshGeometryExtraction.MultipleDirtyTagsCoalesceIntoSingleReupload
 462/4154 Test  #469: MeshGeometryExtraction.MultipleDirtyTagsCoalesceIntoSingleReupload ..............................................   Passed    0.06 sec
          Start  470: MeshGeometryExtraction.ReuploadFailureReleasesStaleResidencyAndPreservesDirtyTag
 463/4154 Test  #470: MeshGeometryExtraction.ReuploadFailureReleasesStaleResidencyAndPreservesDirtyTag ................................   Passed    0.06 sec
          Start  471: MeshGeometryExtraction.UniformCornerTexcoordsUploadWithoutSplittingVertices
 464/4154 Test  #471: MeshGeometryExtraction.UniformCornerTexcoordsUploadWithoutSplittingVertices .....................................   Passed    0.05 sec
          Start  472: MeshGeometryExtraction.DisagreeingCornerTexcoordsSplitOnlyTheSeamVertexAtUpload
 465/4154 Test  #472: MeshGeometryExtraction.DisagreeingCornerTexcoordsSplitOnlyTheSeamVertexAtUpload .................................   Passed    0.06 sec
          Start  473: CornerTexcoordUpload.CornerHalfedgeMapIsParallelToTheTriangleList
 466/4154 Test  #473: CornerTexcoordUpload.CornerHalfedgeMapIsParallelToTheTriangleList ...............................................   Passed    0.00 sec
          Start  474: CornerTexcoordUpload.CornerMapIsClearedOnTopologyFailure
 467/4154 Test  #474: CornerTexcoordUpload.CornerMapIsClearedOnTopologyFailure ........................................................   Passed    0.00 sec
          Start  475: MeshPrimitiveViewExtraction.EnableEdgeViewUploadsSeparateEdgeRenderable
 468/4154 Test  #475: MeshPrimitiveViewExtraction.EnableEdgeViewUploadsSeparateEdgeRenderable .........................................   Passed    0.06 sec
          Start  476: MeshPrimitiveViewExtraction.EdgeViewWidthConfigUpdateReusesGeometry
 469/4154 Test  #476: MeshPrimitiveViewExtraction.EdgeViewWidthConfigUpdateReusesGeometry .............................................   Passed    0.06 sec
          Start  477: MeshPrimitiveViewExtraction.EnableVertexViewUploadsSeparatePointRenderable
 470/4154 Test  #477: MeshPrimitiveViewExtraction.EnableVertexViewUploadsSeparatePointRenderable ......................................   Passed    0.06 sec
          Start  478: MeshPrimitiveViewExtraction.MeshVertexPointLaneDoesNotRequireSurfaceTopology
 471/4154 Test  #478: MeshPrimitiveViewExtraction.MeshVertexPointLaneDoesNotRequireSurfaceTopology ....................................   Passed    0.05 sec
          Start  479: MeshPrimitiveViewExtraction.VertexViewConfigUpdateReusesGeometry
 472/4154 Test  #479: MeshPrimitiveViewExtraction.VertexViewConfigUpdateReusesGeometry ................................................   Passed    0.06 sec
          Start  480: MeshPrimitiveViewExtraction.EnableBothViewsAllocatesThreeIndependentRenderables
 473/4154 Test  #480: MeshPrimitiveViewExtraction.EnableBothViewsAllocatesThreeIndependentRenderables .................................   Passed    0.06 sec
          Start  481: MeshPrimitiveViewExtraction.EdgeAndPointComponentsDoNotRequireRenderSurface
 474/4154 Test  #481: MeshPrimitiveViewExtraction.EdgeAndPointComponentsDoNotRequireRenderSurface .....................................   Passed    0.06 sec
          Start  482: MeshPrimitiveViewExtraction.LaneOverridesColorEdgeAndVertexViewsIndependently
 475/4154 Test  #482: MeshPrimitiveViewExtraction.LaneOverridesColorEdgeAndVertexViewsIndependently ...................................   Passed    0.06 sec
          Start  483: MeshPrimitiveViewExtraction.RepeatedExtractionReusesViewsWithoutReupload
 476/4154 Test  #483: MeshPrimitiveViewExtraction.RepeatedExtractionReusesViewsWithoutReupload ........................................   Passed    0.06 sec
          Start  484: MeshPrimitiveViewExtraction.VertexPositionDirtyRepacksBothViews
 477/4154 Test  #484: MeshPrimitiveViewExtraction.VertexPositionDirtyRepacksBothViews .................................................   Passed    0.06 sec
          Start  485: MeshPrimitiveViewExtraction.DisablingEdgeViewReleasesItsGeometryAfterWindow
 478/4154 Test  #485: MeshPrimitiveViewExtraction.DisablingEdgeViewReleasesItsGeometryAfterWindow .....................................   Passed    0.06 sec
          Start  486: MeshPrimitiveViewExtraction.EntityDestructionReleasesViewsAfterWindow
 479/4154 Test  #486: MeshPrimitiveViewExtraction.EntityDestructionReleasesViewsAfterWindow ...........................................   Passed    0.06 sec
          Start  487: MeshPrimitiveViewExtraction.ShutdownReleasesViewResidency
 480/4154 Test  #487: MeshPrimitiveViewExtraction.ShutdownReleasesViewResidency .......................................................   Passed    0.06 sec
          Start  488: MeshPrimitiveViewExtraction.ProceduralRefFlipReleasesViews
 481/4154 Test  #488: MeshPrimitiveViewExtraction.ProceduralRefFlipReleasesViews ......................................................   Passed    0.06 sec
          Start  489: MeshPrimitiveViewExtraction.EdgeViewDerivesWireframeWithoutExplicitEdges
 482/4154 Test  #489: MeshPrimitiveViewExtraction.EdgeViewDerivesWireframeWithoutExplicitEdges ........................................   Passed    0.06 sec
          Start  490: MeshPrimitiveViewExtraction.OutOfRangeEdgeEndpointIncrementsInvalidEdgesCounter
 483/4154 Test  #490: MeshPrimitiveViewExtraction.OutOfRangeEdgeEndpointIncrementsInvalidEdgesCounter .................................   Passed    0.06 sec
          Start  491: MeshPrimitiveViewExtraction.NonMeshEntityWithRenderComponentsCreatesNoMeshViews
 484/4154 Test  #491: MeshPrimitiveViewExtraction.NonMeshEntityWithRenderComponentsCreatesNoMeshViews .................................   Passed    0.06 sec
          Start  492: ProgressivePoissonGpuBackend.PlansPerLevelBuildAcceptAndCompaction
 485/4154 Test  #492: ProgressivePoissonGpuBackend.PlansPerLevelBuildAcceptAndCompaction ..............................................   Passed    0.00 sec
          Start  493: ProgressivePoissonGpuBackend.PlansThreeDimensionalEightPhaseDispatch
 486/4154 Test  #493: ProgressivePoissonGpuBackend.PlansThreeDimensionalEightPhaseDispatch ............................................   Passed    0.00 sec
          Start  494: ProgressivePoissonGpuBackend.InvalidPlanInputsFailClosed
 487/4154 Test  #494: ProgressivePoissonGpuBackend.InvalidPlanInputsFailClosed ........................................................   Passed    0.00 sec
          Start  495: ProgressivePoissonGpuBackend.BuildsBufferAndPipelineDescriptors
 488/4154 Test  #495: ProgressivePoissonGpuBackend.BuildsBufferAndPipelineDescriptors .................................................   Passed    0.00 sec
          Start  496: ProgressivePoissonGpuBackend.BuildsStateRecordFromRoleBuffers
 489/4154 Test  #496: ProgressivePoissonGpuBackend.BuildsStateRecordFromRoleBuffers ...................................................   Passed    0.00 sec
          Start  497: ProgressivePoissonGpuBackend.RecordsMethodDispatchesAndDelegatesCompaction
 490/4154 Test  #497: ProgressivePoissonGpuBackend.RecordsMethodDispatchesAndDelegatesCompaction ......................................   Passed    0.00 sec
          Start  498: ProgressivePoissonGpuBackend.ExecutionAllocatesUploadsAndRecordsWithoutDuplicateReadbackCopies
 491/4154 Test  #498: ProgressivePoissonGpuBackend.ExecutionAllocatesUploadsAndRecordsWithoutDuplicateReadbackCopies ..................   Passed    0.00 sec
          Start  499: ProgressivePoissonGpuBackend.RecordFailsClosedForInvalidResourcesAndUnavailableDevice
 492/4154 Test  #499: ProgressivePoissonGpuBackend.RecordFailsClosedForInvalidResourcesAndUnavailableDevice ...........................   Passed    0.00 sec
          Start  500: ProgressivePoissonGpuBackend.ResolveReportsCpuFallbackUntilExecutionLands
 493/4154 Test  #500: ProgressivePoissonGpuBackend.ResolveReportsCpuFallbackUntilExecutionLands .......................................   Passed    0.00 sec
          Start  501: ProgressivePoissonGpuBackend.ExecutionFallsBackBeforeAllocationWhenDeviceUnavailable
 494/4154 Test  #501: ProgressivePoissonGpuBackend.ExecutionFallsBackBeforeAllocationWhenDeviceUnavailable ............................   Passed    0.00 sec
          Start  502: ProgressivePoissonGpuBackend.SharedResultBatchParsesAcceptedPrefixAndValidatesShape
 495/4154 Test  #502: ProgressivePoissonGpuBackend.SharedResultBatchParsesAcceptedPrefixAndValidatesShape .............................   Passed    0.00 sec
          Start  503: ProgressivePoissonGpuBackend.ReadbackRejectsInvalidOrDuplicateAcceptedIndices
 496/4154 Test  #503: ProgressivePoissonGpuBackend.ReadbackRejectsInvalidOrDuplicateAcceptedIndices ...................................   Passed    0.00 sec
          Start  504: ProgressivePoissonGpuBackend.ParityDiagnosticsAcceptReferenceMatchAndPoissonGuarantee
 497/4154 Test  #504: ProgressivePoissonGpuBackend.ParityDiagnosticsAcceptReferenceMatchAndPoissonGuarantee ...........................   Passed    0.00 sec
          Start  505: ProgressivePoissonGpuBackend.ParityDiagnosticsRecommendCpuFallbackOnMismatch
 498/4154 Test  #505: ProgressivePoissonGpuBackend.ParityDiagnosticsRecommendCpuFallbackOnMismatch ....................................   Passed    0.00 sec
          Start  506: ProgressivePoissonGpuBackend.DebugNamesAreStable
 499/4154 Test  #506: ProgressivePoissonGpuBackend.DebugNamesAreStable ................................................................   Passed    0.00 sec
          Start  507: RenderArtifactPublication.RegistersObservableArtifactBeforeProjectMutation
 500/4154 Test  #507: RenderArtifactPublication.RegistersObservableArtifactBeforeProjectMutation ......................................   Passed    0.00 sec
          Start  508: RenderArtifactPublication.SupersedesOlderSourceRevisionForSameLogicalOutput
 501/4154 Test  #508: RenderArtifactPublication.SupersedesOlderSourceRevisionForSameLogicalOutput .....................................   Passed    0.00 sec
          Start  509: RenderArtifactPublication.PublishAndApplyAreExplicitAuditedAndUndoAware
 502/4154 Test  #509: RenderArtifactPublication.PublishAndApplyAreExplicitAuditedAndUndoAware .........................................   Passed    0.00 sec
          Start  510: RenderArtifactPublication.RejectsImplicitApplyAndNonCandidateOutputs
 503/4154 Test  #510: RenderArtifactPublication.RejectsImplicitApplyAndNonCandidateOutputs ............................................   Passed    0.01 sec
          Start  511: RenderArtifactPublication.StaleCanceledAndFailedArtifactsStayDistinct
 504/4154 Test  #511: RenderArtifactPublication.StaleCanceledAndFailedArtifactsStayDistinct ...........................................   Passed    0.00 sec
          Start  512: RenderExtractionContract.WorldMatrixWithoutRenderHintPublishesNoDrawCandidate
 505/4154 Test  #512: RenderExtractionContract.WorldMatrixWithoutRenderHintPublishesNoDrawCandidate ...................................   Passed    0.06 sec
          Start  513: RenderExtractionContract.FailedMeshPackPublishesNoDrawCandidate
 506/4154 Test  #513: RenderExtractionContract.FailedMeshPackPublishesNoDrawCandidate .................................................   Passed    0.06 sec
          Start  514: RenderExtractionContract.SnapshotSurvivesLiveEcsMutationAndDestruction
 507/4154 Test  #514: RenderExtractionContract.SnapshotSurvivesLiveEcsMutationAndDestruction ..........................................   Passed    0.06 sec
          Start  515: GizmoInteraction.HitTestResolvesXAxisAndRejectsOffAxisCursor
 508/4154 Test  #515: GizmoInteraction.HitTestResolvesXAxisAndRejectsOffAxisCursor ....................................................   Passed    0.00 sec
          Start  516: GizmoInteraction.HitTestEmptySelectionIsNoHit
 509/4154 Test  #516: GizmoInteraction.HitTestEmptySelectionIsNoHit ...................................................................   Passed    0.00 sec
          Start  517: GizmoInteraction.DragTickTranslatesAlongAxisAndCommitsHistory
 510/4154 Test  #517: GizmoInteraction.DragTickTranslatesAlongAxisAndCommitsHistory ...................................................   Passed    0.00 sec
          Start  518: GizmoInteraction.DragCommitCoalescesMultiSelectionAndRejectsInterveningState
 511/4154 Test  #518: GizmoInteraction.DragCommitCoalescesMultiSelectionAndRejectsInterveningState ....................................   Passed    0.00 sec
          Start  519: GizmoInteraction.DragCancelRestoresBeforeTransform
 512/4154 Test  #519: GizmoInteraction.DragCancelRestoresBeforeTransform ..............................................................   Passed    0.00 sec
          Start  520: GizmoInteraction.DragTickRotatesAroundAxisAndCommitsHistory
 513/4154 Test  #520: GizmoInteraction.DragTickRotatesAroundAxisAndCommitsHistory .....................................................   Passed    0.00 sec
          Start  521: GizmoInteraction.DragTickScalesAlongAxisAndCommitsHistory
 514/4154 Test  #521: GizmoInteraction.DragTickScalesAlongAxisAndCommitsHistory .......................................................   Passed    0.00 sec
          Start  522: GizmoInteraction.DragModeIsLatchedWhenToolbarModeChangesMidDrag
 515/4154 Test  #522: GizmoInteraction.DragModeIsLatchedWhenToolbarModeChangesMidDrag .................................................   Passed    0.00 sec
          Start  523: GizmoInteraction.SnapModifierRoundsTranslationToStep
 516/4154 Test  #523: GizmoInteraction.SnapModifierRoundsTranslationToStep ............................................................   Passed    0.00 sec
          Start  524: GizmoInteraction.RenderPacketBuilderMapsOnlyFrozenFields
 517/4154 Test  #524: GizmoInteraction.RenderPacketBuilderMapsOnlyFrozenFields ........................................................   Passed    0.00 sec
          Start  525: GizmoInteractionEngineWiring.ExtractionSubmitsTransformGizmoPackets
 518/4154 Test  #525: GizmoInteractionEngineWiring.ExtractionSubmitsTransformGizmoPackets .............................................   Passed    0.06 sec
          Start  526: GizmoInteractionEngineWiring.RunFramePublishesSelectedEntityGizmoPacket
 519/4154 Test  #526: GizmoInteractionEngineWiring.RunFramePublishesSelectedEntityGizmoPacket .........................................   Passed    0.06 sec
          Start  527: GraphGeometryExtraction.LineGraphUploadsOnceAndBindsInstanceGeometry
 520/4154 Test  #527: GraphGeometryExtraction.LineGraphUploadsOnceAndBindsInstanceGeometry ............................................   Passed    0.06 sec
          Start  528: GraphGeometryExtraction.PointGraphUploadsOnceAndBindsInstanceGeometry
 521/4154 Test  #528: GraphGeometryExtraction.PointGraphUploadsOnceAndBindsInstanceGeometry ...........................................   Passed    0.06 sec
          Start  529: GraphGeometryExtraction.LineAndPointGraphUploadsSingleHandleForBothLanes
 522/4154 Test  #529: GraphGeometryExtraction.LineAndPointGraphUploadsSingleHandleForBothLanes ........................................   Passed    0.06 sec
          Start  530: GraphGeometryExtraction.LaneOverridesColorLineAndPointLanesIndependently
 523/4154 Test  #530: GraphGeometryExtraction.LaneOverridesColorLineAndPointLanesIndependently ........................................   Passed    0.06 sec
          Start  531: GraphGeometryExtraction.RepeatedExtractionReusesGraphHandleWithoutReupload
 524/4154 Test  #531: GraphGeometryExtraction.RepeatedExtractionReusesGraphHandleWithoutReupload ......................................   Passed    0.06 sec
          Start  532: GraphGeometryExtraction.PropertyRevisionUpdatesResidentPositionsWithoutDirtyTag
 525/4154 Test  #532: GraphGeometryExtraction.PropertyRevisionUpdatesResidentPositionsWithoutDirtyTag .................................   Passed    0.06 sec
          Start  533: GraphGeometryExtraction.TwoGraphEntitiesAllocateIndependentUploads
 526/4154 Test  #533: GraphGeometryExtraction.TwoGraphEntitiesAllocateIndependentUploads ..............................................   Passed    0.06 sec
          Start  534: GraphGeometryExtraction.EntityDestructionRetiresGraphGeometryAfterDeferredWindow
 527/4154 Test  #534: GraphGeometryExtraction.EntityDestructionRetiresGraphGeometryAfterDeferredWindow ................................   Passed    0.06 sec
          Start  535: GraphGeometryExtraction.ShutdownReleasesPendingGraphResidency
 528/4154 Test  #535: GraphGeometryExtraction.ShutdownReleasesPendingGraphResidency ...................................................   Passed    0.06 sec
          Start  536: GraphGeometryExtraction.ProceduralRefPreemptsGraphPathOnSameEntity
 529/4154 Test  #536: GraphGeometryExtraction.ProceduralRefPreemptsGraphPathOnSameEntity ..............................................   Passed    0.05 sec
          Start  537: GraphGeometryExtraction.MissingNodePositionsIncrementsMissingNodesCounter
 530/4154 Test  #537: GraphGeometryExtraction.MissingNodePositionsIncrementsMissingNodesCounter .......................................   Passed    0.06 sec
          Start  538: GraphGeometryExtraction.OutOfRangeEdgeIncrementsInvalidEdgesCounter
 531/4154 Test  #538: GraphGeometryExtraction.OutOfRangeEdgeIncrementsInvalidEdgesCounter .............................................   Passed    0.05 sec
          Start  539: GraphGeometryExtraction.SurfaceOnlyGraphEntityFailsClosedAsFailedPack
 532/4154 Test  #539: GraphGeometryExtraction.SurfaceOnlyGraphEntityFailsClosedAsFailedPack ...........................................   Passed    0.05 sec
          Start  540: GraphGeometryExtraction.AddingProceduralRefAfterGraphUploadReleasesGraphResidency
 533/4154 Test  #540: GraphGeometryExtraction.AddingProceduralRefAfterGraphUploadReleasesGraphResidency ...............................   Passed    0.06 sec
          Start  541: GraphGeometryExtraction.LosingGraphHintReleasesGraphResidency
 534/4154 Test  #541: GraphGeometryExtraction.LosingGraphHintReleasesGraphResidency ...................................................   Passed    0.06 sec
          Start  542: GraphGeometryExtraction.GainingLineHintRepacksGraphWithoutDirtyTag
 535/4154 Test  #542: GraphGeometryExtraction.GainingLineHintRepacksGraphWithoutDirtyTag ..............................................   Passed    0.06 sec
          Start  543: GraphGeometryExtraction.LosingLineHintRepacksGraphWithoutDirtyTag
 536/4154 Test  #543: GraphGeometryExtraction.LosingLineHintRepacksGraphWithoutDirtyTag ...............................................   Passed    0.06 sec
          Start  544: GraphGeometryExtraction.ReuploadFailureReleasesStaleResidencyAndPreservesDirtyTag
 537/4154 Test  #544: GraphGeometryExtraction.ReuploadFailureReleasesStaleResidencyAndPreservesDirtyTag ...............................   Passed    0.06 sec
          Start  545: RuntimeGeometryAvailability.MeshResolvesIndependentSurfaceEdgeAndPointLanes
 538/4154 Test  #545: RuntimeGeometryAvailability.MeshResolvesIndependentSurfaceEdgeAndPointLanes .....................................   Passed    0.00 sec
          Start  546: RuntimeGeometryAvailability.GraphSupportsUnifiedVertexHalfedgeAndEdgeSources
 539/4154 Test  #546: RuntimeGeometryAvailability.GraphSupportsUnifiedVertexHalfedgeAndEdgeSources ....................................   Passed    0.00 sec
          Start  547: RuntimeGeometryAvailability.SharedSourceMatrixDoesNotReplaceGraphProvenance
 540/4154 Test  #547: RuntimeGeometryAvailability.SharedSourceMatrixDoesNotReplaceGraphProvenance .....................................   Passed    0.00 sec
          Start  548: RuntimeGeometryAvailability.GraphMarkerKeepsProvenanceForMixedSourceMatrix
 541/4154 Test  #548: RuntimeGeometryAvailability.GraphMarkerKeepsProvenanceForMixedSourceMatrix ......................................   Passed    0.00 sec
          Start  549: RuntimeGeometryAvailability.PointCloudSupportsPointsAndRejectsSurfaceAndEdges
 542/4154 Test  #549: RuntimeGeometryAvailability.PointCloudSupportsPointsAndRejectsSurfaceAndEdges ...................................   Passed    0.00 sec
          Start  550: RuntimeGeometryAvailability.MeshEdgeLaneCanDeriveFromSurfaceTopologyWithoutEdges
 543/4154 Test  #550: RuntimeGeometryAvailability.MeshEdgeLaneCanDeriveFromSurfaceTopologyWithoutEdges ................................   Passed    0.00 sec
          Start  551: RuntimeGeometryAvailability.PartialMeshCanSupportPointsWhileSurfaceReportsMissingHalfedges
 544/4154 Test  #551: RuntimeGeometryAvailability.PartialMeshCanSupportPointsWhileSurfaceReportsMissingHalfedges ......................   Passed    0.00 sec
          Start  552: RuntimeGeometryProperty.ValueKindFilterTreatsNulloptAsUnconstrained
 545/4154 Test  #552: RuntimeGeometryProperty.ValueKindFilterTreatsNulloptAsUnconstrained .............................................   Passed    0.00 sec
          Start  553: RuntimeGeometryProperty.RefComparesOnDomainNameAndValueKind
 546/4154 Test  #553: RuntimeGeometryProperty.RefComparesOnDomainNameAndValueKind .....................................................   Passed    0.00 sec
          Start  554: RuntimeGeometryProperty.CatalogSnapshotIsDeterministicAndCarriesIdentity
 547/4154 Test  #554: RuntimeGeometryProperty.CatalogSnapshotIsDeterministicAndCarriesIdentity ........................................   Passed    0.00 sec
          Start  555: RuntimeGeometryProperty.GraphHalfedgePropertiesUseCanonicalDomain
 548/4154 Test  #555: RuntimeGeometryProperty.GraphHalfedgePropertiesUseCanonicalDomain ...............................................   Passed    0.00 sec
          Start  556: RuntimeGeometryProperty.ResolutionReportsEveryFailureModeDistinctly
 549/4154 Test  #556: RuntimeGeometryProperty.ResolutionReportsEveryFailureModeDistinctly .............................................   Passed    0.00 sec
          Start  557: RuntimeGeometryProperty.NonFiniteValuesAreOptInAndDetectedPerKind
 550/4154 Test  #557: RuntimeGeometryProperty.NonFiniteValuesAreOptInAndDetectedPerKind ...............................................   Passed    0.00 sec
          Start  558: RuntimeGeometryProperty.RefOverloadTreatsUnknownKindAsUnconstrained
 551/4154 Test  #558: RuntimeGeometryProperty.RefOverloadTreatsUnknownKindAsUnconstrained .............................................   Passed    0.00 sec
          Start  559: GeometryPresentation.RecipeIntentAndRuntimeStatusProjectIntoGenerationQualifiedSnapshot
 552/4154 Test  #559: GeometryPresentation.RecipeIntentAndRuntimeStatusProjectIntoGenerationQualifiedSnapshot .........................   Passed    0.00 sec
          Start  560: GeometryPresentation.GeneratedTextureAssetUsesRuntimeSidecarOutput
 553/4154 Test  #560: GeometryPresentation.GeneratedTextureAssetUsesRuntimeSidecarOutput ..............................................   Passed    0.00 sec
          Start  561: GeometryPresentation.GraphPointAndLineSlotsUseCanonicalPropertyReferences
 554/4154 Test  #561: GeometryPresentation.GraphPointAndLineSlotsUseCanonicalPropertyReferences .......................................   Passed    0.00 sec
          Start  562: GeometryPresentation.PropertyOptionsAreDeterministicCompatibleFirstCanonicalRefs
 555/4154 Test  #562: GeometryPresentation.PropertyOptionsAreDeterministicCompatibleFirstCanonicalRefs ................................   Passed    0.00 sec
          Start  563: GeometryPresentation.PointCloudAndProceduralShapesUseTheSameProjection
 556/4154 Test  #563: GeometryPresentation.PointCloudAndProceduralShapesUseTheSameProjection ..........................................   Passed    0.00 sec
          Start  564: GeometryPresentation.LegacyShapeSpellingsRemainReadCompatible
 557/4154 Test  #564: GeometryPresentation.LegacyShapeSpellingsRemainReadCompatible ...................................................   Passed    0.00 sec
          Start  565: PointCloudGeometryExtraction.CloudUploadsOnceAndBindsInstanceGeometry
 558/4154 Test  #565: PointCloudGeometryExtraction.CloudUploadsOnceAndBindsInstanceGeometry ...........................................   Passed    0.06 sec
          Start  566: PointCloudGeometryExtraction.PopulateFromCloudResolvesPointCloudDomainAndUploads
 559/4154 Test  #566: PointCloudGeometryExtraction.PopulateFromCloudResolvesPointCloudDomainAndUploads ................................   Passed    0.06 sec
          Start  567: PointCloudGeometryExtraction.RepeatedExtractionReusesPointCloudHandleWithoutReupload
 560/4154 Test  #567: PointCloudGeometryExtraction.RepeatedExtractionReusesPointCloudHandleWithoutReupload ............................   Passed    0.06 sec
          Start  568: PointCloudGeometryExtraction.PropertyRevisionUpdatesResidentPositionsWithoutDirtyTag
 561/4154 Test  #568: PointCloudGeometryExtraction.PropertyRevisionUpdatesResidentPositionsWithoutDirtyTag ............................   Passed    0.05 sec
          Start  569: PointCloudGeometryExtraction.TwoCloudEntitiesAllocateIndependentUploads
 562/4154 Test  #569: PointCloudGeometryExtraction.TwoCloudEntitiesAllocateIndependentUploads .........................................   Passed    0.06 sec
          Start  570: PointCloudGeometryExtraction.EntityDestructionRetiresPointCloudGeometryAfterDeferredWindow
 563/4154 Test  #570: PointCloudGeometryExtraction.EntityDestructionRetiresPointCloudGeometryAfterDeferredWindow ......................   Passed    0.06 sec
          Start  571: PointCloudGeometryExtraction.CacheDestructionToleratesPendingDeferredRetireState
 564/4154 Test  #571: PointCloudGeometryExtraction.CacheDestructionToleratesPendingDeferredRetireState ................................   Passed    0.06 sec
          Start  572: PointCloudGeometryExtraction.ShutdownReleasesPendingPointCloudResidency
 565/4154 Test  #572: PointCloudGeometryExtraction.ShutdownReleasesPendingPointCloudResidency .........................................   Passed    0.06 sec
          Start  573: PointCloudGeometryExtraction.ProceduralRefPreemptsPointCloudPathOnSameEntity
 566/4154 Test  #573: PointCloudGeometryExtraction.ProceduralRefPreemptsPointCloudPathOnSameEntity ....................................   Passed    0.06 sec
          Start  574: PointCloudGeometryExtraction.MissingPositionsIncrementsMissingPositionsCounter
 567/4154 Test  #574: PointCloudGeometryExtraction.MissingPositionsIncrementsMissingPositionsCounter ..................................   Passed    0.06 sec
          Start  575: PointCloudGeometryExtraction.NonFinitePositionIncrementsInvalidPointsCounter
 568/4154 Test  #575: PointCloudGeometryExtraction.NonFinitePositionIncrementsInvalidPointsCounter ....................................   Passed    0.05 sec
          Start  576: PointCloudGeometryExtraction.PerPointSizeSourceFailsClosedAsFailedPack
 569/4154 Test  #576: PointCloudGeometryExtraction.PerPointSizeSourceFailsClosedAsFailedPack ..........................................   Passed    0.06 sec
          Start  577: PointCloudGeometryExtraction.AddingProceduralRefAfterUploadReleasesPointCloudResidency
 570/4154 Test  #577: PointCloudGeometryExtraction.AddingProceduralRefAfterUploadReleasesPointCloudResidency ..........................   Passed    0.06 sec
          Start  578: PointCloudGeometryExtraction.LosingPointHintReleasesPointCloudResidency
 571/4154 Test  #578: PointCloudGeometryExtraction.LosingPointHintReleasesPointCloudResidency .........................................   Passed    0.06 sec
          Start  579: PointCloudGeometryExtraction.UnsupportedSurfaceAndEdgeHintsFailClosed
 572/4154 Test  #579: PointCloudGeometryExtraction.UnsupportedSurfaceAndEdgeHintsFailClosed ...........................................   Passed    0.06 sec
          Start  580: PointCloudGeometryExtraction.UnsupportedSurfaceAndEdgeHintsReleasePriorResidency
 573/4154 Test  #580: PointCloudGeometryExtraction.UnsupportedSurfaceAndEdgeHintsReleasePriorResidency ................................   Passed    0.05 sec
          Start  581: PointCloudGeometryExtraction.VertexCountChangeFallsBackToFullUpload
 574/4154 Test  #581: PointCloudGeometryExtraction.VertexCountChangeFallsBackToFullUpload .............................................   Passed    0.06 sec
          Start  582: PointCloudGeometryExtraction.ReuploadFailureReleasesStaleResidencyAndPreservesDirtyTag
 575/4154 Test  #582: PointCloudGeometryExtraction.ReuploadFailureReleasesStaleResidencyAndPreservesDirtyTag ..........................   Passed    0.06 sec
          Start  583: PointCloudGeometryExtraction.SwitchingToUnsupportedSizeSourceReleasesResidency
 576/4154 Test  #583: PointCloudGeometryExtraction.SwitchingToUnsupportedSizeSourceReleasesResidency ..................................   Passed    0.06 sec
          Start  584: ParameterizationOperations.StableTokensAndAllImplementedStrategiesWriteFiniteUvs
 577/4154 Test  #584: ParameterizationOperations.StableTokensAndAllImplementedStrategiesWriteFiniteUvs ................................   Passed    0.01 sec
          Start  585: ParameterizationOperations.UndoRedoRestoresAbsentUvProperty
 578/4154 Test  #585: ParameterizationOperations.UndoRedoRestoresAbsentUvProperty .....................................................   Passed    0.01 sec
          Start  586: ParameterizationOperations.UndoRedoRestoresPresentUvValues
 579/4154 Test  #586: ParameterizationOperations.UndoRedoRestoresPresentUvValues ......................................................   Passed    0.00 sec
          Start  587: ParameterizationOperations.HistoryRejectsInterveningGeometryState
 580/4154 Test  #587: ParameterizationOperations.HistoryRejectsInterveningGeometryState ...............................................   Passed    0.00 sec
          Start  588: ParameterizationOperations.HistoryDoesNotRetainSessionOwnedModelCache
 581/4154 Test  #588: ParameterizationOperations.HistoryDoesNotRetainSessionOwnedModelCache ...........................................   Passed    0.01 sec
          Start  589: ParameterizationOperations.DeletedVertexTombstonePreservesStorageUvs
 582/4154 Test  #589: ParameterizationOperations.DeletedVertexTombstonePreservesStorageUvs ............................................   Passed    0.00 sec
          Start  590: ParameterizationOperations.ConfiguredPathReadsActiveEngineConfig
 583/4154 Test  #590: ParameterizationOperations.ConfiguredPathReadsActiveEngineConfig ................................................   Passed    0.00 sec
          Start  591: ParameterizationOperations.EditorConfigHelperUsesValidatedHotApplyLane
 584/4154 Test  #591: ParameterizationOperations.EditorConfigHelperUsesValidatedHotApplyLane ..........................................   Passed    0.04 sec
          Start  592: ParameterizationOperations.ConfigSourcesProduceIdenticalStateAndUvs
 585/4154 Test  #592: ParameterizationOperations.ConfigSourcesProduceIdenticalStateAndUvs .............................................   Passed    0.10 sec
          Start  593: ParameterizationOperations.IdenticalInputAndConfigAreDeterministic
 586/4154 Test  #593: ParameterizationOperations.IdenticalInputAndConfigAreDeterministic ..............................................   Passed    0.01 sec
          Start  594: ParameterizationOperations.SectionValidationKeepsNestedReferenceFallbackAtomic
 587/4154 Test  #594: ParameterizationOperations.SectionValidationKeepsNestedReferenceFallbackAtomic ..................................   Passed    0.00 sec
          Start  595: ParameterizationOperations.InvalidEnumsAndNarrowingFailClosed
 588/4154 Test  #595: ParameterizationOperations.InvalidEnumsAndNarrowingFailClosed ...................................................   Passed    0.00 sec
          Start  596: ParameterizationOperations.InvalidConfigEditDoesNotSerializeFallbackToken
 589/4154 Test  #596: ParameterizationOperations.InvalidConfigEditDoesNotSerializeFallbackToken .......................................   Passed    0.00 sec
          Start  597: ParameterizationOperations.WrongTypedUvAndNonTriangleFacesFailClosed
 590/4154 Test  #597: ParameterizationOperations.WrongTypedUvAndNonTriangleFacesFailClosed ............................................   Passed    0.00 sec
          Start  598: ParameterizationOperations.SolverRejectionCarriesStructuredTopologyCause
 591/4154 Test  #598: ParameterizationOperations.SolverRejectionCarriesStructuredTopologyCause ........................................   Passed    0.00 sec
          Start  599: ParameterizationOperations.ViewModelDoesNotMirrorTheLastResultMessage
 592/4154 Test  #599: ParameterizationOperations.ViewModelDoesNotMirrorTheLastResultMessage ...........................................   Passed    0.00 sec
          Start  600: ParameterizationOperations.ViewModelIsPointerFreeAndCarriesAggregateDiagnostics
 593/4154 Test  #600: ParameterizationOperations.ViewModelIsPointerFreeAndCarriesAggregateDiagnostics .................................   Passed    0.01 sec
          Start  601: ParameterizationOperations.ViewModelFansFaceDiagnosticsIntoRenderedTriangles
 594/4154 Test  #601: ParameterizationOperations.ViewModelFansFaceDiagnosticsIntoRenderedTriangles ....................................   Passed    0.00 sec
          Start  602: ParameterizationOperations.FaceDiagnosticsRequireTheExactGeometryAndUvFingerprint
 595/4154 Test  #602: ParameterizationOperations.FaceDiagnosticsRequireTheExactGeometryAndUvFingerprint ...............................   Passed    0.01 sec
          Start  603: ParameterizationOperations.DeletedFaceTombstoneKeepsDiagnosticsAlignedWithSourceFaceStorage
 596/4154 Test  #603: ParameterizationOperations.DeletedFaceTombstoneKeepsDiagnosticsAlignedWithSourceFaceStorage .....................   Passed    0.00 sec
          Start  604: ParameterizationOperations.CpuViewDisablesGpuWorkAndReportsBackgroundFallback
 597/4154 Test  #604: ParameterizationOperations.CpuViewDisablesGpuWorkAndReportsBackgroundFallback ...................................   Passed    0.00 sec
          Start  605: ParameterizationOperations.GpuViewWithoutCommandSurfaceReportsCpuFallback
 598/4154 Test  #605: ParameterizationOperations.GpuViewWithoutCommandSurfaceReportsCpuFallback .......................................   Passed    0.00 sec
          Start  606: ParameterizationOperations.GpuViewRequestTokenIsStableAndSemantic
 599/4154 Test  #606: ParameterizationOperations.GpuViewRequestTokenIsStableAndSemantic ...............................................   Passed    0.00 sec
          Start  607: PrimitiveSelectionRefinement.MeshFaceHintAnchorsFaceWithNearestVertexAndEdge
 600/4154 Test  #607: PrimitiveSelectionRefinement.MeshFaceHintAnchorsFaceWithNearestVertexAndEdge ....................................   Passed    0.00 sec
          Start  608: PrimitiveSelectionRefinement.MeshFaceHintWithoutAnchorReportsCentroidOnly
 601/4154 Test  #608: PrimitiveSelectionRefinement.MeshFaceHintWithoutAnchorReportsCentroidOnly .......................................   Passed    0.00 sec
          Start  609: PrimitiveSelectionRefinement.MeshEdgeHintReturnsEdgeAndNearestEndpoint
 602/4154 Test  #609: PrimitiveSelectionRefinement.MeshEdgeHintReturnsEdgeAndNearestEndpoint ..........................................   Passed    0.00 sec
          Start  610: PrimitiveSelectionRefinement.MeshPointHintResolvesVertex
 603/4154 Test  #610: PrimitiveSelectionRefinement.MeshPointHintResolvesVertex ........................................................   Passed    0.00 sec
          Start  611: PrimitiveSelectionRefinement.MeshEntityHintSelectsWholeEntity
 604/4154 Test  #611: PrimitiveSelectionRefinement.MeshEntityHintSelectsWholeEntity ...................................................   Passed    0.00 sec
          Start  612: PrimitiveSelectionRefinement.TransformAppliesToWorldHit
 605/4154 Test  #612: PrimitiveSelectionRefinement.TransformAppliesToWorldHit .........................................................   Passed    0.00 sec
          Start  613: PrimitiveSelectionRefinement.MeshFaceIndexOutOfRangeFailsClosed
 606/4154 Test  #613: PrimitiveSelectionRefinement.MeshFaceIndexOutOfRangeFailsClosed .................................................   Passed    0.00 sec
          Start  614: PrimitiveSelectionRefinement.MeshMissingPositionsFailsClosed
 607/4154 Test  #614: PrimitiveSelectionRefinement.MeshMissingPositionsFailsClosed ....................................................   Passed    0.00 sec
          Start  615: PrimitiveSelectionRefinement.MeshFaceHintMapsTrianglePayloadToFaceRow
 608/4154 Test  #615: PrimitiveSelectionRefinement.MeshFaceHintMapsTrianglePayloadToFaceRow ...........................................   Passed    0.00 sec
          Start  616: PrimitiveSelectionRefinement.SurfaceTriangleFaceMapMatchesCanonicalTopology
 609/4154 Test  #616: PrimitiveSelectionRefinement.SurfaceTriangleFaceMapMatchesCanonicalTopology .....................................   Passed    0.00 sec
          Start  617: PrimitiveSelectionRefinement.GraphEdgeHintReturnsEdgeAndNearestEndpoint
 610/4154 Test  #617: PrimitiveSelectionRefinement.GraphEdgeHintReturnsEdgeAndNearestEndpoint .........................................   Passed    0.00 sec
          Start  618: PrimitiveSelectionRefinement.GraphPointHintReturnsNode
 611/4154 Test  #618: PrimitiveSelectionRefinement.GraphPointHintReturnsNode ..........................................................   Passed    0.00 sec
          Start  619: PrimitiveSelectionRefinement.GraphFaceHintIsUnsupported
 612/4154 Test  #619: PrimitiveSelectionRefinement.GraphFaceHintIsUnsupported .........................................................   Passed    0.00 sec
          Start  620: PrimitiveSelectionRefinement.PointCloudPointHintReturnsPoint
 613/4154 Test  #620: PrimitiveSelectionRefinement.PointCloudPointHintReturnsPoint ....................................................   Passed    0.00 sec
          Start  621: PrimitiveSelectionRefinement.PointCloudPointIndexOutOfRangeFailsClosed
 614/4154 Test  #621: PrimitiveSelectionRefinement.PointCloudPointIndexOutOfRangeFailsClosed ..........................................   Passed    0.00 sec
          Start  622: PrimitiveSelectionRefinement.PointCloudEdgeHintIsUnsupported
 615/4154 Test  #622: PrimitiveSelectionRefinement.PointCloudEdgeHintIsUnsupported ....................................................   Passed    0.00 sec
          Start  623: PrimitiveSelectionRefinement.PointCloudMissingHintRayFallbackResolvesNearestPoint
 616/4154 Test  #623: PrimitiveSelectionRefinement.PointCloudMissingHintRayFallbackResolvesNearestPoint ...............................   Passed    0.00 sec
          Start  624: PrimitiveSelectionRefinement.RayFallbackOutsideRadiusMissesClosed
 617/4154 Test  #624: PrimitiveSelectionRefinement.RayFallbackOutsideRadiusMissesClosed ...............................................   Passed    0.00 sec
          Start  625: PrimitiveSelectionRefinement.MissingHintWithoutRayIsUnsupported
 618/4154 Test  #625: PrimitiveSelectionRefinement.MissingHintWithoutRayIsUnsupported .................................................   Passed    0.00 sec
          Start  626: PrimitiveSelectionRefinement.DegenerateRayFallbackMissesClosed
 619/4154 Test  #626: PrimitiveSelectionRefinement.DegenerateRayFallbackMissesClosed ..................................................   Passed    0.00 sec
          Start  627: PrimitiveSelectionRefinement.RayFallbackReportsTransformedWorldHit
 620/4154 Test  #627: PrimitiveSelectionRefinement.RayFallbackReportsTransformedWorldHit ..............................................   Passed    0.00 sec
          Start  628: PrimitiveSelectionRefinement.MeshMissingHintRayFallbackResolvesNearestVertex
 621/4154 Test  #628: PrimitiveSelectionRefinement.MeshMissingHintRayFallbackResolvesNearestVertex ....................................   Passed    0.00 sec
          Start  629: PrimitiveSelectionRefinement.GraphMissingHintRayFallbackResolvesNearestNode
 622/4154 Test  #629: PrimitiveSelectionRefinement.GraphMissingHintRayFallbackResolvesNearestNode .....................................   Passed    0.00 sec
          Start  630: PrimitiveSelectionRefinement.StaleEntityIsRejectedBeforeGeometry
 623/4154 Test  #630: PrimitiveSelectionRefinement.StaleEntityIsRejectedBeforeGeometry ................................................   Passed    0.00 sec
          Start  631: PrimitiveSelectionRefinement.NoneDomainIsUnsupported
 624/4154 Test  #631: PrimitiveSelectionRefinement.NoneDomainIsUnsupported ............................................................   Passed    0.00 sec
          Start  632: MeshSurfaceTopology.CorruptRingVariantsFailClosedAndClearOutputs
 625/4154 Test  #632: MeshSurfaceTopology.CorruptRingVariantsFailClosedAndClearOutputs ................................................   Passed    0.00 sec
          Start  633: MeshSurfaceTopology.MissingOwnershipPropertyFailsClosed
 626/4154 Test  #633: MeshSurfaceTopology.MissingOwnershipPropertyFailsClosed .........................................................   Passed    0.00 sec
          Start  634: MeshSurfaceTopology.DeletedFaceSlotsAreSkipped
 627/4154 Test  #634: MeshSurfaceTopology.DeletedFaceSlotsAreSkipped ..................................................................   Passed    0.00 sec
          Start  635: MeshSurfaceTopology.AllDeletedFacesAreDegenerate
 628/4154 Test  #635: MeshSurfaceTopology.AllDeletedFacesAreDegenerate ................................................................   Passed    0.00 sec
          Start  636: PrimitiveSelectionRefinementWiring.FaceHitResolvesToFaceRowAndWorldHit
 629/4154 Test  #636: PrimitiveSelectionRefinementWiring.FaceHitResolvesToFaceRowAndWorldHit ..........................................   Passed    0.00 sec
          Start  637: PrimitiveSelectionRefinementWiring.PointHitResolvesToMeshVertex
 630/4154 Test  #637: PrimitiveSelectionRefinementWiring.PointHitResolvesToMeshVertex .................................................   Passed    0.00 sec
          Start  638: PrimitiveSelectionRefinementWiring.PointHitResolvesToCloudPoint
 631/4154 Test  #638: PrimitiveSelectionRefinementWiring.PointHitResolvesToCloudPoint .................................................   Passed    0.00 sec
          Start  639: PrimitiveSelectionRefinementWiring.EntityHintResolvesToWholeEntity
 632/4154 Test  #639: PrimitiveSelectionRefinementWiring.EntityHintResolvesToWholeEntity ..............................................   Passed    0.00 sec
          Start  640: PrimitiveSelectionRefinementWiring.BackgroundReadbackResolvesToNoPrimitive
 633/4154 Test  #640: PrimitiveSelectionRefinementWiring.BackgroundReadbackResolvesToNoPrimitive ......................................   Passed    0.00 sec
          Start  641: PrimitiveSelectionRefinementWiring.StaleRenderIdReportsStaleEntity
 634/4154 Test  #641: PrimitiveSelectionRefinementWiring.StaleRenderIdReportsStaleEntity ..............................................   Passed    0.00 sec
          Start  642: PrimitiveSelectionRefinementWiring.LiveEntityWithoutGeometryIsUnsupportedDomain
 635/4154 Test  #642: PrimitiveSelectionRefinementWiring.LiveEntityWithoutGeometryIsUnsupportedDomain .................................   Passed    0.00 sec
          Start  643: PrimitiveSelectionRefinementWiring.NewestReadbackWinsAndBackgroundClears
 636/4154 Test  #643: PrimitiveSelectionRefinementWiring.NewestReadbackWinsAndBackgroundClears ........................................   Passed    0.00 sec
          Start  644: PrimitiveSelectionRefinementWiring.EmptyDrainRetainsPriorCache
 637/4154 Test  #644: PrimitiveSelectionRefinementWiring.EmptyDrainRetainsPriorCache ..................................................   Passed    0.00 sec
          Start  645: PrimitiveSelectionRefinementWiring.UnprojectPickDepthLandsOnCameraPickRay
 638/4154 Test  #645: PrimitiveSelectionRefinementWiring.UnprojectPickDepthLandsOnCameraPickRay .......................................   Passed    0.00 sec
          Start  646: PrimitiveSelectionRefinementWiring.FaceHitWithDepthContextAnchorsClosestVertexAndEdge
 639/4154 Test  #646: PrimitiveSelectionRefinementWiring.FaceHitWithDepthContextAnchorsClosestVertexAndEdge ...........................   Passed    0.00 sec
          Start  647: PrimitiveSelectionRefinementWiring.DepthCursorIsTransformedIntoEntityLocalSpace
 640/4154 Test  #647: PrimitiveSelectionRefinementWiring.DepthCursorIsTransformedIntoEntityLocalSpace .................................   Passed    0.00 sec
          Start  648: PrimitiveSelectionRefinementWiring.DepthClearValueSkipsCursorAnchor
 641/4154 Test  #648: PrimitiveSelectionRefinementWiring.DepthClearValueSkipsCursorAnchor .............................................   Passed    0.00 sec
          Start  649: PrimitiveSelectionRefinementWiring.MissingHintResolvesThroughContextRayFallback
 642/4154 Test  #649: PrimitiveSelectionRefinementWiring.MissingHintResolvesThroughContextRayFallback .................................   Passed    0.00 sec
          Start  650: PrimitiveSelectionRefinementWiring.IsOrthographicProjectionDistinguishesProjectionKinds
 643/4154 Test  #650: PrimitiveSelectionRefinementWiring.IsOrthographicProjectionDistinguishesProjectionKinds .........................   Passed    0.00 sec
          Start  651: PrimitiveSelectionRefinementWiring.OrthographicFallbackRadiusDoesNotScaleWithHitDistance
 644/4154 Test  #651: PrimitiveSelectionRefinementWiring.OrthographicFallbackRadiusDoesNotScaleWithHitDistance ........................   Passed    0.00 sec
          Start  652: PrimitiveSelectionRefinementWiring.OrthographicFallbackStillResolvesWithinPixelFootprint
 645/4154 Test  #652: PrimitiveSelectionRefinementWiring.OrthographicFallbackStillResolvesWithinPixelFootprint ........................   Passed    0.00 sec
          Start  653: ProceduralGeometryExtraction.SingleRenderableProducesOneInstanceAndOneGeometry
 646/4154 Test  #653: ProceduralGeometryExtraction.SingleRenderableProducesOneInstanceAndOneGeometry ..................................   Passed    0.06 sec
          Start  654: ProceduralGeometryExtraction.TwoRenderablesSharingKeyShareGeometryAndDedup
 647/4154 Test  #654: ProceduralGeometryExtraction.TwoRenderablesSharingKeyShareGeometryAndDedup ......................................   Passed    0.06 sec
          Start  655: ProceduralGeometryExtraction.GpuWorldReportsBoundGeometryForProceduralInstance
 648/4154 Test  #655: ProceduralGeometryExtraction.GpuWorldReportsBoundGeometryForProceduralInstance ..................................   Passed    0.06 sec
          Start  656: ProceduralGeometryExtraction.AssetAndProceduralSourcesOnSameEntityIncrementConflict
 649/4154 Test  #656: ProceduralGeometryExtraction.AssetAndProceduralSourcesOnSameEntityIncrementConflict .............................   Passed    0.05 sec
          Start  657: ProceduralGeometryExtraction.ProceduralSourceClearsSlotSourceAssetSentinel
 650/4154 Test  #657: ProceduralGeometryExtraction.ProceduralSourceClearsSlotSourceAssetSentinel ......................................   Passed    0.06 sec
          Start  658: ProceduralGeometryExtraction.EntityDestructionRetiresGeometryAfterDeferredWindow
 651/4154 Test  #658: ProceduralGeometryExtraction.EntityDestructionRetiresGeometryAfterDeferredWindow ................................   Passed    0.06 sec
          Start  659: ProceduralGeometryExtraction.RecreateProceduralEntityCancelsRetireAndKeepsHandle
 652/4154 Test  #659: ProceduralGeometryExtraction.RecreateProceduralEntityCancelsRetireAndKeepsHandle ................................   Passed    0.06 sec
          Start  660: CameraControllerRegistryWorldBinding.SetWorldSeedRejectsInvalidUnboundAndWrongWorldWithoutMutation
 653/4154 Test  #660: CameraControllerRegistryWorldBinding.SetWorldSeedRejectsInvalidUnboundAndWrongWorldWithoutMutation ..............   Passed    0.00 sec
          Start  661: CameraControllerRegistryWorldBinding.EqualHandleResetClearsSlotsTransitionAndSeed
 654/4154 Test  #661: CameraControllerRegistryWorldBinding.EqualHandleResetClearsSlotsTransitionAndSeed ...............................   Passed    0.00 sec
          Start  662: CameraControllerRegistryWorldBinding.AwayAndBackNeverResurrectsControllerOrSeed
 655/4154 Test  #662: CameraControllerRegistryWorldBinding.AwayAndBackNeverResurrectsControllerOrSeed .................................   Passed    0.00 sec
          Start  663: CameraModuleLifecycle.PublishesExactRegistryResolvesAndWithdrawsOnShutdown
 656/4154 Test  #663: CameraModuleLifecycle.PublishesExactRegistryResolvesAndWithdrawsOnShutdown ......................................   Passed    0.00 sec
          Start  664: CameraModuleLifecycle.DuplicateForeignPublicationFailsWithoutMutatingForeignService
 657/4154 Test  #664: CameraModuleLifecycle.DuplicateForeignPublicationFailsWithoutMutatingForeignService .............................   Passed    0.00 sec
          Start  665: CameraModuleLifecycle.MissingViewportRegistrarRollsBackPublicationAndSubscriptions
 658/4154 Test  #665: CameraModuleLifecycle.MissingViewportRegistrarRollsBackPublicationAndSubscriptions ..............................   Passed    0.00 sec
          Start  666: CameraModuleLifecycle.ShutdownWithdrawsOnlyOwnedInstance
 659/4154 Test  #666: CameraModuleLifecycle.ShutdownWithdrawsOnlyOwnedInstance ........................................................   Passed    0.00 sec
          Start  667: CameraModuleLifecycle.ShutdownReinitializeWithRecycledBitsStartsEmpty
 660/4154 Test  #667: CameraModuleLifecycle.ShutdownReinitializeWithRecycledBitsStartsEmpty ...........................................   Passed    0.00 sec
          Start  668: CameraModuleWorldLifecycle.ActiveWorldChangeAndRetirementClearBoundState
 661/4154 Test  #668: CameraModuleWorldLifecycle.ActiveWorldChangeAndRetirementClearBoundState ........................................   Passed    0.00 sec
          Start  669: CameraModuleViewportHook.HandleMismatchResetsBeforeDisabledConfigReturns
 662/4154 Test  #669: CameraModuleViewportHook.HandleMismatchResetsBeforeDisabledConfigReturns ........................................   Passed    0.00 sec
          Start  670: CameraModuleViewportHook.DisabledThenHotEnabledUsesWorldSeedAndConsumesTransitionOnce
 663/4154 Test  #670: CameraModuleViewportHook.DisabledThenHotEnabledUsesWorldSeedAndConsumesTransitionOnce ...........................   Passed    0.00 sec
          Start  671: CameraModuleViewportHook.EditorCaptureSuppressesUpdateButStillPublishesView
 664/4154 Test  #671: CameraModuleViewportHook.EditorCaptureSuppressesUpdateButStillPublishesView .....................................   Passed    0.00 sec
          Start  672: CameraModuleComposition.OptionalOmissionPublishesNoService
 665/4154 Test  #672: CameraModuleComposition.OptionalOmissionPublishesNoService ......................................................   Passed    0.04 sec
          Start  673: CameraModuleComposition.ComposedNullWindowFirstFrameBuildsFiniteCamera
 666/4154 Test  #673: CameraModuleComposition.ComposedNullWindowFirstFrameBuildsFiniteCamera ..........................................   Passed    0.04 sec
          Start  674: RuntimeCameraControllers.OrbitProducesValidFiniteViewAndClampsRadius
 667/4154 Test  #674: RuntimeCameraControllers.OrbitProducesValidFiniteViewAndClampsRadius ............................................   Passed    0.00 sec
          Start  675: RuntimeCameraControllers.OrbitYawWrapsDuringMouseDrag
 668/4154 Test  #675: RuntimeCameraControllers.OrbitYawWrapsDuringMouseDrag ...........................................................   Passed    0.00 sec
          Start  676: RuntimeCameraControllers.OrbitAlsoRotatesWithMiddleMouseDrag
 669/4154 Test  #676: RuntimeCameraControllers.OrbitAlsoRotatesWithMiddleMouseDrag ....................................................   Passed    0.00 sec
          Start  677: RuntimeCameraControllers.OrbitMouseUpDragMovesCameraAboveTarget
 670/4154 Test  #677: RuntimeCameraControllers.OrbitMouseUpDragMovesCameraAboveTarget .................................................   Passed    0.00 sec
          Start  678: RuntimeCameraControllers.OrbitDragCanCrossPitchPoleAndInvertUpVector
 671/4154 Test  #678: RuntimeCameraControllers.OrbitDragCanCrossPitchPoleAndInvertUpVector ............................................   Passed    0.00 sec
          Start  679: RuntimeCameraControllers.FlyMovementScalesWithDeltaTime
 672/4154 Test  #679: RuntimeCameraControllers.FlyMovementScalesWithDeltaTime .........................................................   Passed    0.00 sec
          Start  680: RuntimeCameraControllers.FlyMouseLookUsesLegacyRightButtonYawPitchSign
 673/4154 Test  #680: RuntimeCameraControllers.FlyMouseLookUsesLegacyRightButtonYawPitchSign ..........................................   Passed    0.00 sec
          Start  681: RuntimeCameraControllers.FlyKeyboardMappingUsesLegacyAxesAndShiftScalar
 674/4154 Test  #681: RuntimeCameraControllers.FlyKeyboardMappingUsesLegacyAxesAndShiftScalar .........................................   Passed    0.00 sec
          Start  682: RuntimeCameraControllers.RegistryReplacementCanSeedNextControllerFromTerminalView
 675/4154 Test  #682: RuntimeCameraControllers.RegistryReplacementCanSeedNextControllerFromTerminalView ...............................   Passed    0.00 sec
          Start  683: RuntimeCameraControllers.RegistryCameraTransitionFlagIsOneShotPerSlot
 676/4154 Test  #683: RuntimeCameraControllers.RegistryCameraTransitionFlagIsOneShotPerSlot ...........................................   Passed    0.00 sec
          Start  684: RuntimeCameraControllers.FactoryCreatesEveryControllerKindWithValidView
 677/4154 Test  #684: RuntimeCameraControllers.FactoryCreatesEveryControllerKindWithValidView .........................................   Passed    0.00 sec
          Start  685: RuntimeCameraControllers.FactorySeedsEveryControllerKindOnReferenceTriangleFocus
 678/4154 Test  #685: RuntimeCameraControllers.FactorySeedsEveryControllerKindOnReferenceTriangleFocus ................................   Passed    0.00 sec
          Start  686: RuntimeCameraControllers.FocusCentersOffOriginTargetForEveryControllerKind
 679/4154 Test  #686: RuntimeCameraControllers.FocusCentersOffOriginTargetForEveryControllerKind ......................................   Passed    0.00 sec
          Start  687: RuntimeCameraControllers.TopDownUsesOrthographicProjectionAndClampsZoom
 680/4154 Test  #687: RuntimeCameraControllers.TopDownUsesOrthographicProjectionAndClampsZoom .........................................   Passed    0.00 sec
          Start  688: RuntimeCameraControllers.RegistryCanSeedTopDownFromTerminalReferenceView
 681/4154 Test  #688: RuntimeCameraControllers.RegistryCanSeedTopDownFromTerminalReferenceView ........................................   Passed    0.00 sec
          Start  689: RuntimeCameraControllers.FreeLookRollChangesUpVectorAndStaysValid
 682/4154 Test  #689: RuntimeCameraControllers.FreeLookRollChangesUpVectorAndStaysValid ...............................................   Passed    0.00 sec
          Start  690: RuntimeCameraControllers.RegistrySupportsMultipleCameraSlots
 683/4154 Test  #690: RuntimeCameraControllers.RegistrySupportsMultipleCameraSlots ....................................................   Passed    0.00 sec
          Start  691: RuntimeConfigControl.AgentCliControlsRecipeAndEngineConfigWithoutUi
 684/4154 Test  #691: RuntimeConfigControl.AgentCliControlsRecipeAndEngineConfigWithoutUi .............................................   Passed    0.04 sec
          Start  692: RuntimeConfigControl.BootOnlyEngineConfigDifferencesAreRejected
 685/4154 Test  #692: RuntimeConfigControl.BootOnlyEngineConfigDifferencesAreRejected .................................................   Passed    0.04 sec
          Start  693: RuntimeConfigControl.GpuProfilingHotApplyIsSynchronousForEditorAndAgentCli
 686/4154 Test  #693: RuntimeConfigControl.GpuProfilingHotApplyIsSynchronousForEditorAndAgentCli ......................................   Passed    0.04 sec
          Start  694: RuntimeConfigControl.BootGpuProfilingConfigReachesRendererWithoutControlOrEditor
 687/4154 Test  #694: RuntimeConfigControl.BootGpuProfilingConfigReachesRendererWithoutControlOrEditor ................................   Passed    0.04 sec
          Start  695: RuntimeConfigControl.UiEndHotToggleControlsTheSameFramesImmutableRenderSnapshot
 688/4154 Test  #695: RuntimeConfigControl.UiEndHotToggleControlsTheSameFramesImmutableRenderSnapshot .................................   Passed    0.04 sec
          Start  696: RuntimeConfigControl.GenericSectionChangesAreLexicallyReportedAndCallbacksObserveCommit
 689/4154 Test  #696: RuntimeConfigControl.GenericSectionChangesAreLexicallyReportedAndCallbacksObserveCommit .........................   Passed    0.04 sec
          Start  697: RuntimeConfigControl.SectionCallbacksDoNotRunForPreviewNoChangeOrRejectedApply
 690/4154 Test  #697: RuntimeConfigControl.SectionCallbacksDoNotRunForPreviewNoChangeOrRejectedApply ..................................   Passed    0.04 sec
          Start  698: RuntimeConfigControl.InvalidHotRecipeConfigPreservesActiveOverride
 691/4154 Test  #698: RuntimeConfigControl.InvalidHotRecipeConfigPreservesActiveOverride ..............................................   Passed    0.04 sec
          Start  699: RuntimeConfigControl.ShutdownAndReinitializeWithdrawRebindAndResetExactControl
 692/4154 Test  #699: RuntimeConfigControl.ShutdownAndReinitializeWithdrawRebindAndResetExactControl ..................................   Passed    0.07 sec
          Start  700: RuntimeConfigControl.EditorAndAgentPreviewUseSameResult
 693/4154 Test  #700: RuntimeConfigControl.EditorAndAgentPreviewUseSameResult .........................................................   Passed    0.04 sec
          Start  701: RuntimeEngineConfigBoot.CommandLineConfigOverridesReferenceDefaults
 694/4154 Test  #701: RuntimeEngineConfigBoot.CommandLineConfigOverridesReferenceDefaults .............................................   Passed    0.00 sec
          Start  702: RuntimeEngineConfigBoot.MissingExplicitPathFallsBackToReferenceConfig
 695/4154 Test  #702: RuntimeEngineConfigBoot.MissingExplicitPathFallsBackToReferenceConfig ...........................................   Passed    0.00 sec
          Start  703: RuntimeEngineConfigBoot.RegistryDefaultsAndFileSectionsFlowThroughBoot
 696/4154 Test  #703: RuntimeEngineConfigBoot.RegistryDefaultsAndFileSectionsFlowThroughBoot ..........................................   Passed    0.00 sec
          Start  704: RuntimeEngineLayering.RunFrameDoesNotUseGpuResourceOrPassLevelDetails
 697/4154 Test  #704: RuntimeEngineLayering.RunFrameDoesNotUseGpuResourceOrPassLevelDetails ...........................................   Passed    0.00 sec
          Start  705: RuntimeEngineLayering.ProductionSourceHasNoApplicationCallbackLifecycle
 698/4154 Test  #705: RuntimeEngineLayering.ProductionSourceHasNoApplicationCallbackLifecycle .........................................   Passed    0.01 sec
          Start  706: RuntimeEngineLayering.RunFrameOwnsDocumentedBroadPhaseOrder
 699/4154 Test  #706: RuntimeEngineLayering.RunFrameOwnsDocumentedBroadPhaseOrder .....................................................   Passed    0.00 sec
          Start  707: RuntimeEngineLayering.PhysicsModuleIsAppComposedAndThePublicBridgeSurfaceIsRetired
 700/4154 Test  #707: RuntimeEngineLayering.PhysicsModuleIsAppComposedAndThePublicBridgeSurfaceIsRetired ..............................   Passed    0.02 sec
          Start  708: RuntimeEngineLayering.RunFrameAppliesJobCompletionsWithBoundedBudget
 701/4154 Test  #708: RuntimeEngineLayering.RunFrameAppliesJobCompletionsWithBoundedBudget ............................................   Passed    0.00 sec
          Start  709: RuntimeEngineLayering.RunFrameStopsAfterPlatformCloseBeforeRenderer
 702/4154 Test  #709: RuntimeEngineLayering.RunFrameStopsAfterPlatformCloseBeforeRenderer .............................................   Passed    0.00 sec
          Start  710: RuntimeEngineLayering.EnginePrivatelyOwnsGpuQueueHookLifecycle
 703/4154 Test  #710: RuntimeEngineLayering.EnginePrivatelyOwnsGpuQueueHookLifecycle ..................................................   Passed    0.00 sec
          Start  711: RuntimeEngineLayering.TextureBakeModuleOwnsSingleCanonicalGpuBakeComposition
 704/4154 Test  #711: RuntimeEngineLayering.TextureBakeModuleOwnsSingleCanonicalGpuBakeComposition ....................................   Passed    0.00 sec
          Start  712: RuntimeEngineLayering.SceneInteractionPrivatelyOwnsGizmoFrameState
 705/4154 Test  #712: RuntimeEngineLayering.SceneInteractionPrivatelyOwnsGizmoFrameState ..............................................   Passed    0.00 sec
          Start  713: RuntimeEngineLayering.UnifiedEditorMutationHistoryHasNoParallelProductionSurface
 706/4154 Test  #713: RuntimeEngineLayering.UnifiedEditorMutationHistoryHasNoParallelProductionSurface ................................   Passed    0.01 sec
          Start  714: RuntimeEngineLayering.RunFrameCarriesDataOnlyFrameContext
 707/4154 Test  #714: RuntimeEngineLayering.RunFrameCarriesDataOnlyFrameContext .......................................................   Passed    0.00 sec
          Start  715: RuntimeEngineLayering.GpuProfilingConfigIsSampledOnceAfterUiCaptureBeforeExtraction
 708/4154 Test  #715: RuntimeEngineLayering.GpuProfilingConfigIsSampledOnceAfterUiCaptureBeforeExtraction .............................   Passed    0.00 sec
          Start  716: RuntimeEngineLayering.RuntimeOwnedFrameLoopPreservesRendererAndMaintenanceOrder
 709/4154 Test  #716: RuntimeEngineLayering.RuntimeOwnedFrameLoopPreservesRendererAndMaintenanceOrder .................................   Passed    0.00 sec
          Start  717: RuntimeEngineLayering.RunFrameRegistersPromotedEcsSystemsBeforeCompile
 710/4154 Test  #717: RuntimeEngineLayering.RunFrameRegistersPromotedEcsSystemsBeforeCompile ..........................................   Passed    0.00 sec
          Start  718: RuntimeEngineLayering.SupersededWorkSurfacesAreRetiredFromBuild
 711/4154 Test  #718: RuntimeEngineLayering.SupersededWorkSurfacesAreRetiredFromBuild .................................................   Passed    0.00 sec
          Start  719: RuntimeEngineLayering.SupersededGpuResultReadbackSurfacesAreRetiredFromBuild
 712/4154 Test  #719: RuntimeEngineLayering.SupersededGpuResultReadbackSurfacesAreRetiredFromBuild ....................................   Passed    0.01 sec
          Start  720: RuntimeEngineLayering.AsyncWorkModulePublishesOnlyKernelJobService
 713/4154 Test  #720: RuntimeEngineLayering.AsyncWorkModulePublishesOnlyKernelJobService ..............................................   Passed    0.00 sec
          Start  721: RuntimeEngineLayering.EngineConfigControlIsAnAppComposedModuleOutsideEngine
 714/4154 Test  #721: RuntimeEngineLayering.EngineConfigControlIsAnAppComposedModuleOutsideEngine .....................................   Passed    0.00 sec
          Start  722: RuntimeEngineLayering.MaintenanceHasNoOptionalStreamingFacade
 715/4154 Test  #722: RuntimeEngineLayering.MaintenanceHasNoOptionalStreamingFacade ...................................................   Passed    0.00 sec
          Start  723: RuntimeEngineLayering.ProductionAsyncSubmissionsCarryOwningWorldScope
 716/4154 Test  #723: RuntimeEngineLayering.ProductionAsyncSubmissionsCarryOwningWorldScope ...........................................   Passed    0.01 sec
          Start  724: RuntimeEngineLayering.SandboxEditorJobsUseSingleJobServiceSurface
 717/4154 Test  #724: RuntimeEngineLayering.SandboxEditorJobsUseSingleJobServiceSurface ...............................................   Passed    0.00 sec
          Start  725: RuntimeEngineLayering.CoreFrameLoopModuleStaysRetiredAndRuntimeOwnsComposition
 718/4154 Test  #725: RuntimeEngineLayering.CoreFrameLoopModuleStaysRetiredAndRuntimeOwnsComposition ..................................   Passed    0.00 sec
          Start  726: RuntimeEngineLayering.DeviceBootstrapKeepsBackendAndFallbackPolicyOutOfEngine
 719/4154 Test  #726: RuntimeEngineLayering.DeviceBootstrapKeepsBackendAndFallbackPolicyOutOfEngine ...................................   Passed    0.00 sec
          Start  727: RuntimeEngineLayering.ObsoleteMeshPrimitiveViewControlsAreDeleted
 720/4154 Test  #727: RuntimeEngineLayering.ObsoleteMeshPrimitiveViewControlsAreDeleted ...............................................   Passed    0.00 sec
          Start  728: RuntimeEngineLayering.CameraModuleAndAppOwnedReferenceBootstrapStayOutOfEngine
 721/4154 Test  #728: RuntimeEngineLayering.CameraModuleAndAppOwnedReferenceBootstrapStayOutOfEngine ..................................   Passed    0.00 sec
          Start  729: RuntimeEngineLayering.InputActionsKeepRegistryAndDispatchOutOfEngine
 722/4154 Test  #729: RuntimeEngineLayering.InputActionsKeepRegistryAndDispatchOutOfEngine ............................................   Passed    0.00 sec
          Start  730: RuntimeEngineLayering.RetiredEngineCompositionHelperBmisAreAbsent
 723/4154 Test  #730: RuntimeEngineLayering.RetiredEngineCompositionHelperBmisAreAbsent ...............................................   Passed    0.00 sec
          Start  731: RuntimeEngineLayering.SceneInteractionPrivatelyOwnsPickCorrelationState
 724/4154 Test  #731: RuntimeEngineLayering.SceneInteractionPrivatelyOwnsPickCorrelationState .........................................   Passed    0.00 sec
          Start  732: RuntimeEngineLayering.EditorUiModulePrivatelyMirrorsImGuiFramePacingDiagnostics
 725/4154 Test  #732: RuntimeEngineLayering.EditorUiModulePrivatelyMirrorsImGuiFramePacingDiagnostics .................................   Passed    0.00 sec
          Start  733: RuntimeEngineLayering.AssetWorkflowShutdownDetachesBeforeGlobalGpuQuiescence
 726/4154 Test  #733: RuntimeEngineLayering.AssetWorkflowShutdownDetachesBeforeGlobalGpuQuiescence ....................................   Passed    0.00 sec
          Start  734: RuntimeEngineLayering.RenderGraphStaysOutOfECSAndCoreStaysOutOfGpuBarriers
 727/4154 Test  #734: RuntimeEngineLayering.RenderGraphStaysOutOfECSAndCoreStaysOutOfGpuBarriers ......................................   Passed    0.00 sec
          Start  735: RuntimeEngineLayering.RetiredSpatialDebugRegistryHasNoProductionSurface
 728/4154 Test  #735: RuntimeEngineLayering.RetiredSpatialDebugRegistryHasNoProductionSurface .........................................   Passed    0.00 sec
          Start  736: RuntimeEngineLayering.RetiredProgressivePresentationModulesAndSymbolsStayDeleted
 729/4154 Test  #736: RuntimeEngineLayering.RetiredProgressivePresentationModulesAndSymbolsStayDeleted ................................   Passed    0.01 sec
          Start  737: RuntimeEngineLayering.NoDuplicateGeometryPropertyVocabularyRemains
 730/4154 Test  #737: RuntimeEngineLayering.NoDuplicateGeometryPropertyVocabularyRemains ..............................................   Passed    0.01 sec
          Start  738: RuntimeEngineLayering.RetiredGeometryPackerAndLifecycleSurfacesStayDeleted
 731/4154 Test  #738: RuntimeEngineLayering.RetiredGeometryPackerAndLifecycleSurfacesStayDeleted ......................................   Passed    0.01 sec
          Start  739: RuntimeEnginePrivateGlue.FrameLoopHelpersArePrivateTextualGlue
 732/4154 Test  #739: RuntimeEnginePrivateGlue.FrameLoopHelpersArePrivateTextualGlue ..................................................   Passed    0.01 sec
          Start  740: RuntimeEnginePrivateGlue.TypedViewportInputDispatchKeepsCameraOutOfGenericFrameContext
 733/4154 Test  #740: RuntimeEnginePrivateGlue.TypedViewportInputDispatchKeepsCameraOutOfGenericFrameContext ..........................   Passed    0.00 sec
          Start  741: RuntimeEnginePrivateGlue.EditorUiModuleOwnsOptionalEditorUiComposition
 734/4154 Test  #741: RuntimeEnginePrivateGlue.EditorUiModuleOwnsOptionalEditorUiComposition ..........................................   Passed    0.00 sec
          Start  742: RuntimeEnginePrivateGlue.RenderExtractionStateLivesDirectlyInEngineImpl
 735/4154 Test  #742: RuntimeEnginePrivateGlue.RenderExtractionStateLivesDirectlyInEngineImpl .........................................   Passed    0.00 sec
          Start  743: RuntimeEnginePrivateGlue.EngineInterfaceCarriesOnlyOpaqueImplementationState
 736/4154 Test  #743: RuntimeEnginePrivateGlue.EngineInterfaceCarriesOnlyOpaqueImplementationState ....................................   Passed    0.00 sec
          Start  744: RuntimeEnginePrivateGlue.AssetWorkflowAndTextureBakeCompositionAreModuleOwned
 737/4154 Test  #744: RuntimeEnginePrivateGlue.AssetWorkflowAndTextureBakeCompositionAreModuleOwned ...................................   Passed    0.03 sec
          Start  745: RuntimeEnginePrivateGlue.AssetWorkflowImplementationModulesStayPrivateAndRetiredNamesStayDeleted
 738/4154 Test  #745: RuntimeEnginePrivateGlue.AssetWorkflowImplementationModulesStayPrivateAndRetiredNamesStayDeleted ................   Passed    0.00 sec
          Start  746: RuntimeEnginePrivateGlue.ClusteringServiceIsTheSoleKMeansRuntimeRoute
 739/4154 Test  #746: RuntimeEnginePrivateGlue.ClusteringServiceIsTheSoleKMeansRuntimeRoute ...........................................   Passed    0.00 sec
          Start  747: RuntimeInputActions.DefaultFocusKeyDispatchesRegisteredAction
 740/4154 Test  #747: RuntimeInputActions.DefaultFocusKeyDispatchesRegisteredAction ...................................................   Passed    0.04 sec
          Start  748: RuntimeInputActions.NoDefaultInputActionsLeaveFocusKeyNoOp
 741/4154 Test  #748: RuntimeInputActions.NoDefaultInputActionsLeaveFocusKeyNoOp ......................................................   Passed    0.04 sec
          Start  749: RuntimeInputActions.MissingCameraOmitsSandboxFocusActionButGenericActionsRun
 742/4154 Test  #749: RuntimeInputActions.MissingCameraOmitsSandboxFocusActionButGenericActionsRun ....................................   Passed    0.04 sec
          Start  750: RuntimeRenderRecipeActivation.StartupRecipeConfigDisablesPostprocessOnFirstFrame
 743/4154 Test  #750: RuntimeRenderRecipeActivation.StartupRecipeConfigDisablesPostprocessOnFirstFrame ................................   Passed    0.04 sec
          Start  751: RuntimeRenderRecipeActivation.MissingStartupRecipeConfigFallsBackToDefault
 744/4154 Test  #751: RuntimeRenderRecipeActivation.MissingStartupRecipeConfigFallsBackToDefault ......................................   Passed    0.04 sec
          Start  752: RuntimeRenderRecipeActivation.InvalidStartupRecipeConfigFallsBackToDefault
 745/4154 Test  #752: RuntimeRenderRecipeActivation.InvalidStartupRecipeConfigFallsBackToDefault ......................................   Passed    0.04 sec
          Start  753: RuntimeRenderRecipeActivation.EmptyStartupRecipePathWithComposedControlUsesDefault
 746/4154 Test  #753: RuntimeRenderRecipeActivation.EmptyStartupRecipePathWithComposedControlUsesDefault ..............................   Passed    0.04 sec
          Start  754: RuntimeRenderRecipeActivation.ValidStartupRecipeAppliesWhenControlModuleIsOmitted
 747/4154 Test  #754: RuntimeRenderRecipeActivation.ValidStartupRecipeAppliesWhenControlModuleIsOmitted ...............................   Passed    0.04 sec
          Start  755: RuntimeRenderRecipeActivation.MissingAndInvalidStartupRecipesUseDefaultWhenControlModuleIsOmitted
 748/4154 Test  #755: RuntimeRenderRecipeActivation.MissingAndInvalidStartupRecipesUseDefaultWhenControlModuleIsOmitted ...............   Passed    0.07 sec
          Start  756: RuntimeRenderRecipeActivation.EmptyStartupRecipePathUsesDefaultWhenControlModuleIsOmitted
 749/4154 Test  #756: RuntimeRenderRecipeActivation.EmptyStartupRecipePathUsesDefaultWhenControlModuleIsOmitted .......................   Passed    0.04 sec
          Start  757: RuntimeRenderRecipeActivation.ComposedControlCopiesAlreadyAppliedStartupStateWithoutReloading
 750/4154 Test  #757: RuntimeRenderRecipeActivation.ComposedControlCopiesAlreadyAppliedStartupStateWithoutReloading ...................   Passed    0.04 sec
          Start  758: RuntimeRenderRecipeActivation.ConfigControlServiceIsFullyUsableByEarlierResolveConsumer
 751/4154 Test  #758: RuntimeRenderRecipeActivation.ConfigControlServiceIsFullyUsableByEarlierResolveConsumer .........................   Passed    0.04 sec
          Start  759: RuntimeRenderRecipeActivation.EditorActivationCommandRoutesThroughRuntimeApplyPath
 752/4154 Test  #759: RuntimeRenderRecipeActivation.EditorActivationCommandRoutesThroughRuntimeApplyPath ..............................   Passed    0.04 sec
          Start  760: RuntimeCameraFocusCommand.EmptyInputYieldsNoTarget
 753/4154 Test  #760: RuntimeCameraFocusCommand.EmptyInputYieldsNoTarget ..............................................................   Passed    0.00 sec
          Start  761: RuntimeCameraFocusCommand.SingleSphereFocusesItsCenterAndRadius
 754/4154 Test  #761: RuntimeCameraFocusCommand.SingleSphereFocusesItsCenterAndRadius .................................................   Passed    0.00 sec
          Start  762: RuntimeCameraFocusCommand.TwoSeparatedSpheresUseCenterOfMassAndEnclosingExtent
 755/4154 Test  #762: RuntimeCameraFocusCommand.TwoSeparatedSpheresUseCenterOfMassAndEnclosingExtent ..................................   Passed    0.00 sec
          Start  763: RuntimeCameraFocusCommand.AsymmetricSpheresStayEnclosed
 756/4154 Test  #763: RuntimeCameraFocusCommand.AsymmetricSpheresStayEnclosed .........................................................   Passed    0.00 sec
          Start  764: RuntimeCameraFocusCommand.DegenerateZeroRadiusIsFlooredToMinimum
 757/4154 Test  #764: RuntimeCameraFocusCommand.DegenerateZeroRadiusIsFlooredToMinimum ................................................   Passed    0.00 sec
          Start  765: RuntimeCameraFocusCommand.NonFiniteSpheresAreSkipped
 758/4154 Test  #765: RuntimeCameraFocusCommand.NonFiniteSpheresAreSkipped ............................................................   Passed    0.00 sec
          Start  766: RuntimeCameraFocusCommand.GathersWorldBoundsFromEntities
 759/4154 Test  #766: RuntimeCameraFocusCommand.GathersWorldBoundsFromEntities ........................................................   Passed    0.00 sec
          Start  767: RuntimeCameraFocusCommand.SkipsEntitiesWithoutWorldBounds
 760/4154 Test  #767: RuntimeCameraFocusCommand.SkipsEntitiesWithoutWorldBounds .......................................................   Passed    0.00 sec
          Start  768: RuntimeCameraFocusCommand.NoBoundedEntitiesYieldsNoTarget
 761/4154 Test  #768: RuntimeCameraFocusCommand.NoBoundedEntitiesYieldsNoTarget .......................................................   Passed    0.00 sec
          Start  769: RuntimeCameraFocusCommand.FocusOnEntitiesDrivesControllerAndMarksTransition
 762/4154 Test  #769: RuntimeCameraFocusCommand.FocusOnEntitiesDrivesControllerAndMarksTransition .....................................   Passed    0.00 sec
          Start  770: RuntimeCameraFocusCommand.FocusOnEntitiesWithoutControllerReturnsFalse
 763/4154 Test  #770: RuntimeCameraFocusCommand.FocusOnEntitiesWithoutControllerReturnsFalse ..........................................   Passed    0.00 sec
          Start  771: RuntimeCameraFocusCommand.FocusOnSelectionFramesTheSelectedEntity
 764/4154 Test  #771: RuntimeCameraFocusCommand.FocusOnSelectionFramesTheSelectedEntity ...............................................   Passed    0.00 sec
          Start  772: RuntimeCameraFocusCommand.FocusOnEmptySelectionIsNoOp
 765/4154 Test  #772: RuntimeCameraFocusCommand.FocusOnEmptySelectionIsNoOp ...........................................................   Passed    0.00 sec
          Start  773: ClusteringModule.EngineRunCommitsLabelsAndPublishesChangeEvent
 766/4154 Test  #773: ClusteringModule.EngineRunCommitsLabelsAndPublishesChangeEvent ..................................................   Passed    0.04 sec
          Start  774: ClusteringModule.DocumentHistoryOwnsQueuedOutputUndoRedo
 767/4154 Test  #774: ClusteringModule.DocumentHistoryOwnsQueuedOutputUndoRedo ........................................................   Passed    0.04 sec
          Start  775: ClusteringModule.NullDeviceVulkanRequestFallsBackHonestly
 768/4154 Test  #775: ClusteringModule.NullDeviceVulkanRequestFallsBackHonestly .......................................................   Passed    0.04 sec
          Start  776: ClusteringModule.WorldSwitchBeforeCompletionDropsCommit
 769/4154 Test  #776: ClusteringModule.WorldSwitchBeforeCompletionDropsCommit .........................................................   Passed    0.04 sec
          Start  777: ClusteringModule.ValidationFailuresPublishCanonicalTypedCompletions
 770/4154 Test  #777: ClusteringModule.ValidationFailuresPublishCanonicalTypedCompletions .............................................   Passed    0.04 sec
          Start  778: ClusteringModule.CpuResultsAreDeterministicAndHonorCustomPropertyRefs
 771/4154 Test  #778: ClusteringModule.CpuResultsAreDeterministicAndHonorCustomPropertyRefs ...........................................   Passed    0.04 sec
          Start  779: ClusteringModule.SourceMutationBeforeCompletionDropsWriteback
 772/4154 Test  #779: ClusteringModule.SourceMutationBeforeCompletionDropsWriteback ...................................................   Passed    0.04 sec
          Start  780: ClusteringModule.CancelledCpuWorkPublishesCanonicalCompletion
 773/4154 Test  #780: ClusteringModule.CancelledCpuWorkPublishesCanonicalCompletion ...................................................   Passed    0.04 sec
          Start  781: ClusteringModule.RunKMeansWithoutModuleFailsClosedAtCommandDrain
 774/4154 Test  #781: ClusteringModule.RunKMeansWithoutModuleFailsClosedAtCommandDrain ................................................   Passed    0.04 sec
          Start  782: PointCloudConsolidationConfig.RoundTripsAndFallsBackPerField
 775/4154 Test  #782: PointCloudConsolidationConfig.RoundTripsAndFallsBackPerField ....................................................   Passed    0.01 sec
          Start  783: PointCloudConsolidationModule.AvailabilityIsTypedPropertyBasedAcrossEveryElementDomain
 776/4154 Test  #783: PointCloudConsolidationModule.AvailabilityIsTypedPropertyBasedAcrossEveryElementDomain ..........................   Passed    0.00 sec
          Start  784: PointCloudConsolidationModule.CommitsThroughGeometrySourcesAndOwnsUndoRedo
 777/4154 Test  #784: PointCloudConsolidationModule.CommitsThroughGeometrySourcesAndOwnsUndoRedo ......................................   Passed    0.04 sec
          Start  785: PointCloudConsolidationModule.ExecutesEveryElementDomainPropertyWithoutTopologyConversion
 778/4154 Test  #785: PointCloudConsolidationModule.ExecutesEveryElementDomainPropertyWithoutTopologyConversion .......................   Passed    0.05 sec
          Start  786: PointCloudConsolidationModule.VulkanRequestFallsBackHonestlyWhenNoOperationalGpuStateExists
 779/4154 Test  #786: PointCloudConsolidationModule.VulkanRequestFallsBackHonestlyWhenNoOperationalGpuStateExists .....................   Passed    0.04 sec
          Start  787: PointCloudConsolidationModule.NonConvergedFiniteIteratePublishesAsAnExplicitPreview
 780/4154 Test  #787: PointCloudConsolidationModule.NonConvergedFiniteIteratePublishesAsAnExplicitPreview .............................   Passed    0.04 sec
          Start  788: PointCloudConsolidationModule.WorkloadGuardCoversReferencePassesAtConfiguredBoundaries
 781/4154 Test  #788: PointCloudConsolidationModule.WorkloadGuardCoversReferencePassesAtConfiguredBoundaries ..........................   Passed    0.04 sec
          Start  789: PointCloudConsolidationModule.SourceMutationDropsQueuedWriteback
 782/4154 Test  #789: PointCloudConsolidationModule.SourceMutationDropsQueuedWriteback ................................................   Passed    0.27 sec
          Start  790: PointCloudConsolidationModule.IdenticalInputAndConfigProduceIdenticalRuntimeOutput
 783/4154 Test  #790: PointCloudConsolidationModule.IdenticalInputAndConfigProduceIdenticalRuntimeOutput ..............................   Passed    0.04 sec
          Start  791: RuntimeCommandBus.DrainExecutesInEnqueueOrderOnDrainingThread
 784/4154 Test  #791: RuntimeCommandBus.DrainExecutesInEnqueueOrderOnDrainingThread ...................................................   Passed    0.00 sec
          Start  792: RuntimeCommandBus.CrossThreadEnqueueIsSafeAndComplete
 785/4154 Test  #792: RuntimeCommandBus.CrossThreadEnqueueIsSafeAndComplete ...........................................................   Passed    0.00 sec
          Start  793: RuntimeCommandBus.PayloadIsCopiedAtEnqueueTime
 786/4154 Test  #793: RuntimeCommandBus.PayloadIsCopiedAtEnqueueTime ..................................................................   Passed    0.00 sec
          Start  794: RuntimeCommandBus.MissingHandlerFailsClosedWithoutCrashing
 787/4154 Test  #794: RuntimeCommandBus.MissingHandlerFailsClosedWithoutCrashing ......................................................   Passed    0.00 sec
          Start  795: RuntimeCommandBus.HandlerFailureIsCountedAndDrainContinues
 788/4154 Test  #795: RuntimeCommandBus.HandlerFailureIsCountedAndDrainContinues ......................................................   Passed    0.00 sec
          Start  796: RuntimeCommandBus.HandlerEnqueuedFollowUpDefersToNextDrain
 789/4154 Test  #796: RuntimeCommandBus.HandlerEnqueuedFollowUpDefersToNextDrain ......................................................   Passed    0.00 sec
          Start  797: RuntimeCommandBus.DiscardPendingDropsQueuedCommandsWithoutExecuting
 790/4154 Test  #797: RuntimeCommandBus.DiscardPendingDropsQueuedCommandsWithoutExecuting .............................................   Passed    0.00 sec
          Start  798: RuntimeJobService.SubmitRunsOnPoolThreadAndPublishesAtGate
 791/4154 Test  #798: RuntimeJobService.SubmitRunsOnPoolThreadAndPublishesAtGate ......................................................   Passed    0.01 sec
          Start  799: RuntimeJobService.CompletionQueuePublicationCannotClobberTerminalState
 792/4154 Test  #799: RuntimeJobService.CompletionQueuePublicationCannotClobberTerminalState ..........................................   Passed    0.01 sec
          Start  800: RuntimeJobService.GpuQueueParticipantRecordsDrainsAndUnregisters
 793/4154 Test  #800: RuntimeJobService.GpuQueueParticipantRecordsDrainsAndUnregisters ................................................   Passed    0.00 sec
          Start  801: RuntimeJobService.GpuQueueShutdownRunsParticipantsInReverseOrder
 794/4154 Test  #801: RuntimeJobService.GpuQueueShutdownRunsParticipantsInReverseOrder ................................................   Passed    0.00 sec
          Start  802: RuntimeJobService.CancelBeforeStartPreventsWork
 795/4154 Test  #802: RuntimeJobService.CancelBeforeStartPreventsWork .................................................................   Passed    0.01 sec
          Start  803: RuntimeJobService.CancelMidFlightIsObservedAndDropsCompletion
 796/4154 Test  #803: RuntimeJobService.CancelMidFlightIsObservedAndDropsCompletion ...................................................   Passed    0.01 sec
          Start  804: RuntimeJobService.CancelAfterWorkerFinishSuppressesGatePublication
 797/4154 Test  #804: RuntimeJobService.CancelAfterWorkerFinishSuppressesGatePublication ..............................................   Passed    0.02 sec
          Start  805: RuntimeJobService.CancelAllForWorldOnlyCancelsMatchingScope
 798/4154 Test  #805: RuntimeJobService.CancelAllForWorldOnlyCancelsMatchingScope .....................................................   Passed    0.02 sec
          Start  806: RuntimeJobService.ReapCompletedRemovesTerminalRecords
 799/4154 Test  #806: RuntimeJobService.ReapCompletedRemovesTerminalRecords ...........................................................   Passed    0.02 sec
          Start  807: RuntimeJobService.EngineCompletionGatePublishesBeforePumpBOnMainThread
 800/4154 Test  #807: RuntimeJobService.EngineCompletionGatePublishesBeforePumpBOnMainThread ..........................................   Passed    0.04 sec
          Start  808: RuntimeJobService.DependenciesGateDispatchUntilUpstreamPublishes
 801/4154 Test  #808: RuntimeJobService.DependenciesGateDispatchUntilUpstreamPublishes ................................................   Passed    0.02 sec
          Start  809: RuntimeJobService.DependentIsCancelledWhenUpstreamDoesNotPublish
 802/4154 Test  #809: RuntimeJobService.DependentIsCancelledWhenUpstreamDoesNotPublish ................................................   Passed    0.01 sec
          Start  810: RuntimeJobService.BoundedApplyLimitsWorkPerDrainWithoutStarving
 803/4154 Test  #810: RuntimeJobService.BoundedApplyLimitsWorkPerDrainWithoutStarving .................................................   Passed    0.01 sec
          Start  811: RuntimeJobService.NotReadyResultsParkInsteadOfApplyingOrBlocking
 804/4154 Test  #811: RuntimeJobService.NotReadyResultsParkInsteadOfApplyingOrBlocking ................................................   Passed    0.01 sec
          Start  812: RuntimeJobService.StaleWorldEpochDiscardsResultBeforeItCanMutate
 805/4154 Test  #812: RuntimeJobService.StaleWorldEpochDiscardsResultBeforeItCanMutate ................................................   Passed    0.02 sec
          Start  813: RuntimeJobService.ValidateBeforeApplyIsFailClosedAndAppliesOnlyOnce
 806/4154 Test  #813: RuntimeJobService.ValidateBeforeApplyIsFailClosedAndAppliesOnlyOnce .............................................   Passed    0.02 sec
          Start  814: RuntimeJobService.ProgressIsReportableFromWorkAndReadableOnMainThread
 807/4154 Test  #814: RuntimeJobService.ProgressIsReportableFromWorkAndReadableOnMainThread ...........................................   Passed    0.02 sec
          Start  815: RuntimeJobService.WorkerTerminalStateWaitsForUnpublishedFinalizerBeforeCompletion
 808/4154 Test  #815: RuntimeJobService.WorkerTerminalStateWaitsForUnpublishedFinalizerBeforeCompletion ...............................   Passed    0.01 sec
          Start  816: RuntimeJobService.CancelBeforeStartFinalizesOnMainThreadInsteadOfPublishing
 809/4154 Test  #816: RuntimeJobService.CancelBeforeStartFinalizesOnMainThreadInsteadOfPublishing .....................................   Passed    0.02 sec
          Start  817: RuntimeJobService.CancelAfterWorkerFinishFinalizesExactlyOnce
 810/4154 Test  #817: RuntimeJobService.CancelAfterWorkerFinishFinalizesExactlyOnce ...................................................   Passed    0.02 sec
          Start  818: RuntimeJobService.StaleDiscardFinalizesSoConsumerStateCannotLeak
 811/4154 Test  #818: RuntimeJobService.StaleDiscardFinalizesSoConsumerStateCannotLeak ................................................   Passed    0.02 sec
          Start  819: RuntimeJobService.DependencyCancelledJobFinalizesInTheSameDrain
 812/4154 Test  #819: RuntimeJobService.DependencyCancelledJobFinalizesInTheSameDrain .................................................   Passed    0.02 sec
          Start  820: RuntimeJobService.PublishedJobNeverRunsTheUnpublishedFinalizer
 813/4154 Test  #820: RuntimeJobService.PublishedJobNeverRunsTheUnpublishedFinalizer ..................................................   Passed    0.02 sec
          Start  821: RuntimeJobService.SnapshotAllEnumeratesRetainedJobsInTokenOrder
 814/4154 Test  #821: RuntimeJobService.SnapshotAllEnumeratesRetainedJobsInTokenOrder .................................................   Passed    0.02 sec
          Start  822: RuntimeJobService.SnapshotAllCarriesReportedProgressAndAge
 815/4154 Test  #822: RuntimeJobService.SnapshotAllCarriesReportedProgressAndAge ......................................................   Passed    0.02 sec
          Start  823: RuntimeKernelEvents.PublishQueuesUntilPump
 816/4154 Test  #823: RuntimeKernelEvents.PublishQueuesUntilPump ......................................................................   Passed    0.00 sec
          Start  824: RuntimeKernelEvents.ListenerPublishDuringPumpDefersToNextPump
 817/4154 Test  #824: RuntimeKernelEvents.ListenerPublishDuringPumpDefersToNextPump ...................................................   Passed    0.00 sec
          Start  825: RuntimeKernelEvents.CrossThreadPublishIsDeliveredAtNextPump
 818/4154 Test  #825: RuntimeKernelEvents.CrossThreadPublishIsDeliveredAtNextPump .....................................................   Passed    0.00 sec
          Start  826: RuntimeKernelEvents.UnsubscribeStopsDelivery
 819/4154 Test  #826: RuntimeKernelEvents.UnsubscribeStopsDelivery ....................................................................   Passed    0.00 sec
          Start  827: RuntimeKernelEvents.UnsubscribeDuringPumpIsSafe
 820/4154 Test  #827: RuntimeKernelEvents.UnsubscribeDuringPumpIsSafe .................................................................   Passed    0.00 sec
          Start  828: RuntimeKernelEvents.EnginePumpsPostDrainAndPostSimulationOnNullBackend
 821/4154 Test  #828: RuntimeKernelEvents.EnginePumpsPostDrainAndPostSimulationOnNullBackend ..........................................   Passed    0.04 sec
          Start  829: RuntimeModule.EngineComposesRetainedHooksServicesAndLifecycle
 822/4154 Test  #829: RuntimeModule.EngineComposesRetainedHooksServicesAndLifecycle ...................................................   Passed    0.04 sec
          Start  830: RuntimeModule.RegistrationOrderDoesNotChangeRetainedHookOrder
 823/4154 Test  #830: RuntimeModule.RegistrationOrderDoesNotChangeRetainedHookOrder ...................................................   Passed    0.07 sec
          Start  831: RuntimeModule.ReinitializeRebuildsHookRecordsWithoutRetainingCallbacks
 824/4154 Test  #831: RuntimeModule.ReinitializeRebuildsHookRecordsWithoutRetainingCallbacks ..........................................   Passed    0.07 sec
          Start  832: RuntimeModule.MissingRequiredServiceTerminatesEngineBoot
 825/4154 Test  #832: RuntimeModule.MissingRequiredServiceTerminatesEngineBoot ........................................................   Passed    0.11 sec
          Start  833: RuntimeModule.EnginePublishesOnlyConsumedBuiltInServices
 826/4154 Test  #833: RuntimeModule.EnginePublishesOnlyConsumedBuiltInServices ........................................................   Passed    0.04 sec
          Start  834: ServiceRegistry.RetainsExactProvideRequireWithdrawAndBootDiagnostics
 827/4154 Test  #834: ServiceRegistry.RetainsExactProvideRequireWithdrawAndBootDiagnostics ............................................   Passed    0.00 sec
          Start  835: EngineSetup.RetainsOnlyRegistrationPhaseFrameAndViewportRegistrars
 828/4154 Test  #835: EngineSetup.RetainsOnlyRegistrationPhaseFrameAndViewportRegistrars ..............................................   Passed    0.00 sec
          Start  836: RuntimeWorldRegistry.CreateWorldBootsDefaultHandleAndDistinctRegistries
 829/4154 Test  #836: RuntimeWorldRegistry.CreateWorldBootsDefaultHandleAndDistinctRegistries .........................................   Passed    0.00 sec
          Start  837: RuntimeWorldRegistry.ActiveWorldChangeIsDeferredToMaintenanceAndNextPump
 830/4154 Test  #837: RuntimeWorldRegistry.ActiveWorldChangeIsDeferredToMaintenanceAndNextPump ........................................   Passed    0.00 sec
          Start  838: RuntimeWorldRegistry.DestroyAnnouncesCancelsJobsAndTearsDownNextMaintenance
 831/4154 Test  #838: RuntimeWorldRegistry.DestroyAnnouncesCancelsJobsAndTearsDownNextMaintenance .....................................   Passed    0.02 sec
          Start  839: RuntimeWorldRegistry.DestroyActiveWorldIsRejected
 832/4154 Test  #839: RuntimeWorldRegistry.DestroyActiveWorldIsRejected ...............................................................   Passed    0.00 sec
          Start  840: RuntimeWorldRegistry.ActivatingDestroyPendingWorldIsRejected
 833/4154 Test  #840: RuntimeWorldRegistry.ActivatingDestroyPendingWorldIsRejected ....................................................   Passed    0.00 sec
          Start  841: RuntimeWorldRegistry.PendingActivationDroppedWhenTargetDestroyRequested
 834/4154 Test  #841: RuntimeWorldRegistry.PendingActivationDroppedWhenTargetDestroyRequested .........................................   Passed    0.00 sec
          Start  842: RuntimeWorldRegistry.EngineBootsFrameZeroWorldAndAppliesSwitchAtMaintenance
 835/4154 Test  #842: RuntimeWorldRegistry.EngineBootsFrameZeroWorldAndAppliesSwitchAtMaintenance .....................................   Passed    0.04 sec
          Start  843: RuntimeWorldRegistry.EngineRebindsSceneBorrowersBeforeRetiringPreviousWorld
 836/4154 Test  #843: RuntimeWorldRegistry.EngineRebindsSceneBorrowersBeforeRetiringPreviousWorld .....................................   Passed    0.05 sec
          Start  844: ReferenceSceneBootstrap.TriangleCreatesVisibleSelectablePopulationAndDataOnlySeed
 837/4154 Test  #844: ReferenceSceneBootstrap.TriangleCreatesVisibleSelectablePopulationAndDataOnlySeed ...............................   Passed    0.00 sec
          Start  845: ReferenceSceneBootstrap.AuthoredTriangleRoundTripsFullRenderableContract
 838/4154 Test  #845: ReferenceSceneBootstrap.AuthoredTriangleRoundTripsFullRenderableContract ........................................   Passed    0.00 sec
          Start  846: ReferenceSceneBootstrap.TeardownIsNoexceptAndIdempotent
 839/4154 Test  #846: ReferenceSceneBootstrap.TeardownIsNoexceptAndIdempotent .........................................................   Passed    0.00 sec
          Start  847: ReferenceSceneOwnership.GenericEngineDoesNotInterpretEnabledReferenceConfig
 840/4154 Test  #847: ReferenceSceneOwnership.GenericEngineDoesNotInterpretEnabledReferenceConfig .....................................   Passed    0.04 sec
          Start  848: ReferenceSceneOwnership.AppBootstrapRunsOncePerInitializationWithoutCameraModule
 841/4154 Test  #848: ReferenceSceneOwnership.AppBootstrapRunsOncePerInitializationWithoutCameraModule ................................   Passed    0.07 sec
          Start  849: ReferenceSceneOwnership.DisabledAppBootstrapCreatesNothing
 842/4154 Test  #849: ReferenceSceneOwnership.DisabledAppBootstrapCreatesNothing ......................................................   Passed    0.04 sec
          Start  850: ReferenceSceneOwnership.TeardownUsesStoredOriginalWorldAndDoesNotMutateReplacement
 843/4154 Test  #850: ReferenceSceneOwnership.TeardownUsesStoredOriginalWorldAndDoesNotMutateReplacement ..............................   Passed    0.00 sec
          Start  851: ReferenceSceneOwnership.RetiredOriginalWorldMakesStoredTeardownASafeNoOp
 844/4154 Test  #851: ReferenceSceneOwnership.RetiredOriginalWorldMakesStoredTeardownASafeNoOp ........................................   Passed    0.00 sec
          Start  852: ReferenceSceneOwnership.AppOwnedTriangleRemainsVisibleToEditorModels
 845/4154 Test  #852: ReferenceSceneOwnership.AppOwnedTriangleRemainsVisibleToEditorModels ............................................   Passed    0.04 sec
          Start  853: RuntimeJobServiceEngineWiring.RunFrameAppliesSubmittedJob
 846/4154 Test  #853: RuntimeJobServiceEngineWiring.RunFrameAppliesSubmittedJob .......................................................   Passed    0.04 sec
          Start  854: RuntimeRenderExtraction.VisualizationRecipeRevisionTracksMutations
 847/4154 Test  #854: RuntimeRenderExtraction.VisualizationRecipeRevisionTracksMutations ..............................................   Passed    0.00 sec
          Start  855: RuntimeSceneLifecycle.AsyncWaitAllowsCompletionBeyondLegacyFrameBudget
 848/4154 Test  #855: RuntimeSceneLifecycle.AsyncWaitAllowsCompletionBeyondLegacyFrameBudget ..........................................   Passed    0.37 sec
          Start  856: RuntimeSceneLifecycle.AsyncWaitReportsElapsedTimeout
 849/4154 Test  #856: RuntimeSceneLifecycle.AsyncWaitReportsElapsedTimeout ............................................................   Passed    0.04 sec
          Start  857: RuntimeSceneLifecycle.EngineRunsWithoutOptionalAsyncWorkModule
 850/4154 Test  #857: RuntimeSceneLifecycle.EngineRunsWithoutOptionalAsyncWorkModule ..................................................   Passed    0.04 sec
          Start  858: RuntimeSceneLifecycle.NewSceneDocumentClearsSceneSelectionAndExtractionSidecars
 851/4154 Test  #858: RuntimeSceneLifecycle.NewSceneDocumentClearsSceneSelectionAndExtractionSidecars .................................   Passed    0.06 sec
          Start  859: RuntimeSceneLifecycle.QueuedSceneSaveWritesSnapshotAndMarksHistoryOnCompletion
 852/4154 Test  #859: RuntimeSceneLifecycle.QueuedSceneSaveWritesSnapshotAndMarksHistoryOnCompletion ..................................   Passed    0.04 sec
          Start  860: RuntimeSceneLifecycle.QueuedSceneLoadInvalidDocumentFailsClosed
 853/4154 Test  #860: RuntimeSceneLifecycle.QueuedSceneLoadInvalidDocumentFailsClosed .................................................   Passed    0.05 sec
          Start  861: RuntimeSceneLifecycle.QueuedSceneLoadAppliesParsedSceneOnMainThread
 854/4154 Test  #861: RuntimeSceneLifecycle.QueuedSceneLoadAppliesParsedSceneOnMainThread .............................................   Passed    0.04 sec
          Start  862: RuntimeSceneLifecycle.QueuedSceneLoadRejectsActiveWorldSwitchBeforeApply
 855/4154 Test  #862: RuntimeSceneLifecycle.QueuedSceneLoadRejectsActiveWorldSwitchBeforeApply ........................................   Passed    0.04 sec
          Start  863: RuntimeSceneLifecycle.QueuedSceneLoadIsDiscardedByDrainRevalidationAlone
 856/4154 Test  #863: RuntimeSceneLifecycle.QueuedSceneLoadIsDiscardedByDrainRevalidationAlone ........................................   Passed    0.04 sec
          Start  864: RuntimeSceneLifecycle.QueuedSceneLoadRejectsAwayAndBackBindingEpoch
 857/4154 Test  #864: RuntimeSceneLifecycle.QueuedSceneLoadRejectsAwayAndBackBindingEpoch .............................................   Passed    0.04 sec
          Start  865: RuntimeSceneLifecycle.RetiredQueuedSceneSavePublishesTerminalEvent
 858/4154 Test  #865: RuntimeSceneLifecycle.RetiredQueuedSceneSavePublishesTerminalEvent ..............................................   Passed    0.04 sec
          Start  866: SceneDocumentModule.PublishesExactServicesAndWithdraws
 859/4154 Test  #866: SceneDocumentModule.PublishesExactServicesAndWithdraws ..........................................................   Passed    0.00 sec
          Start  867: SceneDocumentModule.QueuedDocumentIoFailsClosedBeforeResolution
 860/4154 Test  #867: SceneDocumentModule.QueuedDocumentIoFailsClosedBeforeResolution .................................................   Passed    0.00 sec
          Start  868: SceneDocumentModule.DuplicateHistoryPublicationRollsBackPartialModuleService
 861/4154 Test  #868: SceneDocumentModule.DuplicateHistoryPublicationRollsBackPartialModuleService ....................................   Passed    0.00 sec
          Start  869: SceneDocumentModule.ReplacementParticipantsAreDeterministicAndHandleScoped
 862/4154 Test  #869: SceneDocumentModule.ReplacementParticipantsAreDeterministicAndHandleScoped ......................................   Passed    0.00 sec
          Start  870: SceneDocumentModule.ParseFailureRunsNoParticipantAndPreservesDocumentState
 863/4154 Test  #870: SceneDocumentModule.ParseFailureRunsNoParticipantAndPreservesDocumentState ......................................   Passed    0.00 sec
          Start  871: SceneDocumentModule.DirectValidationResetsOneBindingWithoutStateResurrection
 864/4154 Test  #871: SceneDocumentModule.DirectValidationResetsOneBindingWithoutStateResurrection ....................................   Passed    0.00 sec
          Start  872: SceneDocumentModule.LateQueuedCompletionCannotOutliveModuleState
 865/4154 Test  #872: SceneDocumentModule.LateQueuedCompletionCannotOutliveModuleState ................................................   Passed    0.01 sec
          Start  873: SceneDocumentModule.WorldRebindResetsFileEventAndItsSequence
 866/4154 Test  #873: SceneDocumentModule.WorldRebindResetsFileEventAndItsSequence ....................................................   Passed    0.04 sec
          Start  874: SceneDocumentModule.RealEngineRunProvidesOperationalDocumentOwner
 867/4154 Test  #874: SceneDocumentModule.RealEngineRunProvidesOperationalDocumentOwner ...............................................   Passed    0.07 sec
          Start  875: SceneDocumentModule.EngineReplacementParticipantsResetAcrossReinitialize
 868/4154 Test  #875: SceneDocumentModule.EngineReplacementParticipantsResetAcrossReinitialize ........................................   Passed    0.07 sec
          Start  876: SceneInteractionModule.PublishesExactServicesAndSupportsOptionalDocument
 869/4154 Test  #876: SceneInteractionModule.PublishesExactServicesAndSupportsOptionalDocument ........................................   Passed    0.00 sec
          Start  877: SceneInteractionModule.DuplicatePublicationFailsClosed
 870/4154 Test  #877: SceneInteractionModule.DuplicatePublicationFailsClosed ..........................................................   Passed    0.00 sec
          Start  878: SceneInteractionModule.PreexistingSelectionPublicationFailsClosed
 871/4154 Test  #878: SceneInteractionModule.PreexistingSelectionPublicationFailsClosed ...............................................   Passed    0.00 sec
          Start  879: SceneInteractionModule.PartialRegistrationAndResolveFailureRollBack
 872/4154 Test  #879: SceneInteractionModule.PartialRegistrationAndResolveFailureRollBack .............................................   Passed    0.03 sec
          Start  880: SceneInteractionModule.RegisteredHooksIssueCorrelateRefineAndResetSelection
 873/4154 Test  #880: SceneInteractionModule.RegisteredHooksIssueCorrelateRefineAndResetSelection .....................................   Passed    0.03 sec
          Start  881: SceneInteractionModule.OwnerHooksCorrelateOutOfOrderAndMissingReadbacksBySequence
 874/4154 Test  #881: SceneInteractionModule.OwnerHooksCorrelateOutOfOrderAndMissingReadbacksBySequence ...............................   Passed    0.03 sec
          Start  882: SceneInteractionModule.OwnerBoundsCorrelationAndRejectsZeroUnknownAndStaleWorldResults
 875/4154 Test  #882: SceneInteractionModule.OwnerBoundsCorrelationAndRejectsZeroUnknownAndStaleWorldResults ..........................   Passed    0.03 sec
          Start  883: SceneInteractionModule.DocumentEpochResetRejectsLateCorrelatedReadback
 876/4154 Test  #883: SceneInteractionModule.DocumentEpochResetRejectsLateCorrelatedReadback ..........................................   Passed    0.03 sec
          Start  884: SceneInteractionModule.ViewportGizmoRequiresHistoryHonorsCaptureAndCommitsOneUndoableDrag
 877/4154 Test  #884: SceneInteractionModule.ViewportGizmoRequiresHistoryHonorsCaptureAndCommitsOneUndoableDrag .......................   Passed    0.00 sec
          Start  885: SceneInteractionModule.WorldSwitchCancelsDragAndPreservesGizmoTuning
 878/4154 Test  #885: SceneInteractionModule.WorldSwitchCancelsDragAndPreservesGizmoTuning ............................................   Passed    0.00 sec
          Start  886: SceneInteractionModule.ShutdownAnnouncementReleasesDocumentParticipant
 879/4154 Test  #886: SceneInteractionModule.ShutdownAnnouncementReleasesDocumentParticipant ..........................................   Passed    0.00 sec
          Start  887: SceneInteractionModule.DocumentReplacementClearsExactlyOnceAndKeepsSequenceMonotonic
 880/4154 Test  #887: SceneInteractionModule.DocumentReplacementClearsExactlyOnceAndKeepsSequenceMonotonic ............................   Passed    0.00 sec
          Start  888: SceneInteractionModule.CloseAndLoadClearOneCohortAndRebuildLookup
 881/4154 Test  #888: SceneInteractionModule.CloseAndLoadClearOneCohortAndRebuildLookup ...............................................   Passed    0.00 sec
          Start  889: SceneInteractionModule.ActiveWorldMismatchClearsWithoutResurrectionAndIgnoresInactiveRetirement
 882/4154 Test  #889: SceneInteractionModule.ActiveWorldMismatchClearsWithoutResurrectionAndIgnoresInactiveRetirement .................   Passed    0.01 sec
          Start  890: SceneInteractionModule.OptionalOmissionAndComposedOperationalRun
 883/4154 Test  #890: SceneInteractionModule.OptionalOmissionAndComposedOperationalRun ................................................   Passed    0.08 sec
          Start  891: SceneInteractionModule.ShutdownReinitializeStartsEmptyWithRecycledBootHandle
 884/4154 Test  #891: SceneInteractionModule.ShutdownReinitializeStartsEmptyWithRecycledBootHandle ....................................   Passed    0.07 sec
          Start  892: RuntimeSceneSerialization.SaveLoadRoundTripPreservesPromotedSandboxSceneData
 885/4154 Test  #892: RuntimeSceneSerialization.SaveLoadRoundTripPreservesPromotedSandboxSceneData ....................................   Passed    0.01 sec
          Start  893: RuntimeSceneSerialization.UnsupportedPersistenceFamiliesReportDiagnosticsAndDropOnLoad
 886/4154 Test  #893: RuntimeSceneSerialization.UnsupportedPersistenceFamiliesReportDiagnosticsAndDropOnLoad ..........................   Passed    0.00 sec
          Start  894: RuntimeSceneSerialization.InvalidDocumentsFailClosed
 887/4154 Test  #894: RuntimeSceneSerialization.InvalidDocumentsFailClosed ............................................................   Passed    0.00 sec
          Start  895: RuntimeSceneSerialization.MalformedGraphTopologyFailsClosed
 888/4154 Test  #895: RuntimeSceneSerialization.MalformedGraphTopologyFailsClosed .....................................................   Passed    0.00 sec
          Start  896: RuntimeSceneSerialization.PropertyValueKindKeepsLegacyWireStrings
 889/4154 Test  #896: RuntimeSceneSerialization.PropertyValueKindKeepsLegacyWireStrings ...............................................   Passed    0.00 sec
          Start  897: RuntimeSceneSerialization.PropertyValueKindRoundTripsThroughLegacyWire
 890/4154 Test  #897: RuntimeSceneSerialization.PropertyValueKindRoundTripsThroughLegacyWire ..........................................   Passed    0.01 sec
          Start  898: RuntimeSceneSerialization.GeometryPresentationRuntimeStateIsNotSerialized
 891/4154 Test  #898: RuntimeSceneSerialization.GeometryPresentationRuntimeStateIsNotSerialized .......................................   Passed    0.01 sec
          Start  899: RuntimeSceneSerialization.LegacyProgressiveRenderDataKeyLoadsAsGeometryPresentationRecipe
 892/4154 Test  #899: RuntimeSceneSerialization.LegacyProgressiveRenderDataKeyLoadsAsGeometryPresentationRecipe .......................   Passed    0.01 sec
          Start  900: RuntimeSceneSerialization.ReaderStaysPinnedToLegacyValueKindWireStrings
 893/4154 Test  #900: RuntimeSceneSerialization.ReaderStaysPinnedToLegacyValueKindWireStrings .........................................   Passed    0.01 sec
          Start  901: RuntimeSceneSerialization.PropertyDomainKeepsLegacyWireStrings
 894/4154 Test  #901: RuntimeSceneSerialization.PropertyDomainKeepsLegacyWireStrings ..................................................   Passed    0.01 sec
          Start  902: RuntimeSceneSerialization.LegacyMeshSurfaceDomainLoadsAsUnknown
 895/4154 Test  #902: RuntimeSceneSerialization.LegacyMeshSurfaceDomainLoadsAsUnknown .................................................   Passed    0.01 sec
          Start  903: RuntimeSceneSerialization.SaveLoadRoundTripPreservesCornerDomainTexcoords
 896/4154 Test  #903: RuntimeSceneSerialization.SaveLoadRoundTripPreservesCornerDomainTexcoords .......................................   Passed    0.01 sec
          Start  904: RuntimeVulkanBreadcrumb.DecisionFiresWhenRequestedVulkanAndDeviceNotOperational
 897/4154 Test  #904: RuntimeVulkanBreadcrumb.DecisionFiresWhenRequestedVulkanAndDeviceNotOperational .................................   Passed    0.00 sec
          Start  905: RuntimeVulkanBreadcrumb.DecisionSilentWhenDeviceIsOperational
 898/4154 Test  #905: RuntimeVulkanBreadcrumb.DecisionSilentWhenDeviceIsOperational ...................................................   Passed    0.00 sec
          Start  906: RuntimeVulkanBreadcrumb.DecisionSilentWhenPromotedVulkanNotRequested
 899/4154 Test  #906: RuntimeVulkanBreadcrumb.DecisionSilentWhenPromotedVulkanNotRequested ............................................   Passed    0.00 sec
          Start  907: RuntimeVulkanBreadcrumb.EngineInitializeFiresBreadcrumbOncePerStartupWhenRequested
 900/4154 Test  #907: RuntimeVulkanBreadcrumb.EngineInitializeFiresBreadcrumbOncePerStartupWhenRequested ..............................   Passed    0.06 sec
          Start  908: RuntimeVulkanBreadcrumb.EngineInitializeSilentWhenPromotedVulkanNotRequested
 901/4154 Test  #908: RuntimeVulkanBreadcrumb.EngineInitializeSilentWhenPromotedVulkanNotRequested ....................................   Passed    0.06 sec
          Start  909: RuntimeVulkanBreadcrumb.EngineInitializeSucceedsEvenWhenVulkanFallsBackToNull
 902/4154 Test  #909: RuntimeVulkanBreadcrumb.EngineInitializeSucceedsEvenWhenVulkanFallsBackToNull ...................................   Passed    0.05 sec
          Start  910: SandboxEditorUi.EmptyContextProducesDeterministicDisabledDiagnostics
 903/4154 Test  #910: SandboxEditorUi.EmptyContextProducesDeterministicDisabledDiagnostics ............................................   Passed    0.00 sec
          Start  911: SandboxEditorUi.RenderGraphPanelModelCopiesRendererStats
 904/4154 Test  #911: SandboxEditorUi.RenderGraphPanelModelCopiesRendererStats ........................................................   Passed    0.00 sec
          Start  912: SandboxEditorUi.GpuProfilingToggleUsesConfigPreviewApplyAndPreservesRejectedState
 905/4154 Test  #912: SandboxEditorUi.GpuProfilingToggleUsesConfigPreviewApplyAndPreservesRejectedState ...............................   Passed    0.00 sec
          Start  913: SandboxEditorUi.AssetImportQueueModelCopiesRowsProgressAndCommands
 906/4154 Test  #913: SandboxEditorUi.AssetImportQueueModelCopiesRowsProgressAndCommands ..............................................   Passed    0.00 sec
          Start  914: SandboxEditorUi.DocumentModelReportsRuntimeHistoryDirtyState
 907/4154 Test  #914: SandboxEditorUi.DocumentModelReportsRuntimeHistoryDirtyState ....................................................   Passed    0.00 sec
          Start  915: SandboxEditorUi.HierarchyInspectorModelReportsSelectionRenderHintsAndDomain
 908/4154 Test  #915: SandboxEditorUi.HierarchyInspectorModelReportsSelectionRenderHintsAndDomain .....................................   Passed    0.00 sec
          Start  916: SandboxEditorUi.HiddenPanelBuildRequestSkipsSelectedEntityModels
 909/4154 Test  #916: SandboxEditorUi.HiddenPanelBuildRequestSkipsSelectedEntityModels ................................................   Passed    0.00 sec
          Start  917: SandboxEditorUi.InspectorOnlyBuildRequestAvoidsSiblingPanelWork
 910/4154 Test  #917: SandboxEditorUi.InspectorOnlyBuildRequestAvoidsSiblingPanelWork .................................................   Passed    0.00 sec
          Start  918: SandboxEditorUi.DomainWindowBuildReportsTimingDiagnostics
 911/4154 Test  #918: SandboxEditorUi.DomainWindowBuildReportsTimingDiagnostics .......................................................   Passed    0.00 sec
          Start  919: SandboxEditorUi.SelectedModelCacheReusesInspectorAnalysis
 912/4154 Test  #919: SandboxEditorUi.SelectedModelCacheReusesInspectorAnalysis .......................................................   Passed    0.00 sec
          Start  920: SandboxEditorUi.SelectedModelCachePartitionsAnalysisByVisibleWindow
 913/4154 Test  #920: SandboxEditorUi.SelectedModelCachePartitionsAnalysisByVisibleWindow .............................................   Passed    0.01 sec
          Start  921: SandboxEditorUi.SelectedModelCacheInvalidatesOnSelectionGeneration
 914/4154 Test  #921: SandboxEditorUi.SelectedModelCacheInvalidatesOnSelectionGeneration ..............................................   Passed    0.00 sec
          Start  922: SandboxEditorUi.SelectedModelCacheInvalidatesOnPrimitiveGeneration
 915/4154 Test  #922: SandboxEditorUi.SelectedModelCacheInvalidatesOnPrimitiveGeneration ..............................................   Passed    0.00 sec
          Start  923: SandboxEditorUi.SelectedModelCacheInvalidatesOnGeometryPresentationRecipeGeneration
 916/4154 Test  #923: SandboxEditorUi.SelectedModelCacheInvalidatesOnGeometryPresentationRecipeGeneration .............................   Passed    0.00 sec
          Start  924: SandboxEditorUi.SelectedModelCacheInvalidatesOnGeometryMetadataSignature
 917/4154 Test  #924: SandboxEditorUi.SelectedModelCacheInvalidatesOnGeometryMetadataSignature ........................................   Passed    0.00 sec
          Start  925: SandboxEditorUi.SelectedModelCacheInvalidatesOnRenderHintSignature
 918/4154 Test  #925: SandboxEditorUi.SelectedModelCacheInvalidatesOnRenderHintSignature ..............................................   Passed    0.00 sec
          Start  926: SandboxEditorUi.SelectedModelCacheReusesVisualizationModel
 919/4154 Test  #926: SandboxEditorUi.SelectedModelCacheReusesVisualizationModel ......................................................   Passed    0.00 sec
          Start  927: SandboxEditorUi.VisualizationModelCacheInvalidatesOnGeometryMetadataSignature
 920/4154 Test  #927: SandboxEditorUi.VisualizationModelCacheInvalidatesOnGeometryMetadataSignature ...................................   Passed    0.00 sec
          Start  928: SandboxEditorUi.VisualizationModelCacheInvalidatesOnConfigSignature
 921/4154 Test  #928: SandboxEditorUi.VisualizationModelCacheInvalidatesOnConfigSignature .............................................   Passed    0.00 sec
          Start  929: SandboxEditorUi.VisualizationModelCacheInvalidatesOnLaneOverrideSignature
 922/4154 Test  #929: SandboxEditorUi.VisualizationModelCacheInvalidatesOnLaneOverrideSignature .......................................   Passed    0.00 sec
          Start  930: SandboxEditorUi.VisualizationModelCacheInvalidatesOnRecipeRevision
 923/4154 Test  #930: SandboxEditorUi.VisualizationModelCacheInvalidatesOnRecipeRevision ..............................................   Passed    0.00 sec
          Start  931: SandboxEditorUi.GeometryProcessingSupportedDomainsMatchPromotedEditorContract
 924/4154 Test  #931: SandboxEditorUi.GeometryProcessingSupportedDomainsMatchPromotedEditorContract ...................................   Passed    0.00 sec
          Start  932: SandboxEditorUi.GeometrySourcesReportProcessingCapabilitiesAndStableEntries
 925/4154 Test  #932: SandboxEditorUi.GeometrySourcesReportProcessingCapabilitiesAndStableEntries .....................................   Passed    0.00 sec
          Start  933: SandboxEditorUi.VisualizationModelEnumeratesPromotedGeometryProperties
 926/4154 Test  #933: SandboxEditorUi.VisualizationModelEnumeratesPromotedGeometryProperties ..........................................   Passed    0.00 sec
          Start  934: SandboxEditorUi.PropertyCatalogListsAllMeshPropertiesAndPreviewsSelection
 927/4154 Test  #934: SandboxEditorUi.PropertyCatalogListsAllMeshPropertiesAndPreviewsSelection .......................................   Passed    0.00 sec
          Start  935: SandboxEditorUi.PropertyCatalogReportsGraphAndPointCloudDomains
 928/4154 Test  #935: SandboxEditorUi.PropertyCatalogReportsGraphAndPointCloudDomains .................................................   Passed    0.00 sec
          Start  936: SandboxEditorUi.VisualizationPresetPreservesConfiguredScalarStyling
 929/4154 Test  #936: SandboxEditorUi.VisualizationPresetPreservesConfiguredScalarStyling .............................................   Passed    0.00 sec
          Start  937: SandboxEditorUi.DomainWindowModelsReportSelectedMeshGraphAndPointCloudState
 930/4154 Test  #937: SandboxEditorUi.DomainWindowModelsReportSelectedMeshGraphAndPointCloudState .....................................   Passed    0.00 sec
          Start  938: SandboxEditorUi.DomainVisualizationTargetsFollowLaneSourcePresence
 931/4154 Test  #938: SandboxEditorUi.DomainVisualizationTargetsFollowLaneSourcePresence ..............................................   Passed    0.00 sec
          Start  939: SandboxEditorUi.DomainWindowModelsReportNoSelectionStaleAndWrongDomain
 932/4154 Test  #939: SandboxEditorUi.DomainWindowModelsReportNoSelectionStaleAndWrongDomain ..........................................   Passed    0.00 sec
          Start  940: SandboxEditorUi.SelectionDetailsModelReportsHoveredEntityAndPrimitiveIds
 933/4154 Test  #940: SandboxEditorUi.SelectionDetailsModelReportsHoveredEntityAndPrimitiveIds ........................................   Passed    0.00 sec
          Start  941: SandboxEditorUi.GeometryPresentationInspectorReportsSlotsPropertiesAndJobs
 934/4154 Test  #941: SandboxEditorUi.GeometryPresentationInspectorReportsSlotsPropertiesAndJobs ......................................   Passed    0.00 sec
          Start  942: SandboxEditorUi.GeometryPresentationInspectorInfersGraphPointCloudAndComposition
 935/4154 Test  #942: SandboxEditorUi.GeometryPresentationInspectorInfersGraphPointCloudAndComposition ................................   Passed    0.00 sec
          Start  943: SandboxEditorUi.GeometryPresentationCompositionReportsCorruptHierarchyWithoutPartialSummary
 936/4154 Test  #943: SandboxEditorUi.GeometryPresentationCompositionReportsCorruptHierarchyWithoutPartialSummary .....................   Passed    0.00 sec
          Start  944: SandboxEditorUi.RenderRecipeEditorModelListsDeclaredRecipeControls
 937/4154 Test  #944: SandboxEditorUi.RenderRecipeEditorModelListsDeclaredRecipeControls ..............................................   Passed    0.00 sec
          Start  945: SandboxEditorUi.FileImportPrerequisitesAreDeterministic
 938/4154 Test  #945: SandboxEditorUi.FileImportPrerequisitesAreDeterministic .........................................................   Passed    0.00 sec
          Start  946: SandboxEditorUi.FileImportDispatchRejectsInvalidPrerequisitesBeforeCallback
 939/4154 Test  #946: SandboxEditorUi.FileImportDispatchRejectsInvalidPrerequisitesBeforeCallback .....................................   Passed    0.00 sec
          Start  947: SandboxEditorUi.FileImportCommandRoutesThroughRuntimeOwnedSurface
 940/4154 Test  #947: SandboxEditorUi.FileImportCommandRoutesThroughRuntimeOwnedSurface ...............................................   Passed    0.00 sec
          Start  948: SandboxEditorUi.FileImportCommandTreatsAsyncPendingAsNonFailure
 941/4154 Test  #948: SandboxEditorUi.FileImportCommandTreatsAsyncPendingAsNonFailure .................................................   Passed    0.00 sec
          Start  949: SandboxEditorUi.SceneFileCommandRoutesThroughRuntimeOwnedSurface
 942/4154 Test  #949: SandboxEditorUi.SceneFileCommandRoutesThroughRuntimeOwnedSurface ................................................   Passed    0.00 sec
          Start  950: SandboxEditorUi.SceneLoadCommandTreatsAsyncPendingAsNonFailure
 943/4154 Test  #950: SandboxEditorUi.SceneLoadCommandTreatsAsyncPendingAsNonFailure ..................................................   Passed    0.00 sec
          Start  951: SandboxEditorUi.SceneSaveCommandTreatsAsyncPendingAsNonFailure
 944/4154 Test  #951: SandboxEditorUi.SceneSaveCommandTreatsAsyncPendingAsNonFailure ..................................................   Passed    0.00 sec
          Start  952: SandboxEditorUi.AssetWorkflowReportsMissingFile
 945/4154 Test  #952: SandboxEditorUi.AssetWorkflowReportsMissingFile .................................................................   Passed    0.04 sec
          Start  953: SandboxEditorUi.AssetWorkflowMaterializesStandaloneGeometryDomains
 946/4154 Test  #953: SandboxEditorUi.AssetWorkflowMaterializesStandaloneGeometryDomains ..............................................   Passed    0.04 sec
          Start  954: SandboxEditorUi.AssetWorkflowMaterializesNonManifoldObjAsRenderableMesh
 947/4154 Test  #954: SandboxEditorUi.AssetWorkflowMaterializesNonManifoldObjAsRenderableMesh .........................................   Passed    0.05 sec
          Start  955: SandboxEditorUi.AssetWorkflowMaterializesObjWithoutAuthoredTexcoordsAsRenderableMesh
 948/4154 Test  #955: SandboxEditorUi.AssetWorkflowMaterializesObjWithoutAuthoredTexcoordsAsRenderableMesh ............................   Passed    0.05 sec
          Start  956: SandboxEditorUi.QueuedManualGeometryImportsRemainResponsiveAndApplyOnce
 949/4154 Test  #956: SandboxEditorUi.QueuedManualGeometryImportsRemainResponsiveAndApplyOnce .........................................   Passed    0.12 sec
          Start  957: SandboxEditorUi.QueuedManualGeometryCancellationPreventsApply
 950/4154 Test  #957: SandboxEditorUi.QueuedManualGeometryCancellationPreventsApply ...................................................   Passed    0.07 sec
          Start  958: SandboxEditorUi.ShutdownCancelsBlockedManualGeometryBeforeSessionTeardown
 951/4154 Test  #958: SandboxEditorUi.ShutdownCancelsBlockedManualGeometryBeforeSessionTeardown .......................................   Passed    0.08 sec
          Start  959: SandboxEditorUi.QueuedManualGeometryDecodeFailureIsFailClosed
 952/4154 Test  #959: SandboxEditorUi.QueuedManualGeometryDecodeFailureIsFailClosed ...................................................   Passed    0.04 sec
          Start  960: SandboxEditorUi.DuplicateDroppedGeometryImportUsesSingleIngestRecord
 953/4154 Test  #960: SandboxEditorUi.DuplicateDroppedGeometryImportUsesSingleIngestRecord ............................................   Passed    0.08 sec
          Start  961: SandboxEditorUi.DroppedFileQueuePreservesOrderDiagnosticsAndClearCompleted
 954/4154 Test  #961: SandboxEditorUi.DroppedFileQueuePreservesOrderDiagnosticsAndClearCompleted ......................................   Passed    0.08 sec
          Start  962: SandboxEditorUi.DroppedGeometryQueueCancellationPreventsMainThreadApply
 955/4154 Test  #962: SandboxEditorUi.DroppedGeometryQueueCancellationPreventsMainThreadApply .........................................   Passed    0.05 sec
          Start  963: SandboxEditorUi.DroppedGeometryAssetReimportWaitReportsDeadlineAndCancellationPhase
 956/4154 Test  #963: SandboxEditorUi.DroppedGeometryAssetReimportWaitReportsDeadlineAndCancellationPhase .............................   Passed    0.29 sec
          Start  964: SandboxEditorUi.DroppedGeometryAssetReimportReloadsSameAssetWithoutDuplicateEntity
 957/4154 Test  #964: SandboxEditorUi.DroppedGeometryAssetReimportReloadsSameAssetWithoutDuplicateEntity ..............................   Passed    0.22 sec
          Start  965: SandboxEditorUi.PlatformDropEventImportsObjMeshSelectsItAndEnablesRenderComponents
 958/4154 Test  #965: SandboxEditorUi.PlatformDropEventImportsObjMeshSelectsItAndEnablesRenderComponents ..............................   Passed    0.05 sec
          Start  966: SandboxEditorUi.PlatformDropNoUvObjUploadsRawSurfaceBeforeDeferredPostProcess
 959/4154 Test  #966: SandboxEditorUi.PlatformDropNoUvObjUploadsRawSurfaceBeforeDeferredPostProcess ...................................   Passed    0.04 sec
          Start  967: SandboxEditorUi.DroppedFileImportFailureLogsDiagnostics
 960/4154 Test  #967: SandboxEditorUi.DroppedFileImportFailureLogsDiagnostics .........................................................   Passed    0.04 sec
          Start  968: SandboxEditorUi.PlatformDropEventImportsOffMesh
 961/4154 Test  #968: SandboxEditorUi.PlatformDropEventImportsOffMesh .................................................................   Passed    0.04 sec
          Start  969: SandboxEditorUi.ConfiguredBackendBornClosedLogsZeroFrameRunDiagnostic
 962/4154 Test  #969: SandboxEditorUi.ConfiguredBackendBornClosedLogsZeroFrameRunDiagnostic ...........................................   Passed    0.01 sec
          Start  970: SandboxEditorUi.PlatformCloseEventStopsEngineRunState
 963/4154 Test  #970: SandboxEditorUi.PlatformCloseEventStopsEngineRunState ...........................................................   Passed    0.04 sec
          Start  971: SandboxEditorUi.RenderRecipeEditorDraftValidationPreviewActivationAndCancel
 964/4154 Test  #971: SandboxEditorUi.RenderRecipeEditorDraftValidationPreviewActivationAndCancel .....................................   Passed    0.00 sec
          Start  972: SandboxEditorUi.RenderRecipeEditorUnchangedDraftIsNoOp
 965/4154 Test  #972: SandboxEditorUi.RenderRecipeEditorUnchangedDraftIsNoOp ..........................................................   Passed    0.00 sec
          Start  973: SandboxEditorUi.RenderRecipeEditorArtifactPublishAndApplyUseRegistry
 966/4154 Test  #973: SandboxEditorUi.RenderRecipeEditorArtifactPublishAndApplyUseRegistry ............................................   Passed    0.00 sec
          Start  974: SandboxEditorUi.ProgressivePoissonCommandPublishesPointPropertiesAndVisualization
 967/4154 Test  #974: SandboxEditorUi.ProgressivePoissonCommandPublishesPointPropertiesAndVisualization ...............................   Passed    0.00 sec
          Start  975: SandboxEditorUi.ProgressivePoissonPublishesIdenticalSourceCardinalityChannelsForEveryVertexDomain
 968/4154 Test  #975: SandboxEditorUi.ProgressivePoissonPublishesIdenticalSourceCardinalityChannelsForEveryVertexDomain ...............   Passed    0.00 sec
          Start  976: SandboxEditorUi.ProgressivePoissonPointHistoryRestoresExactOutputsAndRejectsStaleState
 969/4154 Test  #976: SandboxEditorUi.ProgressivePoissonPointHistoryRestoresExactOutputsAndRejectsStaleState ..........................   Passed    0.00 sec
          Start  977: SandboxEditorUi.ProgressivePoissonMeshVulkanRequestFallsBackWithoutDomainReplacement
 970/4154 Test  #977: SandboxEditorUi.ProgressivePoissonMeshVulkanRequestFallsBackWithoutDomainReplacement ............................   Passed    0.00 sec
          Start  978: SandboxEditorUi.ProgressivePoissonCommandMatchesDirectMethodConfig
 971/4154 Test  #978: SandboxEditorUi.ProgressivePoissonCommandMatchesDirectMethodConfig ..............................................   Passed    0.00 sec
          Start  979: SandboxEditorUi.ProgressivePoissonCpuRequestQueuesDerivedJobAndPublishesOnApply
 972/4154 Test  #979: SandboxEditorUi.ProgressivePoissonCpuRequestQueuesDerivedJobAndPublishesOnApply .................................   Passed    0.01 sec
          Start  980: SandboxEditorUi.ProgressivePoissonCpuDerivedJobDiscardsStalePointCloudBeforeApply
 973/4154 Test  #980: SandboxEditorUi.ProgressivePoissonCpuDerivedJobDiscardsStalePointCloudBeforeApply ...............................   Passed    0.01 sec
          Start  981: SandboxEditorUi.ProgressivePoissonGraphCpuJobRejectsStaleProductionConnectivity
 974/4154 Test  #981: SandboxEditorUi.ProgressivePoissonGraphCpuJobRejectsStaleProductionConnectivity .................................   Passed    0.01 sec
          Start  982: SandboxEditorUi.ProgressivePoissonMeshCpuRequestQueuesDerivedJobAndPublishesOnApply
 975/4154 Test  #982: SandboxEditorUi.ProgressivePoissonMeshCpuRequestQueuesDerivedJobAndPublishesOnApply .............................   Passed    0.02 sec
          Start  983: SandboxEditorUi.ProgressivePoissonMeshCpuJobRejectsStaleProductionConnectivity
 976/4154 Test  #983: SandboxEditorUi.ProgressivePoissonMeshCpuJobRejectsStaleProductionConnectivity ..................................   Passed    0.01 sec
          Start  984: SandboxEditorUi.ProgressivePoissonConfigCommandRoutesThroughConfigControl
 977/4154 Test  #984: SandboxEditorUi.ProgressivePoissonConfigCommandRoutesThroughConfigControl .......................................   Passed    0.01 sec
          Start  985: SandboxEditorUi.ClusteringSectionValidationKeepsPerFieldReferenceFallback
 978/4154 Test  #985: SandboxEditorUi.ClusteringSectionValidationKeepsPerFieldReferenceFallback .......................................   Passed    0.00 sec
          Start  986: SandboxEditorUi.ProgressivePoissonSectionValidationKeepsPerFieldReferenceFallback
 979/4154 Test  #986: SandboxEditorUi.ProgressivePoissonSectionValidationKeepsPerFieldReferenceFallback ...............................   Passed    0.00 sec
          Start  987: SandboxEditorUi.ProgressivePoissonCommandUsesMeshVerticesWithoutDomainReplacement
 980/4154 Test  #987: SandboxEditorUi.ProgressivePoissonCommandUsesMeshVerticesWithoutDomainReplacement ...............................   Passed    0.00 sec
          Start  988: SandboxEditorUi.ProgressivePoissonMeshHistoryPreservesTopologyDomainAndPresentation
 981/4154 Test  #988: SandboxEditorUi.ProgressivePoissonMeshHistoryPreservesTopologyDomainAndPresentation .............................   Passed    0.00 sec
          Start  989: SandboxEditorUi.ProgressivePoissonGraphHistoryPreservesTopologyOrderingAndProperties
 982/4154 Test  #989: SandboxEditorUi.ProgressivePoissonGraphHistoryPreservesTopologyOrderingAndProperties ............................   Passed    0.00 sec
          Start  990: SandboxEditorUi.RegistrationCommandAlignsSourceOntoTargetAndSupportsUndoRedo
 983/4154 Test  #990: SandboxEditorUi.RegistrationCommandAlignsSourceOntoTargetAndSupportsUndoRedo ....................................   Passed    0.01 sec
          Start  991: SandboxEditorUi.RegistrationRequestQueuesDerivedJobAndPublishesOnApply
 984/4154 Test  #991: SandboxEditorUi.RegistrationRequestQueuesDerivedJobAndPublishesOnApply ..........................................   Passed    0.01 sec
          Start  992: SandboxEditorUi.RegistrationDerivedJobDiscardsStaleSourceBeforeApply
 985/4154 Test  #992: SandboxEditorUi.RegistrationDerivedJobDiscardsStaleSourceBeforeApply ............................................   Passed    0.02 sec
          Start  993: SandboxEditorUi.RegistrationCommandFailsClosedForInvalidSelectionAndParameters
 986/4154 Test  #993: SandboxEditorUi.RegistrationCommandFailsClosedForInvalidSelectionAndParameters ..................................   Passed    0.00 sec
          Start  994: SandboxEditorUi.RegistrationCommandAlignsAcrossEntityTransforms
 987/4154 Test  #994: SandboxEditorUi.RegistrationCommandAlignsAcrossEntityTransforms .................................................   Passed    0.01 sec
          Start  995: SandboxEditorUi.MeshDenoiseCommandPublishesPositionsAndSupportsUndoRedo
 988/4154 Test  #995: SandboxEditorUi.MeshDenoiseCommandPublishesPositionsAndSupportsUndoRedo .........................................   Passed    0.00 sec
          Start  996: SandboxEditorUi.MeshDenoiseReportsNoChangeWhenEveryVertexIsPinned
 989/4154 Test  #996: SandboxEditorUi.MeshDenoiseReportsNoChangeWhenEveryVertexIsPinned ...............................................   Passed    0.00 sec
          Start  997: SandboxEditorUi.MeshDenoisePinnedRatioIsReportedForPartiallyPinnedRuns
 990/4154 Test  #997: SandboxEditorUi.MeshDenoisePinnedRatioIsReportedForPartiallyPinnedRuns ..........................................   Passed    0.00 sec
          Start  998: SandboxEditorUi.MeshDenoiseRequestQueuesDerivedJobAndPublishesOnApply
 991/4154 Test  #998: SandboxEditorUi.MeshDenoiseRequestQueuesDerivedJobAndPublishesOnApply ...........................................   Passed    0.01 sec
          Start  999: SandboxEditorUi.MeshDenoiseDerivedJobDiscardsStaleMeshBeforeApply
 992/4154 Test  #999: SandboxEditorUi.MeshDenoiseDerivedJobDiscardsStaleMeshBeforeApply ...............................................   Passed    0.01 sec
          Start 1000: SandboxEditorUi.PointCloudOutlierRemovalStatisticalPublishesKeptPointsWithUndoRedo
 993/4154 Test #1000: SandboxEditorUi.PointCloudOutlierRemovalStatisticalPublishesKeptPointsWithUndoRedo ..............................   Passed    0.01 sec
          Start 1001: SandboxEditorUi.PointCloudOutlierRemovalRequestQueuesDerivedJobAndPublishesOnApply
 994/4154 Test #1001: SandboxEditorUi.PointCloudOutlierRemovalRequestQueuesDerivedJobAndPublishesOnApply ..............................   Passed    0.02 sec
          Start 1002: SandboxEditorUi.PointCloudOutlierRemovalDerivedJobDiscardsStaleSource
 995/4154 Test #1002: SandboxEditorUi.PointCloudOutlierRemovalDerivedJobDiscardsStaleSource ...........................................   Passed    0.02 sec
          Start 1003: SandboxEditorUi.PointCloudOutlierRemovalDerivedJobDiscardsStaleProperty
 996/4154 Test #1003: SandboxEditorUi.PointCloudOutlierRemovalDerivedJobDiscardsStaleProperty .........................................   Passed    0.02 sec
          Start 1004: SandboxEditorUi.PointCloudOutlierRemovalRadiusPublishesAndFailsClosed
 997/4154 Test #1004: SandboxEditorUi.PointCloudOutlierRemovalRadiusPublishesAndFailsClosed ...........................................   Passed    0.01 sec
          Start 1005: SandboxEditorUi.PointCloudOutlierRemovalPreservesSurvivingPointProperties
 998/4154 Test #1005: SandboxEditorUi.PointCloudOutlierRemovalPreservesSurvivingPointProperties .......................................   Passed    0.01 sec
          Start 1006: SandboxEditorUi.PointCloudOutlierRemovalRespectsDeletedSlots
 999/4154 Test #1006: SandboxEditorUi.PointCloudOutlierRemovalRespectsDeletedSlots ....................................................   Passed    0.00 sec
          Start 1007: SandboxEditorUi.MeshDenoiseCommandFailsClosedForInvalidTargetsAndUnavailableKernel
1000/4154 Test #1007: SandboxEditorUi.MeshDenoiseCommandFailsClosedForInvalidTargetsAndUnavailableKernel ..............................   Passed    0.00 sec
          Start 1008: SandboxEditorUi.MeshCurvatureCommandPublishesCanonicalPropertiesAndSupportsUndoRedo
1001/4154 Test #1008: SandboxEditorUi.MeshCurvatureCommandPublishesCanonicalPropertiesAndSupportsUndoRedo .............................   Passed    0.01 sec
          Start 1009: SandboxEditorUi.MeshCurvatureRequestQueuesDerivedJobAndPublishesOnApply
1002/4154 Test #1009: SandboxEditorUi.MeshCurvatureRequestQueuesDerivedJobAndPublishesOnApply .........................................   Passed    0.01 sec
          Start 1010: SandboxEditorUi.MeshCurvatureDerivedJobDiscardsStalePropertiesBeforeApply
1003/4154 Test #1010: SandboxEditorUi.MeshCurvatureDerivedJobDiscardsStalePropertiesBeforeApply .......................................   Passed    0.01 sec
          Start 1011: SandboxEditorUi.MeshCurvatureCommandFallsBackToScalarOnlyWhenDirectionsUnavailable
1004/4154 Test #1011: SandboxEditorUi.MeshCurvatureCommandFallsBackToScalarOnlyWhenDirectionsUnavailable ..............................   Passed    0.01 sec
          Start 1012: SandboxEditorUi.MeshCurvatureCommandFailsClosedForInvalidTargetsAndConflicts
1005/4154 Test #1012: SandboxEditorUi.MeshCurvatureCommandFailsClosedForInvalidTargetsAndConflicts ....................................   Passed    0.00 sec
          Start 1013: SandboxEditorUi.MeshRemeshCommandReplacesTopologyAndSupportsUndoRedo
1006/4154 Test #1013: SandboxEditorUi.MeshRemeshCommandReplacesTopologyAndSupportsUndoRedo ............................................   Passed    0.01 sec
          Start 1014: SandboxEditorUi.MeshRemeshRequestQueuesDerivedJobAndPublishesOnApply
1007/4154 Test #1014: SandboxEditorUi.MeshRemeshRequestQueuesDerivedJobAndPublishesOnApply ............................................   Passed    0.02 sec
          Start 1015: SandboxEditorUi.MeshSubdivideCommandReplacesTopologyForAllOperatorsAndSupportsUndoRedo
1008/4154 Test #1015: SandboxEditorUi.MeshSubdivideCommandReplacesTopologyForAllOperatorsAndSupportsUndoRedo ..........................   Passed    0.01 sec
          Start 1016: SandboxEditorUi.MeshSubdivideRequestQueuesDerivedJobAndPublishesOnApply
1009/4154 Test #1016: SandboxEditorUi.MeshSubdivideRequestQueuesDerivedJobAndPublishesOnApply .........................................   Passed    0.01 sec
          Start 1017: SandboxEditorUi.MeshSubdivideDerivedJobDiscardsStaleMeshBeforeApply
1010/4154 Test #1017: SandboxEditorUi.MeshSubdivideDerivedJobDiscardsStaleMeshBeforeApply .............................................   Passed    0.01 sec
          Start 1018: SandboxEditorUi.MeshSubdivideDerivedJobDiscardsStaleTopologyBeforeApply
1011/4154 Test #1018: SandboxEditorUi.MeshSubdivideDerivedJobDiscardsStaleTopologyBeforeApply .........................................   Passed    0.02 sec
          Start 1019: SandboxEditorUi.MeshSimplifyCommandReducesFaceCountAndSupportsUndoRedo
1012/4154 Test #1019: SandboxEditorUi.MeshSimplifyCommandReducesFaceCountAndSupportsUndoRedo ..........................................   Passed    0.01 sec
          Start 1020: SandboxEditorUi.MeshSimplifyRequestQueuesDerivedJobAndPublishesOnApply
1013/4154 Test #1020: SandboxEditorUi.MeshSimplifyRequestQueuesDerivedJobAndPublishesOnApply ..........................................   Passed    0.02 sec
          Start 1021: SandboxEditorUi.MeshSimplifyAppliesAgainAfterAnEarlierTopologyEdit
1014/4154 Test #1021: SandboxEditorUi.MeshSimplifyAppliesAgainAfterAnEarlierTopologyEdit ..............................................   Passed    0.02 sec
          Start 1022: SandboxEditorUi.MeshSubdivideAndRemeshApplyAfterAnEarlierSimplify
1015/4154 Test #1022: SandboxEditorUi.MeshSubdivideAndRemeshApplyAfterAnEarlierSimplify ...............................................   Passed    0.02 sec
          Start 1023: SandboxEditorUi.MeshSimplifyStaleDiscardReportsTerminalResultInsteadOfStayingPending
1016/4154 Test #1023: SandboxEditorUi.MeshSimplifyStaleDiscardReportsTerminalResultInsteadOfStayingPending ............................   Passed    0.02 sec
          Start 1024: SandboxEditorUi.MeshRemeshAndSubdivideStaleDiscardsReportTerminalResults
1017/4154 Test #1024: SandboxEditorUi.MeshRemeshAndSubdivideStaleDiscardsReportTerminalResults ........................................   Passed    0.02 sec
          Start 1025: SandboxEditorUi.MeshSimplifyCommandFailsClosedForInvalidTargetsAndUnavailableKernel
1018/4154 Test #1025: SandboxEditorUi.MeshSimplifyCommandFailsClosedForInvalidTargetsAndUnavailableKernel .............................   Passed    0.00 sec
          Start 1026: SandboxEditorUi.MeshSimplifyPreservesUvSeamsWhenTexcoordsPresent
1019/4154 Test #1026: SandboxEditorUi.MeshSimplifyPreservesUvSeamsWhenTexcoordsPresent ................................................   Passed    0.01 sec
          Start 1027: SandboxEditorUi.MeshTopologyProcessingCommandsFailClosedForInvalidTargetsAndUnavailableKernels
1020/4154 Test #1027: SandboxEditorUi.MeshTopologyProcessingCommandsFailClosedForInvalidTargetsAndUnavailableKernels ..................   Passed    0.00 sec
          Start 1028: SandboxEditorUi.MeshVertexNormalsCommandPublishesCanonicalNormalsForAllWeightings
1021/4154 Test #1028: SandboxEditorUi.MeshVertexNormalsCommandPublishesCanonicalNormalsForAllWeightings ...............................   Passed    0.01 sec
          Start 1029: SandboxEditorUi.MeshVertexNormalsRequestQueuesDerivedJobAndPublishesOnApply
1022/4154 Test #1029: SandboxEditorUi.MeshVertexNormalsRequestQueuesDerivedJobAndPublishesOnApply .....................................   Passed    0.01 sec
          Start 1030: SandboxEditorUi.GraphAndPointCloudVertexNormalsRequestsQueueDerivedJobsAndPublishOnApply
1023/4154 Test #1030: SandboxEditorUi.GraphAndPointCloudVertexNormalsRequestsQueueDerivedJobsAndPublishOnApply ........................   Passed    0.01 sec
          Start 1031: SandboxEditorUi.VertexNormalsDerivedJobsDiscardStaleSourcesBeforeApply
1024/4154 Test #1031: SandboxEditorUi.VertexNormalsDerivedJobsDiscardStaleSourcesBeforeApply ..........................................   Passed    0.03 sec
          Start 1032: SandboxEditorUi.DirectMeshPostProcessDiscardsCompletionAfterGeometryEdit
1025/4154 Test #1032: SandboxEditorUi.DirectMeshPostProcessDiscardsCompletionAfterGeometryEdit ........................................   Passed    0.04 sec
          Start 1033: SandboxEditorUi.DirectMeshPostProcessPreservesNewerUvAndSourceProperties
1026/4154 Test #1033: SandboxEditorUi.DirectMeshPostProcessPreservesNewerUvAndSourceProperties ........................................   Passed    0.04 sec
          Start 1034: SandboxEditorUi.DirectMeshPostProcessDiscardsCompletionAfterBindingChange
1027/4154 Test #1034: SandboxEditorUi.DirectMeshPostProcessDiscardsCompletionAfterBindingChange .......................................   Passed    0.04 sec
          Start 1035: SandboxEditorUi.DirectMeshPostProcessPendingStateGatesMutatingActions
1028/4154 Test #1035: SandboxEditorUi.DirectMeshPostProcessPendingStateGatesMutatingActions ...........................................   Passed    0.04 sec
          Start 1036: SandboxEditorUi.DirectMeshPostProcessDiscardsCompletionAfterWorldSwitch
1029/4154 Test #1036: SandboxEditorUi.DirectMeshPostProcessDiscardsCompletionAfterWorldSwitch .........................................   Passed    0.04 sec
          Start 1037: SandboxEditorUi.DirectMeshPostProcessWorldDestructionIsLifetimeSafe
1030/4154 Test #1037: SandboxEditorUi.DirectMeshPostProcessWorldDestructionIsLifetimeSafe .............................................   Passed    0.04 sec
          Start 1038: SandboxEditorUi.DirectMeshPostProcessRejectsRecycledEntityTarget
1031/4154 Test #1038: SandboxEditorUi.DirectMeshPostProcessRejectsRecycledEntityTarget ................................................   Passed    0.04 sec
          Start 1039: SandboxEditorUi.MeshVertexNormalsCommandFailsClosedForInvalidTargets
1032/4154 Test #1039: SandboxEditorUi.MeshVertexNormalsCommandFailsClosedForInvalidTargets ............................................   Passed    0.00 sec
          Start 1040: SandboxEditorUi.QueuedMeshJobIsNotReportedAsAProcessingFailure
1033/4154 Test #1040: SandboxEditorUi.QueuedMeshJobIsNotReportedAsAProcessingFailure ..................................................   Passed    0.02 sec
          Start 1041: SandboxEditorUi.OneOperationsFailureIsAbsentFromTheSharedProcessingModel
1034/4154 Test #1041: SandboxEditorUi.OneOperationsFailureIsAbsentFromTheSharedProcessingModel ........................................   Passed    0.00 sec
          Start 1042: SandboxEditorUi.GraphAndPointCloudVertexNormalsCommandsPublishCanonicalNormals
1035/4154 Test #1042: SandboxEditorUi.GraphAndPointCloudVertexNormalsCommandsPublishCanonicalNormals ..................................   Passed    0.00 sec
          Start 1043: SandboxEditorUi.GraphAndPointCloudVertexNormalsCommandsFailClosedForInvalidTargets
1036/4154 Test #1043: SandboxEditorUi.GraphAndPointCloudVertexNormalsCommandsFailClosedForInvalidTargets ..............................   Passed    0.00 sec
          Start 1044: SandboxEditorUi.UvRegenerationCommandRepairsSelectedMeshTexcoords
1037/4154 Test #1044: SandboxEditorUi.UvRegenerationCommandRepairsSelectedMeshTexcoords ...............................................   Passed    0.01 sec
          Start 1045: SandboxEditorUi.UvRegenerationRequestQueuesDerivedJobAndPublishesOnApply
1038/4154 Test #1045: SandboxEditorUi.UvRegenerationRequestQueuesDerivedJobAndPublishesOnApply ........................................   Passed    0.01 sec
          Start 1046: SandboxEditorUi.UvRegenerationDuplicateSubmitUsesExistingActiveJob
1039/4154 Test #1046: SandboxEditorUi.UvRegenerationDuplicateSubmitUsesExistingActiveJob ..............................................   Passed    0.02 sec
          Start 1047: SandboxEditorUi.UvRegenerationDerivedJobDiscardsStaleSource
1040/4154 Test #1047: SandboxEditorUi.UvRegenerationDerivedJobDiscardsStaleSource .....................................................   Passed    0.01 sec
          Start 1048: SandboxEditorUi.UvRegenerationDerivedJobDiscardsStaleAuthoredProperty
1041/4154 Test #1048: SandboxEditorUi.UvRegenerationDerivedJobDiscardsStaleAuthoredProperty ...........................................   Passed    0.02 sec
          Start 1049: SandboxEditorUi.UvRegenerationPanelModelTracksDerivedJobStateThroughCache
1042/4154 Test #1049: SandboxEditorUi.UvRegenerationPanelModelTracksDerivedJobStateThroughCache .......................................   Passed    0.02 sec
          Start 1050: SandboxEditorUi.TextureBakeControlsReportUvSourcesAndRequireRuntimeModule
1043/4154 Test #1050: SandboxEditorUi.TextureBakeControlsReportUvSourcesAndRequireRuntimeModule .......................................   Passed    0.01 sec
          Start 1051: SandboxEditorUi.AttachedEngineContextWiresTextureBakeModule
1044/4154 Test #1051: SandboxEditorUi.AttachedEngineContextWiresTextureBakeModule .....................................................   Passed    0.04 sec
          Start 1052: SandboxEditorUi.TextureBakeOperationDoesNotBypassUnavailableRuntimeModule
1045/4154 Test #1052: SandboxEditorUi.TextureBakeOperationDoesNotBypassUnavailableRuntimeModule .......................................   Passed    0.00 sec
          Start 1053: SandboxEditorUi.UnavailableTextureBakeModuleHasNoCpuFallback
1046/4154 Test #1053: SandboxEditorUi.UnavailableTextureBakeModuleHasNoCpuFallback ....................................................   Passed    0.00 sec
          Start 1054: SandboxEditorUi.TextureBakeModuleAvailabilityPrecedesAssetCreation
1047/4154 Test #1054: SandboxEditorUi.TextureBakeModuleAvailabilityPrecedesAssetCreation ..............................................   Passed    0.00 sec
          Start 1055: SandboxEditorUi.TextureBakeRequiresOperationalGpuBackend
1048/4154 Test #1055: SandboxEditorUi.TextureBakeRequiresOperationalGpuBackend ........................................................   Passed    0.00 sec
          Start 1056: SandboxEditorUi.VertexChannelBindingCommandRebindsNormalsForMeshGraphAndPointCloud
1049/4154 Test #1056: SandboxEditorUi.VertexChannelBindingCommandRebindsNormalsForMeshGraphAndPointCloud ..............................   Passed    0.01 sec
          Start 1057: SandboxEditorUi.VertexChannelBindingCommandBindsColorAndDisablesCleanly
1050/4154 Test #1057: SandboxEditorUi.VertexChannelBindingCommandBindsColorAndDisablesCleanly .........................................   Passed    0.00 sec
          Start 1058: SandboxEditorUi.VertexChannelBindingHistoryRestoresExactlyAndRejectsInterveningState
1051/4154 Test #1058: SandboxEditorUi.VertexChannelBindingHistoryRestoresExactlyAndRejectsInterveningState ............................   Passed    0.00 sec
          Start 1059: SandboxEditorUi.VisualizationPropertyPresetCommandRoutesThroughConfig
1052/4154 Test #1059: SandboxEditorUi.VisualizationPropertyPresetCommandRoutesThroughConfig ...........................................   Passed    0.00 sec
          Start 1060: SandboxEditorUi.RenderHintCommandEditsDomainComponentsAndHistory
1053/4154 Test #1060: SandboxEditorUi.RenderHintCommandEditsDomainComponentsAndHistory ................................................   Passed    0.00 sec
          Start 1061: SandboxEditorUi.RenderHintCommandRepackagesGraphLaneResidency
1054/4154 Test #1061: SandboxEditorUi.RenderHintCommandRepackagesGraphLaneResidency ...................................................   Passed    0.04 sec
          Start 1062: SandboxEditorUi.SelectEntityCommandRoutesThroughSelectionController
1055/4154 Test #1062: SandboxEditorUi.SelectEntityCommandRoutesThroughSelectionController .............................................   Passed    0.00 sec
          Start 1063: SandboxEditorUi.TransformEditCommandMutatesLocalTransformAndMarksDirty
1056/4154 Test #1063: SandboxEditorUi.TransformEditCommandMutatesLocalTransformAndMarksDirty ..........................................   Passed    0.00 sec
          Start 1064: SandboxEditorUi.TransformEditHistoryRejectsInterveningStateAndRestoresExactly
1057/4154 Test #1064: SandboxEditorUi.TransformEditHistoryRejectsInterveningStateAndRestoresExactly ...................................   Passed    0.00 sec
          Start 1065: SandboxEditorUi.CameraControllerCommandReplacesMainController
1058/4154 Test #1065: SandboxEditorUi.CameraControllerCommandReplacesMainController ...................................................   Passed    0.00 sec
          Start 1066: SandboxEditorUi.PrimitiveViewCommandTranslatesToRenderHintComponents
1059/4154 Test #1066: SandboxEditorUi.PrimitiveViewCommandTranslatesToRenderHintComponents ............................................   Passed    0.00 sec
          Start 1067: SandboxEditorUi.PrimitiveViewHistoryRejectsInterveningRenderHints
1060/4154 Test #1067: SandboxEditorUi.PrimitiveViewHistoryRejectsInterveningRenderHints ...............................................   Passed    0.00 sec
          Start 1068: SandboxEditorUi.VisualizationConfigCommandRoutesThroughSelectedEntity
1061/4154 Test #1068: SandboxEditorUi.VisualizationConfigCommandRoutesThroughSelectedEntity ...........................................   Passed    0.00 sec
          Start 1069: SandboxEditorUi.VisualizationConfigCommandTargetsPointLaneOverride
1062/4154 Test #1069: SandboxEditorUi.VisualizationConfigCommandTargetsPointLaneOverride ..............................................   Passed    0.00 sec
          Start 1070: SandboxEditorUi.VisualizationConfigHistoryRejectsInterveningStateAndRestoresExactly
1063/4154 Test #1070: SandboxEditorUi.VisualizationConfigHistoryRejectsInterveningStateAndRestoresExactly .............................   Passed    0.01 sec
          Start 1071: SandboxEditorUi.VisualizationRecipeCommandRoutesThroughRuntimeSurface
1064/4154 Test #1071: SandboxEditorUi.VisualizationRecipeCommandRoutesThroughRuntimeSurface ...........................................   Passed    0.00 sec
          Start 1072: SandboxEditorUi.GeometryPresentationSlotCommandsUseCommandHistory
1065/4154 Test #1072: SandboxEditorUi.GeometryPresentationSlotCommandsUseCommandHistory ...............................................   Passed    0.00 sec
          Start 1073: SandboxEditorUi.GeometryPresentationHistoryRejectsInterveningGenerationWithoutMutation
1066/4154 Test #1073: SandboxEditorUi.GeometryPresentationHistoryRejectsInterveningGenerationWithoutMutation ..........................   Passed    0.00 sec
          Start 1074: SandboxEditorProgressivePoisson.CopiedReadinessExplainsInvalidVertexPositions
1067/4154 Test #1074: SandboxEditorProgressivePoisson.CopiedReadinessExplainsInvalidVertexPositions ...................................   Passed    0.00 sec
          Start 1075: SandboxEditorSession.UnattachedPrepareFrameFailsClosed
1068/4154 Test #1075: SandboxEditorSession.UnattachedPrepareFrameFailsClosed ..........................................................   Passed    0.00 sec
          Start 1076: SandboxEditorSession.AttachPrepareDetachBoundsPreparedFrameLifetime
1069/4154 Test #1076: SandboxEditorSession.AttachPrepareDetachBoundsPreparedFrameLifetime .............................................   Passed    0.04 sec
          Start 1077: SandboxEditorSession.StaleCopiedCommandSurfacesFailAfterDetachAndReattach
1070/4154 Test #1077: SandboxEditorSession.StaleCopiedCommandSurfacesFailAfterDetachAndReattach .......................................   Passed    0.04 sec
          Start 1078: SandboxEditorSession.ReattachObservesEqualSequenceFromDifferentEngine
1071/4154 Test #1078: SandboxEditorSession.ReattachObservesEqualSequenceFromDifferentEngine ...........................................   Passed    0.07 sec
          Start 1079: SandboxEditorSession.DismissClearsOneGeometryProcessingResultSlot
1072/4154 Test #1079: SandboxEditorSession.DismissClearsOneGeometryProcessingResultSlot ...............................................   Passed    0.04 sec
          Start 1080: RuntimeTextureBakeModule.RepresentationDefaultsPreserveRawScalarData
1073/4154 Test #1080: RuntimeTextureBakeModule.RepresentationDefaultsPreserveRawScalarData ............................................   Passed    0.00 sec
          Start 1081: RuntimeTextureBakeModule.NormalAndLabelDefaultsChooseEncodedStorage
1074/4154 Test #1081: RuntimeTextureBakeModule.NormalAndLabelDefaultsChooseEncodedStorage .............................................   Passed    0.00 sec
          Start 1082: RuntimeTextureBakeModule.RepresentationMatrixRejectsEncodersThatDoNotMatchStorageAndValueType
1075/4154 Test #1082: RuntimeTextureBakeModule.RepresentationMatrixRejectsEncodersThatDoNotMatchStorageAndValueType ...................   Passed    0.00 sec
          Start 1083: RuntimeTextureBakeModule.ServiceFailsClosedWithoutGpuComposition
1076/4154 Test #1083: RuntimeTextureBakeModule.ServiceFailsClosedWithoutGpuComposition ................................................   Passed    0.00 sec
          Start 1084: SelectionController.ClickHitSelectsEntityAndPopulatesSnapshot
1077/4154 Test #1084: SelectionController.ClickHitSelectsEntityAndPopulatesSnapshot ...................................................   Passed    0.00 sec
          Start 1085: SelectionController.ReplaceClickSwitchesSelection
1078/4154 Test #1085: SelectionController.ReplaceClickSwitchesSelection ...............................................................   Passed    0.00 sec
          Start 1086: SelectionController.AddModeAccumulatesInInsertionOrder
1079/4154 Test #1086: SelectionController.AddModeAccumulatesInInsertionOrder ..........................................................   Passed    0.00 sec
          Start 1087: SelectionController.ToggleModeRemovesSelectedEntity
1080/4154 Test #1087: SelectionController.ToggleModeRemovesSelectedEntity .............................................................   Passed    0.00 sec
          Start 1088: SelectionController.ReplaceThenAddModesBuildMultiSelection
1081/4154 Test #1088: SelectionController.ReplaceThenAddModesBuildMultiSelection ......................................................   Passed    0.00 sec
          Start 1089: SelectionController.ToggleModeAddsAndRemovesFromMultiSelection
1082/4154 Test #1089: SelectionController.ToggleModeAddsAndRemovesFromMultiSelection ..................................................   Passed    0.00 sec
          Start 1090: SelectionController.HoverHitSetsHoverWithoutChangingSelection
1083/4154 Test #1090: SelectionController.HoverHitSetsHoverWithoutChangingSelection ...................................................   Passed    0.00 sec
          Start 1091: SelectionController.BackgroundHoverClearsHover
1084/4154 Test #1091: SelectionController.BackgroundHoverClearsHover ..................................................................   Passed    0.00 sec
          Start 1092: SelectionController.ClearSceneStateDropsSelectionHoverAndPickQueues
1085/4154 Test #1092: SelectionController.ClearSceneStateDropsSelectionHoverAndPickQueues .............................................   Passed    0.00 sec
          Start 1093: SelectionController.BackgroundClickClearsSelectionInReplaceMode
1086/4154 Test #1093: SelectionController.BackgroundClickClearsSelectionInReplaceMode .................................................   Passed    0.00 sec
          Start 1094: SelectionController.BackgroundClickKeepsSelectionInAddMode
1087/4154 Test #1094: SelectionController.BackgroundClickKeepsSelectionInAddMode ......................................................   Passed    0.00 sec
          Start 1095: SelectionController.StaleEntityHitIsRejected
1088/4154 Test #1095: SelectionController.StaleEntityHitIsRejected ....................................................................   Passed    0.00 sec
          Start 1096: SelectionController.NonSelectableHitIsRejected
1089/4154 Test #1096: SelectionController.NonSelectableHitIsRejected ..................................................................   Passed    0.00 sec
          Start 1097: SelectionController.CoalescesMultipleSameFrameEventsIntoOnePick
1090/4154 Test #1097: SelectionController.CoalescesMultipleSameFrameEventsIntoOnePick .................................................   Passed    0.00 sec
          Start 1098: SelectionController.ClickSupersedesPendingHover
1091/4154 Test #1098: SelectionController.ClickSupersedesPendingHover .................................................................   Passed    0.00 sec
          Start 1099: SelectionController.LatestHoverPositionWinsWhileNoClickPending
1092/4154 Test #1099: SelectionController.LatestHoverPositionWinsWhileNoClickPending ..................................................   Passed    0.00 sec
          Start 1100: SelectionController.DrainedHoverKindAppliesHoverNotSelection
1093/4154 Test #1100: SelectionController.DrainedHoverKindAppliesHoverNotSelection ....................................................   Passed    0.00 sec
          Start 1101: SelectionController.ProgrammaticSelectAndClear
1094/4154 Test #1101: SelectionController.ProgrammaticSelectAndClear ..................................................................   Passed    0.00 sec
          Start 1102: SelectionController.SelectionGenerationTracksSelectedSetChanges
1095/4154 Test #1102: SelectionController.SelectionGenerationTracksSelectedSetChanges .................................................   Passed    0.00 sec
          Start 1103: SelectionController.ProgrammaticSelectRejectsInvalidEntity
1096/4154 Test #1103: SelectionController.ProgrammaticSelectRejectsInvalidEntity ......................................................   Passed    0.00 sec
          Start 1104: SelectionController.DrainedPickCarriesMonotonicSequence
1097/4154 Test #1104: SelectionController.DrainedPickCarriesMonotonicSequence .........................................................   Passed    0.00 sec
          Start 1105: SelectionController.MultipleInFlightPicksReplayOwnKindBySequence
1098/4154 Test #1105: SelectionController.MultipleInFlightPicksReplayOwnKindBySequence ................................................   Passed    0.00 sec
          Start 1106: SelectionController.InFlightPicksResolveCorrectlyOutOfOrder
1099/4154 Test #1106: SelectionController.InFlightPicksResolveCorrectlyOutOfOrder .....................................................   Passed    0.00 sec
          Start 1107: SelectionController.ConvenienceOverloadConsumesOldestInFlight
1100/4154 Test #1107: SelectionController.ConvenienceOverloadConsumesOldestInFlight ...................................................   Passed    0.00 sec
          Start 1108: SelectionController.InFlightCapacityEvictsOldestUnresolved
1101/4154 Test #1108: SelectionController.InFlightCapacityEvictsOldestUnresolved ......................................................   Passed    0.00 sec
          Start 1109: SelectionController.StandaloneUnsequencedReadbackAppliesAsClick
1102/4154 Test #1109: SelectionController.StandaloneUnsequencedReadbackAppliesAsClick .................................................   Passed    0.00 sec
          Start 1110: SelectionController.ReadbackCountersReconcile
1103/4154 Test #1110: SelectionController.ReadbackCountersReconcile ...................................................................   Passed    0.00 sec
          Start 1111: SelectionController.ClickHitSelectsFirstRegistryEntityWithRawIdZero
1104/4154 Test #1111: SelectionController.ClickHitSelectsFirstRegistryEntityWithRawIdZero .............................................   Passed    0.00 sec
          Start 1112: SelectionSnapshotExtraction.SelectedEntityMirrorsIntoRenderWorldSelection
1105/4154 Test #1112: SelectionSnapshotExtraction.SelectedEntityMirrorsIntoRenderWorldSelection .......................................   Passed    0.05 sec
          Start 1113: SelectionSnapshotExtraction.HoveredEntityMirrorsIntoRenderWorldSelection
1106/4154 Test #1113: SelectionSnapshotExtraction.HoveredEntityMirrorsIntoRenderWorldSelection ........................................   Passed    0.05 sec
          Start 1114: SelectionSnapshotExtraction.AdditiveSelectionMirrorsAllSelectedIds
1107/4154 Test #1114: SelectionSnapshotExtraction.AdditiveSelectionMirrorsAllSelectedIds ..............................................   Passed    0.05 sec
          Start 1115: SelectionSnapshotExtraction.OmittedInteractionSnapshotLeavesSelectionEmpty
1108/4154 Test #1115: SelectionSnapshotExtraction.OmittedInteractionSnapshotLeavesSelectionEmpty ......................................   Passed    0.06 sec
          Start 1116: SelectionSnapshotExtraction.ClearedSelectionMirrorsEmptyOnNextExtraction
1109/4154 Test #1116: SelectionSnapshotExtraction.ClearedSelectionMirrorsEmptyOnNextExtraction ........................................   Passed    0.06 sec
          Start 1117: SelectionSnapshotExtraction.SubmissionCopiesCallerOwnedVectorsBeforeExtraction
1110/4154 Test #1117: SelectionSnapshotExtraction.SubmissionCopiesCallerOwnedVectorsBeforeExtraction ..................................   Passed    0.05 sec
          Start 1118: SelectionSnapshotExtraction.MismatchedWorldSnapshotFailsClosed
1111/4154 Test #1118: SelectionSnapshotExtraction.MismatchedWorldSnapshotFailsClosed ..................................................   Passed    0.05 sec
          Start 1119: SelectionSnapshotExtraction.EmptyWorldSnapshotClearsPriorSelectionHoverAndGizmoPackets
1112/4154 Test #1119: SelectionSnapshotExtraction.EmptyWorldSnapshotClearsPriorSelectionHoverAndGizmoPackets ..........................   Passed    0.06 sec
          Start 1120: SelectionStableLookupComposition.HitResolvesThroughAttachedLookupAndSelects
1113/4154 Test #1120: SelectionStableLookupComposition.HitResolvesThroughAttachedLookupAndSelects .....................................   Passed    0.00 sec
          Start 1121: SelectionStableLookupComposition.RecycledSlotRenderIdRejectedAsStaleNotMisapplied
1114/4154 Test #1121: SelectionStableLookupComposition.RecycledSlotRenderIdRejectedAsStaleNotMisapplied ...............................   Passed    0.00 sec
          Start 1122: SelectionStableLookupComposition.SetSelectedByStableEntityIdRoutesThroughLookup
1115/4154 Test #1122: SelectionStableLookupComposition.SetSelectedByStableEntityIdRoutesThroughLookup .................................   Passed    0.00 sec
          Start 1123: SelectionStableLookupComposition.NoAttachedLookupFallsBackToBareDecode
1116/4154 Test #1123: SelectionStableLookupComposition.NoAttachedLookupFallsBackToBareDecode ..........................................   Passed    0.00 sec
          Start 1124: SelectionStableLookupComposition.IncrementalDurableMapTracksRecycledStableIdOwner
1117/4154 Test #1124: SelectionStableLookupComposition.IncrementalDurableMapTracksRecycledStableIdOwner ...............................   Passed    0.00 sec
          Start 1125: SelectionStableLookupComposition.EngineTracksStableIdEventsWithoutRunFrameRebuild
1118/4154 Test #1125: SelectionStableLookupComposition.EngineTracksStableIdEventsWithoutRunFrameRebuild ...............................   Passed    0.04 sec
          Start 1126: SelectionStableLookupComposition.SceneLoadRebuildsStableLookupAtReplacementBoundary
1119/4154 Test #1126: SelectionStableLookupComposition.SceneLoadRebuildsStableLookupAtReplacementBoundary .............................   Passed    0.04 sec
          Start 1127: StableEntityLookup.ResolvesEntityWithValidStableId
1120/4154 Test #1127: StableEntityLookup.ResolvesEntityWithValidStableId ..............................................................   Passed    0.00 sec
          Start 1128: StableEntityLookup.MissingAndSentinelLookupsAreCountedAndReturnNullopt
1121/4154 Test #1128: StableEntityLookup.MissingAndSentinelLookupsAreCountedAndReturnNullopt ..........................................   Passed    0.00 sec
          Start 1129: StableEntityLookup.SentinelStableIdIsNotTracked
1122/4154 Test #1129: StableEntityLookup.SentinelStableIdIsNotTracked .................................................................   Passed    0.00 sec
          Start 1130: StableEntityLookup.TrackFoldsSingleEntityAndForgetDropsIt
1123/4154 Test #1130: StableEntityLookup.TrackFoldsSingleEntityAndForgetDropsIt .......................................................   Passed    0.00 sec
          Start 1131: StableEntityLookup.TrackAfterStableIdReassignmentDropsOldWinnerEntry
1124/4154 Test #1131: StableEntityLookup.TrackAfterStableIdReassignmentDropsOldWinnerEntry ............................................   Passed    0.00 sec
          Start 1132: StableEntityLookup.ForgetAfterReassignmentLeavesNoStaleEntry
1125/4154 Test #1132: StableEntityLookup.ForgetAfterReassignmentLeavesNoStaleEntry ....................................................   Passed    0.00 sec
          Start 1133: StableEntityLookup.TrackIgnoresEntityWithoutValidStableId
1126/4154 Test #1133: StableEntityLookup.TrackIgnoresEntityWithoutValidStableId .......................................................   Passed    0.00 sec
          Start 1134: StableEntityLookup.DuplicateStableIdKeepsSmallestRenderIdWinnerDeterministically
1127/4154 Test #1134: StableEntityLookup.DuplicateStableIdKeepsSmallestRenderIdWinnerDeterministically ................................   Passed    0.00 sec
          Start 1135: StableEntityLookup.IncrementalTrackOrderDoesNotChangeDuplicateWinner
1128/4154 Test #1135: StableEntityLookup.IncrementalTrackOrderDoesNotChangeDuplicateWinner ............................................   Passed    0.00 sec
          Start 1136: StableEntityLookup.StaleEntityResolutionInvalidatesDeterministically
1129/4154 Test #1136: StableEntityLookup.StaleEntityResolutionInvalidatesDeterministically ............................................   Passed    0.00 sec
          Start 1137: StableEntityLookup.PruneStaleDropsDestroyedWinnersInBulk
1130/4154 Test #1137: StableEntityLookup.PruneStaleDropsDestroyedWinnersInBulk ........................................................   Passed    0.00 sec
          Start 1138: StableEntityLookup.ResolvesByEnttBackedRenderId
1131/4154 Test #1138: StableEntityLookup.ResolvesByEnttBackedRenderId .................................................................   Passed    0.00 sec
          Start 1139: StableEntityLookup.RenderIdOfDestroyedEntityIsRejectedAsStale
1132/4154 Test #1139: StableEntityLookup.RenderIdOfDestroyedEntityIsRejectedAsStale ...................................................   Passed    0.00 sec
          Start 1140: StableEntityLookup.ResolveSelectedReturnsLiveSubsetInInputOrder
1133/4154 Test #1140: StableEntityLookup.ResolveSelectedReturnsLiveSubsetInInputOrder .................................................   Passed    0.00 sec
          Start 1141: StableEntityLookup.RebuildReplacesPriorStateAndClearEmptiesMap
1134/4154 Test #1141: StableEntityLookup.RebuildReplacesPriorStateAndClearEmptiesMap ..................................................   Passed    0.00 sec
          Start 1142: StableEntityLookup.RenderIdOfFirstRegistryEntityIsNotBackgroundSentinel
1135/4154 Test #1142: StableEntityLookup.RenderIdOfFirstRegistryEntityIsNotBackgroundSentinel .........................................   Passed    0.00 sec
          Start 1143: StableEntityLookup.BackgroundRenderIdDecodesToInvalidHandle
1136/4154 Test #1143: StableEntityLookup.BackgroundRenderIdDecodesToInvalidHandle .....................................................   Passed    0.00 sec
          Start 1144: StableEntityLookup.RenderIdRoundTripsAcrossRecycledVersions
1137/4154 Test #1144: StableEntityLookup.RenderIdRoundTripsAcrossRecycledVersions .....................................................   Passed    0.00 sec
          Start 1145: VertexAttributeBinding.MissingPropertyFallsBackWhenAllowed
1138/4154 Test #1145: VertexAttributeBinding.MissingPropertyFallsBackWhenAllowed ......................................................   Passed    0.00 sec
          Start 1146: VertexAttributeBinding.MissingPropertyNotPopulatedWhenFallbackDisabled
1139/4154 Test #1146: VertexAttributeBinding.MissingPropertyNotPopulatedWhenFallbackDisabled ..........................................   Passed    0.00 sec
          Start 1147: VertexAttributeBinding.TypeMismatchIsDistinctFromMissing
1140/4154 Test #1147: VertexAttributeBinding.TypeMismatchIsDistinctFromMissing ........................................................   Passed    0.00 sec
          Start 1148: VertexAttributeBinding.CountMismatchFallsBack
1141/4154 Test #1148: VertexAttributeBinding.CountMismatchFallsBack ...................................................................   Passed    0.00 sec
          Start 1149: VertexAttributeBinding.EmptyBindingFallsBack
1142/4154 Test #1149: VertexAttributeBinding.EmptyBindingFallsBack ....................................................................   Passed    0.00 sec
          Start 1150: VertexAttributeBinding.Vec3RenormalizesAndRepairsDegenerateAndNonFinite
1143/4154 Test #1150: VertexAttributeBinding.Vec3RenormalizesAndRepairsDegenerateAndNonFinite .........................................   Passed    0.00 sec
          Start 1151: VertexAttributeBinding.Vec2TexcoordRepairsNonFinitePerElement
1144/4154 Test #1151: VertexAttributeBinding.Vec2TexcoordRepairsNonFinitePerElement ...................................................   Passed    0.00 sec
          Start 1152: VertexAttributeBinding.ColorVec4PacksUnorm8RoundTrip
1145/4154 Test #1152: VertexAttributeBinding.ColorVec4PacksUnorm8RoundTrip ............................................................   Passed    0.00 sec
          Start 1153: VertexAttributeBinding.ColorVec3PacksOpaqueAlpha
1146/4154 Test #1153: VertexAttributeBinding.ColorVec3PacksOpaqueAlpha ................................................................   Passed    0.00 sec
          Start 1154: VertexChannelStreams.TightLayoutAssignsOffsetsAndStride
1147/4154 Test #1154: VertexChannelStreams.TightLayoutAssignsOffsetsAndStride .........................................................   Passed    0.00 sec
          Start 1155: VertexChannelStreams.InterleaveReproducesMeshVertexBytes
1148/4154 Test #1155: VertexChannelStreams.InterleaveReproducesMeshVertexBytes ........................................................   Passed    0.00 sec
          Start 1156: VertexChannelStreams.MissingChannelIsZeroFilled
1149/4154 Test #1156: VertexChannelStreams.MissingChannelIsZeroFilled .................................................................   Passed    0.00 sec
          Start 1157: VertexChannelStreams.CountMismatchLeavesChannelAbsent
1150/4154 Test #1157: VertexChannelStreams.CountMismatchLeavesChannelAbsent ...........................................................   Passed    0.00 sec
          Start 1158: VertexChannelStreams.PositionUvLayoutMatchesLineAndPointStride
1151/4154 Test #1158: VertexChannelStreams.PositionUvLayoutMatchesLineAndPointStride ..................................................   Passed    0.00 sec
          Start 1159: RenderWorldPool.DefaultsToTripleBuffer
1152/4154 Test #1159: RenderWorldPool.DefaultsToTripleBuffer ..........................................................................   Passed    0.00 sec
          Start 1160: RenderWorldPool.BufferCountClampsToSupportedRange
1153/4154 Test #1160: RenderWorldPool.BufferCountClampsToSupportedRange ...............................................................   Passed    0.00 sec
          Start 1161: RenderWorldPool.AcquireFrontBeforeAnyPublishReturnsInvalid
1154/4154 Test #1161: RenderWorldPool.AcquireFrontBeforeAnyPublishReturnsInvalid ......................................................   Passed    0.00 sec
          Start 1162: RenderWorldPool.DeterministicRotationSchedule
1155/4154 Test #1162: RenderWorldPool.DeterministicRotationSchedule ...................................................................   Passed    0.00 sec
          Start 1163: RenderWorldPool.HeldFrontIsNotRecycledUntilReleased
1156/4154 Test #1163: RenderWorldPool.HeldFrontIsNotRecycledUntilReleased .............................................................   Passed    0.00 sec
          Start 1164: RenderWorldPool.RefcountTracksConcurrentFrontHolders
1157/4154 Test #1164: RenderWorldPool.RefcountTracksConcurrentFrontHolders ............................................................   Passed    0.00 sec
          Start 1165: RenderWorldPool.ConsumerReusesFrontAndCountsStall
1158/4154 Test #1165: RenderWorldPool.ConsumerReusesFrontAndCountsStall ...............................................................   Passed    0.00 sec
          Start 1166: RenderWorldPool.ProducerReplacesUnpublishedBackAndCountsSkip
1159/4154 Test #1166: RenderWorldPool.ProducerReplacesUnpublishedBackAndCountsSkip ....................................................   Passed    0.00 sec
          Start 1167: RenderWorldPool.ExhaustedPoolDoesNotReuseReferencedSlot
1160/4154 Test #1167: RenderWorldPool.ExhaustedPoolDoesNotReuseReferencedSlot .........................................................   Passed    0.01 sec
          Start 1168: RenderWorldPool.SynchronousModeReusesSingleSlotWithoutCounters
1161/4154 Test #1168: RenderWorldPool.SynchronousModeReusesSingleSlotWithoutCounters ..................................................   Passed    0.00 sec
          Start 1169: RenderWorldPool.FrameAgeReflectsPublishToConsumeDelta
1162/4154 Test #1169: RenderWorldPool.FrameAgeReflectsPublishToConsumeDelta ...........................................................   Passed    0.00 sec
          Start 1170: RenderWorldPool.PreviousFrontAcquireConsumesRenderNMinusOneWithoutStall
1163/4154 Test #1170: RenderWorldPool.PreviousFrontAcquireConsumesRenderNMinusOneWithoutStall .........................................   Passed    0.00 sec
          Start 1171: RenderWorldPoolDiagnostics.MirrorIsZeroForUntouchedPool
1164/4154 Test #1171: RenderWorldPoolDiagnostics.MirrorIsZeroForUntouchedPool .........................................................   Passed    0.00 sec
          Start 1172: RenderWorldPoolDiagnostics.MirrorCopiesStallSkipAndFrameAge
1165/4154 Test #1172: RenderWorldPoolDiagnostics.MirrorCopiesStallSkipAndFrameAge .....................................................   Passed    0.00 sec
          Start 1173: RenderWorldPoolEngineWiring.ConfiguresPrivatePoolFromExtractionMode
1166/4154 Test #1173: RenderWorldPoolEngineWiring.ConfiguresPrivatePoolFromExtractionMode .............................................   Passed    0.00 sec
          Start 1174: RenderWorldPoolEngineWiring.FrameLoopOwnsPoolLifecycleWithoutPublicForwarders
1167/4154 Test #1174: RenderWorldPoolEngineWiring.FrameLoopOwnsPoolLifecycleWithoutPublicForwarders ...................................   Passed    0.00 sec
          Start 1175: VisualizationRecipes.EncodesScalarColorAndLabelProperties
1168/4154 Test #1175: VisualizationRecipes.EncodesScalarColorAndLabelProperties .......................................................   Passed    0.00 sec
          Start 1176: VisualizationRecipes.CpuBackedDirtyStampTracksCanonicalPropertyRevision
1169/4154 Test #1176: VisualizationRecipes.CpuBackedDirtyStampTracksCanonicalPropertyRevision .........................................   Passed    0.00 sec
          Start 1177: VisualizationRecipes.EncodesVectorAndIsolineProperties
1170/4154 Test #1177: VisualizationRecipes.EncodesVectorAndIsolineProperties ..........................................................   Passed    0.00 sec
          Start 1178: VisualizationRecipes.EncodesAtlasMetadataWithoutSchedulingWork
1171/4154 Test #1178: VisualizationRecipes.EncodesAtlasMetadataWithoutSchedulingWork ..................................................   Passed    0.00 sec
          Start 1179: VisualizationRecipes.ReportsDeterministicFailureStatusAndEmptyOutput
1172/4154 Test #1179: VisualizationRecipes.ReportsDeterministicFailureStatusAndEmptyOutput ............................................   Passed    0.00 sec
          Start 1180: VisualizationRecipes.HtexRecreateIsASeparateTypedJobOperation
1173/4154 Test #1180: VisualizationRecipes.HtexRecreateIsASeparateTypedJobOperation ...................................................   Passed    0.01 sec
          Start 1181: VisualizationRecipes.ScalarRangePoliciesRemainDeterministic
1174/4154 Test #1181: VisualizationRecipes.ScalarRangePoliciesRemainDeterministic .....................................................   Passed    0.00 sec
          Start 1182: VisualizationRecipes.EncodingBatchAppendOwnsPayloadSpansAndClearResetsAllLanes
1175/4154 Test #1182: VisualizationRecipes.EncodingBatchAppendOwnsPayloadSpansAndClearResetsAllLanes ..................................   Passed    0.00 sec
          Start 1183: VisualizationRecipes.RecipeIdentityIsClosedAndComparable
1176/4154 Test #1183: VisualizationRecipes.RecipeIdentityIsClosedAndComparable ........................................................   Passed    0.00 sec
          Start 1184: AllDirtyDomains/MeshGeometryExtractionDirtyTag.DirtyTagTriggersReupload/"GpuDirty"
1177/4154 Test #1184: AllDirtyDomains/MeshGeometryExtractionDirtyTag.DirtyTagTriggersReupload/"GpuDirty" ..............................   Passed    0.06 sec
          Start 1185: AllDirtyDomains/MeshGeometryExtractionDirtyTag.DirtyTagTriggersReupload/"DirtyVertexPositions"
1178/4154 Test #1185: AllDirtyDomains/MeshGeometryExtractionDirtyTag.DirtyTagTriggersReupload/"DirtyVertexPositions" ..................   Passed    0.06 sec
          Start 1186: AllDirtyDomains/MeshGeometryExtractionDirtyTag.DirtyTagTriggersReupload/"DirtyVertexAttributes"
1179/4154 Test #1186: AllDirtyDomains/MeshGeometryExtractionDirtyTag.DirtyTagTriggersReupload/"DirtyVertexAttributes" .................   Passed    0.05 sec
          Start 1187: AllDirtyDomains/MeshGeometryExtractionDirtyTag.DirtyTagTriggersReupload/"DirtyVertexTexcoords"
1180/4154 Test #1187: AllDirtyDomains/MeshGeometryExtractionDirtyTag.DirtyTagTriggersReupload/"DirtyVertexTexcoords" ..................   Passed    0.06 sec
          Start 1188: AllDirtyDomains/MeshGeometryExtractionDirtyTag.DirtyTagTriggersReupload/"DirtyVertexNormals"
1181/4154 Test #1188: AllDirtyDomains/MeshGeometryExtractionDirtyTag.DirtyTagTriggersReupload/"DirtyVertexNormals" ....................   Passed    0.06 sec
          Start 1189: AllDirtyDomains/MeshGeometryExtractionDirtyTag.DirtyTagTriggersReupload/"DirtyVertexColors"
1182/4154 Test #1189: AllDirtyDomains/MeshGeometryExtractionDirtyTag.DirtyTagTriggersReupload/"DirtyVertexColors" .....................   Passed    0.06 sec
          Start 1190: AllDirtyDomains/MeshGeometryExtractionDirtyTag.DirtyTagTriggersReupload/"DirtyFaceTopology"
1183/4154 Test #1190: AllDirtyDomains/MeshGeometryExtractionDirtyTag.DirtyTagTriggersReupload/"DirtyFaceTopology" .....................   Passed    0.06 sec
          Start 1191: AllDirtyDomains/MeshGeometryExtractionDirtyTag.DirtyTagTriggersReupload/"DirtyEdgeTopology"
1184/4154 Test #1191: AllDirtyDomains/MeshGeometryExtractionDirtyTag.DirtyTagTriggersReupload/"DirtyEdgeTopology" .....................   Passed    0.06 sec
          Start 1192: AllDirtyDomains/GraphGeometryExtractionDirtyTag.DirtyTagTriggersReupload/"GpuDirty"
1185/4154 Test #1192: AllDirtyDomains/GraphGeometryExtractionDirtyTag.DirtyTagTriggersReupload/"GpuDirty" .............................   Passed    0.06 sec
          Start 1193: AllDirtyDomains/GraphGeometryExtractionDirtyTag.DirtyTagTriggersReupload/"DirtyVertexPositions"
1186/4154 Test #1193: AllDirtyDomains/GraphGeometryExtractionDirtyTag.DirtyTagTriggersReupload/"DirtyVertexPositions" .................   Passed    0.06 sec
          Start 1194: AllDirtyDomains/GraphGeometryExtractionDirtyTag.DirtyTagTriggersReupload/"DirtyVertexAttributes"
1187/4154 Test #1194: AllDirtyDomains/GraphGeometryExtractionDirtyTag.DirtyTagTriggersReupload/"DirtyVertexAttributes" ................   Passed    0.06 sec
          Start 1195: AllDirtyDomains/GraphGeometryExtractionDirtyTag.DirtyTagTriggersReupload/"DirtyVertexTexcoords"
1188/4154 Test #1195: AllDirtyDomains/GraphGeometryExtractionDirtyTag.DirtyTagTriggersReupload/"DirtyVertexTexcoords" .................   Passed    0.06 sec
          Start 1196: AllDirtyDomains/GraphGeometryExtractionDirtyTag.DirtyTagTriggersReupload/"DirtyVertexNormals"
1189/4154 Test #1196: AllDirtyDomains/GraphGeometryExtractionDirtyTag.DirtyTagTriggersReupload/"DirtyVertexNormals" ...................   Passed    0.06 sec
          Start 1197: AllDirtyDomains/GraphGeometryExtractionDirtyTag.DirtyTagTriggersReupload/"DirtyVertexColors"
1190/4154 Test #1197: AllDirtyDomains/GraphGeometryExtractionDirtyTag.DirtyTagTriggersReupload/"DirtyVertexColors" ....................   Passed    0.05 sec
          Start 1198: AllDirtyDomains/GraphGeometryExtractionDirtyTag.DirtyTagTriggersReupload/"DirtyEdgeTopology"
1191/4154 Test #1198: AllDirtyDomains/GraphGeometryExtractionDirtyTag.DirtyTagTriggersReupload/"DirtyEdgeTopology" ....................   Passed    0.06 sec
          Start 1199: AllDirtyDomains/PointCloudGeometryExtractionDirtyTag.DirtyTagTriggersReupload/"GpuDirty"
1192/4154 Test #1199: AllDirtyDomains/PointCloudGeometryExtractionDirtyTag.DirtyTagTriggersReupload/"GpuDirty" ........................   Passed    0.06 sec
          Start 1200: AllDirtyDomains/PointCloudGeometryExtractionDirtyTag.DirtyTagTriggersReupload/"DirtyVertexPositions"
1193/4154 Test #1200: AllDirtyDomains/PointCloudGeometryExtractionDirtyTag.DirtyTagTriggersReupload/"DirtyVertexPositions" ............   Passed    0.05 sec
          Start 1201: AllDirtyDomains/PointCloudGeometryExtractionDirtyTag.DirtyTagTriggersReupload/"DirtyVertexAttributes"
1194/4154 Test #1201: AllDirtyDomains/PointCloudGeometryExtractionDirtyTag.DirtyTagTriggersReupload/"DirtyVertexAttributes" ...........   Passed    0.05 sec
          Start 1202: AllDirtyDomains/PointCloudGeometryExtractionDirtyTag.DirtyTagTriggersReupload/"DirtyVertexTexcoords"
1195/4154 Test #1202: AllDirtyDomains/PointCloudGeometryExtractionDirtyTag.DirtyTagTriggersReupload/"DirtyVertexTexcoords" ............   Passed    0.05 sec
          Start 1203: AllDirtyDomains/PointCloudGeometryExtractionDirtyTag.DirtyTagTriggersReupload/"DirtyVertexNormals"
1196/4154 Test #1203: AllDirtyDomains/PointCloudGeometryExtractionDirtyTag.DirtyTagTriggersReupload/"DirtyVertexNormals" ..............   Passed    0.06 sec
          Start 1204: AllDirtyDomains/PointCloudGeometryExtractionDirtyTag.DirtyTagTriggersReupload/"DirtyVertexColors"
1197/4154 Test #1204: AllDirtyDomains/PointCloudGeometryExtractionDirtyTag.DirtyTagTriggersReupload/"DirtyVertexColors" ...............   Passed    0.06 sec
          Start 1206: SandboxDomainPanels.RegistersTheTenAppOwnedWindowsWithStableMenuMetadata
1198/4154 Test #1206: SandboxDomainPanels.RegistersTheTenAppOwnedWindowsWithStableMenuMetadata ........................................   Passed    0.04 sec
          Start 1207: SandboxDomainPanels.RegistrationIsIdempotentAndLifetimeUnregistersEveryWindow
1199/4154 Test #1207: SandboxDomainPanels.RegistrationIsIdempotentAndLifetimeUnregistersEveryWindow ...................................   Passed    0.07 sec
          Start 1208: SandboxDomainPanels.ClosedRegisteredWindowsBuildNoDomainModels
1200/4154 Test #1208: SandboxDomainPanels.ClosedRegisteredWindowsBuildNoDomainModels ..................................................   Passed    0.04 sec
          Start 1209: SandboxDomainPanels.OpenSameDomainWindowsShareOneModelBuildPerFrame
1201/4154 Test #1209: SandboxDomainPanels.OpenSameDomainWindowsShareOneModelBuildPerFrame .............................................   Passed    0.04 sec
          Start 1210: SandboxConfigSections.BootAndLiveApplyUseTheAppOwnedRegistryThroughNullRun
1202/4154 Test #1210: SandboxConfigSections.BootAndLiveApplyUseTheAppOwnedRegistryThroughNullRun ......................................   Passed    0.04 sec
          Start 1211: SandboxConfigSections.PhysicsSourcesProduceIdenticalValidatedState
1203/4154 Test #1211: SandboxConfigSections.PhysicsSourcesProduceIdenticalValidatedState ..............................................   Passed    0.11 sec
          Start 1212: SandboxConfigSections.PointCloudConsolidationSourcesProduceIdenticalValidatedState
1204/4154 Test #1212: SandboxConfigSections.PointCloudConsolidationSourcesProduceIdenticalValidatedState ..............................   Passed    0.11 sec
          Start 1213: SandboxAppComposition.MissingAssetWorkflowStillComposesIndependentFocusAction
1205/4154 Test #1213: SandboxAppComposition.MissingAssetWorkflowStillComposesIndependentFocusAction ...................................   Passed    0.04 sec
          Start 1214: SandboxAppComposition.PipelineSelectionDoesNotRequireCamera
1206/4154 Test #1214: SandboxAppComposition.PipelineSelectionDoesNotRequireCamera .....................................................   Passed    0.04 sec
          Start 1215: SandboxAppComposition.MaterializationAndAutofocusDoNotRequireSelection
1207/4154 Test #1215: SandboxAppComposition.MaterializationAndAutofocusDoNotRequireSelection ..........................................   Passed    0.04 sec
          Start 1216: SandboxAppComposition.ReinitializeAndRepeatedShutdownDoNotDuplicateState
1208/4154 Test #1216: SandboxAppComposition.ReinitializeAndRepeatedShutdownDoNotDuplicateState ........................................   Passed    0.07 sec
          Start 1217: SandboxAppComposition.BlockedImportShutdownCancelsBeforeRealSandboxUnregister
1209/4154 Test #1217: SandboxAppComposition.BlockedImportShutdownCancelsBeforeRealSandboxUnregister ...................................   Passed    0.04 sec
          Start 1218: SandboxAppComposition.DefaultFocusLifecycleIsPrivateAndTransactional
1210/4154 Test #1218: SandboxAppComposition.DefaultFocusLifecycleIsPrivateAndTransactional ............................................   Passed    0.00 sec
          Start 1219: SandboxEditorPresentation.DefaultDrawStartsWithOnlyMenuBarVisible
1211/4154 Test #1219: SandboxEditorPresentation.DefaultDrawStartsWithOnlyMenuBarVisible ...............................................   Passed    0.04 sec
          Start 1220: SandboxEditorPresentation.DomainMenusUseAppearanceAndFocusedProcessingWindows
1212/4154 Test #1220: SandboxEditorPresentation.DomainMenusUseAppearanceAndFocusedProcessingWindows ...................................   Passed    0.04 sec
          Start 1221: SandboxEditorPresentation.DomainPanelsPreserveLifetimeCacheAndResultPublication
1213/4154 Test #1221: SandboxEditorPresentation.DomainPanelsPreserveLifetimeCacheAndResultPublication .................................   Passed    0.00 sec
          Start 1222: SandboxEditorPresentation.MeshProcessingPanelsPreserveLifetimeAndResultPublication
1214/4154 Test #1222: SandboxEditorPresentation.MeshProcessingPanelsPreserveLifetimeAndResultPublication ..............................   Passed    0.00 sec
          Start 1223: SandboxEditorPresentation.ExtrinsicSandboxAppStaysRuntimeOnly
1215/4154 Test #1223: SandboxEditorPresentation.ExtrinsicSandboxAppStaysRuntimeOnly ...................................................   Passed    0.02 sec
          Start 1224: SandboxEditorPresentation.RuntimeFeatureModulesCompileSeparatelyFromEditorShell
1216/4154 Test #1224: SandboxEditorPresentation.RuntimeFeatureModulesCompileSeparatelyFromEditorShell .................................   Passed    0.13 sec
          Start 1225: SandboxEditorPresentation.GeometryProcessingMenusExposeDomainElementSubmenus
1217/4154 Test #1225: SandboxEditorPresentation.GeometryProcessingMenusExposeDomainElementSubmenus ....................................   Passed    0.00 sec
          Start 1226: SandboxEditorPresentation.AdapterCallbackDrawsDeterministicMenuOnlyFrame
1218/4154 Test #1226: SandboxEditorPresentation.AdapterCallbackDrawsDeterministicMenuOnlyFrame ........................................   Passed    0.04 sec
          Start 1227: SandboxEditorPresentation.FileImportDisabledReasonRendersThroughRealHoveredControl
1219/4154 Test #1227: SandboxEditorPresentation.FileImportDisabledReasonRendersThroughRealHoveredControl ..............................   Passed    0.23 sec
          Start 1228: SandboxEditorPresentation.DisabledReasonTooltipConventionIsSharedByImportAndQueueControls
1220/4154 Test #1228: SandboxEditorPresentation.DisabledReasonTooltipConventionIsSharedByImportAndQueueControls .......................   Passed    0.01 sec
          Start 1229: SandboxEditorPresentation.RuntimeImportEventIsReflectedByAppFilePanel
1221/4154 Test #1229: SandboxEditorPresentation.RuntimeImportEventIsReflectedByAppFilePanel ...........................................   Passed    0.04 sec
          Start 1230: SandboxEditorPresentation.EngineAttachmentRegistersEditorCallback
1222/4154 Test #1230: SandboxEditorPresentation.EngineAttachmentRegistersEditorCallback ...............................................   Passed    0.04 sec
          Start 1231: SandboxEditorPresentation.ControllerReattachPinsPanelAttachmentResetPolicy
1223/4154 Test #1231: SandboxEditorPresentation.ControllerReattachPinsPanelAttachmentResetPolicy ......................................   Passed    0.09 sec
          Start 1232: SandboxEditorPresentation.EditorShellStartsWithOnlyBuiltinWindows
1224/4154 Test #1232: SandboxEditorPresentation.EditorShellStartsWithOnlyBuiltinWindows ...............................................   Passed    0.04 sec
          Start 1233: SandboxEditorPresentation.GpuProfilingControlsReuseTheExistingFrameGraphWindow
1225/4154 Test #1233: SandboxEditorPresentation.GpuProfilingControlsReuseTheExistingFrameGraphWindow ..................................   Passed    0.01 sec
          Start 1234: SandboxEditorPresentation.ExternalWindowContributionNeedsNoLegacySwitchEntry
1226/4154 Test #1234: SandboxEditorPresentation.ExternalWindowContributionNeedsNoLegacySwitchEntry ....................................   Passed    0.04 sec
          Start 1235: SandboxEditorPresentation.ContextWindowContributionReceivesAppOwnedContext
1227/4154 Test #1235: SandboxEditorPresentation.ContextWindowContributionReceivesAppOwnedContext ......................................   Passed    0.04 sec
          Start 1236: SandboxEditorPresentation.GlobalVisibilityHotkeyUsesTheVisibilityCommandPath
1228/4154 Test #1236: SandboxEditorPresentation.GlobalVisibilityHotkeyUsesTheVisibilityCommandPath ....................................   Passed    0.04 sec
          Start 1237: SandboxEditorProgressivePoisson.RegistersAndDrawsAllVertexDomainWindows
1229/4154 Test #1237: SandboxEditorProgressivePoisson.RegistersAndDrawsAllVertexDomainWindows .........................................   Passed    0.04 sec
          Start 1238: SandboxEditorProgressivePoisson.ProgressivePoissonPanelUsesOneNonDestructiveConfigAndRunPath
1230/4154 Test #1238: SandboxEditorProgressivePoisson.ProgressivePoissonPanelUsesOneNonDestructiveConfigAndRunPath ....................   Passed    0.01 sec
          Start 1239: SandboxEditorUi.DroppedFilePathsRouteAmbiguousPlyThroughAssetWorkflow
1231/4154 Test #1239: SandboxEditorUi.DroppedFilePathsRouteAmbiguousPlyThroughAssetWorkflow ...........................................   Passed    0.05 sec
          Start 1240: SandboxParameterizationPanel.RegistrationIsStableAndIdempotent
1232/4154 Test #1240: SandboxParameterizationPanel.RegistrationIsStableAndIdempotent ..................................................   Passed    0.04 sec
          Start 1241: SandboxParameterizationPanel.StrategiesAndTypedRequestAreExact
1233/4154 Test #1241: SandboxParameterizationPanel.StrategiesAndTypedRequestAreExact ..................................................   Passed    0.00 sec
          Start 1242: SandboxParameterizationPanel.ProjectionFitsAndFailsClosed
1234/4154 Test #1242: SandboxParameterizationPanel.ProjectionFitsAndFailsClosed .......................................................   Passed    0.00 sec
          Start 1243: SandboxParameterizationPanel.ResultSummaryCarriesAggregateDiagnostics
1235/4154 Test #1243: SandboxParameterizationPanel.ResultSummaryCarriesAggregateDiagnostics ...........................................   Passed    0.00 sec
          Start 1244: SandboxParameterizationPanel.RealWindowAndTypedActionAreOperational
1236/4154 Test #1244: SandboxParameterizationPanel.RealWindowAndTypedActionAreOperational .............................................   Passed    0.07 sec
          Start 1245: SandboxPointCloudConsolidationPanel.ThreeDomainRegistrationsAreStableOpenAndShareOnePanelPath
1237/4154 Test #1245: SandboxPointCloudConsolidationPanel.ThreeDomainRegistrationsAreStableOpenAndShareOnePanelPath ...................   Passed    0.05 sec
          Start 1246: SandboxPointCloudConsolidationPanel.StrategiesAndTypedRequestAreExactAndFailClosed
1238/4154 Test #1246: SandboxPointCloudConsolidationPanel.StrategiesAndTypedRequestAreExactAndFailClosed ..............................   Passed    0.00 sec
          Start 1247: SandboxPointCloudConsolidationPanel.ResultSummaryProjectsIdentityConvergenceAndFailure
1239/4154 Test #1247: SandboxPointCloudConsolidationPanel.ResultSummaryProjectsIdentityConvergenceAndFailure ..........................   Passed    0.00 sec
          Start 1248: SandboxPointCloudConsolidationPanel.MeshVertexAndFaceSlotsUseTheSameEditorPreflight
1240/4154 Test #1248: SandboxPointCloudConsolidationPanel.MeshVertexAndFaceSlotsUseTheSameEditorPreflight .............................   Passed    0.04 sec
          Start 1249: SandboxPointCloudConsolidationPanel.GraphAndPointCloudPositionsUseTheSemanticEditorPreflight
1241/4154 Test #1249: SandboxPointCloudConsolidationPanel.GraphAndPointCloudPositionsUseTheSemanticEditorPreflight ....................   Passed    0.04 sec
          Start 1250: SandboxPointCloudConsolidationPanel.ValidatedActionQueuesAndPublishesThroughPreparedWorkspace
1242/4154 Test #1250: SandboxPointCloudConsolidationPanel.ValidatedActionQueuesAndPublishesThroughPreparedWorkspace ...................   Passed    0.04 sec
          Start 1253: RigidBodyReference.FreeFallUsesDeterministicSemiImplicitEuler
1243/4154 Test #1253: RigidBodyReference.FreeFallUsesDeterministicSemiImplicitEuler ...................................................   Passed    0.00 sec
          Start 1254: RigidBodyReference.ConstantAccelerationAccumulatesPositionAndVelocity
1244/4154 Test #1254: RigidBodyReference.ConstantAccelerationAccumulatesPositionAndVelocity ...........................................   Passed    0.00 sec
          Start 1255: RigidBodyReference.AngularIntegrationUsesUnitQuaternion
1245/4154 Test #1255: RigidBodyReference.AngularIntegrationUsesUnitQuaternion .........................................................   Passed    0.00 sec
          Start 1256: RigidBodyReference.ElasticSphereCollisionSwapsLinearVelocities
1246/4154 Test #1256: RigidBodyReference.ElasticSphereCollisionSwapsLinearVelocities ..................................................   Passed    0.00 sec
          Start 1257: RigidBodyReference.InelasticSphereCollisionSettlesAtSharedNormalVelocity
1247/4154 Test #1257: RigidBodyReference.InelasticSphereCollisionSettlesAtSharedNormalVelocity ........................................   Passed    0.00 sec
          Start 1258: RigidBodyReference.RestingContactPushesDynamicSphereOutOfStaticBox
1248/4154 Test #1258: RigidBodyReference.RestingContactPushesDynamicSphereOutOfStaticBox ..............................................   Passed    0.00 sec
          Start 1259: RigidBodyReference.RepeatabilityProducesIdenticalReferenceState
1249/4154 Test #1259: RigidBodyReference.RepeatabilityProducesIdenticalReferenceState .................................................   Passed    0.00 sec
          Start 1260: RigidBodyReference.DegenerateInputsReturnExplicitDiagnostics
1250/4154 Test #1260: RigidBodyReference.DegenerateInputsReturnExplicitDiagnostics ....................................................   Passed    0.00 sec
          Start 1261: RigidBodyReference.FiniteScaleExtremesRemainValid
1251/4154 Test #1261: RigidBodyReference.FiniteScaleExtremesRemainValid ...............................................................   Passed    0.00 sec
          Start 1262: RigidBodyReference.OverlappingStartRecordsPenetrationDiagnostics
1252/4154 Test #1262: RigidBodyReference.OverlappingStartRecordsPenetrationDiagnostics ................................................   Passed    0.00 sec
          Start 1263: RigidBodyReference.SphereCapsuleAndSphereBoxContactsAreFirstPhaseSupported
1253/4154 Test #1263: RigidBodyReference.SphereCapsuleAndSphereBoxContactsAreFirstPhaseSupported ......................................   Passed    0.00 sec
          Start 1264: RigidBodyReference.UnsupportedDynamicShapePairsAreReportedButDoNotFailValidation
1254/4154 Test #1264: RigidBodyReference.UnsupportedDynamicShapePairsAreReportedButDoNotFailValidation ................................   Passed    0.00 sec
          Start 1265: ParticleSpringReference.FreeFallUsesDeterministicSemiImplicitEuler
1255/4154 Test #1265: ParticleSpringReference.FreeFallUsesDeterministicSemiImplicitEuler ..............................................   Passed    0.00 sec
          Start 1266: ParticleSpringReference.RestLengthSpringProducesNoMotion
1256/4154 Test #1266: ParticleSpringReference.RestLengthSpringProducesNoMotion ........................................................   Passed    0.00 sec
          Start 1267: ParticleSpringReference.StretchedSpringPullsParticlesTogetherSymmetrically
1257/4154 Test #1267: ParticleSpringReference.StretchedSpringPullsParticlesTogetherSymmetrically ......................................   Passed    0.00 sec
          Start 1268: ParticleSpringReference.TwoParticleSpringConservesMomentumAndCenterOfMass
1258/4154 Test #1268: ParticleSpringReference.TwoParticleSpringConservesMomentumAndCenterOfMass .......................................   Passed    0.00 sec
          Start 1269: ParticleSpringReference.HarmonicOscillatorEnergyStaysBounded
1259/4154 Test #1269: ParticleSpringReference.HarmonicOscillatorEnergyStaysBounded ....................................................   Passed    0.00 sec
          Start 1270: ParticleSpringReference.DampedHangingSpringReachesAnalyticEquilibrium
1260/4154 Test #1270: ParticleSpringReference.DampedHangingSpringReachesAnalyticEquilibrium ...........................................   Passed    0.00 sec
          Start 1271: ParticleSpringReference.PinnedParticleNeverMovesAndDiscardsForces
1261/4154 Test #1271: ParticleSpringReference.PinnedParticleNeverMovesAndDiscardsForces ...............................................   Passed    0.00 sec
          Start 1272: ParticleSpringReference.RepeatedStepsAreDeterministic
1262/4154 Test #1272: ParticleSpringReference.RepeatedStepsAreDeterministic ...........................................................   Passed    0.00 sec
          Start 1273: ParticleSpringReference.CoincidentParticlesReportDegenerateSpring
1263/4154 Test #1273: ParticleSpringReference.CoincidentParticlesReportDegenerateSpring ...............................................   Passed    0.00 sec
          Start 1274: ParticleSpringReference.InvalidInputsFailClosedWithExplicitCodes
1264/4154 Test #1274: ParticleSpringReference.InvalidInputsFailClosedWithExplicitCodes ................................................   Passed    0.00 sec
          Start 1275: ParticleSpringReference.StabilityRatioReportedWithoutFailingFiniteSteps
1265/4154 Test #1275: ParticleSpringReference.StabilityRatioReportedWithoutFailingFiniteSteps .........................................   Passed    0.00 sec
          Start 1276: ParticleSpringReference.NonFiniteExplosionFailsClosedToInputState
1266/4154 Test #1276: ParticleSpringReference.NonFiniteExplosionFailsClosedToInputState ...............................................   Passed    0.00 sec
          Start 1277: ParticleSpringReference.DiagnosticsPopulatedOnNominalStep
1267/4154 Test #1277: ParticleSpringReference.DiagnosticsPopulatedOnNominalStep .......................................................   Passed    0.00 sec
          Start 1278: XpbdClothReference.BuildClothFromTrianglesCreatesUniqueEdgesAndBendPairs
1268/4154 Test #1278: XpbdClothReference.BuildClothFromTrianglesCreatesUniqueEdgesAndBendPairs ........................................   Passed    0.00 sec
          Start 1279: XpbdClothReference.ZeroComplianceConstraintProjectsRigidly
1269/4154 Test #1279: XpbdClothReference.ZeroComplianceConstraintProjectsRigidly ......................................................   Passed    0.00 sec
          Start 1280: XpbdClothReference.PinnedPatchUnderGravityHangsAndConverges
1270/4154 Test #1280: XpbdClothReference.PinnedPatchUnderGravityHangsAndConverges .....................................................   Passed    0.00 sec
          Start 1281: XpbdClothReference.BendConstraintResistsFolding
1271/4154 Test #1281: XpbdClothReference.BendConstraintResistsFolding .................................................................   Passed    0.00 sec
          Start 1282: XpbdClothReference.PinnedVerticesNeverMove
1272/4154 Test #1282: XpbdClothReference.PinnedVerticesNeverMove ......................................................................   Passed    0.00 sec
          Start 1283: XpbdClothReference.HalfSpaceColliderKeepsParticlesAbovePlane
1273/4154 Test #1283: XpbdClothReference.HalfSpaceColliderKeepsParticlesAbovePlane ....................................................   Passed    0.00 sec
          Start 1284: XpbdClothReference.HalfSpaceColliderWithNonUnitNormalProjectsToPlane
1274/4154 Test #1284: XpbdClothReference.HalfSpaceColliderWithNonUnitNormalProjectsToPlane ............................................   Passed    0.00 sec
          Start 1285: XpbdClothReference.SphereColliderReportedAsUnsupportedAndSkipped
1275/4154 Test #1285: XpbdClothReference.SphereColliderReportedAsUnsupportedAndSkipped ................................................   Passed    0.00 sec
          Start 1286: XpbdClothReference.DegenerateTriangleReportedNotFatal
1276/4154 Test #1286: XpbdClothReference.DegenerateTriangleReportedNotFatal ...........................................................   Passed    0.00 sec
          Start 1287: XpbdClothReference.CoincidentConstraintEndpointsSkippedAndCounted
1277/4154 Test #1287: XpbdClothReference.CoincidentConstraintEndpointsSkippedAndCounted ...............................................   Passed    0.00 sec
          Start 1288: XpbdClothReference.InvalidInputsFailClosedWithExplicitCodes
1278/4154 Test #1288: XpbdClothReference.InvalidInputsFailClosedWithExplicitCodes .....................................................   Passed    0.00 sec
          Start 1289: XpbdClothReference.NonConvergenceReportedWhenIterationsInsufficient
1279/4154 Test #1289: XpbdClothReference.NonConvergenceReportedWhenIterationsInsufficient .............................................   Passed    0.00 sec
          Start 1290: XpbdClothReference.RepeatedStepsAreDeterministic
1280/4154 Test #1290: XpbdClothReference.RepeatedStepsAreDeterministic ................................................................   Passed    0.00 sec
          Start 1291: XpbdClothReference.NonFiniteExplosionFailsClosedToInputState
1281/4154 Test #1291: XpbdClothReference.NonFiniteExplosionFailsClosedToInputState ....................................................   Passed    0.00 sec
          Start 1292: XpbdClothReference.DiagnosticsPopulatedOnNominalStep
1282/4154 Test #1292: XpbdClothReference.DiagnosticsPopulatedOnNominalStep ............................................................   Passed    0.00 sec
          Start 1293: SphFluidReference.Poly6KernelMatchesClosedFormAndSupport
1283/4154 Test #1293: SphFluidReference.Poly6KernelMatchesClosedFormAndSupport ........................................................   Passed    0.00 sec
          Start 1294: SphFluidReference.Poly6KernelIntegratesToOneOverSupport
1284/4154 Test #1294: SphFluidReference.Poly6KernelIntegratesToOneOverSupport .........................................................   Passed    0.00 sec
          Start 1295: SphFluidReference.SpikyAndViscosityKernelsMatchClosedForms
1285/4154 Test #1295: SphFluidReference.SpikyAndViscosityKernelsMatchClosedForms ......................................................   Passed    0.00 sec
          Start 1296: SphFluidReference.UniformGridInteriorDensityRecoversRestDensity
1286/4154 Test #1296: SphFluidReference.UniformGridInteriorDensityRecoversRestDensity .................................................   Passed    0.00 sec
          Start 1297: SphFluidReference.SymmetricPairConservesMomentumExactly
1287/4154 Test #1297: SphFluidReference.SymmetricPairConservesMomentumExactly .........................................................   Passed    0.00 sec
          Start 1298: SphFluidReference.ViscosityReducesRelativeVelocity
1288/4154 Test #1298: SphFluidReference.ViscosityReducesRelativeVelocity ..............................................................   Passed    0.00 sec
          Start 1299: SphFluidReference.SingleParticleFreeFallsWithZeroPressure
1289/4154 Test #1299: SphFluidReference.SingleParticleFreeFallsWithZeroPressure .......................................................   Passed    0.00 sec
          Start 1300: SphFluidReference.ToyColumnDropStaysStableAboveFloor
1290/4154 Test #1300: SphFluidReference.ToyColumnDropStaysStableAboveFloor ............................................................   Passed    0.00 sec
          Start 1301: SphFluidReference.BoundaryPlaneWithNonUnitNormalProjectsAndReflectsExactly
1291/4154 Test #1301: SphFluidReference.BoundaryPlaneWithNonUnitNormalProjectsAndReflectsExactly ......................................   Passed    0.00 sec
          Start 1302: SphFluidReference.NeighborOverflowReportedAdvisory
1292/4154 Test #1302: SphFluidReference.NeighborOverflowReportedAdvisory ..............................................................   Passed    0.00 sec
          Start 1303: SphFluidReference.InvalidInputsFailClosedWithExplicitCodes
1293/4154 Test #1303: SphFluidReference.InvalidInputsFailClosedWithExplicitCodes ......................................................   Passed    0.00 sec
          Start 1304: SphFluidReference.RepeatedStepsAreDeterministic
1294/4154 Test #1304: SphFluidReference.RepeatedStepsAreDeterministic .................................................................   Passed    0.00 sec
          Start 1305: SphFluidReference.NonFiniteExplosionFailsClosedToInputState
1295/4154 Test #1305: SphFluidReference.NonFiniteExplosionFailsClosedToInputState .....................................................   Passed    0.00 sec
          Start 1306: SphFluidReference.DiagnosticsPopulatedOnNominalStep
1296/4154 Test #1306: SphFluidReference.DiagnosticsPopulatedOnNominalStep .............................................................   Passed    0.00 sec
          Start 1307: PhysicsSolverParity.FreeFallTracksReferenceIntegrator
1297/4154 Test #1307: PhysicsSolverParity.FreeFallTracksReferenceIntegrator ...........................................................   Passed    0.00 sec
          Start 1308: PhysicsSolverParity.OverlappingSpherePairMatchesReferenceContactSolve
1298/4154 Test #1308: PhysicsSolverParity.OverlappingSpherePairMatchesReferenceContactSolve ...........................................   Passed    0.00 sec
          Start 1309: ProgressivePoissonReference.MinPairwiseFindsPairsBeyondAdjacentCells
1299/4154 Test #1309: ProgressivePoissonReference.MinPairwiseFindsPairsBeyondAdjacentCells ............................................   Passed    0.00 sec
          Start 1310: ProgressivePoissonReference.DeterministicForFixedSeeds
1300/4154 Test #1310: ProgressivePoissonReference.DeterministicForFixedSeeds ..........................................................   Passed    0.26 sec
          Start 1311: ProgressivePoissonReference.ShuffleSeedPermutesWithinLevelButKeepsBoundaries
1301/4154 Test #1311: ProgressivePoissonReference.ShuffleSeedPermutesWithinLevelButKeepsBoundaries ....................................   Passed    0.27 sec
          Start 1312: ProgressivePoissonReference.EmptyInputIsValidAndEmpty
1302/4154 Test #1312: ProgressivePoissonReference.EmptyInputIsValidAndEmpty ...........................................................   Passed    0.00 sec
          Start 1313: ProgressivePoissonReference.CoincidentPairAcceptsExactlyOne
1303/4154 Test #1313: ProgressivePoissonReference.CoincidentPairAcceptsExactlyOne .....................................................   Passed    0.01 sec
          Start 1314: ProgressivePoissonReference.NonFiniteInputFailsClosed
1304/4154 Test #1314: ProgressivePoissonReference.NonFiniteInputFailsClosed ...........................................................   Passed    0.00 sec
          Start 1315: ProgressivePoissonReference.InvalidDimensionFailsClosed
1305/4154 Test #1315: ProgressivePoissonReference.InvalidDimensionFailsClosed .........................................................   Passed    0.00 sec
          Start 1316: ProgressivePoissonReference.TwoDimensionalIgnoresZComponent
1306/4154 Test #1316: ProgressivePoissonReference.TwoDimensionalIgnoresZComponent .....................................................   Passed    0.05 sec
          Start 1317: ProgressivePoissonReference.ZeroGridWidthAndLevelsAreClamped
1307/4154 Test #1317: ProgressivePoissonReference.ZeroGridWidthAndLevelsAreClamped ....................................................   Passed    0.00 sec
          Start 1318: ProgressivePoissonReference.AlphaOutOfRangeDefaultsToSqrtDOverTwo
1308/4154 Test #1318: ProgressivePoissonReference.AlphaOutOfRangeDefaultsToSqrtDOverTwo ...............................................   Passed    0.02 sec
          Start 1319: Dimensions/ProgressivePoissonReferenceDim.SmallDeterministicCloudHoldsAtEveryLevelBoundary/2
1309/4154 Test #1319: Dimensions/ProgressivePoissonReferenceDim.SmallDeterministicCloudHoldsAtEveryLevelBoundary/2 ....................   Passed    0.00 sec
          Start 1320: Dimensions/ProgressivePoissonReferenceDim.SmallDeterministicCloudHoldsAtEveryLevelBoundary/3
1310/4154 Test #1320: Dimensions/ProgressivePoissonReferenceDim.SmallDeterministicCloudHoldsAtEveryLevelBoundary/3 ....................   Passed    0.00 sec
          Start 1321: Dimensions/ProgressivePoissonReferenceDim.MinPairwiseHelperEqualsBruteForce/2
1311/4154 Test #1321: Dimensions/ProgressivePoissonReferenceDim.MinPairwiseHelperEqualsBruteForce/2 ...................................   Passed    0.11 sec
          Start 1322: Dimensions/ProgressivePoissonReferenceDim.MinPairwiseHelperEqualsBruteForce/3
1312/4154 Test #1322: Dimensions/ProgressivePoissonReferenceDim.MinPairwiseHelperEqualsBruteForce/3 ...................................   Passed    0.23 sec
          Start 1326: PhysicsWorld.LifecycleCreatesDestroysAndRejectsStaleHandles
1313/4154 Test #1326: PhysicsWorld.LifecycleCreatesDestroysAndRejectsStaleHandles .....................................................   Passed    0.00 sec
          Start 1327: PhysicsWorld.InvalidDescriptorsAreRejected
1314/4154 Test #1327: PhysicsWorld.InvalidDescriptorsAreRejected ......................................................................   Passed    0.00 sec
          Start 1328: PhysicsWorld.DescriptorUpdateReplacesPoseAndVelocity
1315/4154 Test #1328: PhysicsWorld.DescriptorUpdateReplacesPoseAndVelocity ............................................................   Passed    0.00 sec
          Start 1329: PhysicsWorld.StepIntegratesDynamicAndCountsStaticKinematicBodies
1316/4154 Test #1329: PhysicsWorld.StepIntegratesDynamicAndCountsStaticKinematicBodies ................................................   Passed    0.00 sec
          Start 1330: PhysicsWorld.RepeatedWorldsStepDeterministically
1317/4154 Test #1330: PhysicsWorld.RepeatedWorldsStepDeterministically ................................................................   Passed    0.00 sec
          Start 1331: PhysicsWorld.CollisionGeneratesSphereSphereContactAndCandidate
1318/4154 Test #1331: PhysicsWorld.CollisionGeneratesSphereSphereContactAndCandidate ..................................................   Passed    0.00 sec
          Start 1332: PhysicsWorld.CollisionKeepsSeparatedPairsAsBroadphaseCandidates
1319/4154 Test #1332: PhysicsWorld.CollisionKeepsSeparatedPairsAsBroadphaseCandidates .................................................   Passed    0.00 sec
          Start 1333: PhysicsWorld.CollisionCandidateOrderingIsDeterministic
1320/4154 Test #1333: PhysicsWorld.CollisionCandidateOrderingIsDeterministic ..........................................................   Passed    0.00 sec
          Start 1334: PhysicsWorld.CollisionSupportsFirstPhasePrimitivePairs
1321/4154 Test #1334: PhysicsWorld.CollisionSupportsFirstPhasePrimitivePairs ..........................................................   Passed    0.00 sec
          Start 1335: PhysicsWorld.CollisionReportsFilteringTriggersAndDynamicNonUniformScale
1322/4154 Test #1335: PhysicsWorld.CollisionReportsFilteringTriggersAndDynamicNonUniformScale .........................................   Passed    0.00 sec
          Start 1336: PhysicsWorld.ContactRecordNormalFollowsAToBConvention
1323/4154 Test #1336: PhysicsWorld.ContactRecordNormalFollowsAToBConvention ...........................................................   Passed    0.00 sec
          Start 1337: PhysicsWorld.IslandsGroupContactConnectedDynamicBodiesDeterministically
1324/4154 Test #1337: PhysicsWorld.IslandsGroupContactConnectedDynamicBodiesDeterministically .........................................   Passed    0.00 sec
          Start 1338: PhysicsWorld.IslandsExcludeTriggerContacts
1325/4154 Test #1338: PhysicsWorld.IslandsExcludeTriggerContacts ......................................................................   Passed    0.00 sec
          Start 1339: PhysicsWorld.SolveStepSeparatesOverlappingSpheresAndConverges
1326/4154 Test #1339: PhysicsWorld.SolveStepSeparatesOverlappingSpheresAndConverges ...................................................   Passed    0.00 sec
          Start 1340: PhysicsWorld.SolveStepReportsNonConvergenceUnderStarvedIterationBudget
1327/4154 Test #1340: PhysicsWorld.SolveStepReportsNonConvergenceUnderStarvedIterationBudget ..........................................   Passed    0.00 sec
          Start 1341: PhysicsWorld.SolveStepRejectsInvalidSolverSettings
1328/4154 Test #1341: PhysicsWorld.SolveStepRejectsInvalidSolverSettings ..............................................................   Passed    0.00 sec
          Start 1342: PhysicsWorld.SleepPolicyTransitionsLowMotionBodyAndWakeOnUpdate
1329/4154 Test #1342: PhysicsWorld.SleepPolicyTransitionsLowMotionBodyAndWakeOnUpdate .................................................   Passed    0.00 sec
          Start 1343: PhysicsWorld.SolveStepIsDeterministicForRepeatedIdenticalInputs
1330/4154 Test #1343: PhysicsWorld.SolveStepIsDeterministicForRepeatedIdenticalInputs .................................................   Passed    0.00 sec
          Start 1344: PhysicsWorld.SolveStepEnergyDriftIsReportedAndBoundedForRestingContact
1331/4154 Test #1344: PhysicsWorld.SolveStepEnergyDriftIsReportedAndBoundedForRestingContact ..........................................   Passed    0.00 sec
          Start 1345: PhysicsModule.DisabledOwnsNoWorldAndStepBudgetIsBounded
1332/4154 Test #1345: PhysicsModule.DisabledOwnsNoWorldAndStepBudgetIsBounded .........................................................   Passed    0.00 sec
          Start 1346: PhysicsModule.AuthoringFingerprintReusesBodiesAndTracksUpdatesAndRemoval
1333/4154 Test #1346: PhysicsModule.AuthoringFingerprintReusesBodiesAndTracksUpdatesAndRemoval ........................................   Passed    0.00 sec
          Start 1347: PhysicsModule.SolverWritesBackOnlyDynamicBodiesWithoutResettingAuthoring
1334/4154 Test #1347: PhysicsModule.SolverWritesBackOnlyDynamicBodiesWithoutResettingAuthoring ........................................   Passed    0.00 sec
          Start 1348: PhysicsModule.PerWorldStateIsRemovedOnDestroyAndShutdown
1335/4154 Test #1348: PhysicsModule.PerWorldStateIsRemovedOnDestroyAndShutdown ........................................................   Passed    0.00 sec
          Start 1349: PhysicsModule.NullEngineRunAdvancesDynamicAndPreservesStaticKinematicEcsPose
1336/4154 Test #1349: PhysicsModule.NullEngineRunAdvancesDynamicAndPreservesStaticKinematicEcsPose ....................................   Passed    0.04 sec
          Start 1350: GeometryStatistics.StreamingMomentsMatchBatch
1337/4154 Test #1350: GeometryStatistics.StreamingMomentsMatchBatch ...................................................................   Passed    0.00 sec
          Start 1351: GeometryStatistics.MergeEqualsConcatenation
1338/4154 Test #1351: GeometryStatistics.MergeEqualsConcatenation .....................................................................   Passed    0.00 sec
          Start 1352: GeometryStatistics.MedianOddAndEven
1339/4154 Test #1352: GeometryStatistics.MedianOddAndEven .............................................................................   Passed    0.00 sec
          Start 1353: GeometryStatistics.QuantileLinearInterpolation
1340/4154 Test #1353: GeometryStatistics.QuantileLinearInterpolation ..................................................................   Passed    0.00 sec
          Start 1354: GeometryStatistics.GenericMedianAndQuantileSupportNonDoubleVectors
1341/4154 Test #1354: GeometryStatistics.GenericMedianAndQuantileSupportNonDoubleVectors ..............................................   Passed    0.00 sec
          Start 1355: GeometryStatistics.RunningMedianTracksMedian
1342/4154 Test #1355: GeometryStatistics.RunningMedianTracksMedian ....................................................................   Passed    0.00 sec
          Start 1356: GeometryStatistics.SafeTrigClampsOutOfDomain
1343/4154 Test #1356: GeometryStatistics.SafeTrigClampsOutOfDomain ....................................................................   Passed    0.00 sec
          Start 1357: GeometryStatistics.FailClosedOnDegenerateInput
1344/4154 Test #1357: GeometryStatistics.FailClosedOnDegenerateInput ..................................................................   Passed    0.00 sec
          Start 1358: GeometryRobust.WeightMatchesAnalyticForms
1345/4154 Test #1358: GeometryRobust.WeightMatchesAnalyticForms .......................................................................   Passed    0.00 sec
          Start 1359: GeometryRobust.WeightEqualsPsiOverU
1346/4154 Test #1359: GeometryRobust.WeightEqualsPsiOverU .............................................................................   Passed    0.00 sec
          Start 1360: GeometryRobust.WeightFiniteAtZeroAndNonIncreasing
1347/4154 Test #1360: GeometryRobust.WeightFiniteAtZeroAndNonIncreasing ...............................................................   Passed    0.00 sec
          Start 1361: GeometryRobust.RedescendingDownweightsLargeResiduals
1348/4154 Test #1361: GeometryRobust.RedescendingDownweightsLargeResiduals ............................................................   Passed    0.00 sec
          Start 1362: GeometryRobust.FailClosedOnBadInputs
1349/4154 Test #1362: GeometryRobust.FailClosedOnBadInputs ............................................................................   Passed    0.00 sec
          Start 1363: GeometryRobust.RhoIsZeroAtZeroAndPositiveElsewhere
1350/4154 Test #1363: GeometryRobust.RhoIsZeroAtZeroAndPositiveElsewhere ..............................................................   Passed    0.00 sec
          Start 1364: AABBCubify.MakeCubicExpandsAroundCenterAndContainsOriginal
1351/4154 Test #1364: AABBCubify.MakeCubicExpandsAroundCenterAndContainsOriginal ......................................................   Passed    0.00 sec
          Start 1365: AABBCubify.ChildOctantsTileParentWithoutPositiveOverlap
1352/4154 Test #1365: AABBCubify.ChildOctantsTileParentWithoutPositiveOverlap .........................................................   Passed    0.00 sec
          Start 1366: AABBCubify.InvalidInputAndOutOfRangeOctantsFailClosed
1353/4154 Test #1366: AABBCubify.InvalidInputAndOutOfRangeOctantsFailClosed ...........................................................   Passed    0.00 sec
          Start 1367: BezierCurve.ReportsDegreeAndInterpolatesEndpoints
1354/4154 Test #1367: BezierCurve.ReportsDegreeAndInterpolatesEndpoints ...............................................................   Passed    0.00 sec
          Start 1368: BezierCurve.DegreeOneEqualsLinearLerp
1355/4154 Test #1368: BezierCurve.DegreeOneEqualsLinearLerp ...........................................................................   Passed    0.00 sec
          Start 1369: BezierCurve.BernsteinMatchesDeCasteljauForQuadraticAndCubic
1356/4154 Test #1369: BezierCurve.BernsteinMatchesDeCasteljauForQuadraticAndCubic .....................................................   Passed    0.00 sec
          Start 1370: BezierCurve.EmptyAndNonFiniteInputsFailClosed
1357/4154 Test #1370: BezierCurve.EmptyAndNonFiniteInputsFailClosed ...................................................................   Passed    0.00 sec
          Start 1371: GeometryCurve.EndpointsInterpolateControlPoints
1358/4154 Test #1371: GeometryCurve.EndpointsInterpolateControlPoints .................................................................   Passed    0.00 sec
          Start 1372: GeometryCurve.DegreeOneIsLinearLerp
1359/4154 Test #1372: GeometryCurve.DegreeOneIsLinearLerp .............................................................................   Passed    0.00 sec
          Start 1373: GeometryCurve.DeCasteljauMatchesBernstein
1360/4154 Test #1373: GeometryCurve.DeCasteljauMatchesBernstein .......................................................................   Passed    0.00 sec
          Start 1374: GeometryCurve.DerivativeAtEndpoints
1361/4154 Test #1374: GeometryCurve.DerivativeAtEndpoints .............................................................................   Passed    0.00 sec
          Start 1375: GeometryCurve.SingleControlPointIsConstant
1362/4154 Test #1375: GeometryCurve.SingleControlPointIsConstant ......................................................................   Passed    0.00 sec
          Start 1376: GeometryCurve.FailClosedOnBadInput
1363/4154 Test #1376: GeometryCurve.FailClosedOnBadInput ..............................................................................   Passed    0.00 sec
          Start 1377: GeometryRotation.HatVeeInverse
1364/4154 Test #1377: GeometryRotation.HatVeeInverse ..................................................................................   Passed    0.00 sec
          Start 1378: GeometryRotation.ExpLogRoundTrip
1365/4154 Test #1378: GeometryRotation.ExpLogRoundTrip ................................................................................   Passed    0.00 sec
          Start 1379: GeometryRotation.LogExpRoundTripFromRandom
1366/4154 Test #1379: GeometryRotation.LogExpRoundTripFromRandom ......................................................................   Passed    0.00 sec
          Start 1380: GeometryRotation.AngularDistanceMatchesAngle
1367/4154 Test #1380: GeometryRotation.AngularDistanceMatchesAngle ....................................................................   Passed    0.00 sec
          Start 1381: GeometryRotation.ChordalDistanceRelation
1368/4154 Test #1381: GeometryRotation.ChordalDistanceRelation ........................................................................   Passed    0.00 sec
          Start 1382: GeometryRotation.RandomRotationDeterministicAndValid
1369/4154 Test #1382: GeometryRotation.RandomRotationDeterministicAndValid ............................................................   Passed    0.00 sec
          Start 1383: GeometryRotation.ProjectOnSO3
1370/4154 Test #1383: GeometryRotation.ProjectOnSO3 ...................................................................................   Passed    0.00 sec
          Start 1384: GeometryRotation.OptimalRotationRecoversKnown
1371/4154 Test #1384: GeometryRotation.OptimalRotationRecoversKnown ...................................................................   Passed    0.00 sec
          Start 1385: GeometryRotation.FailClosed
1372/4154 Test #1385: GeometryRotation.FailClosed .....................................................................................   Passed    0.00 sec
          Start 1386: GeometryRotationAveraging.AllRoutinesReturnRepeatedRotation
1373/4154 Test #1386: GeometryRotationAveraging.AllRoutinesReturnRepeatedRotation .....................................................   Passed    0.01 sec
          Start 1387: GeometryRotationAveraging.ChordalAndKarcherAgreeOnCluster
1374/4154 Test #1387: GeometryRotationAveraging.ChordalAndKarcherAgreeOnCluster .......................................................   Passed    0.01 sec
          Start 1388: GeometryRotationAveraging.WeightedKarcherMeanMatchesAnalyticSlerp
1375/4154 Test #1388: GeometryRotationAveraging.WeightedKarcherMeanMatchesAnalyticSlerp ...............................................   Passed    0.00 sec
          Start 1389: GeometryRotationAveraging.MediansStayCloserToInliersThanMeansWithOutliers
1376/4154 Test #1389: GeometryRotationAveraging.MediansStayCloserToInliersThanMeansWithOutliers .......................................   Passed    0.01 sec
          Start 1390: GeometryRotationAveraging.DeterministicAcrossRepeatedCallsAndPermutation
1377/4154 Test #1390: GeometryRotationAveraging.DeterministicAcrossRepeatedCallsAndPermutation ........................................   Passed    0.01 sec
          Start 1391: GeometryRotationAveraging.FailClosedStatuses
1378/4154 Test #1391: GeometryRotationAveraging.FailClosedStatuses ....................................................................   Passed    0.00 sec
          Start 1392: GeometryMeshQuantities.SingleTriangleAreaVectorCentroid
1379/4154 Test #1392: GeometryMeshQuantities.SingleTriangleAreaVectorCentroid .........................................................   Passed    0.00 sec
          Start 1393: GeometryMeshQuantities.BarycentricAreasSumToSurfaceArea
1380/4154 Test #1393: GeometryMeshQuantities.BarycentricAreasSumToSurfaceArea .........................................................   Passed    0.00 sec
          Start 1394: GeometryMeshQuantities.EquilateralTriangleAreaIsAnalytic
1381/4154 Test #1394: GeometryMeshQuantities.EquilateralTriangleAreaIsAnalytic ........................................................   Passed    0.00 sec
          Start 1395: GeometryMeshQuantities.ClosedMeshAreaVectorsSumToZero
1382/4154 Test #1395: GeometryMeshQuantities.ClosedMeshAreaVectorsSumToZero ...........................................................   Passed    0.00 sec
          Start 1396: GeometryMeshQuantities.PublishCanonicalQuantityProperties
1383/4154 Test #1396: GeometryMeshQuantities.PublishCanonicalQuantityProperties .......................................................   Passed    0.00 sec
          Start 1397: GeometryMeshQuantities.FaceCentroidIsCornerAverageNotOneRing
1384/4154 Test #1397: GeometryMeshQuantities.FaceCentroidIsCornerAverageNotOneRing ....................................................   Passed    0.00 sec
          Start 1398: GeometryMeshQuantities.FailClosedOnInvalidFace
1385/4154 Test #1398: GeometryMeshQuantities.FailClosedOnInvalidFace ..................................................................   Passed    0.00 sec
          Start 1399: GeometryMeshQuantities.FaceScalarGradientMatchesLinearField
1386/4154 Test #1399: GeometryMeshQuantities.FaceScalarGradientMatchesLinearField .....................................................   Passed    0.00 sec
          Start 1400: GeometryMeshQuantities.FaceScalarGradientFailsClosed
1387/4154 Test #1400: GeometryMeshQuantities.FaceScalarGradientFailsClosed ............................................................   Passed    0.00 sec
          Start 1401: GeometryMeshQuantities.ProjectToUnitSphereLeavesOriginAndNormalizesFiniteVertices
1388/4154 Test #1401: GeometryMeshQuantities.ProjectToUnitSphereLeavesOriginAndNormalizesFiniteVertices ...............................   Passed    0.00 sec
          Start 1402: GeometryMeshQuantities.VertexOneRingPcaAlignsWithSphereNormal
1389/4154 Test #1402: GeometryMeshQuantities.VertexOneRingPcaAlignsWithSphereNormal ...................................................   Passed    0.00 sec
          Start 1403: GeometryMeshQuantities.VertexOneRingPcaFailsClosedWhenUnderdetermined
1390/4154 Test #1403: GeometryMeshQuantities.VertexOneRingPcaFailsClosedWhenUnderdetermined ...........................................   Passed    0.00 sec
          Start 1404: GeometryMeshQuantities.NonPlanarQuadAreaUsesTriangleFan
1391/4154 Test #1404: GeometryMeshQuantities.NonPlanarQuadAreaUsesTriangleFan .........................................................   Passed    0.00 sec
          Start 1405: GeometryMeshQuantities.PlanarConcavePolygonUsesShoelaceArea
1392/4154 Test #1405: GeometryMeshQuantities.PlanarConcavePolygonUsesShoelaceArea .....................................................   Passed    0.00 sec
          Start 1406: GeometryMeshQuantities.FailClosedOnNonFiniteCorner
1393/4154 Test #1406: GeometryMeshQuantities.FailClosedOnNonFiniteCorner ..............................................................   Passed    0.00 sec
          Start 1407: GeometryMeshClosestFace.MatchesBruteForce
1394/4154 Test #1407: GeometryMeshClosestFace.MatchesBruteForce .......................................................................   Passed    0.05 sec
          Start 1408: GeometryMeshClosestFace.PointOnSurfaceHasZeroDistance
1395/4154 Test #1408: GeometryMeshClosestFace.PointOnSurfaceHasZeroDistance ...........................................................   Passed    0.00 sec
          Start 1409: GeometryMeshClosestFace.FailClosed
1396/4154 Test #1409: GeometryMeshClosestFace.FailClosed ..............................................................................   Passed    0.00 sec
          Start 1410: GeometryMeshClosestFace.KNearestAndRadiusMatchBruteForce
1397/4154 Test #1410: GeometryMeshClosestFace.KNearestAndRadiusMatchBruteForce ........................................................   Passed    0.00 sec
          Start 1411: GeometryMeshClosestFace.SubsetBuildRestrictsCandidates
1398/4154 Test #1411: GeometryMeshClosestFace.SubsetBuildRestrictsCandidates ..........................................................   Passed    0.00 sec
          Start 1412: GeometryLinalgEigenMap.MapsVec3ArrayAsNby3
1399/4154 Test #1412: GeometryLinalgEigenMap.MapsVec3ArrayAsNby3 ......................................................................   Passed    0.00 sec
          Start 1413: GeometryLinalgEigenMap.MutableMapAliasesStorage
1400/4154 Test #1413: GeometryLinalgEigenMap.MutableMapAliasesStorage .................................................................   Passed    0.00 sec
          Start 1414: GeometryLinalgEigenMap.EmptySpanYieldsZeroRows
1401/4154 Test #1414: GeometryLinalgEigenMap.EmptySpanYieldsZeroRows ..................................................................   Passed    0.00 sec
          Start 1415: GeometryLinalgEigenMap.MapAsMatrixAliasesStridedRows
1402/4154 Test #1415: GeometryLinalgEigenMap.MapAsMatrixAliasesStridedRows ............................................................   Passed    0.00 sec
          Start 1416: GeometryLinalgEigenMap.MapVectorAsMatrixAliasesFixedSizeVectors
1403/4154 Test #1416: GeometryLinalgEigenMap.MapVectorAsMatrixAliasesFixedSizeVectors .................................................   Passed    0.00 sec
          Start 1417: RuntimeGraph.AddEdge_FindEdge
1404/4154 Test #1417: RuntimeGraph.AddEdge_FindEdge ...................................................................................   Passed    0.00 sec
          Start 1418: RuntimeGraph.DeleteVertex_ThenGarbageCollect
1405/4154 Test #1418: RuntimeGraph.DeleteVertex_ThenGarbageCollect ....................................................................   Passed    0.00 sec
          Start 1419: RuntimeGraph.GarbageCollectionRemapsSurvivingConnectivity
1406/4154 Test #1419: RuntimeGraph.GarbageCollectionRemapsSurvivingConnectivity .......................................................   Passed    0.00 sec
          Start 1420: RuntimeGraph.GarbageCollectionRebuildsSurvivingVertexStar
1407/4154 Test #1420: RuntimeGraph.GarbageCollectionRebuildsSurvivingVertexStar .......................................................   Passed    0.00 sec
          Start 1421: RuntimeGraph.ForceDirectedLayoutRejectsDegenerateInputs
1408/4154 Test #1421: RuntimeGraph.ForceDirectedLayoutRejectsDegenerateInputs .........................................................   Passed    0.00 sec
          Start 1422: RuntimeGraph.ForceDirectedLayoutProducesFiniteSeparatedEmbedding
1409/4154 Test #1422: RuntimeGraph.ForceDirectedLayoutProducesFiniteSeparatedEmbedding ................................................   Passed    0.00 sec
          Start 1423: RuntimeGraph.SpectralLayoutRejectsDegenerateInputs
1410/4154 Test #1423: RuntimeGraph.SpectralLayoutRejectsDegenerateInputs ..............................................................   Passed    0.01 sec
          Start 1424: RuntimeGraph.SpectralLayoutProducesFiniteCenteredEmbedding
1411/4154 Test #1424: RuntimeGraph.SpectralLayoutProducesFiniteCenteredEmbedding ......................................................   Passed    0.00 sec
          Start 1425: RuntimeGraph.SpectralLayoutNormalizedVariantProducesFiniteEmbedding
1412/4154 Test #1425: RuntimeGraph.SpectralLayoutNormalizedVariantProducesFiniteEmbedding .............................................   Passed    0.00 sec
          Start 1426: RuntimeGraph.HierarchicalLayoutRejectsDegenerateInputs
1413/4154 Test #1426: RuntimeGraph.HierarchicalLayoutRejectsDegenerateInputs ..........................................................   Passed    0.00 sec
          Start 1427: RuntimeGraph.HierarchicalLayoutProducesLayeredEmbedding
1414/4154 Test #1427: RuntimeGraph.HierarchicalLayoutProducesLayeredEmbedding .........................................................   Passed    0.00 sec
          Start 1428: RuntimeGraph.HierarchicalLayoutCrossingMinimizationReducesCrossings
1415/4154 Test #1428: RuntimeGraph.HierarchicalLayoutCrossingMinimizationReducesCrossings .............................................   Passed    0.00 sec
          Start 1429: RuntimeGraph.HierarchicalLayoutAutoRootCentersLongPath
1416/4154 Test #1429: RuntimeGraph.HierarchicalLayoutAutoRootCentersLongPath ..........................................................   Passed    0.00 sec
          Start 1430: RuntimeGraph.CountEdgeCrossingsRejectsDegenerateInput
1417/4154 Test #1430: RuntimeGraph.CountEdgeCrossingsRejectsDegenerateInput ...........................................................   Passed    0.00 sec
          Start 1431: RuntimeGraph.CountEdgeCrossingsCountsOnlyNonIncidentByDefault
1418/4154 Test #1431: RuntimeGraph.CountEdgeCrossingsCountsOnlyNonIncidentByDefault ...................................................   Passed    0.00 sec
          Start 1432: RuntimeGraph.CountEdgeCrossingsCanIncludeIncidentAndCollinearOverlaps
1419/4154 Test #1432: RuntimeGraph.CountEdgeCrossingsCanIncludeIncidentAndCollinearOverlaps ...........................................   Passed    0.00 sec
          Start 1433: RuntimeGraph.TopologicalLayersIndependentPasses
1420/4154 Test #1433: RuntimeGraph.TopologicalLayersIndependentPasses .................................................................   Passed    0.00 sec
          Start 1434: GraphCirculators.HalfedgesAroundVertexTraversesIncidentRing
1421/4154 Test #1434: GraphCirculators.HalfedgesAroundVertexTraversesIncidentRing .....................................................   Passed    0.00 sec
          Start 1435: GraphCirculators.BoundaryHalfedgesVisitBoundaryLoopOnce
1422/4154 Test #1435: GraphCirculators.BoundaryHalfedgesVisitBoundaryLoopOnce .........................................................   Passed    0.00 sec
          Start 1436: GraphCirculators.IsolatedVertexProducesEmptyHalfedgeRing
1423/4154 Test #1436: GraphCirculators.IsolatedVertexProducesEmptyHalfedgeRing ........................................................   Passed    0.00 sec
          Start 1437: RuntimeGraphKNN.ReturnsNulloptForDegenerateInputs
1424/4154 Test #1437: RuntimeGraphKNN.ReturnsNulloptForDegenerateInputs ...............................................................   Passed    0.00 sec
          Start 1438: RuntimeGraphKNN.UnionConnectivityBuildsSymmetricNeighborhoodGraph
1425/4154 Test #1438: RuntimeGraphKNN.UnionConnectivityBuildsSymmetricNeighborhoodGraph ...............................................   Passed    0.00 sec
          Start 1439: RuntimeGraphKNN.MutualConnectivityFiltersNonReciprocalNeighbors
1426/4154 Test #1439: RuntimeGraphKNN.MutualConnectivityFiltersNonReciprocalNeighbors .................................................   Passed    0.00 sec
          Start 1440: RuntimeGraphKNN.CoincidentPointsAreRejectedByDistanceEpsilon
1427/4154 Test #1440: RuntimeGraphKNN.CoincidentPointsAreRejectedByDistanceEpsilon ....................................................   Passed    0.00 sec
          Start 1441: RuntimeGraphKNN.BuildFromIndicesCreatesExpectedGraph
1428/4154 Test #1441: RuntimeGraphKNN.BuildFromIndicesCreatesExpectedGraph ............................................................   Passed    0.00 sec
          Start 1442: RuntimeGraphKNN.BuildFromIndicesRejectsInvalidAndCoincidentPairs
1429/4154 Test #1442: RuntimeGraphKNN.BuildFromIndicesRejectsInvalidAndCoincidentPairs ................................................   Passed    0.00 sec
          Start 1443: RuntimeGraphKNN.OctreeBuilderMatchesBruteForceNeighborSets
1430/4154 Test #1443: RuntimeGraphKNN.OctreeBuilderMatchesBruteForceNeighborSets ......................................................   Passed    0.00 sec
          Start 1444: GraphQueries.EnsureEdgeLengthsCachesCanonicalProperty
1431/4154 Test #1444: GraphQueries.EnsureEdgeLengthsCachesCanonicalProperty ...........................................................   Passed    0.00 sec
          Start 1445: GraphQueries.ClosestKAndRadiusQueriesMatchBruteForce
1432/4154 Test #1445: GraphQueries.ClosestKAndRadiusQueriesMatchBruteForce ............................................................   Passed    0.00 sec
          Start 1446: GraphQueries.ClosestEdgeWithinOneRingOnlySearchesIncidentEdges
1433/4154 Test #1446: GraphQueries.ClosestEdgeWithinOneRingOnlySearchesIncidentEdges ..................................................   Passed    0.00 sec
          Start 1447: GraphQueries.GaussianNoiseIsDeterministicAndIdentityAtZeroScale
1434/4154 Test #1447: GraphQueries.GaussianNoiseIsDeterministicAndIdentityAtZeroScale .................................................   Passed    0.01 sec
          Start 1448: GraphQueries.DegenerateInputsFailClosed
1435/4154 Test #1448: GraphQueries.DegenerateInputsFailClosed .........................................................................   Passed    0.00 sec
          Start 1449: GeometryPropertiesContract.NameAccessorsReturnStableStringView
1436/4154 Test #1449: GeometryPropertiesContract.NameAccessorsReturnStableStringView ..................................................   Passed    0.00 sec
          Start 1450: GeometryPropertiesContract.RegistryHandlesFailClosed
1437/4154 Test #1450: GeometryPropertiesContract.RegistryHandlesFailClosed ............................................................   Passed    0.00 sec
          Start 1451: GeometryPropertiesContract.DefaultConstPropertySetIsSafeEmptyView
1438/4154 Test #1451: GeometryPropertiesContract.DefaultConstPropertySetIsSafeEmptyView ...............................................   Passed    0.00 sec
          Start 1452: GeometryPropertiesContract.ConstLookupReturnsReadOnlyProperty
1439/4154 Test #1452: GeometryPropertiesContract.ConstLookupReturnsReadOnlyProperty ...................................................   Passed    0.00 sec
          Start 1453: GeometryPropertiesContract.BoolPropertySupportsScalarProxyAccessOnly
1440/4154 Test #1453: GeometryPropertiesContract.BoolPropertySupportsScalarProxyAccessOnly ............................................   Passed    0.00 sec
          Start 1454: GeometryPropertiesContract.MapPropertyAliasesScalarAndVectorColumns
1441/4154 Test #1454: GeometryPropertiesContract.MapPropertyAliasesScalarAndVectorColumns .............................................   Passed    0.00 sec
          Start 1455: GeometryPropertiesContract.MapPropertyBoolReturnsCopiedNumericColumn
1442/4154 Test #1455: GeometryPropertiesContract.MapPropertyBoolReturnsCopiedNumericColumn ............................................   Passed    0.00 sec
          Start 1456: GeometryPropertiesContract.DescriptorCatalogReportsTypeAndAccessMetadata
1443/4154 Test #1456: GeometryPropertiesContract.DescriptorCatalogReportsTypeAndAccessMetadata ........................................   Passed    0.00 sec
          Start 1457: GeometryPropertiesContract.MutableBorrowsPublishMonotonicContentRevisions
1444/4154 Test #1457: GeometryPropertiesContract.MutableBorrowsPublishMonotonicContentRevisions .......................................   Passed    0.00 sec
          Start 1458: GeometryPropertiesContract.StructuralEditsCopiesAndDescriptorsCarryRevisions
1445/4154 Test #1458: GeometryPropertiesContract.StructuralEditsCopiesAndDescriptorsCarryRevisions ....................................   Passed    0.00 sec
          Start 1459: GeometryPropertiesContract.ShrinkToFitIsCanonicalSpelling
1446/4154 Test #1459: GeometryPropertiesContract.ShrinkToFitIsCanonicalSpelling .......................................................   Passed    0.01 sec
          Start 1460: GeometryPropertiesContract.LiveElementRangeSkipsDeletedAndFailsClosed
1447/4154 Test #1460: GeometryPropertiesContract.LiveElementRangeSkipsDeletedAndFailsClosed ...........................................   Passed    0.00 sec
          Start 1461: GeometryPropertiesContract.MeshLiveRangesMatchManualDeletedFilter
1448/4154 Test #1461: GeometryPropertiesContract.MeshLiveRangesMatchManualDeletedFilter ...............................................   Passed    0.00 sec
          Start 1462: GeometryPropertiesContract.ConstDomainViewsExposeReadOnlyLiveRanges
1449/4154 Test #1462: GeometryPropertiesContract.ConstDomainViewsExposeReadOnlyLiveRanges .............................................   Passed    0.00 sec
          Start 1463: KDTree.RejectsDegenerateBuildInputs
1450/4154 Test #1463: KDTree.RejectsDegenerateBuildInputs .............................................................................   Passed    0.00 sec
          Start 1464: KDTree.KnnMatchesBruteForceOrderingForPointAabbs
1451/4154 Test #1464: KDTree.KnnMatchesBruteForceOrderingForPointAabbs ................................................................   Passed    0.00 sec
          Start 1465: KDTree.RadiusQueryMatchesBruteForceSetForPointAabbs
1452/4154 Test #1465: KDTree.RadiusQueryMatchesBruteForceSetForPointAabbs .............................................................   Passed    0.00 sec
          Start 1466: KDTree.RadiusQueryScratchPreservesOrderingAcrossReuse
1453/4154 Test #1466: KDTree.RadiusQueryScratchPreservesOrderingAcrossReuse ...........................................................   Passed    0.00 sec
          Start 1467: KDTree.SupportsVolumetricElementsThroughAabbInput
1454/4154 Test #1467: KDTree.SupportsVolumetricElementsThroughAabbInput ...............................................................   Passed    0.00 sec
          Start 1468: KDTree.HandlesCoincidentElementsAndInvalidQueries
1455/4154 Test #1468: KDTree.HandlesCoincidentElementsAndInvalidQueries ...............................................................   Passed    0.00 sec
          Start 1469: Octree.BuildFromPointsMatchesExplicitPointAabbs
1456/4154 Test #1469: Octree.BuildFromPointsMatchesExplicitPointAabbs .................................................................   Passed    0.00 sec
          Start 1470: Octree.Build_EmptyInput
1457/4154 Test #1470: Octree.Build_EmptyInput .........................................................................................   Passed    0.01 sec
          Start 1471: Octree.Build_SingleElement
1458/4154 Test #1471: Octree.Build_SingleElement ......................................................................................   Passed    0.00 sec
          Start 1472: Octree.Build_SmallSet
1459/4154 Test #1472: Octree.Build_SmallSet ...........................................................................................   Passed    0.00 sec
          Start 1473: Octree.Build_LargeSet
1460/4154 Test #1473: Octree.Build_LargeSet ...........................................................................................   Passed    0.01 sec
          Start 1474: Octree.Build_DifferentSplitPolicies
1461/4154 Test #1474: Octree.Build_DifferentSplitPolicies .............................................................................   Passed    0.01 sec
          Start 1475: Octree.QueryAABB_EmptyResult
1462/4154 Test #1475: Octree.QueryAABB_EmptyResult ....................................................................................   Passed    0.00 sec
          Start 1476: Octree.QueryAABB_AllElements
1463/4154 Test #1476: Octree.QueryAABB_AllElements ....................................................................................   Passed    0.00 sec
          Start 1477: Octree.QueryAABB_PartialOverlap
1464/4154 Test #1477: Octree.QueryAABB_PartialOverlap .................................................................................   Passed    0.00 sec
          Start 1478: Octree.QueryAABB_CorrectResults
1465/4154 Test #1478: Octree.QueryAABB_CorrectResults .................................................................................   Passed    0.00 sec
          Start 1479: Octree.QuerySphere_Basic
1466/4154 Test #1479: Octree.QuerySphere_Basic ........................................................................................   Passed    0.00 sec
          Start 1480: Octree.QuerySphere_CorrectResults
1467/4154 Test #1480: Octree.QuerySphere_CorrectResults ...............................................................................   Passed    0.01 sec
          Start 1481: Octree.QueryRay_Basic
1468/4154 Test #1481: Octree.QueryRay_Basic ...........................................................................................   Passed    0.00 sec
          Start 1482: Octree.QueryRay_Miss
1469/4154 Test #1482: Octree.QueryRay_Miss ............................................................................................   Passed    0.00 sec
          Start 1483: Octree.QueryNearest_Basic
1470/4154 Test #1483: Octree.QueryNearest_Basic .......................................................................................   Passed    0.00 sec
          Start 1484: Octree.QueryNearest_CorrectResult
1471/4154 Test #1484: Octree.QueryNearest_CorrectResult ...............................................................................   Passed    0.01 sec
          Start 1485: Octree.QueryKNN_Basic
1472/4154 Test #1485: Octree.QueryKNN_Basic ...........................................................................................   Passed    0.00 sec
          Start 1486: Octree.QueryKNN_KGreaterThanElements
1473/4154 Test #1486: Octree.QueryKNN_KGreaterThanElements ............................................................................   Passed    0.00 sec
          Start 1487: Octree.QueryKNN_CorrectResults
1474/4154 Test #1487: Octree.QueryKNN_CorrectResults ..................................................................................   Passed    0.00 sec
          Start 1488: Octree.AddNodeProperty
1475/4154 Test #1488: Octree.AddNodeProperty ..........................................................................................   Passed    0.00 sec
          Start 1489: Octree.GetNodeProperty
1476/4154 Test #1489: Octree.GetNodeProperty ..........................................................................................   Passed    0.00 sec
          Start 1490: Octree.HasNodeProperty
1477/4154 Test #1490: Octree.HasNodeProperty ..........................................................................................   Passed    0.00 sec
          Start 1491: Octree.AllElementsAtSamePoint
1478/4154 Test #1491: Octree.AllElementsAtSamePoint ...................................................................................   Passed    0.00 sec
          Start 1492: Octree.LargeExtentDifferences
1479/4154 Test #1492: Octree.LargeExtentDifferences ...................................................................................   Passed    0.00 sec
          Start 1493: BVH.RejectsDegenerateBuildInputs
1480/4154 Test #1493: BVH.RejectsDegenerateBuildInputs ................................................................................   Passed    0.00 sec
          Start 1494: BVH.QueryAabbAndRayMatchExpectedPrimitiveSet
1481/4154 Test #1494: BVH.QueryAabbAndRayMatchExpectedPrimitiveSet ....................................................................   Passed    0.00 sec
          Start 1495: BVH.HandlesCoincidentCentroidsWithoutDroppingElements
1482/4154 Test #1495: BVH.HandlesCoincidentCentroidsWithoutDroppingElements ...........................................................   Passed    0.00 sec
          Start 1496: BVH.QueryRayIncludesBoundaryCoincidentBoxes
1483/4154 Test #1496: BVH.QueryRayIncludesBoundaryCoincidentBoxes .....................................................................   Passed    0.00 sec
          Start 1497: DEC_ExteriorDerivative0.DimensionsMatchMesh
1484/4154 Test #1497: DEC_ExteriorDerivative0.DimensionsMatchMesh .....................................................................   Passed    0.00 sec
          Start 1498: DEC_ExteriorDerivative0.EachRowHasTwoEntries
1485/4154 Test #1498: DEC_ExteriorDerivative0.EachRowHasTwoEntries ....................................................................   Passed    0.00 sec
          Start 1499: DEC_ExteriorDerivative0.RowSumIsZero
1486/4154 Test #1499: DEC_ExteriorDerivative0.RowSumIsZero ............................................................................   Passed    0.00 sec
          Start 1500: DEC_ExteriorDerivative0.GradientOfConstantIsZero
1487/4154 Test #1500: DEC_ExteriorDerivative0.GradientOfConstantIsZero ................................................................   Passed    0.00 sec
          Start 1501: DEC_ExteriorDerivative0.GradientOfLinearFunction
1488/4154 Test #1501: DEC_ExteriorDerivative0.GradientOfLinearFunction ................................................................   Passed    0.00 sec
          Start 1502: DEC_ExteriorDerivative1.DimensionsMatchMesh
1489/4154 Test #1502: DEC_ExteriorDerivative1.DimensionsMatchMesh .....................................................................   Passed    0.00 sec
          Start 1503: DEC_ExteriorDerivative1.TriangleFacesHaveThreeEntries
1490/4154 Test #1503: DEC_ExteriorDerivative1.TriangleFacesHaveThreeEntries ...........................................................   Passed    0.00 sec
          Start 1504: DEC_ExteriorDerivative1.EntriesArePlusMinusOne
1491/4154 Test #1504: DEC_ExteriorDerivative1.EntriesArePlusMinusOne ..................................................................   Passed    0.00 sec
          Start 1505: DEC_ExteriorDerivative1.ExactnessD1D0IsZero
1492/4154 Test #1505: DEC_ExteriorDerivative1.ExactnessD1D0IsZero .....................................................................   Passed    0.00 sec
          Start 1506: DEC_HodgeStar0.DimensionsMatchVertexCount
1493/4154 Test #1506: DEC_HodgeStar0.DimensionsMatchVertexCount .......................................................................   Passed    0.00 sec
          Start 1507: DEC_HodgeStar0.AllEntriesPositive
1494/4154 Test #1507: DEC_HodgeStar0.AllEntriesPositive ...............................................................................   Passed    0.00 sec
          Start 1508: DEC_HodgeStar0.SumEqualsTotalArea
1495/4154 Test #1508: DEC_HodgeStar0.SumEqualsTotalArea ...............................................................................   Passed    0.00 sec
          Start 1509: DEC_HodgeStar0.SingleTriangleSumEqualsArea
1496/4154 Test #1509: DEC_HodgeStar0.SingleTriangleSumEqualsArea ......................................................................   Passed    0.00 sec
          Start 1510: DEC_HodgeStar0.EquilateralTriangleEqualAreas
1497/4154 Test #1510: DEC_HodgeStar0.EquilateralTriangleEqualAreas ....................................................................   Passed    0.00 sec
          Start 1511: DEC_HodgeStar0.RegularTetrahedronEqualAreas
1498/4154 Test #1511: DEC_HodgeStar0.RegularTetrahedronEqualAreas .....................................................................   Passed    0.00 sec
          Start 1512: DEC_HodgeStar1.DimensionsMatchEdgeCount
1499/4154 Test #1512: DEC_HodgeStar1.DimensionsMatchEdgeCount .........................................................................   Passed    0.00 sec
          Start 1513: DEC_HodgeStar1.InteriorEdgesPositive
1500/4154 Test #1513: DEC_HodgeStar1.InteriorEdgesPositive ............................................................................   Passed    0.00 sec
          Start 1514: DEC_HodgeStar1.RegularTetrahedronEqualWeights
1501/4154 Test #1514: DEC_HodgeStar1.RegularTetrahedronEqualWeights ...................................................................   Passed    0.00 sec
          Start 1515: DEC_HodgeStar1.EquilateralTriangleCotanValue
1502/4154 Test #1515: DEC_HodgeStar1.EquilateralTriangleCotanValue ....................................................................   Passed    0.00 sec
          Start 1516: DEC_HodgeStar2.DimensionsMatchFaceCount
1503/4154 Test #1516: DEC_HodgeStar2.DimensionsMatchFaceCount .........................................................................   Passed    0.00 sec
          Start 1517: DEC_HodgeStar2.AllEntriesPositive
1504/4154 Test #1517: DEC_HodgeStar2.AllEntriesPositive ...............................................................................   Passed    0.00 sec
          Start 1518: DEC_HodgeStar2.InverseAreaCorrect
1505/4154 Test #1518: DEC_HodgeStar2.InverseAreaCorrect ...............................................................................   Passed    0.00 sec
          Start 1519: DEC_HodgeStar2.TwoTriangleSquareAreas
1506/4154 Test #1519: DEC_HodgeStar2.TwoTriangleSquareAreas ...........................................................................   Passed    0.00 sec
          Start 1520: DEC_Laplacian.DimensionsAreVxV
1507/4154 Test #1520: DEC_Laplacian.DimensionsAreVxV ..................................................................................   Passed    0.00 sec
          Start 1521: DEC_Laplacian.RowSumsAreZero
1508/4154 Test #1521: DEC_Laplacian.RowSumsAreZero ....................................................................................   Passed    0.00 sec
          Start 1522: DEC_Laplacian.ConstantFunctionInKernel
1509/4154 Test #1522: DEC_Laplacian.ConstantFunctionInKernel ..........................................................................   Passed    0.00 sec
          Start 1523: DEC_Laplacian.SymmetricMatrix
1510/4154 Test #1523: DEC_Laplacian.SymmetricMatrix ...................................................................................   Passed    0.00 sec
          Start 1524: DEC_Laplacian.NegativeSemidefinite
1511/4154 Test #1524: DEC_Laplacian.NegativeSemidefinite ..............................................................................   Passed    0.00 sec
          Start 1525: DEC_Laplacian.OffDiagonalNonPositive
1512/4154 Test #1525: DEC_Laplacian.OffDiagonalNonPositive ............................................................................   Passed    0.00 sec
          Start 1526: DEC_Laplacian.DiagonalPositive
1513/4154 Test #1526: DEC_Laplacian.DiagonalPositive ..................................................................................   Passed    0.00 sec
          Start 1527: DEC_Laplacian.RegularTetrahedronSymmetricRows
1514/4154 Test #1527: DEC_Laplacian.RegularTetrahedronSymmetricRows ...................................................................   Passed    0.00 sec
          Start 1528: DEC_BuildOperators.AllOperatorsValid
1515/4154 Test #1528: DEC_BuildOperators.AllOperatorsValid ............................................................................   Passed    0.00 sec
          Start 1529: DEC_BuildOperators.ConsistentDimensions
1516/4154 Test #1529: DEC_BuildOperators.ConsistentDimensions .........................................................................   Passed    0.00 sec
          Start 1530: DEC_SparseMatrix.MultiplyTransposeConsistent
1517/4154 Test #1530: DEC_SparseMatrix.MultiplyTransposeConsistent ....................................................................   Passed    0.00 sec
          Start 1531: DEC_DiagonalMatrix.MultiplyCorrect
1518/4154 Test #1531: DEC_DiagonalMatrix.MultiplyCorrect ..............................................................................   Passed    0.00 sec
          Start 1532: DEC_DiagonalMatrix.MultiplyInverseCorrect
1519/4154 Test #1532: DEC_DiagonalMatrix.MultiplyInverseCorrect .......................................................................   Passed    0.00 sec
          Start 1533: DEC_DiagonalMatrix.MultiplyInverseHandlesZero
1520/4154 Test #1533: DEC_DiagonalMatrix.MultiplyInverseHandlesZero ...................................................................   Passed    0.00 sec
          Start 1534: DEC_Integration.HodgeStarDuality
1521/4154 Test #1534: DEC_Integration.HodgeStarDuality ................................................................................   Passed    0.00 sec
          Start 1535: DEC_Integration.LaplacianMatchesD0TH1D0
1522/4154 Test #1535: DEC_Integration.LaplacianMatchesD0TH1D0 .........................................................................   Passed    0.00 sec
          Start 1536: DEC_EdgeCases.SingleTriangleBoundary
1523/4154 Test #1536: DEC_EdgeCases.SingleTriangleBoundary ............................................................................   Passed    0.00 sec
          Start 1537: DEC_EdgeCases.SubdividedTriangleMixedBoundary
1524/4154 Test #1537: DEC_EdgeCases.SubdividedTriangleMixedBoundary ...................................................................   Passed    0.00 sec
          Start 1538: DEC_LaplacianCache.BuildFromRegularTetrahedron
1525/4154 Test #1538: DEC_LaplacianCache.BuildFromRegularTetrahedron ..................................................................   Passed    0.00 sec
          Start 1539: DEC_LaplacianCache.MassInverseIsConsistentWithHodge0
1526/4154 Test #1539: DEC_LaplacianCache.MassInverseIsConsistentWithHodge0 ............................................................   Passed    0.00 sec
          Start 1540: DEC_LaplacianCache.MassSqrtInverseIsConsistentWithHodge0
1527/4154 Test #1540: DEC_LaplacianCache.MassSqrtInverseIsConsistentWithHodge0 ........................................................   Passed    0.00 sec
          Start 1541: DEC_LaplacianCache.SymNormalizedLaplacianIsSymmetric
1528/4154 Test #1541: DEC_LaplacianCache.SymNormalizedLaplacianIsSymmetric ............................................................   Passed    0.00 sec
          Start 1542: DEC_LaplacianCache.SymNormalizedRowSumsAreZero
1529/4154 Test #1542: DEC_LaplacianCache.SymNormalizedRowSumsAreZero ..................................................................   Passed    0.00 sec
          Start 1543: DEC_Diagnostics.RegularTetrahedronPassesAll
1530/4154 Test #1543: DEC_Diagnostics.RegularTetrahedronPassesAll .....................................................................   Passed    0.00 sec
          Start 1544: DEC_Diagnostics.SubdividedTrianglePassesAll
1531/4154 Test #1544: DEC_Diagnostics.SubdividedTrianglePassesAll .....................................................................   Passed    0.00 sec
          Start 1545: DEC_Diagnostics.SingleTrianglePassesAll
1532/4154 Test #1545: DEC_Diagnostics.SingleTrianglePassesAll .........................................................................   Passed    0.00 sec
          Start 1546: DEC_Diagnostics.EmptyMatrixDoesNotCrash
1533/4154 Test #1546: DEC_Diagnostics.EmptyMatrixDoesNotCrash .........................................................................   Passed    0.00 sec
          Start 1547: DEC_HeatKernel.HodgeStar1AllPositive
1534/4154 Test #1547: DEC_HeatKernel.HodgeStar1AllPositive ............................................................................   Passed    0.00 sec
          Start 1548: DEC_HeatKernel.RegularTetrahedronEqualWeights
1535/4154 Test #1548: DEC_HeatKernel.RegularTetrahedronEqualWeights ...................................................................   Passed    0.00 sec
          Start 1549: DEC_HeatKernel.AutoTimeParamMeanEdgeLengthSq
1536/4154 Test #1549: DEC_HeatKernel.AutoTimeParamMeanEdgeLengthSq ....................................................................   Passed    0.00 sec
          Start 1550: DEC_HeatKernel.ExplicitTimeParam
1537/4154 Test #1550: DEC_HeatKernel.ExplicitTimeParam ................................................................................   Passed    0.00 sec
          Start 1551: DEC_HeatKernel.LargeTimeLimitUniform
1538/4154 Test #1551: DEC_HeatKernel.LargeTimeLimitUniform ............................................................................   Passed    0.00 sec
          Start 1552: DEC_HeatKernel.SmallTimeDiscriminatesEdgeLengths
1539/4154 Test #1552: DEC_HeatKernel.SmallTimeDiscriminatesEdgeLengths ................................................................   Passed    0.00 sec
          Start 1553: DEC_HeatKernel.LaplacianPassesDiagnostics
1540/4154 Test #1553: DEC_HeatKernel.LaplacianPassesDiagnostics .......................................................................   Passed    0.00 sec
          Start 1554: DEC_HeatKernel.LaplacianSubdividedTrianglePassesDiagnostics
1541/4154 Test #1554: DEC_HeatKernel.LaplacianSubdividedTrianglePassesDiagnostics .....................................................   Passed    0.00 sec
          Start 1555: DEC_HeatKernel.LaplacianConstantInKernel
1542/4154 Test #1555: DEC_HeatKernel.LaplacianConstantInKernel ........................................................................   Passed    0.00 sec
          Start 1556: DEC_HeatKernel.LaplacianMatchesHodge1Weights
1543/4154 Test #1556: DEC_HeatKernel.LaplacianMatchesHodge1Weights ....................................................................   Passed    0.00 sec
          Start 1557: DEC_HeatKernel.BuildOperatorsValid
1544/4154 Test #1557: DEC_HeatKernel.BuildOperatorsValid ..............................................................................   Passed    0.00 sec
          Start 1558: DEC_HeatKernel.LaplacianCacheValid
1545/4154 Test #1558: DEC_HeatKernel.LaplacianCacheValid ..............................................................................   Passed    0.00 sec
          Start 1559: DEC_HeatKernel.SymNormalizedLaplacianSymmetric
1546/4154 Test #1559: DEC_HeatKernel.SymNormalizedLaplacianSymmetric ..................................................................   Passed    0.00 sec
          Start 1560: DEC_HeatKernel.ObtuseTriangleAlwaysPositive
1547/4154 Test #1560: DEC_HeatKernel.ObtuseTriangleAlwaysPositive .....................................................................   Passed    0.00 sec
          Start 1561: DEC_HeatKernel.CotanModePassthrough
1548/4154 Test #1561: DEC_HeatKernel.CotanModePassthrough .............................................................................   Passed    0.00 sec
          Start 1562: DEC_HeatKernel.SolveCGShiftedWithHeatKernel
1549/4154 Test #1562: DEC_HeatKernel.SolveCGShiftedWithHeatKernel .....................................................................   Passed    0.00 sec
          Start 1563: DEC_StiffnessModes.RowSumsZeroAndSymmetricForEveryMode
1550/4154 Test #1563: DEC_StiffnessModes.RowSumsZeroAndSymmetricForEveryMode ..........................................................   Passed    0.00 sec
          Start 1564: DEC_StiffnessModes.GraphWeightsAreUnitPerEdge
1551/4154 Test #1564: DEC_StiffnessModes.GraphWeightsAreUnitPerEdge ...................................................................   Passed    0.00 sec
          Start 1565: DEC_StiffnessModes.FujiwaraWeightsMatchInverseLength
1552/4154 Test #1565: DEC_StiffnessModes.FujiwaraWeightsMatchInverseLength ............................................................   Passed    0.00 sec
          Start 1566: DEC_StiffnessModes.ModifiedNormalEqualsCotanTimesNormalDot
1553/4154 Test #1566: DEC_StiffnessModes.ModifiedNormalEqualsCotanTimesNormalDot ......................................................   Passed    0.01 sec
          Start 1567: DEC_StiffnessModes.FailClosedOnEmptyMesh
1554/4154 Test #1567: DEC_StiffnessModes.FailClosedOnEmptyMesh ........................................................................   Passed    0.00 sec
          Start 1568: DEC_StiffnessModes.FailClosedOnNonFinitePositions
1555/4154 Test #1568: DEC_StiffnessModes.FailClosedOnNonFinitePositions ...............................................................   Passed    0.00 sec
          Start 1569: DEC_ClampedHalfedgeCotan.MatchesEdgeCotanWeight
1556/4154 Test #1569: DEC_ClampedHalfedgeCotan.MatchesEdgeCotanWeight .................................................................   Passed    0.00 sec
          Start 1570: DEC_ClampedHalfedgeCotan.ClampEngagesOnSliver
1557/4154 Test #1570: DEC_ClampedHalfedgeCotan.ClampEngagesOnSliver ...................................................................   Passed    0.00 sec
          Start 1571: DEC_MassModes.VoronoiVariantReproducesDefault
1558/4154 Test #1571: DEC_MassModes.VoronoiVariantReproducesDefault ...................................................................   Passed    0.00 sec
          Start 1572: DEC_MassModes.AllLumpedModesPartitionTotalArea
1559/4154 Test #1572: DEC_MassModes.AllLumpedModesPartitionTotalArea ..................................................................   Passed    0.00 sec
          Start 1573: DEC_MassModes.BarycentricIsOneThirdIncidentArea
1560/4154 Test #1573: DEC_MassModes.BarycentricIsOneThirdIncidentArea .................................................................   Passed    0.00 sec
          Start 1574: DEC_MassModes.GalerkinRowSumsEqualLumpedSum
1561/4154 Test #1574: DEC_MassModes.GalerkinRowSumsEqualLumpedSum .....................................................................   Passed    0.00 sec
          Start 1575: DEC_MassModes.GalerkinConsistentMassIsSymmetricSPD
1562/4154 Test #1575: DEC_MassModes.GalerkinConsistentMassIsSymmetricSPD ..............................................................   Passed    0.00 sec
          Start 1576: DEC_MassModes.GalerkinOperatorsPopulateConsistentAndLumped
1563/4154 Test #1576: DEC_MassModes.GalerkinOperatorsPopulateConsistentAndLumped ......................................................   Passed    0.01 sec
          Start 1577: DEC_MassModes.FailClosedOnEmptyAndNonFinite
1564/4154 Test #1577: DEC_MassModes.FailClosedOnEmptyAndNonFinite .....................................................................   Passed    0.00 sec
          Start 1578: Quadric_Probabilistic.PlaneZeroVarianceMatchesDeterministicPlane
1565/4154 Test #1578: Quadric_Probabilistic.PlaneZeroVarianceMatchesDeterministicPlane ................................................   Passed    0.00 sec
          Start 1579: Quadric_Probabilistic.PlaneIsotropicAndGeneralCovarianceVariantsAgree
1566/4154 Test #1579: Quadric_Probabilistic.PlaneIsotropicAndGeneralCovarianceVariantsAgree ...........................................   Passed    0.00 sec
          Start 1580: Quadric_Probabilistic.TriangleIsotropicAndGeneralCovarianceVariantsAgree
1567/4154 Test #1580: Quadric_Probabilistic.TriangleIsotropicAndGeneralCovarianceVariantsAgree ........................................   Passed    0.00 sec
          Start 1581: Quadric_Probabilistic.DegenerateTriangleProducesFiniteEnergy
1568/4154 Test #1581: Quadric_Probabilistic.DegenerateTriangleProducesFiniteEnergy ....................................................   Passed    0.00 sec
          Start 1582: MeshTopology_Flip.FlipPreservesVertexCount
1569/4154 Test #1582: MeshTopology_Flip.FlipPreservesVertexCount ......................................................................   Passed    0.00 sec
          Start 1583: MeshTopology_Flip.FlipChangesEndpoints
1570/4154 Test #1583: MeshTopology_Flip.FlipChangesEndpoints ..........................................................................   Passed    0.00 sec
          Start 1584: MeshTopology_Flip.TwoTriangleSquareRejected
1571/4154 Test #1584: MeshTopology_Flip.TwoTriangleSquareRejected .....................................................................   Passed    0.00 sec
          Start 1585: MeshTopology_Flip.BoundaryEdgeReject
1572/4154 Test #1585: MeshTopology_Flip.BoundaryEdgeReject ............................................................................   Passed    0.00 sec
          Start 1586: MeshTopology_Split.InteriorSplitCreatesCorrectCounts
1573/4154 Test #1586: MeshTopology_Split.InteriorSplitCreatesCorrectCounts ............................................................   Passed    0.00 sec
          Start 1587: MeshTopology_Split.BoundarySplitCreatesCorrectCounts
1574/4154 Test #1587: MeshTopology_Split.BoundarySplitCreatesCorrectCounts ............................................................   Passed    0.00 sec
          Start 1588: MeshTopology_Split.NewVertexAtCorrectPosition
1575/4154 Test #1588: MeshTopology_Split.NewVertexAtCorrectPosition ...................................................................   Passed    0.00 sec
          Start 1589: MeshTopology_Collapse.CollapseReducesCounts
1576/4154 Test #1589: MeshTopology_Collapse.CollapseReducesCounts .....................................................................   Passed    0.00 sec
          Start 1590: MeshTopology_Collapse.SingleCollapsePreservesNextCycles
1577/4154 Test #1590: MeshTopology_Collapse.SingleCollapsePreservesNextCycles .........................................................   Passed    0.00 sec
          Start 1591: MeshTopology_Collapse.SurvivingVertexAtCorrectPosition
1578/4154 Test #1591: MeshTopology_Collapse.SurvivingVertexAtCorrectPosition ..........................................................   Passed    0.00 sec
          Start 1592: MeshTopology_Collapse.DirectedHalfedgeCollapsePreservesToVertexWhileLegacyEdgeCollapseKeepsHistoricalSurvivor
1579/4154 Test #1592: MeshTopology_Collapse.DirectedHalfedgeCollapsePreservesToVertexWhileLegacyEdgeCollapseKeepsHistoricalSurvivor ...   Passed    0.00 sec
          Start 1593: Simplification_QEM.ReducesFaceCount
1580/4154 Test #1593: Simplification_QEM.ReducesFaceCount .............................................................................   Passed    0.01 sec
          Start 1594: Simplification_QEM.RespectsTargetFaceCount
1581/4154 Test #1594: Simplification_QEM.RespectsTargetFaceCount ......................................................................   Passed    0.01 sec
          Start 1595: Simplification_QEM.TooFewFacesReturnsNullopt
1582/4154 Test #1595: Simplification_QEM.TooFewFacesReturnsNullopt ....................................................................   Passed    0.00 sec
          Start 1596: Simplification_QEM.ErrorThresholdStopsEarly
1583/4154 Test #1596: Simplification_QEM.ErrorThresholdStopsEarly .....................................................................   Passed    0.01 sec
          Start 1597: Simplification_QEM.PreservedMeshIsValid
1584/4154 Test #1597: Simplification_QEM.PreservedMeshIsValid .........................................................................   Passed    0.01 sec
          Start 1598: Simplification_QEM.GarbageCollectionKeepsFaceHalfedgesValidAfterDenseSimplification
1585/4154 Test #1598: Simplification_QEM.GarbageCollectionKeepsFaceHalfedgesValidAfterDenseSimplification .............................   Passed    0.23 sec
          Start 1599: Simplification_QEM.DenseClosedMeshStaysClosed
1586/4154 Test #1599: Simplification_QEM.DenseClosedMeshStaysClosed ...................................................................   Passed    0.23 sec
          Start 1600: Simplification_QEM.HausdorffErrorConstraintSmallMeshSentinel
1587/4154 Test #1600: Simplification_QEM.HausdorffErrorConstraintSmallMeshSentinel ....................................................   Passed    0.02 sec
          Start 1601: Simplification_QEM.RepeatedWorkflowSmallMeshSentinel
1588/4154 Test #1601: Simplification_QEM.RepeatedWorkflowSmallMeshSentinel ............................................................   Passed    0.01 sec
          Start 1602: Simplification_QEM.ConfigurableQuadricsSmallMeshSentinel
1589/4154 Test #1602: Simplification_QEM.ConfigurableQuadricsSmallMeshSentinel ........................................................   Passed    0.01 sec
          Start 1603: Simplification_QEM.ProbabilisticQuadricsSmallMeshSentinel
1590/4154 Test #1603: Simplification_QEM.ProbabilisticQuadricsSmallMeshSentinel .......................................................   Passed    0.01 sec
          Start 1604: Simplification_QEM.MissingCovariancePropertiesFallBackToZeroCovariance
1591/4154 Test #1604: Simplification_QEM.MissingCovariancePropertiesFallBackToZeroCovariance ..........................................   Passed    0.23 sec
          Start 1605: Simplification_QEM.OpenBoundaryPatchKeepsDiskTopology
1592/4154 Test #1605: Simplification_QEM.OpenBoundaryPatchKeepsDiskTopology ...........................................................   Passed    0.01 sec
          Start 1606: Simplification_QEM.PreserveBoundaryPreventsCollapsesOnOpenPatch
1593/4154 Test #1606: Simplification_QEM.PreserveBoundaryPreventsCollapsesOnOpenPatch .................................................   Passed    0.00 sec
          Start 1607: MeshRepair_BoundaryDetection.ClosedMeshHasNoBoundary
1594/4154 Test #1607: MeshRepair_BoundaryDetection.ClosedMeshHasNoBoundary ............................................................   Passed    0.00 sec
          Start 1608: MeshRepair_BoundaryDetection.OpenMeshHasBoundary
1595/4154 Test #1608: MeshRepair_BoundaryDetection.OpenMeshHasBoundary ................................................................   Passed    0.00 sec
          Start 1609: MeshRepair_BoundaryDetection.TwoTriangleSquareHasBoundary
1596/4154 Test #1609: MeshRepair_BoundaryDetection.TwoTriangleSquareHasBoundary .......................................................   Passed    0.00 sec
          Start 1610: MeshRepair_HoleFilling.FillsTriangularHole
1597/4154 Test #1610: MeshRepair_HoleFilling.FillsTriangularHole ......................................................................   Passed    0.00 sec
          Start 1611: MeshRepair_HoleFilling.EmptyMeshReturnsNullopt
1598/4154 Test #1611: MeshRepair_HoleFilling.EmptyMeshReturnsNullopt ..................................................................   Passed    0.00 sec
          Start 1612: MeshRepair_HoleFilling.ClosedMeshReportsZeroHoles
1599/4154 Test #1612: MeshRepair_HoleFilling.ClosedMeshReportsZeroHoles ...............................................................   Passed    0.00 sec
          Start 1613: MeshRepair_DegenerateFaces.DetectsZeroAreaTriangle
1600/4154 Test #1613: MeshRepair_DegenerateFaces.DetectsZeroAreaTriangle ..............................................................   Passed    0.00 sec
          Start 1614: MeshRepair_DegenerateFaces.PreservesValidTriangles
1601/4154 Test #1614: MeshRepair_DegenerateFaces.PreservesValidTriangles ..............................................................   Passed    0.00 sec
          Start 1615: MeshRepair_DegenerateFaces.EmptyMeshReturnsNullopt
1602/4154 Test #1615: MeshRepair_DegenerateFaces.EmptyMeshReturnsNullopt ..............................................................   Passed    0.00 sec
          Start 1616: MeshRepair_Orientation.ClosedMeshIsConsistent
1603/4154 Test #1616: MeshRepair_Orientation.ClosedMeshIsConsistent ...................................................................   Passed    0.00 sec
          Start 1617: MeshRepair_Orientation.EmptyMeshReturnsNullopt
1604/4154 Test #1617: MeshRepair_Orientation.EmptyMeshReturnsNullopt ..................................................................   Passed    0.00 sec
          Start 1618: MeshRepair_Orientation.IcosahedronSingleComponent
1605/4154 Test #1618: MeshRepair_Orientation.IcosahedronSingleComponent ...............................................................   Passed    0.00 sec
          Start 1619: MeshRepair_Combined.RepairValidMesh
1606/4154 Test #1619: MeshRepair_Combined.RepairValidMesh .............................................................................   Passed    0.00 sec
          Start 1620: MeshRepair_Combined.RepairWithDegenerates
1607/4154 Test #1620: MeshRepair_Combined.RepairWithDegenerates .......................................................................   Passed    0.00 sec
          Start 1621: MeshRepair_Combined.EmptyMeshReturnsNullopt
1608/4154 Test #1621: MeshRepair_Combined.EmptyMeshReturnsNullopt .....................................................................   Passed    0.00 sec
          Start 1622: MeshConversion.ConvertsValidSoupToHalfedgeMeshWithFailureDiagnostics
1609/4154 Test #1622: MeshConversion.ConvertsValidSoupToHalfedgeMeshWithFailureDiagnostics ............................................   Passed    0.00 sec
          Start 1623: MeshConversion.ConvertsHalfedgeMeshToIndexedSoupAndBack
1610/4154 Test #1623: MeshConversion.ConvertsHalfedgeMeshToIndexedSoupAndBack .........................................................   Passed    0.00 sec
          Start 1624: MeshConversion.ConvertedHalfedgeMeshOutlivesSourceViaMoveOwnershipTransfer
1611/4154 Test #1624: MeshConversion.ConvertedHalfedgeMeshOutlivesSourceViaMoveOwnershipTransfer ......................................   Passed    0.00 sec
          Start 1625: MeshSoup.EmptyInputIsValid
1612/4154 Test #1625: MeshSoup.EmptyInputIsValid ......................................................................................   Passed    0.00 sec
          Start 1626: MeshSoup.ValidTriangleSoupAndBorrowedViewAreAccepted
1613/4154 Test #1626: MeshSoup.ValidTriangleSoupAndBorrowedViewAreAccepted ............................................................   Passed    0.00 sec
          Start 1627: MeshSoup.PolygonSoupIsAccepted
1614/4154 Test #1627: MeshSoup.PolygonSoupIsAccepted ..................................................................................   Passed    0.00 sec
          Start 1628: MeshSoup.DuplicateVerticesAreWarnings
1615/4154 Test #1628: MeshSoup.DuplicateVerticesAreWarnings ...........................................................................   Passed    0.00 sec
          Start 1629: MeshSoup.DuplicateVerticesTreatSignedZeroAsEqual
1616/4154 Test #1629: MeshSoup.DuplicateVerticesTreatSignedZeroAsEqual ................................................................   Passed    0.00 sec
          Start 1630: MeshSoup.InvalidIndicesAreErrors
1617/4154 Test #1630: MeshSoup.InvalidIndicesAreErrors ................................................................................   Passed    0.00 sec
          Start 1631: MeshSoup.DegenerateFacesAreErrors
1618/4154 Test #1631: MeshSoup.DegenerateFacesAreErrors ...............................................................................   Passed    0.00 sec
          Start 1632: MeshSoup.NonManifoldEdgesAreErrors
1619/4154 Test #1632: MeshSoup.NonManifoldEdgesAreErrors ..............................................................................   Passed    0.00 sec
          Start 1633: MeshSoup.InconsistentWindingIsReportedForSameDirectedSharedEdge
1620/4154 Test #1633: MeshSoup.InconsistentWindingIsReportedForSameDirectedSharedEdge .................................................   Passed    0.00 sec
          Start 1634: MeshSoup.PropertySetsStoreVertexFaceAndCornerDomains
1621/4154 Test #1634: MeshSoup.PropertySetsStoreVertexFaceAndCornerDomains ............................................................   Passed    0.00 sec
          Start 1635: MeshSoup.CopyAndMoveRebindBuiltInPropertyHandles
1622/4154 Test #1635: MeshSoup.CopyAndMoveRebindBuiltInPropertyHandles ................................................................   Passed    0.00 sec
          Start 1636: MeshSoup.AttributeArityMismatchesUsePropertySetDomainCardinality
1623/4154 Test #1636: MeshSoup.AttributeArityMismatchesUsePropertySetDomainCardinality ................................................   Passed    0.00 sec
          Start 1637: PointCloudConversion.EmptyCloudRoundTripsThroughSoup
1624/4154 Test #1637: PointCloudConversion.EmptyCloudRoundTripsThroughSoup ............................................................   Passed    0.00 sec
          Start 1638: PointCloudConversion.CloudPositionsRoundTripPreservesOrder
1625/4154 Test #1638: PointCloudConversion.CloudPositionsRoundTripPreservesOrder ......................................................   Passed    0.00 sec
          Start 1639: PointCloudConversion.ConvertedCloudOutlivesAndDecouplesFromSource
1626/4154 Test #1639: PointCloudConversion.ConvertedCloudOutlivesAndDecouplesFromSource ...............................................   Passed    0.00 sec
          Start 1640: PointCloudConversion.DeletedPointsAreOmittedWithDiagnostic
1627/4154 Test #1640: PointCloudConversion.DeletedPointsAreOmittedWithDiagnostic ......................................................   Passed    0.00 sec
          Start 1641: PointCloudConversion.SoupFacesAreDroppedWithDiagnostic
1628/4154 Test #1641: PointCloudConversion.SoupFacesAreDroppedWithDiagnostic ..........................................................   Passed    0.00 sec
          Start 1642: PointCloudConversion.CloudWithBuiltInAttributesEmitsRemapWarnings
1629/4154 Test #1642: PointCloudConversion.CloudWithBuiltInAttributesEmitsRemapWarnings ...............................................   Passed    0.00 sec
          Start 1643: PointCloudConversion.CloudWithUserPropertyEmitsRemapWarning
1630/4154 Test #1643: PointCloudConversion.CloudWithUserPropertyEmitsRemapWarning .....................................................   Passed    0.00 sec
          Start 1644: PointCloudConversion.InvalidSoupIndexHaltsToPointCloud
1631/4154 Test #1644: PointCloudConversion.InvalidSoupIndexHaltsToPointCloud ..........................................................   Passed    0.00 sec
          Start 1645: PointCloudConversion.BorrowedViewWithFacePropertiesEmitsRemapWarning
1632/4154 Test #1645: PointCloudConversion.BorrowedViewWithFacePropertiesEmitsRemapWarning ............................................   Passed    0.00 sec
          Start 1646: PointCloudConversion.SubmeshViewHonorsOffsetAndSize
1633/4154 Test #1646: PointCloudConversion.SubmeshViewHonorsOffsetAndSize .............................................................   Passed    0.00 sec
          Start 1647: PointCloudConversion.SubmeshViewSkipsDeletedInRangeAndIgnoresDeletedOutsideRange
1634/4154 Test #1647: PointCloudConversion.SubmeshViewSkipsDeletedInRangeAndIgnoresDeletedOutsideRange ................................   Passed    0.00 sec
          Start 1648: MeshBuilder.AABBProducesQuadBox
1635/4154 Test #1648: MeshBuilder.AABBProducesQuadBox .................................................................................   Passed    0.00 sec
          Start 1649: MeshBuilder.DegenerateAABBReturnsNullopt
1636/4154 Test #1649: MeshBuilder.DegenerateAABBReturnsNullopt ........................................................................   Passed    0.00 sec
          Start 1650: MeshBuilder.OBBProducesQuadBox
1637/4154 Test #1650: MeshBuilder.OBBProducesQuadBox ..................................................................................   Passed    0.00 sec
          Start 1651: MeshBuilder.SphereSubdivisionZeroMatchesIcosahedronCounts
1638/4154 Test #1651: MeshBuilder.SphereSubdivisionZeroMatchesIcosahedronCounts .......................................................   Passed    0.00 sec
          Start 1652: MeshBuilder.DegenerateSphereReturnsNullopt
1639/4154 Test #1652: MeshBuilder.DegenerateSphereReturnsNullopt ......................................................................   Passed    0.00 sec
          Start 1653: MeshBuilder.CylinderProducesClosedMesh
1640/4154 Test #1653: MeshBuilder.CylinderProducesClosedMesh ..........................................................................   Passed    0.00 sec
          Start 1654: MeshBuilder.CapsuleZeroAxisFallsBackToSphere
1641/4154 Test #1654: MeshBuilder.CapsuleZeroAxisFallsBackToSphere ....................................................................   Passed    0.01 sec
          Start 1655: MeshBuilder.CapsuleProducesClosedMesh
1642/4154 Test #1655: MeshBuilder.CapsuleProducesClosedMesh ...........................................................................   Passed    0.01 sec
          Start 1656: MeshBuilder.EllipsoidProducesFiniteTransformedSphere
1643/4154 Test #1656: MeshBuilder.EllipsoidProducesFiniteTransformedSphere ............................................................   Passed    0.01 sec
          Start 1657: MeshBuilder.PlatonicSolidCounts
1644/4154 Test #1657: MeshBuilder.PlatonicSolidCounts .................................................................................   Passed    0.00 sec
          Start 1658: CG_Solver.SolvesIdentitySystem
1645/4154 Test #1658: CG_Solver.SolvesIdentitySystem ..................................................................................   Passed    0.00 sec
          Start 1659: CG_Solver.SolvesDiagonalSystem
1646/4154 Test #1659: CG_Solver.SolvesDiagonalSystem ..................................................................................   Passed    0.00 sec
          Start 1660: CG_Solver.SolvesSPDTridiagonal
1647/4154 Test #1660: CG_Solver.SolvesSPDTridiagonal ..................................................................................   Passed    0.00 sec
          Start 1661: CG_Solver.SolvesLaplacianSystem
1648/4154 Test #1661: CG_Solver.SolvesLaplacianSystem .................................................................................   Passed    0.00 sec
          Start 1662: CG_Solver.ShiftedSolverConverges
1649/4154 Test #1662: CG_Solver.ShiftedSolverConverges ................................................................................   Passed    0.00 sec
          Start 1663: Remeshing_Isotropic.ReducesEdgeLengthVariance
1650/4154 Test #1663: Remeshing_Isotropic.ReducesEdgeLengthVariance ...................................................................   Passed    0.01 sec
          Start 1664: Remeshing_Isotropic.PerformsSplitsAndCollapses
1651/4154 Test #1664: Remeshing_Isotropic.PerformsSplitsAndCollapses ..................................................................   Passed    0.01 sec
          Start 1665: Remeshing_Isotropic.ShorterTargetIncreasesVertexCount
1652/4154 Test #1665: Remeshing_Isotropic.ShorterTargetIncreasesVertexCount ...........................................................   Passed    0.00 sec
          Start 1666: Remeshing_Isotropic.PreservesBoundaryVertices
1653/4154 Test #1666: Remeshing_Isotropic.PreservesBoundaryVertices ...................................................................   Passed    0.00 sec
          Start 1667: Remeshing_Isotropic.MaintainsValidMesh
1654/4154 Test #1667: Remeshing_Isotropic.MaintainsValidMesh ..........................................................................   Passed    0.00 sec
          Start 1668: Remeshing_Isotropic.TooFewFacesReturnsNullopt
1655/4154 Test #1668: Remeshing_Isotropic.TooFewFacesReturnsNullopt ...................................................................   Passed    0.00 sec
          Start 1669: Remeshing_Isotropic.EmptyMeshReturnsNullopt
1656/4154 Test #1669: Remeshing_Isotropic.EmptyMeshReturnsNullopt .....................................................................   Passed    0.00 sec
          Start 1670: MeshUtils_CotanLaplacian.EmptyMeshReturnsEmptyVector
1657/4154 Test #1670: MeshUtils_CotanLaplacian.EmptyMeshReturnsEmptyVector ............................................................   Passed    0.00 sec
          Start 1671: MeshUtils_CotanLaplacian.SingleTriangleNonZero
1658/4154 Test #1671: MeshUtils_CotanLaplacian.SingleTriangleNonZero ..................................................................   Passed    0.00 sec
          Start 1672: MeshUtils_CotanLaplacian.EquilateralTriangleSymmetry
1659/4154 Test #1672: MeshUtils_CotanLaplacian.EquilateralTriangleSymmetry ............................................................   Passed    0.00 sec
          Start 1673: MeshUtils_CotanLaplacian.ClampedWeightsNonNegative
1660/4154 Test #1673: MeshUtils_CotanLaplacian.ClampedWeightsNonNegative ..............................................................   Passed    0.00 sec
          Start 1674: MeshUtils_CotanLaplacian.ClosedMeshLaplacianSumsToZero
1661/4154 Test #1674: MeshUtils_CotanLaplacian.ClosedMeshLaplacianSumsToZero ..........................................................   Passed    0.00 sec
          Start 1675: MeshUtils_EdgeCotanWeight.EquilateralTriangleBoundaryWeight
1662/4154 Test #1675: MeshUtils_EdgeCotanWeight.EquilateralTriangleBoundaryWeight .....................................................   Passed    0.00 sec
          Start 1676: MeshUtils_OneRingCentroid.IsolatedVertexReturnsSelf
1663/4154 Test #1676: MeshUtils_OneRingCentroid.IsolatedVertexReturnsSelf .............................................................   Passed    0.00 sec
          Start 1677: MeshUtils_OneRingCentroid.EquilateralTriangleCentroids
1664/4154 Test #1677: MeshUtils_OneRingCentroid.EquilateralTriangleCentroids ..........................................................   Passed    0.00 sec
          Start 1678: MeshUtils_OneRingCentroid.RegularTetrahedronSymmetry
1665/4154 Test #1678: MeshUtils_OneRingCentroid.RegularTetrahedronSymmetry ............................................................   Passed    0.00 sec
          Start 1679: EdgeLoop.InvalidEdgeReturnsEmpty
1666/4154 Test #1679: EdgeLoop.InvalidEdgeReturnsEmpty ................................................................................   Passed    0.00 sec
          Start 1680: EdgeLoop.SingleTriangleProducesPath
1667/4154 Test #1680: EdgeLoop.SingleTriangleProducesPath .............................................................................   Passed    0.00 sec
          Start 1681: EdgeLoop.QuadStripVerticalEdgeSelectsColumn
1668/4154 Test #1681: EdgeLoop.QuadStripVerticalEdgeSelectsColumn .....................................................................   Passed    0.00 sec
          Start 1682: EdgeLoop.QuadStripHorizontalEdgeSelectsRow
1669/4154 Test #1682: EdgeLoop.QuadStripHorizontalEdgeSelectsRow ......................................................................   Passed    0.00 sec
          Start 1683: EdgeLoop.ClosedMeshNoDuplicatesOrOverflow
1670/4154 Test #1683: EdgeLoop.ClosedMeshNoDuplicatesOrOverflow .......................................................................   Passed    0.01 sec
          Start 1684: EdgeLoop.StrictQuadStopsAtNonQuadVertex
1671/4154 Test #1684: EdgeLoop.StrictQuadStopsAtNonQuadVertex .........................................................................   Passed    0.00 sec
          Start 1685: EdgeLoop.StrictQuadTraversesQuadStripInterior
1672/4154 Test #1685: EdgeLoop.StrictQuadTraversesQuadStripInterior ...................................................................   Passed    0.00 sec
          Start 1686: EdgeLoop.OddValenceVertexProducesDeterministicResult
1673/4154 Test #1686: EdgeLoop.OddValenceVertexProducesDeterministicResult ............................................................   Passed    0.00 sec
          Start 1687: EdgeLoop.MixedTriQuadFanNoDuplicatesOrOverflow
1674/4154 Test #1687: EdgeLoop.MixedTriQuadFanNoDuplicatesOrOverflow ..................................................................   Passed    0.00 sec
          Start 1688: EdgeLoop.BoundaryMeshStopsAtBoundary
1675/4154 Test #1688: EdgeLoop.BoundaryMeshStopsAtBoundary ............................................................................   Passed    0.00 sec
          Start 1689: EdgeLoop.TwoTriangleDiamondBoundary
1676/4154 Test #1689: EdgeLoop.TwoTriangleDiamondBoundary .............................................................................   Passed    0.00 sec
          Start 1690: EdgeLoop.SubdividedTriangleValence6Interior
1677/4154 Test #1690: EdgeLoop.SubdividedTriangleValence6Interior .....................................................................   Passed    0.00 sec
          Start 1691: EdgeLoop.OrderingIsConsistentAcrossRuns
1678/4154 Test #1691: EdgeLoop.OrderingIsConsistentAcrossRuns .........................................................................   Passed    0.00 sec
          Start 1692: EdgeLoop.AlwaysContainsStartEdge
1679/4154 Test #1692: EdgeLoop.AlwaysContainsStartEdge ................................................................................   Passed    0.00 sec
          Start 1693: EdgeLoop.DegenerateZeroLengthEdgeDoesNotCrash
1680/4154 Test #1693: EdgeLoop.DegenerateZeroLengthEdgeDoesNotCrash ...................................................................   Passed    0.00 sec
          Start 1694: EdgeRing.InvalidEdgeReturnsEmpty
1681/4154 Test #1694: EdgeRing.InvalidEdgeReturnsEmpty ................................................................................   Passed    0.00 sec
          Start 1695: EdgeRing.SingleTriangleBoundaryStops
1682/4154 Test #1695: EdgeRing.SingleTriangleBoundaryStops ............................................................................   Passed    0.00 sec
          Start 1696: EdgeRing.QuadStripVerticalEdgeSelectsAllVerticalEdges
1683/4154 Test #1696: EdgeRing.QuadStripVerticalEdgeSelectsAllVerticalEdges ...........................................................   Passed    0.00 sec
          Start 1697: EdgeRing.QuadStripHorizontalEdgeCrossesStripHeight
1684/4154 Test #1697: EdgeRing.QuadStripHorizontalEdgeCrossesStripHeight ..............................................................   Passed    0.00 sec
          Start 1698: EdgeRing.TriangleStripProducesPath
1685/4154 Test #1698: EdgeRing.TriangleStripProducesPath ..............................................................................   Passed    0.00 sec
          Start 1699: EdgeRing.ClosedMeshNoDuplicatesOrOverflow
1686/4154 Test #1699: EdgeRing.ClosedMeshNoDuplicatesOrOverflow .......................................................................   Passed    0.00 sec
          Start 1700: EdgeRing.StrictQuadStopsAtTriangleFace
1687/4154 Test #1700: EdgeRing.StrictQuadStopsAtTriangleFace ..........................................................................   Passed    0.00 sec
          Start 1701: EdgeRing.StrictQuadTraversesQuadStrip
1688/4154 Test #1701: EdgeRing.StrictQuadTraversesQuadStrip ...........................................................................   Passed    0.00 sec
          Start 1702: EdgeRing.MixedTriQuadFanNoDuplicatesOrOverflow
1689/4154 Test #1702: EdgeRing.MixedTriQuadFanNoDuplicatesOrOverflow ..................................................................   Passed    0.00 sec
          Start 1703: EdgeRing.BoundaryMeshStopsAtBoundary
1690/4154 Test #1703: EdgeRing.BoundaryMeshStopsAtBoundary ............................................................................   Passed    0.00 sec
          Start 1704: EdgeRing.OrderingIsConsistentAcrossRuns
1691/4154 Test #1704: EdgeRing.OrderingIsConsistentAcrossRuns .........................................................................   Passed    0.00 sec
          Start 1705: EdgeRing.AlwaysContainsStartEdge
1692/4154 Test #1705: EdgeRing.AlwaysContainsStartEdge ................................................................................   Passed    0.00 sec
          Start 1706: AndersonAcceleration.ContractionUsesFiniteSafeguardedMix
1693/4154 Test #1706: AndersonAcceleration.ContractionUsesFiniteSafeguardedMix ........................................................   Passed    0.00 sec
          Start 1707: AndersonAcceleration.DimensionChangesResetPrivateHistory
1694/4154 Test #1707: AndersonAcceleration.DimensionChangesResetPrivateHistory ........................................................   Passed    0.00 sec
          Start 1708: AndersonAcceleration.ExtremeFiniteInputsFailClosedWithoutHistoryMutation
1695/4154 Test #1708: AndersonAcceleration.ExtremeFiniteInputsFailClosedWithoutHistoryMutation ........................................   Passed    0.00 sec
          Start 1709: AndersonAcceleration.SafeguardAndSingularMixFallBackToPlainStep
1696/4154 Test #1709: AndersonAcceleration.SafeguardAndSingularMixFallBackToPlainStep .................................................   Passed    0.00 sec
          Start 1710: AndersonAcceleration.ZeroDampingPublishesThePlainMappedValue
1697/4154 Test #1710: AndersonAcceleration.ZeroDampingPublishesThePlainMappedValue ....................................................   Passed    0.00 sec
          Start 1711: GaussianMixture.KMeansPlusPlusInitializationIsSeedDeterministic
1698/4154 Test #1711: GaussianMixture.KMeansPlusPlusInitializationIsSeedDeterministic .................................................   Passed    0.00 sec
          Start 1712: GaussianMixture.IdentityLogPdfAndSeededSampleAreDeterministic
1699/4154 Test #1712: GaussianMixture.IdentityLogPdfAndSeededSampleAreDeterministic ...................................................   Passed    0.00 sec
          Start 1713: GaussianMixture.CovarianceSymmetryCheckIsScaleAware
1700/4154 Test #1713: GaussianMixture.CovarianceSymmetryCheckIsScaleAware .............................................................   Passed    0.00 sec
          Start 1714: GaussianMixture.RecoversSeparatedComponentsAndMonotonicLikelihood
1701/4154 Test #1714: GaussianMixture.RecoversSeparatedComponentsAndMonotonicLikelihood ...............................................   Passed    0.00 sec
          Start 1715: GaussianMixture.RecoversThreeSeparatedComponents
1702/4154 Test #1715: GaussianMixture.RecoversThreeSeparatedComponents ................................................................   Passed    0.00 sec
          Start 1716: GaussianMixture.AndersonMatchesPlainEmWithoutMoreIterations
1703/4154 Test #1716: GaussianMixture.AndersonMatchesPlainEmWithoutMoreIterations .....................................................   Passed    0.02 sec
          Start 1717: GaussianMixture.CoincidentPointsUseCovarianceFloorDeterministically
1704/4154 Test #1717: GaussianMixture.CoincidentPointsUseCovarianceFloorDeterministically .............................................   Passed    0.00 sec
          Start 1718: GaussianMixture.InvalidInputsFailClosed
1705/4154 Test #1718: GaussianMixture.InvalidInputsFailClosed .........................................................................   Passed    0.00 sec
          Start 1719: SurfaceReconstruction.EmptyPointsReturnsNullopt
1706/4154 Test #1719: SurfaceReconstruction.EmptyPointsReturnsNullopt .................................................................   Passed    0.00 sec
          Start 1720: SurfaceReconstruction.TooFewPointsReturnsNullopt
1707/4154 Test #1720: SurfaceReconstruction.TooFewPointsReturnsNullopt ................................................................   Passed    0.00 sec
          Start 1721: SurfaceReconstruction.MismatchedNormalsReturnsNullopt
1708/4154 Test #1721: SurfaceReconstruction.MismatchedNormalsReturnsNullopt ...........................................................   Passed    0.00 sec
          Start 1722: SurfaceReconstruction.NoNormalsAndNoEstimationReturnsNullopt
1709/4154 Test #1722: SurfaceReconstruction.NoNormalsAndNoEstimationReturnsNullopt ....................................................   Passed    0.00 sec
          Start 1723: SurfaceReconstruction.ZeroResolutionReturnsNullopt
1710/4154 Test #1723: SurfaceReconstruction.ZeroResolutionReturnsNullopt ..............................................................   Passed    0.00 sec
          Start 1724: SurfaceReconstruction.InvalidNormalsAreRejected
1711/4154 Test #1724: SurfaceReconstruction.InvalidNormalsAreRejected .................................................................   Passed    0.04 sec
          Start 1725: SurfaceReconstruction.AllInvalidNormalsReturnNullopt
1712/4154 Test #1725: SurfaceReconstruction.AllInvalidNormalsReturnNullopt ............................................................   Passed    0.00 sec
          Start 1726: SurfaceReconstruction.SphereWithProvidedNormals
1713/4154 Test #1726: SurfaceReconstruction.SphereWithProvidedNormals .................................................................   Passed    0.08 sec
          Start 1727: SurfaceReconstruction.SphereWithEstimatedNormals
1714/4154 Test #1727: SurfaceReconstruction.SphereWithEstimatedNormals ................................................................   Passed    0.08 sec
          Start 1728: SurfaceReconstruction.SphereWithWeightedDistance
1715/4154 Test #1728: SurfaceReconstruction.SphereWithWeightedDistance ................................................................   Passed    0.19 sec
          Start 1729: SurfaceReconstruction.OutputMeshHasVerticesAndFaces
1716/4154 Test #1729: SurfaceReconstruction.OutputMeshHasVerticesAndFaces .............................................................   Passed    0.04 sec
          Start 1730: SurfaceReconstruction.HigherResolutionMoreDetail
1717/4154 Test #1730: SurfaceReconstruction.HigherResolutionMoreDetail ................................................................   Passed    0.15 sec
          Start 1731: SurfaceReconstruction.SphereReconstructionApproximatesRadius
1718/4154 Test #1731: SurfaceReconstruction.SphereReconstructionApproximatesRadius ....................................................   Passed    0.13 sec
          Start 1732: SurfaceReconstruction.AcceptsBorrowedSpanInput
1719/4154 Test #1732: SurfaceReconstruction.AcceptsBorrowedSpanInput ..................................................................   Passed    0.01 sec
          Start 1733: MeshQuality.EmptyMeshReturnsNullopt
1720/4154 Test #1733: MeshQuality.EmptyMeshReturnsNullopt .............................................................................   Passed    0.00 sec
          Start 1734: MeshQuality.EquilateralAngles60
1721/4154 Test #1734: MeshQuality.EquilateralAngles60 .................................................................................   Passed    0.00 sec
          Start 1735: MeshQuality.EquilateralAspectRatio1
1722/4154 Test #1735: MeshQuality.EquilateralAspectRatio1 .............................................................................   Passed    0.00 sec
          Start 1736: MeshQuality.TetrahedronClosed
1723/4154 Test #1736: MeshQuality.TetrahedronClosed ...................................................................................   Passed    0.00 sec
          Start 1737: MeshQuality.TetrahedronVolume
1724/4154 Test #1737: MeshQuality.TetrahedronVolume ...................................................................................   Passed    0.00 sec
          Start 1738: MeshQuality.SingleTriangleNotClosed
1725/4154 Test #1738: MeshQuality.SingleTriangleNotClosed .............................................................................   Passed    0.00 sec
          Start 1739: MeshQuality.EulerCharacteristic
1726/4154 Test #1739: MeshQuality.EulerCharacteristic .................................................................................   Passed    0.00 sec
          Start 1740: MeshQuality.IcosahedronUniformValence5
1727/4154 Test #1740: MeshQuality.IcosahedronUniformValence5 ..........................................................................   Passed    0.01 sec
          Start 1741: MeshQuality.EdgeLengthStats
1728/4154 Test #1741: MeshQuality.EdgeLengthStats .....................................................................................   Passed    0.00 sec
          Start 1742: MeshQuality.BoundaryLoopCount
1729/4154 Test #1742: MeshQuality.BoundaryLoopCount ...................................................................................   Passed    0.00 sec
          Start 1743: MeshAnalysis.EmptyMeshReturnsNullopt
1730/4154 Test #1743: MeshAnalysis.EmptyMeshReturnsNullopt ............................................................................   Passed    0.00 sec
          Start 1744: MeshAnalysis.TetrahedronHasNoProblems
1731/4154 Test #1744: MeshAnalysis.TetrahedronHasNoProblems ...........................................................................   Passed    0.00 sec
          Start 1745: MeshAnalysis.SingleTriangleMarksBoundaryRegion
1732/4154 Test #1745: MeshAnalysis.SingleTriangleMarksBoundaryRegion ..................................................................   Passed    0.00 sec
          Start 1746: MeshAnalysis.DegenerateTriangleIsDetected
1733/4154 Test #1746: MeshAnalysis.DegenerateTriangleIsDetected .......................................................................   Passed    0.00 sec
          Start 1747: MeshAnalysis.SingleQuadFlagsNonTriangleFace
1734/4154 Test #1747: MeshAnalysis.SingleQuadFlagsNonTriangleFace .....................................................................   Passed    0.00 sec
          Start 1748: LSCM.EmptyMeshReturnsNullopt
1735/4154 Test #1748: LSCM.EmptyMeshReturnsNullopt ....................................................................................   Passed    0.00 sec
          Start 1749: LSCM.ClosedMeshReturnsNullopt
1736/4154 Test #1749: LSCM.ClosedMeshReturnsNullopt ...................................................................................   Passed    0.00 sec
          Start 1750: LSCM.DiskTopologyProducesUVs
1737/4154 Test #1750: LSCM.DiskTopologyProducesUVs ....................................................................................   Passed    0.00 sec
          Start 1751: LSCM.PinnedVerticesHaveCorrectUVs
1738/4154 Test #1751: LSCM.PinnedVerticesHaveCorrectUVs ...............................................................................   Passed    0.00 sec
          Start 1752: LSCM.NoFlippedTrianglesOnConvexDisk
1739/4154 Test #1752: LSCM.NoFlippedTrianglesOnConvexDisk .............................................................................   Passed    0.00 sec
          Start 1753: LSCM.FlatDiskDistortionNearOne
1740/4154 Test #1753: LSCM.FlatDiskDistortionNearOne ..................................................................................   Passed    0.00 sec
          Start 1754: LSCM.UVAreaPositive
1741/4154 Test #1754: LSCM.UVAreaPositive .............................................................................................   Passed    0.00 sec
          Start 1755: LSCM.SingleTriangleDiskTopology
1742/4154 Test #1755: LSCM.SingleTriangleDiskTopology .................................................................................   Passed    0.00 sec
          Start 1756: ParameterizationDiagnostics.IdentityTriangleHasZeroNormalizedError
1743/4154 Test #1756: ParameterizationDiagnostics.IdentityTriangleHasZeroNormalizedError ..............................................   Passed    0.00 sec
          Start 1757: ParameterizationDiagnostics.IdentitySquareReportsBoundaryMetrics
1744/4154 Test #1757: ParameterizationDiagnostics.IdentitySquareReportsBoundaryMetrics ................................................   Passed    0.00 sec
          Start 1758: ParameterizationDiagnostics.StretchedRectangleHasPredictableDistortion
1745/4154 Test #1758: ParameterizationDiagnostics.StretchedRectangleHasPredictableDistortion ..........................................   Passed    0.00 sec
          Start 1759: ParameterizationDiagnostics.FlippedUvReportsElementWithoutFailing
1746/4154 Test #1759: ParameterizationDiagnostics.FlippedUvReportsElementWithoutFailing ...............................................   Passed    0.00 sec
          Start 1760: ParameterizationDiagnostics.DegeneratePositionTriangleIsSkipped
1747/4154 Test #1760: ParameterizationDiagnostics.DegeneratePositionTriangleIsSkipped .................................................   Passed    0.01 sec
          Start 1761: ParameterizationDiagnostics.DegenerateUvTriangleIsSkipped
1748/4154 Test #1761: ParameterizationDiagnostics.DegenerateUvTriangleIsSkipped .......................................................   Passed    0.00 sec
          Start 1762: ParameterizationDiagnostics.DeletedFaceKeepsStorageAlignedNanSentinel
1749/4154 Test #1762: ParameterizationDiagnostics.DeletedFaceKeepsStorageAlignedNanSentinel ...........................................   Passed    0.00 sec
          Start 1763: ParameterizationDiagnostics.NonTriangleFaceIsReported
1750/4154 Test #1763: ParameterizationDiagnostics.NonTriangleFaceIsReported ...........................................................   Passed    0.00 sec
          Start 1764: ParameterizationDiagnostics.MissingUvsFailBeforeEvaluation
1751/4154 Test #1764: ParameterizationDiagnostics.MissingUvsFailBeforeEvaluation ......................................................   Passed    0.00 sec
          Start 1765: ParameterizationDiagnostics.NonFiniteUvsAreReported
1752/4154 Test #1765: ParameterizationDiagnostics.NonFiniteUvsAreReported .............................................................   Passed    0.00 sec
          Start 1766: HarmonicParameterization.SquareFanCenterAtHarmonicAverage
1753/4154 Test #1766: HarmonicParameterization.SquareFanCenterAtHarmonicAverage .......................................................   Passed    0.00 sec
          Start 1767: HarmonicParameterization.CircleBoundaryIsOnCircleAndDeterministic
1754/4154 Test #1767: HarmonicParameterization.CircleBoundaryIsOnCircleAndDeterministic ...............................................   Passed    0.00 sec
          Start 1768: HarmonicParameterization.SquareArcLengthBoundaryProducesValidEmbedding
1755/4154 Test #1768: HarmonicParameterization.SquareArcLengthBoundaryProducesValidEmbedding ..........................................   Passed    0.00 sec
          Start 1769: HarmonicParameterization.TutteEmbeddingHasNoFlippedTriangles
1756/4154 Test #1769: HarmonicParameterization.TutteEmbeddingHasNoFlippedTriangles ....................................................   Passed    0.01 sec
          Start 1770: HarmonicParameterization.ClosedMeshIsNotDiskTopology
1757/4154 Test #1770: HarmonicParameterization.ClosedMeshIsNotDiskTopology ............................................................   Passed    0.00 sec
          Start 1771: HarmonicParameterization.MultipleBoundaryLoopsAreNotDiskTopology
1758/4154 Test #1771: HarmonicParameterization.MultipleBoundaryLoopsAreNotDiskTopology ................................................   Passed    0.00 sec
          Start 1772: HarmonicParameterization.PuncturedGenusOneMeshIsNotDiskTopology
1759/4154 Test #1772: HarmonicParameterization.PuncturedGenusOneMeshIsNotDiskTopology .................................................   Passed    0.01 sec
          Start 1773: HarmonicParameterization.FewerThanThreeVerticesAreReported
1760/4154 Test #1773: HarmonicParameterization.FewerThanThreeVerticesAreReported ......................................................   Passed    0.00 sec
          Start 1774: HarmonicParameterization.NonTriangleMeshIsRejected
1761/4154 Test #1774: HarmonicParameterization.NonTriangleMeshIsRejected ..............................................................   Passed    0.00 sec
          Start 1775: HarmonicParameterization.MismatchedBoundaryArrayIsRejected
1762/4154 Test #1775: HarmonicParameterization.MismatchedBoundaryArrayIsRejected ......................................................   Passed    0.00 sec
          Start 1776: HarmonicParameterization.DuplicatePinIsRejected
1763/4154 Test #1776: HarmonicParameterization.DuplicatePinIsRejected .................................................................   Passed    0.00 sec
          Start 1777: HarmonicParameterization.DeletedPinIsRejected
1764/4154 Test #1777: HarmonicParameterization.DeletedPinIsRejected ...................................................................   Passed    0.00 sec
          Start 1778: HarmonicParameterization.NonFinitePinUvIsRejected
1765/4154 Test #1778: HarmonicParameterization.NonFinitePinUvIsRejected ...............................................................   Passed    0.00 sec
          Start 1779: HarmonicParameterization.CustomBoundaryNotFullyPinnedIsRejected
1766/4154 Test #1779: HarmonicParameterization.CustomBoundaryNotFullyPinnedIsRejected .................................................   Passed    0.00 sec
          Start 1780: HarmonicParameterization.LscmApiRemainsReachable
1767/4154 Test #1780: HarmonicParameterization.LscmApiRemainsReachable ................................................................   Passed    0.01 sec
          Start 1781: ParameterizationOptimize.ReferencePreparationIsStorageAlignedAndFailClosed
1768/4154 Test #1781: ParameterizationOptimize.ReferencePreparationIsStorageAlignedAndFailClosed ......................................   Passed    0.00 sec
          Start 1782: ParameterizationOptimize.ProperRotationFitRecoversRotationAndScale
1769/4154 Test #1782: ParameterizationOptimize.ProperRotationFitRecoversRotationAndScale ..............................................   Passed    0.00 sec
          Start 1783: ParameterizationOptimize.SymmetricDirichletMatchesReportingDiagnostics
1770/4154 Test #1783: ParameterizationOptimize.SymmetricDirichletMatchesReportingDiagnostics ..........................................   Passed    0.00 sec
          Start 1784: ParameterizationOptimize.ReflectionUsesProperRotationButTripsBarrier
1771/4154 Test #1784: ParameterizationOptimize.ReflectionUsesProperRotationButTripsBarrier ............................................   Passed    0.00 sec
          Start 1785: ParameterizationOptimize.AnalyticDirichletGradientMatchesFiniteDifference
1772/4154 Test #1785: ParameterizationOptimize.AnalyticDirichletGradientMatchesFiniteDifference .......................................   Passed    0.00 sec
          Start 1786: ParameterizationOptimize.ProxySystemsArePsdAndMatchCurrentGradients
1773/4154 Test #1786: ParameterizationOptimize.ProxySystemsArePsdAndMatchCurrentGradients .............................................   Passed    0.00 sec
          Start 1787: ParameterizationOptimize.InjectiveSearchStopsInsideFirstFlipRoot
1774/4154 Test #1787: ParameterizationOptimize.InjectiveSearchStopsInsideFirstFlipRoot ................................................   Passed    0.00 sec
          Start 1788: ParameterizationOptimize.IdenticalInputsProduceBitwiseIdenticalOutputs
1775/4154 Test #1788: ParameterizationOptimize.IdenticalInputsProduceBitwiseIdenticalOutputs ..........................................   Passed    0.00 sec
          Start 1789: ParameterizationOptimize.InvalidDynamicInputsReturnExplicitStatuses
1776/4154 Test #1789: ParameterizationOptimize.InvalidDynamicInputsReturnExplicitStatuses .............................................   Passed    0.00 sec
          Start 1790: ParameterizationOptimize.PublicRecordsAreRevalidatedBeforeIndexing
1777/4154 Test #1790: ParameterizationOptimize.PublicRecordsAreRevalidatedBeforeIndexing ..............................................   Passed    0.00 sec
          Start 1791: ParameterizationDispatch.LscmMatchesDirectSolverAndCarriesDiagnostics
1778/4154 Test #1791: ParameterizationDispatch.LscmMatchesDirectSolverAndCarriesDiagnostics ...........................................   Passed    0.00 sec
          Start 1792: ParameterizationDispatch.HarmonicAndTutteMatchDirectSolver
1779/4154 Test #1792: ParameterizationDispatch.HarmonicAndTutteMatchDirectSolver ......................................................   Passed    0.00 sec
          Start 1793: ParameterizationDispatch.InvalidInputsFailClosedThroughStatus
1780/4154 Test #1793: ParameterizationDispatch.InvalidInputsFailClosedThroughStatus ...................................................   Passed    0.01 sec
          Start 1794: ParameterizationDispatch.RejectionCarriesConnectedComponentAndBoundaryLoopCounts
1781/4154 Test #1794: ParameterizationDispatch.RejectionCarriesConnectedComponentAndBoundaryLoopCounts ................................   Passed    0.00 sec
          Start 1795: ParameterizationDispatch.UnusableDiagnosticsFailClosedWithoutUvs
1782/4154 Test #1795: ParameterizationDispatch.UnusableDiagnosticsFailClosedWithoutUvs ................................................   Passed    0.00 sec
          Start 1796: ParameterizationDispatch.LscmNonConvergenceIsSolverFailureWithoutUvs
1783/4154 Test #1796: ParameterizationDispatch.LscmNonConvergenceIsSolverFailureWithoutUvs ............................................   Passed    0.00 sec
          Start 1797: ParameterizationDispatch.RepeatedCallsAreDeterministic
1784/4154 Test #1797: ParameterizationDispatch.RepeatedCallsAreDeterministic ..........................................................   Passed    0.00 sec
          Start 1798: BoundaryFirstFlattening.AutomaticPlanarDiskIsDeterministicAndConformal
1785/4154 Test #1798: BoundaryFirstFlattening.AutomaticPlanarDiskIsDeterministicAndConformal ..........................................   Passed    0.00 sec
          Start 1799: BoundaryFirstFlattening.AutomaticCurvedDiskMeetsAbsoluteQualityBounds
1786/4154 Test #1799: BoundaryFirstFlattening.AutomaticCurvedDiskMeetsAbsoluteQualityBounds ...........................................   Passed    0.01 sec
          Start 1800: BoundaryFirstFlattening.AutomaticModeIsInvariantToUniformInputScale
1787/4154 Test #1800: BoundaryFirstFlattening.AutomaticModeIsInvariantToUniformInputScale .............................................   Passed    0.00 sec
          Start 1801: BoundaryFirstFlattening.UniformTargetLengthsAreRealized
1788/4154 Test #1801: BoundaryFirstFlattening.UniformTargetLengthsAreRealized .........................................................   Passed    0.00 sec
          Start 1802: BoundaryFirstFlattening.NonIntegrableLengthRequestReportsApproximation
1789/4154 Test #1802: BoundaryFirstFlattening.NonIntegrableLengthRequestReportsApproximation ..........................................   Passed    0.00 sec
          Start 1803: BoundaryFirstFlattening.TargetAnglesPreserveSquareCorners
1790/4154 Test #1803: BoundaryFirstFlattening.TargetAnglesPreserveSquareCorners .......................................................   Passed    0.00 sec
          Start 1804: BoundaryFirstFlattening.IrregularTriangleUsesPerEdgeClosureWeights
1791/4154 Test #1804: BoundaryFirstFlattening.IrregularTriangleUsesPerEdgeClosureWeights ..............................................   Passed    0.01 sec
          Start 1805: BoundaryFirstFlattening.InvalidTopologyAndGeometryFailClosed
1792/4154 Test #1805: BoundaryFirstFlattening.InvalidTopologyAndGeometryFailClosed ....................................................   Passed    0.01 sec
          Start 1806: BoundaryFirstFlattening.InvalidBoundaryDataFailsClosed
1793/4154 Test #1806: BoundaryFirstFlattening.InvalidBoundaryDataFailsClosed ..........................................................   Passed    0.01 sec
          Start 1807: BoundaryFirstFlattening.TypedDispatchMatchesDirectAndFailsClosed
1794/4154 Test #1807: BoundaryFirstFlattening.TypedDispatchMatchesDirectAndFailsClosed ................................................   Passed    0.00 sec
          Start 1808: UvAtlas.FakeBackendCanReplaceDefault
1795/4154 Test #1808: UvAtlas.FakeBackendCanReplaceDefault ............................................................................   Passed    0.00 sec
          Start 1809: UvAtlas.FastStagedRequestUsesBuiltInBackendWithoutXAtlasFallback
1796/4154 Test #1809: UvAtlas.FastStagedRequestUsesBuiltInBackendWithoutXAtlasFallback ................................................   Passed    0.01 sec
          Start 1810: UvAtlas.FastStagedCubeCutsFaceChartsAndCopiesProperties
1797/4154 Test #1810: UvAtlas.FastStagedCubeCutsFaceChartsAndCopiesProperties .........................................................   Passed    0.01 sec
          Start 1811: UvAtlas.FastStagedHighCardinalityGridIsFiniteAndDeterministic
1798/4154 Test #1811: UvAtlas.FastStagedHighCardinalityGridIsFiniteAndDeterministic ...................................................   Passed    0.09 sec
          Start 1812: UvAtlas.FastStagedKeepsFirstSeenBoundaryAndNonmanifoldSeamOrder
1799/4154 Test #1812: UvAtlas.FastStagedKeepsFirstSeenBoundaryAndNonmanifoldSeamOrder .................................................   Passed    0.01 sec
          Start 1813: UvAtlas.FastStagedFailingBackendFallsBackToXAtlasWhenAllowed
1800/4154 Test #1813: UvAtlas.FastStagedFailingBackendFallsBackToXAtlasWhenAllowed ....................................................   Passed    0.11 sec
          Start 1814: UvAtlas.FastStagedFailingBackendFailsClosedWhenXAtlasFallbackDisabled
1801/4154 Test #1814: UvAtlas.FastStagedFailingBackendFailsClosedWhenXAtlasFallbackDisabled ...........................................   Passed    0.00 sec
          Start 1815: UvAtlas.FastStagedRequestCanUseCallerSuppliedBackend
1802/4154 Test #1815: UvAtlas.FastStagedRequestCanUseCallerSuppliedBackend ............................................................   Passed    0.00 sec
          Start 1816: UvAtlas.ValidAuthoredUvsArePreservedWithoutCallingBackend
1803/4154 Test #1816: UvAtlas.ValidAuthoredUvsArePreservedWithoutCallingBackend .......................................................   Passed    0.01 sec
          Start 1817: UvAtlas.MissingUvsGenerateFiniteNormalizedFastStagedUvsByDefault
1804/4154 Test #1817: UvAtlas.MissingUvsGenerateFiniteNormalizedFastStagedUvsByDefault ................................................   Passed    0.01 sec
          Start 1818: UvAtlas.ExplicitXAtlasMethodGeneratesFiniteNormalizedUvs
1805/4154 Test #1818: UvAtlas.ExplicitXAtlasMethodGeneratesFiniteNormalizedUvs ........................................................   Passed    0.01 sec
          Start 1819: UvAtlas.SeamSplitXrefsPreserveVertexProperties
1806/4154 Test #1819: UvAtlas.SeamSplitXrefsPreserveVertexProperties ..................................................................   Passed    0.01 sec
          Start 1820: UvAtlas.InvalidInputsReturnExplicitStatuses
1807/4154 Test #1820: UvAtlas.InvalidInputsReturnExplicitStatuses .....................................................................   Passed    0.00 sec
          Start 1821: UvAtlas.InvalidAuthoredUvsFallBackToDefaultBackend
1808/4154 Test #1821: UvAtlas.InvalidAuthoredUvsFallBackToDefaultBackend ..............................................................   Passed    0.00 sec
          Start 1822: AdaptiveRemesh.EmptyMeshReturnsNullopt
1809/4154 Test #1822: AdaptiveRemesh.EmptyMeshReturnsNullopt ..........................................................................   Passed    0.00 sec
          Start 1823: AdaptiveRemesh.SingleTriangleReturnsNullopt
1810/4154 Test #1823: AdaptiveRemesh.SingleTriangleReturnsNullopt .....................................................................   Passed    0.00 sec
          Start 1824: AdaptiveRemesh.TwoTrianglesMinimalCase
1811/4154 Test #1824: AdaptiveRemesh.TwoTrianglesMinimalCase ..........................................................................   Passed    0.00 sec
          Start 1825: AdaptiveRemesh.FlatPlaneUniformSizing
1812/4154 Test #1825: AdaptiveRemesh.FlatPlaneUniformSizing ...........................................................................   Passed    0.00 sec
          Start 1826: AdaptiveRemesh.SphereRefinement
1813/4154 Test #1826: AdaptiveRemesh.SphereRefinement .................................................................................   Passed    0.01 sec
          Start 1827: AdaptiveRemesh.BoundaryPreservation
1814/4154 Test #1827: AdaptiveRemesh.BoundaryPreservation .............................................................................   Passed    0.00 sec
          Start 1828: AdaptiveRemesh.MultiIterationConvergence
1815/4154 Test #1828: AdaptiveRemesh.MultiIterationConvergence ........................................................................   Passed    0.01 sec
          Start 1829: AdaptiveRemesh.ZeroAdaptationBehavesLikeIsotropic
1816/4154 Test #1829: AdaptiveRemesh.ZeroAdaptationBehavesLikeIsotropic ...............................................................   Passed    0.00 sec
          Start 1830: AdaptiveRemesh.EdgeLengthBoundsRespected
1817/4154 Test #1830: AdaptiveRemesh.EdgeLengthBoundsRespected ........................................................................   Passed    0.01 sec
          Start 1831: AdaptiveRemesh.ResultDiagnostics
1818/4154 Test #1831: AdaptiveRemesh.ResultDiagnostics ................................................................................   Passed    0.01 sec
          Start 1832: AdaptiveRemesh.ReferenceProjectionPathProducesValidMesh
1819/4154 Test #1832: AdaptiveRemesh.ReferenceProjectionPathProducesValidMesh .........................................................   Passed    0.01 sec
          Start 1833: AdaptiveRemesh.ReferenceProjectorProjectsToFrozenSurface
1820/4154 Test #1833: AdaptiveRemesh.ReferenceProjectorProjectsToFrozenSurface ........................................................   Passed    0.01 sec
          Start 1834: AdaptiveRemesh.ErrorBoundedSizingPathProducesValidMesh
1821/4154 Test #1834: AdaptiveRemesh.ErrorBoundedSizingPathProducesValidMesh ..........................................................   Passed    0.01 sec
          Start 1835: ConvexHull_Degenerate.EmptyInputReturnsNullopt
1822/4154 Test #1835: ConvexHull_Degenerate.EmptyInputReturnsNullopt ..................................................................   Passed    0.00 sec
          Start 1836: ConvexHull_Degenerate.SinglePointReturnsNullopt
1823/4154 Test #1836: ConvexHull_Degenerate.SinglePointReturnsNullopt .................................................................   Passed    0.00 sec
          Start 1837: ConvexHull_Degenerate.TwoPointsReturnsNullopt
1824/4154 Test #1837: ConvexHull_Degenerate.TwoPointsReturnsNullopt ...................................................................   Passed    0.00 sec
          Start 1838: ConvexHull_Degenerate.ThreePointsReturnsNullopt
1825/4154 Test #1838: ConvexHull_Degenerate.ThreePointsReturnsNullopt .................................................................   Passed    0.00 sec
          Start 1839: ConvexHull_Degenerate.CoincidentPointsReturnsNullopt
1826/4154 Test #1839: ConvexHull_Degenerate.CoincidentPointsReturnsNullopt ............................................................   Passed    0.00 sec
          Start 1840: ConvexHull_Degenerate.CollinearPointsReturnsNullopt
1827/4154 Test #1840: ConvexHull_Degenerate.CollinearPointsReturnsNullopt .............................................................   Passed    0.00 sec
          Start 1841: ConvexHull_Degenerate.CoplanarPointsReturnsNullopt
1828/4154 Test #1841: ConvexHull_Degenerate.CoplanarPointsReturnsNullopt ..............................................................   Passed    0.00 sec
          Start 1842: ConvexHull_Tetrahedron.FourPointsProduceTetrahedron
1829/4154 Test #1842: ConvexHull_Tetrahedron.FourPointsProduceTetrahedron .............................................................   Passed    0.00 sec
          Start 1843: ConvexHull_Tetrahedron.PlanesHaveOutwardNormals
1830/4154 Test #1843: ConvexHull_Tetrahedron.PlanesHaveOutwardNormals .................................................................   Passed    0.00 sec
          Start 1844: ConvexHull_Cube.EightVerticesTwelveFaces
1831/4154 Test #1844: ConvexHull_Cube.EightVerticesTwelveFaces ........................................................................   Passed    0.00 sec
          Start 1845: ConvexHull_Octahedron.SixVerticesEightFaces
1832/4154 Test #1845: ConvexHull_Octahedron.SixVerticesEightFaces .....................................................................   Passed    0.00 sec
          Start 1846: ConvexHull_Interior.CubeWithInteriorPoints
1833/4154 Test #1846: ConvexHull_Interior.CubeWithInteriorPoints ......................................................................   Passed    0.00 sec
          Start 1847: ConvexHull_Interior.SphereWithCentroid
1834/4154 Test #1847: ConvexHull_Interior.SphereWithCentroid ..........................................................................   Passed    0.00 sec
          Start 1848: ConvexHull_Sphere.AllSurfacePointsOnHull
1835/4154 Test #1848: ConvexHull_Sphere.AllSurfacePointsOnHull ........................................................................   Passed    0.00 sec
          Start 1849: ConvexHull_Sphere.LargerSphereConverges
1836/4154 Test #1849: ConvexHull_Sphere.LargerSphereConverges .........................................................................   Passed    0.01 sec
          Start 1850: ConvexHull_Random.UniformCubeDistribution
1837/4154 Test #1850: ConvexHull_Random.UniformCubeDistribution .......................................................................   Passed    0.01 sec
          Start 1851: ConvexHull_Random.GaussianDistribution
1838/4154 Test #1851: ConvexHull_Random.GaussianDistribution ..........................................................................   Passed    0.00 sec
          Start 1852: ConvexHull_Random.LargePointCloud
1839/4154 Test #1852: ConvexHull_Random.LargePointCloud ...............................................................................   Passed    0.01 sec
          Start 1853: ConvexHull_HRep.PlaneCountMatchesFaceCount
1840/4154 Test #1853: ConvexHull_HRep.PlaneCountMatchesFaceCount ......................................................................   Passed    0.00 sec
          Start 1854: ConvexHull_HRep.PlanesAreNormalized
1841/4154 Test #1854: ConvexHull_HRep.PlanesAreNormalized .............................................................................   Passed    0.00 sec
          Start 1855: ConvexHull_HRep.SkipPlanesWhenDisabled
1842/4154 Test #1855: ConvexHull_HRep.SkipPlanesWhenDisabled ..........................................................................   Passed    0.00 sec
          Start 1856: ConvexHull_Mesh.BuildMeshProducesValidHalfedgeMesh
1843/4154 Test #1856: ConvexHull_Mesh.BuildMeshProducesValidHalfedgeMesh ..............................................................   Passed    0.00 sec
          Start 1857: ConvexHull_Mesh.CubeMeshTopology
1844/4154 Test #1857: ConvexHull_Mesh.CubeMeshTopology ................................................................................   Passed    0.00 sec
          Start 1858: ConvexHull_Mesh.MeshNotBuiltByDefault
1845/4154 Test #1858: ConvexHull_Mesh.MeshNotBuiltByDefault ...........................................................................   Passed    0.00 sec
          Start 1859: ConvexHull_FromMesh.TetrahedronMesh
1846/4154 Test #1859: ConvexHull_FromMesh.TetrahedronMesh .............................................................................   Passed    0.00 sec
          Start 1860: ConvexHull_FromMesh.EmptyMeshReturnsNullopt
1847/4154 Test #1860: ConvexHull_FromMesh.EmptyMeshReturnsNullopt .....................................................................   Passed    0.00 sec
          Start 1861: ConvexHull_Robustness.DuplicatePoints
1848/4154 Test #1861: ConvexHull_Robustness.DuplicatePoints ...........................................................................   Passed    0.00 sec
          Start 1862: ConvexHull_Robustness.NearlyCoplanarWithOffset
1849/4154 Test #1862: ConvexHull_Robustness.NearlyCoplanarWithOffset ..................................................................   Passed    0.00 sec
          Start 1863: ConvexHull_Robustness.PointsOnHullEdges
1850/4154 Test #1863: ConvexHull_Robustness.PointsOnHullEdges .........................................................................   Passed    0.00 sec
          Start 1864: ConvexHull_Robustness.ScaledCoordinates
1851/4154 Test #1864: ConvexHull_Robustness.ScaledCoordinates .........................................................................   Passed    0.00 sec
          Start 1865: ConvexHull_Robustness.SmallCoordinates
1852/4154 Test #1865: ConvexHull_Robustness.SmallCoordinates ..........................................................................   Passed    0.00 sec
          Start 1866: ConvexHull_Convexity.AllFaceNormalsPointOutward
1853/4154 Test #1866: ConvexHull_Convexity.AllFaceNormalsPointOutward .................................................................   Passed    0.00 sec
          Start 1867: ConvexHull_Diagnostics.InputPointCountCorrect
1854/4154 Test #1867: ConvexHull_Diagnostics.InputPointCountCorrect ...................................................................   Passed    0.01 sec
          Start 1868: ConvexHull_Diagnostics.InteriorPlusHullEqualsInput
1855/4154 Test #1868: ConvexHull_Diagnostics.InteriorPlusHullEqualsInput ..............................................................   Passed    0.01 sec
          Start 1869: PointCloud_Cloud.EmptyCloudIsValid
1856/4154 Test #1869: PointCloud_Cloud.EmptyCloudIsValid ..............................................................................   Passed    0.01 sec
          Start 1870: PointCloud_Cloud.PositionsOnlyIsValid
1857/4154 Test #1870: PointCloud_Cloud.PositionsOnlyIsValid ...........................................................................   Passed    0.00 sec
          Start 1871: PointCloud_Cloud.FullAttributesAreValid
1858/4154 Test #1871: PointCloud_Cloud.FullAttributesAreValid .........................................................................   Passed    0.01 sec
          Start 1872: PointCloud_Cloud.ConstPropertyAccessUsesReadOnlyViews
1859/4154 Test #1872: PointCloud_Cloud.ConstPropertyAccessUsesReadOnlyViews ...........................................................   Passed    0.00 sec
          Start 1873: PointCloud_Cloud.MismatchedNormalsInvalid
1860/4154 Test #1873: PointCloud_Cloud.MismatchedNormalsInvalid .......................................................................   Passed    0.00 sec
          Start 1874: PointCloud_Cloud.MismatchedColorsInvalid
1861/4154 Test #1874: PointCloud_Cloud.MismatchedColorsInvalid ........................................................................   Passed    0.00 sec
          Start 1875: PointCloud_BoundingBox.EmptyCloudReturnsZeroAABB
1862/4154 Test #1875: PointCloud_BoundingBox.EmptyCloudReturnsZeroAABB ................................................................   Passed    0.01 sec
          Start 1876: PointCloud_BoundingBox.SinglePointBB
1863/4154 Test #1876: PointCloud_BoundingBox.SinglePointBB ............................................................................   Passed    0.00 sec
          Start 1877: PointCloud_BoundingBox.UnitSphereBoundedByUnitCube
1864/4154 Test #1877: PointCloud_BoundingBox.UnitSphereBoundedByUnitCube ..............................................................   Passed    0.00 sec
          Start 1878: PointCloud_Statistics.EmptyReturnsNullopt
1865/4154 Test #1878: PointCloud_Statistics.EmptyReturnsNullopt .......................................................................   Passed    0.00 sec
          Start 1879: PointCloud_Statistics.SinglePointStats
1866/4154 Test #1879: PointCloud_Statistics.SinglePointStats ..........................................................................   Passed    0.00 sec
          Start 1880: PointCloud_Statistics.SphereStatistics
1867/4154 Test #1880: PointCloud_Statistics.SphereStatistics ..........................................................................   Passed    0.01 sec
          Start 1881: PointCloud_Downsample.EmptyReturnsNullopt
1868/4154 Test #1881: PointCloud_Downsample.EmptyReturnsNullopt .......................................................................   Passed    0.00 sec
          Start 1882: PointCloud_Downsample.InvalidVoxelSizeReturnsNullopt
1869/4154 Test #1882: PointCloud_Downsample.InvalidVoxelSizeReturnsNullopt ............................................................   Passed    0.00 sec
          Start 1883: PointCloud_Downsample.LargeVoxelCollapsesToFewPoints
1870/4154 Test #1883: PointCloud_Downsample.LargeVoxelCollapsesToFewPoints ............................................................   Passed    0.00 sec
          Start 1884: PointCloud_Downsample.SmallVoxelPreservesPoints
1871/4154 Test #1884: PointCloud_Downsample.SmallVoxelPreservesPoints .................................................................   Passed    0.00 sec
          Start 1885: PointCloud_Downsample.PreservesNormals
1872/4154 Test #1885: PointCloud_Downsample.PreservesNormals ..........................................................................   Passed    0.00 sec
          Start 1886: PointCloud_Downsample.PreservesColors
1873/4154 Test #1886: PointCloud_Downsample.PreservesColors ...........................................................................   Passed    0.00 sec
          Start 1887: PointCloud_Downsample.OutputCloudIsValid
1874/4154 Test #1887: PointCloud_Downsample.OutputCloudIsValid ........................................................................   Passed    0.01 sec
          Start 1888: PointCloud_Downsample.NonFiniteVoxelSizeReturnsNullopt
1875/4154 Test #1888: PointCloud_Downsample.NonFiniteVoxelSizeReturnsNullopt ..........................................................   Passed    0.00 sec
          Start 1889: PointCloud_Downsample.NonFinitePositionReturnsNulloptWithoutPartialResult
1876/4154 Test #1889: PointCloud_Downsample.NonFinitePositionReturnsNulloptWithoutPartialResult .......................................   Passed    0.00 sec
          Start 1890: PointCloud_Downsample.CoordinateBeyondCellKeyRangeReturnsNullopt
1877/4154 Test #1890: PointCloud_Downsample.CoordinateBeyondCellKeyRangeReturnsNullopt ................................................   Passed    0.00 sec
          Start 1891: PointCloud_Downsample.FloorSemanticsPinNegativeCoordinateCells
1878/4154 Test #1891: PointCloud_Downsample.FloorSemanticsPinNegativeCoordinateCells ..................................................   Passed    0.00 sec
          Start 1892: PointCloud_Downsample.EmitsCellsInLexicographicOrderAndIsRepeatable
1879/4154 Test #1892: PointCloud_Downsample.EmitsCellsInLexicographicOrderAndIsRepeatable .............................................   Passed    0.00 sec
          Start 1893: PointCloud_Radius.TooFewPointsReturnsNullopt
1880/4154 Test #1893: PointCloud_Radius.TooFewPointsReturnsNullopt ....................................................................   Passed    0.00 sec
          Start 1894: PointCloud_Radius.SphereRadiiReasonable
1881/4154 Test #1894: PointCloud_Radius.SphereRadiiReasonable .........................................................................   Passed    0.01 sec
          Start 1895: PointCloud_Radius.ScaleFactorMultipliesRadius
1882/4154 Test #1895: PointCloud_Radius.ScaleFactorMultipliesRadius ...................................................................   Passed    0.01 sec
          Start 1896: PointCloud_Subsample.EmptyReturnsNullopt
1883/4154 Test #1896: PointCloud_Subsample.EmptyReturnsNullopt ........................................................................   Passed    0.00 sec
          Start 1897: PointCloud_Subsample.SubsampleReducesCount
1884/4154 Test #1897: PointCloud_Subsample.SubsampleReducesCount ......................................................................   Passed    0.00 sec
          Start 1898: PointCloud_Subsample.ReturnedCloudKeepsValidPositionSpan
1885/4154 Test #1898: PointCloud_Subsample.ReturnedCloudKeepsValidPositionSpan ........................................................   Passed    0.00 sec
          Start 1899: PointCloud_Subsample.TargetLargerThanCloudReturnsAll
1886/4154 Test #1899: PointCloud_Subsample.TargetLargerThanCloudReturnsAll ............................................................   Passed    0.00 sec
          Start 1900: PointCloud_Subsample.DeterministicWithSameSeed
1887/4154 Test #1900: PointCloud_Subsample.DeterministicWithSameSeed ..................................................................   Passed    0.00 sec
          Start 1901: PointCloud_Subsample.DifferentSeedsGiveDifferentResults
1888/4154 Test #1901: PointCloud_Subsample.DifferentSeedsGiveDifferentResults .........................................................   Passed    0.00 sec
          Start 1902: PointCloud_Subsample.IndicesAreValid
1889/4154 Test #1902: PointCloud_Subsample.IndicesAreValid ............................................................................   Passed    0.00 sec
          Start 1903: PointCloud_RenderMode.EnumValues
1890/4154 Test #1903: PointCloud_RenderMode.EnumValues ................................................................................   Passed    0.00 sec
          Start 1904: PointCloud_Integration.DownsampleThenEstimateRadii
1891/4154 Test #1904: PointCloud_Integration.DownsampleThenEstimateRadii ..............................................................   Passed    0.01 sec
          Start 1905: PointCloud_Edge.CollinearPointsDownsample
1892/4154 Test #1905: PointCloud_Edge.CollinearPointsDownsample .......................................................................   Passed    0.00 sec
          Start 1906: PointCloud_Edge.DuplicatePointsDownsample
1893/4154 Test #1906: PointCloud_Edge.DuplicatePointsDownsample .......................................................................   Passed    0.00 sec
          Start 1907: PointCloud_KMeans.EmptyInputReturnsNullopt
1894/4154 Test #1907: PointCloud_KMeans.EmptyInputReturnsNullopt ......................................................................   Passed    0.00 sec
          Start 1908: PointCloud_KMeans.DegenerateClusterCountReturnsNullopt
1895/4154 Test #1908: PointCloud_KMeans.DegenerateClusterCountReturnsNullopt ..........................................................   Passed    0.00 sec
          Start 1909: PointCloud_KMeans.TwoSeparatedBlobsProduceTwoCentroids
1896/4154 Test #1909: PointCloud_KMeans.TwoSeparatedBlobsProduceTwoCentroids ..........................................................   Passed    0.00 sec
          Start 1910: PointCloud_KMeans.CpuEntryReportsGpuRequestAsCpuFallback
1897/4154 Test #1910: PointCloud_KMeans.CpuEntryReportsGpuRequestAsCpuFallback ........................................................   Passed    0.00 sec
          Start 1911: PointCloud_KMeans.ClusterCountIsClampedToPointCount
1898/4154 Test #1911: PointCloud_KMeans.ClusterCountIsClampedToPointCount .............................................................   Passed    0.00 sec
          Start 1912: PointCloud_KMeans.ReusesPersistentCentroidSeedsAndBuildsCpuScratchTree
1899/4154 Test #1912: PointCloud_KMeans.ReusesPersistentCentroidSeedsAndBuildsCpuScratchTree ..........................................   Passed    0.00 sec
          Start 1913: PointCloud_KMeans.RecomputeCentroidsMatchesPerLabelMeans
1900/4154 Test #1913: PointCloud_KMeans.RecomputeCentroidsMatchesPerLabelMeans ........................................................   Passed    0.00 sec
          Start 1914: PointCloud_KMeans.RecomputeCentroidsLeavesEmptyClustersAtOrigin
1901/4154 Test #1914: PointCloud_KMeans.RecomputeCentroidsLeavesEmptyClustersAtOrigin .................................................   Passed    0.00 sec
          Start 1915: PointCloud_KMeans.ClassifyPointToCentroidUsesCentroidVoronoiCells
1902/4154 Test #1915: PointCloud_KMeans.ClassifyPointToCentroidUsesCentroidVoronoiCells ...............................................   Passed    0.00 sec
          Start 1916: PointCloud_GaussianNoise.ZeroScaleIsIdentity
1903/4154 Test #1916: PointCloud_GaussianNoise.ZeroScaleIsIdentity ....................................................................   Passed    0.00 sec
          Start 1917: PointCloud_GaussianNoise.SameSeedIsDeterministic
1904/4154 Test #1917: PointCloud_GaussianNoise.SameSeedIsDeterministic ................................................................   Passed    0.01 sec
          Start 1918: PointCloud_GaussianNoise.SinglePointNonZeroScaleFailsClosed
1905/4154 Test #1918: PointCloud_GaussianNoise.SinglePointNonZeroScaleFailsClosed .....................................................   Passed    0.00 sec
          Start 1919: SphereFitting.ReturnsNulloptForEmptyInput
1906/4154 Test #1919: SphereFitting.ReturnsNulloptForEmptyInput .......................................................................   Passed    0.00 sec
          Start 1920: SphereFitting.ReturnsNulloptForOnlyNonFiniteSamples
1907/4154 Test #1920: SphereFitting.ReturnsNulloptForOnlyNonFiniteSamples .............................................................   Passed    0.00 sec
          Start 1921: SphereFitting.FitsDiameterSphereForTwoPoints
1908/4154 Test #1921: SphereFitting.FitsDiameterSphereForTwoPoints ....................................................................   Passed    0.00 sec
          Start 1922: SphereFitting.FitsExactSphereFromAxisSamples
1909/4154 Test #1922: SphereFitting.FitsExactSphereFromAxisSamples ....................................................................   Passed    0.00 sec
          Start 1923: SphereFitting.LeastSquaresRecoversNoisySphere
1910/4154 Test #1923: SphereFitting.LeastSquaresRecoversNoisySphere ...................................................................   Passed    0.00 sec
          Start 1924: SphereFitting.IterativeGeometricImprovesOrMatchesLeastSquaresResidual
1911/4154 Test #1924: SphereFitting.IterativeGeometricImprovesOrMatchesLeastSquaresResidual ...........................................   Passed    0.00 sec
          Start 1925: SphereFitting.IterativeGeometricFailsClosedForInvalidInputs
1912/4154 Test #1925: SphereFitting.IterativeGeometricFailsClosedForInvalidInputs .....................................................   Passed    0.00 sec
          Start 1926: SphereFitting.BoundingSphereContainsAllSamples
1913/4154 Test #1926: SphereFitting.BoundingSphereContainsAllSamples ..................................................................   Passed    0.00 sec
          Start 1927: SphereFitting.EnforceContainmentInflatesLeastSquaresFit
1914/4154 Test #1927: SphereFitting.EnforceContainmentInflatesLeastSquaresFit .........................................................   Passed    0.00 sec
          Start 1928: TriangleMetrics.ThreeFourFiveTriangleMatchesAnalyticValues
1915/4154 Test #1928: TriangleMetrics.ThreeFourFiveTriangleMatchesAnalyticValues ......................................................   Passed    0.00 sec
          Start 1929: TriangleMetrics.SafeAcosClampsOutsideDomain
1916/4154 Test #1929: TriangleMetrics.SafeAcosClampsOutsideDomain .....................................................................   Passed    0.00 sec
          Start 1930: TriangleMetrics.DegenerateTriangleReturnsFiniteZeroedMetrics
1917/4154 Test #1930: TriangleMetrics.DegenerateTriangleReturnsFiniteZeroedMetrics ....................................................   Passed    0.00 sec
          Start 1931: TriangleMetrics.NonFiniteTriangleReturnsFiniteZeroedMetrics
1918/4154 Test #1931: TriangleMetrics.NonFiniteTriangleReturnsFiniteZeroedMetrics .....................................................   Passed    0.00 sec
          Start 1932: BooleanCSG.DisjointUnionAppendsBothMeshes
1919/4154 Test #1932: BooleanCSG.DisjointUnionAppendsBothMeshes .......................................................................   Passed    0.00 sec
          Start 1933: BooleanCSG.DisjointIntersectionReturnsEmptyMesh
1920/4154 Test #1933: BooleanCSG.DisjointIntersectionReturnsEmptyMesh .................................................................   Passed    0.00 sec
          Start 1934: BooleanCSG.DisjointDifferenceReturnsFirstMesh
1921/4154 Test #1934: BooleanCSG.DisjointDifferenceReturnsFirstMesh ...................................................................   Passed    0.00 sec
          Start 1935: BooleanCSG.DisjointVolumes_AllOperations
1922/4154 Test #1935: BooleanCSG.DisjointVolumes_AllOperations ........................................................................   Passed    0.00 sec
          Start 1936: BooleanCSG.ContainmentIntersectionReturnsInnerMesh
1923/4154 Test #1936: BooleanCSG.ContainmentIntersectionReturnsInnerMesh ..............................................................   Passed    0.00 sec
          Start 1937: BooleanCSG.ContainmentUnionReturnsOuterMesh
1924/4154 Test #1937: BooleanCSG.ContainmentUnionReturnsOuterMesh .....................................................................   Passed    0.00 sec
          Start 1938: BooleanCSG.ContainmentDifference_AInsideB_ReturnsEmpty
1925/4154 Test #1938: BooleanCSG.ContainmentDifference_AInsideB_ReturnsEmpty ..........................................................   Passed    0.00 sec
          Start 1939: BooleanCSG.ContainmentDifference_BInsideA_ReturnsNullopt
1926/4154 Test #1939: BooleanCSG.ContainmentDifference_BInsideA_ReturnsNullopt ........................................................   Passed    0.00 sec
          Start 1940: BooleanCSG.ContainmentIntersection_Reversed
1927/4154 Test #1940: BooleanCSG.ContainmentIntersection_Reversed .....................................................................   Passed    0.00 sec
          Start 1941: BooleanCSG.ContainmentUnion_Reversed
1928/4154 Test #1941: BooleanCSG.ContainmentUnion_Reversed ............................................................................   Passed    0.00 sec
          Start 1942: BooleanCSG.PartialOverlapReturnsNullopt
1929/4154 Test #1942: BooleanCSG.PartialOverlapReturnsNullopt .........................................................................   Passed    0.00 sec
          Start 1943: BooleanCSG.PartialOverlapDifferenceReturnsNullopt
1930/4154 Test #1943: BooleanCSG.PartialOverlapDifferenceReturnsNullopt ...............................................................   Passed    0.00 sec
          Start 1944: BooleanCSG.PartialOverlapIntersectionReturnsNullopt
1931/4154 Test #1944: BooleanCSG.PartialOverlapIntersectionReturnsNullopt .............................................................   Passed    0.00 sec
          Start 1945: BooleanCSG.EmptyMeshA_ReturnsNullopt
1932/4154 Test #1945: BooleanCSG.EmptyMeshA_ReturnsNullopt ............................................................................   Passed    0.00 sec
          Start 1946: BooleanCSG.EmptyMeshB_ReturnsNullopt
1933/4154 Test #1946: BooleanCSG.EmptyMeshB_ReturnsNullopt ............................................................................   Passed    0.00 sec
          Start 1947: BooleanCSG.BothMeshesEmpty_ReturnsNullopt
1934/4154 Test #1947: BooleanCSG.BothMeshesEmpty_ReturnsNullopt .......................................................................   Passed    0.00 sec
          Start 1948: BooleanCSG.IdenticalMeshes_UnionReturnsOneMesh
1935/4154 Test #1948: BooleanCSG.IdenticalMeshes_UnionReturnsOneMesh ..................................................................   Passed    0.00 sec
          Start 1949: BooleanCSG.IdenticalMeshes_IntersectionReturnsOneMesh
1936/4154 Test #1949: BooleanCSG.IdenticalMeshes_IntersectionReturnsOneMesh ...........................................................   Passed    0.01 sec
          Start 1950: BooleanCSG.FaceContactUnion
1937/4154 Test #1950: BooleanCSG.FaceContactUnion .....................................................................................   Passed    0.00 sec
          Start 1951: BooleanCSG.EdgeContactUnion
1938/4154 Test #1951: BooleanCSG.EdgeContactUnion .....................................................................................   Passed    0.00 sec
          Start 1952: BooleanCSG.VertexContactUnion
1939/4154 Test #1952: BooleanCSG.VertexContactUnion ...................................................................................   Passed    0.00 sec
          Start 1953: BooleanCSG.DisjointResult_HasDiagnostic
1940/4154 Test #1953: BooleanCSG.DisjointResult_HasDiagnostic .........................................................................   Passed    0.00 sec
          Start 1954: BooleanCSG.ContainmentResult_HasDiagnostic
1941/4154 Test #1954: BooleanCSG.ContainmentResult_HasDiagnostic ......................................................................   Passed    0.00 sec
          Start 1955: BooleanCSG.CustomEpsilon_DisjointStillWorks
1942/4154 Test #1955: BooleanCSG.CustomEpsilon_DisjointStillWorks .....................................................................   Passed    0.00 sec
          Start 1956: BooleanCSG.OutputMeshIsClearedBeforeWrite
1943/4154 Test #1956: BooleanCSG.OutputMeshIsClearedBeforeWrite .......................................................................   Passed    0.01 sec
          Start 1957: MeshBoundary.EmptyMeshReturnsEmptyResult
1944/4154 Test #1957: MeshBoundary.EmptyMeshReturnsEmptyResult ........................................................................   Passed    0.00 sec
          Start 1958: MeshBoundary.ClosedMeshHasNoBoundary
1945/4154 Test #1958: MeshBoundary.ClosedMeshHasNoBoundary ............................................................................   Passed    0.00 sec
          Start 1959: MeshBoundary.SingleTriangleHasBoundary
1946/4154 Test #1959: MeshBoundary.SingleTriangleHasBoundary ..........................................................................   Passed    0.00 sec
          Start 1960: MeshBoundary.TwoTriangleSquareBoundary
1947/4154 Test #1960: MeshBoundary.TwoTriangleSquareBoundary ..........................................................................   Passed    0.01 sec
          Start 1961: MeshBoundary.IcosahedronFullyClosed
1948/4154 Test #1961: MeshBoundary.IcosahedronFullyClosed .............................................................................   Passed    0.01 sec
          Start 1962: MeshBoundary.MarkBoundaryVerticesAsFeature
1949/4154 Test #1962: MeshBoundary.MarkBoundaryVerticesAsFeature ......................................................................   Passed    0.01 sec
          Start 1963: MeshBoundary.MarkBoundaryEdgesAsFeature
1950/4154 Test #1963: MeshBoundary.MarkBoundaryEdgesAsFeature .........................................................................   Passed    0.01 sec
          Start 1964: MeshBoundary.BoundaryPropertyTracksCorrectly
1951/4154 Test #1964: MeshBoundary.BoundaryPropertyTracksCorrectly ....................................................................   Passed    0.01 sec
          Start 1965: MeshBoundary.CubeIsFullyClosed
1952/4154 Test #1965: MeshBoundary.CubeIsFullyClosed ..................................................................................   Passed    0.00 sec
          Start 1966: Attributes_TopologyEdits.SplitInterpolatesVertexPropertyAtRequestedPosition
1953/4154 Test #1966: Attributes_TopologyEdits.SplitInterpolatesVertexPropertyAtRequestedPosition .....................................   Passed    0.00 sec
          Start 1967: Attributes_TopologyEdits.CollapseInterpolatesVertexPropertyAtRequestedPosition
1954/4154 Test #1967: Attributes_TopologyEdits.CollapseInterpolatesVertexPropertyAtRequestedPosition ..................................   Passed    0.00 sec
          Start 1968: Attributes_TriangleSoupBridge.BuildAndExtractPreserveTexcoords
1955/4154 Test #1968: Attributes_TriangleSoupBridge.BuildAndExtractPreserveTexcoords ..................................................   Passed    0.00 sec
          Start 1969: Attributes_TriangleSoupBridge.WeldSkipsUVSeams
1956/4154 Test #1969: Attributes_TriangleSoupBridge.WeldSkipsUVSeams ..................................................................   Passed    0.00 sec
          Start 1970: Attributes_TriangleSoupBridge.ExtractIndexedTrianglesReportsAuthoritativeFaceIdsForTriangulatedNgons
1957/4154 Test #1970: Attributes_TriangleSoupBridge.ExtractIndexedTrianglesReportsAuthoritativeFaceIdsForTriangulatedNgons ............   Passed    0.00 sec
          Start 1971: Attributes_Subdivision.LoopSubdivisionPreservesTexcoords
1958/4154 Test #1971: Attributes_Subdivision.LoopSubdivisionPreservesTexcoords ........................................................   Passed    0.00 sec
          Start 1972: Attributes_Subdivision.CatmullClarkPreservesTexcoords
1959/4154 Test #1972: Attributes_Subdivision.CatmullClarkPreservesTexcoords ...........................................................   Passed    0.00 sec
          Start 1973: Attributes_TopologyOperators.SimplificationPreservesTexcoords
1960/4154 Test #1973: Attributes_TopologyOperators.SimplificationPreservesTexcoords ...................................................   Passed    0.01 sec
          Start 1974: Attributes_TopologyOperators.SimplificationWithConfigurableQuadricsPreservesTexcoords
1961/4154 Test #1974: Attributes_TopologyOperators.SimplificationWithConfigurableQuadricsPreservesTexcoords ...........................   Passed    0.01 sec
          Start 1975: Attributes_TopologyOperators.IsotropicRemeshingPreservesTexcoords
1962/4154 Test #1975: Attributes_TopologyOperators.IsotropicRemeshingPreservesTexcoords ...............................................   Passed    0.01 sec
          Start 1976: Attributes_TopologyOperators.AdaptiveRemeshingPreservesTexcoords
1963/4154 Test #1976: Attributes_TopologyOperators.AdaptiveRemeshingPreservesTexcoords ................................................   Passed    0.01 sec
          Start 1977: GraphVertexNormals.DebugNamesAreStable
1964/4154 Test #1977: GraphVertexNormals.DebugNamesAreStable ..........................................................................   Passed    0.00 sec
          Start 1978: GraphVertexNormals.PlanarCycleWritesCanonicalNormals
1965/4154 Test #1978: GraphVertexNormals.PlanarCycleWritesCanonicalNormals ............................................................   Passed    0.00 sec
          Start 1979: GraphVertexNormals.LineGraphReportsDegreeOneAndCollinearFallbacks
1966/4154 Test #1979: GraphVertexNormals.LineGraphReportsDegreeOneAndCollinearFallbacks ...............................................   Passed    0.00 sec
          Start 1980: GraphVertexNormals.IsolatedDuplicateAndNonFiniteInputsStayFinite
1967/4154 Test #1980: GraphVertexNormals.IsolatedDuplicateAndNonFiniteInputsStayFinite ................................................   Passed    0.00 sec
          Start 1981: GraphVertexNormals.RawPropertySetOverloadReportsInvalidEdges
1968/4154 Test #1981: GraphVertexNormals.RawPropertySetOverloadReportsInvalidEdges ....................................................   Passed    0.00 sec
          Start 1982: GraphVertexNormals.OutputPropertyTypeConflictFailsClosed
1969/4154 Test #1982: GraphVertexNormals.OutputPropertyTypeConflictFailsClosed ........................................................   Passed    0.00 sec
          Start 1983: HalfedgeMeshVertexNormals.DebugNamesAreStable
1970/4154 Test #1983: HalfedgeMeshVertexNormals.DebugNamesAreStable ...................................................................   Passed    0.00 sec
          Start 1984: HalfedgeMeshVertexNormals.WeightingModesProduceExpectedCornerNormal
1971/4154 Test #1984: HalfedgeMeshVertexNormals.WeightingModesProduceExpectedCornerNormal .............................................   Passed    0.00 sec
          Start 1985: HalfedgeMeshVertexNormals.DegenerateFaceWritesFallbackNormals
1972/4154 Test #1985: HalfedgeMeshVertexNormals.DegenerateFaceWritesFallbackNormals ...................................................   Passed    0.00 sec
          Start 1986: HalfedgeMeshVertexNormals.InvalidFallbackIsRepairedDeterministically
1973/4154 Test #1986: HalfedgeMeshVertexNormals.InvalidFallbackIsRepairedDeterministically ............................................   Passed    0.00 sec
          Start 1987: HalfedgeMeshVertexNormals.NonFiniteFaceDoesNotProduceNaNNormals
1974/4154 Test #1987: HalfedgeMeshVertexNormals.NonFiniteFaceDoesNotProduceNaNNormals .................................................   Passed    0.00 sec
          Start 1988: HalfedgeMeshVertexNormals.EmptyMeshReturnsEmptyProperty
1975/4154 Test #1988: HalfedgeMeshVertexNormals.EmptyMeshReturnsEmptyProperty .........................................................   Passed    0.00 sec
          Start 1989: HalfedgeMeshVertexNormals.InvalidOutputPropertyFailsClosed
1976/4154 Test #1989: HalfedgeMeshVertexNormals.InvalidOutputPropertyFailsClosed ......................................................   Passed    0.00 sec
          Start 1990: HalfedgeMeshVertexNormals.ExistingPropertyWithWrongTypeFailsClosed
1977/4154 Test #1990: HalfedgeMeshVertexNormals.ExistingPropertyWithWrongTypeFailsClosed ..............................................   Passed    0.00 sec
          Start 1991: HalfedgeMesh_PropertyAccess.EdgeProperties_NonConst_ReturnsCorrectSize
1978/4154 Test #1991: HalfedgeMesh_PropertyAccess.EdgeProperties_NonConst_ReturnsCorrectSize ..........................................   Passed    0.00 sec
          Start 1992: HalfedgeMesh_PropertyAccess.EdgeProperties_Const_ReturnsCorrectSize
1979/4154 Test #1992: HalfedgeMesh_PropertyAccess.EdgeProperties_Const_ReturnsCorrectSize .............................................   Passed    0.00 sec
          Start 1993: HalfedgeMesh_PropertyAccess.EdgeProperties_CanAddUserProperty
1980/4154 Test #1993: HalfedgeMesh_PropertyAccess.EdgeProperties_CanAddUserProperty ...................................................   Passed    0.01 sec
          Start 1994: HalfedgeMesh_PropertyAccess.EdgeProperties_ListsProperties
1981/4154 Test #1994: HalfedgeMesh_PropertyAccess.EdgeProperties_ListsProperties ......................................................   Passed    0.00 sec
          Start 1995: HalfedgeMesh_PropertyAccess.FaceProperties_NonConst_ReturnsCorrectSize
1982/4154 Test #1995: HalfedgeMesh_PropertyAccess.FaceProperties_NonConst_ReturnsCorrectSize ..........................................   Passed    0.00 sec
          Start 1996: HalfedgeMesh_PropertyAccess.FaceProperties_Const_ReturnsCorrectSize
1983/4154 Test #1996: HalfedgeMesh_PropertyAccess.FaceProperties_Const_ReturnsCorrectSize .............................................   Passed    0.00 sec
          Start 1997: HalfedgeMesh_PropertyAccess.FaceProperties_CanAddUserProperty
1984/4154 Test #1997: HalfedgeMesh_PropertyAccess.FaceProperties_CanAddUserProperty ...................................................   Passed    0.00 sec
          Start 1998: HalfedgeMesh_PropertyAccess.FaceProperties_SpanAccess
1985/4154 Test #1998: HalfedgeMesh_PropertyAccess.FaceProperties_SpanAccess ...........................................................   Passed    0.00 sec
          Start 1999: HalfedgeMesh_PropertyAccess.HalfedgeProperties_NonConst_ReturnsCorrectSize
1986/4154 Test #1999: HalfedgeMesh_PropertyAccess.HalfedgeProperties_NonConst_ReturnsCorrectSize ......................................   Passed    0.00 sec
          Start 2000: HalfedgeMesh_PropertyAccess.HalfedgeProperties_Const_ReturnsCorrectSize
1987/4154 Test #2000: HalfedgeMesh_PropertyAccess.HalfedgeProperties_Const_ReturnsCorrectSize .........................................   Passed    0.00 sec
          Start 2001: HalfedgeMesh_PropertyAccess.HalfedgeProperties_CanAddUserProperty
1988/4154 Test #2001: HalfedgeMesh_PropertyAccess.HalfedgeProperties_CanAddUserProperty ...............................................   Passed    0.00 sec
          Start 2002: HalfedgeMesh_PropertyAccess.AllPropertySets_SizesConsistent
1989/4154 Test #2002: HalfedgeMesh_PropertyAccess.AllPropertySets_SizesConsistent .....................................................   Passed    0.00 sec
          Start 2003: HalfedgeMesh_PropertyAccess.PropertySet_RemoveThenReuseSameNameWorks
1990/4154 Test #2003: HalfedgeMesh_PropertyAccess.PropertySet_RemoveThenReuseSameNameWorks ............................................   Passed    0.00 sec
          Start 2004: HalfedgeMesh_PropertyAccess.VertexProperties_RemainUsableAfterGarbageCollection
1991/4154 Test #2004: HalfedgeMesh_PropertyAccess.VertexProperties_RemainUsableAfterGarbageCollection .................................   Passed    0.00 sec
          Start 2005: HalfedgeMesh_PropertyAccess.CurvatureMutableOverloadsPublishVertexProperties
1992/4154 Test #2005: HalfedgeMesh_PropertyAccess.CurvatureMutableOverloadsPublishVertexProperties ....................................   Passed    0.00 sec
          Start 2006: HalfedgeMesh_PropertyAccess.GeodesicMutableOverloadPublishesDistanceAndSourceProperties
1993/4154 Test #2006: HalfedgeMesh_PropertyAccess.GeodesicMutableOverloadPublishesDistanceAndSourceProperties .........................   Passed    0.00 sec
          Start 2007: HalfedgeMesh_PropertyAccess.ParameterizationMutableOverloadPublishesUvAndPinProperties
1994/4154 Test #2007: HalfedgeMesh_PropertyAccess.ParameterizationMutableOverloadPublishesUvAndPinProperties ..........................   Passed    0.00 sec
          Start 2008: HalfedgeMesh_View.Mesh_BindsDirectPropertySets
1995/4154 Test #2008: HalfedgeMesh_View.Mesh_BindsDirectPropertySets ..................................................................   Passed    0.00 sec
          Start 2009: HalfedgeMesh_View.MoveAssignment_RebindsBuiltInPropertyHandles
1996/4154 Test #2009: HalfedgeMesh_View.MoveAssignment_RebindsBuiltInPropertyHandles ..................................................   Passed    0.00 sec
          Start 2010: HalfedgeMesh_Traversal.HalfedgesAroundFace_QuadMatchesNextCycle
1997/4154 Test #2010: HalfedgeMesh_Traversal.HalfedgesAroundFace_QuadMatchesNextCycle .................................................   Passed    0.00 sec
          Start 2011: HalfedgeMesh_Traversal.VerticesAroundFace_QuadMatchesHalfedgeToVertices
1998/4154 Test #2011: HalfedgeMesh_Traversal.VerticesAroundFace_QuadMatchesHalfedgeToVertices .........................................   Passed    0.00 sec
          Start 2012: HalfedgeMesh_Traversal.HalfedgesAroundVertex_CountMatchesValence
1999/4154 Test #2012: HalfedgeMesh_Traversal.HalfedgesAroundVertex_CountMatchesValence ................................................   Passed    0.00 sec
          Start 2013: HalfedgeMesh_Traversal.FacesAroundVertex_BoundaryVertexSkipsBoundaryGap
2000/4154 Test #2013: HalfedgeMesh_Traversal.FacesAroundVertex_BoundaryVertexSkipsBoundaryGap .........................................   Passed    0.00 sec
          Start 2014: HalfedgeMesh_Traversal.FacesAroundVertex_InteriorVertexVisitsIncidentFacesOnce
2001/4154 Test #2014: HalfedgeMesh_Traversal.FacesAroundVertex_InteriorVertexVisitsIncidentFacesOnce ..................................   Passed    0.00 sec
          Start 2015: HalfedgeMesh_Traversal.VertexOneRingRangesAreEmptyForIsolatedVertex
2002/4154 Test #2015: HalfedgeMesh_Traversal.VertexOneRingRangesAreEmptyForIsolatedVertex .............................................   Passed    0.00 sec
          Start 2016: HalfedgeMesh_Traversal.BoundaryHalfedges_VisitsEachBoundaryEdgeOnce
2003/4154 Test #2016: HalfedgeMesh_Traversal.BoundaryHalfedges_VisitsEachBoundaryEdgeOnce .............................................   Passed    0.00 sec
          Start 2017: HalfedgeMesh_Traversal.BoundaryVertices_MatchesBoundaryLoopConnectivity
2004/4154 Test #2017: HalfedgeMesh_Traversal.BoundaryVertices_MatchesBoundaryLoopConnectivity .........................................   Passed    0.00 sec
          Start 2018: HalfedgeMesh_EdgeExtraction.SingleTriangle_ReturnsThreeEdges
2005/4154 Test #2018: HalfedgeMesh_EdgeExtraction.SingleTriangle_ReturnsThreeEdges ....................................................   Passed    0.00 sec
          Start 2019: HalfedgeMesh_EdgeExtraction.EdgeVertices_AreValidIndices
2006/4154 Test #2019: HalfedgeMesh_EdgeExtraction.EdgeVertices_AreValidIndices ........................................................   Passed    0.00 sec
          Start 2020: HalfedgeMesh_EdgeExtraction.TwoTriangles_SharedEdgeAppearsOnce
2007/4154 Test #2020: HalfedgeMesh_EdgeExtraction.TwoTriangles_SharedEdgeAppearsOnce ..................................................   Passed    0.00 sec
          Start 2021: HalfedgeMesh_EdgeExtraction.TwoQuads_SharedEdgeAppearsOnce
2008/4154 Test #2021: HalfedgeMesh_EdgeExtraction.TwoQuads_SharedEdgeAppearsOnce ......................................................   Passed    0.00 sec
          Start 2022: HalfedgeMesh_EdgeExtraction.MatchesFromVertex_ToVertex
2009/4154 Test #2022: HalfedgeMesh_EdgeExtraction.MatchesFromVertex_ToVertex ..........................................................   Passed    0.00 sec
          Start 2023: HalfedgeMesh_EdgeExtraction.SpanOverload_FillsCorrectly
2010/4154 Test #2023: HalfedgeMesh_EdgeExtraction.SpanOverload_FillsCorrectly .........................................................   Passed    0.00 sec
          Start 2024: HalfedgeMesh_EdgeExtraction.SpanOverload_PartialBuffer
2011/4154 Test #2024: HalfedgeMesh_EdgeExtraction.SpanOverload_PartialBuffer ..........................................................   Passed    0.00 sec
          Start 2025: HalfedgeMesh_EdgeExtraction.EmptyMesh_ReturnsEmpty
2012/4154 Test #2025: HalfedgeMesh_EdgeExtraction.EmptyMesh_ReturnsEmpty ..............................................................   Passed    0.00 sec
          Start 2026: HalfedgeMesh_EdgeExtraction.AfterEdgeDelete_SkipsDeletedEdge
2013/4154 Test #2026: HalfedgeMesh_EdgeExtraction.AfterEdgeDelete_SkipsDeletedEdge ....................................................   Passed    0.00 sec
          Start 2027: HalfedgeMesh_EdgeExtraction.EdgeVertexPair_SizeOf8
2014/4154 Test #2027: HalfedgeMesh_EdgeExtraction.EdgeVertexPair_SizeOf8 ..............................................................   Passed    0.00 sec
          Start 2028: HalfedgeMesh_Topology.EmptyMesh_HasZeroCounts
2015/4154 Test #2028: HalfedgeMesh_Topology.EmptyMesh_HasZeroCounts ...................................................................   Passed    0.00 sec
          Start 2029: HalfedgeMesh_Topology.AddVertex_IncreasesCount
2016/4154 Test #2029: HalfedgeMesh_Topology.AddVertex_IncreasesCount ..................................................................   Passed    0.00 sec
          Start 2030: HalfedgeMesh_Topology.SingleTriangle_Counts
2017/4154 Test #2030: HalfedgeMesh_Topology.SingleTriangle_Counts .....................................................................   Passed    0.00 sec
          Start 2031: HalfedgeMesh_Topology.TwoTriangles_SharedEdge
2018/4154 Test #2031: HalfedgeMesh_Topology.TwoTriangles_SharedEdge ...................................................................   Passed    0.00 sec
          Start 2032: HalfedgeMesh_Topology.Tetrahedron_ClosedManifold
2019/4154 Test #2032: HalfedgeMesh_Topology.Tetrahedron_ClosedManifold ................................................................   Passed    0.00 sec
          Start 2033: HalfedgeMesh_Topology.Icosahedron_ClosedManifold
2020/4154 Test #2033: HalfedgeMesh_Topology.Icosahedron_ClosedManifold ................................................................   Passed    0.00 sec
          Start 2034: HalfedgeMesh_Topology.Cube_ClosedManifold
2021/4154 Test #2034: HalfedgeMesh_Topology.Cube_ClosedManifold .......................................................................   Passed    0.00 sec
          Start 2035: HalfedgeMesh_Topology.QuadPair_Counts
2022/4154 Test #2035: HalfedgeMesh_Topology.QuadPair_Counts ...........................................................................   Passed    0.00 sec
          Start 2036: HalfedgeMesh_Topology.SingleTriangle_AllVerticesBoundary
2023/4154 Test #2036: HalfedgeMesh_Topology.SingleTriangle_AllVerticesBoundary ........................................................   Passed    0.00 sec
          Start 2037: HalfedgeMesh_Topology.Tetrahedron_NoBoundaryVertices
2024/4154 Test #2037: HalfedgeMesh_Topology.Tetrahedron_NoBoundaryVertices ............................................................   Passed    0.00 sec
          Start 2038: HalfedgeMesh_Topology.Tetrahedron_NoBoundaryEdges
2025/4154 Test #2038: HalfedgeMesh_Topology.Tetrahedron_NoBoundaryEdges ...............................................................   Passed    0.00 sec
          Start 2039: HalfedgeMesh_Topology.SingleTriangle_AllValence2
2026/4154 Test #2039: HalfedgeMesh_Topology.SingleTriangle_AllValence2 ................................................................   Passed    0.00 sec
          Start 2040: HalfedgeMesh_Topology.Tetrahedron_AllValence3
2027/4154 Test #2040: HalfedgeMesh_Topology.Tetrahedron_AllValence3 ...................................................................   Passed    0.00 sec
          Start 2041: HalfedgeMesh_Topology.SubdividedTriangle_InteriorVertexValence
2028/4154 Test #2041: HalfedgeMesh_Topology.SubdividedTriangle_InteriorVertexValence ..................................................   Passed    0.00 sec
          Start 2042: HalfedgeMesh_Topology.DeleteFace_ReducesFaceCount
2029/4154 Test #2042: HalfedgeMesh_Topology.DeleteFace_ReducesFaceCount ...............................................................   Passed    0.00 sec
          Start 2043: HalfedgeMesh_Topology.DeleteAllFaces_EmptyAfterGC
2030/4154 Test #2043: HalfedgeMesh_Topology.DeleteAllFaces_EmptyAfterGC ...............................................................   Passed    0.00 sec
          Start 2044: HalfedgeMesh_Topology.GarbageCollection_CompactsStorage
2031/4154 Test #2044: HalfedgeMesh_Topology.GarbageCollection_CompactsStorage .........................................................   Passed    0.00 sec
          Start 2045: HalfedgeMesh_Topology.SetPosition_UpdatesCorrectly
2032/4154 Test #2045: HalfedgeMesh_Topology.SetPosition_UpdatesCorrectly ..............................................................   Passed    0.00 sec
          Start 2046: HalfedgeMesh_Topology.ConstMesh_PositionIsReadOnly
2033/4154 Test #2046: HalfedgeMesh_Topology.ConstMesh_PositionIsReadOnly ..............................................................   Passed    0.00 sec
          Start 2047: HalfedgeMesh_Topology.OppositeHalfedge_IsSymmetric
2034/4154 Test #2047: HalfedgeMesh_Topology.OppositeHalfedge_IsSymmetric ..............................................................   Passed    0.00 sec
          Start 2048: HalfedgeMesh_Topology.NextHalfedge_CyclesBackToStart
2035/4154 Test #2048: HalfedgeMesh_Topology.NextHalfedge_CyclesBackToStart ............................................................   Passed    0.00 sec
          Start 2049: HalfedgeMesh_Topology.FromToVertex_Consistency
2036/4154 Test #2049: HalfedgeMesh_Topology.FromToVertex_Consistency ..................................................................   Passed    0.00 sec
          Start 2050: HalfedgeMesh_Topology.FaceIncidence_IsSeparateFromGraphTraversalConnectivity
2037/4154 Test #2050: HalfedgeMesh_Topology.FaceIncidence_IsSeparateFromGraphTraversalConnectivity ....................................   Passed    0.00 sec
          Start 2051: HalfedgeMesh_Topology.EdgeHalfedge_RoundTrip
2038/4154 Test #2051: HalfedgeMesh_Topology.EdgeHalfedge_RoundTrip ....................................................................   Passed    0.00 sec
          Start 2052: HalfedgeMesh_Topology.IsolatedVertex_HasNoConnectivity
2039/4154 Test #2052: HalfedgeMesh_Topology.IsolatedVertex_HasNoConnectivity ..........................................................   Passed    0.00 sec
          Start 2053: HalfedgeMesh_Topology.ConnectedVertex_IsNotIsolated
2040/4154 Test #2053: HalfedgeMesh_Topology.ConnectedVertex_IsNotIsolated .............................................................   Passed    0.00 sec
          Start 2054: HalfedgeMesh_Topology.MakeEquilateralTriangle_SameAsSingleTriangle
2041/4154 Test #2054: HalfedgeMesh_Topology.MakeEquilateralTriangle_SameAsSingleTriangle ..............................................   Passed    0.00 sec
          Start 2055: HalfedgeMesh_Topology.MakeTwoTriangles_SameAsTwoTriangleSquare
2042/4154 Test #2055: HalfedgeMesh_Topology.MakeTwoTriangles_SameAsTwoTriangleSquare ..................................................   Passed    0.00 sec
          Start 2056: MeshTopologyUtilities.TriangulateFansPolygonFace
2043/4154 Test #2056: MeshTopologyUtilities.TriangulateFansPolygonFace ................................................................   Passed    0.00 sec
          Start 2057: MeshTopologyUtilities.ConnectedComponentsPublishLabelsAndSplitMeshes
2044/4154 Test #2057: MeshTopologyUtilities.ConnectedComponentsPublishLabelsAndSplitMeshes ............................................   Passed    0.00 sec
          Start 2058: MeshTopologyUtilities.TriangleAdjacencyAndNearestFaceAreDeterministic
2045/4154 Test #2058: MeshTopologyUtilities.TriangleAdjacencyAndNearestFaceAreDeterministic ...........................................   Passed    0.00 sec
          Start 2059: MeshTopologyUtilities.UpdateEdgeLengthsPublishesCanonicalCache
2046/4154 Test #2059: MeshTopologyUtilities.UpdateEdgeLengthsPublishesCanonicalCache ..................................................   Passed    0.00 sec
          Start 2060: CornerTexcoords.ResolvesNoneWhenMeshCarriesNoUvs
2047/4154 Test #2060: CornerTexcoords.ResolvesNoneWhenMeshCarriesNoUvs ................................................................   Passed    0.00 sec
          Start 2061: CornerTexcoords.ResolvesVertexDomainWhenOnlyVertexUvsExist
2048/4154 Test #2061: CornerTexcoords.ResolvesVertexDomainWhenOnlyVertexUvsExist ......................................................   Passed    0.00 sec
          Start 2062: CornerTexcoords.CornerUvsWinOverVertexUvs
2049/4154 Test #2062: CornerTexcoords.CornerUvsWinOverVertexUvs .......................................................................   Passed    0.00 sec
          Start 2063: CornerTexcoords.CornerReadFallsBackToTargetVertexUv
2050/4154 Test #2063: CornerTexcoords.CornerReadFallsBackToTargetVertexUv .............................................................   Passed    0.00 sec
          Start 2064: CornerTexcoords.MismatchedPropertySizeIsIgnoredRatherThanTrusted
2051/4154 Test #2064: CornerTexcoords.MismatchedPropertySizeIsIgnoredRatherThanTrusted ................................................   Passed    0.00 sec
          Start 2065: CornerTexcoords.UniformCornerUvsHaveNoSeams
2052/4154 Test #2065: CornerTexcoords.UniformCornerUvsHaveNoSeams .....................................................................   Passed    0.00 sec
          Start 2066: CornerTexcoords.VertexOwnedUvsCanNeverProduceSeams
2053/4154 Test #2066: CornerTexcoords.VertexOwnedUvsCanNeverProduceSeams ..............................................................   Passed    0.00 sec
          Start 2067: CornerTexcoords.DisagreeingCornersAtOneVertexAreASeam
2054/4154 Test #2067: CornerTexcoords.DisagreeingCornersAtOneVertexAreASeam ...........................................................   Passed    0.00 sec
          Start 2068: CornerTexcoords.SeamEpsilonSuppressesNegligibleDifferences
2055/4154 Test #2068: CornerTexcoords.SeamEpsilonSuppressesNegligibleDifferences ......................................................   Passed    0.00 sec
          Start 2069: Validation_IsFinite.Float_FiniteValues
2056/4154 Test #2069: Validation_IsFinite.Float_FiniteValues ..........................................................................   Passed    0.00 sec
          Start 2070: Validation_IsFinite.Float_NonFiniteValues
2057/4154 Test #2070: Validation_IsFinite.Float_NonFiniteValues .......................................................................   Passed    0.00 sec
          Start 2071: Validation_IsFinite.Double_FiniteValues
2058/4154 Test #2071: Validation_IsFinite.Double_FiniteValues .........................................................................   Passed    0.00 sec
          Start 2072: Validation_IsFinite.Double_NonFiniteValues
2059/4154 Test #2072: Validation_IsFinite.Double_NonFiniteValues ......................................................................   Passed    0.00 sec
          Start 2073: Validation_IsFinite.Vec2_AllFinite
2060/4154 Test #2073: Validation_IsFinite.Vec2_AllFinite ..............................................................................   Passed    0.00 sec
          Start 2074: Validation_IsFinite.Vec2_AnyNonFinite
2061/4154 Test #2074: Validation_IsFinite.Vec2_AnyNonFinite ...........................................................................   Passed    0.00 sec
          Start 2075: Validation_IsFinite.Vec3_AllFinite
2062/4154 Test #2075: Validation_IsFinite.Vec3_AllFinite ..............................................................................   Passed    0.00 sec
          Start 2076: Validation_IsFinite.Vec3_AnyNonFinite
2063/4154 Test #2076: Validation_IsFinite.Vec3_AnyNonFinite ...........................................................................   Passed    0.00 sec
          Start 2077: Validation_IsFinite.DVec3_AllFinite
2064/4154 Test #2077: Validation_IsFinite.DVec3_AllFinite .............................................................................   Passed    0.00 sec
          Start 2078: Validation_IsFinite.DVec3_AnyNonFinite
2065/4154 Test #2078: Validation_IsFinite.DVec3_AnyNonFinite ..........................................................................   Passed    0.00 sec
          Start 2079: Validation_Vector.IsNormalized_UnitVectors
2066/4154 Test #2079: Validation_Vector.IsNormalized_UnitVectors ......................................................................   Passed    0.00 sec
          Start 2080: Validation_Vector.IsNormalized_NonUnitVectors
2067/4154 Test #2080: Validation_Vector.IsNormalized_NonUnitVectors ...................................................................   Passed    0.00 sec
          Start 2081: Validation_Vector.IsZero_ZeroVector
2068/4154 Test #2081: Validation_Vector.IsZero_ZeroVector .............................................................................   Passed    0.00 sec
          Start 2082: Validation_Vector.IsZero_NonZeroVector
2069/4154 Test #2082: Validation_Vector.IsZero_NonZeroVector ..........................................................................   Passed    0.00 sec
          Start 2083: Validation_Primitives.Sphere_ValidAndInvalid
2070/4154 Test #2083: Validation_Primitives.Sphere_ValidAndInvalid ....................................................................   Passed    0.00 sec
          Start 2084: Validation_Primitives.AABB_ValidAndInvalid
2071/4154 Test #2084: Validation_Primitives.AABB_ValidAndInvalid ......................................................................   Passed    0.00 sec
          Start 2085: Validation_Primitives.Triangle_ValidAndDegenerate
2072/4154 Test #2085: Validation_Primitives.Triangle_ValidAndDegenerate ...............................................................   Passed    0.00 sec
          Start 2086: Validation_Primitives.OBB_ValidAndDegenerate
2073/4154 Test #2086: Validation_Primitives.OBB_ValidAndDegenerate ....................................................................   Passed    0.00 sec
          Start 2087: Validation_Primitives.Capsule_ValidAndDegenerate
2074/4154 Test #2087: Validation_Primitives.Capsule_ValidAndDegenerate ................................................................   Passed    0.00 sec
          Start 2088: Validation_Primitives.Ray_ValidAndInvalid
2075/4154 Test #2088: Validation_Primitives.Ray_ValidAndInvalid .......................................................................   Passed    0.00 sec
          Start 2089: Validation_Primitives.Plane_ValidAndInvalid
2076/4154 Test #2089: Validation_Primitives.Plane_ValidAndInvalid .....................................................................   Passed    0.00 sec
          Start 2090: Validation_Primitives.Segment_ValidAndDegenerate
2077/4154 Test #2090: Validation_Primitives.Segment_ValidAndDegenerate ................................................................   Passed    0.00 sec
          Start 2091: Validation_Sanitize.Sphere_FixesNonFiniteCenter
2078/4154 Test #2091: Validation_Sanitize.Sphere_FixesNonFiniteCenter .................................................................   Passed    0.00 sec
          Start 2092: Validation_Sanitize.AABB_FixesInvertedMinMax
2079/4154 Test #2092: Validation_Sanitize.AABB_FixesInvertedMinMax ....................................................................   Passed    0.00 sec
          Start 2093: Validation_Sanitize.Ray_FixesZeroDirection
2080/4154 Test #2093: Validation_Sanitize.Ray_FixesZeroDirection ......................................................................   Passed    0.00 sec
          Start 2094: Validation_Sanitize.OBB_FixesZeroQuaternion
2081/4154 Test #2094: Validation_Sanitize.OBB_FixesZeroQuaternion .....................................................................   Passed    0.00 sec
          Start 2095: Curvature_MeanCurvature.EmptyMesh_ReturnsNullopt
2082/4154 Test #2095: Curvature_MeanCurvature.EmptyMesh_ReturnsNullopt ................................................................   Passed    0.00 sec
          Start 2096: Curvature_MeanCurvature.Tetrahedron_UniformPositiveCurvature
2083/4154 Test #2096: Curvature_MeanCurvature.Tetrahedron_UniformPositiveCurvature ....................................................   Passed    0.00 sec
          Start 2097: Curvature_MeanCurvature.FlatMesh_NearZeroCurvatureAtInteriorVertices
2084/4154 Test #2097: Curvature_MeanCurvature.FlatMesh_NearZeroCurvatureAtInteriorVertices ............................................   Passed    0.00 sec
          Start 2098: Curvature_MeanCurvature.FlippedClosedMesh_NegativeCurvature
2085/4154 Test #2098: Curvature_MeanCurvature.FlippedClosedMesh_NegativeCurvature .....................................................   Passed    0.00 sec
          Start 2099: Curvature_GaussianCurvature.EmptyMesh_ReturnsNullopt
2086/4154 Test #2099: Curvature_GaussianCurvature.EmptyMesh_ReturnsNullopt ............................................................   Passed    0.00 sec
          Start 2100: Curvature_GaussianCurvature.Tetrahedron_GaussBonnet
2087/4154 Test #2100: Curvature_GaussianCurvature.Tetrahedron_GaussBonnet .............................................................   Passed    0.00 sec
          Start 2101: Curvature_GaussianCurvature.FlatMesh_NearZeroCurvatureAtInteriorVertices
2088/4154 Test #2101: Curvature_GaussianCurvature.FlatMesh_NearZeroCurvatureAtInteriorVertices ........................................   Passed    0.00 sec
          Start 2102: Curvature_Full.Icosahedron_SymmetricCurvatureValues
2089/4154 Test #2102: Curvature_Full.Icosahedron_SymmetricCurvatureValues .............................................................   Passed    0.00 sec
          Start 2103: Curvature_Full.PrincipalRelation_K1GeK2_And_H_Equals_Average
2090/4154 Test #2103: Curvature_Full.PrincipalRelation_K1GeK2_And_H_Equals_Average ....................................................   Passed    0.00 sec
          Start 2104: MeshUtils_VertexNormal.ClosedConvexMesh_NormalsPointOutward
2091/4154 Test #2104: MeshUtils_VertexNormal.ClosedConvexMesh_NormalsPointOutward .....................................................   Passed    0.00 sec
          Start 2105: MeshUtils_VertexNormal.FlatMesh_NormalsPointAlongFaceNormal
2092/4154 Test #2105: MeshUtils_VertexNormal.FlatMesh_NormalsPointAlongFaceNormal .....................................................   Passed    0.00 sec
          Start 2106: MeshUtils_PublishNormals.VertexNormals_StoredAsProperty
2093/4154 Test #2106: MeshUtils_PublishNormals.VertexNormals_StoredAsProperty .........................................................   Passed    0.00 sec
          Start 2107: MeshUtils_PublishNormals.FaceNormals_StoredAsProperty
2094/4154 Test #2107: MeshUtils_PublishNormals.FaceNormals_StoredAsProperty ...........................................................   Passed    0.00 sec
          Start 2108: MeshUtils_AngleDefect.ClosedTetrahedron_TotalDefectEqualsFourPi
2095/4154 Test #2108: MeshUtils_AngleDefect.ClosedTetrahedron_TotalDefectEqualsFourPi .................................................   Passed    0.00 sec
          Start 2109: MeshUtils_AngleDefect.BoundaryVertex_UsesPiMinusAngleSum
2096/4154 Test #2109: MeshUtils_AngleDefect.BoundaryVertex_UsesPiMinusAngleSum ........................................................   Passed    0.00 sec
          Start 2110: CurvatureTensor.EmptyMesh_ReturnsNullopt
2097/4154 Test #2110: CurvatureTensor.EmptyMesh_ReturnsNullopt ........................................................................   Passed    0.00 sec
          Start 2111: CurvatureTensor.NoFaceMesh_ReturnsNullopt
2098/4154 Test #2111: CurvatureTensor.NoFaceMesh_ReturnsNullopt .......................................................................   Passed    0.00 sec
          Start 2112: CurvatureTensor.Sphere_IsotropicAndTangent
2099/4154 Test #2112: CurvatureTensor.Sphere_IsotropicAndTangent ......................................................................   Passed    0.03 sec
          Start 2113: CurvatureTensor.Cylinder_AxisAligned
2100/4154 Test #2113: CurvatureTensor.Cylinder_AxisAligned ............................................................................   Passed    0.08 sec
          Start 2114: CurvatureTensor.Saddle_OppositeSignsAxisAligned
2101/4154 Test #2114: CurvatureTensor.Saddle_OppositeSignsAxisAligned .................................................................   Passed    0.06 sec
          Start 2115: CurvatureTensor.NonFiniteCornerOnClosedMeshFailsClosed
2102/4154 Test #2115: CurvatureTensor.NonFiniteCornerOnClosedMeshFailsClosed ..........................................................   Passed    0.01 sec
          Start 2116: CurvatureTensor.Deterministic
2103/4154 Test #2116: CurvatureTensor.Deterministic ...................................................................................   Passed    0.05 sec
          Start 2117: CurvatureTensor.ComputeCurvaturePreservesScalarsAndPublishesDirections
2104/4154 Test #2117: CurvatureTensor.ComputeCurvaturePreservesScalarsAndPublishesDirections ..........................................   Passed    0.04 sec
          Start 2118: CurvatureTensor.FlatRegionAndBoundaryFailClosed
2105/4154 Test #2118: CurvatureTensor.FlatRegionAndBoundaryFailClosed .................................................................   Passed    0.01 sec
          Start 2119: Raycast.RayHitsTriangleFrontFace
2106/4154 Test #2119: Raycast.RayHitsTriangleFrontFace ................................................................................   Passed    0.00 sec
          Start 2120: Raycast.RayMissesTriangle
2107/4154 Test #2120: Raycast.RayMissesTriangle .......................................................................................   Passed    0.00 sec
          Start 2121: Raycast.RayHitsTriangleFromBehind
2108/4154 Test #2121: Raycast.RayHitsTriangleFromBehind ...............................................................................   Passed    0.01 sec
          Start 2122: Raycast.RayParallelToTriangle
2109/4154 Test #2122: Raycast.RayParallelToTriangle ...................................................................................   Passed    0.00 sec
          Start 2123: Raycast.RayHitsTriangleEdge
2110/4154 Test #2123: Raycast.RayHitsTriangleEdge .....................................................................................   Passed    0.00 sec
          Start 2124: Raycast.RayHitsTriangleVertex
2111/4154 Test #2124: Raycast.RayHitsTriangleVertex ...................................................................................   Passed    0.00 sec
          Start 2125: Raycast.DegenerateTriangleReturnsNullopt
2112/4154 Test #2125: Raycast.DegenerateTriangleReturnsNullopt ........................................................................   Passed    0.00 sec
          Start 2126: Raycast.RespectsTMinBound
2113/4154 Test #2126: Raycast.RespectsTMinBound .......................................................................................   Passed    0.00 sec
          Start 2127: Raycast.RespectsTMaxBound
2114/4154 Test #2127: Raycast.RespectsTMaxBound .......................................................................................   Passed    0.00 sec
          Start 2128: Raycast.BarycentricCoordinatesAtCentroid
2115/4154 Test #2128: Raycast.BarycentricCoordinatesAtCentroid ........................................................................   Passed    0.00 sec
          Start 2129: GeometryQueries.ClosestRaySegment_Perpendicular
2116/4154 Test #2129: GeometryQueries.ClosestRaySegment_Perpendicular .................................................................   Passed    0.00 sec
          Start 2130: GeometryQueries.ClosestRaySegment_Crossing
2117/4154 Test #2130: GeometryQueries.ClosestRaySegment_Crossing ......................................................................   Passed    0.00 sec
          Start 2131: GeometryQueries.ClosestRaySegment_DegenerateSegment
2118/4154 Test #2131: GeometryQueries.ClosestRaySegment_DegenerateSegment .............................................................   Passed    0.00 sec
          Start 2132: GeometryQueries.ClosestPointSegment_PointOnSegment
2119/4154 Test #2132: GeometryQueries.ClosestPointSegment_PointOnSegment ..............................................................   Passed    0.00 sec
          Start 2133: GeometryQueries.ClosestPointSegment_PointOffSegment
2120/4154 Test #2133: GeometryQueries.ClosestPointSegment_PointOffSegment .............................................................   Passed    0.00 sec
          Start 2134: GeometryQueries.ClosestPointSegment_PointBeyondEndpointA
2121/4154 Test #2134: GeometryQueries.ClosestPointSegment_PointBeyondEndpointA ........................................................   Passed    0.00 sec
          Start 2135: GeometryQueries.ClosestPointSegment_PointBeyondEndpointB
2122/4154 Test #2135: GeometryQueries.ClosestPointSegment_PointBeyondEndpointB ........................................................   Passed    0.00 sec
          Start 2136: GeometryQueries.ClosestPointSegment_DegenerateSegment
2123/4154 Test #2136: GeometryQueries.ClosestPointSegment_DegenerateSegment ...........................................................   Passed    0.00 sec
          Start 2137: GeometryQueries.ClosestPointRay_PointOnRay
2124/4154 Test #2137: GeometryQueries.ClosestPointRay_PointOnRay ......................................................................   Passed    0.00 sec
          Start 2138: GeometryQueries.ClosestPointRay_PointOffRay
2125/4154 Test #2138: GeometryQueries.ClosestPointRay_PointOffRay .....................................................................   Passed    0.00 sec
          Start 2139: GeometryQueries.ClosestPointRay_PointBehindOrigin
2126/4154 Test #2139: GeometryQueries.ClosestPointRay_PointBehindOrigin ...............................................................   Passed    0.00 sec
          Start 2140: GeometryQueries.ClosestPointRay_OriginOnRay
2127/4154 Test #2140: GeometryQueries.ClosestPointRay_OriginOnRay .....................................................................   Passed    0.00 sec
          Start 2141: PcaPrimitives.PcaRecoversDominantAxisForLineSamples
2128/4154 Test #2141: PcaPrimitives.PcaRecoversDominantAxisForLineSamples .............................................................   Passed    0.00 sec
          Start 2142: PcaPrimitives.PlaneFitRecoversTiltedPlane
2129/4154 Test #2142: PcaPrimitives.PlaneFitRecoversTiltedPlane .......................................................................   Passed    0.00 sec
          Start 2143: PcaPrimitives.SegmentFitTracksPrincipalExtent
2130/4154 Test #2143: PcaPrimitives.SegmentFitTracksPrincipalExtent ...................................................................   Passed    0.00 sec
          Start 2144: PcaPrimitives.OBBFitContainsRotatedBoxCorners
2131/4154 Test #2144: PcaPrimitives.OBBFitContainsRotatedBoxCorners ...................................................................   Passed    0.00 sec
          Start 2145: PcaPrimitives.EllipsoidFitContainsRotatedBoxCorners
2132/4154 Test #2145: PcaPrimitives.EllipsoidFitContainsRotatedBoxCorners .............................................................   Passed    0.00 sec
          Start 2146: Overlap.SphereSphereOverlapping
2133/4154 Test #2146: Overlap.SphereSphereOverlapping .................................................................................   Passed    0.00 sec
          Start 2147: Overlap.SphereSphereSeparated
2134/4154 Test #2147: Overlap.SphereSphereSeparated ...................................................................................   Passed    0.00 sec
          Start 2148: Overlap.SphereSphereTouching
2135/4154 Test #2148: Overlap.SphereSphereTouching ....................................................................................   Passed    0.00 sec
          Start 2149: Overlap.SphereSphereContained
2136/4154 Test #2149: Overlap.SphereSphereContained ...................................................................................   Passed    0.00 sec
          Start 2150: Overlap.AABBAABBOverlapping
2137/4154 Test #2150: Overlap.AABBAABBOverlapping .....................................................................................   Passed    0.00 sec
          Start 2151: Overlap.AABBAABBSeparated
2138/4154 Test #2151: Overlap.AABBAABBSeparated .......................................................................................   Passed    0.00 sec
          Start 2152: Overlap.SphereAABBOverlapping
2139/4154 Test #2152: Overlap.SphereAABBOverlapping ...................................................................................   Passed    0.00 sec
          Start 2153: Overlap.SphereAABBSeparated
2140/4154 Test #2153: Overlap.SphereAABBSeparated .....................................................................................   Passed    0.00 sec
          Start 2154: Overlap.RayAABBHit
2141/4154 Test #2154: Overlap.RayAABBHit ..............................................................................................   Passed    0.00 sec
          Start 2155: Overlap.RayAABBMiss
2142/4154 Test #2155: Overlap.RayAABBMiss .............................................................................................   Passed    0.00 sec
          Start 2156: Overlap.RayAABBInsideBox
2143/4154 Test #2156: Overlap.RayAABBInsideBox ........................................................................................   Passed    0.00 sec
          Start 2157: Overlap.RayAABBOnSlabBoundaryAxisParallel
2144/4154 Test #2157: Overlap.RayAABBOnSlabBoundaryAxisParallel .......................................................................   Passed    0.00 sec
          Start 2158: Overlap.RayAABBOverlapMatchesRayCastForBoundaryCorpus
2145/4154 Test #2158: Overlap.RayAABBOverlapMatchesRayCastForBoundaryCorpus ...........................................................   Passed    0.00 sec
          Start 2159: Overlap.RaySphereHit
2146/4154 Test #2159: Overlap.RaySphereHit ............................................................................................   Passed    0.00 sec
          Start 2160: Overlap.RaySphereMiss
2147/4154 Test #2160: Overlap.RaySphereMiss ...........................................................................................   Passed    0.00 sec
          Start 2161: Overlap.FrustumSphereInside
2148/4154 Test #2161: Overlap.FrustumSphereInside .....................................................................................   Passed    0.00 sec
          Start 2162: Overlap.FrustumSphereOutside
2149/4154 Test #2162: Overlap.FrustumSphereOutside ....................................................................................   Passed    0.00 sec
          Start 2163: Overlap.FrustumAABBInside
2150/4154 Test #2163: Overlap.FrustumAABBInside .......................................................................................   Passed    0.00 sec
          Start 2164: Overlap.FrustumAABBOutsideBehindCamera
2151/4154 Test #2164: Overlap.FrustumAABBOutsideBehindCamera ..........................................................................   Passed    0.00 sec
          Start 2165: Overlap.FrustumAABBOutsideFarBeyondFar
2152/4154 Test #2165: Overlap.FrustumAABBOutsideFarBeyondFar ..........................................................................   Passed    0.00 sec
          Start 2166: Overlap.FrustumAABBStraddlingNearPlane
2153/4154 Test #2166: Overlap.FrustumAABBStraddlingNearPlane ..........................................................................   Passed    0.00 sec
          Start 2167: Overlap.FrustumAABBOffToTheSide
2154/4154 Test #2167: Overlap.FrustumAABBOffToTheSide .................................................................................   Passed    0.00 sec
          Start 2168: Overlap.FrustumAABBBatteryAgreesWithLegacyOracle
2155/4154 Test #2168: Overlap.FrustumAABBBatteryAgreesWithLegacyOracle ................................................................   Passed    0.00 sec
          Start 2169: Overlap.FrustumSphereStraddlingPlaneIsKept
2156/4154 Test #2169: Overlap.FrustumSphereStraddlingPlaneIsKept ......................................................................   Passed    0.00 sec
          Start 2170: Overlap.FrustumSphereBatteryAgreesWithLegacyOracle
2157/4154 Test #2170: Overlap.FrustumSphereBatteryAgreesWithLegacyOracle ..............................................................   Passed    0.00 sec
          Start 2171: Overlap.SphereCapsuleOverlapping
2158/4154 Test #2171: Overlap.SphereCapsuleOverlapping ................................................................................   Passed    0.00 sec
          Start 2172: Overlap.SphereCapsuleSeparated
2159/4154 Test #2172: Overlap.SphereCapsuleSeparated ..................................................................................   Passed    0.00 sec
          Start 2173: Overlap.OBBSphereOverlapping
2160/4154 Test #2173: Overlap.OBBSphereOverlapping ....................................................................................   Passed    0.00 sec
          Start 2174: Overlap.OBBSphereSeparated
2161/4154 Test #2174: Overlap.OBBSphereSeparated ......................................................................................   Passed    0.00 sec
          Start 2175: GridDimensions.VertexCount
2162/4154 Test #2175: GridDimensions.VertexCount ......................................................................................   Passed    0.00 sec
          Start 2176: GridDimensions.CellCount
2163/4154 Test #2176: GridDimensions.CellCount ........................................................................................   Passed    0.00 sec
          Start 2177: GridDimensions.LinearIndexRoundTrip
2164/4154 Test #2177: GridDimensions.LinearIndexRoundTrip .............................................................................   Passed    0.00 sec
          Start 2178: GridDimensions.LinearIndexFormula
2165/4154 Test #2178: GridDimensions.LinearIndexFormula ...............................................................................   Passed    0.00 sec
          Start 2179: GridDimensions.WorldPosition
2166/4154 Test #2179: GridDimensions.WorldPosition ....................................................................................   Passed    0.00 sec
          Start 2180: GridDimensions.CellCenter
2167/4154 Test #2180: GridDimensions.CellCenter .......................................................................................   Passed    0.00 sec
          Start 2181: GridDimensions.InBounds
2168/4154 Test #2181: GridDimensions.InBounds .........................................................................................   Passed    0.00 sec
          Start 2182: GridDimensions.IsValid
2169/4154 Test #2182: GridDimensions.IsValid ..........................................................................................   Passed    0.00 sec
          Start 2183: GridDimensions.EqualityComparesLayoutFields
2170/4154 Test #2183: GridDimensions.EqualityComparesLayoutFields .....................................................................   Passed    0.00 sec
          Start 2184: DenseGrid.ConstructionAllocatesCorrectSize
2171/4154 Test #2184: DenseGrid.ConstructionAllocatesCorrectSize ......................................................................   Passed    0.00 sec
          Start 2185: DenseGrid.AddAndGetProperty
2172/4154 Test #2185: DenseGrid.AddAndGetProperty .....................................................................................   Passed    0.00 sec
          Start 2186: DenseGrid.GetOrAddProperty
2173/4154 Test #2186: DenseGrid.GetOrAddProperty ......................................................................................   Passed    0.00 sec
          Start 2187: DenseGrid.MultipleProperties
2174/4154 Test #2187: DenseGrid.MultipleProperties ....................................................................................   Passed    0.00 sec
          Start 2188: DenseGrid.ScalarFieldReadWrite
2175/4154 Test #2188: DenseGrid.ScalarFieldReadWrite ..................................................................................   Passed    0.00 sec
          Start 2189: DenseGrid.VertexIndexMatchesDimensions
2176/4154 Test #2189: DenseGrid.VertexIndexMatchesDimensions ..........................................................................   Passed    0.00 sec
          Start 2190: DenseGrid.Reset
2177/4154 Test #2190: DenseGrid.Reset .................................................................................................   Passed    0.00 sec
          Start 2191: DenseGrid.MarchingCubesExtraction
2178/4154 Test #2191: DenseGrid.MarchingCubesExtraction ...............................................................................   Passed    0.00 sec
          Start 2192: DenseGrid.MarchingCubesCustomPropertyName
2179/4154 Test #2192: DenseGrid.MarchingCubesCustomPropertyName .......................................................................   Passed    0.00 sec
          Start 2193: DenseGrid.MarchingCubesInvalidGridReturnsNullopt
2180/4154 Test #2193: DenseGrid.MarchingCubesInvalidGridReturnsNullopt ................................................................   Passed    0.00 sec
          Start 2194: DenseGrid.ScalarPropertyRoundTrip
2181/4154 Test #2194: DenseGrid.ScalarPropertyRoundTrip ...............................................................................   Passed    0.00 sec
          Start 2195: DenseGrid.SpanAccessForGPUUpload
2182/4154 Test #2195: DenseGrid.SpanAccessForGPUUpload ................................................................................   Passed    0.00 sec
          Start 2196: DenseGrid.MarchingCubesExtractSphereSDF
2183/4154 Test #2196: DenseGrid.MarchingCubesExtractSphereSDF .........................................................................   Passed    0.00 sec
          Start 2197: SparseGrid.EmptyGridHasNoBlocks
2184/4154 Test #2197: SparseGrid.EmptyGridHasNoBlocks .................................................................................   Passed    0.00 sec
          Start 2198: SparseGrid.TouchVertexAllocatesBlock
2185/4154 Test #2198: SparseGrid.TouchVertexAllocatesBlock ............................................................................   Passed    0.00 sec
          Start 2199: SparseGrid.VertexIndexReturnsNulloptForUnallocated
2186/4154 Test #2199: SparseGrid.VertexIndexReturnsNulloptForUnallocated ..............................................................   Passed    0.00 sec
          Start 2200: SparseGrid.VertexIndexAfterTouch
2187/4154 Test #2200: SparseGrid.VertexIndexAfterTouch ................................................................................   Passed    0.00 sec
          Start 2201: SparseGrid.SameBlockForNearbyVertices
2188/4154 Test #2201: SparseGrid.SameBlockForNearbyVertices ...........................................................................   Passed    0.00 sec
          Start 2202: SparseGrid.IsAllocated
2189/4154 Test #2202: SparseGrid.IsAllocated ..........................................................................................   Passed    0.00 sec
          Start 2203: SparseGrid.ScalarFieldWriteRead
2190/4154 Test #2203: SparseGrid.ScalarFieldWriteRead .................................................................................   Passed    0.01 sec
          Start 2204: SparseGrid.MultipleProperties
2191/4154 Test #2204: SparseGrid.MultipleProperties ...................................................................................   Passed    0.00 sec
          Start 2205: SparseGrid.ForEachBlock
2192/4154 Test #2205: SparseGrid.ForEachBlock .........................................................................................   Passed    0.00 sec
          Start 2206: SparseGrid.ForEachAllocatedVertex
2193/4154 Test #2206: SparseGrid.ForEachAllocatedVertex ...............................................................................   Passed    0.00 sec
          Start 2207: SparseGrid.Reset
2194/4154 Test #2207: SparseGrid.Reset ................................................................................................   Passed    0.00 sec
          Start 2208: SparseGrid.MemoryEfficiency
2195/4154 Test #2208: SparseGrid.MemoryEfficiency .....................................................................................   Passed    0.18 sec
          Start 2209: SparseGrid.IntraBlockLocalityConsecutiveIndices
2196/4154 Test #2209: SparseGrid.IntraBlockLocalityConsecutiveIndices .................................................................   Passed    0.00 sec
          Start 2210: MarchingCubes.InvalidGridReturnsNullopt
2197/4154 Test #2210: MarchingCubes.InvalidGridReturnsNullopt .........................................................................   Passed    0.00 sec
          Start 2211: MarchingCubes.EmptyIsosurfaceReturnsNullopt
2198/4154 Test #2211: MarchingCubes.EmptyIsosurfaceReturnsNullopt .....................................................................   Passed    0.00 sec
          Start 2212: MarchingCubes.SphereExtractionProducesTriangles
2199/4154 Test #2212: MarchingCubes.SphereExtractionProducesTriangles .................................................................   Passed    0.00 sec
          Start 2213: MarchingCubes.SphereExtractionWithNormals
2200/4154 Test #2213: MarchingCubes.SphereExtractionWithNormals .......................................................................   Passed    0.00 sec
          Start 2214: MarchingCubes.SphereVerticesNearSurface
2201/4154 Test #2214: MarchingCubes.SphereVerticesNearSurface .........................................................................   Passed    0.01 sec
          Start 2215: MarchingCubes.VertexWeldingProducesSharedVertices
2202/4154 Test #2215: MarchingCubes.VertexWeldingProducesSharedVertices ...............................................................   Passed    0.00 sec
          Start 2216: MarchingCubes.ToMeshProducesValidHalfedgeMesh
2203/4154 Test #2216: MarchingCubes.ToMeshProducesValidHalfedgeMesh ...................................................................   Passed    0.01 sec
          Start 2217: MarchingCubes.ToMeshEmptyResultReturnsNullopt
2204/4154 Test #2217: MarchingCubes.ToMeshEmptyResultReturnsNullopt ...................................................................   Passed    0.00 sec
          Start 2218: MarchingCubes.DenseGridDimensionsValid
2205/4154 Test #2218: MarchingCubes.DenseGridDimensionsValid ..........................................................................   Passed    0.00 sec
          Start 2219: MarchingCubes.DenseGridLinearIndex
2206/4154 Test #2219: MarchingCubes.DenseGridLinearIndex ..............................................................................   Passed    0.00 sec
          Start 2220: MarchingCubes.NonZeroIsovalue
2207/4154 Test #2220: MarchingCubes.NonZeroIsovalue ...................................................................................   Passed    0.00 sec
          Start 2221: ImplicitPlaneField.BuildFromQuadProducesActiveLeavesAndSignedEvaluation
2208/4154 Test #2221: ImplicitPlaneField.BuildFromQuadProducesActiveLeavesAndSignedEvaluation .........................................   Passed    0.00 sec
          Start 2222: ImplicitPlaneField.ProjectSnapsToSurface
2209/4154 Test #2222: ImplicitPlaneField.ProjectSnapsToSurface ........................................................................   Passed    0.00 sec
          Start 2223: ImplicitPlaneField.EmptyMeshReturnsNullopt
2210/4154 Test #2223: ImplicitPlaneField.EmptyMeshReturnsNullopt ......................................................................   Passed    0.00 sec
          Start 2224: ImplicitPlaneField.CanSampleToDenseGrid
2211/4154 Test #2224: ImplicitPlaneField.CanSampleToDenseGrid .........................................................................   Passed    0.01 sec
          Start 2225: ImplicitPlaneField.ExtractMeshProducesGeometry
2212/4154 Test #2225: ImplicitPlaneField.ExtractMeshProducesGeometry ..................................................................   Passed    0.03 sec
          Start 2226: Containment.SphereSphere_FullyContained
2213/4154 Test #2226: Containment.SphereSphere_FullyContained .........................................................................   Passed    0.00 sec
          Start 2227: Containment.SphereSphere_PartialOverlap
2214/4154 Test #2227: Containment.SphereSphere_PartialOverlap .........................................................................   Passed    0.00 sec
          Start 2228: Containment.SphereSphere_NoOverlap
2215/4154 Test #2228: Containment.SphereSphere_NoOverlap ..............................................................................   Passed    0.00 sec
          Start 2229: Containment.SphereSphere_Concentric
2216/4154 Test #2229: Containment.SphereSphere_Concentric .............................................................................   Passed    0.00 sec
          Start 2230: Containment.SphereSphere_PointContainment
2217/4154 Test #2230: Containment.SphereSphere_PointContainment .......................................................................   Passed    0.00 sec
          Start 2231: Containment.SphereSphere_PointOutside
2218/4154 Test #2231: Containment.SphereSphere_PointOutside ...........................................................................   Passed    0.00 sec
          Start 2232: Containment.AABBPoint_Inside
2219/4154 Test #2232: Containment.AABBPoint_Inside ....................................................................................   Passed    0.00 sec
          Start 2233: Containment.AABBPoint_OnBoundary
2220/4154 Test #2233: Containment.AABBPoint_OnBoundary ................................................................................   Passed    0.00 sec
          Start 2234: Containment.AABBPoint_Outside
2221/4154 Test #2234: Containment.AABBPoint_Outside ...................................................................................   Passed    0.00 sec
          Start 2235: Containment.AABBAABB_FullyContained
2222/4154 Test #2235: Containment.AABBAABB_FullyContained .............................................................................   Passed    0.00 sec
          Start 2236: Containment.AABBAABB_PartialOverlap
2223/4154 Test #2236: Containment.AABBAABB_PartialOverlap .............................................................................   Passed    0.00 sec
          Start 2237: Containment.AABBAABB_Equal
2224/4154 Test #2237: Containment.AABBAABB_Equal ......................................................................................   Passed    0.00 sec
          Start 2238: Containment.SphereAABB_FullyContained
2225/4154 Test #2238: Containment.SphereAABB_FullyContained ...........................................................................   Passed    0.00 sec
          Start 2239: Containment.SphereAABB_PartialOverlap
2226/4154 Test #2239: Containment.SphereAABB_PartialOverlap ...........................................................................   Passed    0.00 sec
          Start 2240: Containment.FrustumAABB_Inside
2227/4154 Test #2240: Containment.FrustumAABB_Inside ..................................................................................   Passed    0.00 sec
          Start 2241: Containment.FrustumAABB_Outside
2228/4154 Test #2241: Containment.FrustumAABB_Outside .................................................................................   Passed    0.00 sec
          Start 2242: Containment.FrustumSphere_Inside
2229/4154 Test #2242: Containment.FrustumSphere_Inside ................................................................................   Passed    0.00 sec
          Start 2243: Containment.FrustumSphere_StraddlingPlane
2230/4154 Test #2243: Containment.FrustumSphere_StraddlingPlane .......................................................................   Passed    0.00 sec
          Start 2244: Containment.FrustumAABB_DeepInsideMatchesLegacy
2231/4154 Test #2244: Containment.FrustumAABB_DeepInsideMatchesLegacy .................................................................   Passed    0.00 sec
          Start 2245: Containment.FrustumAABB_StraddlingNearPlaneIsNotContained
2232/4154 Test #2245: Containment.FrustumAABB_StraddlingNearPlaneIsNotContained .......................................................   Passed    0.00 sec
          Start 2246: Containment.FrustumAABB_OutsideMatchesLegacy
2233/4154 Test #2246: Containment.FrustumAABB_OutsideMatchesLegacy ....................................................................   Passed    0.00 sec
          Start 2247: Containment.FrustumAABB_BatteryNeverOverReportsContainment
2234/4154 Test #2247: Containment.FrustumAABB_BatteryNeverOverReportsContainment ......................................................   Passed    0.00 sec
          Start 2248: Containment.FrustumSphere_DeepInsideMatchesLegacy
2235/4154 Test #2248: Containment.FrustumSphere_DeepInsideMatchesLegacy ...............................................................   Passed    0.00 sec
          Start 2249: Containment.FrustumSphere_StraddlingFarPlaneIsNotContained
2236/4154 Test #2249: Containment.FrustumSphere_StraddlingFarPlaneIsNotContained ......................................................   Passed    0.00 sec
          Start 2250: Containment.FrustumSphere_BatteryNeverOverReportsContainment
2237/4154 Test #2250: Containment.FrustumSphere_BatteryNeverOverReportsContainment ....................................................   Passed    0.00 sec
          Start 2251: Support.Sphere_PositiveX
2238/4154 Test #2251: Support.Sphere_PositiveX ........................................................................................   Passed    0.00 sec
          Start 2252: Support.Sphere_NegativeY
2239/4154 Test #2252: Support.Sphere_NegativeY ........................................................................................   Passed    0.00 sec
          Start 2253: Support.Sphere_Diagonal
2240/4154 Test #2253: Support.Sphere_Diagonal .........................................................................................   Passed    0.00 sec
          Start 2254: Support.Sphere_ZeroDirection
2241/4154 Test #2254: Support.Sphere_ZeroDirection ....................................................................................   Passed    0.00 sec
          Start 2255: Support.AABB_PositiveX
2242/4154 Test #2255: Support.AABB_PositiveX ..........................................................................................   Passed    0.00 sec
          Start 2256: Support.AABB_NegativeCorner
2243/4154 Test #2256: Support.AABB_NegativeCorner .....................................................................................   Passed    0.00 sec
          Start 2257: Support.AABB_AllPositive
2244/4154 Test #2257: Support.AABB_AllPositive ........................................................................................   Passed    0.00 sec
          Start 2258: Support.Capsule_AlongAxis
2245/4154 Test #2258: Support.Capsule_AlongAxis .......................................................................................   Passed    0.00 sec
          Start 2259: Support.Capsule_AgainstAxis
2246/4154 Test #2259: Support.Capsule_AgainstAxis .....................................................................................   Passed    0.00 sec
          Start 2260: Support.Capsule_Perpendicular
2247/4154 Test #2260: Support.Capsule_Perpendicular ...................................................................................   Passed    0.00 sec
          Start 2261: Support.OBB_AxisAligned
2248/4154 Test #2261: Support.OBB_AxisAligned .........................................................................................   Passed    0.00 sec
          Start 2262: Support.OBB_Rotated90
2249/4154 Test #2262: Support.OBB_Rotated90 ...........................................................................................   Passed    0.00 sec
          Start 2263: Support.Cylinder_AlongAxis
2250/4154 Test #2263: Support.Cylinder_AlongAxis ......................................................................................   Passed    0.00 sec
          Start 2264: Support.Cylinder_Perpendicular
2251/4154 Test #2264: Support.Cylinder_Perpendicular ..................................................................................   Passed    0.00 sec
          Start 2265: Support.Ellipsoid_AlongPrincipalAxis
2252/4154 Test #2265: Support.Ellipsoid_AlongPrincipalAxis ............................................................................   Passed    0.00 sec
          Start 2266: Support.Ellipsoid_ShortAxis
2253/4154 Test #2266: Support.Ellipsoid_ShortAxis .....................................................................................   Passed    0.00 sec
          Start 2267: Support.Ellipsoid_SubMillimeterScaleProducesNonCenterSupport
2254/4154 Test #2267: Support.Ellipsoid_SubMillimeterScaleProducesNonCenterSupport ....................................................   Passed    0.00 sec
          Start 2268: Support.Ellipsoid_NonUniformSubMillimeterRadii
2255/4154 Test #2268: Support.Ellipsoid_NonUniformSubMillimeterRadii ..................................................................   Passed    0.00 sec
          Start 2269: Support.Ellipsoid_HighlyAnisotropicThinAxisProducesSurfaceSupport
2256/4154 Test #2269: Support.Ellipsoid_HighlyAnisotropicThinAxisProducesSurfaceSupport ...............................................   Passed    0.00 sec
          Start 2270: Support.Cylinder_FatDiskExpandsRadially
2257/4154 Test #2270: Support.Cylinder_FatDiskExpandsRadially .........................................................................   Passed    0.00 sec
          Start 2271: Support.Segment_Forward
2258/4154 Test #2271: Support.Segment_Forward .........................................................................................   Passed    0.00 sec
          Start 2272: Support.Segment_Backward
2259/4154 Test #2272: Support.Segment_Backward ........................................................................................   Passed    0.00 sec
          Start 2273: Support.Triangle_VertexA
2260/4154 Test #2273: Support.Triangle_VertexA ........................................................................................   Passed    0.00 sec
          Start 2274: Support.Triangle_VertexB
2261/4154 Test #2274: Support.Triangle_VertexB ........................................................................................   Passed    0.00 sec
          Start 2275: Support.Triangle_VertexC
2262/4154 Test #2275: Support.Triangle_VertexC ........................................................................................   Passed    0.00 sec
          Start 2276: Support.ConvexHull_Cube
2263/4154 Test #2276: Support.ConvexHull_Cube .........................................................................................   Passed    0.00 sec
          Start 2277: Support.ConvexHull_SingleVertex
2264/4154 Test #2277: Support.ConvexHull_SingleVertex .................................................................................   Passed    0.00 sec
          Start 2278: Support.Frustum_ReturnsCorner
2265/4154 Test #2278: Support.Frustum_ReturnsCorner ...................................................................................   Passed    0.00 sec
          Start 2279: Support.Ray_AlongDirection
2266/4154 Test #2279: Support.Ray_AlongDirection ......................................................................................   Passed    0.00 sec
          Start 2280: Support.Ray_AgainstDirection
2267/4154 Test #2280: Support.Ray_AgainstDirection ....................................................................................   Passed    0.00 sec
          Start 2281: SupportRadius.RecommendedProfileIsDeterministicAndBounded
2268/4154 Test #2281: SupportRadius.RecommendedProfileIsDeterministicAndBounded .......................................................   Passed    0.19 sec
          Start 2282: SupportRadius.PolicySelectsRankQuantileAndMultiplier
2269/4154 Test #2282: SupportRadius.PolicySelectsRankQuantileAndMultiplier ............................................................   Passed    0.01 sec
          Start 2283: SupportRadius.RecommendationTracksTheSelectedPropertyScale
2270/4154 Test #2283: SupportRadius.RecommendationTracksTheSelectedPropertyScale ......................................................   Passed    0.01 sec
          Start 2284: SupportRadius.RecommendationClampsRankForSmallInputs
2271/4154 Test #2284: SupportRadius.RecommendationClampsRankForSmallInputs ............................................................   Passed    0.00 sec
          Start 2285: SupportRadius.NonUniformAndDuplicateSamplesRemainDiagnosable
2272/4154 Test #2285: SupportRadius.NonUniformAndDuplicateSamplesRemainDiagnosable ....................................................   Passed    0.01 sec
          Start 2286: SupportRadius.ManualRadiusIsPreservedAndStillProfilesWork
2273/4154 Test #2286: SupportRadius.ManualRadiusIsPreservedAndStillProfilesWork .......................................................   Passed    0.00 sec
          Start 2287: SupportRadius.ExactCutoffExcludesPointsAtTheRadius
2274/4154 Test #2287: SupportRadius.ExactCutoffExcludesPointsAtTheRadius ..............................................................   Passed    0.00 sec
          Start 2288: SupportRadius.WorkloadLimitsRetainDiagnosticsAndFailClosed
2275/4154 Test #2288: SupportRadius.WorkloadLimitsRetainDiagnosticsAndFailClosed ......................................................   Passed    0.01 sec
          Start 2289: SupportRadius.AutomaticModeSelectsTheLargestSafeRank
2276/4154 Test #2289: SupportRadius.AutomaticModeSelectsTheLargestSafeRank ............................................................   Passed    0.01 sec
          Start 2290: SupportRadius.AutomaticMinimumAndManualOverrideRemainFailClosed
2277/4154 Test #2290: SupportRadius.AutomaticMinimumAndManualOverrideRemainFailClosed .................................................   Passed    0.01 sec
          Start 2291: SupportRadius.ChildObjAutoSelectsTheLargestSafeNeighborhood
2278/4154 Test #2291: SupportRadius.ChildObjAutoSelectsTheLargestSafeNeighborhood .....................................................   Passed    0.52 sec
          Start 2292: SupportRadius.DegenerateAndInvalidInputsHaveExplicitStatuses
2279/4154 Test #2292: SupportRadius.DegenerateAndInvalidInputsHaveExplicitStatuses ....................................................   Passed    0.00 sec
          Start 2293: Simplification.ReducesToTargetFaceCount
2280/4154 Test #2293: Simplification.ReducesToTargetFaceCount .........................................................................   Passed    0.08 sec
          Start 2294: Simplification.ErrorThresholdStopsEarly
2281/4154 Test #2294: Simplification.ErrorThresholdStopsEarly .........................................................................   Passed    0.03 sec
          Start 2295: Simplification.PreservesBoundary
2282/4154 Test #2295: Simplification.PreservesBoundary ................................................................................   Passed    0.00 sec
          Start 2296: Simplification.ClosedMeshRemainsClosedAfterSimplification
2283/4154 Test #2296: Simplification.ClosedMeshRemainsClosedAfterSimplification .......................................................   Passed    0.07 sec
          Start 2297: Simplification.ReturnsNulloptForEmptyMesh
2284/4154 Test #2297: Simplification.ReturnsNulloptForEmptyMesh .......................................................................   Passed    0.00 sec
          Start 2298: Simplification.ReturnsNulloptForSingleFaceMesh
2285/4154 Test #2298: Simplification.ReturnsNulloptForSingleFaceMesh ..................................................................   Passed    0.00 sec
          Start 2299: Simplification.MaxCollapseErrorIsNonNegative
2286/4154 Test #2299: Simplification.MaxCollapseErrorIsNonNegative ....................................................................   Passed    0.07 sec
          Start 2300: Simplification.TetrahedronMinimalSimplification
2287/4154 Test #2300: Simplification.TetrahedronMinimalSimplification .................................................................   Passed    0.01 sec
          Start 2301: Simplification.QuadricMinimizerPlacement
2288/4154 Test #2301: Simplification.QuadricMinimizerPlacement ........................................................................   Passed    0.10 sec
          Start 2302: Simplification.FeatureAwarePreservesCubeCorners
2289/4154 Test #2302: Simplification.FeatureAwarePreservesCubeCorners .................................................................   Passed    0.04 sec
          Start 2303: Simplification.ClassicalMetricRemainsReachable
2290/4154 Test #2303: Simplification.ClassicalMetricRemainsReachable ..................................................................   Passed    0.08 sec
          Start 2304: Simplification.FeatureAwareIsDeterministic
2291/4154 Test #2304: Simplification.FeatureAwareIsDeterministic ......................................................................   Passed    0.08 sec
          Start 2305: Simplification.FeatureAwareCornerErrorNotWorseThanClassical
2292/4154 Test #2305: Simplification.FeatureAwareCornerErrorNotWorseThanClassical .....................................................   Passed    0.22 sec
          Start 2306: Simplification.FeatureAwarePreservesUvSeams
2293/4154 Test #2306: Simplification.FeatureAwarePreservesUvSeams .....................................................................   Passed    0.01 sec
          Start 2307: Simplification.DiagnosticsCountersPopulated
2294/4154 Test #2307: Simplification.DiagnosticsCountersPopulated .....................................................................   Passed    0.04 sec
          Start 2308: Geodesic.SourceVertexHasZeroDistance
2295/4154 Test #2308: Geodesic.SourceVertexHasZeroDistance ............................................................................   Passed    0.01 sec
          Start 2309: Geodesic.AllDistancesNonNegative
2296/4154 Test #2309: Geodesic.AllDistancesNonNegative ................................................................................   Passed    0.01 sec
          Start 2310: Geodesic.DistanceIncreasesWithTopologicalDistance
2297/4154 Test #2310: Geodesic.DistanceIncreasesWithTopologicalDistance ...............................................................   Passed    0.00 sec
          Start 2311: Geodesic.MultipleSourceVertices
2298/4154 Test #2311: Geodesic.MultipleSourceVertices .................................................................................   Passed    0.01 sec
          Start 2312: Geodesic.ReturnsNulloptForEmptyMesh
2299/4154 Test #2312: Geodesic.ReturnsNulloptForEmptyMesh .............................................................................   Passed    0.00 sec
          Start 2313: Geodesic.ReturnsNulloptForEmptySources
2300/4154 Test #2313: Geodesic.ReturnsNulloptForEmptySources ..........................................................................   Passed    0.00 sec
          Start 2314: Geodesic.SolverIterationsReported
2301/4154 Test #2314: Geodesic.SolverIterationsReported ...............................................................................   Passed    0.00 sec
          Start 2315: Geodesic.CustomTimeStep
2302/4154 Test #2315: Geodesic.CustomTimeStep .........................................................................................   Passed    0.00 sec
          Start 2316: VectorHeatMethod.TransportConverges
2303/4154 Test #2316: VectorHeatMethod.TransportConverges .............................................................................   Passed    0.01 sec
          Start 2317: VectorHeatMethod.TransportedVectorsAreTangent
2304/4154 Test #2317: VectorHeatMethod.TransportedVectorsAreTangent ...................................................................   Passed    0.01 sec
          Start 2318: VectorHeatMethod.TransportedVectorsAreUnitLength
2305/4154 Test #2318: VectorHeatMethod.TransportedVectorsAreUnitLength ................................................................   Passed    0.01 sec
          Start 2319: VectorHeatMethod.FlatSurfaceTransportPreservesDirection
2306/4154 Test #2319: VectorHeatMethod.FlatSurfaceTransportPreservesDirection .........................................................   Passed    0.01 sec
          Start 2320: VectorHeatMethod.MultiSourceTransport
2307/4154 Test #2320: VectorHeatMethod.MultiSourceTransport ...........................................................................   Passed    0.01 sec
          Start 2321: VectorHeatMethod.LogMapConverges
2308/4154 Test #2321: VectorHeatMethod.LogMapConverges ................................................................................   Passed    0.01 sec
          Start 2322: VectorHeatMethod.LogMapSourceIsOrigin
2309/4154 Test #2322: VectorHeatMethod.LogMapSourceIsOrigin ...........................................................................   Passed    0.01 sec
          Start 2323: VectorHeatMethod.LogMapDistanceConsistency
2310/4154 Test #2323: VectorHeatMethod.LogMapDistanceConsistency ......................................................................   Passed    0.01 sec
          Start 2324: VectorHeatMethod.FlatGridLogMapCircularSymmetry
2311/4154 Test #2324: VectorHeatMethod.FlatGridLogMapCircularSymmetry .................................................................   Passed    0.01 sec
          Start 2325: VectorHeatMethod.TransportReturnsNulloptForEmptyMesh
2312/4154 Test #2325: VectorHeatMethod.TransportReturnsNulloptForEmptyMesh ............................................................   Passed    0.00 sec
          Start 2326: VectorHeatMethod.TransportReturnsNulloptForEmptySources
2313/4154 Test #2326: VectorHeatMethod.TransportReturnsNulloptForEmptySources .........................................................   Passed    0.00 sec
          Start 2327: VectorHeatMethod.TransportReturnsNulloptForMismatchedArrays
2314/4154 Test #2327: VectorHeatMethod.TransportReturnsNulloptForMismatchedArrays .....................................................   Passed    0.00 sec
          Start 2328: VectorHeatMethod.LogMapReturnsNulloptForEmptyMesh
2315/4154 Test #2328: VectorHeatMethod.LogMapReturnsNulloptForEmptyMesh ...............................................................   Passed    0.00 sec
          Start 2329: VectorHeatMethod.LogMapReturnsNulloptForInvalidVertex
2316/4154 Test #2329: VectorHeatMethod.LogMapReturnsNulloptForInvalidVertex ...........................................................   Passed    0.00 sec
          Start 2330: VectorHeatMethod.TransportOnTetrahedron
2317/4154 Test #2330: VectorHeatMethod.TransportOnTetrahedron .........................................................................   Passed    0.00 sec
          Start 2331: VectorHeatMethod.CustomTimeStep
2318/4154 Test #2331: VectorHeatMethod.CustomTimeStep .................................................................................   Passed    0.00 sec
          Start 2332: ShortestPath.MeshBackedGraphViewTriangleChoosesDirectEdge
2319/4154 Test #2332: ShortestPath.MeshBackedGraphViewTriangleChoosesDirectEdge .......................................................   Passed    0.00 sec
          Start 2333: ShortestPath.MeshBackedGraphViewReusesSharedConnectivityProperties
2320/4154 Test #2333: ShortestPath.MeshBackedGraphViewReusesSharedConnectivityProperties ..............................................   Passed    0.00 sec
          Start 2334: ShortestPath.ReturnsNulloptWhenBothSetsEmpty
2321/4154 Test #2334: ShortestPath.ReturnsNulloptWhenBothSetsEmpty ....................................................................   Passed    0.00 sec
          Start 2335: ShortestPath.ReverseTreeWhenStartsEmpty
2322/4154 Test #2335: ShortestPath.ReverseTreeWhenStartsEmpty .........................................................................   Passed    0.00 sec
          Start 2336: ShortestPath.ForwardTreeWhenTargetsEmpty
2323/4154 Test #2336: ShortestPath.ForwardTreeWhenTargetsEmpty ........................................................................   Passed    0.00 sec
          Start 2337: ShortestPath.GraphChainMatchesMeshBackedGraphViewContract
2324/4154 Test #2337: ShortestPath.GraphChainMatchesMeshBackedGraphViewContract .......................................................   Passed    0.00 sec
          Start 2338: ShortestPath.MultiGoalExtractionProducesNetwork
2325/4154 Test #2338: ShortestPath.MultiGoalExtractionProducesNetwork .................................................................   Passed    0.00 sec
          Start 2339: ShortestPath.ReturnsNulloptForEmptyMeshBackedGraphView
2326/4154 Test #2339: ShortestPath.ReturnsNulloptForEmptyMeshBackedGraphView ..........................................................   Passed    0.00 sec
          Start 2340: ShortestPath.EarlyTerminatesAfterAllTargetsSettled
2327/4154 Test #2340: ShortestPath.EarlyTerminatesAfterAllTargetsSettled ..............................................................   Passed    0.00 sec
          Start 2341: ShortestPath.SettleBudgetPreventsConvergenceWhenTooSmall
2328/4154 Test #2341: ShortestPath.SettleBudgetPreventsConvergenceWhenTooSmall ........................................................   Passed    0.00 sec
          Start 2342: ShortestPath.IndexedHeapMatchesPriorityQueueReferenceOnSeededRandomGraphs
2329/4154 Test #2342: ShortestPath.IndexedHeapMatchesPriorityQueueReferenceOnSeededRandomGraphs .......................................   Passed    0.01 sec
          Start 2343: ShortestPath.IndexedHeapMatchesPriorityQueueReferenceOnDisconnectedComponents
2330/4154 Test #2343: ShortestPath.IndexedHeapMatchesPriorityQueueReferenceOnDisconnectedComponents ...................................   Passed    0.00 sec
          Start 2344: ShortestPath.IndexedHeapPreservesEqualWeightTieBreak
2331/4154 Test #2344: ShortestPath.IndexedHeapPreservesEqualWeightTieBreak ............................................................   Passed    0.00 sec
          Start 2345: Subdivision.SingleIterationQuadruplesFaces
2332/4154 Test #2345: Subdivision.SingleIterationQuadruplesFaces ......................................................................   Passed    0.00 sec
          Start 2346: Subdivision.TwoIterations
2333/4154 Test #2346: Subdivision.TwoIterations .......................................................................................   Passed    0.00 sec
          Start 2347: Subdivision.VertexCountFormula
2334/4154 Test #2347: Subdivision.VertexCountFormula ..................................................................................   Passed    0.00 sec
          Start 2348: Subdivision.IcosahedronConvergesToSphere
2335/4154 Test #2348: Subdivision.IcosahedronConvergesToSphere ........................................................................   Passed    0.01 sec
          Start 2349: Subdivision.OutputIsClosedWhenInputIsClosed
2336/4154 Test #2349: Subdivision.OutputIsClosedWhenInputIsClosed .....................................................................   Passed    0.00 sec
          Start 2350: Subdivision.ReturnsNulloptForEmptyMesh
2337/4154 Test #2350: Subdivision.ReturnsNulloptForEmptyMesh ..........................................................................   Passed    0.00 sec
          Start 2351: Subdivision.ReturnsNulloptForNonTriangleMesh
2338/4154 Test #2351: Subdivision.ReturnsNulloptForNonTriangleMesh ....................................................................   Passed    0.00 sec
          Start 2352: Subdivision.ZeroIterationsReturnsNullopt
2339/4154 Test #2352: Subdivision.ZeroIterationsReturnsNullopt ........................................................................   Passed    0.00 sec
          Start 2353: Subdivision.InputMeshIsNotModified
2340/4154 Test #2353: Subdivision.InputMeshIsNotModified ..............................................................................   Passed    0.00 sec
          Start 2354: Subdivision.RespectsMaxOutputFaceBudget
2341/4154 Test #2354: Subdivision.RespectsMaxOutputFaceBudget .........................................................................   Passed    0.00 sec
          Start 2355: Subdivision.ReturnsNulloptWhenBudgetBlocksFirstIteration
2342/4154 Test #2355: Subdivision.ReturnsNulloptWhenBudgetBlocksFirstIteration ........................................................   Passed    0.00 sec
          Start 2356: Subdivision.FeatureEdgeMaskPropagatesToSplitEdges
2343/4154 Test #2356: Subdivision.FeatureEdgeMaskPropagatesToSplitEdges ...............................................................   Passed    0.00 sec
          Start 2357: CatmullClark.SingleTriangleProducesQuads
2344/4154 Test #2357: CatmullClark.SingleTriangleProducesQuads ........................................................................   Passed    0.00 sec
          Start 2358: CatmullClark.TetrahedronProducesAllQuads
2345/4154 Test #2358: CatmullClark.TetrahedronProducesAllQuads ........................................................................   Passed    0.00 sec
          Start 2359: CatmullClark.CubeProducesAllQuads
2346/4154 Test #2359: CatmullClark.CubeProducesAllQuads ...............................................................................   Passed    0.00 sec
          Start 2360: CatmullClark.PreservesClosedMeshEulerCharacteristic
2347/4154 Test #2360: CatmullClark.PreservesClosedMeshEulerCharacteristic .............................................................   Passed    0.00 sec
          Start 2361: CatmullClark.CubePreservesEulerCharacteristic
2348/4154 Test #2361: CatmullClark.CubePreservesEulerCharacteristic ...................................................................   Passed    0.00 sec
          Start 2362: CatmullClark.TwoIterationsWork
2349/4154 Test #2362: CatmullClark.TwoIterationsWork ..................................................................................   Passed    0.01 sec
          Start 2363: CatmullClark.CubeConvergesToSphere
2350/4154 Test #2363: CatmullClark.CubeConvergesToSphere ..............................................................................   Passed    0.01 sec
          Start 2364: CatmullClark.EmptyMeshReturnsNullopt
2351/4154 Test #2364: CatmullClark.EmptyMeshReturnsNullopt ............................................................................   Passed    0.00 sec
          Start 2365: CatmullClark.ZeroIterationsReturnsNullopt
2352/4154 Test #2365: CatmullClark.ZeroIterationsReturnsNullopt .......................................................................   Passed    0.00 sec
          Start 2366: CatmullClark.VertexCountFormula
2353/4154 Test #2366: CatmullClark.VertexCountFormula .................................................................................   Passed    0.00 sec
          Start 2367: SubdivisionSqrt3.SingleTriangleSplitsIntoThreeTriangles
2354/4154 Test #2367: SubdivisionSqrt3.SingleTriangleSplitsIntoThreeTriangles .........................................................   Passed    0.00 sec
          Start 2368: Smoothing.UniformLaplacianReducesRoughness
2355/4154 Test #2368: Smoothing.UniformLaplacianReducesRoughness ......................................................................   Passed    0.01 sec
          Start 2369: Smoothing.UniformLaplacianCausesShrinkage
2356/4154 Test #2369: Smoothing.UniformLaplacianCausesShrinkage .......................................................................   Passed    0.01 sec
          Start 2370: Smoothing.UniformLaplacianReturnsNulloptForEmptyMesh
2357/4154 Test #2370: Smoothing.UniformLaplacianReturnsNulloptForEmptyMesh ............................................................   Passed    0.01 sec
          Start 2371: Smoothing.UniformLaplacianReturnsNulloptForZeroIterations
2358/4154 Test #2371: Smoothing.UniformLaplacianReturnsNulloptForZeroIterations .......................................................   Passed    0.00 sec
          Start 2372: Smoothing.CotanLaplacianConverges
2359/4154 Test #2372: Smoothing.CotanLaplacianConverges ...............................................................................   Passed    0.01 sec
          Start 2373: Smoothing.TaubinPreservesVolume
2360/4154 Test #2373: Smoothing.TaubinPreservesVolume .................................................................................   Passed    0.01 sec
          Start 2374: Smoothing.TaubinReturnsNulloptForEmptyMesh
2361/4154 Test #2374: Smoothing.TaubinReturnsNulloptForEmptyMesh ......................................................................   Passed    0.00 sec
          Start 2375: Smoothing.ImplicitLaplacianConverges
2362/4154 Test #2375: Smoothing.ImplicitLaplacianConverges ............................................................................   Passed    0.01 sec
          Start 2376: Smoothing.ImplicitLaplacianReturnsNulloptForEmptyMesh
2363/4154 Test #2376: Smoothing.ImplicitLaplacianReturnsNulloptForEmptyMesh ...........................................................   Passed    0.00 sec
          Start 2377: Smoothing.SmoothingPreservesTopology
2364/4154 Test #2377: Smoothing.SmoothingPreservesTopology ............................................................................   Passed    0.00 sec
          Start 2378: Smoothing.UniformPreservesBoundary
2365/4154 Test #2378: Smoothing.UniformPreservesBoundary ..............................................................................   Passed    0.01 sec
          Start 2379: Smoothing.CotanReducesEdgeLengthVariance
2366/4154 Test #2379: Smoothing.CotanReducesEdgeLengthVariance ........................................................................   Passed    0.01 sec
          Start 2380: Smoothing.TaubinFlatMeshStaysFlat
2367/4154 Test #2380: Smoothing.TaubinFlatMeshStaysFlat ...............................................................................   Passed    0.00 sec
          Start 2381: Smoothing.ImplicitFlatMeshStaysFlat
2368/4154 Test #2381: Smoothing.ImplicitFlatMeshStaysFlat .............................................................................   Passed    0.00 sec
          Start 2382: Smoothing.ImplicitReducesNoise
2369/4154 Test #2382: Smoothing.ImplicitReducesNoise ..................................................................................   Passed    0.01 sec
          Start 2383: Smoothing.ImplicitPreservesBoundary
2370/4154 Test #2383: Smoothing.ImplicitPreservesBoundary .............................................................................   Passed    0.00 sec
          Start 2384: Smoothing.ImplicitUnconditionallyStable
2371/4154 Test #2384: Smoothing.ImplicitUnconditionallyStable .........................................................................   Passed    0.00 sec
          Start 2385: Smoothing.ImplicitMultipleIterationsSmootherThanOne
2372/4154 Test #2385: Smoothing.ImplicitMultipleIterationsSmootherThanOne .............................................................   Passed    0.01 sec
          Start 2386: Smoothing.FilterFaceNormalsFlatMeshIsIdentity
2373/4154 Test #2386: Smoothing.FilterFaceNormalsFlatMeshIsIdentity ...................................................................   Passed    0.01 sec
          Start 2387: Smoothing.FilterFaceNormalsCleanMeshNearIdentity
2374/4154 Test #2387: Smoothing.FilterFaceNormalsCleanMeshNearIdentity ................................................................   Passed    0.01 sec
          Start 2388: Smoothing.FilterFaceNormalsIsDeterministic
2375/4154 Test #2388: Smoothing.FilterFaceNormalsIsDeterministic ......................................................................   Passed    0.02 sec
          Start 2389: Smoothing.FilterFaceNormalsFailsClosedOnEmptyMesh
2376/4154 Test #2389: Smoothing.FilterFaceNormalsFailsClosedOnEmptyMesh ...............................................................   Passed    0.00 sec
          Start 2390: Smoothing.FilterFaceNormalsFailsClosedOnNonFiniteSigma
2377/4154 Test #2390: Smoothing.FilterFaceNormalsFailsClosedOnNonFiniteSigma ..........................................................   Passed    0.01 sec
          Start 2391: Smoothing.DenoiseBilateralCleanMeshNearIdentity
2378/4154 Test #2391: Smoothing.DenoiseBilateralCleanMeshNearIdentity .................................................................   Passed    0.02 sec
          Start 2392: Smoothing.DenoiseBilateralReducesNoise
2379/4154 Test #2392: Smoothing.DenoiseBilateralReducesNoise ..........................................................................   Passed    0.02 sec
          Start 2393: Smoothing.DenoiseBilateralPreservesFeatureBetterThanUniform
2380/4154 Test #2393: Smoothing.DenoiseBilateralPreservesFeatureBetterThanUniform .....................................................   Passed    0.06 sec
          Start 2394: Smoothing.DenoiseBilateralIsDeterministic
2381/4154 Test #2394: Smoothing.DenoiseBilateralIsDeterministic .......................................................................   Passed    0.03 sec
          Start 2395: Smoothing.DenoiseBilateralFailsClosedOnEmptyMesh
2382/4154 Test #2395: Smoothing.DenoiseBilateralFailsClosedOnEmptyMesh ................................................................   Passed    0.01 sec
          Start 2396: Smoothing.DenoiseBilateralFailsClosedOnNonManifoldInput
2383/4154 Test #2396: Smoothing.DenoiseBilateralFailsClosedOnNonManifoldInput .........................................................   Passed    0.00 sec
          Start 2397: Smoothing.DenoiseBilateralFailsClosedOnDegenerateGeometry
2384/4154 Test #2397: Smoothing.DenoiseBilateralFailsClosedOnDegenerateGeometry .......................................................   Passed    0.00 sec
          Start 2398: Smoothing.DenoiseBilateralFailsClosedOnNonFiniteInput
2385/4154 Test #2398: Smoothing.DenoiseBilateralFailsClosedOnNonFiniteInput ...........................................................   Passed    0.00 sec
          Start 2399: Smoothing.DenoiseBilateralFailsClosedOnNonFiniteSigma
2386/4154 Test #2399: Smoothing.DenoiseBilateralFailsClosedOnNonFiniteSigma ...........................................................   Passed    0.01 sec
          Start 2400: Smoothing.DenoiseBilateralExtremeCoordinatesStayFinite
2387/4154 Test #2400: Smoothing.DenoiseBilateralExtremeCoordinatesStayFinite ..........................................................   Passed    0.01 sec
          Start 2401: Smoothing.DenoiseBilateralPreservesBoundary
2388/4154 Test #2401: Smoothing.DenoiseBilateralPreservesBoundary .....................................................................   Passed    0.01 sec
          Start 2402: Smoothing.ImplicitPreservedBoundaryMatchesReducedSystemOracle
2389/4154 Test #2402: Smoothing.ImplicitPreservedBoundaryMatchesReducedSystemOracle ...................................................   Passed    0.01 sec
          Start 2403: Smoothing.ImplicitPreservedBoundaryDiffersFromSolveThenOverwrite
2390/4154 Test #2403: Smoothing.ImplicitPreservedBoundaryDiffersFromSolveThenOverwrite ................................................   Passed    0.01 sec
          Start 2404: Smoothing.ImplicitPreservedBoundaryIsExactAcrossIterations
2391/4154 Test #2404: Smoothing.ImplicitPreservedBoundaryIsExactAcrossIterations ......................................................   Passed    0.01 sec
          Start 2405: Smoothing.ImplicitUnpreservedBoundaryStaysFiniteForLargeTimeSteps
2392/4154 Test #2405: Smoothing.ImplicitUnpreservedBoundaryStaysFiniteForLargeTimeSteps ...............................................   Passed    0.01 sec
          Start 2406: QualityMetrics.NearestNeighborCvAndPoissonRatioForGrid
2393/4154 Test #2406: QualityMetrics.NearestNeighborCvAndPoissonRatioForGrid ..........................................................   Passed    0.00 sec
          Start 2407: QualityMetrics.JitteredGridHasLowNearestNeighborVariation
2394/4154 Test #2407: QualityMetrics.JitteredGridHasLowNearestNeighborVariation .......................................................   Passed    0.00 sec
          Start 2408: QualityMetrics.RadialDistributionForWhiteNoiseApproachesOneAwayFromZero
2395/4154 Test #2408: QualityMetrics.RadialDistributionForWhiteNoiseApproachesOneAwayFromZero .........................................   Passed    0.02 sec
          Start 2409: QualityMetrics.PeriodogramFindsRegularLatticeFrequencyPeaks
2396/4154 Test #2409: QualityMetrics.PeriodogramFindsRegularLatticeFrequencyPeaks .....................................................   Passed    0.00 sec
          Start 2410: QualityMetrics.RadiallyAveragedPowerSpectrumForWhiteNoiseIsBroadlyFlat
2397/4154 Test #2410: QualityMetrics.RadiallyAveragedPowerSpectrumForWhiteNoiseIsBroadlyFlat ..........................................   Passed    0.01 sec
          Start 2411: QualityMetrics.CoverageMeasuresReferenceFractionWithinRadius
2398/4154 Test #2411: QualityMetrics.CoverageMeasuresReferenceFractionWithinRadius ....................................................   Passed    0.00 sec
          Start 2412: QualityMetrics.CloudAdaptersUseLivePoints
2399/4154 Test #2412: QualityMetrics.CloudAdaptersUseLivePoints .......................................................................   Passed    0.00 sec
          Start 2413: QualityMetrics.InvalidInputsFailClosed
2400/4154 Test #2413: QualityMetrics.InvalidInputsFailClosed ..........................................................................   Passed    0.00 sec
          Start 2414: QualityMetrics.SpectralMetricsReject3DInput
2401/4154 Test #2414: QualityMetrics.SpectralMetricsReject3DInput .....................................................................   Passed    0.00 sec
          Start 2415: Sampling.GaussianDisplacementIsDeterministicPerSeedAndElement
2402/4154 Test #2415: Sampling.GaussianDisplacementIsDeterministicPerSeedAndElement ...................................................   Passed    0.00 sec
          Start 2416: SphereSampling.SurfaceRandomIsSeededAndDefaultDeterministic
2403/4154 Test #2416: SphereSampling.SurfaceRandomIsSeededAndDefaultDeterministic .....................................................   Passed    0.00 sec
          Start 2417: SphereSampling.VolumeRandomAndUniformAreSeededAndBounded
2404/4154 Test #2417: SphereSampling.VolumeRandomAndUniformAreSeededAndBounded ........................................................   Passed    0.01 sec
          Start 2418: SphereSampling.FibonacciLatticeSmallCountsAreSafeAndDeterministic
2405/4154 Test #2418: SphereSampling.FibonacciLatticeSmallCountsAreSafeAndDeterministic ...............................................   Passed    0.00 sec
          Start 2419: SphereSampling.FibonacciLatticeLargerCountsStayOnSphereAndAreDeterministic
2406/4154 Test #2419: SphereSampling.FibonacciLatticeLargerCountsStayOnSphereAndAreDeterministic ......................................   Passed    0.00 sec
          Start 2420: SphereSampling.FibonacciLatticeDegenerateSpheresStayOnSphere
2407/4154 Test #2420: SphereSampling.FibonacciLatticeDegenerateSpheresStayOnSphere ....................................................   Passed    0.00 sec
          Start 2421: SurfaceSampling.SamplesFacesInProportionToSurfaceArea
2408/4154 Test #2421: SurfaceSampling.SamplesFacesInProportionToSurfaceArea ...........................................................   Passed    0.01 sec
          Start 2422: SurfaceSampling.DeterministicForFixedSeedAndVariesForDifferentSeed
2409/4154 Test #2422: SurfaceSampling.DeterministicForFixedSeedAndVariesForDifferentSeed ..............................................   Passed    0.00 sec
          Start 2423: SurfaceSampling.InterpolatesSourceVertexNormalsIntoPointCloudNormals
2410/4154 Test #2423: SurfaceSampling.InterpolatesSourceVertexNormalsIntoPointCloudNormals ............................................   Passed    0.00 sec
          Start 2424: SurfaceSampling.FallsBackToGeometricFaceNormalsWhenNoSourceNormalsExist
2411/4154 Test #2424: SurfaceSampling.FallsBackToGeometricFaceNormalsWhenNoSourceNormalsExist .........................................   Passed    0.00 sec
          Start 2425: SurfaceSampling.FailsClosedForInvalidSampleCounts
2412/4154 Test #2425: SurfaceSampling.FailsClosedForInvalidSampleCounts ...............................................................   Passed    0.00 sec
          Start 2426: SurfaceSampling.FailsClosedForEmptyMesh
2413/4154 Test #2426: SurfaceSampling.FailsClosedForEmptyMesh .........................................................................   Passed    0.00 sec
          Start 2427: SurfaceSampling.ReportsDegenerateNonTriangleAndNonFiniteFaces
2414/4154 Test #2427: SurfaceSampling.ReportsDegenerateNonTriangleAndNonFiniteFaces ...................................................   Passed    0.01 sec
          Start 2428: PointCloudNormals.DebugNamesAreStable
2415/4154 Test #2428: PointCloudNormals.DebugNamesAreStable ...........................................................................   Passed    0.00 sec
          Start 2429: PointCloudNormals.FlatGridEstimatePointsAlongZ
2416/4154 Test #2429: PointCloudNormals.FlatGridEstimatePointsAlongZ ..................................................................   Passed    0.01 sec
          Start 2430: PointCloudNormals.SphereNormalsAreUnitAndMostlyOutwardAfterOrientation
2417/4154 Test #2430: PointCloudNormals.SphereNormalsAreUnitAndMostlyOutwardAfterOrientation ..........................................   Passed    0.01 sec
          Start 2431: PointCloudNormals.EstimateReturnsNulloptForEmptyOrTooFewPoints
2418/4154 Test #2431: PointCloudNormals.EstimateReturnsNulloptForEmptyOrTooFewPoints ..................................................   Passed    0.00 sec
          Start 2432: PointCloudNormals.OrientationCanBeDisabled
2419/4154 Test #2432: PointCloudNormals.OrientationCanBeDisabled ......................................................................   Passed    0.01 sec
          Start 2433: PointCloudNormals.CloudRecomputeWritesCanonicalVertexNormalProperty
2420/4154 Test #2433: PointCloudNormals.CloudRecomputeWritesCanonicalVertexNormalProperty .............................................   Passed    0.01 sec
          Start 2434: PointCloudNormals.SuppliedKDTreePathReusesCallerIndex
2421/4154 Test #2434: PointCloudNormals.SuppliedKDTreePathReusesCallerIndex ...........................................................   Passed    0.01 sec
          Start 2435: PointCloudNormals.SuppliedOctreePathReusesCallerIndex
2422/4154 Test #2435: PointCloudNormals.SuppliedOctreePathReusesCallerIndex ...........................................................   Passed    0.01 sec
          Start 2436: PointCloudNormals.RadiusSearchFailsClosedWhenTooFewNeighbors
2423/4154 Test #2436: PointCloudNormals.RadiusSearchFailsClosedWhenTooFewNeighbors ....................................................   Passed    0.00 sec
          Start 2437: PointCloudNormals.NonFinitePointDoesNotProduceNaNNormal
2424/4154 Test #2437: PointCloudNormals.NonFinitePointDoesNotProduceNaNNormal .........................................................   Passed    0.01 sec
          Start 2438: PointCloudNormals.WrongOutputPropertyTypeFailsClosed
2425/4154 Test #2438: PointCloudNormals.WrongOutputPropertyTypeFailsClosed ............................................................   Passed    0.00 sec
          Start 2439: PointCloudConsolidation.OptimizedCandidatesMatchReferenceAndAreDeterministic
2426/4154 Test #2439: PointCloudConsolidation.OptimizedCandidatesMatchReferenceAndAreDeterministic ....................................   Passed    0.01 sec
          Start 2440: PointCloudConsolidation.IsolatedWlopDensityMatchesReference
2427/4154 Test #2440: PointCloudConsolidation.IsolatedWlopDensityMatchesReference .....................................................   Passed    0.00 sec
          Start 2441: PointCloudConsolidation.WlopDenoisesPlaneAndSphere
2428/4154 Test #2441: PointCloudConsolidation.WlopDenoisesPlaneAndSphere ..............................................................   Passed    0.01 sec
          Start 2442: PointCloudConsolidation.AnisotropicWlopPreservesDihedralContrast
2429/4154 Test #2442: PointCloudConsolidation.AnisotropicWlopPreservesDihedralContrast ................................................   Passed    0.01 sec
          Start 2443: PointCloudConsolidation.EarUpsamplesTowardDihedralFeature
2430/4154 Test #2443: PointCloudConsolidation.EarUpsamplesTowardDihedralFeature .......................................................   Passed    0.01 sec
          Start 2444: PointCloudConsolidation.AnisotropicNormalPolicyIsExplicitAndImmutable
2431/4154 Test #2444: PointCloudConsolidation.AnisotropicNormalPolicyIsExplicitAndImmutable ...........................................   Passed    0.01 sec
          Start 2445: PointCloudConsolidation.EarAndAnisotropicFailuresPublishNoPayload
2432/4154 Test #2445: PointCloudConsolidation.EarAndAnisotropicFailuresPublishNoPayload ...............................................   Passed    0.00 sec
          Start 2446: PointCloudConsolidation.LopRepulsionImprovesMinimumSpacing
2433/4154 Test #2446: PointCloudConsolidation.LopRepulsionImprovesMinimumSpacing ......................................................   Passed    0.01 sec
          Start 2447: PointCloudConsolidation.LopOneStepMatchesPaperEquationOracle
2434/4154 Test #2447: PointCloudConsolidation.LopOneStepMatchesPaperEquationOracle ....................................................   Passed    0.00 sec
          Start 2448: PointCloudConsolidation.WlopCorrectsNonUniformDensityMoreThanLop
2435/4154 Test #2448: PointCloudConsolidation.WlopCorrectsNonUniformDensityMoreThanLop ................................................   Passed    0.01 sec
          Start 2449: PointCloudConsolidation.InSupportOutliersHaveBoundedInfluenceOnPlanePatch
2436/4154 Test #2449: PointCloudConsolidation.InSupportOutliersHaveBoundedInfluenceOnPlanePatch .......................................   Passed    0.01 sec
          Start 2450: PointCloudConsolidation.ClopOneStepMatchesGaussianProductEquation
2437/4154 Test #2450: PointCloudConsolidation.ClopOneStepMatchesGaussianProductEquation ...............................................   Passed    0.00 sec
          Start 2451: PointCloudConsolidation.ClopDenoisesPlaneAndSphere
2438/4154 Test #2451: PointCloudConsolidation.ClopDenoisesPlaneAndSphere ..............................................................   Passed    0.02 sec
          Start 2452: PointCloudConsolidation.ClopTracksMixtureWorkAndAgreesWithWlop
2439/4154 Test #2452: PointCloudConsolidation.ClopTracksMixtureWorkAndAgreesWithWlop ..................................................   Passed    0.02 sec
          Start 2453: PointCloudConsolidation.ClopKeepsSparseOutlierInfluenceBounded
2440/4154 Test #2453: PointCloudConsolidation.ClopKeepsSparseOutlierInfluenceBounded ..................................................   Passed    0.01 sec
          Start 2454: PointCloudConsolidation.ClopIsDeterministicAndFailsClosed
2441/4154 Test #2454: PointCloudConsolidation.ClopIsDeterministicAndFailsClosed .......................................................   Passed    0.01 sec
          Start 2455: PointCloudConsolidation.StrategyAndSeedAreBitwiseDeterministic
2442/4154 Test #2455: PointCloudConsolidation.StrategyAndSeedAreBitwiseDeterministic ..................................................   Passed    0.05 sec
          Start 2456: PointCloudConsolidation.ConcurrentCallersAreBitwiseDeterministic
2443/4154 Test #2456: PointCloudConsolidation.ConcurrentCallersAreBitwiseDeterministic ................................................   Passed    0.01 sec
          Start 2457: PointCloudConsolidation.ClopConcurrentCallersAreBitwiseDeterministic
2444/4154 Test #2457: PointCloudConsolidation.ClopConcurrentCallersAreBitwiseDeterministic ............................................   Passed    0.01 sec
          Start 2458: PointCloudConsolidation.InvalidRequestsFailWithoutPublishingPositions
2445/4154 Test #2458: PointCloudConsolidation.InvalidRequestsFailWithoutPublishingPositions ...........................................   Passed    0.00 sec
          Start 2459: PointCloudConsolidation.DegenerateAndNonConvergedStatesStayFinite
2446/4154 Test #2459: PointCloudConsolidation.DegenerateAndNonConvergedStatesStayFinite ...............................................   Passed    0.01 sec
          Start 2460: PointCloudConsolidation.CloudOverloadRejectsDeletedSlots
2447/4154 Test #2460: PointCloudConsolidation.CloudOverloadRejectsDeletedSlots ........................................................   Passed    0.00 sec
          Start 2461: PointCloudFeatures.RowAccessorIsBoundsChecked
2448/4154 Test #2461: PointCloudFeatures.RowAccessorIsBoundsChecked ...................................................................   Passed    0.00 sec
          Start 2462: PointCloudFeatures.MatchRejectsMismatchedDimensions
2449/4154 Test #2462: PointCloudFeatures.MatchRejectsMismatchedDimensions .............................................................   Passed    0.00 sec
          Start 2463: PointCloudFeatures.MatchTieBreakPrefersLowestTargetRow
2450/4154 Test #2463: PointCloudFeatures.MatchTieBreakPrefersLowestTargetRow ..........................................................   Passed    0.00 sec
          Start 2464: PointCloudFeatures.MatchRatioRejectsSingleTargetAmbiguity
2451/4154 Test #2464: PointCloudFeatures.MatchRatioRejectsSingleTargetAmbiguity .......................................................   Passed    0.00 sec
          Start 2465: PointCloudFeatures.MatchRatioRejectsDuplicateTargets
2452/4154 Test #2465: PointCloudFeatures.MatchRatioRejectsDuplicateTargets ............................................................   Passed    0.00 sec
          Start 2466: PointCloudFeatures.ComputeDescriptorsSkipsDeletedPoints
2453/4154 Test #2466: PointCloudFeatures.ComputeDescriptorsSkipsDeletedPoints .........................................................   Passed    0.01 sec
          Start 2467: PointCloudFeatures.KeypointsSkipDeletedPoints
2454/4154 Test #2467: PointCloudFeatures.KeypointsSkipDeletedPoints ...................................................................   Passed    0.01 sec
          Start 2468: PointCloudFeatures.ComputeDescriptorsRequiresNormals
2455/4154 Test #2468: PointCloudFeatures.ComputeDescriptorsRequiresNormals ............................................................   Passed    0.00 sec
          Start 2469: PointCloudFeatures.DetectKeypointsIsDeterministic
2456/4154 Test #2469: PointCloudFeatures.DetectKeypointsIsDeterministic ...............................................................   Passed    0.02 sec
          Start 2470: PointCloudFeatures.DetectKeypointsRejectsTooFewPoints
2457/4154 Test #2470: PointCloudFeatures.DetectKeypointsRejectsTooFewPoints ...........................................................   Passed    0.00 sec
          Start 2471: PointCloudFeatures.DescriptorMatchingIsRotationInvariant
2458/4154 Test #2471: PointCloudFeatures.DescriptorMatchingIsRotationInvariant ........................................................   Passed    0.02 sec
          Start 2472: PointCloudFeatures.CoarseAlignmentRecoversKnownTransform
2459/4154 Test #2472: PointCloudFeatures.CoarseAlignmentRecoversKnownTransform ........................................................   Passed    0.14 sec
          Start 2473: PointCloudFeatures.CoarseAlignmentRejectsOutliers
2460/4154 Test #2473: PointCloudFeatures.CoarseAlignmentRejectsOutliers ...............................................................   Passed    0.09 sec
          Start 2474: PointCloudFeatures.CoarseAlignmentHonorsLargerSampleSize
2461/4154 Test #2474: PointCloudFeatures.CoarseAlignmentHonorsLargerSampleSize ........................................................   Passed    0.15 sec
          Start 2475: PointCloudFeatures.CoarseAlignmentInsufficientCorrespondences
2462/4154 Test #2475: PointCloudFeatures.CoarseAlignmentInsufficientCorrespondences ...................................................   Passed    0.00 sec
          Start 2476: PointCloudFeatures.HandlesCollinearAndDuplicatePoints
2463/4154 Test #2476: PointCloudFeatures.HandlesCollinearAndDuplicatePoints ...........................................................   Passed    0.01 sec
          Start 2477: PointCloudFeatures.IcpRegistrationRemainsReachable
2464/4154 Test #2477: PointCloudFeatures.IcpRegistrationRemainsReachable ..............................................................   Passed    0.01 sec
          Start 2478: PointCloudKernels.RadialWeightsMatchDocumentedClosedForms
2465/4154 Test #2478: PointCloudKernels.RadialWeightsMatchDocumentedClosedForms .......................................................   Passed    0.00 sec
          Start 2479: PointCloudKernels.RadialWeightsFailClosed
2466/4154 Test #2479: PointCloudKernels.RadialWeightsFailClosed .......................................................................   Passed    0.00 sec
          Start 2480: PointCloudKernels.RadialWeightsPreserveZeroDistanceAtExtremeSupportScales
2467/4154 Test #2480: PointCloudKernels.RadialWeightsPreserveZeroDistanceAtExtremeSupportScales .......................................   Passed    0.00 sec
          Start 2481: PointCloudKernels.DirectionalWeightMatchesEdgeAwareEquation
2468/4154 Test #2481: PointCloudKernels.DirectionalWeightMatchesEdgeAwareEquation .....................................................   Passed    0.00 sec
          Start 2482: PointCloudKernels.DirectionalWeightFailsClosed
2469/4154 Test #2482: PointCloudKernels.DirectionalWeightFailsClosed ..................................................................   Passed    0.00 sec
          Start 2483: PointCloudKernels.LinearRepulsionHasFiniteZeroLimit
2470/4154 Test #2483: PointCloudKernels.LinearRepulsionHasFiniteZeroLimit .............................................................   Passed    0.00 sec
          Start 2484: PointCloudKernels.DensityDistinguishesDenseClusterFromSparseTail
2471/4154 Test #2484: PointCloudKernels.DensityDistinguishesDenseClusterFromSparseTail ................................................   Passed    0.00 sec
          Start 2485: PointCloudKernels.UniformGridInteriorHasConstantDensity
2472/4154 Test #2485: PointCloudKernels.UniformGridInteriorHasConstantDensity .........................................................   Passed    0.00 sec
          Start 2486: PointCloudKernels.SuppliedIndexAndRepeatedRunsAreBitwiseDeterministic
2473/4154 Test #2486: PointCloudKernels.SuppliedIndexAndRepeatedRunsAreBitwiseDeterministic ...........................................   Passed    0.01 sec
          Start 2487: PointCloudKernels.RadiusScratchPreservesDensityWeightsAcrossReuse
2474/4154 Test #2487: PointCloudKernels.RadiusScratchPreservesDensityWeightsAcrossReuse ...............................................   Passed    0.00 sec
          Start 2488: PointCloudKernels.DensityBroadPhaseIncludesDoubleSupportBoundary
2475/4154 Test #2488: PointCloudKernels.DensityBroadPhaseIncludesDoubleSupportBoundary ................................................   Passed    0.00 sec
          Start 2489: PointCloudKernels.DensityFailuresPublishNoWeights
2476/4154 Test #2489: PointCloudKernels.DensityFailuresPublishNoWeights ...............................................................   Passed    0.00 sec
          Start 2490: Registration_ICP.ReturnsNulloptForEmptySource
2477/4154 Test #2490: Registration_ICP.ReturnsNulloptForEmptySource ...................................................................   Passed    0.00 sec
          Start 2491: Registration_ICP.ReturnsNulloptForEmptyTarget
2478/4154 Test #2491: Registration_ICP.ReturnsNulloptForEmptyTarget ...................................................................   Passed    0.00 sec
          Start 2492: Registration_ICP.ReturnsNulloptForTooFewPoints
2479/4154 Test #2492: Registration_ICP.ReturnsNulloptForTooFewPoints ..................................................................   Passed    0.00 sec
          Start 2493: Registration_ICP.ReturnsNulloptForZeroIterations
2480/4154 Test #2493: Registration_ICP.ReturnsNulloptForZeroIterations ................................................................   Passed    0.00 sec
          Start 2494: Registration_ICP.ReturnsNulloptForInvalidInlierRatio
2481/4154 Test #2494: Registration_ICP.ReturnsNulloptForInvalidInlierRatio ............................................................   Passed    0.00 sec
          Start 2495: Registration_ICP.ReturnsNulloptForInvalidRobustScaleOnlyWhenEnabled
2482/4154 Test #2495: Registration_ICP.ReturnsNulloptForInvalidRobustScaleOnlyWhenEnabled .............................................   Passed    0.01 sec
          Start 2496: Registration_ICP.IdentityAlignmentPointToPoint
2483/4154 Test #2496: Registration_ICP.IdentityAlignmentPointToPoint ..................................................................   Passed    0.01 sec
          Start 2497: Registration_ICP.IdentityAlignmentPointToPlane
2484/4154 Test #2497: Registration_ICP.IdentityAlignmentPointToPlane ..................................................................   Passed    0.01 sec
          Start 2498: Registration_ICP.RecoversPureTranslation_PointToPoint
2485/4154 Test #2498: Registration_ICP.RecoversPureTranslation_PointToPoint ...........................................................   Passed    0.01 sec
          Start 2499: Registration_ICP.RecoversPureTranslation_PointToPlane
2486/4154 Test #2499: Registration_ICP.RecoversPureTranslation_PointToPlane ...........................................................   Passed    0.04 sec
          Start 2500: Registration_ICP.RecoversSmallRotation_PointToPoint
2487/4154 Test #2500: Registration_ICP.RecoversSmallRotation_PointToPoint .............................................................   Passed    0.01 sec
          Start 2501: Registration_ICP.RecoversSmallRotation_PointToPlane
2488/4154 Test #2501: Registration_ICP.RecoversSmallRotation_PointToPlane .............................................................   Passed    0.02 sec
          Start 2502: Registration_ICP.RecoversRigidTransform_PointToPoint
2489/4154 Test #2502: Registration_ICP.RecoversRigidTransform_PointToPoint ............................................................   Passed    0.01 sec
          Start 2503: Registration_ICP.RecoversRigidTransform_PointToPlane
2490/4154 Test #2503: Registration_ICP.RecoversRigidTransform_PointToPlane ............................................................   Passed    0.05 sec
          Start 2504: Registration_ICP.PointToPlane_FallbackWithoutNormals
2491/4154 Test #2504: Registration_ICP.PointToPlane_FallbackWithoutNormals ............................................................   Passed    0.01 sec
          Start 2505: Registration_ICP.RMSEHistoryIsMonotonicallyDecreasing
2492/4154 Test #2505: Registration_ICP.RMSEHistoryIsMonotonicallyDecreasing ...........................................................   Passed    0.01 sec
          Start 2506: Registration_ICP.ConvergesOnIdenticalClouds
2493/4154 Test #2506: Registration_ICP.ConvergesOnIdenticalClouds .....................................................................   Passed    0.01 sec
          Start 2507: Registration_ICP.OutlierRejectionImproveAlignment
2494/4154 Test #2507: Registration_ICP.OutlierRejectionImproveAlignment ...............................................................   Passed    0.01 sec
          Start 2508: Registration_ICP.RobustKernelDownweightsGrossOutliers
2495/4154 Test #2508: Registration_ICP.RobustKernelDownweightsGrossOutliers ...........................................................   Passed    0.01 sec
          Start 2509: Registration_ICP.MaxCorrespondenceDistanceRejectsDistantPairs
2496/4154 Test #2509: Registration_ICP.MaxCorrespondenceDistanceRejectsDistantPairs ...................................................   Passed    0.01 sec
          Start 2510: Registration_ICP.FlatGridTranslation_PointToPlane
2497/4154 Test #2510: Registration_ICP.FlatGridTranslation_PointToPlane ...............................................................   Passed    0.01 sec
          Start 2511: Registration_ICP.ResultFieldsArePopulated
2498/4154 Test #2511: Registration_ICP.ResultFieldsArePopulated .......................................................................   Passed    0.01 sec
          Start 2512: Registration_ICP.PointToPlaneConvergesWell
2499/4154 Test #2512: Registration_ICP.PointToPlaneConvergesWell ......................................................................   Passed    0.20 sec
          Start 2513: Registration_ICP.ObserverDoesNotChangeResult
2500/4154 Test #2513: Registration_ICP.ObserverDoesNotChangeResult ....................................................................   Passed    0.02 sec
          Start 2514: Registration_ICP.ObserverReceivesPerIterationTraces
2501/4154 Test #2514: Registration_ICP.ObserverReceivesPerIterationTraces .............................................................   Passed    0.01 sec
          Start 2515: BilateralFilter.NulloptOnEmptyCloud
2502/4154 Test #2515: BilateralFilter.NulloptOnEmptyCloud .............................................................................   Passed    0.01 sec
          Start 2516: BilateralFilter.NulloptOnSinglePoint
2503/4154 Test #2516: BilateralFilter.NulloptOnSinglePoint ............................................................................   Passed    0.00 sec
          Start 2517: BilateralFilter.NulloptWithoutNormals
2504/4154 Test #2517: BilateralFilter.NulloptWithoutNormals ...........................................................................   Passed    0.00 sec
          Start 2518: BilateralFilter.ZeroIterationsReturnsEmptyResult
2505/4154 Test #2518: BilateralFilter.ZeroIterationsReturnsEmptyResult ................................................................   Passed    0.00 sec
          Start 2519: BilateralFilter.FlatGridUnchanged
2506/4154 Test #2519: BilateralFilter.FlatGridUnchanged ...............................................................................   Passed    0.01 sec
          Start 2520: BilateralFilter.ReducesNoise
2507/4154 Test #2520: BilateralFilter.ReducesNoise ....................................................................................   Passed    0.02 sec
          Start 2521: BilateralFilter.MultipleIterationsConverge
2508/4154 Test #2521: BilateralFilter.MultipleIterationsConverge ......................................................................   Passed    0.01 sec
          Start 2522: BilateralFilter.DegenerateNormalsSkipped
2509/4154 Test #2522: BilateralFilter.DegenerateNormalsSkipped ........................................................................   Passed    0.00 sec
          Start 2523: BilateralFilter.ResultDiagnosticsComplete
2510/4154 Test #2523: BilateralFilter.ResultDiagnosticsComplete .......................................................................   Passed    0.01 sec
          Start 2524: OutlierEstimation.NulloptOnEmptyCloud
2511/4154 Test #2524: OutlierEstimation.NulloptOnEmptyCloud ...........................................................................   Passed    0.00 sec
          Start 2525: OutlierEstimation.NulloptOnSinglePoint
2512/4154 Test #2525: OutlierEstimation.NulloptOnSinglePoint ..........................................................................   Passed    0.00 sec
          Start 2526: OutlierEstimation.UniformCloudLowScores
2513/4154 Test #2526: OutlierEstimation.UniformCloudLowScores .........................................................................   Passed    0.01 sec
          Start 2527: OutlierEstimation.DetectsOutliers
2514/4154 Test #2527: OutlierEstimation.DetectsOutliers ...............................................................................   Passed    0.01 sec
          Start 2528: OutlierEstimation.PublishesProperty
2515/4154 Test #2528: OutlierEstimation.PublishesProperty .............................................................................   Passed    0.01 sec
          Start 2529: OutlierEstimation.ScoreThresholdAffectsCount
2516/4154 Test #2529: OutlierEstimation.ScoreThresholdAffectsCount ....................................................................   Passed    0.01 sec
          Start 2530: OutlierEstimation.ResultDiagnosticsComplete
2517/4154 Test #2530: OutlierEstimation.ResultDiagnosticsComplete .....................................................................   Passed    0.01 sec
          Start 2531: KDE.NulloptOnEmptyCloud
2518/4154 Test #2531: KDE.NulloptOnEmptyCloud .........................................................................................   Passed    0.00 sec
          Start 2532: KDE.NulloptOnSinglePoint
2519/4154 Test #2532: KDE.NulloptOnSinglePoint ........................................................................................   Passed    0.00 sec
          Start 2533: KDE.UniformCloudSimilarDensities
2520/4154 Test #2533: KDE.UniformCloudSimilarDensities ................................................................................   Passed    0.01 sec
          Start 2534: KDE.HigherDensityInDenseRegion
2521/4154 Test #2534: KDE.HigherDensityInDenseRegion ..................................................................................   Passed    0.01 sec
          Start 2535: KDE.PublishesProperty
2522/4154 Test #2535: KDE.PublishesProperty ...........................................................................................   Passed    0.01 sec
          Start 2536: KDE.CustomBandwidth
2523/4154 Test #2536: KDE.CustomBandwidth .............................................................................................   Passed    0.01 sec
          Start 2537: KDE.SilvermanBandwidthAutomatic
2524/4154 Test #2537: KDE.SilvermanBandwidthAutomatic .................................................................................   Passed    0.01 sec
          Start 2538: KDE.ResultDiagnosticsComplete
2525/4154 Test #2538: KDE.ResultDiagnosticsComplete ...................................................................................   Passed    0.01 sec
          Start 2539: PointCloudOutlierRemoval.StatisticalRejectsKnownOutliers
2526/4154 Test #2539: PointCloudOutlierRemoval.StatisticalRejectsKnownOutliers ........................................................   Passed    0.01 sec
          Start 2540: PointCloudOutlierRemoval.StatisticalIsDeterministic
2527/4154 Test #2540: PointCloudOutlierRemoval.StatisticalIsDeterministic .............................................................   Passed    0.01 sec
          Start 2541: PointCloudOutlierRemoval.StatisticalRejectsNonFinitePositions
2528/4154 Test #2541: PointCloudOutlierRemoval.StatisticalRejectsNonFinitePositions ...................................................   Passed    0.01 sec
          Start 2542: PointCloudOutlierRemoval.StatisticalInvalidInputs
2529/4154 Test #2542: PointCloudOutlierRemoval.StatisticalInvalidInputs ...............................................................   Passed    0.01 sec
          Start 2543: PointCloudOutlierRemoval.RadiusRejectsIsolatedPoints
2530/4154 Test #2543: PointCloudOutlierRemoval.RadiusRejectsIsolatedPoints ............................................................   Passed    0.00 sec
          Start 2544: PointCloudOutlierRemoval.RadiusIsDeterministicAndAscending
2531/4154 Test #2544: PointCloudOutlierRemoval.RadiusIsDeterministicAndAscending ......................................................   Passed    0.00 sec
          Start 2545: PointCloudOutlierRemoval.RadiusInvalidInputs
2532/4154 Test #2545: PointCloudOutlierRemoval.RadiusInvalidInputs ....................................................................   Passed    0.00 sec
          Start 2546: PointCloudOutlierRemoval.RadiusRejectsNonFinitePositions
2533/4154 Test #2546: PointCloudOutlierRemoval.RadiusRejectsNonFinitePositions ........................................................   Passed    0.00 sec
          Start 2547: IntersectionClassificationEnums.KindValuesArePinned
2534/4154 Test #2547: IntersectionClassificationEnums.KindValuesArePinned .............................................................   Passed    0.00 sec
          Start 2548: IntersectionClassificationEnums.SegmentFeatureValuesArePinned
2535/4154 Test #2548: IntersectionClassificationEnums.SegmentFeatureValuesArePinned ...................................................   Passed    0.00 sec
          Start 2549: IntersectionClassificationEnums.RayFeatureValuesArePinned
2536/4154 Test #2549: IntersectionClassificationEnums.RayFeatureValuesArePinned .......................................................   Passed    0.00 sec
          Start 2550: IntersectionClassificationEnums.TriangleFeatureValuesArePinned
2537/4154 Test #2550: IntersectionClassificationEnums.TriangleFeatureValuesArePinned ..................................................   Passed    0.00 sec
          Start 2551: IntersectionClassificationDefaults.AllRecordsDefaultToUncertain
2538/4154 Test #2551: IntersectionClassificationDefaults.AllRecordsDefaultToUncertain .................................................   Passed    0.00 sec
          Start 2552: IntersectionClassificationDefaults.ScalarFieldsAreUnspecified
2539/4154 Test #2552: IntersectionClassificationDefaults.ScalarFieldsAreUnspecified ...................................................   Passed    0.00 sec
          Start 2553: IntersectionClassificationDefaults.FeatureFieldsAreNone
2540/4154 Test #2553: IntersectionClassificationDefaults.FeatureFieldsAreNone .........................................................   Passed    0.01 sec
          Start 2554: IntersectionClassificationRecords.RecordsAreTriviallyCopyable
2541/4154 Test #2554: IntersectionClassificationRecords.RecordsAreTriviallyCopyable ...................................................   Passed    0.01 sec
          Start 2555: IntersectionClassificationHelpers.HasIntersectionMatchesContract
2542/4154 Test #2555: IntersectionClassificationHelpers.HasIntersectionMatchesContract ................................................   Passed    0.00 sec
          Start 2556: IntersectionClassificationHelpers.IsAmbiguousIsOnlyTrueForUncertain
2543/4154 Test #2556: IntersectionClassificationHelpers.IsAmbiguousIsOnlyTrueForUncertain .............................................   Passed    0.00 sec
          Start 2557: IntersectionClassificationHelpers.TriangleFeatureFromBarycentricMapsVerticesAndEdges
2544/4154 Test #2557: IntersectionClassificationHelpers.TriangleFeatureFromBarycentricMapsVerticesAndEdges ............................   Passed    0.00 sec
          Start 2558: IntersectionClassificationHelpers.TriangleFeatureFromBarycentricMapsOutOfTriangleToNone
2545/4154 Test #2558: IntersectionClassificationHelpers.TriangleFeatureFromBarycentricMapsOutOfTriangleToNone .........................   Passed    0.00 sec
          Start 2559: IntersectionClassificationCallerUse.ProperSegmentSegmentRoundTrip
2546/4154 Test #2559: IntersectionClassificationCallerUse.ProperSegmentSegmentRoundTrip ...............................................   Passed    0.00 sec
          Start 2560: IntersectionClassificationCallerUse.UncertainPointTrianglePropagatesPredicateDiagnostics
2547/4154 Test #2560: IntersectionClassificationCallerUse.UncertainPointTrianglePropagatesPredicateDiagnostics ........................   Passed    0.00 sec
          Start 2561: RayTriangleClassifyParity.InteriorHitMatchesWatertightAndReportsProper
2548/4154 Test #2561: RayTriangleClassifyParity.InteriorHitMatchesWatertightAndReportsProper ..........................................   Passed    0.01 sec
          Start 2562: RayTriangleClassifyParity.MissReportsNoneAndMatchesWatertight
2549/4154 Test #2562: RayTriangleClassifyParity.MissReportsNoneAndMatchesWatertight ...................................................   Passed    0.01 sec
          Start 2563: RayTriangleClassifyParity.BehindTMinReportsNone
2550/4154 Test #2563: RayTriangleClassifyParity.BehindTMinReportsNone .................................................................   Passed    0.00 sec
          Start 2564: RayTriangleClassifyParity.BeyondTMaxReportsNone
2551/4154 Test #2564: RayTriangleClassifyParity.BeyondTMaxReportsNone .................................................................   Passed    0.00 sec
          Start 2565: RayTriangleClassifyParity.BatchedConfigurationsAgreeOnHitGeometry
2552/4154 Test #2565: RayTriangleClassifyParity.BatchedConfigurationsAgreeOnHitGeometry ...............................................   Passed    0.00 sec
          Start 2566: RayTriangleClassifyDegenerate.ZeroAreaTriangleReportsDegenerateInput
2553/4154 Test #2566: RayTriangleClassifyDegenerate.ZeroAreaTriangleReportsDegenerateInput ............................................   Passed    0.00 sec
          Start 2567: RayTriangleClassifyDegenerate.InvalidRayReportsDegenerateInput
2554/4154 Test #2567: RayTriangleClassifyDegenerate.InvalidRayReportsDegenerateInput ..................................................   Passed    0.00 sec
          Start 2568: RayTriangleClassifyBoundary.VertexAHitReportsTouchingVertexA
2555/4154 Test #2568: RayTriangleClassifyBoundary.VertexAHitReportsTouchingVertexA ....................................................   Passed    0.00 sec
          Start 2569: RayTriangleClassifyBoundary.VertexBHitReportsTouchingVertexB
2556/4154 Test #2569: RayTriangleClassifyBoundary.VertexBHitReportsTouchingVertexB ....................................................   Passed    0.00 sec
          Start 2570: RayTriangleClassifyBoundary.VertexCHitReportsTouchingVertexC
2557/4154 Test #2570: RayTriangleClassifyBoundary.VertexCHitReportsTouchingVertexC ....................................................   Passed    0.00 sec
          Start 2571: RayTriangleClassifyBoundary.EdgeABMidpointReportsTouchingEdgeAB
2558/4154 Test #2571: RayTriangleClassifyBoundary.EdgeABMidpointReportsTouchingEdgeAB .................................................   Passed    0.00 sec
          Start 2572: RayTriangleClassifyBoundary.EdgeBCMidpointReportsTouchingEdgeBC
2559/4154 Test #2572: RayTriangleClassifyBoundary.EdgeBCMidpointReportsTouchingEdgeBC .................................................   Passed    0.00 sec
          Start 2573: RayTriangleClassifyBoundary.EdgeCAMidpointReportsTouchingEdgeCA
2560/4154 Test #2573: RayTriangleClassifyBoundary.EdgeCAMidpointReportsTouchingEdgeCA .................................................   Passed    0.00 sec
          Start 2574: RayTriangleClassifyRayFeature.OriginOnTriangleReportsOriginFeature
2561/4154 Test #2574: RayTriangleClassifyRayFeature.OriginOnTriangleReportsOriginFeature ..............................................   Passed    0.00 sec
          Start 2575: RayTriangleClassifyRayFeature.ForwardHitReportsInteriorRayFeature
2562/4154 Test #2575: RayTriangleClassifyRayFeature.ForwardHitReportsInteriorRayFeature ...............................................   Passed    0.00 sec
          Start 2576: RobustPredicatesScaledEpsilon.ZeroScaleStillReturnsPositiveFloor
2563/4154 Test #2576: RobustPredicatesScaledEpsilon.ZeroScaleStillReturnsPositiveFloor ................................................   Passed    0.00 sec
          Start 2577: RobustPredicatesScaledEpsilon.GrowsWithScale
2564/4154 Test #2577: RobustPredicatesScaledEpsilon.GrowsWithScale ....................................................................   Passed    0.00 sec
          Start 2578: RobustPredicatesApproxZero.ExactZeroIsCertainZeroAtAnyScale
2565/4154 Test #2578: RobustPredicatesApproxZero.ExactZeroIsCertainZeroAtAnyScale .....................................................   Passed    0.00 sec
          Start 2579: RobustPredicatesApproxZero.OrdinaryMagnitudeIsCertainPositive
2566/4154 Test #2579: RobustPredicatesApproxZero.OrdinaryMagnitudeIsCertainPositive ...................................................   Passed    0.00 sec
          Start 2580: RobustPredicatesApproxZero.InsideBandIsUncertainPositive
2567/4154 Test #2580: RobustPredicatesApproxZero.InsideBandIsUncertainPositive ........................................................   Passed    0.00 sec
          Start 2581: RobustPredicatesApproxZero.ScaleAdaptsBandSize
2568/4154 Test #2581: RobustPredicatesApproxZero.ScaleAdaptsBandSize ..................................................................   Passed    0.00 sec
          Start 2582: RobustPredicatesApproxZero.NegativeInputsAreTreatedAsMagnitude
2569/4154 Test #2582: RobustPredicatesApproxZero.NegativeInputsAreTreatedAsMagnitude ..................................................   Passed    0.00 sec
          Start 2583: RobustPredicatesApproxZero.FilterBoundMatchesScaledEpsilon
2570/4154 Test #2583: RobustPredicatesApproxZero.FilterBoundMatchesScaledEpsilon ......................................................   Passed    0.00 sec
          Start 2584: RobustPredicatesOrientation2D.ProperCounterClockwiseIsPositiveCertain
2571/4154 Test #2584: RobustPredicatesOrientation2D.ProperCounterClockwiseIsPositiveCertain ...........................................   Passed    0.00 sec
          Start 2585: RobustPredicatesOrientation2D.ProperClockwiseIsNegativeCertain
2572/4154 Test #2585: RobustPredicatesOrientation2D.ProperClockwiseIsNegativeCertain ..................................................   Passed    0.00 sec
          Start 2586: RobustPredicatesOrientation2D.CollinearExactlyIsZeroCertain
2573/4154 Test #2586: RobustPredicatesOrientation2D.CollinearExactlyIsZeroCertain .....................................................   Passed    0.00 sec
          Start 2587: RobustPredicatesOrientation2D.DuplicatedPointIsZero
2574/4154 Test #2587: RobustPredicatesOrientation2D.DuplicatedPointIsZero .............................................................   Passed    0.00 sec
          Start 2588: RobustPredicatesOrientation2D.LargeScaleIsDecidable
2575/4154 Test #2588: RobustPredicatesOrientation2D.LargeScaleIsDecidable .............................................................   Passed    0.00 sec
          Start 2589: RobustPredicatesOrientation2D.SmallScaleIsDecidable
2576/4154 Test #2589: RobustPredicatesOrientation2D.SmallScaleIsDecidable .............................................................   Passed    0.00 sec
          Start 2590: RobustPredicatesOrientation2D.NonDegenerateInputReportsActiveFilter
2577/4154 Test #2590: RobustPredicatesOrientation2D.NonDegenerateInputReportsActiveFilter .............................................   Passed    0.00 sec
          Start 2591: RobustPredicatesOrientation3D.PointAbovePlaneIsPositiveCertain
2578/4154 Test #2591: RobustPredicatesOrientation3D.PointAbovePlaneIsPositiveCertain ..................................................   Passed    0.00 sec
          Start 2592: RobustPredicatesOrientation3D.PointBelowPlaneIsNegativeCertain
2579/4154 Test #2592: RobustPredicatesOrientation3D.PointBelowPlaneIsNegativeCertain ..................................................   Passed    0.00 sec
          Start 2593: RobustPredicatesOrientation3D.CoplanarExactlyIsZeroCertain
2580/4154 Test #2593: RobustPredicatesOrientation3D.CoplanarExactlyIsZeroCertain ......................................................   Passed    0.00 sec
          Start 2594: RobustPredicatesOrientation3D.DegenerateBaseTriangleStillProducesResult
2581/4154 Test #2594: RobustPredicatesOrientation3D.DegenerateBaseTriangleStillProducesResult .........................................   Passed    0.00 sec
          Start 2595: RobustPredicatesSignedDistanceToPlane.AboveAndBelowPlane
2582/4154 Test #2595: RobustPredicatesSignedDistanceToPlane.AboveAndBelowPlane ........................................................   Passed    0.00 sec
          Start 2596: RobustPredicatesSignedDistanceToPlane.OnPlaneIsZero
2583/4154 Test #2596: RobustPredicatesSignedDistanceToPlane.OnPlaneIsZero .............................................................   Passed    0.00 sec
          Start 2597: RobustPredicatesSignedDistanceToHessianPlane.ExactZeroOnPlaneIsCertainZero
2584/4154 Test #2597: RobustPredicatesSignedDistanceToHessianPlane.ExactZeroOnPlaneIsCertainZero ......................................   Passed    0.00 sec
          Start 2598: RobustPredicatesSignedDistanceToHessianPlane.AboveAndBelowReportCertainSign
2585/4154 Test #2598: RobustPredicatesSignedDistanceToHessianPlane.AboveAndBelowReportCertainSign .....................................   Passed    0.00 sec
          Start 2599: RobustPredicatesSignedDistanceToHessianPlane.MatchesOriginFormForUnitNormal
2586/4154 Test #2599: RobustPredicatesSignedDistanceToHessianPlane.MatchesOriginFormForUnitNormal .....................................   Passed    0.00 sec
          Start 2600: RobustPredicatesSignedDistanceToHessianPlane.ScaledNormalScalesValueButNotSign
2587/4154 Test #2600: RobustPredicatesSignedDistanceToHessianPlane.ScaledNormalScalesValueButNotSign ..................................   Passed    0.00 sec
          Start 2601: RobustPredicatesSignedDistanceToHessianPlane.LargeAndSmallScaleAreDecidable
2588/4154 Test #2601: RobustPredicatesSignedDistanceToHessianPlane.LargeAndSmallScaleAreDecidable .....................................   Passed    0.00 sec
          Start 2602: RobustPredicatesBarycentric.CentroidIsInterior
2589/4154 Test #2602: RobustPredicatesBarycentric.CentroidIsInterior ..................................................................   Passed    0.00 sec
          Start 2603: RobustPredicatesBarycentric.VertexIncidence
2590/4154 Test #2603: RobustPredicatesBarycentric.VertexIncidence .....................................................................   Passed    0.00 sec
          Start 2604: RobustPredicatesBarycentric.EdgeMidpointIncidence
2591/4154 Test #2604: RobustPredicatesBarycentric.EdgeMidpointIncidence ...............................................................   Passed    0.00 sec
          Start 2605: RobustPredicatesBarycentric.ClearlyOutsideIsOutside
2592/4154 Test #2605: RobustPredicatesBarycentric.ClearlyOutsideIsOutside .............................................................   Passed    0.00 sec
          Start 2606: RobustPredicatesBarycentric.DegenerateTriangleReportsDegenerate
2593/4154 Test #2606: RobustPredicatesBarycentric.DegenerateTriangleReportsDegenerate .................................................   Passed    0.01 sec
          Start 2607: RobustPredicatesBarycentric.AboveTriangleStillProjectsToInteriorRegion
2594/4154 Test #2607: RobustPredicatesBarycentric.AboveTriangleStillProjectsToInteriorRegion ..........................................   Passed    0.00 sec
          Start 2608: RobustPredicatesBarycentric.LargeAndSmallScaleAreDecidable
2595/4154 Test #2608: RobustPredicatesBarycentric.LargeAndSmallScaleAreDecidable ......................................................   Passed    0.00 sec
          Start 2609: LinearAlgebra.GlmEigenAdaptersRoundTripFixedSizeValues
2596/4154 Test #2609: LinearAlgebra.GlmEigenAdaptersRoundTripFixedSizeValues ..........................................................   Passed    0.00 sec
          Start 2610: LinearAlgebra.MapRowMajorMatrixViewsContiguousBufferWithoutCopy
2597/4154 Test #2610: LinearAlgebra.MapRowMajorMatrixViewsContiguousBufferWithoutCopy .................................................   Passed    0.00 sec
          Start 2611: LinearAlgebra.SvdReconstructsDeterministicMatrix
2598/4154 Test #2611: LinearAlgebra.SvdReconstructsDeterministicMatrix ................................................................   Passed    0.00 sec
          Start 2612: LinearAlgebra.QrAndSymmetricEigenSolveSmallSystems
2599/4154 Test #2612: LinearAlgebra.QrAndSymmetricEigenSolveSmallSystems ..............................................................   Passed    0.00 sec
          Start 2613: LinearAlgebra.LeastSquaresPolarAndCovarianceReturnDiagnostics
2600/4154 Test #2613: LinearAlgebra.LeastSquaresPolarAndCovarianceReturnDiagnostics ...................................................   Passed    0.00 sec
          Start 2614: LinearAlgebra.RobustPCARecoversLowRankPlusSparseMatrix
2601/4154 Test #2614: LinearAlgebra.RobustPCARecoversLowRankPlusSparseMatrix ..........................................................   Passed    0.02 sec
          Start 2615: LinearAlgebra.RobustPCAIsDeterministicForIdenticalInput
2602/4154 Test #2615: LinearAlgebra.RobustPCAIsDeterministicForIdenticalInput .........................................................   Passed    0.04 sec
          Start 2616: LinearAlgebra.RobustPCAFailsClosedForDegenerateInput
2603/4154 Test #2616: LinearAlgebra.RobustPCAFailsClosedForDegenerateInput ............................................................   Passed    0.00 sec
          Start 2617: Sparse.BuilderSortsMergesDropsAndMultiplies
2604/4154 Test #2617: Sparse.BuilderSortsMergesDropsAndMultiplies .....................................................................   Passed    0.00 sec
          Start 2618: Sparse.DiagnosticsClassifyLaplacianLikeMatrix
2605/4154 Test #2618: Sparse.DiagnosticsClassifyLaplacianLikeMatrix ...................................................................   Passed    0.00 sec
          Start 2619: Sparse.ConjugateGradientReportsConvergenceAndBreakdown
2606/4154 Test #2619: Sparse.ConjugateGradientReportsConvergenceAndBreakdown ..........................................................   Passed    0.00 sec
          Start 2620: Sparse.ShiftedConjugateGradientUsesDiagonalMassTerm
2607/4154 Test #2620: Sparse.ShiftedConjugateGradientUsesDiagonalMassTerm .............................................................   Passed    0.00 sec
          Start 2621: Sparse.ShiftedFixedConjugateGradientSolvesReducedSystem
2608/4154 Test #2621: Sparse.ShiftedFixedConjugateGradientSolvesReducedSystem .........................................................   Passed    0.00 sec
          Start 2622: Sparse.ShiftedFixedConjugateGradientWithNoFixedIndicesMatchesUnconstrained
2609/4154 Test #2622: Sparse.ShiftedFixedConjugateGradientWithNoFixedIndicesMatchesUnconstrained ......................................   Passed    0.00 sec
          Start 2623: Sparse.ShiftedFixedConjugateGradientRejectsMalformedConstraints
2610/4154 Test #2623: Sparse.ShiftedFixedConjugateGradientRejectsMalformedConstraints .................................................   Passed    0.00 sec
          Start 2624: SparseFactorization.LDLTSolvesOneDimensionalPoissonSystem
2611/4154 Test #2624: SparseFactorization.LDLTSolvesOneDimensionalPoissonSystem .......................................................   Passed    0.00 sec
          Start 2625: SparseFactorization.LLTSolvesTriangleFanMassPlusLaplacianShape
2612/4154 Test #2625: SparseFactorization.LLTSolvesTriangleFanMassPlusLaplacianShape ..................................................   Passed    0.00 sec
          Start 2626: SparseFactorization.LDLTAndLLTClassifyIndefiniteAndSingularSystems
2613/4154 Test #2626: SparseFactorization.LDLTAndLLTClassifyIndefiniteAndSingularSystems ..............................................   Passed    0.00 sec
          Start 2627: SparseFactorization.MultiRhsSolveMatchesKnownSolutions
2614/4154 Test #2627: SparseFactorization.MultiRhsSolveMatchesKnownSolutions ..........................................................   Passed    0.00 sec
          Start 2628: SparseFactorization.SolveInPlaceReusesRhsStorage
2615/4154 Test #2628: SparseFactorization.SolveInPlaceReusesRhsStorage ................................................................   Passed    0.01 sec
          Start 2629: SparseFactorization.RejectsInvalidInputAndDimensionMismatches
2616/4154 Test #2629: SparseFactorization.RejectsInvalidInputAndDimensionMismatches ...................................................   Passed    0.00 sec
          Start 2630: SparseFactorization.FactorOnceSolveManyIsBitStable
2617/4154 Test #2630: SparseFactorization.FactorOnceSolveManyIsBitStable ..............................................................   Passed    0.00 sec
          Start 2631: SparseNonsymmetric.BiCGSTABSolvesAdvectionDiffusionSystem
2618/4154 Test #2631: SparseNonsymmetric.BiCGSTABSolvesAdvectionDiffusionSystem .......................................................   Passed    0.00 sec
          Start 2632: SparseNonsymmetric.BiCGSTABMatchesCGOnSPDSystem
2619/4154 Test #2632: SparseNonsymmetric.BiCGSTABMatchesCGOnSPDSystem .................................................................   Passed    0.00 sec
          Start 2633: SparseNonsymmetric.SingularSystemReportsFailureWithoutMutatingOutput
2620/4154 Test #2633: SparseNonsymmetric.SingularSystemReportsFailureWithoutMutatingOutput ............................................   Passed    0.00 sec
          Start 2634: SparseNonsymmetric.RejectsInvalidInputs
2621/4154 Test #2634: SparseNonsymmetric.RejectsInvalidInputs .........................................................................   Passed    0.00 sec
          Start 2635: SparseNonsymmetric.MultiRhsSolveMatchesKnownSolutions
2622/4154 Test #2635: SparseNonsymmetric.MultiRhsSolveMatchesKnownSolutions ...........................................................   Passed    0.00 sec
          Start 2636: SparseNonsymmetric.PreconditionersAgreeWithinTolerance
2623/4154 Test #2636: SparseNonsymmetric.PreconditionersAgreeWithinTolerance ..........................................................   Passed    0.00 sec
          Start 2637: SparseNonsymmetric.IdenticalInputsAreBitStable
2624/4154 Test #2637: SparseNonsymmetric.IdenticalInputsAreBitStable ..................................................................   Passed    0.00 sec
          Start 2638: SignedHeatMethod.ClosedSquareProducesFiniteSignedField
2625/4154 Test #2638: SignedHeatMethod.ClosedSquareProducesFiniteSignedField ..........................................................   Passed    0.01 sec
          Start 2639: SignedHeatMethod.ReversingBoundaryFlipsSign
2626/4154 Test #2639: SignedHeatMethod.ReversingBoundaryFlipsSign .....................................................................   Passed    0.01 sec
          Start 2640: SignedHeatMethod.OpenBoundaryReportsDegenerateButFinite
2627/4154 Test #2640: SignedHeatMethod.OpenBoundaryReportsDegenerateButFinite .........................................................   Passed    0.01 sec
          Start 2641: SignedHeatMethod.InvalidInputsFailClosed
2628/4154 Test #2641: SignedHeatMethod.InvalidInputsFailClosed ........................................................................   Passed    0.01 sec
          Start 2642: SignedHeatMethod.IdenticalInputsAreBitStable
2629/4154 Test #2642: SignedHeatMethod.IdenticalInputsAreBitStable ....................................................................   Passed    0.01 sec
          Start 2643: SubmeshView_Mesh.DefaultMeshIsNotView
2630/4154 Test #2643: SubmeshView_Mesh.DefaultMeshIsNotView ...........................................................................   Passed    0.00 sec
          Start 2644: SubmeshView_Mesh.CreateViewSharesStorage
2631/4154 Test #2644: SubmeshView_Mesh.CreateViewSharesStorage ........................................................................   Passed    0.00 sec
          Start 2645: SubmeshView_Mesh.ViewPositionsReturnSubspan
2632/4154 Test #2645: SubmeshView_Mesh.ViewPositionsReturnSubspan .....................................................................   Passed    0.00 sec
          Start 2646: SubmeshView_Mesh.ViewRangeAccessors
2633/4154 Test #2646: SubmeshView_Mesh.ViewRangeAccessors .............................................................................   Passed    0.00 sec
          Start 2647: SubmeshView_Mesh.ViewClampsToSourceExtent
2634/4154 Test #2647: SubmeshView_Mesh.ViewClampsToSourceExtent .......................................................................   Passed    0.00 sec
          Start 2648: SubmeshView_Mesh.ViewWithOffsetBeyondSizeGivesEmpty
2635/4154 Test #2648: SubmeshView_Mesh.ViewWithOffsetBeyondSizeGivesEmpty .............................................................   Passed    0.00 sec
          Start 2649: SubmeshView_Mesh.ViewSharesPositionDataWithSource
2636/4154 Test #2649: SubmeshView_Mesh.ViewSharesPositionDataWithSource ...............................................................   Passed    0.00 sec
          Start 2650: SubmeshView_Graph.DefaultGraphIsNotView
2637/4154 Test #2650: SubmeshView_Graph.DefaultGraphIsNotView .........................................................................   Passed    0.00 sec
          Start 2651: SubmeshView_Graph.CreateViewRestrictsSize
2638/4154 Test #2651: SubmeshView_Graph.CreateViewRestrictsSize .......................................................................   Passed    0.00 sec
          Start 2652: SubmeshView_Graph.ViewRangeAccessors
2639/4154 Test #2652: SubmeshView_Graph.ViewRangeAccessors ............................................................................   Passed    0.00 sec
          Start 2653: SubmeshView_Cloud.DefaultCloudIsNotView
2640/4154 Test #2653: SubmeshView_Cloud.DefaultCloudIsNotView .........................................................................   Passed    0.00 sec
          Start 2654: SubmeshView_Cloud.CreateViewRestrictsSize
2641/4154 Test #2654: SubmeshView_Cloud.CreateViewRestrictsSize .......................................................................   Passed    0.00 sec
          Start 2655: SubmeshView_Cloud.ViewPositionsReturnSubspan
2642/4154 Test #2655: SubmeshView_Cloud.ViewPositionsReturnSubspan ....................................................................   Passed    0.00 sec
          Start 2656: SubmeshView_Cloud.ViewNormalsReturnSubspan
2643/4154 Test #2656: SubmeshView_Cloud.ViewNormalsReturnSubspan ......................................................................   Passed    0.00 sec
          Start 2657: SubmeshView_Cloud.ViewSharesDataWithSource
2644/4154 Test #2657: SubmeshView_Cloud.ViewSharesDataWithSource ......................................................................   Passed    0.01 sec
          Start 2658: SubmeshView_Cloud.ViewClampsOverflow
2645/4154 Test #2658: SubmeshView_Cloud.ViewClampsOverflow ............................................................................   Passed    0.00 sec
          Start 2659: SubmeshView_Cloud.ViewRangeAccessor
2646/4154 Test #2659: SubmeshView_Cloud.ViewRangeAccessor .............................................................................   Passed    0.00 sec
          Start 2660: SubmeshView_Cloud.MeshBackedCloudUsesCanonicalVertexPointProperty
2647/4154 Test #2660: SubmeshView_Cloud.MeshBackedCloudUsesCanonicalVertexPointProperty ...............................................   Passed    0.00 sec
          Start 2661: SubmeshView_Cloud.GraphBackedCloudUsesCanonicalVertexPointProperty
2648/4154 Test #2661: SubmeshView_Cloud.GraphBackedCloudUsesCanonicalVertexPointProperty ..............................................   Passed    0.00 sec
          Start 2662: SubmeshViewDomainBorrows.MeshAsGraphSharesVertexAndConnectivityPropertyStorage
2649/4154 Test #2662: SubmeshViewDomainBorrows.MeshAsGraphSharesVertexAndConnectivityPropertyStorage ..................................   Passed    0.00 sec
          Start 2663: SubmeshViewDomainBorrows.MeshAsGraphDoesNotAllocateCompatibilityCopyProperties
2650/4154 Test #2663: SubmeshViewDomainBorrows.MeshAsGraphDoesNotAllocateCompatibilityCopyProperties ..................................   Passed    0.00 sec
          Start 2664: SubmeshViewDomainBorrows.MeshAsGraphSharesSizesAndIgnoresFaceState
2651/4154 Test #2664: SubmeshViewDomainBorrows.MeshAsGraphSharesSizesAndIgnoresFaceState ..............................................   Passed    0.00 sec
          Start 2665: SubmeshViewDomainBorrows.MeshSidePositionEditIsVisibleThroughGraphView
2652/4154 Test #2665: SubmeshViewDomainBorrows.MeshSidePositionEditIsVisibleThroughGraphView ..........................................   Passed    0.00 sec
          Start 2666: SubmeshViewDomainBorrows.GraphSidePositionEditIsVisibleOnSourceMesh
2653/4154 Test #2666: SubmeshViewDomainBorrows.GraphSidePositionEditIsVisibleOnSourceMesh .............................................   Passed    0.00 sec
          Start 2667: SubmeshViewDomainBorrows.EmptyMeshBorrowsAsEmptyGraph
2654/4154 Test #2667: SubmeshViewDomainBorrows.EmptyMeshBorrowsAsEmptyGraph ...........................................................   Passed    0.00 sec
          Start 2668: SubmeshViewDomainBorrows.MeshAsCloudSharesVertexPositionPropertyStorage
2655/4154 Test #2668: SubmeshViewDomainBorrows.MeshAsCloudSharesVertexPositionPropertyStorage .........................................   Passed    0.00 sec
          Start 2669: SubmeshViewDomainBorrows.MeshAsCloudDoesNotAllocatePPositionCompatibilityCopy
2656/4154 Test #2669: SubmeshViewDomainBorrows.MeshAsCloudDoesNotAllocatePPositionCompatibilityCopy ...................................   Passed    0.00 sec
          Start 2670: SubmeshViewDomainBorrows.MeshAsCloudReusesExistingVertexNormalProperty
2657/4154 Test #2670: SubmeshViewDomainBorrows.MeshAsCloudReusesExistingVertexNormalProperty ..........................................   Passed    0.00 sec
          Start 2671: SubmeshViewDomainBorrows.MeshSidePositionEditIsVisibleThroughCloudView
2658/4154 Test #2671: SubmeshViewDomainBorrows.MeshSidePositionEditIsVisibleThroughCloudView ..........................................   Passed    0.00 sec
          Start 2672: SubmeshViewDomainBorrows.CloudSidePositionEditIsVisibleOnSourceMesh
2659/4154 Test #2672: SubmeshViewDomainBorrows.CloudSidePositionEditIsVisibleOnSourceMesh .............................................   Passed    0.00 sec
          Start 2673: SubmeshViewDomainBorrows.PointAddedThroughCloudViewAppearsOnSourceMesh
2660/4154 Test #2673: SubmeshViewDomainBorrows.PointAddedThroughCloudViewAppearsOnSourceMesh ..........................................   Passed    0.00 sec
          Start 2674: SubmeshViewDomainBorrows.EmptyMeshBorrowsAsEmptyCloud
2661/4154 Test #2674: SubmeshViewDomainBorrows.EmptyMeshBorrowsAsEmptyCloud ...........................................................   Passed    0.00 sec
          Start 2675: SubmeshViewDomainBorrows.CloudSubviewOfMeshBorrowSeesMeshBackedRows
2662/4154 Test #2675: SubmeshViewDomainBorrows.CloudSubviewOfMeshBorrowSeesMeshBackedRows .............................................   Passed    0.00 sec
          Start 2676: SubmeshViewDomainBorrows.CloudSubviewOfEmptyMeshBorrowClampsToZero
2663/4154 Test #2676: SubmeshViewDomainBorrows.CloudSubviewOfEmptyMeshBorrowClampsToZero ..............................................   Passed    0.00 sec
          Start 2677: SubmeshViewDomainBorrows.CloudDeleteThroughMeshBorrowDoesNotTouchMeshDeletionCounter
2664/4154 Test #2677: SubmeshViewDomainBorrows.CloudDeleteThroughMeshBorrowDoesNotTouchMeshDeletionCounter ............................   Passed    0.00 sec
          Start 2678: SubmeshViewDomainBorrows.MeshGarbageCollectionAfterCloudDeleteIsConsistent
2665/4154 Test #2678: SubmeshViewDomainBorrows.MeshGarbageCollectionAfterCloudDeleteIsConsistent ......................................   Passed    0.00 sec
          Start 2679: SubmeshViewDomainBorrows.GraphAsCloudSharesVertexPositionPropertyStorage
2666/4154 Test #2679: SubmeshViewDomainBorrows.GraphAsCloudSharesVertexPositionPropertyStorage ........................................   Passed    0.00 sec
          Start 2680: SubmeshViewDomainBorrows.GraphAsCloudDoesNotAllocatePPositionCompatibilityCopy
2667/4154 Test #2680: SubmeshViewDomainBorrows.GraphAsCloudDoesNotAllocatePPositionCompatibilityCopy ..................................   Passed    0.00 sec
          Start 2681: SubmeshViewDomainBorrows.GraphAsCloudDoesNotExposeHalfedgeOrEdgePropertySets
2668/4154 Test #2681: SubmeshViewDomainBorrows.GraphAsCloudDoesNotExposeHalfedgeOrEdgePropertySets ....................................   Passed    0.00 sec
          Start 2682: SubmeshViewDomainBorrows.GraphAsCloudSharesVertexConnectivitySlotAsDocumentedUbBoundary
2669/4154 Test #2682: SubmeshViewDomainBorrows.GraphAsCloudSharesVertexConnectivitySlotAsDocumentedUbBoundary .........................   Passed    0.00 sec
          Start 2683: SubmeshViewDomainBorrows.GraphAsCloudReusesExistingVertexNormalProperty
2670/4154 Test #2683: SubmeshViewDomainBorrows.GraphAsCloudReusesExistingVertexNormalProperty .........................................   Passed    0.00 sec
          Start 2684: SubmeshViewDomainBorrows.GraphSidePositionEditIsVisibleThroughCloudView
2671/4154 Test #2684: SubmeshViewDomainBorrows.GraphSidePositionEditIsVisibleThroughCloudView .........................................   Passed    0.01 sec
          Start 2685: SubmeshViewDomainBorrows.CloudSidePositionEditIsVisibleOnSourceGraph
2672/4154 Test #2685: SubmeshViewDomainBorrows.CloudSidePositionEditIsVisibleOnSourceGraph ............................................   Passed    0.01 sec
          Start 2686: SubmeshViewDomainBorrows.PointAddedThroughCloudViewAppearsOnSourceGraph
2673/4154 Test #2686: SubmeshViewDomainBorrows.PointAddedThroughCloudViewAppearsOnSourceGraph .........................................   Passed    0.00 sec
          Start 2687: SubmeshViewDomainBorrows.EmptyGraphBorrowsAsEmptyCloud
2674/4154 Test #2687: SubmeshViewDomainBorrows.EmptyGraphBorrowsAsEmptyCloud ..........................................................   Passed    0.00 sec
          Start 2688: SubmeshViewDomainBorrows.CloudDeleteThroughGraphBorrowDoesNotTouchGraphDeletionCounter
2675/4154 Test #2688: SubmeshViewDomainBorrows.CloudDeleteThroughGraphBorrowDoesNotTouchGraphDeletionCounter ..........................   Passed    0.00 sec
          Start 2689: SubmeshViewDomainBorrows.ConstViewsAreReadOnlyAtCompileTime
2676/4154 Test #2689: SubmeshViewDomainBorrows.ConstViewsAreReadOnlyAtCompileTime .....................................................   Passed    0.00 sec
          Start 2690: SubmeshViewDomainBorrows.ConstMeshGraphViewSharesStorageAndSeesLiveEdits
2677/4154 Test #2690: SubmeshViewDomainBorrows.ConstMeshGraphViewSharesStorageAndSeesLiveEdits ........................................   Passed    0.00 sec
          Start 2691: SubmeshViewDomainBorrows.ConstMeshCloudViewSharesStorageAndSeesLiveEdits
2678/4154 Test #2691: SubmeshViewDomainBorrows.ConstMeshCloudViewSharesStorageAndSeesLiveEdits ........................................   Passed    0.00 sec
          Start 2692: SubmeshViewDomainBorrows.ConstGraphCloudViewSharesStorageAndSeesLiveEdits
2679/4154 Test #2692: SubmeshViewDomainBorrows.ConstGraphCloudViewSharesStorageAndSeesLiveEdits .......................................   Passed    0.00 sec
          Start 2693: SubmeshViewDomainBorrows.HardCopyOfMeshBackedGraphBorrowOwnsIndependentStorage
2680/4154 Test #2693: SubmeshViewDomainBorrows.HardCopyOfMeshBackedGraphBorrowOwnsIndependentStorage ..................................   Passed    0.00 sec
          Start 2694: SubmeshViewDomainBorrows.HardCopyOfMeshBackedCloudBorrowOwnsIndependentStorage
2681/4154 Test #2694: SubmeshViewDomainBorrows.HardCopyOfMeshBackedCloudBorrowOwnsIndependentStorage ..................................   Passed    0.00 sec
          Start 2695: SubmeshViewDomainBorrows.HardCopyOfGraphBackedCloudBorrowOwnsIndependentStorage
2682/4154 Test #2695: SubmeshViewDomainBorrows.HardCopyOfGraphBackedCloudBorrowOwnsIndependentStorage .................................   Passed    0.00 sec
          Start 2696: SubmeshViewDomainBorrows.CopyAssignIntoBorrowedDestinationWritesThroughToSource
2683/4154 Test #2696: SubmeshViewDomainBorrows.CopyAssignIntoBorrowedDestinationWritesThroughToSource .................................   Passed    0.00 sec
          Start 2697: GeometryIO_Metadata.ReportsSupportedImportAndExportDomains
2684/4154 Test #2697: GeometryIO_Metadata.ReportsSupportedImportAndExportDomains ......................................................   Passed    0.00 sec
          Start 2698: GeometryIO_Metadata.ReportsAssetRoutingReadinessForAllPromotedFormats
2685/4154 Test #2698: GeometryIO_Metadata.ReportsAssetRoutingReadinessForAllPromotedFormats ...........................................   Passed    0.00 sec
          Start 2699: GeometryIO_MeshIO.LoadsOFFTriangle
2686/4154 Test #2699: GeometryIO_MeshIO.LoadsOFFTriangle ..............................................................................   Passed    0.00 sec
          Start 2700: GeometryIO_MeshIO.LoadsCOFFTriangleWithVertexColors
2687/4154 Test #2700: GeometryIO_MeshIO.LoadsCOFFTriangleWithVertexColors .............................................................   Passed    0.00 sec
          Start 2701: GeometryIO_MeshIO.LoadsCOFFAlphaTokenIsConsumedNotStored
2688/4154 Test #2701: GeometryIO_MeshIO.LoadsCOFFAlphaTokenIsConsumedNotStored ........................................................   Passed    0.00 sec
          Start 2702: GeometryIO_MeshIO.LoadsNOFFTriangleWithVertexNormals
2689/4154 Test #2702: GeometryIO_MeshIO.LoadsNOFFTriangleWithVertexNormals ............................................................   Passed    0.00 sec
          Start 2703: GeometryIO_MeshIO.LoadsCNOFFTriangleWithNormalsAndColors
2690/4154 Test #2703: GeometryIO_MeshIO.LoadsCNOFFTriangleWithNormalsAndColors ........................................................   Passed    0.00 sec
          Start 2704: GeometryIO_MeshIO.LoadOFFRejectsDegenerateFaceRows
2691/4154 Test #2704: GeometryIO_MeshIO.LoadOFFRejectsDegenerateFaceRows ..............................................................   Passed    0.00 sec
          Start 2705: GeometryIO_MeshIO.LoadOFFRejectsAllDegenerateFaces
2692/4154 Test #2705: GeometryIO_MeshIO.LoadOFFRejectsAllDegenerateFaces ..............................................................   Passed    0.00 sec
          Start 2706: GeometryIO_MeshIO.LoadOFFRejectsHugeHeaderCountsBeforeReserve
2693/4154 Test #2706: GeometryIO_MeshIO.LoadOFFRejectsHugeHeaderCountsBeforeReserve ...................................................   Passed    0.00 sec
          Start 2707: GeometryIO_MeshIO.LoadOFFPreservesCommentBeforeFirstVertexAndFaceRows
2694/4154 Test #2707: GeometryIO_MeshIO.LoadOFFPreservesCommentBeforeFirstVertexAndFaceRows ...........................................   Passed    0.00 sec
          Start 2708: GeometryIO_MeshIO.LoadOFFRejectsUnknownMagic
2695/4154 Test #2708: GeometryIO_MeshIO.LoadOFFRejectsUnknownMagic ....................................................................   Passed    0.00 sec
          Start 2709: GeometryIO_MeshIO.LoadOFFRejectsOutOfRangeVertexIndex
2696/4154 Test #2709: GeometryIO_MeshIO.LoadOFFRejectsOutOfRangeVertexIndex ...........................................................   Passed    0.00 sec
          Start 2710: GeometryIO_MeshIO.LoadsOBJTriangle
2697/4154 Test #2710: GeometryIO_MeshIO.LoadsOBJTriangle ..............................................................................   Passed    0.00 sec
          Start 2711: GeometryIO_MeshIO.LoadsOBJTriangleWithVertexNormals
2698/4154 Test #2711: GeometryIO_MeshIO.LoadsOBJTriangleWithVertexNormals .............................................................   Passed    0.00 sec
          Start 2712: GeometryIO_MeshIO.LoadOBJIgnoresMismatchedVertexNormalCount
2699/4154 Test #2712: GeometryIO_MeshIO.LoadOBJIgnoresMismatchedVertexNormalCount .....................................................   Passed    0.00 sec
          Start 2713: GeometryIO_MeshIO.LoadOBJRejectsMalformedVertexNormal
2700/4154 Test #2713: GeometryIO_MeshIO.LoadOBJRejectsMalformedVertexNormal ...........................................................   Passed    0.00 sec
          Start 2714: GeometryIO_MeshIO.LoadsOBJTriangleWithVertexTexcoords
2701/4154 Test #2714: GeometryIO_MeshIO.LoadsOBJTriangleWithVertexTexcoords ...........................................................   Passed    0.00 sec
          Start 2715: GeometryIO_MeshIO.LoadsOBJVertexTexcoordWithOptionalThirdComponent
2702/4154 Test #2715: GeometryIO_MeshIO.LoadsOBJVertexTexcoordWithOptionalThirdComponent ..............................................   Passed    0.00 sec
          Start 2716: GeometryIO_MeshIO.LoadOBJIgnoresMismatchedVertexTexcoordCount
2703/4154 Test #2716: GeometryIO_MeshIO.LoadOBJIgnoresMismatchedVertexTexcoordCount ...................................................   Passed    0.00 sec
          Start 2717: GeometryIO_MeshIO.LoadOBJRejectsMalformedVertexTexcoord
2704/4154 Test #2717: GeometryIO_MeshIO.LoadOBJRejectsMalformedVertexTexcoord .........................................................   Passed    0.00 sec
          Start 2718: GeometryIO_MeshIO.LoadOBJVertexTexcoordAndNormalCoexist
2705/4154 Test #2718: GeometryIO_MeshIO.LoadOBJVertexTexcoordAndNormalCoexist .........................................................   Passed    0.00 sec
          Start 2719: GeometryIO_MeshIO.LoadsOBJTriangleWithVertexColors
2706/4154 Test #2719: GeometryIO_MeshIO.LoadsOBJTriangleWithVertexColors ..............................................................   Passed    0.00 sec
          Start 2720: GeometryIO_MeshIO.LoadOBJIgnoresMismatchedVertexColorCount
2707/4154 Test #2720: GeometryIO_MeshIO.LoadOBJIgnoresMismatchedVertexColorCount ......................................................   Passed    0.00 sec
          Start 2721: GeometryIO_MeshIO.LoadOBJRejectsMalformedVertexColor
2708/4154 Test #2721: GeometryIO_MeshIO.LoadOBJRejectsMalformedVertexColor ............................................................   Passed    0.00 sec
          Start 2722: GeometryIO_MeshIO.LoadOBJVertexColorAndTexcoordCoexist
2709/4154 Test #2722: GeometryIO_MeshIO.LoadOBJVertexColorAndTexcoordCoexist ..........................................................   Passed    0.00 sec
          Start 2723: GeometryIO_MeshIO.LoadsOBJTriangleWithVertexColorsAndAlpha
2710/4154 Test #2723: GeometryIO_MeshIO.LoadsOBJTriangleWithVertexColorsAndAlpha ......................................................   Passed    0.00 sec
          Start 2724: GeometryIO_MeshIO.LoadsOBJMixedSevenAndEightTokenVertexColors
2711/4154 Test #2724: GeometryIO_MeshIO.LoadsOBJMixedSevenAndEightTokenVertexColors ...................................................   Passed    0.00 sec
          Start 2725: GeometryIO_MeshIO.LoadOBJRejectsMalformedVertexColorAlpha
2712/4154 Test #2725: GeometryIO_MeshIO.LoadOBJRejectsMalformedVertexColorAlpha .......................................................   Passed    0.00 sec
          Start 2726: GeometryIO_MeshIO.LoadOBJVertexColorAlphaSurvivesFaceAttributeRemap
2713/4154 Test #2726: GeometryIO_MeshIO.LoadOBJVertexColorAlphaSurvivesFaceAttributeRemap .............................................   Passed    0.00 sec
          Start 2727: GeometryIO_MeshIO.LoadsOBJFaceTexcoordSeamOnCornersWithoutDuplicatingPositions
2714/4154 Test #2727: GeometryIO_MeshIO.LoadsOBJFaceTexcoordSeamOnCornersWithoutDuplicatingPositions ..................................   Passed    0.00 sec
          Start 2728: GeometryIO_MeshIO.ObjCornerTexcoordsSurviveWriteAndReload
2715/4154 Test #2728: GeometryIO_MeshIO.ObjCornerTexcoordsSurviveWriteAndReload .......................................................   Passed    0.00 sec
          Start 2729: GeometryIO_MeshIO.ObjWithoutTexcoordSeamStaysVertexDomain
2716/4154 Test #2729: GeometryIO_MeshIO.ObjWithoutTexcoordSeamStaysVertexDomain .......................................................   Passed    0.00 sec
          Start 2730: GeometryIO_MeshIO.LoadsOBJFaceNormalIndicesWithoutLockstepNormals
2717/4154 Test #2730: GeometryIO_MeshIO.LoadsOBJFaceNormalIndicesWithoutLockstepNormals ...............................................   Passed    0.00 sec
          Start 2731: GeometryIO_MeshIO.LoadsOBJFaceAttributeNegativeIndices
2718/4154 Test #2731: GeometryIO_MeshIO.LoadsOBJFaceAttributeNegativeIndices ..........................................................   Passed    0.00 sec
          Start 2732: GeometryIO_MeshIO.LoadOBJRejectsOutOfRangeFaceTexcoordIndex
2719/4154 Test #2732: GeometryIO_MeshIO.LoadOBJRejectsOutOfRangeFaceTexcoordIndex .....................................................   Passed    0.00 sec
          Start 2733: GeometryIO_MeshIO.LoadsASCIIPLYTriangle
2720/4154 Test #2733: GeometryIO_MeshIO.LoadsASCIIPLYTriangle .........................................................................   Passed    0.00 sec
          Start 2734: GeometryIO_MeshIO.LoadsASCIIPLYTriangleWithVertexNormalsAndColors
2721/4154 Test #2734: GeometryIO_MeshIO.LoadsASCIIPLYTriangleWithVertexNormalsAndColors ...............................................   Passed    0.00 sec
          Start 2735: GeometryIO_MeshIO.LoadsASCIIPLYTriangleWithVertexTexcoords
2722/4154 Test #2735: GeometryIO_MeshIO.LoadsASCIIPLYTriangleWithVertexTexcoords ......................................................   Passed    0.00 sec
          Start 2736: GeometryIO_MeshIO.LoadsASCIIPLYTriangleWithTextureUVAliases
2723/4154 Test #2736: GeometryIO_MeshIO.LoadsASCIIPLYTriangleWithTextureUVAliases .....................................................   Passed    0.00 sec
          Start 2737: GeometryIO_MeshIO.LoadASCIIPLYIgnoresPartialTexcoordAxis
2724/4154 Test #2737: GeometryIO_MeshIO.LoadASCIIPLYIgnoresPartialTexcoordAxis ........................................................   Passed    0.00 sec
          Start 2738: GeometryIO_MeshIO.LoadsASCIISTLTriangle
2725/4154 Test #2738: GeometryIO_MeshIO.LoadsASCIISTLTriangle .........................................................................   Passed    0.00 sec
          Start 2739: GeometryIO_MeshIO.MeshImportersRejectNonFinitePositions
2726/4154 Test #2739: GeometryIO_MeshIO.MeshImportersRejectNonFinitePositions .........................................................   Passed    0.00 sec
          Start 2740: GeometryIO_MeshIO.MeshImportersRejectNonFiniteVertexColors
2727/4154 Test #2740: GeometryIO_MeshIO.MeshImportersRejectNonFiniteVertexColors ......................................................   Passed    0.00 sec
          Start 2741: GeometryIO_MeshIO.MeshImportersRejectNonFiniteVertexNormals
2728/4154 Test #2741: GeometryIO_MeshIO.MeshImportersRejectNonFiniteVertexNormals .....................................................   Passed    0.00 sec
          Start 2742: GeometryIO_MeshIO.MeshImportersRejectNonFiniteVertexTexcoords
2729/4154 Test #2742: GeometryIO_MeshIO.MeshImportersRejectNonFiniteVertexTexcoords ...................................................   Passed    0.00 sec
          Start 2743: GeometryIO_MeshIO.WritesOFFQuadRoundTripsFaceArity
2730/4154 Test #2743: GeometryIO_MeshIO.WritesOFFQuadRoundTripsFaceArity ..............................................................   Passed    0.00 sec
          Start 2744: GeometryIO_MeshIO.WriteOFFIsByteDeterministic
2731/4154 Test #2744: GeometryIO_MeshIO.WriteOFFIsByteDeterministic ...................................................................   Passed    0.00 sec
          Start 2745: GeometryIO_MeshIO.WriteOFFFailsClosed
2732/4154 Test #2745: GeometryIO_MeshIO.WriteOFFFailsClosed ...........................................................................   Passed    0.00 sec
          Start 2746: GeometryIO_MeshIO.WritesOBJTriangle
2733/4154 Test #2746: GeometryIO_MeshIO.WritesOBJTriangle .............................................................................   Passed    0.00 sec
          Start 2747: GeometryIO_MeshIO.WritesOBJTriangleWithNormals
2734/4154 Test #2747: GeometryIO_MeshIO.WritesOBJTriangleWithNormals ..................................................................   Passed    0.00 sec
          Start 2748: GeometryIO_MeshIO.WritesOBJTriangleWithTexcoords
2735/4154 Test #2748: GeometryIO_MeshIO.WritesOBJTriangleWithTexcoords ................................................................   Passed    0.00 sec
          Start 2749: GeometryIO_MeshIO.WritesOBJTriangleWithTexcoordsAndNormals
2736/4154 Test #2749: GeometryIO_MeshIO.WritesOBJTriangleWithTexcoordsAndNormals ......................................................   Passed    0.00 sec
          Start 2750: GeometryIO_MeshIO.WritesOBJTriangleWithVertexColors
2737/4154 Test #2750: GeometryIO_MeshIO.WritesOBJTriangleWithVertexColors .............................................................   Passed    0.00 sec
          Start 2751: GeometryIO_MeshIO.WritesOBJTriangleWithColorsAndNormals
2738/4154 Test #2751: GeometryIO_MeshIO.WritesOBJTriangleWithColorsAndNormals .........................................................   Passed    0.00 sec
          Start 2752: GeometryIO_MeshIO.WritesOBJTriangleWithColorsAndTexcoords
2739/4154 Test #2752: GeometryIO_MeshIO.WritesOBJTriangleWithColorsAndTexcoords .......................................................   Passed    0.00 sec
          Start 2753: GeometryIO_MeshIO.WriteOBJOmitsColorsWhenAbsent
2740/4154 Test #2753: GeometryIO_MeshIO.WriteOBJOmitsColorsWhenAbsent .................................................................   Passed    0.00 sec
          Start 2754: GeometryIO_MeshIO.WriteOBJOmitsColorsWhenMismatchedCount
2741/4154 Test #2754: GeometryIO_MeshIO.WriteOBJOmitsColorsWhenMismatchedCount ........................................................   Passed    0.00 sec
          Start 2755: GeometryIO_MeshIO.WriteOBJReportsFailureOnUnformattableVertexColor
2742/4154 Test #2755: GeometryIO_MeshIO.WriteOBJReportsFailureOnUnformattableVertexColor ..............................................   Passed    0.00 sec
          Start 2756: GeometryIO_MeshIO.WriteOBJOmitsTexcoordsWhenAbsent
2743/4154 Test #2756: GeometryIO_MeshIO.WriteOBJOmitsTexcoordsWhenAbsent ..............................................................   Passed    0.00 sec
          Start 2757: GeometryIO_MeshIO.WritesOBJQuadRoundTripsFaceArity
2744/4154 Test #2757: GeometryIO_MeshIO.WritesOBJQuadRoundTripsFaceArity ..............................................................   Passed    0.00 sec
          Start 2758: GeometryIO_MeshIO.WriteOBJRejectsEmptyMesh
2745/4154 Test #2758: GeometryIO_MeshIO.WriteOBJRejectsEmptyMesh ......................................................................   Passed    0.00 sec
          Start 2759: GeometryIO_MeshIO.WriteOBJRejectsOutOfRangeIndex
2746/4154 Test #2759: GeometryIO_MeshIO.WriteOBJRejectsOutOfRangeIndex ................................................................   Passed    0.00 sec
          Start 2760: GeometryIO_MeshIO.WriteOBJRejectsBadPath
2747/4154 Test #2760: GeometryIO_MeshIO.WriteOBJRejectsBadPath ........................................................................   Passed    0.00 sec
          Start 2761: GeometryIO_MeshIO.WritesPLYTriangle
2748/4154 Test #2761: GeometryIO_MeshIO.WritesPLYTriangle .............................................................................   Passed    0.00 sec
          Start 2762: GeometryIO_MeshIO.WritesPLYTriangleWithNormals
2749/4154 Test #2762: GeometryIO_MeshIO.WritesPLYTriangleWithNormals ..................................................................   Passed    0.00 sec
          Start 2763: GeometryIO_MeshIO.WritesPLYTriangleWithVertexColors
2750/4154 Test #2763: GeometryIO_MeshIO.WritesPLYTriangleWithVertexColors .............................................................   Passed    0.00 sec
          Start 2764: GeometryIO_MeshIO.WritesPLYTriangleWithVertexTexcoords
2751/4154 Test #2764: GeometryIO_MeshIO.WritesPLYTriangleWithVertexTexcoords ..........................................................   Passed    0.00 sec
          Start 2765: GeometryIO_MeshIO.WritesPLYQuadRoundTripsFaceArity
2752/4154 Test #2765: GeometryIO_MeshIO.WritesPLYQuadRoundTripsFaceArity ..............................................................   Passed    0.00 sec
          Start 2766: GeometryIO_MeshIO.WritePLYRejectsEmptyMesh
2753/4154 Test #2766: GeometryIO_MeshIO.WritePLYRejectsEmptyMesh ......................................................................   Passed    0.00 sec
          Start 2767: GeometryIO_MeshIO.WritePLYRejectsOutOfRangeIndex
2754/4154 Test #2767: GeometryIO_MeshIO.WritePLYRejectsOutOfRangeIndex ................................................................   Passed    0.00 sec
          Start 2768: GeometryIO_MeshIO.WritePLYRejectsBadPath
2755/4154 Test #2768: GeometryIO_MeshIO.WritePLYRejectsBadPath ........................................................................   Passed    0.00 sec
          Start 2769: GeometryIO_MeshIO.WritesPLYBinaryTriangle
2756/4154 Test #2769: GeometryIO_MeshIO.WritesPLYBinaryTriangle .......................................................................   Passed    0.00 sec
          Start 2770: GeometryIO_MeshIO.WritesPLYBinaryTriangleWithNormals
2757/4154 Test #2770: GeometryIO_MeshIO.WritesPLYBinaryTriangleWithNormals ............................................................   Passed    0.00 sec
          Start 2771: GeometryIO_MeshIO.WritesPLYBinaryTriangleWithVertexColors
2758/4154 Test #2771: GeometryIO_MeshIO.WritesPLYBinaryTriangleWithVertexColors .......................................................   Passed    0.00 sec
          Start 2772: GeometryIO_MeshIO.WritesPLYBinaryTriangleWithVertexTexcoords
2759/4154 Test #2772: GeometryIO_MeshIO.WritesPLYBinaryTriangleWithVertexTexcoords ....................................................   Passed    0.00 sec
          Start 2773: GeometryIO_MeshIO.WritesPLYBinaryQuadRoundTripsFaceArity
2760/4154 Test #2773: GeometryIO_MeshIO.WritesPLYBinaryQuadRoundTripsFaceArity ........................................................   Passed    0.00 sec
          Start 2774: GeometryIO_MeshIO.WritePLYBinaryRejectsEmptyMesh
2761/4154 Test #2774: GeometryIO_MeshIO.WritePLYBinaryRejectsEmptyMesh ................................................................   Passed    0.00 sec
          Start 2775: GeometryIO_MeshIO.WritePLYBinaryRejectsOutOfRangeIndex
2762/4154 Test #2775: GeometryIO_MeshIO.WritePLYBinaryRejectsOutOfRangeIndex ..........................................................   Passed    0.00 sec
          Start 2776: GeometryIO_MeshIO.WritePLYBinaryRejectsBadPath
2763/4154 Test #2776: GeometryIO_MeshIO.WritePLYBinaryRejectsBadPath ..................................................................   Passed    0.00 sec
          Start 2777: GeometryIO_MeshIO.MeshExportersRejectNonFinitePositions
2764/4154 Test #2777: GeometryIO_MeshIO.MeshExportersRejectNonFinitePositions .........................................................   Passed    0.00 sec
          Start 2778: GeometryIO_MeshIO.MeshExportersRejectNonFiniteVertexColors
2765/4154 Test #2778: GeometryIO_MeshIO.MeshExportersRejectNonFiniteVertexColors ......................................................   Passed    0.00 sec
          Start 2779: GeometryIO_MeshIO.MeshExportersRejectNonFiniteVertexNormals
2766/4154 Test #2779: GeometryIO_MeshIO.MeshExportersRejectNonFiniteVertexNormals .....................................................   Passed    0.00 sec
          Start 2780: GeometryIO_MeshIO.MeshExportersRejectNonFiniteVertexTexcoords
2767/4154 Test #2780: GeometryIO_MeshIO.MeshExportersRejectNonFiniteVertexTexcoords ...................................................   Passed    0.00 sec
          Start 2781: GeometryIO_MeshIO.LoadsBinarySTLSingleTriangle
2768/4154 Test #2781: GeometryIO_MeshIO.LoadsBinarySTLSingleTriangle ..................................................................   Passed    0.00 sec
          Start 2782: GeometryIO_MeshIO.LoadsBinarySTLTwoTriangles
2769/4154 Test #2782: GeometryIO_MeshIO.LoadsBinarySTLTwoTriangles ....................................................................   Passed    0.00 sec
          Start 2783: GeometryIO_MeshIO.LoadSTLRejectsTruncatedBinaryPayload
2770/4154 Test #2783: GeometryIO_MeshIO.LoadSTLRejectsTruncatedBinaryPayload ..........................................................   Passed    0.00 sec
          Start 2784: GeometryIO_MeshIO.LoadsASCIISTLAfterBinaryDispatch
2771/4154 Test #2784: GeometryIO_MeshIO.LoadsASCIISTLAfterBinaryDispatch ..............................................................   Passed    0.00 sec
          Start 2785: GeometryIO_MeshIO.WritesSTLTriangle
2772/4154 Test #2785: GeometryIO_MeshIO.WritesSTLTriangle .............................................................................   Passed    0.00 sec
          Start 2786: GeometryIO_MeshIO.WritesSTLTriangleEmitsFacetNormal
2773/4154 Test #2786: GeometryIO_MeshIO.WritesSTLTriangleEmitsFacetNormal .............................................................   Passed    0.00 sec
          Start 2787: GeometryIO_MeshIO.WriteSTLRejectsQuadFace
2774/4154 Test #2787: GeometryIO_MeshIO.WriteSTLRejectsQuadFace .......................................................................   Passed    0.00 sec
          Start 2788: GeometryIO_MeshIO.WriteSTLRejectsEmptyMesh
2775/4154 Test #2788: GeometryIO_MeshIO.WriteSTLRejectsEmptyMesh ......................................................................   Passed    0.00 sec
          Start 2789: GeometryIO_MeshIO.WriteSTLRejectsOutOfRangeIndex
2776/4154 Test #2789: GeometryIO_MeshIO.WriteSTLRejectsOutOfRangeIndex ................................................................   Passed    0.00 sec
          Start 2790: GeometryIO_MeshIO.WriteSTLRejectsBadPath
2777/4154 Test #2790: GeometryIO_MeshIO.WriteSTLRejectsBadPath ........................................................................   Passed    0.00 sec
          Start 2791: GeometryIO_MeshIO.WritesSTLBinaryTriangleRoundTrip
2778/4154 Test #2791: GeometryIO_MeshIO.WritesSTLBinaryTriangleRoundTrip ..............................................................   Passed    0.00 sec
          Start 2792: GeometryIO_MeshIO.WritesSTLBinaryReportsTriangleCountInHeader
2779/4154 Test #2792: GeometryIO_MeshIO.WritesSTLBinaryReportsTriangleCountInHeader ...................................................   Passed    0.00 sec
          Start 2793: GeometryIO_MeshIO.WriteSTLBinaryRejectsQuadFace
2780/4154 Test #2793: GeometryIO_MeshIO.WriteSTLBinaryRejectsQuadFace .................................................................   Passed    0.00 sec
          Start 2794: GeometryIO_MeshIO.WriteSTLBinaryRejectsEmptyMesh
2781/4154 Test #2794: GeometryIO_MeshIO.WriteSTLBinaryRejectsEmptyMesh ................................................................   Passed    0.00 sec
          Start 2795: GeometryIO_MeshIO.WriteSTLBinaryRejectsOutOfRangeIndex
2782/4154 Test #2795: GeometryIO_MeshIO.WriteSTLBinaryRejectsOutOfRangeIndex ..........................................................   Passed    0.00 sec
          Start 2796: GeometryIO_MeshIO.WriteSTLBinaryRejectsBadPath
2783/4154 Test #2796: GeometryIO_MeshIO.WriteSTLBinaryRejectsBadPath ..................................................................   Passed    0.00 sec
          Start 2797: GeometryIO_MeshIO.LoadsBinaryLittleEndianPLYTriangle
2784/4154 Test #2797: GeometryIO_MeshIO.LoadsBinaryLittleEndianPLYTriangle ............................................................   Passed    0.00 sec
          Start 2798: GeometryIO_MeshIO.LoadsBinaryBigEndianPLYTriangle
2785/4154 Test #2798: GeometryIO_MeshIO.LoadsBinaryBigEndianPLYTriangle ...............................................................   Passed    0.00 sec
          Start 2799: GeometryIO_MeshIO.LoadsBinaryLittleEndianPLYQuad
2786/4154 Test #2799: GeometryIO_MeshIO.LoadsBinaryLittleEndianPLYQuad ................................................................   Passed    0.00 sec
          Start 2800: GeometryIO_MeshIO.LoadsBinaryLittleEndianPLYWithExtraVertexProperties
2787/4154 Test #2800: GeometryIO_MeshIO.LoadsBinaryLittleEndianPLYWithExtraVertexProperties ...........................................   Passed    0.00 sec
          Start 2801: GeometryIO_MeshIO.LoadsBinaryPLYTriangleWithVertexTexcoords
2788/4154 Test #2801: GeometryIO_MeshIO.LoadsBinaryPLYTriangleWithVertexTexcoords .....................................................   Passed    0.00 sec
          Start 2802: GeometryIO_MeshIO.LoadsBinaryPLYTriangleWithDoubleScalars
2789/4154 Test #2802: GeometryIO_MeshIO.LoadsBinaryPLYTriangleWithDoubleScalars .......................................................   Passed    0.00 sec
          Start 2803: GeometryIO_MeshIO.LoadPLYRejectsTruncatedBinaryBody
2790/4154 Test #2803: GeometryIO_MeshIO.LoadPLYRejectsTruncatedBinaryBody .............................................................   Passed    0.00 sec
          Start 2804: GeometryIO_MeshIO.LoadPLYRejectsHugeAsciiHeaderCountsBeforeReserve
2791/4154 Test #2804: GeometryIO_MeshIO.LoadPLYRejectsHugeAsciiHeaderCountsBeforeReserve ..............................................   Passed    0.00 sec
          Start 2805: GeometryIO_MeshIO.LoadPLYRejectsHugeBinaryHeaderCountsBeforeReserve
2792/4154 Test #2805: GeometryIO_MeshIO.LoadPLYRejectsHugeBinaryHeaderCountsBeforeReserve .............................................   Passed    0.00 sec
          Start 2806: GeometryIO_MeshIO.LoadPLYRejectsNonIntegralListCountType
2793/4154 Test #2806: GeometryIO_MeshIO.LoadPLYRejectsNonIntegralListCountType ........................................................   Passed    0.00 sec
          Start 2807: GeometryIO_MeshIO.LoadPLYRejectsNegativeBinaryListCount
2794/4154 Test #2807: GeometryIO_MeshIO.LoadPLYRejectsNegativeBinaryListCount .........................................................   Passed    0.00 sec
          Start 2808: GeometryIO_MeshIO.LoadPLYRejectsBinaryFaceListBelowThree
2795/4154 Test #2808: GeometryIO_MeshIO.LoadPLYRejectsBinaryFaceListBelowThree ........................................................   Passed    0.00 sec
          Start 2809: GeometryIO_MeshIO.LoadsAsciiPLYAfterBinaryDispatch
2796/4154 Test #2809: GeometryIO_MeshIO.LoadsAsciiPLYAfterBinaryDispatch ..............................................................   Passed    0.00 sec
          Start 2810: GeometryIO_MeshIO.LoadPLYRejectsUnsupportedFormatVersion
2797/4154 Test #2810: GeometryIO_MeshIO.LoadPLYRejectsUnsupportedFormatVersion ........................................................   Passed    0.00 sec
          Start 2811: GeometryIO_MeshIO.MeshImportersRejectDuplicateVertexFaces
2798/4154 Test #2811: GeometryIO_MeshIO.MeshImportersRejectDuplicateVertexFaces .......................................................   Passed    0.00 sec
          Start 2812: GeometryIO_PointCloudIO.LoadsXYZWithColor
2799/4154 Test #2812: GeometryIO_PointCloudIO.LoadsXYZWithColor .......................................................................   Passed    0.00 sec
          Start 2813: GeometryIO_PointCloudIO.LoadsXYZRGBTrailingColor
2800/4154 Test #2813: GeometryIO_PointCloudIO.LoadsXYZRGBTrailingColor ................................................................   Passed    0.00 sec
          Start 2814: GeometryIO_PointCloudIO.LoadsXYZSemicolonDelimited
2801/4154 Test #2814: GeometryIO_PointCloudIO.LoadsXYZSemicolonDelimited ..............................................................   Passed    0.00 sec
          Start 2815: GeometryIO_PointCloudIO.LoadsXYZSkipsScanLineMarkers
2802/4154 Test #2815: GeometryIO_PointCloudIO.LoadsXYZSkipsScanLineMarkers ............................................................   Passed    0.00 sec
          Start 2816: GeometryIO_PointCloudIO.LoadsXYZSoftSkipsMalformedRows
2803/4154 Test #2816: GeometryIO_PointCloudIO.LoadsXYZSoftSkipsMalformedRows ..........................................................   Passed    0.00 sec
          Start 2817: GeometryIO_PointCloudIO.LoadXYZRejectsAllMalformedInput
2804/4154 Test #2817: GeometryIO_PointCloudIO.LoadXYZRejectsAllMalformedInput .........................................................   Passed    0.00 sec
          Start 2818: GeometryIO_PointCloudIO.LoadsPTSFixture
2805/4154 Test #2818: GeometryIO_PointCloudIO.LoadsPTSFixture .........................................................................   Passed    0.00 sec
          Start 2819: GeometryIO_PointCloudIO.LoadsPWNFixtureWithNormals
2806/4154 Test #2819: GeometryIO_PointCloudIO.LoadsPWNFixtureWithNormals ..............................................................   Passed    0.00 sec
          Start 2820: GeometryIO_PointCloudIO.LoadsCSVFixtureWithNormals
2807/4154 Test #2820: GeometryIO_PointCloudIO.LoadsCSVFixtureWithNormals ..............................................................   Passed    0.00 sec
          Start 2821: GeometryIO_PointCloudIO.Loads3DFixture
2808/4154 Test #2821: GeometryIO_PointCloudIO.Loads3DFixture ..........................................................................   Passed    0.00 sec
          Start 2822: GeometryIO_PointCloudIO.LoadsTXTFixtureWithColor
2809/4154 Test #2822: GeometryIO_PointCloudIO.LoadsTXTFixtureWithColor ................................................................   Passed    0.00 sec
          Start 2823: GeometryIO_PointCloudIO.StrictAsciiReadersRejectMalformedInput
2810/4154 Test #2823: GeometryIO_PointCloudIO.StrictAsciiReadersRejectMalformedInput ..................................................   Passed    0.00 sec
          Start 2824: GeometryIO_PointCloudIO.StrictAsciiReaderLoadsAreDeterministic
2811/4154 Test #2824: GeometryIO_PointCloudIO.StrictAsciiReaderLoadsAreDeterministic ..................................................   Passed    0.00 sec
          Start 2825: GeometryIO_PointCloudIO.PointCloudImportersRejectNonFinitePositions
2812/4154 Test #2825: GeometryIO_PointCloudIO.PointCloudImportersRejectNonFinitePositions .............................................   Passed    0.00 sec
          Start 2826: GeometryIO_PointCloudIO.PointCloudImportersRejectNonFiniteColors
2813/4154 Test #2826: GeometryIO_PointCloudIO.PointCloudImportersRejectNonFiniteColors ................................................   Passed    0.00 sec
          Start 2827: GeometryIO_PointCloudIO.PointCloudImportersRejectNonFiniteNormals
2814/4154 Test #2827: GeometryIO_PointCloudIO.PointCloudImportersRejectNonFiniteNormals ...............................................   Passed    0.00 sec
          Start 2828: GeometryIO_PointCloudIO.LoadsASCIIPCDWithNormalsAndColor
2815/4154 Test #2828: GeometryIO_PointCloudIO.LoadsASCIIPCDWithNormalsAndColor ........................................................   Passed    0.00 sec
          Start 2829: GeometryIO_PointCloudIO.LoadsASCIIPCDWithPackedFloatRgb
2816/4154 Test #2829: GeometryIO_PointCloudIO.LoadsASCIIPCDWithPackedFloatRgb .........................................................   Passed    0.00 sec
          Start 2830: GeometryIO_PointCloudIO.LoadsASCIIPCDWithSignedPackedRgba
2817/4154 Test #2830: GeometryIO_PointCloudIO.LoadsASCIIPCDWithSignedPackedRgba .......................................................   Passed    0.00 sec
          Start 2831: GeometryIO_PointCloudIO.LoadsVertexOnlyASCIIPLY
2818/4154 Test #2831: GeometryIO_PointCloudIO.LoadsVertexOnlyASCIIPLY .................................................................   Passed    0.00 sec
          Start 2832: GeometryIO_PointCloudIO.LoadsBinaryLittleEndianPLYPointCloud
2819/4154 Test #2832: GeometryIO_PointCloudIO.LoadsBinaryLittleEndianPLYPointCloud ....................................................   Passed    0.00 sec
          Start 2833: GeometryIO_PointCloudIO.LoadsBinaryBigEndianPLYPointCloud
2820/4154 Test #2833: GeometryIO_PointCloudIO.LoadsBinaryBigEndianPLYPointCloud .......................................................   Passed    0.00 sec
          Start 2834: GeometryIO_PointCloudIO.LoadsBinaryLittleEndianPLYPointCloudWithFaceList
2821/4154 Test #2834: GeometryIO_PointCloudIO.LoadsBinaryLittleEndianPLYPointCloudWithFaceList ........................................   Passed    0.00 sec
          Start 2835: GeometryIO_PointCloudIO.LoadsBinaryBigEndianPLYPointCloudWithFaceList
2822/4154 Test #2835: GeometryIO_PointCloudIO.LoadsBinaryBigEndianPLYPointCloudWithFaceList ...........................................   Passed    0.00 sec
          Start 2836: GeometryIO_PointCloudIO.LoadsBinaryBigEndianPLYPointCloudWithInterleavedNonVertexProperties
2823/4154 Test #2836: GeometryIO_PointCloudIO.LoadsBinaryBigEndianPLYPointCloudWithInterleavedNonVertexProperties .....................   Passed    0.00 sec
          Start 2837: GeometryIO_PointCloudIO.LoadsCheckedInBinaryPLYPointCloudEndianFixtures
2824/4154 Test #2837: GeometryIO_PointCloudIO.LoadsCheckedInBinaryPLYPointCloudEndianFixtures .........................................   Passed    0.00 sec
          Start 2838: GeometryIO_PointCloudIO.LoadsBinaryPLYPointCloudWithNormalsAndColor
2825/4154 Test #2838: GeometryIO_PointCloudIO.LoadsBinaryPLYPointCloudWithNormalsAndColor .............................................   Passed    0.00 sec
          Start 2839: GeometryIO_PointCloudIO.LoadsBinaryPLYPointCloudWithDoubleScalars
2826/4154 Test #2839: GeometryIO_PointCloudIO.LoadsBinaryPLYPointCloudWithDoubleScalars ...............................................   Passed    0.00 sec
          Start 2840: GeometryIO_PointCloudIO.LoadsBinaryPLYPointCloudSkipsExtraScalars
2827/4154 Test #2840: GeometryIO_PointCloudIO.LoadsBinaryPLYPointCloudSkipsExtraScalars ...............................................   Passed    0.00 sec
          Start 2841: GeometryIO_PointCloudIO.LoadPLYPointCloudRejectsTruncatedBinaryBody
2828/4154 Test #2841: GeometryIO_PointCloudIO.LoadPLYPointCloudRejectsTruncatedBinaryBody .............................................   Passed    0.00 sec
          Start 2842: GeometryIO_PointCloudIO.BinaryPLYPointCloudRejectsTruncatedNonVertexListCount
2829/4154 Test #2842: GeometryIO_PointCloudIO.BinaryPLYPointCloudRejectsTruncatedNonVertexListCount ...................................   Passed    0.00 sec
          Start 2843: GeometryIO_PointCloudIO.BinaryPLYPointCloudRejectsTruncatedNonVertexListPayload
2830/4154 Test #2843: GeometryIO_PointCloudIO.BinaryPLYPointCloudRejectsTruncatedNonVertexListPayload .................................   Passed    0.00 sec
          Start 2844: GeometryIO_PointCloudIO.BinaryPLYPointCloudRejectsNegativeBigEndianListCount
2831/4154 Test #2844: GeometryIO_PointCloudIO.BinaryPLYPointCloudRejectsNegativeBigEndianListCount ....................................   Passed    0.00 sec
          Start 2845: GeometryIO_PointCloudIO.BinaryPLYPointCloudRejectsFloatingListCountType
2832/4154 Test #2845: GeometryIO_PointCloudIO.BinaryPLYPointCloudRejectsFloatingListCountType .........................................   Passed    0.00 sec
          Start 2846: GeometryIO_PointCloudIO.BinaryPLYPointCloudRejectsOversizedListPayloadBeforeMultiplication
2833/4154 Test #2846: GeometryIO_PointCloudIO.BinaryPLYPointCloudRejectsOversizedListPayloadBeforeMultiplication ......................   Passed    0.00 sec
          Start 2847: GeometryIO_PointCloudIO.BinaryPLYPointCloudRejectsOverflowingFixedElementByteCount
2834/4154 Test #2847: GeometryIO_PointCloudIO.BinaryPLYPointCloudRejectsOverflowingFixedElementByteCount ..............................   Passed    0.00 sec
          Start 2848: GeometryIO_PointCloudIO.LoadPLYPointCloudRejectsListPropertyInVertex
2835/4154 Test #2848: GeometryIO_PointCloudIO.LoadPLYPointCloudRejectsListPropertyInVertex ............................................   Passed    0.00 sec
          Start 2849: GeometryIO_PointCloudIO.LoadsAsciiPLYPointCloudAfterBinaryDispatch
2836/4154 Test #2849: GeometryIO_PointCloudIO.LoadsAsciiPLYPointCloudAfterBinaryDispatch ..............................................   Passed    0.00 sec
          Start 2850: GeometryIO_PointCloudIO.LoadPLYPointCloudRejectsUnsupportedFormatVersion
2837/4154 Test #2850: GeometryIO_PointCloudIO.LoadPLYPointCloudRejectsUnsupportedFormatVersion ........................................   Passed    0.00 sec
          Start 2851: GeometryIO_PointCloudIO.LoadAsciiPLYPointCloudRejectsListPropertyInVertex
2838/4154 Test #2851: GeometryIO_PointCloudIO.LoadAsciiPLYPointCloudRejectsListPropertyInVertex .......................................   Passed    0.00 sec
          Start 2852: GeometryIO_PointCloudIO.LoadsBinaryPCDPointCloud
2839/4154 Test #2852: GeometryIO_PointCloudIO.LoadsBinaryPCDPointCloud ................................................................   Passed    0.00 sec
          Start 2853: GeometryIO_PointCloudIO.LoadsBinaryPCDPointCloudWithNormalsAndColor
2840/4154 Test #2853: GeometryIO_PointCloudIO.LoadsBinaryPCDPointCloudWithNormalsAndColor .............................................   Passed    0.00 sec
          Start 2854: GeometryIO_PointCloudIO.LoadsBinaryPCDPointCloudWithPackedRgba
2841/4154 Test #2854: GeometryIO_PointCloudIO.LoadsBinaryPCDPointCloudWithPackedRgba ..................................................   Passed    0.00 sec
          Start 2855: GeometryIO_PointCloudIO.LoadsBinaryPCDPointCloudSkipsExtraScalars
2842/4154 Test #2855: GeometryIO_PointCloudIO.LoadsBinaryPCDPointCloudSkipsExtraScalars ...............................................   Passed    0.00 sec
          Start 2856: GeometryIO_PointCloudIO.LoadsBinaryPCDPointCloudFromWidthHeight
2843/4154 Test #2856: GeometryIO_PointCloudIO.LoadsBinaryPCDPointCloudFromWidthHeight .................................................   Passed    0.00 sec
          Start 2857: GeometryIO_PointCloudIO.LoadPCDRejectsTruncatedBinaryBody
2844/4154 Test #2857: GeometryIO_PointCloudIO.LoadPCDRejectsTruncatedBinaryBody .......................................................   Passed    0.00 sec
          Start 2858: GeometryIO_PointCloudIO.LoadPCDRejectsBinaryCompressed
2845/4154 Test #2858: GeometryIO_PointCloudIO.LoadPCDRejectsBinaryCompressed ..........................................................   Passed    0.00 sec
          Start 2859: GeometryIO_PointCloudIO.LoadPCDRejectsZeroSizeField
2846/4154 Test #2859: GeometryIO_PointCloudIO.LoadPCDRejectsZeroSizeField .............................................................   Passed    0.00 sec
          Start 2860: GeometryIO_PointCloudIO.LoadPCDRejectsUnsupportedScalarFieldLayouts
2847/4154 Test #2860: GeometryIO_PointCloudIO.LoadPCDRejectsUnsupportedScalarFieldLayouts .............................................   Passed    0.00 sec
          Start 2861: GeometryIO_PointCloudIO.WritesPLYPointCloud
2848/4154 Test #2861: GeometryIO_PointCloudIO.WritesPLYPointCloud .....................................................................   Passed    0.00 sec
          Start 2862: GeometryIO_PointCloudIO.WritesPLYPointCloudWithNormalsAndColors
2849/4154 Test #2862: GeometryIO_PointCloudIO.WritesPLYPointCloudWithNormalsAndColors .................................................   Passed    0.00 sec
          Start 2863: GeometryIO_PointCloudIO.WritesPLYPointCloudWithRadiiEmitsRadiusProperty
2850/4154 Test #2863: GeometryIO_PointCloudIO.WritesPLYPointCloudWithRadiiEmitsRadiusProperty .........................................   Passed    0.00 sec
          Start 2864: GeometryIO_PointCloudIO.WritePLYPointCloudRejectsEmptyCloud
2851/4154 Test #2864: GeometryIO_PointCloudIO.WritePLYPointCloudRejectsEmptyCloud .....................................................   Passed    0.00 sec
          Start 2865: GeometryIO_PointCloudIO.WritePLYPointCloudRejectsBadPath
2852/4154 Test #2865: GeometryIO_PointCloudIO.WritePLYPointCloudRejectsBadPath ........................................................   Passed    0.00 sec
          Start 2866: GeometryIO_PointCloudIO.WritesPLYBinaryPointCloud
2853/4154 Test #2866: GeometryIO_PointCloudIO.WritesPLYBinaryPointCloud ...............................................................   Passed    0.00 sec
          Start 2867: GeometryIO_PointCloudIO.WritesPLYBinaryPointCloudWithNormalsAndColors
2854/4154 Test #2867: GeometryIO_PointCloudIO.WritesPLYBinaryPointCloudWithNormalsAndColors ...........................................   Passed    0.00 sec
          Start 2868: GeometryIO_PointCloudIO.WritesPLYBinaryPointCloudWithRadiiEmitsRadiusProperty
2855/4154 Test #2868: GeometryIO_PointCloudIO.WritesPLYBinaryPointCloudWithRadiiEmitsRadiusProperty ...................................   Passed    0.00 sec
          Start 2869: GeometryIO_PointCloudIO.WritePLYBinaryPointCloudRejectsEmptyCloud
2856/4154 Test #2869: GeometryIO_PointCloudIO.WritePLYBinaryPointCloudRejectsEmptyCloud ...............................................   Passed    0.00 sec
          Start 2870: GeometryIO_PointCloudIO.WritePLYBinaryPointCloudRejectsBadPath
2857/4154 Test #2870: GeometryIO_PointCloudIO.WritePLYBinaryPointCloudRejectsBadPath ..................................................   Passed    0.00 sec
          Start 2871: GeometryIO_PointCloudIO.WritesXYZPositionsOnly
2858/4154 Test #2871: GeometryIO_PointCloudIO.WritesXYZPositionsOnly ..................................................................   Passed    0.00 sec
          Start 2872: GeometryIO_PointCloudIO.WritesXYZWithColorsRoundTrips
2859/4154 Test #2872: GeometryIO_PointCloudIO.WritesXYZWithColorsRoundTrips ...........................................................   Passed    0.00 sec
          Start 2873: GeometryIO_PointCloudIO.WritesXYZIgnoresRadiiAndNormals
2860/4154 Test #2873: GeometryIO_PointCloudIO.WritesXYZIgnoresRadiiAndNormals .........................................................   Passed    0.00 sec
          Start 2874: GeometryIO_PointCloudIO.WriteXYZRejectsEmptyCloud
2861/4154 Test #2874: GeometryIO_PointCloudIO.WriteXYZRejectsEmptyCloud ...............................................................   Passed    0.00 sec
          Start 2875: GeometryIO_PointCloudIO.WriteXYZRejectsBadPath
2862/4154 Test #2875: GeometryIO_PointCloudIO.WriteXYZRejectsBadPath ..................................................................   Passed    0.00 sec
          Start 2876: GeometryIO_PointCloudIO.WritesPCDPositionsOnly
2863/4154 Test #2876: GeometryIO_PointCloudIO.WritesPCDPositionsOnly ..................................................................   Passed    0.00 sec
          Start 2877: GeometryIO_PointCloudIO.WritesPCDWithNormalsAndColorsRoundTrips
2864/4154 Test #2877: GeometryIO_PointCloudIO.WritesPCDWithNormalsAndColorsRoundTrips .................................................   Passed    0.00 sec
          Start 2878: GeometryIO_PointCloudIO.WritesPCDIgnoresRadii
2865/4154 Test #2878: GeometryIO_PointCloudIO.WritesPCDIgnoresRadii ...................................................................   Passed    0.00 sec
          Start 2879: GeometryIO_PointCloudIO.WritePCDRejectsEmptyCloud
2866/4154 Test #2879: GeometryIO_PointCloudIO.WritePCDRejectsEmptyCloud ...............................................................   Passed    0.00 sec
          Start 2880: GeometryIO_PointCloudIO.WritePCDRejectsBadPath
2867/4154 Test #2880: GeometryIO_PointCloudIO.WritePCDRejectsBadPath ..................................................................   Passed    0.00 sec
          Start 2881: GeometryIO_PointCloudIO.WritesPCDBinaryPositionsOnly
2868/4154 Test #2881: GeometryIO_PointCloudIO.WritesPCDBinaryPositionsOnly ............................................................   Passed    0.00 sec
          Start 2882: GeometryIO_PointCloudIO.WritesPCDBinaryWithNormalsAndColorsRoundTrips
2869/4154 Test #2882: GeometryIO_PointCloudIO.WritesPCDBinaryWithNormalsAndColorsRoundTrips ...........................................   Passed    0.00 sec
          Start 2883: GeometryIO_PointCloudIO.WritesPCDBinaryIgnoresRadii
2870/4154 Test #2883: GeometryIO_PointCloudIO.WritesPCDBinaryIgnoresRadii .............................................................   Passed    0.00 sec
          Start 2884: GeometryIO_PointCloudIO.WritePCDBinaryRejectsEmptyCloud
2871/4154 Test #2884: GeometryIO_PointCloudIO.WritePCDBinaryRejectsEmptyCloud .........................................................   Passed    0.00 sec
          Start 2885: GeometryIO_PointCloudIO.WritePCDBinaryRejectsBadPath
2872/4154 Test #2885: GeometryIO_PointCloudIO.WritePCDBinaryRejectsBadPath ............................................................   Passed    0.00 sec
          Start 2886: GeometryIO_PointCloudIO.PointCloudExportersRejectNonFinitePositions
2873/4154 Test #2886: GeometryIO_PointCloudIO.PointCloudExportersRejectNonFinitePositions .............................................   Passed    0.00 sec
          Start 2887: GeometryIO_PointCloudIO.PointCloudExportersRejectNonFiniteColors
2874/4154 Test #2887: GeometryIO_PointCloudIO.PointCloudExportersRejectNonFiniteColors ................................................   Passed    0.00 sec
          Start 2888: GeometryIO_PointCloudIO.PointCloudExportersRejectNonFiniteNormalsWhenSerialized
2875/4154 Test #2888: GeometryIO_PointCloudIO.PointCloudExportersRejectNonFiniteNormalsWhenSerialized .................................   Passed    0.00 sec
          Start 2889: GeometryIO_PointCloudIO.PointCloudPLYExportersRejectNonFiniteRadii
2876/4154 Test #2889: GeometryIO_PointCloudIO.PointCloudPLYExportersRejectNonFiniteRadii ..............................................   Passed    0.00 sec
          Start 2890: GeometryIO_GraphIO.LoadsTGFWithLabelsAndWeight
2877/4154 Test #2890: GeometryIO_GraphIO.LoadsTGFWithLabelsAndWeight ..................................................................   Passed    0.00 sec
          Start 2891: GeometryIO_GraphIO.LoadsEdgeListWithImplicitVertices
2878/4154 Test #2891: GeometryIO_GraphIO.LoadsEdgeListWithImplicitVertices ............................................................   Passed    0.00 sec
          Start 2892: GeometryIO_GraphIO.LoadTGFRejectsNonFiniteVertexPosition
2879/4154 Test #2892: GeometryIO_GraphIO.LoadTGFRejectsNonFiniteVertexPosition ........................................................   Passed    0.00 sec
          Start 2893: GeometryIO_GraphIO.GraphImportersRejectNonFiniteEdgeWeight
2880/4154 Test #2893: GeometryIO_GraphIO.GraphImportersRejectNonFiniteEdgeWeight ......................................................   Passed    0.00 sec
          Start 2894: GeometryIO_GraphIO.WritesTGFRoundTripsVerticesAndEdges
2881/4154 Test #2894: GeometryIO_GraphIO.WritesTGFRoundTripsVerticesAndEdges ..........................................................   Passed    0.00 sec
          Start 2895: GeometryIO_GraphIO.WritesTGFRoundTripsLabelsAndWeight
2882/4154 Test #2895: GeometryIO_GraphIO.WritesTGFRoundTripsLabelsAndWeight ...........................................................   Passed    0.00 sec
          Start 2896: GeometryIO_GraphIO.WritesTGFEmitsSeparatorEvenWithoutEdges
2883/4154 Test #2896: GeometryIO_GraphIO.WritesTGFEmitsSeparatorEvenWithoutEdges ......................................................   Passed    0.00 sec
          Start 2897: GeometryIO_GraphIO.WritesTGFSkipsDeletedVertices
2884/4154 Test #2897: GeometryIO_GraphIO.WritesTGFSkipsDeletedVertices ................................................................   Passed    0.00 sec
          Start 2898: GeometryIO_GraphIO.WriteTGFRejectsEmptyGraph
2885/4154 Test #2898: GeometryIO_GraphIO.WriteTGFRejectsEmptyGraph ....................................................................   Passed    0.00 sec
          Start 2899: GeometryIO_GraphIO.WriteTGFRejectsBadPath
2886/4154 Test #2899: GeometryIO_GraphIO.WriteTGFRejectsBadPath .......................................................................   Passed    0.00 sec
          Start 2900: GeometryIO_GraphIO.WritesEdgeListRoundTripsEdges
2887/4154 Test #2900: GeometryIO_GraphIO.WritesEdgeListRoundTripsEdges ................................................................   Passed    0.00 sec
          Start 2901: GeometryIO_GraphIO.WritesEdgeListRoundTripsLabelsAndWeight
2888/4154 Test #2901: GeometryIO_GraphIO.WritesEdgeListRoundTripsLabelsAndWeight ......................................................   Passed    0.00 sec
          Start 2902: GeometryIO_GraphIO.WritesEdgeListEmitsWeightWhenLabelOnly
2889/4154 Test #2902: GeometryIO_GraphIO.WritesEdgeListEmitsWeightWhenLabelOnly .......................................................   Passed    0.00 sec
          Start 2903: GeometryIO_GraphIO.WritesEdgeListSkipsDeletedEdges
2890/4154 Test #2903: GeometryIO_GraphIO.WritesEdgeListSkipsDeletedEdges ..............................................................   Passed    0.00 sec
          Start 2904: GeometryIO_GraphIO.WriteEdgeListRejectsEmptyGraph
2891/4154 Test #2904: GeometryIO_GraphIO.WriteEdgeListRejectsEmptyGraph ...............................................................   Passed    0.00 sec
          Start 2905: GeometryIO_GraphIO.WriteEdgeListRejectsEdgelessGraph
2892/4154 Test #2905: GeometryIO_GraphIO.WriteEdgeListRejectsEdgelessGraph ............................................................   Passed    0.00 sec
          Start 2906: GeometryIO_GraphIO.WriteEdgeListRejectsBadPath
2893/4154 Test #2906: GeometryIO_GraphIO.WriteEdgeListRejectsBadPath ..................................................................   Passed    0.00 sec
          Start 2907: GeometryIO_GraphIO.WriteTGFRejectsNonFiniteVertexPosition
2894/4154 Test #2907: GeometryIO_GraphIO.WriteTGFRejectsNonFiniteVertexPosition .......................................................   Passed    0.00 sec
          Start 2908: GeometryIO_GraphIO.GraphExportersRejectNonFiniteEdgeWeight
2895/4154 Test #2908: GeometryIO_GraphIO.GraphExportersRejectNonFiniteEdgeWeight ......................................................   Passed    0.00 sec
          Start 2909: GeometryProperties.NoRTTI_System
2896/4154 Test #2909: GeometryProperties.NoRTTI_System ................................................................................   Passed    0.00 sec
          Start 2910: SDF_Solver.Sphere_Vs_Sphere
2897/4154 Test #2910: SDF_Solver.Sphere_Vs_Sphere .....................................................................................   Passed    0.00 sec
          Start 2911: SDF_Solver.OBB_Vs_Sphere_Deep
2898/4154 Test #2911: SDF_Solver.OBB_Vs_Sphere_Deep ...................................................................................   Passed    0.00 sec
          Start 2912: SDF_Solver.Capsule_Vs_Box
2899/4154 Test #2912: SDF_Solver.Capsule_Vs_Box .......................................................................................   Passed    0.00 sec
          Start 2913: SDF_Solver.No_Overlap
2900/4154 Test #2913: SDF_Solver.No_Overlap ...........................................................................................   Passed    0.00 sec
          Start 2914: SDF_Solver.Sphere_Vs_Triangle
2901/4154 Test #2914: SDF_Solver.Sphere_Vs_Triangle ...................................................................................   Passed    0.00 sec
          Start 2915: HalfedgeMesh.SingleTriangle_Connectivity
2902/4154 Test #2915: HalfedgeMesh.SingleTriangle_Connectivity ........................................................................   Passed    0.00 sec
          Start 2916: HalfedgeMesh.TwoTriangles_SharedEdge
2903/4154 Test #2916: HalfedgeMesh.TwoTriangles_SharedEdge ............................................................................   Passed    0.00 sec
          Start 2917: HalfedgeMesh.AddFace_RejectsNonBoundaryInsertion
2904/4154 Test #2917: HalfedgeMesh.AddFace_RejectsNonBoundaryInsertion ................................................................   Passed    0.00 sec
          Start 2918: HalfedgeMesh.DeleteFace_ThenGarbageCollect
2905/4154 Test #2918: HalfedgeMesh.DeleteFace_ThenGarbageCollect ......................................................................   Passed    0.00 sec
          Start 2919: GeometryPrimitives.AABB_CommonUtils
2906/4154 Test #2919: GeometryPrimitives.AABB_CommonUtils .............................................................................   Passed    0.00 sec
          Start 2920: GeometryPrimitives.OBB_CommonUtils
2907/4154 Test #2920: GeometryPrimitives.OBB_CommonUtils ..............................................................................   Passed    0.00 sec
          Start 2921: GeometryPrimitives.Plane_CommonUtils
2908/4154 Test #2921: GeometryPrimitives.Plane_CommonUtils ............................................................................   Passed    0.00 sec
          Start 2922: GeometryPrimitives.Segment_And_Triangle_ClosestPoint
2909/4154 Test #2922: GeometryPrimitives.Segment_And_Triangle_ClosestPoint ............................................................   Passed    0.00 sec
          Start 2923: Physics_Contact.EPA_UsesScratchArena_Smoke
2910/4154 Test #2923: Physics_Contact.EPA_UsesScratchArena_Smoke ......................................................................   Passed    0.00 sec
          Start 2924: HtexPatch.BuildPatchMetadataProducesOneEntryPerEdge
2911/4154 Test #2924: HtexPatch.BuildPatchMetadataProducesOneEntryPerEdge .............................................................   Passed    0.00 sec
          Start 2925: HtexPatch.BoundaryEdgesAreFlaggedAndHaveOneIncidentFace
2912/4154 Test #2925: HtexPatch.BoundaryEdgesAreFlaggedAndHaveOneIncidentFace .........................................................   Passed    0.00 sec
          Start 2926: HtexPatch.BuildPatchMetadataRejectsEmptyMesh
2913/4154 Test #2926: HtexPatch.BuildPatchMetadataRejectsEmptyMesh ....................................................................   Passed    0.00 sec
          Start 2927: HtexPatch.TriangleToPatchUVReflectsOrientation
2914/4154 Test #2927: HtexPatch.TriangleToPatchUVReflectsOrientation ..................................................................   Passed    0.00 sec
          Start 2928: HtexPatch.PatchToTriangleUVInvertsPatchOrientation
2915/4154 Test #2928: HtexPatch.PatchToTriangleUVInvertsPatchOrientation ..............................................................   Passed    0.00 sec
          Start 2929: HtexPatch.IsTriangleLocalUVRejectsTexelsOutsideHalfedgeTriangle
2916/4154 Test #2929: HtexPatch.IsTriangleLocalUVRejectsTexelsOutsideHalfedgeTriangle .................................................   Passed    0.00 sec
          Start 2930: HtexPatch.ComputeAtlasLayoutPacksPatchTilesIntoBoundedGrid
2917/4154 Test #2930: HtexPatch.ComputeAtlasLayoutPacksPatchTilesIntoBoundedGrid ......................................................   Passed    0.00 sec
          Start 2931: HtexPatch.BuildPatchMetadataHandlesReversedResolutionBounds
2918/4154 Test #2931: HtexPatch.BuildPatchMetadataHandlesReversedResolutionBounds .....................................................   Passed    0.00 sec
          Start 2932: HtexPatch.BuildHalfedgeTriangleKeepsValidSliverFaces
2919/4154 Test #2932: HtexPatch.BuildHalfedgeTriangleKeepsValidSliverFaces ............................................................   Passed    0.00 sec
          Start 2933: HtexPatch.BuildCategoricalPatchAtlasHandlesValidSliverTriangles
2920/4154 Test #2933: HtexPatch.BuildCategoricalPatchAtlasHandlesValidSliverTriangles .................................................   Passed    0.00 sec
          Start 2934: HtexPatch.BuildCategoricalPatchAtlasEncodesNearestClusterIdsLosslessly
2921/4154 Test #2934: HtexPatch.BuildCategoricalPatchAtlasEncodesNearestClusterIdsLosslessly ..........................................   Passed    0.00 sec
          Start 2935: HtexPatch.BuildCategoricalPatchAtlasRejectsMissingCentroids
2922/4154 Test #2935: HtexPatch.BuildCategoricalPatchAtlasRejectsMissingCentroids .....................................................   Passed    0.00 sec
          Start 2936: SDF_Math.Sphere_AtSurface
2923/4154 Test #2936: SDF_Math.Sphere_AtSurface .......................................................................................   Passed    0.00 sec
          Start 2937: SDF_Math.Sphere_Inside
2924/4154 Test #2937: SDF_Math.Sphere_Inside ..........................................................................................   Passed    0.00 sec
          Start 2938: SDF_Math.Sphere_Outside
2925/4154 Test #2938: SDF_Math.Sphere_Outside .........................................................................................   Passed    0.00 sec
          Start 2939: SDF_Math.AABB_Inside
2926/4154 Test #2939: SDF_Math.AABB_Inside ............................................................................................   Passed    0.00 sec
          Start 2940: SDF_Math.AABB_OnFace
2927/4154 Test #2940: SDF_Math.AABB_OnFace ............................................................................................   Passed    0.00 sec
          Start 2941: SDF_Math.AABB_Outside
2928/4154 Test #2941: SDF_Math.AABB_Outside ...........................................................................................   Passed    0.00 sec
          Start 2942: SDF_Math.Capsule_OnSurface
2929/4154 Test #2942: SDF_Math.Capsule_OnSurface ......................................................................................   Passed    0.00 sec
          Start 2943: SDF_Math.Capsule_Inside
2930/4154 Test #2943: SDF_Math.Capsule_Inside .........................................................................................   Passed    0.00 sec
          Start 2944: SDF_Math.Capsule_DegenerateSegmentFallback
2931/4154 Test #2944: SDF_Math.Capsule_DegenerateSegmentFallback ......................................................................   Passed    0.00 sec
          Start 2945: SDF_Math.Segment_DistanceToMidpoint
2932/4154 Test #2945: SDF_Math.Segment_DistanceToMidpoint .............................................................................   Passed    0.00 sec
          Start 2946: SDF_Math.Segment_DegenerateToPointDistance
2933/4154 Test #2946: SDF_Math.Segment_DegenerateToPointDistance ......................................................................   Passed    0.00 sec
          Start 2947: SDF_Math.Plane_PositiveSide
2934/4154 Test #2947: SDF_Math.Plane_PositiveSide .....................................................................................   Passed    0.00 sec
          Start 2948: SDF_Math.Plane_NegativeSide
2935/4154 Test #2948: SDF_Math.Plane_NegativeSide .....................................................................................   Passed    0.00 sec
          Start 2949: SDF_Math.Triangle_AtVertex
2936/4154 Test #2949: SDF_Math.Triangle_AtVertex ......................................................................................   Passed    0.00 sec
          Start 2950: SDF_Math.Triangle_AboveFace
2937/4154 Test #2950: SDF_Math.Triangle_AboveFace .....................................................................................   Passed    0.00 sec
          Start 2951: SDF_Math.Triangle_DegenerateEdgeFallback
2938/4154 Test #2951: SDF_Math.Triangle_DegenerateEdgeFallback ........................................................................   Passed    0.00 sec
          Start 2952: SDF_Math.Ray_DistancePerpendicular
2939/4154 Test #2952: SDF_Math.Ray_DistancePerpendicular ..............................................................................   Passed    0.00 sec
          Start 2953: SDF_Math.Ray_BehindOrigin
2940/4154 Test #2953: SDF_Math.Ray_BehindOrigin .......................................................................................   Passed    0.00 sec
          Start 2954: SDF_Math.Ray_ZeroDirectionFallsBackToPointDistance
2941/4154 Test #2954: SDF_Math.Ray_ZeroDirectionFallsBackToPointDistance ..............................................................   Passed    0.00 sec
          Start 2955: SDF_Math.Ellipsoid_DegenerateCenterUsesShortestRadius
2942/4154 Test #2955: SDF_Math.Ellipsoid_DegenerateCenterUsesShortestRadius ...........................................................   Passed    0.00 sec
          Start 2956: SDF_Functor.SphereSDF
2943/4154 Test #2956: SDF_Functor.SphereSDF ...........................................................................................   Passed    0.00 sec
          Start 2957: SDF_Functor.AabbSDF
2944/4154 Test #2957: SDF_Functor.AabbSDF .............................................................................................   Passed    0.00 sec
          Start 2958: SDF_Functor.ObbSDF_AxisAligned
2945/4154 Test #2958: SDF_Functor.ObbSDF_AxisAligned ..................................................................................   Passed    0.00 sec
          Start 2959: SDF_Functor.CapsuleSDF
2946/4154 Test #2959: SDF_Functor.CapsuleSDF ..........................................................................................   Passed    0.00 sec
          Start 2960: SDF_Functor.CylinderSDF
2947/4154 Test #2960: SDF_Functor.CylinderSDF .........................................................................................   Passed    0.00 sec
          Start 2961: SDF_Functor.CylinderSDF_Degenerate
2948/4154 Test #2961: SDF_Functor.CylinderSDF_Degenerate ..............................................................................   Passed    0.00 sec
          Start 2962: SDF_Functor.EllipsoidSDF_DegenerateCenterUsesShortestRadius
2949/4154 Test #2962: SDF_Functor.EllipsoidSDF_DegenerateCenterUsesShortestRadius .....................................................   Passed    0.00 sec
          Start 2963: SDF_Functor.TriangleSDF
2950/4154 Test #2963: SDF_Functor.TriangleSDF .........................................................................................   Passed    0.00 sec
          Start 2964: SDF_Functor.PlaneSDF
2951/4154 Test #2964: SDF_Functor.PlaneSDF ............................................................................................   Passed    0.00 sec
          Start 2965: SDF_Functor.SegmentSDF
2952/4154 Test #2965: SDF_Functor.SegmentSDF ..........................................................................................   Passed    0.00 sec
          Start 2966: SDF_Functor.ConvexHullSDF_Inside
2953/4154 Test #2966: SDF_Functor.ConvexHullSDF_Inside ................................................................................   Passed    0.00 sec
          Start 2967: SDF_Functor.ConvexHullSDF_Empty
2954/4154 Test #2967: SDF_Functor.ConvexHullSDF_Empty .................................................................................   Passed    0.00 sec
          Start 2968: SDFContact.CalculateGradient_Sphere
2955/4154 Test #2968: SDFContact.CalculateGradient_Sphere .............................................................................   Passed    0.00 sec
          Start 2969: SDFContact.Contact_TwoOverlappingSpheres
2956/4154 Test #2969: SDFContact.Contact_TwoOverlappingSpheres ........................................................................   Passed    0.00 sec
          Start 2970: SDFContact.Contact_SeparatedSpheres_ReturnsNullopt
2957/4154 Test #2970: SDFContact.Contact_SeparatedSpheres_ReturnsNullopt ..............................................................   Passed    0.00 sec
          Start 2971: SDFContact.Contact_SphereAABB
2958/4154 Test #2971: SDFContact.Contact_SphereAABB ...................................................................................   Passed    0.00 sec
          Start 2972: ContactManifold.SphereSphere_Overlapping
2959/4154 Test #2972: ContactManifold.SphereSphere_Overlapping ........................................................................   Passed    0.00 sec
          Start 2973: ContactManifold.SphereSphere_Separated
2960/4154 Test #2973: ContactManifold.SphereSphere_Separated ..........................................................................   Passed    0.00 sec
          Start 2974: ContactManifold.SphereSphere_Concentric
2961/4154 Test #2974: ContactManifold.SphereSphere_Concentric .........................................................................   Passed    0.00 sec
          Start 2975: ContactManifold.SphereSphere_DiagonalOverlap
2962/4154 Test #2975: ContactManifold.SphereSphere_DiagonalOverlap ....................................................................   Passed    0.00 sec
          Start 2976: ContactManifold.SphereAABB_Overlapping
2963/4154 Test #2976: ContactManifold.SphereAABB_Overlapping ..........................................................................   Passed    0.00 sec
          Start 2977: ContactManifold.SphereAABB_Separated
2964/4154 Test #2977: ContactManifold.SphereAABB_Separated ............................................................................   Passed    0.00 sec
          Start 2978: ContactManifold.SphereAABB_CenterInsideBox
2965/4154 Test #2978: ContactManifold.SphereAABB_CenterInsideBox ......................................................................   Passed    0.00 sec
          Start 2979: ContactManifold.Convention_SphereAABB_SphereAboveBox
2966/4154 Test #2979: ContactManifold.Convention_SphereAABB_SphereAboveBox ............................................................   Passed    0.00 sec
          Start 2980: ContactManifold.Convention_SphereAABB_CenterInsideBox
2967/4154 Test #2980: ContactManifold.Convention_SphereAABB_CenterInsideBox ...........................................................   Passed    0.00 sec
          Start 2981: ContactManifold.Convention_AABBSphere_ReversedDispatch
2968/4154 Test #2981: ContactManifold.Convention_AABBSphere_ReversedDispatch ..........................................................   Passed    0.00 sec
          Start 2982: ContactManifold.Convention_SphereSphere_BothOrders
2969/4154 Test #2982: ContactManifold.Convention_SphereSphere_BothOrders ..............................................................   Passed    0.00 sec
          Start 2983: ContactManifold.Convention_Fallback_SphereOBB_BothOrders
2970/4154 Test #2983: ContactManifold.Convention_Fallback_SphereOBB_BothOrders ........................................................   Passed    0.00 sec
          Start 2984: ContactManifold.Convention_Fallback_CapsuleOBB_BothOrders
2971/4154 Test #2984: ContactManifold.Convention_Fallback_CapsuleOBB_BothOrders .......................................................   Passed    0.00 sec
          Start 2985: ContactManifold.Convention_Fallback_SphereCapsule_BothOrders
2972/4154 Test #2985: ContactManifold.Convention_Fallback_SphereCapsule_BothOrders ....................................................   Passed    0.00 sec
          Start 2986: ContactManifold.AABBSphere_SymmetricDispatch
2973/4154 Test #2986: ContactManifold.AABBSphere_SymmetricDispatch ....................................................................   Passed    0.00 sec
          Start 2987: ContactManifold.ConvexHullSphere_Fallback
2974/4154 Test #2987: ContactManifold.ConvexHullSphere_Fallback .......................................................................   Passed    0.00 sec
          Start 2988: ContactManifold.OBBCapsule_Fallback
2975/4154 Test #2988: ContactManifold.OBBCapsule_Fallback .............................................................................   Passed    0.00 sec
          Start 2989: ContactManifold.CapsuleCapsule_Separated_NoContact
2976/4154 Test #2989: ContactManifold.CapsuleCapsule_Separated_NoContact ..............................................................   Passed    0.00 sec
          Start 2990: ContactManifold.RayCast_Sphere_Hit
2977/4154 Test #2990: ContactManifold.RayCast_Sphere_Hit ..............................................................................   Passed    0.00 sec
          Start 2991: ContactManifold.RayCast_Sphere_Miss
2978/4154 Test #2991: ContactManifold.RayCast_Sphere_Miss .............................................................................   Passed    0.00 sec
          Start 2992: ContactManifold.RayCast_Sphere_CenterOriginHasFiniteFallbackNormal
2979/4154 Test #2992: ContactManifold.RayCast_Sphere_CenterOriginHasFiniteFallbackNormal ..............................................   Passed    0.00 sec
          Start 2993: ContactManifold.RayCast_AABB_Hit
2980/4154 Test #2993: ContactManifold.RayCast_AABB_Hit ................................................................................   Passed    0.00 sec
          Start 2994: ContactManifold.RayCast_AABB_Miss
2981/4154 Test #2994: ContactManifold.RayCast_AABB_Miss ...............................................................................   Passed    0.00 sec
          Start 2995: ContactManifold.RayCast_AABB_OnSlabBoundaryAxisParallel
2982/4154 Test #2995: ContactManifold.RayCast_AABB_OnSlabBoundaryAxisParallel .........................................................   Passed    0.00 sec
          Start 2996: ContactManifold.RayCast_AABB_InsideBox
2983/4154 Test #2996: ContactManifold.RayCast_AABB_InsideBox ..........................................................................   Passed    0.00 sec
          Start 2997: GJK.SphereSphere_Overlapping
2984/4154 Test #2997: GJK.SphereSphere_Overlapping ....................................................................................   Passed    0.00 sec
          Start 2998: GJK.SphereSphere_Separated
2985/4154 Test #2998: GJK.SphereSphere_Separated ......................................................................................   Passed    0.00 sec
          Start 2999: GJK.SphereSphere_Touching
2986/4154 Test #2999: GJK.SphereSphere_Touching .......................................................................................   Passed    0.00 sec
          Start 3000: GJK.SphereSphere_Concentric
2987/4154 Test #3000: GJK.SphereSphere_Concentric .....................................................................................   Passed    0.00 sec
          Start 3001: GJK.SphereAABB_Overlapping
2988/4154 Test #3001: GJK.SphereAABB_Overlapping ......................................................................................   Passed    0.00 sec
          Start 3002: GJK.SphereAABB_Separated
2989/4154 Test #3002: GJK.SphereAABB_Separated ........................................................................................   Passed    0.00 sec
          Start 3003: GJK.AABBAABB_Overlapping
2990/4154 Test #3003: GJK.AABBAABB_Overlapping ........................................................................................   Passed    0.00 sec
          Start 3004: GJK.AABBAABB_Separated
2991/4154 Test #3004: GJK.AABBAABB_Separated ..........................................................................................   Passed    0.00 sec
          Start 3005: GJK.OBBSphere_Overlapping
2992/4154 Test #3005: GJK.OBBSphere_Overlapping .......................................................................................   Passed    0.00 sec
          Start 3006: GJK.CapsuleSphere_Overlapping
2993/4154 Test #3006: GJK.CapsuleSphere_Overlapping ...................................................................................   Passed    0.00 sec
          Start 3007: GJK.CapsuleCapsule_Separated
2994/4154 Test #3007: GJK.CapsuleCapsule_Separated ....................................................................................   Passed    0.00 sec
          Start 3008: GJK.ConvexHullSphere_Overlapping
2995/4154 Test #3008: GJK.ConvexHullSphere_Overlapping ................................................................................   Passed    0.00 sec
          Start 3009: GJK.ConvexHullSphere_Separated
2996/4154 Test #3009: GJK.ConvexHullSphere_Separated ..................................................................................   Passed    0.00 sec
          Start 3010: GJK.Intersection_ReturnsSimplex_WhenOverlapping
2997/4154 Test #3010: GJK.Intersection_ReturnsSimplex_WhenOverlapping .................................................................   Passed    0.00 sec
          Start 3011: GJK.Intersection_ReturnsNullopt_WhenSeparated
2998/4154 Test #3011: GJK.Intersection_ReturnsNullopt_WhenSeparated ...................................................................   Passed    0.00 sec
          Start 3012: GJK.BackCompat_Boolean_Overlapping
2999/4154 Test #3012: GJK.BackCompat_Boolean_Overlapping ..............................................................................   Passed    0.00 sec
          Start 3013: GJK.BackCompat_Intersection_Overlapping
3000/4154 Test #3013: GJK.BackCompat_Intersection_Overlapping .........................................................................   Passed    0.00 sec
          Start 3014: GJK.ConvergesWithinIterationLimit
3001/4154 Test #3014: GJK.ConvergesWithinIterationLimit ...............................................................................   Passed    0.00 sec
          Start 3015: GJK.ScaleInvariance_VerySmallObjects
3002/4154 Test #3015: GJK.ScaleInvariance_VerySmallObjects ............................................................................   Passed    0.00 sec
          Start 3016: GJK.ScaleInvariance_VeryLargeObjects
3003/4154 Test #3016: GJK.ScaleInvariance_VeryLargeObjects ............................................................................   Passed    0.00 sec
          Start 3017: GJK.ScaleInvariance_TinyAABBs
3004/4154 Test #3017: GJK.ScaleInvariance_TinyAABBs ...................................................................................   Passed    0.00 sec
          Start 3018: GJK.ScaleInvariance_HugeAABBs
3005/4154 Test #3018: GJK.ScaleInvariance_HugeAABBs ...................................................................................   Passed    0.00 sec
          Start 3019: GJK.ScaleInvariance_Intersection_TinyOverlap
3006/4154 Test #3019: GJK.ScaleInvariance_Intersection_TinyOverlap ....................................................................   Passed    0.00 sec
          Start 3020: GJK.EPA_ScaleInvariance_TinyPenetration
3007/4154 Test #3020: GJK.EPA_ScaleInvariance_TinyPenetration .........................................................................   Passed    0.00 sec
          Start 3021: GJK.EPA_ScaleInvariance_LargePenetration
3008/4154 Test #3021: GJK.EPA_ScaleInvariance_LargePenetration ........................................................................   Passed    0.00 sec
          Start 3022: GJK.Diagnostics_Converged_OnOverlappingSpheres
3009/4154 Test #3022: GJK.Diagnostics_Converged_OnOverlappingSpheres ..................................................................   Passed    0.00 sec
          Start 3023: GJK.Diagnostics_EarlyOutNegativeSupport_OnSeparatedSpheres
3010/4154 Test #3023: GJK.Diagnostics_EarlyOutNegativeSupport_OnSeparatedSpheres ......................................................   Passed    0.00 sec
          Start 3024: GJK.Diagnostics_EarlyOutNegativeSupport_OnSeparatedAABBs
3011/4154 Test #3024: GJK.Diagnostics_EarlyOutNegativeSupport_OnSeparatedAABBs ........................................................   Passed    0.00 sec
          Start 3025: GJK.Diagnostics_Intersection_Converged_OnOverlap
3012/4154 Test #3025: GJK.Diagnostics_Intersection_Converged_OnOverlap ................................................................   Passed    0.00 sec
          Start 3026: GJK.Diagnostics_Intersection_EarlyOutNegativeSupport_OnSeparated
3013/4154 Test #3026: GJK.Diagnostics_Intersection_EarlyOutNegativeSupport_OnSeparated ................................................   Passed    0.00 sec
          Start 3027: GJK.Diagnostics_DefaultConstructedFieldsAreSane
3014/4154 Test #3027: GJK.Diagnostics_DefaultConstructedFieldsAreSane .................................................................   Passed    0.00 sec
          Start 3028: GJK.Diagnostics_BooleanWrapper_StillMatchesDiagnosticOverload
3015/4154 Test #3028: GJK.Diagnostics_BooleanWrapper_StillMatchesDiagnosticOverload ...................................................   Passed    0.00 sec
          Start 3029: GJK.Diagnostics_ConvergenceBudget_NotExhaustedOnStandardCorpus
3016/4154 Test #3029: GJK.Diagnostics_ConvergenceBudget_NotExhaustedOnStandardCorpus ..................................................   Passed    0.00 sec
          Start 3030: GJK.Parity_BooleanOutcomeAcrossScales
3017/4154 Test #3030: GJK.Parity_BooleanOutcomeAcrossScales ...........................................................................   Passed    0.00 sec
          Start 3031: GJK.Parity_NearTouchingSeparation_PreviouslyFlippedScales
3018/4154 Test #3031: GJK.Parity_NearTouchingSeparation_PreviouslyFlippedScales .......................................................   Passed    0.00 sec
          Start 3032: GJK.Parity_TouchingSpheres_OverlapAcrossScales
3019/4154 Test #3032: GJK.Parity_TouchingSpheres_OverlapAcrossScales ..................................................................   Passed    0.00 sec
          Start 3037: AssetEventBus.SubscribeReturnsNonZeroToken
3020/4154 Test #3037: AssetEventBus.SubscribeReturnsNonZeroToken ......................................................................   Passed    0.00 sec
          Start 3038: AssetEventBus.SubscribeRejectsEmptyCallback
3021/4154 Test #3038: AssetEventBus.SubscribeRejectsEmptyCallback .....................................................................   Passed    0.00 sec
          Start 3039: AssetEventBus.FirstValidTokenIsNotInvalidSentinel
3022/4154 Test #3039: AssetEventBus.FirstValidTokenIsNotInvalidSentinel ...............................................................   Passed    0.00 sec
          Start 3040: AssetEventBus.UnsubscribeStopsDelivery
3023/4154 Test #3040: AssetEventBus.UnsubscribeStopsDelivery ..........................................................................   Passed    0.00 sec
          Start 3041: AssetEventBus.UnsubscribeUnknownTokenIsNoOp
3024/4154 Test #3041: AssetEventBus.UnsubscribeUnknownTokenIsNoOp .....................................................................   Passed    0.00 sec
          Start 3042: AssetEventBus.PublishQueuesUntilFlush
3025/4154 Test #3042: AssetEventBus.PublishQueuesUntilFlush ...........................................................................   Passed    0.00 sec
          Start 3043: AssetEventBus.FlushDeliversToMatchingId
3026/4154 Test #3043: AssetEventBus.FlushDeliversToMatchingId .........................................................................   Passed    0.00 sec
          Start 3044: AssetEventBus.FlushIsIdempotent
3027/4154 Test #3044: AssetEventBus.FlushIsIdempotent .................................................................................   Passed    0.00 sec
          Start 3045: AssetEventBus.FlushForwardsEventTypeUnchanged
3028/4154 Test #3045: AssetEventBus.FlushForwardsEventTypeUnchanged ...................................................................   Passed    0.00 sec
          Start 3046: AssetEventBus.FlushWithNoSubscribersIsHarmless
3029/4154 Test #3046: AssetEventBus.FlushWithNoSubscribersIsHarmless ..................................................................   Passed    0.00 sec
          Start 3047: AssetEventBus.FlushAssetDrainsOnlyMatchingIdInOrder
3030/4154 Test #3047: AssetEventBus.FlushAssetDrainsOnlyMatchingIdInOrder .............................................................   Passed    0.00 sec
          Start 3048: AssetEventBus.SubscribeAllReceivesAllEvents
3031/4154 Test #3048: AssetEventBus.SubscribeAllReceivesAllEvents .....................................................................   Passed    0.00 sec
          Start 3049: AssetEventBus.SubscribeAllRejectsEmptyCallback
3032/4154 Test #3049: AssetEventBus.SubscribeAllRejectsEmptyCallback ..................................................................   Passed    0.00 sec
          Start 3050: AssetEventBus.UnsubscribeAllStopsDelivery
3033/4154 Test #3050: AssetEventBus.UnsubscribeAllStopsDelivery .......................................................................   Passed    0.00 sec
          Start 3051: AssetEventBus.PerIdAndBroadcastBothReceive
3034/4154 Test #3051: AssetEventBus.PerIdAndBroadcastBothReceive ......................................................................   Passed    0.00 sec
          Start 3052: AssetEventBus.PublishFromMultipleThreadsAllDelivered
3035/4154 Test #3052: AssetEventBus.PublishFromMultipleThreadsAllDelivered ............................................................   Passed    0.00 sec
          Start 3053: AssetEventBus.ConcurrentSubscriberTokensAreUnique
3036/4154 Test #3053: AssetEventBus.ConcurrentSubscriberTokensAreUnique ...............................................................   Passed    0.00 sec
          Start 3054: AssetEventBus.CallbackPublishDuringFlushQueuesForNextFlush
3037/4154 Test #3054: AssetEventBus.CallbackPublishDuringFlushQueuesForNextFlush ......................................................   Passed    0.00 sec
          Start 3055: AssetEventBus.CallbackUnsubscribesSelfDuringFlush
3038/4154 Test #3055: AssetEventBus.CallbackUnsubscribesSelfDuringFlush ...............................................................   Passed    0.00 sec
          Start 3056: AssetEventBus.CallbackSubscribesNewListenerDuringFlush
3039/4154 Test #3056: AssetEventBus.CallbackSubscribesNewListenerDuringFlush ..........................................................   Passed    0.00 sec
          Start 3057: AssetEventBus.BroadcastCallbackPublishDuringFlushDoesNotDeadlock
3040/4154 Test #3057: AssetEventBus.BroadcastCallbackPublishDuringFlushDoesNotDeadlock ................................................   Passed    0.00 sec
          Start 3058: AssetEventBus.BurstyReEntrantPublishTerminates
3041/4154 Test #3058: AssetEventBus.BurstyReEntrantPublishTerminates ..................................................................   Passed    0.00 sec
          Start 3059: AssetImportRouter.RoutesObjMeshImportFromPath
3042/4154 Test #3059: AssetImportRouter.RoutesObjMeshImportFromPath ...................................................................   Passed    0.00 sec
          Start 3060: AssetImportRouter.PlyRequiresExplicitPayloadHint
3043/4154 Test #3060: AssetImportRouter.PlyRequiresExplicitPayloadHint ................................................................   Passed    0.00 sec
          Start 3061: AssetImportRouter.RejectsMissingAndUnsupportedExtensions
3044/4154 Test #3061: AssetImportRouter.RejectsMissingAndUnsupportedExtensions ........................................................   Passed    0.00 sec
          Start 3062: AssetImportRouter.RoutesModelSceneAndTextureImports
3045/4154 Test #3062: AssetImportRouter.RoutesModelSceneAndTextureImports .............................................................   Passed    0.00 sec
          Start 3063: AssetImportRouter.ExportRoutesRespectPromotedGeometrySupport
3046/4154 Test #3063: AssetImportRouter.ExportRoutesRespectPromotedGeometrySupport ....................................................   Passed    0.00 sec
          Start 3064: AssetImportRouter.PublishesDeterministicDebugNamesAndFormatTable
3047/4154 Test #3064: AssetImportRouter.PublishesDeterministicDebugNamesAndFormatTable ................................................   Passed    0.00 sec
          Start 3065: AssetModelTexturePayload.TexturePayloadValidationAcceptsCpuPixelsAndMetadata
3048/4154 Test #3065: AssetModelTexturePayload.TexturePayloadValidationAcceptsCpuPixelsAndMetadata ....................................   Passed    0.00 sec
          Start 3066: AssetModelTexturePayload.TexturePayloadValidationAcceptsGeneratedTexturesWithoutSourceFormat
3049/4154 Test #3066: AssetModelTexturePayload.TexturePayloadValidationAcceptsGeneratedTexturesWithoutSourceFormat ....................   Passed    0.00 sec
          Start 3067: AssetModelTexturePayload.TexturePayloadValidationRejectsBadMetadata
3050/4154 Test #3067: AssetModelTexturePayload.TexturePayloadValidationRejectsBadMetadata .............................................   Passed    0.00 sec
          Start 3068: AssetModelTexturePayload.ModelScenePayloadValidatesPrimitiveMaterialAndImageRefs
3051/4154 Test #3068: AssetModelTexturePayload.ModelScenePayloadValidatesPrimitiveMaterialAndImageRefs ................................   Passed    0.00 sec
          Start 3069: AssetModelTexturePayload.ModelScenePayloadRejectsInvalidReferences
3052/4154 Test #3069: AssetModelTexturePayload.ModelScenePayloadRejectsInvalidReferences ..............................................   Passed    0.00 sec
          Start 3070: AssetModelTexturePayload.ModelScenePayloadRequiresCompleteReferencedTopology
3053/4154 Test #3070: AssetModelTexturePayload.ModelScenePayloadRequiresCompleteReferencedTopology ....................................   Passed    0.00 sec
          Start 3071: AssetModelTexturePayload.ModelScenePayloadRejectsOutOfRangeNodeReferences
3054/4154 Test #3071: AssetModelTexturePayload.ModelScenePayloadRejectsOutOfRangeNodeReferences .......................................   Passed    0.00 sec
          Start 3072: AssetModelTexturePayload.ModelScenePayloadRejectsNonFiniteNodeTransforms
3055/4154 Test #3072: AssetModelTexturePayload.ModelScenePayloadRejectsNonFiniteNodeTransforms ........................................   Passed    0.00 sec
          Start 3073: AssetModelTexturePayload.ModelScenePayloadRejectsInconsistentOrDuplicateParentage
3056/4154 Test #3073: AssetModelTexturePayload.ModelScenePayloadRejectsInconsistentOrDuplicateParentage ...............................   Passed    0.00 sec
          Start 3074: AssetModelTexturePayload.ModelScenePayloadRejectsCyclesAndUnreachableNodes
3057/4154 Test #3074: AssetModelTexturePayload.ModelScenePayloadRejectsCyclesAndUnreachableNodes ......................................   Passed    0.00 sec
          Start 3075: AssetModelTexturePayload.ExternalResourceDiagnosticsRequireConsistentErrors
3058/4154 Test #3075: AssetModelTexturePayload.ExternalResourceDiagnosticsRequireConsistentErrors .....................................   Passed    0.00 sec
          Start 3076: AssetModelTexturePayload.PayloadsLoadThroughAssetServiceAsDistinctTypes
3059/4154 Test #3076: AssetModelTexturePayload.PayloadsLoadThroughAssetServiceAsDistinctTypes .........................................   Passed    0.00 sec
          Start 3077: AssetModelTexturePayload.RoutesMatchPromotedPayloadKinds
3060/4154 Test #3077: AssetModelTexturePayload.RoutesMatchPromotedPayloadKinds ........................................................   Passed    0.00 sec
          Start 3078: AssetModelTexturePayload.KtxRouteIsRecognizedButPayloadIsUnsupported
3061/4154 Test #3078: AssetModelTexturePayload.KtxRouteIsRecognizedButPayloadIsUnsupported ............................................   Passed    0.00 sec
          Start 3079: AssetOperationStatus.ClassifiesSuccessfulOperations
3062/4154 Test #3079: AssetOperationStatus.ClassifiesSuccessfulOperations .............................................................   Passed    0.00 sec
          Start 3080: AssetOperationStatus.ClassifiesCallbackValidationAndFormatFailures
3063/4154 Test #3080: AssetOperationStatus.ClassifiesCallbackValidationAndFormatFailures ..............................................   Passed    0.00 sec
          Start 3081: AssetOperationStatus.ClassifiesStateTypeIoAndUploadFailures
3064/4154 Test #3081: AssetOperationStatus.ClassifiesStateTypeIoAndUploadFailures .....................................................   Passed    0.00 sec
          Start 3082: AssetOperationStatus.ProvidesStableDebugNames
3065/4154 Test #3082: AssetOperationStatus.ProvidesStableDebugNames ...................................................................   Passed    0.00 sec
          Start 3083: AssetPathIndex.EmptyFindReturnsNotFound
3066/4154 Test #3083: AssetPathIndex.EmptyFindReturnsNotFound .........................................................................   Passed    0.00 sec
          Start 3084: AssetPathIndex.InsertAndFindRoundTrip
3067/4154 Test #3084: AssetPathIndex.InsertAndFindRoundTrip ...........................................................................   Passed    0.00 sec
          Start 3085: AssetPathIndex.InsertDuplicateRejected
3068/4154 Test #3085: AssetPathIndex.InsertDuplicateRejected ..........................................................................   Passed    0.00 sec
          Start 3086: AssetPathIndex.InsertRejectsEmptyPath
3069/4154 Test #3086: AssetPathIndex.InsertRejectsEmptyPath ...........................................................................   Passed    0.00 sec
          Start 3087: AssetPathIndex.InsertRejectsInvalidId
3070/4154 Test #3087: AssetPathIndex.InsertRejectsInvalidId ...........................................................................   Passed    0.00 sec
          Start 3088: AssetPathIndex.EraseRemovesEntry
3071/4154 Test #3088: AssetPathIndex.EraseRemovesEntry ................................................................................   Passed    0.00 sec
          Start 3089: AssetPathIndex.EraseUnknownPathNotFound
3072/4154 Test #3089: AssetPathIndex.EraseUnknownPathNotFound .........................................................................   Passed    0.00 sec
          Start 3090: AssetPathIndex.EraseIdMismatchRejected
3073/4154 Test #3090: AssetPathIndex.EraseIdMismatchRejected ..........................................................................   Passed    0.00 sec
          Start 3091: AssetPathIndex.ContainsReflectsInsertErase
3074/4154 Test #3091: AssetPathIndex.ContainsReflectsInsertErase ......................................................................   Passed    0.00 sec
          Start 3092: AssetPathIndex.SizeTracksInserts
3075/4154 Test #3092: AssetPathIndex.SizeTracksInserts ................................................................................   Passed    0.00 sec
          Start 3093: AssetPathIndex.HeterogeneousLookupNoAllocation
3076/4154 Test #3093: AssetPathIndex.HeterogeneousLookupNoAllocation ..................................................................   Passed    0.00 sec
          Start 3094: AssetPayloadStore.PublishAssignsTicket
3077/4154 Test #3094: AssetPayloadStore.PublishAssignsTicket ..........................................................................   Passed    0.00 sec
          Start 3095: AssetPayloadStore.PublishRejectsInvalidId
3078/4154 Test #3095: AssetPayloadStore.PublishRejectsInvalidId .......................................................................   Passed    0.00 sec
          Start 3096: AssetPayloadStore.ReadSpanReturnsStoredValue
3079/4154 Test #3096: AssetPayloadStore.ReadSpanReturnsStoredValue ....................................................................   Passed    0.00 sec
          Start 3097: AssetPayloadStore.ReadSpanMissingIdReturnsAssetNotLoaded
3080/4154 Test #3097: AssetPayloadStore.ReadSpanMissingIdReturnsAssetNotLoaded ........................................................   Passed    0.00 sec
          Start 3098: AssetPayloadStore.ReadSpanWrongTypeIsRejected
3081/4154 Test #3098: AssetPayloadStore.ReadSpanWrongTypeIsRejected ...................................................................   Passed    0.00 sec
          Start 3099: AssetPayloadStore.PublishTwiceBumpsGenerationAndReplacesValue
3082/4154 Test #3099: AssetPayloadStore.PublishTwiceBumpsGenerationAndReplacesValue ...................................................   Passed    0.00 sec
          Start 3100: AssetPayloadStore.RepublishDifferentTypeClearsOldBucket
3083/4154 Test #3100: AssetPayloadStore.RepublishDifferentTypeClearsOldBucket .........................................................   Passed    0.00 sec
          Start 3101: AssetPayloadStore.RetireRemovesEntry
3084/4154 Test #3101: AssetPayloadStore.RetireRemovesEntry ............................................................................   Passed    0.00 sec
          Start 3102: AssetPayloadStore.RetireUnknownIdIsNotFound
3085/4154 Test #3102: AssetPayloadStore.RetireUnknownIdIsNotFound .....................................................................   Passed    0.00 sec
          Start 3103: AssetPayloadStore.GetTicketMatchesPublish
3086/4154 Test #3103: AssetPayloadStore.GetTicketMatchesPublish .......................................................................   Passed    0.00 sec
          Start 3104: AssetPayloadStore.GetTicketUnknownIsAssetNotLoaded
3087/4154 Test #3104: AssetPayloadStore.GetTicketUnknownIsAssetNotLoaded ..............................................................   Passed    0.00 sec
          Start 3105: AssetPayloadStore.DistinctSlotsPerAsset
3088/4154 Test #3105: AssetPayloadStore.DistinctSlotsPerAsset .........................................................................   Passed    0.00 sec
          Start 3106: AssetPayloadStore.SizeTracksPublishRetire
3089/4154 Test #3106: AssetPayloadStore.SizeTracksPublishRetire .......................................................................   Passed    0.00 sec
          Start 3107: PayloadTicket.DefaultTicketIsInvalid
3090/4154 Test #3107: PayloadTicket.DefaultTicketIsInvalid ............................................................................   Passed    0.00 sec
          Start 3108: PayloadTicket.NonzeroSlotIsValid
3091/4154 Test #3108: PayloadTicket.NonzeroSlotIsValid ................................................................................   Passed    0.00 sec
          Start 3109: PayloadTicket.ComparesByValue
3092/4154 Test #3109: PayloadTicket.ComparesByValue ...................................................................................   Passed    0.00 sec
          Start 3110: AssetRegistry.CreateReturnsValidId
3093/4154 Test #3110: AssetRegistry.CreateReturnsValidId ..............................................................................   Passed    0.00 sec
          Start 3111: AssetRegistry.CreateDistinctIdsForDifferentCalls
3094/4154 Test #3111: AssetRegistry.CreateDistinctIdsForDifferentCalls ................................................................   Passed    0.00 sec
          Start 3112: AssetRegistry.GetMetaReflectsCreateArguments
3095/4154 Test #3112: AssetRegistry.GetMetaReflectsCreateArguments ....................................................................   Passed    0.00 sec
          Start 3113: AssetRegistry.DestroyMakesHandleDead
3096/4154 Test #3113: AssetRegistry.DestroyMakesHandleDead ............................................................................   Passed    0.00 sec
          Start 3114: AssetRegistry.DestroyTwiceReturnsNotFound
3097/4154 Test #3114: AssetRegistry.DestroyTwiceReturnsNotFound .......................................................................   Passed    0.00 sec
          Start 3115: AssetRegistry.StaleHandleAfterRecycleIsDead
3098/4154 Test #3115: AssetRegistry.StaleHandleAfterRecycleIsDead .....................................................................   Passed    0.00 sec
          Start 3116: AssetRegistry.InvalidHandleNotAlive
3099/4154 Test #3116: AssetRegistry.InvalidHandleNotAlive .............................................................................   Passed    0.00 sec
          Start 3117: AssetRegistry.OutOfRangeHandleNotAlive
3100/4154 Test #3117: AssetRegistry.OutOfRangeHandleNotAlive ..........................................................................   Passed    0.00 sec
          Start 3118: AssetRegistry_State.SetStateAcceptsMatchingExpectation
3101/4154 Test #3118: AssetRegistry_State.SetStateAcceptsMatchingExpectation ..........................................................   Passed    0.00 sec
          Start 3119: AssetRegistry_State.SetStateRejectsMismatchedExpectation
3102/4154 Test #3119: AssetRegistry_State.SetStateRejectsMismatchedExpectation ........................................................   Passed    0.00 sec
          Start 3120: AssetRegistry_State.SetStateRejectsDeadHandle
3103/4154 Test #3120: AssetRegistry_State.SetStateRejectsDeadHandle ...................................................................   Passed    0.00 sec
          Start 3121: AssetRegistry_State.SetPayloadSlotUpdatesMeta
3104/4154 Test #3121: AssetRegistry_State.SetPayloadSlotUpdatesMeta ...................................................................   Passed    0.00 sec
          Start 3122: AssetRegistry_State.SetPayloadSlotRejectsDeadHandle
3105/4154 Test #3122: AssetRegistry_State.SetPayloadSlotRejectsDeadHandle .............................................................   Passed    0.00 sec
          Start 3123: AssetRegistry_State.GetStateRejectsDeadHandle
3106/4154 Test #3123: AssetRegistry_State.GetStateRejectsDeadHandle ...................................................................   Passed    0.00 sec
          Start 3124: AssetRegistry_Accounting.LiveCountTracksCreatesAndDestroys
3107/4154 Test #3124: AssetRegistry_Accounting.LiveCountTracksCreatesAndDestroys ......................................................   Passed    0.00 sec
          Start 3125: AssetRegistry_Accounting.CapacityGrowsMonotonically
3108/4154 Test #3125: AssetRegistry_Accounting.CapacityGrowsMonotonically .............................................................   Passed    0.00 sec
          Start 3126: AssetRegistry_Debug.SnapshotReturnsLiveEntriesOnly
3109/4154 Test #3126: AssetRegistry_Debug.SnapshotReturnsLiveEntriesOnly ..............................................................   Passed    0.00 sec
          Start 3127: CoreBoundedHeap.ZeroCapacityIgnoresPushes
3110/4154 Test #3127: CoreBoundedHeap.ZeroCapacityIgnoresPushes .......................................................................   Passed    0.00 sec
          Start 3128: CoreBoundedHeap.KeepsSmallestValuesAndReportsWorstRetainedThreshold
3111/4154 Test #3128: CoreBoundedHeap.KeepsSmallestValuesAndReportsWorstRetainedThreshold .............................................   Passed    0.00 sec
          Start 3129: CoreBoundedHeap.UsesTotalOrderingForDeterministicTieBreaks
3112/4154 Test #3129: CoreBoundedHeap.UsesTotalOrderingForDeterministicTieBreaks ......................................................   Passed    0.00 sec
          Start 3130: CoreCallbackRegistry.RegisteredCallbackIsInvokable
3113/4154 Test #3130: CoreCallbackRegistry.RegisteredCallbackIsInvokable ..............................................................   Passed    0.00 sec
          Start 3131: CoreCallbackRegistry.InvokeReturnsOptionalForNonExpected
3114/4154 Test #3131: CoreCallbackRegistry.InvokeReturnsOptionalForNonExpected ........................................................   Passed    0.00 sec
          Start 3132: CoreCallbackRegistry.InvokeVoidReturnsBool
3115/4154 Test #3132: CoreCallbackRegistry.InvokeVoidReturnsBool ......................................................................   Passed    0.00 sec
          Start 3133: CoreCallbackRegistry.UnregisterInvalidatesToken
3116/4154 Test #3133: CoreCallbackRegistry.UnregisterInvalidatesToken .................................................................   Passed    0.00 sec
          Start 3134: CoreCallbackRegistry.DoubleUnregisterReturnsFalse
3117/4154 Test #3134: CoreCallbackRegistry.DoubleUnregisterReturnsFalse ...............................................................   Passed    0.00 sec
          Start 3135: CoreCallbackRegistry.DefaultTokenIsInvalidAndStale
3118/4154 Test #3135: CoreCallbackRegistry.DefaultTokenIsInvalidAndStale ..............................................................   Passed    0.00 sec
          Start 3136: CoreCallbackRegistry.StaleTokenDoesNotReachRecycledSlot
3119/4154 Test #3136: CoreCallbackRegistry.StaleTokenDoesNotReachRecycledSlot .........................................................   Passed    0.00 sec
          Start 3137: CoreCallbackRegistry.InvokeOrForwardsCallableError
3120/4154 Test #3137: CoreCallbackRegistry.InvokeOrForwardsCallableError ..............................................................   Passed    0.00 sec
          Start 3138: CoreCallbackRegistry.IndependentSlotsDoNotInterfere
3121/4154 Test #3138: CoreCallbackRegistry.IndependentSlotsDoNotInterfere .............................................................   Passed    0.00 sec
          Start 3139: CoreCallbackRegistry.ConcurrentInvokeAndReregisterIsSafe
3122/4154 Test #3139: CoreCallbackRegistry.ConcurrentInvokeAndReregisterIsSafe ........................................................   Passed    0.00 sec
          Start 3140: CoreCallbackRegistry.DifferentTagRegistriesHaveDistinctTokenTypes
3123/4154 Test #3140: CoreCallbackRegistry.DifferentTagRegistriesHaveDistinctTokenTypes ...............................................   Passed    0.00 sec
          Start 3141: CoreConfig.EngineDefaults
3124/4154 Test #3141: CoreConfig.EngineDefaults .......................................................................................   Passed    0.00 sec
          Start 3142: CoreEngineConfigSections.UpsertKeepsNameOrderAndReplacesByName
3125/4154 Test #3142: CoreEngineConfigSections.UpsertKeepsNameOrderAndReplacesByName ..................................................   Passed    0.00 sec
          Start 3143: CoreEngineConfigSections.RegistryValidatesDefaultsAndKeepsNameOrder
3126/4154 Test #3143: CoreEngineConfigSections.RegistryValidatesDefaultsAndKeepsNameOrder .............................................   Passed    0.00 sec
          Start 3144: CoreEngineConfigSections.PopulateDefaultsPreservesExplicitValues
3127/4154 Test #3144: CoreEngineConfigSections.PopulateDefaultsPreservesExplicitValues ................................................   Passed    0.00 sec
          Start 3145: CoreEngineConfigLoad.CoreAndRegisteredSectionRoundTrip
3128/4154 Test #3145: CoreEngineConfigLoad.CoreAndRegisteredSectionRoundTrip ..........................................................   Passed    0.00 sec
          Start 3146: CoreEngineConfigLoad.GpuProfilingDefaultsFalseWhenOmitted
3129/4154 Test #3146: CoreEngineConfigLoad.GpuProfilingDefaultsFalseWhenOmitted .......................................................   Passed    0.00 sec
          Start 3147: CoreEngineConfigLoad.UnknownSectionFallsBackWithOrWithoutRegistry
3130/4154 Test #3147: CoreEngineConfigLoad.UnknownSectionFallsBackWithOrWithoutRegistry ...............................................   Passed    0.00 sec
          Start 3148: CoreEngineConfigLoad.DuplicateSectionNamesRetainReference
3131/4154 Test #3148: CoreEngineConfigLoad.DuplicateSectionNamesRetainReference .......................................................   Passed    0.00 sec
          Start 3149: CoreEngineConfigLoad.SectionMetadataMismatchRetainsReference
3132/4154 Test #3149: CoreEngineConfigLoad.SectionMetadataMismatchRetainsReference ....................................................   Passed    0.00 sec
          Start 3150: CoreEngineConfigLoad.ValidatorFallbackCanonicalIsAcceptedAndMalformedOutputRetainsReference
3133/4154 Test #3150: CoreEngineConfigLoad.ValidatorFallbackCanonicalIsAcceptedAndMalformedOutputRetainsReference .....................   Passed    0.00 sec
          Start 3151: CoreEngineConfigLoad.MalformedStoredPayloadSerializesFailClosed
3134/4154 Test #3151: CoreEngineConfigLoad.MalformedStoredPayloadSerializesFailClosed .................................................   Passed    0.00 sec
          Start 3152: CoreEngineConfigLoad.InvalidCoreFieldsRetainReferenceWithDiagnostics
3135/4154 Test #3152: CoreEngineConfigLoad.InvalidCoreFieldsRetainReferenceWithDiagnostics ............................................   Passed    0.00 sec
          Start 3153: CoreDagScheduler.BuildsTopologicalPlanAndStats
3136/4154 Test #3153: CoreDagScheduler.BuildsTopologicalPlanAndStats ..................................................................   Passed    0.00 sec
          Start 3154: CoreDagScheduler.RejectsMissingDependencyIds
3137/4154 Test #3154: CoreDagScheduler.RejectsMissingDependencyIds ....................................................................   Passed    0.00 sec
          Start 3155: CoreDagScheduler.RejectsDuplicateTaskIds
3138/4154 Test #3155: CoreDagScheduler.RejectsDuplicateTaskIds ........................................................................   Passed    0.00 sec
          Start 3156: CoreDagScheduler.RegisterProducerRejectsNullQuery
3139/4154 Test #3156: CoreDagScheduler.RegisterProducerRejectsNullQuery ...............................................................   Passed    0.00 sec
          Start 3157: CoreDagScheduler.UnregisterMissingProducerReturnsNotFound
3140/4154 Test #3157: CoreDagScheduler.UnregisterMissingProducerReturnsNotFound .......................................................   Passed    0.00 sec
          Start 3158: CoreDagScheduler.ResetEpochClearsCachedTasks
3141/4154 Test #3158: CoreDagScheduler.ResetEpochClearsCachedTasks ....................................................................   Passed    0.00 sec
          Start 3159: CoreDagScheduler.CycleDiagnosticIncludesTaskNamesForExplicitCycle
3142/4154 Test #3159: CoreDagScheduler.CycleDiagnosticIncludesTaskNamesForExplicitCycle ...............................................   Passed    0.00 sec
          Start 3160: CoreDagScheduler.CycleDiagnosticIncludesHazardReason
3143/4154 Test #3160: CoreDagScheduler.CycleDiagnosticIncludesHazardReason ............................................................   Passed    0.00 sec
          Start 3161: CoreDagScheduler.PriorityOverridesInsertionOrder
3144/4154 Test #3161: CoreDagScheduler.PriorityOverridesInsertionOrder ................................................................   Passed    0.00 sec
          Start 3162: CoreDagScheduler.LongerCriticalPathBreaksPriorityTie
3145/4154 Test #3162: CoreDagScheduler.LongerCriticalPathBreaksPriorityTie ............................................................   Passed    0.00 sec
          Start 3163: CoreDagScheduler.StableOrderingOnFullTies
3146/4154 Test #3163: CoreDagScheduler.StableOrderingOnFullTies .......................................................................   Passed    0.00 sec
          Start 3164: CoreDagScheduler.CycleReturnsInvalidState
3147/4154 Test #3164: CoreDagScheduler.CycleReturnsInvalidState .......................................................................   Passed    0.00 sec
          Start 3165: CoreError.ToUnderlyingAndString
3148/4154 Test #3165: CoreError.ToUnderlyingAndString .................................................................................   Passed    0.00 sec
          Start 3166: CoreError.OkErrHelpersForExpected
3149/4154 Test #3166: CoreError.OkErrHelpersForExpected ...............................................................................   Passed    0.00 sec
          Start 3167: CoreError.OkErrHelpersForResult
3150/4154 Test #3167: CoreError.OkErrHelpersForResult .................................................................................   Passed    0.00 sec
          Start 3168: CoreFrameClock.FirstFrameDeltaIsZero
3151/4154 Test #3168: CoreFrameClock.FirstFrameDeltaIsZero ............................................................................   Passed    0.00 sec
          Start 3169: CoreFrameClock.ClampedDeltaHonorsExplicitZeroLimit
3152/4154 Test #3169: CoreFrameClock.ClampedDeltaHonorsExplicitZeroLimit ..............................................................   Passed    0.00 sec
          Start 3170: CoreFrameClock.EndFrameRecordsNonNegativeRawDelta
3153/4154 Test #3170: CoreFrameClock.EndFrameRecordsNonNegativeRawDelta ...............................................................   Passed    0.00 sec
          Start 3171: CoreFrameClock.ClampedDeltaRemainsThePreviousCompletedFrameDuration
3154/4154 Test #3171: CoreFrameClock.ClampedDeltaRemainsThePreviousCompletedFrameDuration .............................................   Passed    0.01 sec
          Start 3172: CoreFrameClock.NegativeClampLimitProducesNonNegativeDelta
3155/4154 Test #3172: CoreFrameClock.NegativeClampLimitProducesNonNegativeDelta .......................................................   Passed    0.00 sec
          Start 3173: CoreFrameClock.ResampleKeepsClockUsable
3156/4154 Test #3173: CoreFrameClock.ResampleKeepsClockUsable .........................................................................   Passed    0.00 sec
          Start 3174: CoreFilesystemPathResolver.TryResolveShaderPathReturnsErrorWhenLookupMissing
3157/4154 Test #3174: CoreFilesystemPathResolver.TryResolveShaderPathReturnsErrorWhenLookupMissing ....................................   Passed    0.00 sec
          Start 3175: CoreFilesystemPathResolver.ShaderPathFallbackReturnsRelativeWhenMissing
3158/4154 Test #3175: CoreFilesystemPathResolver.ShaderPathFallbackReturnsRelativeWhenMissing .........................................   Passed    0.00 sec
          Start 3176: CoreFilesystemPathResolver.AbsolutePathRoundTrip
3159/4154 Test #3176: CoreFilesystemPathResolver.AbsolutePathRoundTrip ................................................................   Passed    0.00 sec
          Start 3177: CoreFilesystemPathResolver.AssetPathContainsAssetsSegment
3160/4154 Test #3177: CoreFilesystemPathResolver.AssetPathContainsAssetsSegment .......................................................   Passed    0.00 sec
          Start 3178: CoreFilesystemWatcher.StatsCanBeResetAndRead
3161/4154 Test #3178: CoreFilesystemWatcher.StatsCanBeResetAndRead ....................................................................   Passed    0.00 sec
          Start 3179: CoreFrameGraph.TypeTokenStableAcrossTranslationUnits
3162/4154 Test #3179: CoreFrameGraph.TypeTokenStableAcrossTranslationUnits ............................................................   Passed    0.00 sec
          Start 3180: CoreFrameGraph.LinearChain
3163/4154 Test #3180: CoreFrameGraph.LinearChain ......................................................................................   Passed    0.00 sec
          Start 3181: CoreFrameGraph.WriteAfterWrite
3164/4154 Test #3181: CoreFrameGraph.WriteAfterWrite ..................................................................................   Passed    0.00 sec
          Start 3182: CoreFrameGraph.WriteAfterRead
3165/4154 Test #3182: CoreFrameGraph.WriteAfterRead ...................................................................................   Passed    0.01 sec
          Start 3183: CoreFrameGraph.ParallelReaders
3166/4154 Test #3183: CoreFrameGraph.ParallelReaders ..................................................................................   Passed    0.01 sec
          Start 3184: CoreFrameGraph.DiamondDependency
3167/4154 Test #3184: CoreFrameGraph.DiamondDependency ................................................................................   Passed    0.01 sec
          Start 3185: CoreFrameGraph.ReadyQueueExecutionBypassesCoarseLayerBarrier
3168/4154 Test #3185: CoreFrameGraph.ReadyQueueExecutionBypassesCoarseLayerBarrier ....................................................   Passed    0.06 sec
          Start 3186: CoreFrameGraph.LabelOrdering
3169/4154 Test #3186: CoreFrameGraph.LabelOrdering ....................................................................................   Passed    0.00 sec
          Start 3187: CoreFrameGraph.MixedLabelsAndResources
3170/4154 Test #3187: CoreFrameGraph.MixedLabelsAndResources ..........................................................................   Passed    0.01 sec
          Start 3188: CoreFrameGraph.EmptyGraph
3171/4154 Test #3188: CoreFrameGraph.EmptyGraph .......................................................................................   Passed    0.00 sec
          Start 3189: CoreFrameGraph.SinglePass
3172/4154 Test #3189: CoreFrameGraph.SinglePass .......................................................................................   Passed    0.00 sec
          Start 3190: CoreFrameGraph.MultiFrameReset
3173/4154 Test #3190: CoreFrameGraph.MultiFrameReset ..................................................................................   Passed    0.00 sec
          Start 3191: CoreFrameGraph.ReadWriteSameType
3174/4154 Test #3191: CoreFrameGraph.ReadWriteSameType ................................................................................   Passed    0.00 sec
          Start 3192: CoreFrameGraph.IndependentPassesParallelize
3175/4154 Test #3192: CoreFrameGraph.IndependentPassesParallelize .....................................................................   Passed    0.00 sec
          Start 3193: CoreFrameGraph.PassNameIntrospection
3176/4154 Test #3193: CoreFrameGraph.PassNameIntrospection ............................................................................   Passed    0.00 sec
          Start 3194: CoreFrameGraph.ParallelExecutionStress
3177/4154 Test #3194: CoreFrameGraph.ParallelExecutionStress ..........................................................................   Passed    0.01 sec
          Start 3195: CoreFrameGraph.ReadyQueueExecutionDoesNotWaitForSlowSiblingLayerBarrier
3178/4154 Test #3195: CoreFrameGraph.ReadyQueueExecutionDoesNotWaitForSlowSiblingLayerBarrier .........................................   Passed    0.13 sec
          Start 3196: CoreFrameGraph.RealisticFrame
3179/4154 Test #3196: CoreFrameGraph.RealisticFrame ...................................................................................   Passed    0.01 sec
          Start 3197: CoreFrameGraph.NoCycleFromSequentialRegistration
3180/4154 Test #3197: CoreFrameGraph.NoCycleFromSequentialRegistration ................................................................   Passed    0.00 sec
          Start 3198: CoreFrameGraph.ErrorRecovery_ResetAfterFailedCompile
3181/4154 Test #3198: CoreFrameGraph.ErrorRecovery_ResetAfterFailedCompile ............................................................   Passed    0.00 sec
          Start 3199: CoreFrameGraph.ReadyQueueNestedDispatchStressHighWorkerCount
3182/4154 Test #3199: CoreFrameGraph.ReadyQueueNestedDispatchStressHighWorkerCount ....................................................   Passed    0.14 sec
          Start 3200: CoreFrameGraph.ResetRebuildsTheCpuGraphCleanly
3183/4154 Test #3200: CoreFrameGraph.ResetRebuildsTheCpuGraphCleanly ..................................................................   Passed    0.00 sec
          Start 3201: CoreGraphCompiler.EmptyGraphCompiles
3184/4154 Test #3201: CoreGraphCompiler.EmptyGraphCompiles ............................................................................   Passed    0.00 sec
          Start 3202: CoreGraphCompiler.SingleNodeGraphCompiles
3185/4154 Test #3202: CoreGraphCompiler.SingleNodeGraphCompiles .......................................................................   Passed    0.00 sec
          Start 3203: CoreGraphCompiler.IndependentNodesHaveNoOrderingEdges
3186/4154 Test #3203: CoreGraphCompiler.IndependentNodesHaveNoOrderingEdges ...........................................................   Passed    0.00 sec
          Start 3204: CoreGraphCompiler.ExplicitDependenciesProduceTopologicalLayers
3187/4154 Test #3204: CoreGraphCompiler.ExplicitDependenciesProduceTopologicalLayers ..................................................   Passed    0.00 sec
          Start 3205: CoreGraphCompiler.MissingDependencyReturnsInvalidArgument
3188/4154 Test #3205: CoreGraphCompiler.MissingDependencyReturnsInvalidArgument .......................................................   Passed    0.00 sec
          Start 3206: CoreGraphCompiler.DuplicateTaskIdReturnsInvalidArgument
3189/4154 Test #3206: CoreGraphCompiler.DuplicateTaskIdReturnsInvalidArgument .........................................................   Passed    0.00 sec
          Start 3207: CoreGraphCompiler.DeterministicOverRepeatedCompiles
3190/4154 Test #3207: CoreGraphCompiler.DeterministicOverRepeatedCompiles .............................................................   Passed    0.00 sec
          Start 3208: CoreGraphCompiler.LargeCycleDiagnosticIsBounded
3191/4154 Test #3208: CoreGraphCompiler.LargeCycleDiagnosticIsBounded .................................................................   Passed    0.00 sec
          Start 3209: CoreGraphCompiler.CycleDiagnosticIncludesEdgeReason
3192/4154 Test #3209: CoreGraphCompiler.CycleDiagnosticIncludesEdgeReason .............................................................   Passed    0.00 sec
          Start 3210: CoreGraphCompiler.ResourceHazardRawOrdersWriterBeforeReader
3193/4154 Test #3210: CoreGraphCompiler.ResourceHazardRawOrdersWriterBeforeReader .....................................................   Passed    0.00 sec
          Start 3211: CoreGraphCompiler.ResourceHazardWarOrdersReaderBeforeWriter
3194/4154 Test #3211: CoreGraphCompiler.ResourceHazardWarOrdersReaderBeforeWriter .....................................................   Passed    0.00 sec
          Start 3212: CoreGraphCompiler.ResourceHazardRarKeepsReadersParallel
3195/4154 Test #3212: CoreGraphCompiler.ResourceHazardRarKeepsReadersParallel .........................................................   Passed    0.00 sec
          Start 3213: CoreGraphCompiler.ResourceHazardWawOrdersWriters
3196/4154 Test #3213: CoreGraphCompiler.ResourceHazardWawOrdersWriters ................................................................   Passed    0.00 sec
          Start 3214: CoreGraphCompiler.MultipleReadersSerializeBeforeWriter
3197/4154 Test #3214: CoreGraphCompiler.MultipleReadersSerializeBeforeWriter ..........................................................   Passed    0.00 sec
          Start 3215: CoreGraphCompiler.WeakReadDoesNotDelayFollowingWriter
3198/4154 Test #3215: CoreGraphCompiler.WeakReadDoesNotDelayFollowingWriter ...........................................................   Passed    0.00 sec
          Start 3216: CoreGraphCompiler.WriteThenWeakReadSerializesWriterBeforeReader
3199/4154 Test #3216: CoreGraphCompiler.WriteThenWeakReadSerializesWriterBeforeReader .................................................   Passed    0.00 sec
          Start 3217: CoreGraphCompiler.DuplicateResourceAccessesDoNotDuplicateEdges
3200/4154 Test #3217: CoreGraphCompiler.DuplicateResourceAccessesDoNotDuplicateEdges ..................................................   Passed    0.00 sec
          Start 3218: CoreGraphCompiler.ResourceHazardsContributeToEdgeStats
3201/4154 Test #3218: CoreGraphCompiler.ResourceHazardsContributeToEdgeStats ..........................................................   Passed    0.00 sec
          Start 3219: CoreGraphCompiler.TaskPlanGraphReportsExplicitAndHazardEdgeStats
3202/4154 Test #3219: CoreGraphCompiler.TaskPlanGraphReportsExplicitAndHazardEdgeStats ................................................   Passed    0.00 sec
          Start 3220: CoreGraphCompiler.TaskPlanGraphMatchesDomainFreeGoldenPlan
3203/4154 Test #3220: CoreGraphCompiler.TaskPlanGraphMatchesDomainFreeGoldenPlan ......................................................   Passed    0.00 sec
          Start 3221: CoreGraphCompiler.ResourceHazardStress_10000_NodesCompilesDeterministically
3204/4154 Test #3221: CoreGraphCompiler.ResourceHazardStress_10000_NodesCompilesDeterministically .....................................   Passed    0.13 sec
          Start 3222: CoreHandleLease.DefaultAndInvalidShareAreNoOps
3205/4154 Test #3222: CoreHandleLease.DefaultAndInvalidShareAreNoOps ..................................................................   Passed    0.00 sec
          Start 3223: CoreHandleLease.AdoptDoesNotRetainButReleasesOnDestruction
3206/4154 Test #3223: CoreHandleLease.AdoptDoesNotRetainButReleasesOnDestruction ......................................................   Passed    0.00 sec
          Start 3224: CoreHandleLease.RetainNewRetainsAndReleases
3207/4154 Test #3224: CoreHandleLease.RetainNewRetainsAndReleases .....................................................................   Passed    0.00 sec
          Start 3225: CoreHandleLease.ShareDelegatesToManagerAcquireLease
3208/4154 Test #3225: CoreHandleLease.ShareDelegatesToManagerAcquireLease .............................................................   Passed    0.00 sec
          Start 3226: CoreHandleLease.MoveConstructionTransfersOwnership
3209/4154 Test #3226: CoreHandleLease.MoveConstructionTransfersOwnership ..............................................................   Passed    0.00 sec
          Start 3227: CoreHandleLease.MoveAssignmentReleasesPreviousHandle
3210/4154 Test #3227: CoreHandleLease.MoveAssignmentReleasesPreviousHandle ............................................................   Passed    0.00 sec
          Start 3228: CoreHandleLease.SelfMoveAssignmentIsSafeNoExtraRelease
3211/4154 Test #3228: CoreHandleLease.SelfMoveAssignmentIsSafeNoExtraRelease ..........................................................   Passed    0.00 sec
          Start 3229: CoreHash.HashString_EmptyString
3212/4154 Test #3229: CoreHash.HashString_EmptyString .................................................................................   Passed    0.00 sec
          Start 3230: CoreHash.HashString_SingleChar
3213/4154 Test #3230: CoreHash.HashString_SingleChar ..................................................................................   Passed    0.00 sec
          Start 3231: CoreHash.HashString_DifferentStrings
3214/4154 Test #3231: CoreHash.HashString_DifferentStrings ............................................................................   Passed    0.00 sec
          Start 3232: CoreHash.HashString_SameStrings
3215/4154 Test #3232: CoreHash.HashString_SameStrings .................................................................................   Passed    0.00 sec
          Start 3233: CoreHash.HashString_CaseSensitive
3216/4154 Test #3233: CoreHash.HashString_CaseSensitive ...............................................................................   Passed    0.00 sec
          Start 3234: CoreHash.HashString_Constexpr
3217/4154 Test #3234: CoreHash.HashString_Constexpr ...................................................................................   Passed    0.00 sec
          Start 3235: CoreHash.StringID_DefaultConstruct
3218/4154 Test #3235: CoreHash.StringID_DefaultConstruct ..............................................................................   Passed    0.00 sec
          Start 3236: CoreHash.StringID_FromValue
3219/4154 Test #3236: CoreHash.StringID_FromValue .....................................................................................   Passed    0.00 sec
          Start 3237: CoreHash.StringID_FromCharPtr
3220/4154 Test #3237: CoreHash.StringID_FromCharPtr ...................................................................................   Passed    0.00 sec
          Start 3238: CoreHash.StringID_FromStringView
3221/4154 Test #3238: CoreHash.StringID_FromStringView ................................................................................   Passed    0.00 sec
          Start 3239: CoreHash.StringID_Equality
3222/4154 Test #3239: CoreHash.StringID_Equality ......................................................................................   Passed    0.00 sec
          Start 3240: CoreHash.StringID_Ordering
3223/4154 Test #3240: CoreHash.StringID_Ordering ......................................................................................   Passed    0.00 sec
          Start 3241: CoreHash.StringID_Literal
3224/4154 Test #3241: CoreHash.StringID_Literal .......................................................................................   Passed    0.00 sec
          Start 3242: CoreHash.StringID_LiteralConstexpr
3225/4154 Test #3242: CoreHash.StringID_LiteralConstexpr ..............................................................................   Passed    0.00 sec
          Start 3243: CoreHash.StringID_LiteralComparison
3226/4154 Test #3243: CoreHash.StringID_LiteralComparison .............................................................................   Passed    0.00 sec
          Start 3244: CoreHash.StringID_UnorderedSet
3227/4154 Test #3244: CoreHash.StringID_UnorderedSet ..................................................................................   Passed    0.00 sec
          Start 3245: CoreHash.StringID_UnorderedMapKey
3228/4154 Test #3245: CoreHash.StringID_UnorderedMapKey ...............................................................................   Passed    0.00 sec
          Start 3246: CoreHash.StringID_DistributionQuality
3229/4154 Test #3246: CoreHash.StringID_DistributionQuality ...........................................................................   Passed    0.00 sec
          Start 3247: CoreHash.StringID_EmptyStringLiteral
3230/4154 Test #3247: CoreHash.StringID_EmptyStringLiteral ............................................................................   Passed    0.00 sec
          Start 3248: CoreHash.StringID_LongString
3231/4154 Test #3248: CoreHash.StringID_LongString ....................................................................................   Passed    0.00 sec
          Start 3249: CoreHash.StringID_SpecialCharacters
3232/4154 Test #3249: CoreHash.StringID_SpecialCharacters .............................................................................   Passed    0.00 sec
          Start 3250: CoreHash.U64Hash_Basic
3233/4154 Test #3250: CoreHash.U64Hash_Basic ..........................................................................................   Passed    0.00 sec
          Start 3251: CoreHash.U64Hash_InUnorderedMap
3234/4154 Test #3251: CoreHash.U64Hash_InUnorderedMap .................................................................................   Passed    0.00 sec
          Start 3252: CoreLockFreeQueue.PushPopAndEmpty
3235/4154 Test #3252: CoreLockFreeQueue.PushPopAndEmpty ...............................................................................   Passed    0.00 sec
          Start 3253: CoreLockFreeQueue.FullAndWrapAround
3236/4154 Test #3253: CoreLockFreeQueue.FullAndWrapAround .............................................................................   Passed    0.00 sec
          Start 3254: CoreLogging.WritesSequenceAndSnapshot
3237/4154 Test #3254: CoreLogging.WritesSequenceAndSnapshot ...........................................................................   Passed    0.00 sec
          Start 3255: CoreLogging.ClearDoesNotResetSequence
3238/4154 Test #3255: CoreLogging.ClearDoesNotResetSequence ...........................................................................   Passed    0.00 sec
          Start 3256: CoreMemoryScopeStack.BasicPodAllocation
3239/4154 Test #3256: CoreMemoryScopeStack.BasicPodAllocation .........................................................................   Passed    0.00 sec
          Start 3257: CoreMemoryScopeStack.NonTrivialDestructorCalledOnReset
3240/4154 Test #3257: CoreMemoryScopeStack.NonTrivialDestructorCalledOnReset ..........................................................   Passed    0.00 sec
          Start 3258: CoreMemoryScopeStack.DestructionOrderLifo
3241/4154 Test #3258: CoreMemoryScopeStack.DestructionOrderLifo .......................................................................   Passed    0.00 sec
          Start 3259: CoreMemoryScopeStack.ArrayDestructionOrderIsReversed
3242/4154 Test #3259: CoreMemoryScopeStack.ArrayDestructionOrderIsReversed ............................................................   Passed    0.00 sec
          Start 3260: CoreMemoryScopeStack.MixedPodAndNonTrivialTracksOnlyDestructors
3243/4154 Test #3260: CoreMemoryScopeStack.MixedPodAndNonTrivialTracksOnlyDestructors .................................................   Passed    0.00 sec
          Start 3261: CoreMemoryScopeStack.SharedPtrSupport
3244/4154 Test #3261: CoreMemoryScopeStack.SharedPtrSupport ...........................................................................   Passed    0.00 sec
          Start 3262: CoreMemoryScopeStack.StringSupport
3245/4154 Test #3262: CoreMemoryScopeStack.StringSupport ..............................................................................   Passed    0.00 sec
          Start 3263: CoreMemoryScopeStack.DirectArenaAccessForPodBypassesDestructorTracking
3246/4154 Test #3263: CoreMemoryScopeStack.DirectArenaAccessForPodBypassesDestructorTracking ..........................................   Passed    0.00 sec
          Start 3264: CoreMemoryScopeStack.MoveTransfersDestructorListOnce
3247/4154 Test #3264: CoreMemoryScopeStack.MoveTransfersDestructorListOnce ............................................................   Passed    0.00 sec
          Start 3265: CoreMemoryLinearArena.Initialization
3248/4154 Test #3265: CoreMemoryLinearArena.Initialization ............................................................................   Passed    0.00 sec
          Start 3266: CoreMemoryLinearArena.BasicPrimitiveAllocation
3249/4154 Test #3266: CoreMemoryLinearArena.BasicPrimitiveAllocation ..................................................................   Passed    0.00 sec
          Start 3267: CoreMemoryLinearArena.AlignmentEnforcement
3250/4154 Test #3267: CoreMemoryLinearArena.AlignmentEnforcement ......................................................................   Passed    0.00 sec
          Start 3268: CoreMemoryLinearArena.ArrayAllocation
3251/4154 Test #3268: CoreMemoryLinearArena.ArrayAllocation ...........................................................................   Passed    0.00 sec
          Start 3269: CoreMemoryLinearArena.FrameResetLoopReusesAddress
3252/4154 Test #3269: CoreMemoryLinearArena.FrameResetLoopReusesAddress ...............................................................   Passed    0.00 sec
          Start 3270: CoreMemoryLinearArena.OutOfMemoryAndReset
3253/4154 Test #3270: CoreMemoryLinearArena.OutOfMemoryAndReset .......................................................................   Passed    0.00 sec
          Start 3271: CoreMemoryLinearArena.ResetDoesNotCallDestructors
3254/4154 Test #3271: CoreMemoryLinearArena.ResetDoesNotCallDestructors ...............................................................   Passed    0.00 sec
          Start 3272: CoreMemoryLinearArena.MarkerRewind
3255/4154 Test #3272: CoreMemoryLinearArena.MarkerRewind ..............................................................................   Passed    0.00 sec
          Start 3273: CoreMemoryLinearArena.CrossThreadAllocationReturnsError
3256/4154 Test #3273: CoreMemoryLinearArena.CrossThreadAllocationReturnsError .........................................................   Passed    0.00 sec
          Start 3274: CoreMemoryLinearArena.MoveSameThreadPreservesUsableStorage
3257/4154 Test #3274: CoreMemoryLinearArena.MoveSameThreadPreservesUsableStorage ......................................................   Passed    0.00 sec
          Start 3275: CoreMemoryLinearArena.MoveAcrossThreadsKeepsOriginalThreadAffinity
3258/4154 Test #3275: CoreMemoryLinearArena.MoveAcrossThreadsKeepsOriginalThreadAffinity ..............................................   Passed    0.00 sec
          Start 3276: CoreMemoryLinearArena.EpochChangesOnMove
3259/4154 Test #3276: CoreMemoryLinearArena.EpochChangesOnMove ........................................................................   Passed    0.00 sec
          Start 3277: CoreMemoryArenaAllocator.BasicAllocationWorks
3260/4154 Test #3277: CoreMemoryArenaAllocator.BasicAllocationWorks ...................................................................   Passed    0.00 sec
          Start 3278: CoreMemoryArenaAllocator.WorksWithStdVector
3261/4154 Test #3278: CoreMemoryArenaAllocator.WorksWithStdVector .....................................................................   Passed    0.00 sec
          Start 3279: CoreMemoryArenaAllocator.RebindWorks
3262/4154 Test #3279: CoreMemoryArenaAllocator.RebindWorks ............................................................................   Passed    0.00 sec
          Start 3280: CoreMemoryArenaAllocator.EqualityComparison
3263/4154 Test #3280: CoreMemoryArenaAllocator.EqualityComparison .....................................................................   Passed    0.00 sec
          Start 3281: CoreMemoryPmr.WorksWithPmrString
3264/4154 Test #3281: CoreMemoryPmr.WorksWithPmrString ................................................................................   Passed    0.00 sec
          Start 3282: CoreMemoryTelemetry.TracksAllocations
3265/4154 Test #3282: CoreMemoryTelemetry.TracksAllocations ...........................................................................   Passed    0.00 sec
          Start 3283: Profiling_ScopedTimer.RecordsSampleToTelemetry
3266/4154 Test #3283: Profiling_ScopedTimer.RecordsSampleToTelemetry ..................................................................   Passed    0.00 sec
          Start 3284: Profiling_ScopedTimer.CategoryAccumulation
3267/4154 Test #3284: Profiling_ScopedTimer.CategoryAccumulation ......................................................................   Passed    0.01 sec
          Start 3285: Profiling_ScopedTimer.NestedTimers
3268/4154 Test #3285: Profiling_ScopedTimer.NestedTimers ..............................................................................   Passed    0.00 sec
          Start 3286: Profiling_TelemetrySystem.FrameStatsHistory
3269/4154 Test #3286: Profiling_TelemetrySystem.FrameStatsHistory .....................................................................   Passed    0.01 sec
          Start 3287: Profiling_TelemetrySystem.DrawCallTracking
3270/4154 Test #3287: Profiling_TelemetrySystem.DrawCallTracking ......................................................................   Passed    0.00 sec
          Start 3288: Profiling_TelemetrySystem.SimulationStatsTracking
3271/4154 Test #3288: Profiling_TelemetrySystem.SimulationStatsTracking ...............................................................   Passed    0.00 sec
          Start 3289: Profiling_TelemetrySystem.SimulationStatsResetAtBeginFrame
3272/4154 Test #3289: Profiling_TelemetrySystem.SimulationStatsResetAtBeginFrame ......................................................   Passed    0.00 sec
          Start 3290: Profiling_TelemetrySystem.AverageFrameTime
3273/4154 Test #3290: Profiling_TelemetrySystem.AverageFrameTime ......................................................................   Passed    0.00 sec
          Start 3291: Profiling_TelemetrySystem.SetAndGetPassGpuTimings
3274/4154 Test #3291: Profiling_TelemetrySystem.SetAndGetPassGpuTimings ...............................................................   Passed    0.00 sec
          Start 3292: Profiling_TelemetrySystem.MergePassCpuTimings
3275/4154 Test #3292: Profiling_TelemetrySystem.MergePassCpuTimings ...................................................................   Passed    0.00 sec
          Start 3293: Profiling_TimingCategory.AddSampleUpdatesStats
3276/4154 Test #3293: Profiling_TimingCategory.AddSampleUpdatesStats ..................................................................   Passed    0.00 sec
          Start 3294: Profiling_TimingCategory.ResetClearsState
3277/4154 Test #3294: Profiling_TimingCategory.ResetClearsState .......................................................................   Passed    0.00 sec
          Start 3295: TelemetryPresentTiming.PresentTimingsRecordedInFrameStats
3278/4154 Test #3295: TelemetryPresentTiming.PresentTimingsRecordedInFrameStats .......................................................   Passed    0.00 sec
          Start 3296: TelemetryPresentTiming.PresentTimingsResetEachFrame
3279/4154 Test #3296: TelemetryPresentTiming.PresentTimingsResetEachFrame .............................................................   Passed    0.00 sec
          Start 3297: CoreResourcePool.AddAndGetRoundTripsResource
3280/4154 Test #3297: CoreResourcePool.AddAndGetRoundTripsResource ....................................................................   Passed    0.00 sec
          Start 3298: CoreResourcePool.EmplaceForwardsConstructorArguments
3281/4154 Test #3298: CoreResourcePool.EmplaceForwardsConstructorArguments ............................................................   Passed    0.00 sec
          Start 3299: CoreResourcePool.GetByIndexReturnsActiveResourceWithoutGenerationCheck
3282/4154 Test #3299: CoreResourcePool.GetByIndexReturnsActiveResourceWithoutGenerationCheck ..........................................   Passed    0.00 sec
          Start 3300: CoreResourcePool.RemoveInvalidatesHandleImmediately
3283/4154 Test #3300: CoreResourcePool.RemoveInvalidatesHandleImmediately .............................................................   Passed    0.00 sec
          Start 3301: CoreResourcePool.ReusedSlotRejectsStaleHandleAndAdvancesGeneration
3284/4154 Test #3301: CoreResourcePool.ReusedSlotRejectsStaleHandleAndAdvancesGeneration ..............................................   Passed    0.00 sec
          Start 3302: CoreResourcePool.DefaultRetirementFramesHonorsBoundary
3285/4154 Test #3302: CoreResourcePool.DefaultRetirementFramesHonorsBoundary ..........................................................   Passed    0.00 sec
          Start 3303: CoreResourcePool.CapacityTracksAllocatedSlotsAndClearResetsIt
3286/4154 Test #3303: CoreResourcePool.CapacityTracksAllocatedSlotsAndClearResetsIt ...................................................   Passed    0.00 sec
          Start 3304: CoreResourcePool.InvalidHandlesReturnResourceNotFound
3287/4154 Test #3304: CoreResourcePool.InvalidHandlesReturnResourceNotFound ...........................................................   Passed    0.00 sec
          Start 3305: CoreResourcePool.ConcurrentReadsAreSafe
3288/4154 Test #3305: CoreResourcePool.ConcurrentReadsAreSafe .........................................................................   Passed    0.01 sec
          Start 3306: StrongHandle.DefaultConstructor_Invalid
3289/4154 Test #3306: StrongHandle.DefaultConstructor_Invalid .........................................................................   Passed    0.00 sec
          Start 3307: StrongHandle.ParameterizedConstructor_Valid
3290/4154 Test #3307: StrongHandle.ParameterizedConstructor_Valid .....................................................................   Passed    0.00 sec
          Start 3308: StrongHandle.ZeroIndexIsValid
3291/4154 Test #3308: StrongHandle.ZeroIndexIsValid ...................................................................................   Passed    0.00 sec
          Start 3309: StrongHandle.Equality_SameValues
3292/4154 Test #3309: StrongHandle.Equality_SameValues ................................................................................   Passed    0.00 sec
          Start 3310: StrongHandle.Equality_DifferentIndex
3293/4154 Test #3310: StrongHandle.Equality_DifferentIndex ............................................................................   Passed    0.00 sec
          Start 3311: StrongHandle.Equality_DifferentGeneration
3294/4154 Test #3311: StrongHandle.Equality_DifferentGeneration .......................................................................   Passed    0.00 sec
          Start 3312: StrongHandle.Ordering_SpaceshipOperator
3295/4154 Test #3312: StrongHandle.Ordering_SpaceshipOperator .........................................................................   Passed    0.00 sec
          Start 3313: StrongHandle.TypeSafety_DifferentTagsAreDistinctTypes
3296/4154 Test #3313: StrongHandle.TypeSafety_DifferentTagsAreDistinctTypes ...........................................................   Passed    0.00 sec
          Start 3314: StrongHandle.Hashable_UnorderedSet
3297/4154 Test #3314: StrongHandle.Hashable_UnorderedSet ..............................................................................   Passed    0.00 sec
          Start 3315: StrongHandle.Hashable_UnorderedMap
3298/4154 Test #3315: StrongHandle.Hashable_UnorderedMap ..............................................................................   Passed    0.00 sec
          Start 3316: StrongHandle.Hash_DifferentValuesProduceDifferentHashes
3299/4154 Test #3316: StrongHandle.Hash_DifferentValuesProduceDifferentHashes .........................................................   Passed    0.00 sec
          Start 3317: StrongHandle.MaxGeneration
3300/4154 Test #3317: StrongHandle.MaxGeneration ......................................................................................   Passed    0.00 sec
          Start 3318: StrongHandle.MaxValidIndex
3301/4154 Test #3318: StrongHandle.MaxValidIndex ......................................................................................   Passed    0.00 sec
          Start 3319: StrongHandle.CopySemantics
3302/4154 Test #3319: StrongHandle.CopySemantics ......................................................................................   Passed    0.00 sec
          Start 3320: StrongHandle.ConstexprDefaultConstruction
3303/4154 Test #3320: StrongHandle.ConstexprDefaultConstruction .......................................................................   Passed    0.00 sec
          Start 3321: StrongHandle.ConstexprValueConstruction
3304/4154 Test #3321: StrongHandle.ConstexprValueConstruction .........................................................................   Passed    0.00 sec
          Start 3322: CoreTaskGraph.ExecuteCallbacksHonorsResourceAndLabelDependencies
3305/4154 Test #3322: CoreTaskGraph.ExecuteCallbacksHonorsResourceAndLabelDependencies ................................................   Passed    0.00 sec
          Start 3323: CoreTaskGraph.IndependentPassesStayInInsertionOrder
3306/4154 Test #3323: CoreTaskGraph.IndependentPassesStayInInsertionOrder .............................................................   Passed    0.00 sec
          Start 3324: CoreTaskGraph.WaitDependsOnAllPriorSignalers
3307/4154 Test #3324: CoreTaskGraph.WaitDependsOnAllPriorSignalers ....................................................................   Passed    0.00 sec
          Start 3325: CoreTaskGraph.WaitWithoutPriorSignalFailsCompile
3308/4154 Test #3325: CoreTaskGraph.WaitWithoutPriorSignalFailsCompile ................................................................   Passed    0.00 sec
          Start 3326: CoreTaskGraph.WaitAfterLaterSignalStillFailsCompile
3309/4154 Test #3326: CoreTaskGraph.WaitAfterLaterSignalStillFailsCompile .............................................................   Passed    0.00 sec
          Start 3327: CoreTaskGraph.ExplicitSelfDependencyFailsCompile
3310/4154 Test #3327: CoreTaskGraph.ExplicitSelfDependencyFailsCompile ................................................................   Passed    0.00 sec
          Start 3328: CoreTaskGraph.ExplicitDependencyCanCreateCycleDiagnostic
3311/4154 Test #3328: CoreTaskGraph.ExplicitDependencyCanCreateCycleDiagnostic ........................................................   Passed    0.00 sec
          Start 3329: CoreTaskGraph.NamedDependencyReasonAppearsInCycleDiagnostic
3312/4154 Test #3329: CoreTaskGraph.NamedDependencyReasonAppearsInCycleDiagnostic .....................................................   Passed    0.00 sec
          Start 3330: CoreTaskGraph.LabelDependencyCycleIncludesLabelId
3313/4154 Test #3330: CoreTaskGraph.LabelDependencyCycleIncludesLabelId ...............................................................   Passed    0.00 sec
          Start 3331: CoreTaskGraph.LargeCycleDiagnosticIsBounded
3314/4154 Test #3331: CoreTaskGraph.LargeCycleDiagnosticIsBounded .....................................................................   Passed    0.00 sec
          Start 3332: CoreTaskGraph.IndependentLabelsDoNotInterfere
3315/4154 Test #3332: CoreTaskGraph.IndependentLabelsDoNotInterfere ...................................................................   Passed    0.00 sec
          Start 3333: CoreTaskGraph.PlanOnlyBuildPlanIsStableAndExecuteIsRejected
3316/4154 Test #3333: CoreTaskGraph.PlanOnlyBuildPlanIsStableAndExecuteIsRejected .....................................................   Passed    0.00 sec
          Start 3334: CoreTaskGraph.PlanOnlyBuildPlanAndResetReuse
3317/4154 Test #3334: CoreTaskGraph.PlanOnlyBuildPlanAndResetReuse ....................................................................   Passed    0.00 sec
          Start 3335: CoreTaskGraph.ReplayReusesExactPlanAndRebindsCallbacks
3318/4154 Test #3335: CoreTaskGraph.ReplayReusesExactPlanAndRebindsCallbacks ..........................................................   Passed    0.00 sec
          Start 3336: CoreTaskGraph.ReplayStructuralDescriptorChangesRebuild
3319/4154 Test #3336: CoreTaskGraph.ReplayStructuralDescriptorChangesRebuild ..........................................................   Passed    0.00 sec
          Start 3337: CoreTaskGraph.BuildPlanBatchesMatchExecutionLayers
3320/4154 Test #3337: CoreTaskGraph.BuildPlanBatchesMatchExecutionLayers ..............................................................   Passed    0.00 sec
          Start 3338: CoreTaskGraph.ScheduleStatsIncludeExplicitAndHazardEdges
3321/4154 Test #3338: CoreTaskGraph.ScheduleStatsIncludeExplicitAndHazardEdges ........................................................   Passed    0.00 sec
          Start 3339: CoreTaskGraph.TakePassExecuteMovesOnlyTargetClosure
3322/4154 Test #3339: CoreTaskGraph.TakePassExecuteMovesOnlyTargetClosure .............................................................   Passed    0.00 sec
          Start 3340: CoreTaskGraph.ResetClearsStatsResourcesAndLabelsAcrossEpochs
3323/4154 Test #3340: CoreTaskGraph.ResetClearsStatsResourcesAndLabelsAcrossEpochs ....................................................   Passed    0.00 sec
          Start 3341: CoreTaskGraph.MainThreadReadyQueueUsesPriorityAndCostOrdering
3324/4154 Test #3341: CoreTaskGraph.MainThreadReadyQueueUsesPriorityAndCostOrdering ...................................................   Passed    0.01 sec
          Start 3342: CoreTaskGraph.FailedCompileClearsCompiledState
3325/4154 Test #3342: CoreTaskGraph.FailedCompileClearsCompiledState ..................................................................   Passed    0.00 sec
          Start 3343: CoreTaskGraphCompletionLifetime.SubmittedGraphAllowsUnrelatedWorkBeforeDependencyOrderedWait
3326/4154 Test #3343: CoreTaskGraphCompletionLifetime.SubmittedGraphAllowsUnrelatedWorkBeforeDependencyOrderedWait ....................   Passed    0.01 sec
          Start 3344: CoreTaskGraphCompletionLifetime.MainThreadPassesRunOnlyWhenOwnerPumps
3327/4154 Test #3344: CoreTaskGraphCompletionLifetime.MainThreadPassesRunOnlyWhenOwnerPumps ...........................................   Passed    0.01 sec
          Start 3345: CoreTaskGraphCompletionLifetime.PumpAndWaitRejectNonOwnerThread
3328/4154 Test #3345: CoreTaskGraphCompletionLifetime.PumpAndWaitRejectNonOwnerThread .................................................   Passed    0.00 sec
          Start 3346: CoreTaskGraphCompletionLifetime.ResetFailsClosedWhileSubmissionIsLive
3329/4154 Test #3346: CoreTaskGraphCompletionLifetime.ResetFailsClosedWhileSubmissionIsLive ...........................................   Passed    0.01 sec
          Start 3347: CoreTaskGraphCompletionLifetime.CompletedHandleRemainsReadyDuringLaterReplaySubmission
3330/4154 Test #3347: CoreTaskGraphCompletionLifetime.CompletedHandleRemainsReadyDuringLaterReplaySubmission ..........................   Passed    0.00 sec
          Start 3348: CoreTaskGraphCompletionLifetime.WorkerCompletionWakesOwnerForMainThreadSuccessor
3331/4154 Test #3348: CoreTaskGraphCompletionLifetime.WorkerCompletionWakesOwnerForMainThreadSuccessor ................................   Passed    0.02 sec
          Start 3349: CoreTaskGraphCompletionLifetime.CompletionKeepsCallbacksAliveAfterGraphDestruction
3332/4154 Test #3349: CoreTaskGraphCompletionLifetime.CompletionKeepsCallbacksAliveAfterGraphDestruction ..............................   Passed    0.00 sec
          Start 3350: CoreTaskGraphCompletionLifetime.DroppingLastHandleWithOwnerWorkLeavesGraphFailClosed
3333/4154 Test #3350: CoreTaskGraphCompletionLifetime.DroppingLastHandleWithOwnerWorkLeavesGraphFailClosed ............................   Passed    0.00 sec
          Start 3351: CoreTaskGraphCompletionLifetime.WaitHelpRunsGraphWorkWhenSingleWorkerIsSaturated
3334/4154 Test #3351: CoreTaskGraphCompletionLifetime.WaitHelpRunsGraphWorkWhenSingleWorkerIsSaturated ................................   Passed    0.01 sec
          Start 3352: CoreTaskGraphCompletionLifetime.ExternalHelperStealsWorkerLocalWork
3335/4154 Test #3352: CoreTaskGraphCompletionLifetime.ExternalHelperStealsWorkerLocalWork .............................................   Passed    0.01 sec
          Start 3353: CoreTaskGraphCompletionLifetime.WaitStealsWorkerLocalWorkNeededByGraph
3336/4154 Test #3353: CoreTaskGraphCompletionLifetime.WaitStealsWorkerLocalWorkNeededByGraph ..........................................   Passed    0.01 sec
          Start 3354: CoreTaskGraphCompletionLifetime.SingleWorkerRetainsLocalProgressAfterFairnessProbe
3337/4154 Test #3354: CoreTaskGraphCompletionLifetime.SingleWorkerRetainsLocalProgressAfterFairnessProbe ..............................   Passed    0.01 sec
          Start 3355: CoreTaskGraphCompletionLifetime.TaskGraphPriorityReachesSchedulerLanes
3338/4154 Test #3355: CoreTaskGraphCompletionLifetime.TaskGraphPriorityReachesSchedulerLanes ..........................................   Passed    0.01 sec
          Start 3356: CoreTaskGraphCompletionLifetime.DependentTaskGraphPriorityReachesWorkerLocalLanes
3339/4154 Test #3356: CoreTaskGraphCompletionLifetime.DependentTaskGraphPriorityReachesWorkerLocalLanes ...............................   Passed    0.01 sec
          Start 3357: CoreTaskGraphCompletionLifetime.WaitWakesForChildDispatchedAfterHelperRegisters
3340/4154 Test #3357: CoreTaskGraphCompletionLifetime.WaitWakesForChildDispatchedAfterHelperRegisters .................................   Passed    0.01 sec
          Start 3358: CoreTaskGraphCompletionLifetime.WorkerOwnedWaitWakesForChildDispatchedAfterHelperRegisters
3341/4154 Test #3358: CoreTaskGraphCompletionLifetime.WorkerOwnedWaitWakesForChildDispatchedAfterHelperRegisters ......................   Passed    0.01 sec
          Start 3359: CoreTaskGraphCompletionLifetime.NonOwnerCanPollCopiedCompletionUntilReady
3342/4154 Test #3359: CoreTaskGraphCompletionLifetime.NonOwnerCanPollCopiedCompletionUntilReady .......................................   Passed    0.01 sec
          Start 3360: CoreTaskGraphCompletionLifetime.PendingWorkerSubmissionFailsClosedAfterSchedulerReplacement
3343/4154 Test #3360: CoreTaskGraphCompletionLifetime.PendingWorkerSubmissionFailsClosedAfterSchedulerReplacement .....................   Passed    0.02 sec
          Start 3361: CoreTaskGraphCompletionLifetime.SubmittedIndependentPassesRunInParallel
3344/4154 Test #3361: CoreTaskGraphCompletionLifetime.SubmittedIndependentPassesRunInParallel .........................................   Passed    0.01 sec
          Start 3362: CoreTaskGraphCompletionLifetime.SubmitKeepsCompletionStateAliveUntilWorkerClosuresRetire
3345/4154 Test #3362: CoreTaskGraphCompletionLifetime.SubmitKeepsCompletionStateAliveUntilWorkerClosuresRetire ........................   Passed    0.03 sec
          Start 3363: CoreTasks.BasicDispatch
3346/4154 Test #3363: CoreTasks.BasicDispatch .........................................................................................   Passed    0.01 sec
          Start 3364: CoreTasks.SaturatedPriorityLanesPreferHighPriorityWork
3347/4154 Test #3364: CoreTasks.SaturatedPriorityLanesPreferHighPriorityWork ..........................................................   Passed    0.01 sec
          Start 3365: CoreTasks.DispatchWhileWorkerIsActiveSuppressesWakeNotification
3348/4154 Test #3365: CoreTasks.DispatchWhileWorkerIsActiveSuppressesWakeNotification .................................................   Passed    0.01 sec
          Start 3366: CoreTasks.ParkedWorkerDispatchHandshakeMakesRepeatedProgress
3349/4154 Test #3366: CoreTasks.ParkedWorkerDispatchHandshakeMakesRepeatedProgress ....................................................   Passed    0.01 sec
          Start 3367: CoreTasks.DispatchRacingWorkerParkMakesRepeatedProgress
3350/4154 Test #3367: CoreTasks.DispatchRacingWorkerParkMakesRepeatedProgress .........................................................   Passed    0.01 sec
          Start 3368: CoreTasks.WaitForAllWakesForChildDispatchedAfterHelperRegisters
3351/4154 Test #3368: CoreTasks.WaitForAllWakesForChildDispatchedAfterHelperRegisters .................................................   Passed    0.01 sec
          Start 3369: CoreTasks.WorkProgressTokenFromPriorSchedulerInstanceFailsClosed
3352/4154 Test #3369: CoreTasks.WorkProgressTokenFromPriorSchedulerInstanceFailsClosed ................................................   Passed    0.02 sec
          Start 3370: CoreTasks.ContendedDispatchCompletes
3353/4154 Test #3370: CoreTasks.ContendedDispatchCompletes ............................................................................   Passed    0.02 sec
          Start 3371: CoreTasks.CoroutineDispatch
3354/4154 Test #3371: CoreTasks.CoroutineDispatch .....................................................................................   Passed    0.01 sec
          Start 3372: CoreTasks.NestedCoroutines
3355/4154 Test #3372: CoreTasks.NestedCoroutines ......................................................................................   Passed    0.01 sec
          Start 3373: CoreTasks.CoroutinesActuallyYield
3356/4154 Test #3373: CoreTasks.CoroutinesActuallyYield ...............................................................................   Passed    0.01 sec
          Start 3374: CoreTasks.CounterEventParksAndUnparksContinuation
3357/4154 Test #3374: CoreTasks.CounterEventParksAndUnparksContinuation ...............................................................   Passed    0.01 sec
          Start 3375: CoreTasks.CounterEventMultipleWaitersResumeExactlyOnce
3358/4154 Test #3375: CoreTasks.CounterEventMultipleWaitersResumeExactlyOnce ..........................................................   Passed    0.01 sec
          Start 3376: CoreTasks.CounterEventCanBeRearmedAfterReady
3359/4154 Test #3376: CoreTasks.CounterEventCanBeRearmedAfterReady ....................................................................   Passed    0.01 sec
          Start 3377: CoreTasks.CounterEventProgressObservedBeforeQueueCheckCannotLoseWake
3360/4154 Test #3377: CoreTasks.CounterEventProgressObservedBeforeQueueCheckCannotLoseWake ............................................   Passed    0.01 sec
          Start 3378: CoreTasks.CounterEventResumeBeforeAwaitSuspendReturnsDoesNotTouchDestroyedFrame
3361/4154 Test #3378: CoreTasks.CounterEventResumeBeforeAwaitSuspendReturnsDoesNotTouchDestroyedFrame .................................   Passed    0.01 sec
          Start 3379: CoreTasks.CounterEventReleaseReclaimsParkedFrameWithoutResuming
3362/4154 Test #3379: CoreTasks.CounterEventReleaseReclaimsParkedFrameWithoutResuming .................................................   Passed    0.01 sec
          Start 3380: CoreTasks.SchedulerShutdownReclaimsParkedFrameWithoutResuming
3363/4154 Test #3380: CoreTasks.SchedulerShutdownReclaimsParkedFrameWithoutResuming ...................................................   Passed    0.01 sec
          Start 3381: CoreTasks.StaleWaitTokenUnparkDoesNotResumeNewWaiters
3364/4154 Test #3381: CoreTasks.StaleWaitTokenUnparkDoesNotResumeNewWaiters ...........................................................   Passed    0.01 sec
          Start 3382: CoreTasks.WaitTokenFromPriorSchedulerInstanceCannotReleaseCurrentSlot
3365/4154 Test #3382: CoreTasks.WaitTokenFromPriorSchedulerInstanceCannotReleaseCurrentSlot ...........................................   Passed    0.02 sec
          Start 3383: CoreTasks.CounterEventHighFanInRandomizedSignalsResumeExactlyOnce
3366/4154 Test #3383: CoreTasks.CounterEventHighFanInRandomizedSignalsResumeExactlyOnce ...............................................   Passed    0.02 sec
          Start 3384: CoreTasks.IndependentCounterEventsPreserveSchedulerInstanceAcrossWaitShards
3367/4154 Test #3384: CoreTasks.IndependentCounterEventsPreserveSchedulerInstanceAcrossWaitShards .....................................   Passed    0.02 sec
          Start 3385: CoreTasks.OverflowHandling
3368/4154 Test #3385: CoreTasks.OverflowHandling ......................................................................................   Passed    0.03 sec
          Start 3386: CoreTasks.SchedulerStatsExposeQueueAndStealTelemetry
3369/4154 Test #3386: CoreTasks.SchedulerStatsExposeQueueAndStealTelemetry ............................................................   Passed    0.01 sec
          Start 3387: CoreTasks.SchedulerStatsCanBeExportedToFrameTelemetry
3370/4154 Test #3387: CoreTasks.SchedulerStatsCanBeExportedToFrameTelemetry ...........................................................   Passed    0.01 sec
          Start 3388: CoreTasks.UndispatchedJobDestruction_NoLeak
3371/4154 Test #3388: CoreTasks.UndispatchedJobDestruction_NoLeak .....................................................................   Passed    0.01 sec
          Start 3389: CoreTasks.JobMoveDoesNotDoubleFree
3372/4154 Test #3389: CoreTasks.JobMoveDoesNotDoubleFree ..............................................................................   Passed    0.01 sec
          Start 3390: CoreTasks.JobMoveAssignment_CleansUpPrevious
3373/4154 Test #3390: CoreTasks.JobMoveAssignment_CleansUpPrevious ....................................................................   Passed    0.01 sec
          Start 3391: NullPlatform.QueuesDrainsAndAppliesEventsDeterministically
3374/4154 Test #3391: NullPlatform.QueuesDrainsAndAppliesEventsDeterministically ......................................................   Passed    0.00 sec
          Start 3392: NullPlatform.SupportsHeadlessClipboardCursorMinimizeAndClose
3375/4154 Test #3392: NullPlatform.SupportsHeadlessClipboardCursorMinimizeAndClose ....................................................   Passed    0.00 sec
          Start 3393: NullPlatform.BuffersTextAndDropEventsForEditorWorkflows
3376/4154 Test #3393: NullPlatform.BuffersTextAndDropEventsForEditorWorkflows .........................................................   Passed    0.00 sec
          Start 3394: PlatformLayering.PlatformDoesNotImportGraphicsOrRuntime
3377/4154 Test #3394: PlatformLayering.PlatformDoesNotImportGraphicsOrRuntime .........................................................   Passed    0.00 sec
          Start 3443: RHIBufferManager.CreateReturnsLeaseOnSuccess
3378/4154 Test #3443: RHIBufferManager.CreateReturnsLeaseOnSuccess ....................................................................   Passed    0.00 sec
          Start 3444: RHIBufferManager.CreateReturnsOutOfDeviceMemoryOnDeviceFailure
3379/4154 Test #3444: RHIBufferManager.CreateReturnsOutOfDeviceMemoryOnDeviceFailure ..................................................   Passed    0.00 sec
          Start 3445: RHIBufferManager.CreateShortCircuitsOnNonOperationalDevice
3380/4154 Test #3445: RHIBufferManager.CreateShortCircuitsOnNonOperationalDevice ......................................................   Passed    0.00 sec
          Start 3446: RHIBufferManager.LastLeaseDroppedDestroysGpuResource
3381/4154 Test #3446: RHIBufferManager.LastLeaseDroppedDestroysGpuResource ............................................................   Passed    0.00 sec
          Start 3447: RHIBufferManager.SharedLeasesPostponeDestroyUntilLastDrop
3382/4154 Test #3447: RHIBufferManager.SharedLeasesPostponeDestroyUntilLastDrop .......................................................   Passed    0.00 sec
          Start 3448: RHIBufferManager.DestructorIsCleanAfterAllLeasesDropped
3383/4154 Test #3448: RHIBufferManager.DestructorIsCleanAfterAllLeasesDropped .........................................................   Passed    0.00 sec
          Start 3449: RHISamplerManager.GetOrCreateReturnsOutOfDeviceMemoryOnDeviceFailure
3384/4154 Test #3449: RHISamplerManager.GetOrCreateReturnsOutOfDeviceMemoryOnDeviceFailure ............................................   Passed    0.00 sec
          Start 3450: RHISamplerManager.GetOrCreateShortCircuitsOnNonOperationalDevice
3385/4154 Test #3450: RHISamplerManager.GetOrCreateShortCircuitsOnNonOperationalDevice ................................................   Passed    0.00 sec
          Start 3451: RHISamplerManager.IdenticalDescsReturnSameGpuObject
3386/4154 Test #3451: RHISamplerManager.IdenticalDescsReturnSameGpuObject .............................................................   Passed    0.00 sec
          Start 3452: RHISamplerManager.DifferentDescsReturnDistinctGpuObjects
3387/4154 Test #3452: RHISamplerManager.DifferentDescsReturnDistinctGpuObjects ........................................................   Passed    0.00 sec
          Start 3453: RHISamplerManager.DefaultSamplerBorderColorPreservesOpaqueBlack
3388/4154 Test #3453: RHISamplerManager.DefaultSamplerBorderColorPreservesOpaqueBlack .................................................   Passed    0.00 sec
          Start 3454: RHISamplerManager.BorderColorParticipatesInDedupKey
3389/4154 Test #3454: RHISamplerManager.BorderColorParticipatesInDedupKey .............................................................   Passed    0.00 sec
          Start 3455: RHISamplerManager.LastLeaseDroppedDestroysGpuSampler
3390/4154 Test #3455: RHISamplerManager.LastLeaseDroppedDestroysGpuSampler ............................................................   Passed    0.00 sec
          Start 3456: RHISamplerManager.DestructorIsCleanAfterAllLeasesDropped
3391/4154 Test #3456: RHISamplerManager.DestructorIsCleanAfterAllLeasesDropped ........................................................   Passed    0.00 sec
          Start 3457: RHITextureManager.CreateReturnsLeaseOnSuccess
3392/4154 Test #3457: RHITextureManager.CreateReturnsLeaseOnSuccess ...................................................................   Passed    0.00 sec
          Start 3458: RHITextureManager.CreateReturnsOutOfDeviceMemoryOnDeviceFailure
3393/4154 Test #3458: RHITextureManager.CreateReturnsOutOfDeviceMemoryOnDeviceFailure .................................................   Passed    0.00 sec
          Start 3459: RHITextureManager.CreateShortCircuitsOnNonOperationalDevice
3394/4154 Test #3459: RHITextureManager.CreateShortCircuitsOnNonOperationalDevice .....................................................   Passed    0.00 sec
          Start 3460: RHITextureManager.LastLeaseDroppedDestroysTextureAndFreesBindlessSlot
3395/4154 Test #3460: RHITextureManager.LastLeaseDroppedDestroysTextureAndFreesBindlessSlot ...........................................   Passed    0.00 sec
          Start 3461: RHITextureManager.CreateWithoutSamplerSkipsBindlessRegistration
3396/4154 Test #3461: RHITextureManager.CreateWithoutSamplerSkipsBindlessRegistration .................................................   Passed    0.00 sec
          Start 3462: RHITextureManager.DestructorIsCleanAfterAllLeasesDropped
3397/4154 Test #3462: RHITextureManager.DestructorIsCleanAfterAllLeasesDropped ........................................................   Passed    0.00 sec
          Start 3463: GpuAssetCache.BufferRequestTransitionsToReadyAfterTick
3398/4154 Test #3463: GpuAssetCache.BufferRequestTransitionsToReadyAfterTick ..........................................................   Passed    0.00 sec
          Start 3464: GpuAssetCache.TextureRequestPopulatesBindlessIndex
3399/4154 Test #3464: GpuAssetCache.TextureRequestPopulatesBindlessIndex ..............................................................   Passed    0.00 sec
          Start 3465: GpuAssetCache.BufferAllocationFailureMarksEntryFailed
3400/4154 Test #3465: GpuAssetCache.BufferAllocationFailureMarksEntryFailed ...........................................................   Passed    0.00 sec
          Start 3466: GpuAssetCache.NotifyFailedCreatesEntryInFailedState
3401/4154 Test #3466: GpuAssetCache.NotifyFailedCreatesEntryInFailedState .............................................................   Passed    0.00 sec
          Start 3467: GpuAssetCache.HotReloadAdvancesGenerationAndRetiresOldLease
3402/4154 Test #3467: GpuAssetCache.HotReloadAdvancesGenerationAndRetiresOldLease .....................................................   Passed    0.00 sec
          Start 3468: GpuAssetCache.OldLeaseSurvivesFramesInFlightBeforeDestruction
3403/4154 Test #3468: GpuAssetCache.OldLeaseSurvivesFramesInFlightBeforeDestruction ...................................................   Passed    0.00 sec
          Start 3469: GpuAssetCache.NotifyReloadedTransitionsReadyToCpuPendingWithoutRetiring
3404/4154 Test #3469: GpuAssetCache.NotifyReloadedTransitionsReadyToCpuPendingWithoutRetiring .........................................   Passed    0.00 sec
          Start 3470: GpuAssetCache.NotifyDestroyedRemovesEntryAndQueuesLeaseForRetirement
3405/4154 Test #3470: GpuAssetCache.NotifyDestroyedRemovesEntryAndQueuesLeaseForRetirement ............................................   Passed    0.00 sec
          Start 3471: GpuAssetCache.RequestUploadWhileGpuUploadingReturnsConflict
3406/4154 Test #3471: GpuAssetCache.RequestUploadWhileGpuUploadingReturnsConflict .....................................................   Passed    0.00 sec
          Start 3472: GpuAssetCache.TextureRequestCanOwnSamplerFromDescriptor
3407/4154 Test #3472: GpuAssetCache.TextureRequestCanOwnSamplerFromDescriptor .........................................................   Passed    0.00 sec
          Start 3473: GpuAssetCache.FallbackTextureResolvesMissingPendingAndFailedAssets
3408/4154 Test #3473: GpuAssetCache.FallbackTextureResolvesMissingPendingAndFailedAssets ..............................................   Passed    0.00 sec
          Start 3474: GpuAssetCache.ReadyTextureBypassesFallback
3409/4154 Test #3474: GpuAssetCache.ReadyTextureBypassesFallback ......................................................................   Passed    0.00 sec
          Start 3475: GpuAssetCache.TextureCreateAndSamplerCreateFailuresAreDiagnosed
3410/4154 Test #3475: GpuAssetCache.TextureCreateAndSamplerCreateFailuresAreDiagnosed .................................................   Passed    0.00 sec
          Start 3476: GpuAssetCache.NonOperationalUploadDefersWithoutFailingEntry
3411/4154 Test #3476: GpuAssetCache.NonOperationalUploadDefersWithoutFailingEntry .....................................................   Passed    0.00 sec
          Start 3477: GpuAssetCache.NonOperationalBackendReportsDeterministicFallbackMiss
3412/4154 Test #3477: GpuAssetCache.NonOperationalBackendReportsDeterministicFallbackMiss .............................................   Passed    0.00 sec
          Start 3478: GpuAssetCache.GpuProducedTexturePromotesOnlyAfterReadyFrame
3413/4154 Test #3478: GpuAssetCache.GpuProducedTexturePromotesOnlyAfterReadyFrame .....................................................   Passed    0.00 sec
          Start 3479: GpuAssetCache.GpuProducedTextureReadyFrameCanBeSetAfterRecording
3414/4154 Test #3479: GpuAssetCache.GpuProducedTextureReadyFrameCanBeSetAfterRecording ................................................   Passed    0.00 sec
          Start 3480: GpuAssetCache.GpuProducedTextureFailureRequiresMatchingGeneration
3415/4154 Test #3480: GpuAssetCache.GpuProducedTextureFailureRequiresMatchingGeneration ...............................................   Passed    0.00 sec
          Start 3481: GpuAssetCache.GpuProducedTextureReadyFrameRequiresMatchingGeneration
3416/4154 Test #3481: GpuAssetCache.GpuProducedTextureReadyFrameRequiresMatchingGeneration ............................................   Passed    0.00 sec
          Start 3482: GpuAssetCache.GpuProducedTextureFailureDoesNotRecreateDestroyedSlot
3417/4154 Test #3482: GpuAssetCache.GpuProducedTextureFailureDoesNotRecreateDestroyedSlot .............................................   Passed    0.00 sec
          Start 3483: GpuAssetCache.GpuProducedTextureRequiresSampledColorTargetUsage
3418/4154 Test #3483: GpuAssetCache.GpuProducedTextureRequiresSampledColorTargetUsage .................................................   Passed    0.00 sec
          Start 3484: GpuAssetCache.GpuProducedTextureReloadKeepsPreviousViewUntilReady
3419/4154 Test #3484: GpuAssetCache.GpuProducedTextureReloadKeepsPreviousViewUntilReady ...............................................   Passed    0.00 sec
          Start 3485: GpuAssetCache.GpuProducedTextureRejectsReadyFrameForTransferUpload
3420/4154 Test #3485: GpuAssetCache.GpuProducedTextureRejectsReadyFrameForTransferUpload ..............................................   Passed    0.00 sec
          Start 3486: RHIPipelineManager.CreateReturnsLeaseOnSuccess
3421/4154 Test #3486: RHIPipelineManager.CreateReturnsLeaseOnSuccess ..................................................................   Passed    0.00 sec
          Start 3487: RHIPipelineManager.CreateReturnsPipelineCreationFailedOnDeviceFailure
3422/4154 Test #3487: RHIPipelineManager.CreateReturnsPipelineCreationFailedOnDeviceFailure ...........................................   Passed    0.00 sec
          Start 3488: RHIPipelineManager.CreateShortCircuitsOnNonOperationalDevice
3423/4154 Test #3488: RHIPipelineManager.CreateShortCircuitsOnNonOperationalDevice ....................................................   Passed    0.00 sec
          Start 3489: RHIPipelineManager.OnCompiledCallbackFiresAtCreate
3424/4154 Test #3489: RHIPipelineManager.OnCompiledCallbackFiresAtCreate ..............................................................   Passed    0.00 sec
          Start 3490: RHIPipelineManager.RecompileStagesNewPipelineWithoutInvalidatingHandle
3425/4154 Test #3490: RHIPipelineManager.RecompileStagesNewPipelineWithoutInvalidatingHandle ..........................................   Passed    0.00 sec
          Start 3491: RHIPipelineManager.CommitPendingPromotesNewPipelineAndDestroysOld
3426/4154 Test #3491: RHIPipelineManager.CommitPendingPromotesNewPipelineAndDestroysOld ...............................................   Passed    0.00 sec
          Start 3492: RHIPipelineManager.FailedRecompileKeepsLastKnownGoodPipelineAndReportsDiagnostic
3427/4154 Test #3492: RHIPipelineManager.FailedRecompileKeepsLastKnownGoodPipelineAndReportsDiagnostic ................................   Passed    0.00 sec
          Start 3493: RHIPipelineManager.LastLeaseDroppedDestroysGpuPipeline
3428/4154 Test #3493: RHIPipelineManager.LastLeaseDroppedDestroysGpuPipeline ..........................................................   Passed    0.00 sec
          Start 3494: RHIPipelineManager.DestructorIsCleanAfterAllLeasesDropped
3429/4154 Test #3494: RHIPipelineManager.DestructorIsCleanAfterAllLeasesDropped .......................................................   Passed    0.00 sec
          Start 3495: RHIProfiler.QueryRangeMapsAbsoluteIndicesToSlotLocalIndices
3430/4154 Test #3495: RHIProfiler.QueryRangeMapsAbsoluteIndicesToSlotLocalIndices .....................................................   Passed    0.00 sec
          Start 3496: RHIProfiler.TimestampDeltaRejectsUnsupportedWidthsAndHandlesWrap
3431/4154 Test #3496: RHIProfiler.TimestampDeltaRejectsUnsupportedWidthsAndHandlesWrap ................................................   Passed    0.00 sec
          Start 3497: RHIProfiler.DurationResolutionRequiresBothAvailableValues
3432/4154 Test #3497: RHIProfiler.DurationResolutionRequiresBothAvailableValues .......................................................   Passed    0.00 sec
          Start 3498: RHIProfiler.DurationResolutionValidatesPeriodAndCheckedConversion
3433/4154 Test #3498: RHIProfiler.DurationResolutionValidatesPeriodAndCheckedConversion ...............................................   Passed    0.00 sec
          Start 3499: RHIProfiler.DurationResolutionRejectsAmbiguousMultipleWrapEnvelope
3434/4154 Test #3499: RHIProfiler.DurationResolutionRejectsAmbiguousMultipleWrapEnvelope ..............................................   Passed    0.00 sec
          Start 3500: RHIProfiler.OptionalDurationDistinguishesNativeZeroFromUnavailable
3435/4154 Test #3500: RHIProfiler.OptionalDurationDistinguishesNativeZeroFromUnavailable ..............................................   Passed    0.00 sec
          Start 3501: BufferTransferRange.ValidatesExactSubranges
3436/4154 Test #3501: BufferTransferRange.ValidatesExactSubranges .....................................................................   Passed    0.00 sec
          Start 3502: BufferTransferRange.RejectsEmptyBuffersAndZeroByteRanges
3437/4154 Test #3502: BufferTransferRange.RejectsEmptyBuffersAndZeroByteRanges ........................................................   Passed    0.00 sec
          Start 3503: BufferTransferRange.RejectsOutOfBoundsWithoutOverflow
3438/4154 Test #3503: BufferTransferRange.RejectsOutOfBoundsWithoutOverflow ...........................................................   Passed    0.00 sec
          Start 3504: BufferTransferAlignment.AlignsWithNonPowerOfTwoValues
3439/4154 Test #3504: BufferTransferAlignment.AlignsWithNonPowerOfTwoValues ...........................................................   Passed    0.00 sec
          Start 3505: BufferTransferAlignment.RejectsInvalidAndOverflowingAlignment
3440/4154 Test #3505: BufferTransferAlignment.RejectsInvalidAndOverflowingAlignment ...................................................   Passed    0.00 sec
          Start 3506: BufferTransferAlignment.ExpandsDestinationRangeAndRevalidatesCapacity
3441/4154 Test #3506: BufferTransferAlignment.ExpandsDestinationRangeAndRevalidatesCapacity ...........................................   Passed    0.00 sec
          Start 3507: BufferTransferPlan.SortsCoalescesAndPacksSourceOffsets
3442/4154 Test #3507: BufferTransferPlan.SortsCoalescesAndPacksSourceOffsets ..........................................................   Passed    0.00 sec
          Start 3508: BufferTransferPlan.CanPreserveSeparateOverlappingRanges
3443/4154 Test #3508: BufferTransferPlan.CanPreserveSeparateOverlappingRanges .........................................................   Passed    0.00 sec
          Start 3509: BufferTransferPlan.AlignsDirtyRangesBeforeCoalescing
3444/4154 Test #3509: BufferTransferPlan.AlignsDirtyRangesBeforeCoalescing ............................................................   Passed    0.00 sec
          Start 3510: BufferTransferPlan.RejectsOutOfRangeDirtyRanges
3445/4154 Test #3510: BufferTransferPlan.RejectsOutOfRangeDirtyRanges .................................................................   Passed    0.00 sec
          Start 3511: BufferTransferDimensions.ExactTightRangeMatches
3446/4154 Test #3511: BufferTransferDimensions.ExactTightRangeMatches .................................................................   Passed    0.00 sec
          Start 3512: BufferTransferDimensions.FitWithinAllowsPaddingButExactRejectsIt
3447/4154 Test #3512: BufferTransferDimensions.FitWithinAllowsPaddingButExactRejectsIt ................................................   Passed    0.00 sec
          Start 3513: BufferTransferDimensions.StrideDefinesFootprint
3448/4154 Test #3513: BufferTransferDimensions.StrideDefinesFootprint .................................................................   Passed    0.00 sec
          Start 3514: BufferTransferDimensions.RejectsInvalidStrideAndOverflow
3449/4154 Test #3514: BufferTransferDimensions.RejectsInvalidStrideAndOverflow ........................................................   Passed    0.00 sec
          Start 3515: GraphicsColormapSystem.InitializeSubmitsLutUploadsThroughTransferQueue
3450/4154 Test #3515: GraphicsColormapSystem.InitializeSubmitsLutUploadsThroughTransferQueue ..........................................   Passed    0.00 sec
          Start 3516: GraphicsColormapSystem.ReadinessTracksPendingTransferTokens
3451/4154 Test #3516: GraphicsColormapSystem.ReadinessTracksPendingTransferTokens .....................................................   Passed    0.00 sec
          Start 3517: GraphicsColormapSystem.InvalidTransferTokensKeepColormapsNotReady
3452/4154 Test #3517: GraphicsColormapSystem.InvalidTransferTokensKeepColormapsNotReady ...............................................   Passed    0.00 sec
          Start 3518: GraphicsDebugViewSystem.InspectionTableClassifiesSampleableTargetsAndBuffers
3453/4154 Test #3518: GraphicsDebugViewSystem.InspectionTableClassifiesSampleableTargetsAndBuffers ....................................   Passed    0.00 sec
          Start 3519: GraphicsDebugViewSystem.ResolvesValidSelectionWithoutFallback
3454/4154 Test #3519: GraphicsDebugViewSystem.ResolvesValidSelectionWithoutFallback ...................................................   Passed    0.00 sec
          Start 3520: GraphicsDebugViewSystem.MissingDisabledAndUnsupportedSelectionsFallbackDeterministically
3455/4154 Test #3520: GraphicsDebugViewSystem.MissingDisabledAndUnsupportedSelectionsFallbackDeterministically ........................   Passed    0.00 sec
          Start 3521: GraphicsDebugViewSystem.DisabledDebugViewDoesNotEnablePreviewPass
3456/4154 Test #3521: GraphicsDebugViewSystem.DisabledDebugViewDoesNotEnablePreviewPass ...............................................   Passed    0.00 sec
          Start 3522: GraphicsDebugViewSystem.InspectionDumpIsStableAndIncludesPreviewability
3457/4154 Test #3522: GraphicsDebugViewSystem.InspectionDumpIsStableAndIncludesPreviewability .........................................   Passed    0.00 sec
          Start 3523: GraphicsGpuSceneSlot.DefaultStateHasNoAssetOrResidency
3458/4154 Test #3523: GraphicsGpuSceneSlot.DefaultStateHasNoAssetOrResidency ..........................................................   Passed    0.00 sec
          Start 3524: GraphicsGpuSceneSlot.TracksHandlesAndSourceAssetGeneration
3459/4154 Test #3524: GraphicsGpuSceneSlot.TracksHandlesAndSourceAssetGeneration ......................................................   Passed    0.00 sec
          Start 3525: GraphicsGpuSceneSlot.ClearingSourceAssetPreservesResidencyAndBuffers
3460/4154 Test #3525: GraphicsGpuSceneSlot.ClearingSourceAssetPreservesResidencyAndBuffers ............................................   Passed    0.00 sec
          Start 3526: GraphicsGpuSceneSlot.EvaluatesAssetRebindDecisionDeterministically
3461/4154 Test #3526: GraphicsGpuSceneSlot.EvaluatesAssetRebindDecisionDeterministically ..............................................   Passed    0.00 sec
          Start 3527: GraphicsImGuiOverlaySystem.SubmitFrameAggregatesValidDrawData
3462/4154 Test #3527: GraphicsImGuiOverlaySystem.SubmitFrameAggregatesValidDrawData ...................................................   Passed    0.00 sec
          Start 3528: GraphicsImGuiOverlaySystem.DisabledOrInvalidFramesHaveNoOverlayWork
3463/4154 Test #3528: GraphicsImGuiOverlaySystem.DisabledOrInvalidFramesHaveNoOverlayWork .............................................   Passed    0.00 sec
          Start 3529: GraphicsImGuiOverlaySystem.UnchangedFontAtlasPayloadIsRetained
3464/4154 Test #3529: GraphicsImGuiOverlaySystem.UnchangedFontAtlasPayloadIsRetained ..................................................   Passed    0.00 sec
          Start 3530: GraphicsImGuiOverlaySystem.DiagnosticsFormattingIsDeterministic
3465/4154 Test #3530: GraphicsImGuiOverlaySystem.DiagnosticsFormattingIsDeterministic .................................................   Passed    0.00 sec
          Start 3531: GraphicsImGuiOverlaySystem.PresentFinalizationDiagnosticsRequireSourceBackbufferAndPass
3466/4154 Test #3531: GraphicsImGuiOverlaySystem.PresentFinalizationDiagnosticsRequireSourceBackbufferAndPass .........................   Passed    0.00 sec
          Start 3532: GraphicsMaterialSystem.CanonicalLayoutContractMatchesRhiSlot
3467/4154 Test #3532: GraphicsMaterialSystem.CanonicalLayoutContractMatchesRhiSlot ....................................................   Passed    0.00 sec
          Start 3533: GraphicsMaterialSystem.MaterialLayoutReloadCompatibilityIsDeterministic
3468/4154 Test #3533: GraphicsMaterialSystem.MaterialLayoutReloadCompatibilityIsDeterministic .........................................   Passed    0.00 sec
          Start 3534: GraphicsMaterialSystem.DefaultAndStaleMaterialSlotsResolveToFallbackWithDiagnostics
3469/4154 Test #3534: GraphicsMaterialSystem.DefaultAndStaleMaterialSlotsResolveToFallbackWithDiagnostics .............................   Passed    0.00 sec
          Start 3535: GraphicsMaterialSystem.RejectsIncompatibleMaterialTypeLayoutsDeterministically
3470/4154 Test #3535: GraphicsMaterialSystem.RejectsIncompatibleMaterialTypeLayoutsDeterministically ..................................   Passed    0.00 sec
          Start 3536: GraphicsMaterialSystem.DirtyMaterialUpdatesAreCoalescedAndReported
3471/4154 Test #3536: GraphicsMaterialSystem.DirtyMaterialUpdatesAreCoalescedAndReported ..............................................   Passed    0.00 sec
          Start 3537: GraphicsMaterialSystem.ResolvesReadyTextureAssetBindingsToBindlessMaterialParams
3472/4154 Test #3537: GraphicsMaterialSystem.ResolvesReadyTextureAssetBindingsToBindlessMaterialParams ................................   Passed    0.00 sec
          Start 3538: GraphicsMaterialSystem.GeneratedTextureAssetBindingsUseStandardMaterialSlots
3473/4154 Test #3538: GraphicsMaterialSystem.GeneratedTextureAssetBindingsUseStandardMaterialSlots ....................................   Passed    0.00 sec
          Start 3539: GraphicsMaterialSystem.ObjectSpaceNormalBindingsSetExplicitMaterialFlag
3474/4154 Test #3539: GraphicsMaterialSystem.ObjectSpaceNormalBindingsSetExplicitMaterialFlag .........................................   Passed    0.00 sec
          Start 3540: GraphicsMaterialSystem.RawScalarAlbedoChangesColormapWithoutRebakingTexture
3475/4154 Test #3540: GraphicsMaterialSystem.RawScalarAlbedoChangesColormapWithoutRebakingTexture .....................................   Passed    0.00 sec
          Start 3541: GraphicsMaterialSystem.ChannelSourceBitsDefaultToVertexAttributeAndRoundTrip
3476/4154 Test #3541: GraphicsMaterialSystem.ChannelSourceBitsDefaultToVertexAttributeAndRoundTrip ....................................   Passed    0.00 sec
          Start 3542: GraphicsMaterialSystem.ResolvesMissingTextureAssetBindingsToFallback
3477/4154 Test #3542: GraphicsMaterialSystem.ResolvesMissingTextureAssetBindingsToFallback ............................................   Passed    0.00 sec
          Start 3543: GraphicsMaterialSystem.ReportsTextureAssetBindingFailuresWithoutFallback
3478/4154 Test #3543: GraphicsMaterialSystem.ReportsTextureAssetBindingFailuresWithoutFallback ........................................   Passed    0.00 sec
          Start 3544: GraphicsMaterialSystem.RegistersDefaultDebugSurfaceWithStableTypeId
3479/4154 Test #3544: GraphicsMaterialSystem.RegistersDefaultDebugSurfaceWithStableTypeId .............................................   Passed    0.00 sec
          Start 3545: GraphicsMaterialSystem.DefaultSlotCarriesDefaultDebugSurfaceParams
3480/4154 Test #3545: GraphicsMaterialSystem.DefaultSlotCarriesDefaultDebugSurfaceParams ..............................................   Passed    0.00 sec
          Start 3546: GraphicsMaterialSystem.ShadingModelDefaultsToLitAndRoundTrips
3481/4154 Test #3546: GraphicsMaterialSystem.ShadingModelDefaultsToLitAndRoundTrips ...................................................   Passed    0.00 sec
          Start 3547: GraphicsPostProcessSystem.DefaultChainToneMapsHdrToLdr
3482/4154 Test #3547: GraphicsPostProcessSystem.DefaultChainToneMapsHdrToLdr ..........................................................   Passed    0.00 sec
          Start 3548: GraphicsPostProcessSystem.OptionalStagesHaveDeterministicOrder
3483/4154 Test #3548: GraphicsPostProcessSystem.OptionalStagesHaveDeterministicOrder ..................................................   Passed    0.00 sec
          Start 3549: GraphicsPostProcessSystem.DisabledChainReportsNoStagesOrLdrWrite
3484/4154 Test #3549: GraphicsPostProcessSystem.DisabledChainReportsNoStagesOrLdrWrite ................................................   Passed    0.00 sec
          Start 3550: GraphicsPostProcessSystem.InvalidSettingsAreSanitizedAndDiagnosed
3485/4154 Test #3550: GraphicsPostProcessSystem.InvalidSettingsAreSanitizedAndDiagnosed ...............................................   Passed    0.00 sec
          Start 3551: RenderGraphDebugDump.GoldenSmallRenderPassGraphIncludesAttachmentsAndResourceMaps
3486/4154 Test #3551: RenderGraphDebugDump.GoldenSmallRenderPassGraphIncludesAttachmentsAndResourceMaps ...............................   Passed    0.00 sec
          Start 3552: RenderGraphDebugDump.ResourceOnlyGraphRetainsImportedStateMetadata
3487/4154 Test #3552: RenderGraphDebugDump.ResourceOnlyGraphRetainsImportedStateMetadata ..............................................   Passed    0.00 sec
          Start 3553: GraphicsSpatialDebugVisualizers.BoundsWireframesEmitStableBoxEdges
3488/4154 Test #3553: GraphicsSpatialDebugVisualizers.BoundsWireframesEmitStableBoxEdges ..............................................   Passed    0.00 sec
          Start 3554: GraphicsSpatialDebugVisualizers.HierarchyRejectsInvalidBoundsAndDepth
3489/4154 Test #3554: GraphicsSpatialDebugVisualizers.HierarchyRejectsInvalidBoundsAndDepth ...........................................   Passed    0.00 sec
          Start 3555: GraphicsSpatialDebugVisualizers.SplitPlanesAndConvexHullEdgesAreDeterministic
3490/4154 Test #3555: GraphicsSpatialDebugVisualizers.SplitPlanesAndConvexHullEdgesAreDeterministic ...................................   Passed    0.00 sec
          Start 3556: GraphicsSpatialDebugVisualizers.BudgetsAndInvalidCoordinatesAreReported
3491/4154 Test #3556: GraphicsSpatialDebugVisualizers.BudgetsAndInvalidCoordinatesAreReported .........................................   Passed    0.00 sec
          Start 3557: GraphicsVisualizationPackets.ValidPacketsProduceAcceptedDiagnosticsAndSummary
3492/4154 Test #3557: GraphicsVisualizationPackets.ValidPacketsProduceAcceptedDiagnosticsAndSummary ...................................   Passed    0.00 sec
          Start 3558: GraphicsVisualizationPackets.InvalidRangesAndColormapsAreDiagnosed
3493/4154 Test #3558: GraphicsVisualizationPackets.InvalidRangesAndColormapsAreDiagnosed ..............................................   Passed    0.00 sec
          Start 3559: GraphicsVisualizationPackets.DomainMismatchesAndInvalidOverlayPacketsAreDiagnosed
3494/4154 Test #3559: GraphicsVisualizationPackets.DomainMismatchesAndInvalidOverlayPacketsAreDiagnosed ...............................   Passed    0.00 sec
          Start 3560: GraphicsVisualizationPackets.InvalidHtexAtlasDescriptorsRemainDataOnlyDiagnostics
3495/4154 Test #3560: GraphicsVisualizationPackets.InvalidHtexAtlasDescriptorsRemainDataOnlyDiagnostics ...............................   Passed    0.00 sec
          Start 3561: GraphicsVisualizationPackets.FragmentBakesCanUseExistingTexcoordsOrForcedHtex
3496/4154 Test #3561: GraphicsVisualizationPackets.FragmentBakesCanUseExistingTexcoordsOrForcedHtex ...................................   Passed    0.00 sec
          Start 3562: GraphicsVisualizationPackets.ResolvedUvBakeProvenanceIsReportedWithoutImplicitHtex
3497/4154 Test #3562: GraphicsVisualizationPackets.ResolvedUvBakeProvenanceIsReportedWithoutImplicitHtex ..............................   Passed    0.00 sec
          Start 3563: GraphicsVisualizationPackets.GeneratedBakeTextureSemanticsAreSummarized
3498/4154 Test #3563: GraphicsVisualizationPackets.GeneratedBakeTextureSemanticsAreSummarized .........................................   Passed    0.00 sec
          Start 3564: GraphicsVisualizationPackets.TexcoordBakesRequireExistingUvData
3499/4154 Test #3564: GraphicsVisualizationPackets.TexcoordBakesRequireExistingUvData .................................................   Passed    0.00 sec
          Start 3565: GpuTransferFacade.ImmediateSubmissionPrefersStagingAndFallsBackExplicitly
3500/4154 Test #3565: GpuTransferFacade.ImmediateSubmissionPrefersStagingAndFallsBackExplicitly .......................................   Passed    0.00 sec
          Start 3566: GpuTransferFacade.AsyncUploadEmitsReadyBarrierOnlyAfterTokenCompletion
3501/4154 Test #3566: GpuTransferFacade.AsyncUploadEmitsReadyBarrierOnlyAfterTokenCompletion ..........................................   Passed    0.00 sec
          Start 3567: GpuTransferFacade.InCommandUploadRecordsCopyAndBarrierImmediately
3502/4154 Test #3567: GpuTransferFacade.InCommandUploadRecordsCopyAndBarrierImmediately ...............................................   Passed    0.00 sec
          Start 3568: GpuTransferFacade.ReadbackDelegatesTransferReadBracketAndDeliversOnce
3503/4154 Test #3568: GpuTransferFacade.ReadbackDelegatesTransferReadBracketAndDeliversOnce ...........................................   Passed    0.00 sec
          Start 3569: GpuTransferFacade.InvalidRangesFailClosedAndUpdateDiagnostics
3504/4154 Test #3569: GpuTransferFacade.InvalidRangesFailClosedAndUpdateDiagnostics ...................................................   Passed    0.00 sec
          Start 3570: GpuTransferFacade.MultiRangeBatchPreservesOrderAndConsumesExactlyOnce
3505/4154 Test #3570: GpuTransferFacade.MultiRangeBatchPreservesOrderAndConsumesExactlyOnce ...........................................   Passed    0.00 sec
          Start 3571: GpuTransferFacade.MultiRangeBatchRejectsMalformedAndContradictoryRanges
3506/4154 Test #3571: GpuTransferFacade.MultiRangeBatchRejectsMalformedAndContradictoryRanges .........................................   Passed    0.00 sec
          Start 3572: GpuTransferFacade.CancelledBatchRetainsSinkStorageUntilTransferRetires
3507/4154 Test #3572: GpuTransferFacade.CancelledBatchRetainsSinkStorageUntilTransferRetires ..........................................   Passed    0.00 sec
          Start 3573: GpuTransferFacade.ConsumeRejectsStaleBufferGenerationBeforeExposingBytes
3508/4154 Test #3573: GpuTransferFacade.ConsumeRejectsStaleBufferGenerationBeforeExposingBytes ........................................   Passed    0.00 sec
          Start 3574: GraphicsMinimalAcceptance.Triangle_FirstImplementationContract
3509/4154 Test #3574: GraphicsMinimalAcceptance.Triangle_FirstImplementationContract ..................................................   Passed    0.00 sec
          Start 3575: GraphicsMinimalAcceptance.VisualizationSyncWritesLineWidthConfig
3510/4154 Test #3575: GraphicsMinimalAcceptance.VisualizationSyncWritesLineWidthConfig ................................................   Passed    0.00 sec
          Start 3576: GraphicsMinimalAcceptance.VisualizationSyncWritesEquivalentLinePointColorSourceConfig
3511/4154 Test #3576: GraphicsMinimalAcceptance.VisualizationSyncWritesEquivalentLinePointColorSourceConfig ...........................   Passed    0.00 sec
          Start 3577: GraphicsMinimalAcceptance.VisualizationSyncWritesPropertyBufferConfigToTargetSidecarInstances
3512/4154 Test #3577: GraphicsMinimalAcceptance.VisualizationSyncWritesPropertyBufferConfigToTargetSidecarInstances ...................   Passed    0.00 sec
          Start 3578: PropertyTextureBake.PipelineContractIsUvRasterWithoutDepthOrCulling
3513/4154 Test #3578: PropertyTextureBake.PipelineContractIsUvRasterWithoutDepthOrCulling .............................................   Passed    0.00 sec
          Start 3579: PropertyTextureBake.DilationPipelineAndScratchMatchEncodedOutput
3514/4154 Test #3579: PropertyTextureBake.DilationPipelineAndScratchMatchEncodedOutput ................................................   Passed    0.00 sec
          Start 3580: PropertyTextureBake.InvalidResourcesFailBeforeRecordingCommands
3515/4154 Test #3580: PropertyTextureBake.InvalidResourcesFailBeforeRecordingCommands .................................................   Passed    0.00 sec
          Start 3581: PropertyTextureBake.RecordsIndexedRasterWithExactRepresentationMetadata
3516/4154 Test #3581: PropertyTextureBake.RecordsIndexedRasterWithExactRepresentationMetadata .........................................   Passed    0.00 sec
          Start 3582: PropertyTextureBake.RecordsEncodedPaddingThroughGenericDilation
3517/4154 Test #3582: PropertyTextureBake.RecordsEncodedPaddingThroughGenericDilation .................................................   Passed    0.00 sec
          Start 3583: RHICommandContext.SubmitBarriersFallbackRoutesTextureAndBufferBarriers
3518/4154 Test #3583: RHICommandContext.SubmitBarriersFallbackRoutesTextureAndBufferBarriers ..........................................   Passed    0.00 sec
          Start 3584: RHICommandContext.MemoryAccessCombinesAttachmentBitsWithoutTruncation
3519/4154 Test #3584: RHICommandContext.MemoryAccessCombinesAttachmentBitsWithoutTruncation ...........................................   Passed    0.00 sec
          Start 3585: RendererRhiBoundary.RendererPublicSurfaceCompilesThroughRhiOnly
3520/4154 Test #3585: RendererRhiBoundary.RendererPublicSurfaceCompilesThroughRhiOnly .................................................   Passed    0.00 sec
          Start 3586: RendererRhiBoundary.RendererDoesNotImportVulkanBackend
3521/4154 Test #3586: RendererRhiBoundary.RendererDoesNotImportVulkanBackend ..........................................................   Passed    0.01 sec
          Start 3587: RendererRhiBoundary.RendererDoesNotImportLiveEcsOwnership
3522/4154 Test #3587: RendererRhiBoundary.RendererDoesNotImportLiveEcsOwnership .......................................................   Passed    0.01 sec
          Start 3588: RendererRhiBoundary.RhiLayerDoesNotImportVulkan
3523/4154 Test #3588: RendererRhiBoundary.RhiLayerDoesNotImportVulkan .................................................................   Passed    0.00 sec
          Start 3589: RendererRhiBoundary.RetiredTimelineSemaphoreAbstractionStaysAbsent
3524/4154 Test #3589: RendererRhiBoundary.RetiredTimelineSemaphoreAbstractionStaysAbsent ..............................................   Passed    0.01 sec
          Start 3590: RendererRhiBoundary.RetiredPipelineRegistryStaysAbsent
3525/4154 Test #3590: RendererRhiBoundary.RetiredPipelineRegistryStaysAbsent ..........................................................   Passed    0.01 sec
          Start 3591: RendererRhiBoundary.RetiredReconstructorBaseStaysAbsent
3526/4154 Test #3591: RendererRhiBoundary.RetiredReconstructorBaseStaysAbsent .........................................................   Passed    0.01 sec
          Start 3592: RendererRhiBoundary.RetiredTransientDebugUploadHelperBaseStaysAbsent
3527/4154 Test #3592: RendererRhiBoundary.RetiredTransientDebugUploadHelperBaseStaysAbsent ............................................   Passed    0.01 sec
          Start 3593: RendererRhiBoundary.RetiredVisualizationOverlayUploadHelperBaseStaysAbsent
3528/4154 Test #3593: RendererRhiBoundary.RetiredVisualizationOverlayUploadHelperBaseStaysAbsent ......................................   Passed    0.01 sec
          Start 3594: RendererRhiBoundary.RetiredImGuiUploadHelperBaseStaysAbsent
3529/4154 Test #3594: RendererRhiBoundary.RetiredImGuiUploadHelperBaseStaysAbsent .....................................................   Passed    0.01 sec
          Start 3595: RendererRhiBoundary.PromotedGraphicsAndRuntimeDoNotImportCuda
3530/4154 Test #3595: RendererRhiBoundary.PromotedGraphicsAndRuntimeDoNotImportCuda ...................................................   Passed    0.01 sec
          Start 3596: RendererRhiBoundary.SamplerBorderColorStaysBackendNeutralAndMapsInVulkanBackend
3531/4154 Test #3596: RendererRhiBoundary.SamplerBorderColorStaysBackendNeutralAndMapsInVulkanBackend .................................   Passed    0.00 sec
          Start 3597: RendererRhiBoundary.VulkanBackendDefinesPromotedSymbols
3532/4154 Test #3597: RendererRhiBoundary.VulkanBackendDefinesPromotedSymbols .........................................................   Passed    0.00 sec
          Start 3598: TextureReadback.NullBackendRejectsDownloadsFailClosed
3533/4154 Test #3598: TextureReadback.NullBackendRejectsDownloadsFailClosed ...........................................................   Passed    0.00 sec
          Start 3599: TextureReadback.MockQueueDeliversSubresourceOnCollectCompleted
3534/4154 Test #3599: TextureReadback.MockQueueDeliversSubresourceOnCollectCompleted ..................................................   Passed    0.00 sec
          Start 3600: TextureReadback.MockQueueDropsBadFormatsAndSubresources
3535/4154 Test #3600: TextureReadback.MockQueueDropsBadFormatsAndSubresources .........................................................   Passed    0.00 sec
          Start 3601: TextureUploadFormat.BytesPerBlockMatchesUploadContract
3536/4154 Test #3601: TextureUploadFormat.BytesPerBlockMatchesUploadContract ..........................................................   Passed    0.00 sec
          Start 3602: TextureUploadFormat.DepthStencilAndUndefinedAreNotUploadable
3537/4154 Test #3602: TextureUploadFormat.DepthStencilAndUndefinedAreNotUploadable ....................................................   Passed    0.00 sec
          Start 3603: TextureUploadFormat.StorageBytesPerBlockIncludesDepthStencil
3538/4154 Test #3603: TextureUploadFormat.StorageBytesPerBlockIncludesDepthStencil ....................................................   Passed    0.00 sec
          Start 3604: TextureUploadFormat.BlockExtentIsFourForBlockCompressed
3539/4154 Test #3604: TextureUploadFormat.BlockExtentIsFourForBlockCompressed .........................................................   Passed    0.00 sec
          Start 3605: TextureUploadMip.MipExtentClampsToOne
3540/4154 Test #3605: TextureUploadMip.MipExtentClampsToOne ...........................................................................   Passed    0.00 sec
          Start 3606: TextureUploadSize.RGBA8MatchesNaiveProduct
3541/4154 Test #3606: TextureUploadSize.RGBA8MatchesNaiveProduct ......................................................................   Passed    0.00 sec
          Start 3607: TextureUploadSize.NonSquareAndNonPowerOfTwoMipsClampToOne
3542/4154 Test #3607: TextureUploadSize.NonSquareAndNonPowerOfTwoMipsClampToOne .......................................................   Passed    0.00 sec
          Start 3608: TextureUploadSize.BlockCompressedRoundsUpToBlockExtent
3543/4154 Test #3608: TextureUploadSize.BlockCompressedRoundsUpToBlockExtent ..........................................................   Passed    0.00 sec
          Start 3609: TextureUploadSize.OutOfRangeMipReturnsZero
3544/4154 Test #3609: TextureUploadSize.OutOfRangeMipReturnsZero ......................................................................   Passed    0.00 sec
          Start 3610: TextureUploadSize.UnsupportedFormatReturnsZero
3545/4154 Test #3610: TextureUploadSize.UnsupportedFormatReturnsZero ..................................................................   Passed    0.00 sec
          Start 3611: TextureUploadSize.StorageEstimateIncludesMipsLayersDepthAndBlockCompression
3546/4154 Test #3611: TextureUploadSize.StorageEstimateIncludesMipsLayersDepthAndBlockCompression .....................................   Passed    0.00 sec
          Start 3612: TextureUploadLayout.SingleLayerMipChainPacksLayerMajor
3547/4154 Test #3612: TextureUploadLayout.SingleLayerMipChainPacksLayerMajor ..........................................................   Passed    0.00 sec
          Start 3613: TextureUploadLayout.MultiLayerOrderingIsLayerMajorMipMinor
3548/4154 Test #3613: TextureUploadLayout.MultiLayerOrderingIsLayerMajorMipMinor ......................................................   Passed    0.00 sec
          Start 3614: TextureUploadLayout.CubeMapTreatsSixLayersAsFaces
3549/4154 Test #3614: TextureUploadLayout.CubeMapTreatsSixLayersAsFaces ...............................................................   Passed    0.00 sec
          Start 3615: TextureUploadLayout.Tex3DTreatsDepthAsZAxisNotLayerCount
3550/4154 Test #3615: TextureUploadLayout.Tex3DTreatsDepthAsZAxisNotLayerCount ........................................................   Passed    0.00 sec
          Start 3616: TextureUploadLayout.BlockCompressedFullChainPacksRoundedSizes
3551/4154 Test #3616: TextureUploadLayout.BlockCompressedFullChainPacksRoundedSizes ...................................................   Passed    0.00 sec
          Start 3617: TextureUploadLayout.RejectsDepthStencilFormat
3552/4154 Test #3617: TextureUploadLayout.RejectsDepthStencilFormat ...................................................................   Passed    0.00 sec
          Start 3618: TextureUploadLayout.RejectsUndefinedFormat
3553/4154 Test #3618: TextureUploadLayout.RejectsUndefinedFormat ......................................................................   Passed    0.00 sec
          Start 3619: TextureUploadLayout.RejectsZeroExtentOrCount
3554/4154 Test #3619: TextureUploadLayout.RejectsZeroExtentOrCount ....................................................................   Passed    0.00 sec
          Start 3620: TextureUploadAlignment.RequiredBufferOffsetAlignmentMatchesVulkanVUIDs
3555/4154 Test #3620: TextureUploadAlignment.RequiredBufferOffsetAlignmentMatchesVulkanVUIDs ..........................................   Passed    0.00 sec
          Start 3621: TextureUploadAlignment.R8MultiLayerOffsetsAreFourAligned
3556/4154 Test #3621: TextureUploadAlignment.R8MultiLayerOffsetsAreFourAligned ........................................................   Passed    0.00 sec
          Start 3622: TextureUploadAlignment.RGB32FloatHasNonPowerOfTwoAlignment
3557/4154 Test #3622: TextureUploadAlignment.RGB32FloatHasNonPowerOfTwoAlignment ......................................................   Passed    0.00 sec
          Start 3623: TextureUploadAlignment.RG8MultiLayerOddMipPadsToFour
3558/4154 Test #3623: TextureUploadAlignment.RG8MultiLayerOddMipPadsToFour ............................................................   Passed    0.00 sec
          Start 3624: TextureUploadAlignment.BC7OffsetsAreSixteenAligned
3559/4154 Test #3624: TextureUploadAlignment.BC7OffsetsAreSixteenAligned ..............................................................   Passed    0.00 sec
          Start 3625: TransferQueueFullChain.NullBackendRejectsFullChainUploadsFailClosed
3560/4154 Test #3625: TransferQueueFullChain.NullBackendRejectsFullChainUploadsFailClosed .............................................   Passed    0.00 sec
          Start 3626: TransferQueueReadback.NullBackendRejectsDownloadsFailClosed
3561/4154 Test #3626: TransferQueueReadback.NullBackendRejectsDownloadsFailClosed .....................................................   Passed    0.00 sec
          Start 3627: TransferQueueReadback.MockQueueDeliversReadbackOnCollectCompleted
3562/4154 Test #3627: TransferQueueReadback.MockQueueDeliversReadbackOnCollectCompleted ...............................................   Passed    0.00 sec
          Start 3628: TransferQueueReadback.MockQueueDropsOutOfRangeRequests
3563/4154 Test #3628: TransferQueueReadback.MockQueueDropsOutOfRangeRequests ..........................................................   Passed    0.00 sec
          Start 3629: VulkanFailClosedContract.ProfilerSupportUsesPerQueueTimestampValidBits
3564/4154 Test #3629: VulkanFailClosedContract.ProfilerSupportUsesPerQueueTimestampValidBits ..........................................   Passed    0.00 sec
          Start 3630: VulkanFailClosedContract.ProfilerRejectsInvalidTimestampPeriod
3565/4154 Test #3630: VulkanFailClosedContract.ProfilerRejectsInvalidTimestampPeriod ..................................................   Passed    0.00 sec
          Start 3631: VulkanFailClosedContract.ProfilerQueryPoolFailureIsNonFatalToDeviceBootstrap
3566/4154 Test #3631: VulkanFailClosedContract.ProfilerQueryPoolFailureIsNonFatalToDeviceBootstrap ....................................   Passed    0.00 sec
          Start 3632: VulkanFailClosedContract.ProfilerQueryPoolDeviceLossStopsDeviceBootstrap
3567/4154 Test #3632: VulkanFailClosedContract.ProfilerQueryPoolDeviceLossStopsDeviceBootstrap ........................................   Passed    0.00 sec
          Start 3633: VulkanFailClosedContract.ProfilerFrameRequiresTimestampSupportOnAnActuallyRequestedQueue
3568/4154 Test #3633: VulkanFailClosedContract.ProfilerFrameRequiresTimestampSupportOnAnActuallyRequestedQueue ........................   Passed    0.00 sec
          Start 3634: VulkanFailClosedContract.DeviceBeginFrameStopsWhenProfilerRetirementObservesDeviceLoss
3569/4154 Test #3634: VulkanFailClosedContract.DeviceBeginFrameStopsWhenProfilerRetirementObservesDeviceLoss ..........................   Passed    0.00 sec
          Start 3635: VulkanFailClosedContract.ProfilerContextOwnershipRejectsForeignDeviceContext
3570/4154 Test #3635: VulkanFailClosedContract.ProfilerContextOwnershipRejectsForeignDeviceContext ....................................   Passed    0.00 sec
          Start 3636: VulkanFailClosedContract.QueueFamilyTokenResolverMapsAffinityTokens
3571/4154 Test #3636: VulkanFailClosedContract.QueueFamilyTokenResolverMapsAffinityTokens .............................................   Passed    0.00 sec
          Start 3637: VulkanFailClosedContract.FrameGraphBarrierFamiliesCollapseUnderGraphicsOnlyProfile
3572/4154 Test #3637: VulkanFailClosedContract.FrameGraphBarrierFamiliesCollapseUnderGraphicsOnlyProfile ..............................   Passed    0.00 sec
          Start 3638: VulkanFailClosedContract.DeviceConstructorIsFailClosedWithoutGpuBringup
3573/4154 Test #3638: VulkanFailClosedContract.DeviceConstructorIsFailClosedWithoutGpuBringup .........................................   Passed    0.00 sec
          Start 3639: VulkanFailClosedContract.InitializeWithNullWindowSkipsBootstrapWithoutVulkanHandles
3574/4154 Test #3639: VulkanFailClosedContract.InitializeWithNullWindowSkipsBootstrapWithoutVulkanHandles .............................   Passed    0.00 sec
          Start 3640: VulkanFailClosedContract.RecipeGraphValidationSetterFlipsBarrierValidationClean
3575/4154 Test #3640: VulkanFailClosedContract.RecipeGraphValidationSetterFlipsBarrierValidationClean .................................   Passed    0.00 sec
          Start 3641: VulkanFailClosedContract.PublicServiceReconciledIsFalseOnFreshDevice
3576/4154 Test #3641: VulkanFailClosedContract.PublicServiceReconciledIsFalseOnFreshDevice ............................................   Passed    0.00 sec
          Start 3642: VulkanFailClosedContract.PublicServiceReconciledStaysFalseAfterNullWindowInitialize
3577/4154 Test #3642: VulkanFailClosedContract.PublicServiceReconciledStaysFalseAfterNullWindowInitialize .............................   Passed    0.00 sec
          Start 3643: VulkanFailClosedContract.FallbackTransferQueueIncrementsUploadCounter
3578/4154 Test #3643: VulkanFailClosedContract.FallbackTransferQueueIncrementsUploadCounter ...........................................   Passed    0.00 sec
          Start 3644: VulkanFailClosedContract.CreatePipelineIncrementsCreationCounter
3579/4154 Test #3644: VulkanFailClosedContract.CreatePipelineIncrementsCreationCounter ................................................   Passed    0.00 sec
          Start 3645: VulkanFailClosedContract.UnboundGraphicsContextRecordingIncrementsAttemptCounter
3580/4154 Test #3645: VulkanFailClosedContract.UnboundGraphicsContextRecordingIncrementsAttemptCounter ................................   Passed    0.00 sec
          Start 3646: VulkanFailClosedContract.ParallelCommandContextsDeclineBeforeOperationalBringup
3581/4154 Test #3646: VulkanFailClosedContract.ParallelCommandContextsDeclineBeforeOperationalBringup .................................   Passed    0.00 sec
          Start 3647: VulkanFailClosedContract.BeginFrameOnNonOperationalDeviceIncrementsAttemptCounter
3582/4154 Test #3647: VulkanFailClosedContract.BeginFrameOnNonOperationalDeviceIncrementsAttemptCounter ...............................   Passed    0.00 sec
          Start 3648: VulkanFailClosedContract.EndFrameOnNonOperationalDeviceIncrementsAttemptCounter
3583/4154 Test #3648: VulkanFailClosedContract.EndFrameOnNonOperationalDeviceIncrementsAttemptCounter .................................   Passed    0.00 sec
          Start 3649: VulkanFailClosedContract.BeginEndFrameCountersTrackPairwiseOnNonOperationalDevice
3584/4154 Test #3649: VulkanFailClosedContract.BeginEndFrameCountersTrackPairwiseOnNonOperationalDevice ...............................   Passed    0.00 sec
          Start 3650: VulkanFailClosedContract.PresentOnNonOperationalDeviceIncrementsAttemptCounter
3585/4154 Test #3650: VulkanFailClosedContract.PresentOnNonOperationalDeviceIncrementsAttemptCounter ..................................   Passed    0.00 sec
          Start 3651: VulkanFailClosedContract.BeginEndPresentCountersTrackLifecycleOnNonOperationalDevice
3586/4154 Test #3651: VulkanFailClosedContract.BeginEndPresentCountersTrackLifecycleOnNonOperationalDevice ............................   Passed    0.00 sec
          Start 3652: VulkanFailClosedContract.ResizeOnNonOperationalDeviceIncrementsAttemptCounterAndRecordsExtent
3587/4154 Test #3652: VulkanFailClosedContract.ResizeOnNonOperationalDeviceIncrementsAttemptCounterAndRecordsExtent ...................   Passed    0.00 sec
          Start 3653: VulkanFailClosedContract.FrameLifecycleDiagnosticsSnapshotReportsFailClosedStatuses
3588/4154 Test #3653: VulkanFailClosedContract.FrameLifecycleDiagnosticsSnapshotReportsFailClosedStatuses .............................   Passed    0.00 sec
          Start 3654: VulkanFailClosedContract.CreatePipelineReportsPreBringUpReason
3589/4154 Test #3654: VulkanFailClosedContract.CreatePipelineReportsPreBringUpReason ..................................................   Passed    0.00 sec
          Start 3655: VulkanFailClosedContract.FallbackCountersAreProcessMonotonicAcrossInitializeShutdownCycles
3590/4154 Test #3655: VulkanFailClosedContract.FallbackCountersAreProcessMonotonicAcrossInitializeShutdownCycles ......................   Passed    0.00 sec
          Start 3656: VulkanFailClosedContract.FallbackDiagnosticsSnapshotMatchesIndividualGetters
3591/4154 Test #3656: VulkanFailClosedContract.FallbackDiagnosticsSnapshotMatchesIndividualGetters ....................................   Passed    0.00 sec
          Start 3657: VulkanFailClosedContract.FallbackDiagnosticsSnapshotIsProcessMonotonic
3592/4154 Test #3657: VulkanFailClosedContract.FallbackDiagnosticsSnapshotIsProcessMonotonic ..........................................   Passed    0.00 sec
          Start 3658: VulkanFailClosedContract.FailClosedLifecyclePathsNeverSetDeviceLost
3593/4154 Test #3658: VulkanFailClosedContract.FailClosedLifecyclePathsNeverSetDeviceLost .............................................   Passed    0.00 sec
          Start 3659: VulkanFailClosedContract.DeviceLostFlagStaysFalseAcrossInitializeShutdownCyclesOnNullWindow
3594/4154 Test #3659: VulkanFailClosedContract.DeviceLostFlagStaysFalseAcrossInitializeShutdownCyclesOnNullWindow .....................   Passed    0.00 sec
          Start 3660: VulkanOperationalStatusEvaluator.NotCompiledWhenRequestedButBackendAbsent
3595/4154 Test #3660: VulkanOperationalStatusEvaluator.NotCompiledWhenRequestedButBackendAbsent .......................................   Passed    0.00 sec
          Start 3661: VulkanOperationalStatusEvaluator.NotRequestedWhenBackendAbsentAndNotRequested
3596/4154 Test #3661: VulkanOperationalStatusEvaluator.NotRequestedWhenBackendAbsentAndNotRequested ...................................   Passed    0.00 sec
          Start 3662: VulkanOperationalStatusEvaluator.NotRequestedWhenBackendCompiledButNotRequested
3597/4154 Test #3662: VulkanOperationalStatusEvaluator.NotRequestedWhenBackendCompiledButNotRequested .................................   Passed    0.00 sec
          Start 3663: VulkanOperationalStatusEvaluator.MissingInstanceReportsMissingInstance
3598/4154 Test #3663: VulkanOperationalStatusEvaluator.MissingInstanceReportsMissingInstance ..........................................   Passed    0.00 sec
          Start 3664: VulkanOperationalStatusEvaluator.MissingSurfaceReportsMissingSurface
3599/4154 Test #3664: VulkanOperationalStatusEvaluator.MissingSurfaceReportsMissingSurface ............................................   Passed    0.00 sec
          Start 3665: VulkanOperationalStatusEvaluator.NoPhysicalDeviceReportsNoSuitablePhysicalDevice
3600/4154 Test #3665: VulkanOperationalStatusEvaluator.NoPhysicalDeviceReportsNoSuitablePhysicalDevice ................................   Passed    0.00 sec
          Start 3666: VulkanOperationalStatusEvaluator.MissingExtensionReportsMissingRequiredExtension
3601/4154 Test #3666: VulkanOperationalStatusEvaluator.MissingExtensionReportsMissingRequiredExtension ................................   Passed    0.00 sec
          Start 3667: VulkanOperationalStatusEvaluator.MissingFeatureReportsMissingRequiredFeature
3602/4154 Test #3667: VulkanOperationalStatusEvaluator.MissingFeatureReportsMissingRequiredFeature ....................................   Passed    0.00 sec
          Start 3668: VulkanOperationalStatusEvaluator.LogicalDeviceNotReadyReportsLogicalDeviceFailed
3603/4154 Test #3668: VulkanOperationalStatusEvaluator.LogicalDeviceNotReadyReportsLogicalDeviceFailed ................................   Passed    0.00 sec
          Start 3669: VulkanOperationalStatusEvaluator.AllocatorNotReadyReportsAllocatorFailed
3604/4154 Test #3669: VulkanOperationalStatusEvaluator.AllocatorNotReadyReportsAllocatorFailed ........................................   Passed    0.00 sec
          Start 3670: VulkanOperationalStatusEvaluator.SwapchainNotReadyReportsSwapchainFailed
3605/4154 Test #3670: VulkanOperationalStatusEvaluator.SwapchainNotReadyReportsSwapchainFailed ........................................   Passed    0.00 sec
          Start 3671: VulkanOperationalStatusEvaluator.CommandSyncNotReadyReportsCommandSyncFailed
3606/4154 Test #3671: VulkanOperationalStatusEvaluator.CommandSyncNotReadyReportsCommandSyncFailed ....................................   Passed    0.00 sec
          Start 3672: VulkanOperationalStatusEvaluator.MissingDefaultRecipeRecordingReportsIncompleteGate
3607/4154 Test #3672: VulkanOperationalStatusEvaluator.MissingDefaultRecipeRecordingReportsIncompleteGate .............................   Passed    0.00 sec
          Start 3673: VulkanOperationalStatusEvaluator.BarrierValidationDirtyReportsBarrierValidationFailed
3608/4154 Test #3673: VulkanOperationalStatusEvaluator.BarrierValidationDirtyReportsBarrierValidationFailed ...........................   Passed    0.00 sec
          Start 3674: VulkanOperationalStatusEvaluator.PublicServiceUnreconciledReportsPublicServiceReconciliationFailed
3609/4154 Test #3674: VulkanOperationalStatusEvaluator.PublicServiceUnreconciledReportsPublicServiceReconciliationFailed ..............   Passed    0.00 sec
          Start 3675: VulkanOperationalStatusEvaluator.ValidationDirtyReportsValidationLayerError
3610/4154 Test #3675: VulkanOperationalStatusEvaluator.ValidationDirtyReportsValidationLayerError .....................................   Passed    0.00 sec
          Start 3676: VulkanOperationalStatusEvaluator.DeviceLostReportsDeviceLost
3611/4154 Test #3676: VulkanOperationalStatusEvaluator.DeviceLostReportsDeviceLost ....................................................   Passed    0.00 sec
          Start 3677: VulkanOperationalStatusEvaluator.SurfaceLostReportsSurfaceLost
3612/4154 Test #3677: VulkanOperationalStatusEvaluator.SurfaceLostReportsSurfaceLost ..................................................   Passed    0.00 sec
          Start 3678: VulkanOperationalStatusEvaluator.AllInputsTrueReachesOperational
3613/4154 Test #3678: VulkanOperationalStatusEvaluator.AllInputsTrueReachesOperational ................................................   Passed    0.00 sec
          Start 3679: VulkanOperationalStatusEvaluator.FlippingAnyGateInputDropsBackToNonOperational
3614/4154 Test #3679: VulkanOperationalStatusEvaluator.FlippingAnyGateInputDropsBackToNonOperational ..................................   Passed    0.00 sec
          Start 3680: VulkanOperationalStatusEvaluator.IsTotalAcrossAllBooleanCombinations
3615/4154 Test #3680: VulkanOperationalStatusEvaluator.IsTotalAcrossAllBooleanCombinations ............................................   Passed    0.01 sec
          Start 3681: VulkanOperationalDiagnosticsSnapshot.FallbackRowsBumpExpectedCounters
3616/4154 Test #3681: VulkanOperationalDiagnosticsSnapshot.FallbackRowsBumpExpectedCounters ...........................................   Passed    0.00 sec
          Start 3682: VulkanOperationalDiagnosticsSnapshot.OperationalAndNotRequestedAreNoOps
3617/4154 Test #3682: VulkanOperationalDiagnosticsSnapshot.OperationalAndNotRequestedAreNoOps .........................................   Passed    0.00 sec
          Start 3683: VulkanOperationalDiagnosticsSnapshot.DeviceLostOperationalDropBumpsCounter
3618/4154 Test #3683: VulkanOperationalDiagnosticsSnapshot.DeviceLostOperationalDropBumpsCounter ......................................   Passed    0.00 sec
          Start 3684: VulkanOperationalDiagnosticsSnapshot.CountersSurviveDeviceInitializeShutdownCycles
3619/4154 Test #3684: VulkanOperationalDiagnosticsSnapshot.CountersSurviveDeviceInitializeShutdownCycles ..............................   Passed    0.00 sec
          Start 3685: VulkanOperationalDiagnosticsSnapshot.EvaluateDeviceReturnsNotCompiledForNullDevicePointer
3620/4154 Test #3685: VulkanOperationalDiagnosticsSnapshot.EvaluateDeviceReturnsNotCompiledForNullDevicePointer .......................   Passed    0.00 sec
          Start 3686: GraphicsCrossQueueTimeline.EmitsSignalAndWaitAtCrossQueueBoundary
3621/4154 Test #3686: GraphicsCrossQueueTimeline.EmitsSignalAndWaitAtCrossQueueBoundary ...............................................   Passed    0.00 sec
          Start 3687: GraphicsCrossQueueTimeline.ValuesAreMonotonicPerProducingQueueAndDeterministic
3622/4154 Test #3687: GraphicsCrossQueueTimeline.ValuesAreMonotonicPerProducingQueueAndDeterministic ..................................   Passed    0.00 sec
          Start 3688: GraphicsCrossQueueTimeline.CulledProducerBranchEmitsNoTimelineEdges
3623/4154 Test #3688: GraphicsCrossQueueTimeline.CulledProducerBranchEmitsNoTimelineEdges .............................................   Passed    0.00 sec
          Start 3689: GraphicsCrossQueueTimeline.CrossQueueCycleReportsStructuredFinding
3624/4154 Test #3689: GraphicsCrossQueueTimeline.CrossQueueCycleReportsStructuredFinding ..............................................   Passed    0.00 sec
          Start 3690: CurrentRendererContractAdapter.DescriptorDeclaresCurrentRendererContractSurface
3625/4154 Test #3690: CurrentRendererContractAdapter.DescriptorDeclaresCurrentRendererContractSurface .................................   Passed    0.00 sec
          Start 3691: CurrentRendererContractAdapter.BindingSetMapsCurrentMaterialGeometryAndVisualizationInputs
3626/4154 Test #3691: CurrentRendererContractAdapter.BindingSetMapsCurrentMaterialGeometryAndVisualizationInputs ......................   Passed    0.00 sec
          Start 3692: CurrentRendererContractAdapter.FrameInputBuildsCompatibleSnapshotRecipeAndDiagnostics
3627/4154 Test #3692: CurrentRendererContractAdapter.FrameInputBuildsCompatibleSnapshotRecipeAndDiagnostics ...........................   Passed    0.00 sec
          Start 3693: CurrentRendererContractAdapter.RenderWorldKeepsCurrentFrameDiagnosticsNonBlocking
3628/4154 Test #3693: CurrentRendererContractAdapter.RenderWorldKeepsCurrentFrameDiagnosticsNonBlocking ...............................   Passed    0.00 sec
          Start 3694: CurrentRendererContractAdapter.RecipeDescriptorUsesOnlyDeclaredCurrentRendererSlots
3629/4154 Test #3694: CurrentRendererContractAdapter.RecipeDescriptorUsesOnlyDeclaredCurrentRendererSlots .............................   Passed    0.00 sec
          Start 3695: GraphicsCullingContracts.BucketsCoverSurfaceLinePointShadowAndSelectionDomains
3630/4154 Test #3695: GraphicsCullingContracts.BucketsCoverSurfaceLinePointShadowAndSelectionDomains ..................................   Passed    0.00 sec
          Start 3696: GraphicsCullingContracts.CullingPassResetsDispatchesAndPublishesAllBucketMetadata
3631/4154 Test #3696: GraphicsCullingContracts.CullingPassResetsDispatchesAndPublishesAllBucketMetadata ...............................   Passed    0.00 sec
          Start 3697: GraphicsCullingContracts.TwoPhasePartitionIsDeterministicAndConservative
3632/4154 Test #3697: GraphicsCullingContracts.TwoPhasePartitionIsDeterministicAndConservative ........................................   Passed    0.00 sec
          Start 3698: GraphicsCullingContracts.CameraTransitionDecisionSkipsOnExplicitFlagAndDeltaThresholds
3633/4154 Test #3698: GraphicsCullingContracts.CameraTransitionDecisionSkipsOnExplicitFlagAndDeltaThresholds ..........................   Passed    0.00 sec
          Start 3699: GraphicsCullingContracts.CullingDiagnosticsCountExplicitAndDeltaHZBStaleSkips
3634/4154 Test #3699: GraphicsCullingContracts.CullingDiagnosticsCountExplicitAndDeltaHZBStaleSkips ...................................   Passed    0.00 sec
          Start 3700: DefaultRecipeBackbufferReadbackContract.DefaultStateIsDisabledAndNoCopyRecords
3635/4154 Test #3700: DefaultRecipeBackbufferReadbackContract.DefaultStateIsDisabledAndNoCopyRecords ..................................   Passed    0.07 sec
          Start 3701: DefaultRecipeBackbufferReadbackContract.ConfiguredHandleRecordsReadbackTripletOnce
3636/4154 Test #3701: DefaultRecipeBackbufferReadbackContract.ConfiguredHandleRecordsReadbackTripletOnce ..............................   Passed    0.07 sec
          Start 3702: DefaultRecipeBackbufferReadbackContract.SkipsCopyWhenDeviceIsNonOperational
3637/4154 Test #3702: DefaultRecipeBackbufferReadbackContract.SkipsCopyWhenDeviceIsNonOperational .....................................   Passed    0.03 sec
          Start 3703: ComputeParallelPrimitives.ExclusiveAndInclusivePrefixScanMatchReference
3638/4154 Test #3703: ComputeParallelPrimitives.ExclusiveAndInclusivePrefixScanMatchReference .........................................   Passed    0.00 sec
          Start 3704: ComputeParallelPrimitives.EmptyPrefixScanSucceedsWithoutWriting
3639/4154 Test #3704: ComputeParallelPrimitives.EmptyPrefixScanSucceedsWithoutWriting .................................................   Passed    0.00 sec
          Start 3705: ComputeParallelPrimitives.PrefixScanFailsClosedForSmallOutputAndOverflow
3640/4154 Test #3705: ComputeParallelPrimitives.PrefixScanFailsClosedForSmallOutputAndOverflow ........................................   Passed    0.00 sec
          Start 3706: ComputeParallelPrimitives.StreamCompactionKeepsStableOrder
3641/4154 Test #3706: ComputeParallelPrimitives.StreamCompactionKeepsStableOrder ......................................................   Passed    0.00 sec
          Start 3707: ComputeParallelPrimitives.StreamCompactionHandlesAllKeptAndAllDropped
3642/4154 Test #3707: ComputeParallelPrimitives.StreamCompactionHandlesAllKeptAndAllDropped ...........................................   Passed    0.00 sec
          Start 3708: ComputeParallelPrimitives.StreamCompactionFailsClosedForBadShapes
3643/4154 Test #3708: ComputeParallelPrimitives.StreamCompactionFailsClosedForBadShapes ...............................................   Passed    0.00 sec
          Start 3709: ComputeParallelPrimitives.SegmentedFloatReductionCpuComputesSumsCountsAndMeans
3644/4154 Test #3709: ComputeParallelPrimitives.SegmentedFloatReductionCpuComputesSumsCountsAndMeans ..................................   Passed    0.00 sec
          Start 3710: ComputeParallelPrimitives.SegmentedFloatReductionCpuHandlesEmptyInputs
3645/4154 Test #3710: ComputeParallelPrimitives.SegmentedFloatReductionCpuHandlesEmptyInputs ..........................................   Passed    0.00 sec
          Start 3711: ComputeParallelPrimitives.SegmentedFloatReductionCpuFailsClosedForBadShapes
3646/4154 Test #3711: ComputeParallelPrimitives.SegmentedFloatReductionCpuFailsClosedForBadShapes .....................................   Passed    0.00 sec
          Start 3712: ComputeParallelPrimitives.DispatchPlansHandleEmptyAndInvalidInputs
3647/4154 Test #3712: ComputeParallelPrimitives.DispatchPlansHandleEmptyAndInvalidInputs ..............................................   Passed    0.00 sec
          Start 3713: ComputeParallelPrimitives.SingleBlockPrefixScanPlanNeedsNoScratch
3648/4154 Test #3713: ComputeParallelPrimitives.SingleBlockPrefixScanPlanNeedsNoScratch ...............................................   Passed    0.00 sec
          Start 3714: ComputeParallelPrimitives.MultiBlockPrefixScanPlanPinsRecursiveScratch
3649/4154 Test #3714: ComputeParallelPrimitives.MultiBlockPrefixScanPlanPinsRecursiveScratch ..........................................   Passed    0.00 sec
          Start 3715: ComputeParallelPrimitives.LargePrefixScanPlanAddsOffsetsFromTopDown
3650/4154 Test #3715: ComputeParallelPrimitives.LargePrefixScanPlanAddsOffsetsFromTopDown .............................................   Passed    0.00 sec
          Start 3716: ComputeParallelPrimitives.StreamCompactionPlanPinsOffsetsAndScatter
3651/4154 Test #3716: ComputeParallelPrimitives.StreamCompactionPlanPinsOffsetsAndScatter .............................................   Passed    0.00 sec
          Start 3717: ComputeParallelPrimitives.SegmentedFloatReductionPlanPinsOneDispatchPerSegment
3652/4154 Test #3717: ComputeParallelPrimitives.SegmentedFloatReductionPlanPinsOneDispatchPerSegment ..................................   Passed    0.00 sec
          Start 3718: ComputeParallelPrimitives.BuildsComputePipelineDescriptors
3653/4154 Test #3718: ComputeParallelPrimitives.BuildsComputePipelineDescriptors ......................................................   Passed    0.00 sec
          Start 3719: ComputeParallelPrimitives.BuildsCountPublicationBufferDescriptors
3654/4154 Test #3719: ComputeParallelPrimitives.BuildsCountPublicationBufferDescriptors ...............................................   Passed    0.00 sec
          Start 3720: ComputeParallelPrimitives.RecordsSingleBlockPrefixScanCommands
3655/4154 Test #3720: ComputeParallelPrimitives.RecordsSingleBlockPrefixScanCommands ..................................................   Passed    0.00 sec
          Start 3721: ComputeParallelPrimitives.RecordsMultiBlockPrefixScanWithAllocatedScratch
3656/4154 Test #3721: ComputeParallelPrimitives.RecordsMultiBlockPrefixScanWithAllocatedScratch .......................................   Passed    0.00 sec
          Start 3722: ComputeParallelPrimitives.RecordsStreamCompactionWithScanAndScatter
3657/4154 Test #3722: ComputeParallelPrimitives.RecordsStreamCompactionWithScanAndScatter .............................................   Passed    0.00 sec
          Start 3723: ComputeParallelPrimitives.RecordsSegmentedFloatReductionCommands
3658/4154 Test #3723: ComputeParallelPrimitives.RecordsSegmentedFloatReductionCommands ................................................   Passed    0.00 sec
          Start 3724: ComputeParallelPrimitives.PublishesCompactionCountForReadbackAndIndirectDispatch
3659/4154 Test #3724: ComputeParallelPrimitives.PublishesCompactionCountForReadbackAndIndirectDispatch ................................   Passed    0.00 sec
          Start 3725: ComputeParallelPrimitives.GpuRecordReportsDeviceUnavailableForNullDevice
3660/4154 Test #3725: ComputeParallelPrimitives.GpuRecordReportsDeviceUnavailableForNullDevice ........................................   Passed    0.00 sec
          Start 3726: ComputeParallelPrimitives.GpuRecordValidatesRecorderInputsAndResources
3661/4154 Test #3726: ComputeParallelPrimitives.GpuRecordValidatesRecorderInputsAndResources ..........................................   Passed    0.00 sec
          Start 3727: ComputeParallelPrimitives.StatusDebugNamesAreStable
3662/4154 Test #3727: ComputeParallelPrimitives.StatusDebugNamesAreStable .............................................................   Passed    0.00 sec
          Start 3728: GraphicsDebugViewContract.FrameRecipeDeclaresDebugViewPreviewStage
3663/4154 Test #3728: GraphicsDebugViewContract.FrameRecipeDeclaresDebugViewPreviewStage ..............................................   Passed    0.00 sec
          Start 3729: GraphicsDebugViewContract.DebugViewPassRecordsFullscreenPreviewForResolvedSelection
3664/4154 Test #3729: GraphicsDebugViewContract.DebugViewPassRecordsFullscreenPreviewForResolvedSelection .............................   Passed    0.00 sec
          Start 3730: GraphicsDebugViewContract.DebugViewPassSkipsDisabledSelectionAndMissingPipeline
3665/4154 Test #3730: GraphicsDebugViewContract.DebugViewPassSkipsDisabledSelectionAndMissingPipeline .................................   Passed    0.00 sec
          Start 3731: DebugViewPassContract.RendererRoutesAndRecordsDebugViewPass
3666/4154 Test #3731: DebugViewPassContract.RendererRoutesAndRecordsDebugViewPass .....................................................   Passed    0.07 sec
          Start 3732: DebugViewPassContract.DebugOverlayDisabledKeepsDebugViewOutOfRecipe
3667/4154 Test #3732: DebugViewPassContract.DebugOverlayDisabledKeepsDebugViewOutOfRecipe .............................................   Passed    0.07 sec
          Start 3733: DebugViewPassContract.MissingDebugViewPipelineLeaseSkipsUnavailable
3668/4154 Test #3733: DebugViewPassContract.MissingDebugViewPipelineLeaseSkipsUnavailable .............................................   Passed    0.07 sec
          Start 3734: DebugViewPassContract.NonOperationalDeviceSkipsNonOperational
3669/4154 Test #3734: DebugViewPassContract.NonOperationalDeviceSkipsNonOperational ...................................................   Passed    0.03 sec
          Start 3735: DebugViewPassContract.InvalidResourceFallsBackDeterministicallyAndIncrementsCounter
3670/4154 Test #3735: DebugViewPassContract.InvalidResourceFallsBackDeterministicallyAndIncrementsCounter .............................   Passed    0.07 sec
          Start 3736: DebugViewPassContract.DefaultRequestedResourceDoesNotIncrementFallbackCounter
3671/4154 Test #3736: DebugViewPassContract.DefaultRequestedResourceDoesNotIncrementFallbackCounter ...................................   Passed    0.07 sec
          Start 3737: FrameRecipeContract.DefaultRecipeBuildsCanonicalPassOrder
3672/4154 Test #3737: FrameRecipeContract.DefaultRecipeBuildsCanonicalPassOrder .......................................................   Passed    0.00 sec
          Start 3738: FrameRecipeContract.UvViewIsAbsentFromTheDisabledDefaultRecipe
3673/4154 Test #3738: FrameRecipeContract.UvViewIsAbsentFromTheDisabledDefaultRecipe ..................................................   Passed    0.00 sec
          Start 3739: FrameRecipeContract.UvViewWritesRetainedImportBeforeImGuiSamplesIt
3674/4154 Test #3739: FrameRecipeContract.UvViewWritesRetainedImportBeforeImGuiSamplesIt ..............................................   Passed    0.00 sec
          Start 3740: FrameRecipeContract.FirstGenerationUvViewTransitionsFromUndefinedToShaderRead
3675/4154 Test #3740: FrameRecipeContract.FirstGenerationUvViewTransitionsFromUndefinedToShaderRead ...................................   Passed    0.00 sec
          Start 3741: FrameRecipeContract.UvViewRequiresRetainedTextureImport
3676/4154 Test #3741: FrameRecipeContract.UvViewRequiresRetainedTextureImport .........................................................   Passed    0.00 sec
          Start 3742: FrameRecipeContract.DefaultRecipePropagatesTypedPassAndResourceIds
3677/4154 Test #3742: FrameRecipeContract.DefaultRecipePropagatesTypedPassAndResourceIds ..............................................   Passed    0.00 sec
          Start 3743: FrameRecipeContract.CompiledPassLookupUsesTypedIdWhenDebugNameChanges
3678/4154 Test #3743: FrameRecipeContract.CompiledPassLookupUsesTypedIdWhenDebugNameChanges ...........................................   Passed    0.00 sec
          Start 3744: FrameRecipeContract.CompiledResourceLookupUsesTypedIdWhenDebugNameChanges
3679/4154 Test #3744: FrameRecipeContract.CompiledResourceLookupUsesTypedIdWhenDebugNameChanges .......................................   Passed    0.00 sec
          Start 3745: FrameRecipeContract.TypedIdentityDoesNotChangeDebugNames
3680/4154 Test #3745: FrameRecipeContract.TypedIdentityDoesNotChangeDebugNames ........................................................   Passed    0.00 sec
          Start 3746: FrameRecipeContract.DuplicateTypedPassIdsAreDiagnosed
3681/4154 Test #3746: FrameRecipeContract.DuplicateTypedPassIdsAreDiagnosed ...........................................................   Passed    0.00 sec
          Start 3747: FrameRecipeContract.DuplicateTypedPassIdsReportEarliestDuplicateAcrossGroups
3682/4154 Test #3747: FrameRecipeContract.DuplicateTypedPassIdsReportEarliestDuplicateAcrossGroups ....................................   Passed    0.00 sec
          Start 3748: FrameRecipeContract.DuplicateTypedResourceIdsAreDiagnosed
3683/4154 Test #3748: FrameRecipeContract.DuplicateTypedResourceIdsAreDiagnosed .......................................................   Passed    0.00 sec
          Start 3749: FrameRecipeContract.DefaultRecipeDoesNotDepthTransitionColorResources
3684/4154 Test #3749: FrameRecipeContract.DefaultRecipeDoesNotDepthTransitionColorResources ...........................................   Passed    0.00 sec
          Start 3750: FrameRecipeContract.DefaultRecipeBarriersRespectTextureUsageCapabilities
3685/4154 Test #3750: FrameRecipeContract.DefaultRecipeBarriersRespectTextureUsageCapabilities ........................................   Passed    0.00 sec
          Start 3751: FrameRecipeContract.DefaultRecipeCompiledGraphHasNoValidationFindings
3686/4154 Test #3751: FrameRecipeContract.DefaultRecipeCompiledGraphHasNoValidationFindings ...........................................   Passed    0.00 sec
          Start 3752: FrameRecipeContract.ContributionDescriptorProjectsTypedResourcesIntoRecipeIntrospection
3687/4154 Test #3752: FrameRecipeContract.ContributionDescriptorProjectsTypedResourcesIntoRecipeIntrospection .........................   Passed    0.00 sec
          Start 3753: FrameRecipeContract.DisabledContributionDescriptorIsFeatureGatedNoOp
3688/4154 Test #3753: FrameRecipeContract.DisabledContributionDescriptorIsFeatureGatedNoOp ............................................   Passed    0.00 sec
          Start 3754: FrameRecipeContract.ContributionValidationFailsClosedForInvalidDescriptors
3689/4154 Test #3754: FrameRecipeContract.ContributionValidationFailsClosedForInvalidDescriptors ......................................   Passed    0.00 sec
          Start 3755: FrameRecipeContract.DefaultOverlayContributionsProjectLegacyOverlayShape
3690/4154 Test #3755: FrameRecipeContract.DefaultOverlayContributionsProjectLegacyOverlayShape ........................................   Passed    0.00 sec
          Start 3756: FrameRecipeContract.ExplicitDefaultOverlayContributionsMatchDefaultBuildShape
3691/4154 Test #3756: FrameRecipeContract.ExplicitDefaultOverlayContributionsMatchDefaultBuildShape ...................................   Passed    0.00 sec
          Start 3757: FrameRecipeContract.EmptyContributionRegistryCompilesOverlayAbsentCoreRecipe
3692/4154 Test #3757: FrameRecipeContract.EmptyContributionRegistryCompilesOverlayAbsentCoreRecipe ....................................   Passed    0.00 sec
          Start 3758: FrameRecipeContract.DefaultRecipeUsesResourceDependenciesWithoutLinearChain
3693/4154 Test #3758: FrameRecipeContract.DefaultRecipeUsesResourceDependenciesWithoutLinearChain .....................................   Passed    0.00 sec
          Start 3759: FrameRecipeContract.DependencyDrivenDefaultRecipeKeepsBarrierPacketsTopological
3694/4154 Test #3759: FrameRecipeContract.DependencyDrivenDefaultRecipeKeepsBarrierPacketsTopological .................................   Passed    0.00 sec
          Start 3760: FrameRecipeContract.RenderGraphDebugDumpReportsExplicitDependencyState
3695/4154 Test #3760: FrameRecipeContract.RenderGraphDebugDumpReportsExplicitDependencyState ..........................................   Passed    0.00 sec
          Start 3761: FrameRecipeContract.DefaultRecipeDrawPassesDeclareRenderPassAttachments
3696/4154 Test #3761: FrameRecipeContract.DefaultRecipeDrawPassesDeclareRenderPassAttachments .........................................   Passed    0.00 sec
          Start 3762: FrameRecipeContract.SpatialAARecipeDrawPassesDeclareRenderPassAttachments
3697/4154 Test #3762: FrameRecipeContract.SpatialAARecipeDrawPassesDeclareRenderPassAttachments .......................................   Passed    0.00 sec
          Start 3763: FrameRecipeContract.OptionalResourcesAreGatedByFeatures
3698/4154 Test #3763: FrameRecipeContract.OptionalResourcesAreGatedByFeatures .........................................................   Passed    0.00 sec
          Start 3764: FrameRecipeContract.AAModeSelectorCompilesExpectedPassSets
3699/4154 Test #3764: FrameRecipeContract.AAModeSelectorCompilesExpectedPassSets ......................................................   Passed    0.00 sec
          Start 3765: FrameRecipeContract.TemporalReconstructionUsesInputAndOutputExtents
3700/4154 Test #3765: FrameRecipeContract.TemporalReconstructionUsesInputAndOutputExtents .............................................   Passed    0.00 sec
          Start 3766: FrameRecipeContract.NoJitterNoHistorySuppressesTemporalReconstruction
3701/4154 Test #3766: FrameRecipeContract.NoJitterNoHistorySuppressesTemporalReconstruction ...........................................   Passed    0.00 sec
          Start 3767: FrameRecipeContract.TemporalReconstructionRequiresHistoryImports
3702/4154 Test #3767: FrameRecipeContract.TemporalReconstructionRequiresHistoryImports ................................................   Passed    0.00 sec
          Start 3768: FrameRecipeContract.LightingPathControlsGBufferResourcesAndComposition
3703/4154 Test #3768: FrameRecipeContract.LightingPathControlsGBufferResourcesAndComposition ..........................................   Passed    0.00 sec
          Start 3769: FrameRecipeContract.MotionVectorTargetIsOptInRg16SurfaceOutput
3704/4154 Test #3769: FrameRecipeContract.MotionVectorTargetIsOptInRg16SurfaceOutput ..................................................   Passed    0.00 sec
          Start 3770: FrameRecipeContract.NoJitterNoHistorySuppressesMotionVectorTarget
3705/4154 Test #3770: FrameRecipeContract.NoJitterNoHistorySuppressesMotionVectorTarget ...............................................   Passed    0.00 sec
          Start 3771: FrameRecipeContract.DepthPrepassFeatureGatesPassAndSurfaceDepthOwnership
3706/4154 Test #3771: FrameRecipeContract.DepthPrepassFeatureGatesPassAndSurfaceDepthOwnership ........................................   Passed    0.00 sec
          Start 3772: FrameRecipeContract.HZBBuildRequiresDepthPrepassAndImportedTarget
3707/4154 Test #3772: FrameRecipeContract.HZBBuildRequiresDepthPrepassAndImportedTarget ...............................................   Passed    0.00 sec
          Start 3773: FrameRecipeContract.ClusterGridBuildRequiresDepthPrepassAndImportedTarget
3708/4154 Test #3773: FrameRecipeContract.ClusterGridBuildRequiresDepthPrepassAndImportedTarget .......................................   Passed    0.00 sec
          Start 3774: FrameRecipeContract.LightClusterAssignmentRequiresGridBuildAndImportedOutputs
3709/4154 Test #3774: FrameRecipeContract.LightClusterAssignmentRequiresGridBuildAndImportedOutputs ...................................   Passed    0.00 sec
          Start 3775: FrameRecipeContract.ClusterPassesRequestAsyncComputeAndDemoteToGraphics
3710/4154 Test #3775: FrameRecipeContract.ClusterPassesRequestAsyncComputeAndDemoteToGraphics .........................................   Passed    0.00 sec
          Start 3776: FrameRecipeContract.BackbufferIsFinalizedOnlyByPresentDeclaration
3711/4154 Test #3776: FrameRecipeContract.BackbufferIsFinalizedOnlyByPresentDeclaration ...............................................   Passed    0.00 sec
          Start 3777: FrameRecipeContract.IntrospectionReportsPassResourceReadsAndWrites
3712/4154 Test #3777: FrameRecipeContract.IntrospectionReportsPassResourceReadsAndWrites ..............................................   Passed    0.00 sec
          Start 3778: FrameRecipeContract.PickingRequiresDepthPrepass
3713/4154 Test #3778: FrameRecipeContract.PickingRequiresDepthPrepass .................................................................   Passed    0.00 sec
          Start 3779: FrameRecipeContract.SelectionOutlineRequiresSelectionIdDepthPrepass
3714/4154 Test #3779: FrameRecipeContract.SelectionOutlineRequiresSelectionIdDepthPrepass .............................................   Passed    0.00 sec
          Start 3780: FrameRecipeContract.SelectionOutlineWithoutPendingPickProducesIdsWithoutReadback
3715/4154 Test #3780: FrameRecipeContract.SelectionOutlineWithoutPendingPickProducesIdsWithoutReadback ................................   Passed    0.00 sec
          Start 3781: FrameRecipeContract.PickingPassRunsAfterDepthPrepass
3716/4154 Test #3781: FrameRecipeContract.PickingPassRunsAfterDepthPrepass ............................................................   Passed    0.00 sec
          Start 3782: FrameRecipeContract.PickingReadbackImportedFromRenderer
3717/4154 Test #3782: FrameRecipeContract.PickingReadbackImportedFromRenderer .........................................................   Passed    0.00 sec
          Start 3783: FrameRecipeContract.PickingIdTargetsDeclareTransferSrcUsageForReadbackCopies
3718/4154 Test #3783: FrameRecipeContract.PickingIdTargetsDeclareTransferSrcUsageForReadbackCopies ....................................   Passed    0.00 sec
          Start 3784: FrameRecipeContract.MissingBackbufferReportsDiagnostic
3719/4154 Test #3784: FrameRecipeContract.MissingBackbufferReportsDiagnostic ..........................................................   Passed    0.00 sec
          Start 3785: FrameRecipeContract.ShadowAtlasUsesImportedHandleWhenProvided
3720/4154 Test #3785: FrameRecipeContract.ShadowAtlasUsesImportedHandleWhenProvided ...................................................   Passed    0.00 sec
          Start 3786: FrameRecipeContract.ShadowAtlasFallsBackToTransientWhenImportInvalid
3721/4154 Test #3786: FrameRecipeContract.ShadowAtlasFallsBackToTransientWhenImportInvalid ............................................   Passed    0.00 sec
          Start 3787: FrameRecipeContract.ShadowAtlasTransientPathAcceptsTypedShadowSizing
3722/4154 Test #3787: FrameRecipeContract.ShadowAtlasTransientPathAcceptsTypedShadowSizing ............................................   Passed    0.00 sec
          Start 3788: FrameRecipeContract.PickingPassClearsSelectionIdTargetsToZero
3723/4154 Test #3788: FrameRecipeContract.PickingPassClearsSelectionIdTargetsToZero ...................................................   Passed    0.00 sec
          Start 3789: FrameRecipeContract.SceneDepthGainsTransferSrcUsageWhenPickingActive
3724/4154 Test #3789: FrameRecipeContract.SceneDepthGainsTransferSrcUsageWhenPickingActive ............................................   Passed    0.00 sec
          Start 3790: GeometryResidencyContract.ValidationFailsClosedWithDeterministicReasons
3725/4154 Test #3790: GeometryResidencyContract.ValidationFailsClosedWithDeterministicReasons .........................................   Passed    0.00 sec
          Start 3791: GeometryResidencyContract.ReconcileCoversReuseStalePartialAndFullReplacement
3726/4154 Test #3791: GeometryResidencyContract.ReconcileCoversReuseStalePartialAndFullReplacement ....................................   Passed    0.00 sec
          Start 3792: GeometryResidencyContract.SharedAcquireReleaseAndResurrectionUseOneRetirePath
3727/4154 Test #3792: GeometryResidencyContract.SharedAcquireReleaseAndResurrectionUseOneRetirePath ...................................   Passed    0.00 sec
          Start 3793: GeometryResidencyContract.AcquireReportsSaturationWithoutDroppingResidentHandle
3728/4154 Test #3793: GeometryResidencyContract.AcquireReportsSaturationWithoutDroppingResidentHandle .................................   Passed    0.00 sec
          Start 3794: GeometryResidencyContract.CopiedPlanDoesNotBorrowSubmissionStorage
3729/4154 Test #3794: GeometryResidencyContract.CopiedPlanDoesNotBorrowSubmissionStorage ..............................................   Passed    0.00 sec
          Start 3795: GpuWorldCompactionContract.PlanReportsFragmentationAndBlocksWhileFreesArePending
3730/4154 Test #3795: GpuWorldCompactionContract.PlanReportsFragmentationAndBlocksWhileFreesArePending ................................   Passed    0.00 sec
          Start 3796: GpuWorldCompactionContract.ApplyRelocationCompactsManagedBufferDiagnostics
3731/4154 Test #3796: GpuWorldCompactionContract.ApplyRelocationCompactsManagedBufferDiagnostics ......................................   Passed    0.00 sec
          Start 3797: GpuWorldCompactionContract.DisabledOrBelowThresholdCompactionIsSkipped
3732/4154 Test #3797: GpuWorldCompactionContract.DisabledOrBelowThresholdCompactionIsSkipped ..........................................   Passed    0.00 sec
          Start 3798: GpuWorldCompactionContract.StaleRelocationPlanIsRejectedWithoutMutation
3733/4154 Test #3798: GpuWorldCompactionContract.StaleRelocationPlanIsRejectedWithoutMutation .........................................   Passed    0.00 sec
          Start 3799: GpuWorldLifetimeContract.InstanceFreeIsGenerationCheckedAndDeferred
3734/4154 Test #3799: GpuWorldLifetimeContract.InstanceFreeIsGenerationCheckedAndDeferred .............................................   Passed    0.00 sec
          Start 3800: GpuWorldLifetimeContract.GeometryOverflowAndStaleHandlesAreDiagnostic
3735/4154 Test #3800: GpuWorldLifetimeContract.GeometryOverflowAndStaleHandlesAreDiagnostic ...........................................   Passed    0.00 sec
          Start 3801: GpuWorldLifetimeContract.MixedVertexStridesAreAlignedForChannelBlocks
3736/4154 Test #3801: GpuWorldLifetimeContract.MixedVertexStridesAreAlignedForChannelBlocks ...........................................   Passed    0.00 sec
          Start 3802: GpuWorldLifetimeContract.UpdatingSingleVertexChannelWritesOnlyThatChannel
3737/4154 Test #3802: GpuWorldLifetimeContract.UpdatingSingleVertexChannelWritesOnlyThatChannel .......................................   Passed    0.00 sec
          Start 3803: GpuWorldLifetimeContract.GeometryUpdatesPreferNonBlockingTransferStaging
3738/4154 Test #3803: GpuWorldLifetimeContract.GeometryUpdatesPreferNonBlockingTransferStaging ........................................   Passed    0.00 sec
          Start 3804: GpuWorldLifetimeContract.ResidencyViewTracksCanonicalSoaContentAndSharedIndexSlice
3739/4154 Test #3804: GpuWorldLifetimeContract.ResidencyViewTracksCanonicalSoaContentAndSharedIndexSlice ..............................   Passed    0.00 sec
          Start 3805: GpuWorldLifetimeContract.RejectedUpdatesPreserveResidencyAndStaleViewsClear
3740/4154 Test #3805: GpuWorldLifetimeContract.RejectedUpdatesPreserveResidencyAndStaleViewsClear .....................................   Passed    0.00 sec
          Start 3806: GpuWorldLifetimeContract.VertexCountChangeRequiresFullGeometryUpload
3741/4154 Test #3806: GpuWorldLifetimeContract.VertexCountChangeRequiresFullGeometryUpload ............................................   Passed    0.00 sec
          Start 3807: GpuWorldLifetimeContract.NullDeviceModeKeepsCpuLifetimeDiagnosticsObservable
3742/4154 Test #3807: GpuWorldLifetimeContract.NullDeviceModeKeepsCpuLifetimeDiagnosticsObservable ....................................   Passed    0.00 sec
          Start 3808: GpuWorldUniformSoAContract.DormantAlternateStoragePlanningSurfaceIsAbsent
3743/4154 Test #3808: GpuWorldUniformSoAContract.DormantAlternateStoragePlanningSurfaceIsAbsent .......................................   Passed    0.01 sec
          Start 3809: GpuWorldUniformSoAContract.VertexFetchProbeRemainsNonAdoptionEvidence
3744/4154 Test #3809: GpuWorldUniformSoAContract.VertexFetchProbeRemainsNonAdoptionEvidence ...........................................   Passed    0.00 sec
          Start 3810: GraphicsHZBResourceLifetime.ComputeDescPow2SizingAndMipCount
3745/4154 Test #3810: GraphicsHZBResourceLifetime.ComputeDescPow2SizingAndMipCount ....................................................   Passed    0.00 sec
          Start 3811: GraphicsHZBResourceLifetime.PingPongRolesSwapEachFrameOverTwoTextures
3746/4154 Test #3811: GraphicsHZBResourceLifetime.PingPongRolesSwapEachFrameOverTwoTextures ...........................................   Passed    0.00 sec
          Start 3812: GraphicsHZBResourceLifetime.ReallocationRetiresOldPairThroughRetireWindow
3747/4154 Test #3812: GraphicsHZBResourceLifetime.ReallocationRetiresOldPairThroughRetireWindow .......................................   Passed    0.00 sec
          Start 3813: GraphicsHZBResourceLifetime.FailedTextureCreateLeavesSystemUnallocated
3748/4154 Test #3813: GraphicsHZBResourceLifetime.FailedTextureCreateLeavesSystemUnallocated ..........................................   Passed    0.00 sec
          Start 3814: GraphicsHZBBuildPlan.PerMipFallbackCoversEveryMipInOrder
3749/4154 Test #3814: GraphicsHZBBuildPlan.PerMipFallbackCoversEveryMipInOrder ........................................................   Passed    0.00 sec
          Start 3815: GraphicsHZBBuildPlan.SinglePassMipChainUsesOneBaseDispatch
3750/4154 Test #3815: GraphicsHZBBuildPlan.SinglePassMipChainUsesOneBaseDispatch ......................................................   Passed    0.00 sec
          Start 3816: GraphicsHZBBuildPlan.RecordFallbackDispatchesAndMipStitchBarriers
3751/4154 Test #3816: GraphicsHZBBuildPlan.RecordFallbackDispatchesAndMipStitchBarriers ...............................................   Passed    0.00 sec
          Start 3817: GraphicsHZBBuildPlan.RecordRejectsInvalidInputs
3752/4154 Test #3817: GraphicsHZBBuildPlan.RecordRejectsInvalidInputs .................................................................   Passed    0.00 sec
          Start 3818: ImGuiPassContract.UploadHelperPacksTwoDrawListsAndPassRecordsPerList
3753/4154 Test #3818: ImGuiPassContract.UploadHelperPacksTwoDrawListsAndPassRecordsPerList ............................................   Passed    0.00 sec
          Start 3819: ImGuiPassContract.UploadHelperPreservesPerCommandTextureBindlessIndices
3754/4154 Test #3819: ImGuiPassContract.UploadHelperPreservesPerCommandTextureBindlessIndices .........................................   Passed    0.00 sec
          Start 3820: ImGuiPassContract.InvalidCommandScissorsFailClosedAtUploadAndRecord
3755/4154 Test #3820: ImGuiPassContract.InvalidCommandScissorsFailClosedAtUploadAndRecord .............................................   Passed    0.00 sec
          Start 3821: ImGuiPassContract.UploadHelperPartitionsStorageByFrameSlot
3756/4154 Test #3821: ImGuiPassContract.UploadHelperPartitionsStorageByFrameSlot ......................................................   Passed    0.00 sec
          Start 3822: ImGuiPassContract.FontAtlasUploadSurvivesOperationalRebuildByteIdentical
3757/4154 Test #3822: ImGuiPassContract.FontAtlasUploadSurvivesOperationalRebuildByteIdentical ........................................   Passed    0.07 sec
          Start 3823: ImGuiPassContract.FontAtlasAllocatesAfterColdStartOperationalRebuild
3758/4154 Test #3823: ImGuiPassContract.FontAtlasAllocatesAfterColdStartOperationalRebuild ............................................   Passed    0.07 sec
          Start 3824: ImGuiPassContract.AttachedOverlayWithWorkRecordsAfterInitialize
3759/4154 Test #3824: ImGuiPassContract.AttachedOverlayWithWorkRecordsAfterInitialize .................................................   Passed    0.07 sec
          Start 3825: ImGuiPassContract.PipelineMatchesLegacyDearImGuiStraightAlphaBlend
3760/4154 Test #3825: ImGuiPassContract.PipelineMatchesLegacyDearImGuiStraightAlphaBlend ..............................................   Passed    0.03 sec
          Start 3826: ImGuiPassContract.DebugViewRgba8PresentSourceBindsRgba8PipelineVariant
3761/4154 Test #3826: ImGuiPassContract.DebugViewRgba8PresentSourceBindsRgba8PipelineVariant ..........................................   Passed    0.07 sec
          Start 3827: ImGuiPassContract.FontAtlasUploadFlushesBindlessHeapBeforeDraw
3762/4154 Test #3827: ImGuiPassContract.FontAtlasUploadFlushesBindlessHeapBeforeDraw ..................................................   Passed    0.07 sec
          Start 3828: ImGuiPassContract.AttachedOverlayWithWorkRecordsWhenAttachedBeforeInitialize
3763/4154 Test #3828: ImGuiPassContract.AttachedOverlayWithWorkRecordsWhenAttachedBeforeInitialize ....................................   Passed    0.07 sec
          Start 3829: ImGuiPassContract.NoOverlaySystemAttachedSkipsUnavailable
3764/4154 Test #3829: ImGuiPassContract.NoOverlaySystemAttachedSkipsUnavailable .......................................................   Passed    0.07 sec
          Start 3830: ImGuiPassContract.AttachedOverlayWithoutSubmittedWorkSkipsUnavailable
3765/4154 Test #3830: ImGuiPassContract.AttachedOverlayWithoutSubmittedWorkSkipsUnavailable ...........................................   Passed    0.07 sec
          Start 3831: ImGuiPassContract.DetachingOverlaySystemSkipsUnavailable
3766/4154 Test #3831: ImGuiPassContract.DetachingOverlaySystemSkipsUnavailable ........................................................   Passed    0.07 sec
          Start 3832: ImGuiPassContract.NonOperationalDeviceSkipsNonOperational
3767/4154 Test #3832: ImGuiPassContract.NonOperationalDeviceSkipsNonOperational .......................................................   Passed    0.03 sec
          Start 3833: ImGuiPassContract.RouteRecordsAfterOperationalRebuild
3768/4154 Test #3833: ImGuiPassContract.RouteRecordsAfterOperationalRebuild ...........................................................   Passed    0.08 sec
          Start 3834: GraphicsImGuiPresentContract.FrameRecipeKeepsImGuiOffBackbufferAndPresentFinalizes
3769/4154 Test #3834: GraphicsImGuiPresentContract.FrameRecipeKeepsImGuiOffBackbufferAndPresentFinalizes ..............................   Passed    0.00 sec
          Start 3835: GraphicsImGuiPresentContract.RenderGraphRejectsNonPresentBackbufferWrites
3770/4154 Test #3835: GraphicsImGuiPresentContract.RenderGraphRejectsNonPresentBackbufferWrites .......................................   Passed    0.00 sec
          Start 3836: GraphicsImGuiPresentContract.DefaultFrameRecipeBuildsPresentAsOnlyBackbufferUse
3771/4154 Test #3836: GraphicsImGuiPresentContract.DefaultFrameRecipeBuildsPresentAsOnlyBackbufferUse .................................   Passed    0.00 sec
          Start 3837: GraphicsImGuiPresentContract.ImGuiPassRecordsOverlayDrawDataOnlyWhenReady
3772/4154 Test #3837: GraphicsImGuiPresentContract.ImGuiPassRecordsOverlayDrawDataOnlyWhenReady .......................................   Passed    0.00 sec
          Start 3838: GraphicsImGuiPresentContract.PresentPassRecordsFullscreenFinalizationOnlyWithPipeline
3773/4154 Test #3838: GraphicsImGuiPresentContract.PresentPassRecordsFullscreenFinalizationOnlyWithPipeline ...........................   Passed    0.00 sec
          Start 3839: GraphicsLightingShadowContracts.LightDefaultsApplyToCameraAndFallbackDirectional
3774/4154 Test #3839: GraphicsLightingShadowContracts.LightDefaultsApplyToCameraAndFallbackDirectional ................................   Passed    0.00 sec
          Start 3840: GraphicsLightingShadowContracts.DirectionalSnapshotSuppressesFallbackLight
3775/4154 Test #3840: GraphicsLightingShadowContracts.DirectionalSnapshotSuppressesFallbackLight ......................................   Passed    0.00 sec
          Start 3841: GraphicsLightingShadowContracts.ShadowParamsClampCascadesAndPackCameraAtlasState
3776/4154 Test #3841: GraphicsLightingShadowContracts.ShadowParamsClampCascadesAndPackCameraAtlasState ................................   Passed    0.00 sec
          Start 3842: GraphicsLightingShadowContracts.ShadowPassSkipsDisabledShadowsAndUsesShadowBucketWhenEnabled
3777/4154 Test #3842: GraphicsLightingShadowContracts.ShadowPassSkipsDisabledShadowsAndUsesShadowBucketWhenEnabled ....................   Passed    0.00 sec
          Start 3843: GraphicsLightingShadowContracts.DeferredLightingRecordsFullscreenDrawWhenInitialized
3778/4154 Test #3843: GraphicsLightingShadowContracts.DeferredLightingRecordsFullscreenDrawWhenInitialized ............................   Passed    0.00 sec
          Start 3844: GraphicsLightingShadowContracts.ShadowSystemDoesNotAllocateAtlasWhileDisabled
3779/4154 Test #3844: GraphicsLightingShadowContracts.ShadowSystemDoesNotAllocateAtlasWhileDisabled ...................................   Passed    0.00 sec
          Start 3845: GraphicsLightingShadowContracts.ShadowSystemAllocatesAtlasAndSamplerWhenShadowsEnabled
3780/4154 Test #3845: GraphicsLightingShadowContracts.ShadowSystemAllocatesAtlasAndSamplerWhenShadowsEnabled ..........................   Passed    0.00 sec
          Start 3846: GraphicsLightingShadowContracts.ShadowSystemReleasesAtlasAndSamplerOnShutdown
3781/4154 Test #3846: GraphicsLightingShadowContracts.ShadowSystemReleasesAtlasAndSamplerOnShutdown ...................................   Passed    0.00 sec
          Start 3847: GraphicsLightingShadowContracts.ShadowPassRecordsMissingCasterDiagnosticWhenBucketEmpty
3782/4154 Test #3847: GraphicsLightingShadowContracts.ShadowPassRecordsMissingCasterDiagnosticWhenBucketEmpty .........................   Passed    0.00 sec
          Start 3848: GraphicsLightClusterGrid.DimensionFormulaScalesFromTilePixels
3783/4154 Test #3848: GraphicsLightClusterGrid.DimensionFormulaScalesFromTilePixels ...................................................   Passed    0.00 sec
          Start 3849: GraphicsLightClusterGrid.AssignLightsUsesConservativeShapesAndSkipsDirectional
3784/4154 Test #3849: GraphicsLightClusterGrid.AssignLightsUsesConservativeShapesAndSkipsDirectional ..................................   Passed    0.00 sec
          Start 3850: GraphicsLightClusterGrid.ClusteredDebugAccumulationMatchesFullLoopForAssignedCell
3785/4154 Test #3850: GraphicsLightClusterGrid.ClusteredDebugAccumulationMatchesFullLoopForAssignedCell ...............................   Passed    0.00 sec
          Start 3851: GraphicsLightClusterGrid.AssignmentCountsEmptyCellsAndRejectsInvalidInputs
3786/4154 Test #3851: GraphicsLightClusterGrid.AssignmentCountsEmptyCellsAndRejectsInvalidInputs ......................................   Passed    0.00 sec
          Start 3852: GraphicsLightClusterGrid.AssignmentClampsOverflowToFirstLights
3787/4154 Test #3852: GraphicsLightClusterGrid.AssignmentClampsOverflowToFirstLights ..................................................   Passed    0.00 sec
          Start 3853: GraphicsLightClusterGrid.LogViewZMappingClampsNearAndRejectsBeyondFar
3788/4154 Test #3853: GraphicsLightClusterGrid.LogViewZMappingClampsNearAndRejectsBeyondFar ...........................................   Passed    0.00 sec
          Start 3854: GraphicsLightClusterGrid.DepthSliceBoundsUseOlssonLogarithmicSplit
3789/4154 Test #3854: GraphicsLightClusterGrid.DepthSliceBoundsUseOlssonLogarithmicSplit ..............................................   Passed    0.00 sec
          Start 3855: GraphicsLightClusterGrid.PerCellAABBMatchesRightHandedViewSpaceFrustumTile
3790/4154 Test #3855: GraphicsLightClusterGrid.PerCellAABBMatchesRightHandedViewSpaceFrustumTile ......................................   Passed    0.00 sec
          Start 3856: GraphicsLightClusterGrid.PartialEdgeTileAABBClampsToRenderPixelBounds
3791/4154 Test #3856: GraphicsLightClusterGrid.PartialEdgeTileAABBClampsToRenderPixelBounds ...........................................   Passed    0.00 sec
          Start 3857: GraphicsLightClusterGrid.CellIndexOrdersTilesInsideZSlices
3792/4154 Test #3857: GraphicsLightClusterGrid.CellIndexOrdersTilesInsideZSlices ......................................................   Passed    0.00 sec
          Start 3858: GraphicsLightClusterGrid.RecordBuildDispatchesOneLinearGridAndPublishBarrier
3793/4154 Test #3858: GraphicsLightClusterGrid.RecordBuildDispatchesOneLinearGridAndPublishBarrier ....................................   Passed    0.00 sec
          Start 3859: GraphicsLightClusterGrid.RecordAssignmentDispatchesOneLinearGridAndPublishesBuffers
3794/4154 Test #3859: GraphicsLightClusterGrid.RecordAssignmentDispatchesOneLinearGridAndPublishesBuffers .............................   Passed    0.00 sec
          Start 3860: GraphicsLightClusterGrid.RecordRejectsInvalidInputs
3795/4154 Test #3860: GraphicsLightClusterGrid.RecordRejectsInvalidInputs .............................................................   Passed    0.00 sec
          Start 3861: GraphicsLightClusterGrid.LightSystemPublishesAssignmentDiagnostics
3796/4154 Test #3861: GraphicsLightClusterGrid.LightSystemPublishesAssignmentDiagnostics ..............................................   Passed    0.00 sec
          Start 3862: GraphicsLinePointPassContracts.LinePassSkipsInvalidStateAndDrawsLineBucket
3797/4154 Test #3862: GraphicsLinePointPassContracts.LinePassSkipsInvalidStateAndDrawsLineBucket ......................................   Passed    0.00 sec
          Start 3863: GraphicsLinePointPassContracts.PointPassSkipsInvalidStateAndDrawsPointBucket
3798/4154 Test #3863: GraphicsLinePointPassContracts.PointPassSkipsInvalidStateAndDrawsPointBucket ....................................   Passed    0.00 sec
          Start 3864: MaterialSubstitutionContract.SentinelUnsetSubstitutesDefaultSlotAndIncrementsMissingCounter
3799/4154 Test #3864: MaterialSubstitutionContract.SentinelUnsetSubstitutesDefaultSlotAndIncrementsMissingCounter .....................   Passed    0.03 sec
          Start 3865: MaterialSubstitutionContract.OutOfRangeSlotSubstitutesDefaultAndIncrementsInvalidCounter
3800/4154 Test #3865: MaterialSubstitutionContract.OutOfRangeSlotSubstitutesDefaultAndIncrementsInvalidCounter ........................   Passed    0.03 sec
          Start 3866: MaterialSubstitutionContract.DefaultDebugSurfaceUsesEqualsAuthoredDefaultPlusFallbacks
3801/4154 Test #3866: MaterialSubstitutionContract.DefaultDebugSurfaceUsesEqualsAuthoredDefaultPlusFallbacks ..........................   Passed    0.03 sec
          Start 3867: MaterialSubstitutionContract.PerFrameCountersResetAtBeginFrame
3802/4154 Test #3867: MaterialSubstitutionContract.PerFrameCountersResetAtBeginFrame ..................................................   Passed    0.03 sec
          Start 3868: MaterialSubstitutionContract.DefaultSlotIdentitySurvivesRebuildGpuResources
3803/4154 Test #3868: MaterialSubstitutionContract.DefaultSlotIdentitySurvivesRebuildGpuResources .....................................   Passed    0.07 sec
          Start 3869: MinimalTriangleReadbackHarness.SamplePointsHaveFourEntriesWithMixedMembership
3804/4154 Test #3869: MinimalTriangleReadbackHarness.SamplePointsHaveFourEntriesWithMixedMembership ...................................   Passed    0.00 sec
          Start 3870: MinimalTriangleReadbackHarness.ExpectedColorsFollowMembership
3805/4154 Test #3870: MinimalTriangleReadbackHarness.ExpectedColorsFollowMembership ...................................................   Passed    0.00 sec
          Start 3871: MinimalTriangleReadbackHarness.ToleranceAcceptsExactAndNearMatches
3806/4154 Test #3871: MinimalTriangleReadbackHarness.ToleranceAcceptsExactAndNearMatches ..............................................   Passed    0.00 sec
          Start 3872: MinimalTriangleReadbackHarness.InteriorCenterSampleIsInsideTriangleNdc
3807/4154 Test #3872: MinimalTriangleReadbackHarness.InteriorCenterSampleIsInsideTriangleNdc ..........................................   Passed    0.00 sec
          Start 3873: OperationalCounterStability.StableSnapshotMatchesSelf
3808/4154 Test #3873: OperationalCounterStability.StableSnapshotMatchesSelf ...........................................................   Passed    0.00 sec
          Start 3874: OperationalCounterStability.AnyCounterIncrementFailsStability
3809/4154 Test #3874: OperationalCounterStability.AnyCounterIncrementFailsStability ...................................................   Passed    0.00 sec
          Start 3875: GraphicsOwnershipTransferBarriers.BarrierPacketRangeUsesSortedPassStageWindow
3810/4154 Test #3875: GraphicsOwnershipTransferBarriers.BarrierPacketRangeUsesSortedPassStageWindow ...................................   Passed    0.00 sec
          Start 3876: GraphicsOwnershipTransferBarriers.ExecutorRejectsUnsortedBarrierPackets
3811/4154 Test #3876: GraphicsOwnershipTransferBarriers.ExecutorRejectsUnsortedBarrierPackets .........................................   Passed    0.00 sec
          Start 3877: GraphicsOwnershipTransferBarriers.ImportedTextureCrossQueueEmitsReleaseAcquirePair
3812/4154 Test #3877: GraphicsOwnershipTransferBarriers.ImportedTextureCrossQueueEmitsReleaseAcquirePair ..............................   Passed    0.00 sec
          Start 3878: GraphicsOwnershipTransferBarriers.ImportedBufferCrossQueueEmitsReleaseAcquirePair
3813/4154 Test #3878: GraphicsOwnershipTransferBarriers.ImportedBufferCrossQueueEmitsReleaseAcquirePair ...............................   Passed    0.00 sec
          Start 3879: GraphicsOwnershipTransferBarriers.ExplicitDependencyDoesNotSuppressCrossQueueTransferRecords
3814/4154 Test #3879: GraphicsOwnershipTransferBarriers.ExplicitDependencyDoesNotSuppressCrossQueueTransferRecords ....................   Passed    0.00 sec
          Start 3880: GraphicsOwnershipTransferBarriers.TransientCrossQueueResourceUsesConcurrentSharingWithoutOwnershipTransfer
3815/4154 Test #3880: GraphicsOwnershipTransferBarriers.TransientCrossQueueResourceUsesConcurrentSharingWithoutOwnershipTransfer ......   Passed    0.00 sec
          Start 3881: GraphicsOwnershipTransferBarriers.SingleQueueResourceKeepsExclusiveBarriersWithoutQueueFamilies
3816/4154 Test #3881: GraphicsOwnershipTransferBarriers.SingleQueueResourceKeepsExclusiveBarriersWithoutQueueFamilies .................   Passed    0.00 sec
          Start 3882: OwnershipTransferBarriers.LiveCrossQueueTransferDependsOnDeviceProfile
3817/4154 Test #3882: OwnershipTransferBarriers.LiveCrossQueueTransferDependsOnDeviceProfile ..........................................   Passed    0.00 sec
          Start 3883: GraphicsPostProcessChainContract.FrameRecipeDeclaresHdrToLdrResources
3818/4154 Test #3883: GraphicsPostProcessChainContract.FrameRecipeDeclaresHdrToLdrResources ...........................................   Passed    0.00 sec
          Start 3884: GraphicsPostProcessChainContract.FrameRecipeDeclaresPostProcessHistogramAsOrderedPass
3819/4154 Test #3884: GraphicsPostProcessChainContract.FrameRecipeDeclaresPostProcessHistogramAsOrderedPass ...........................   Passed    0.00 sec
          Start 3885: GraphicsPostProcessChainContract.FrameRecipeSplitsAAUmbrellaPerStage
3820/4154 Test #3885: GraphicsPostProcessChainContract.FrameRecipeSplitsAAUmbrellaPerStage ............................................   Passed    0.00 sec
          Start 3886: GraphicsPostProcessChainContract.AntiAliasingFlipsPresentSourceToResolved
3821/4154 Test #3886: GraphicsPostProcessChainContract.AntiAliasingFlipsPresentSourceToResolved .......................................   Passed    0.00 sec
          Start 3887: GraphicsPostProcessChainContract.TemporalAAFeedsPostProcessFromReconstruction
3822/4154 Test #3887: GraphicsPostProcessChainContract.TemporalAAFeedsPostProcessFromReconstruction ...................................   Passed    0.00 sec
          Start 3888: GraphicsPostProcessChainContract.PostprocessGateControlsPresentSource
3823/4154 Test #3888: GraphicsPostProcessChainContract.PostprocessGateControlsPresentSource ...........................................   Passed    0.00 sec
          Start 3889: GraphicsPostProcessChainContract.PassesRecordOnlyEnabledStages
3824/4154 Test #3889: GraphicsPostProcessChainContract.PassesRecordOnlyEnabledStages ..................................................   Passed    0.00 sec
          Start 3890: GraphicsPostProcessChainContract.HistogramClearsBinsBeforeDispatchWhenBufferPublished
3825/4154 Test #3890: GraphicsPostProcessChainContract.HistogramClearsBinsBeforeDispatchWhenBufferPublished ...........................   Passed    0.00 sec
          Start 3891: GraphicsPostProcessChainContract.HistogramSkipsClearWhenNoBufferPublished
3826/4154 Test #3891: GraphicsPostProcessChainContract.HistogramSkipsClearWhenNoBufferPublished .......................................   Passed    0.00 sec
          Start 3892: GraphicsPostProcessChainContract.BloomDownsamplePushFeedsNonZeroInvSrcResolution
3827/4154 Test #3892: GraphicsPostProcessChainContract.BloomDownsamplePushFeedsNonZeroInvSrcResolution ................................   Passed    0.00 sec
          Start 3893: GraphicsPostProcessChainContract.BloomRecordsSurvivingStageWhenOnePipelineMissing
3828/4154 Test #3893: GraphicsPostProcessChainContract.BloomRecordsSurvivingStageWhenOnePipelineMissing ...............................   Passed    0.00 sec
          Start 3894: GraphicsPostProcessChainContract.BloomMipChainPerMipIterationShape
3829/4154 Test #3894: GraphicsPostProcessChainContract.BloomMipChainPerMipIterationShape ..............................................   Passed    0.00 sec
          Start 3895: GraphicsPostProcessChainContract.BloomMipChainClampedToVulkanMipRule
3830/4154 Test #3895: GraphicsPostProcessChainContract.BloomMipChainClampedToVulkanMipRule ............................................   Passed    0.00 sec
          Start 3896: GraphicsPostProcessChainContract.BloomPassIterationFollowsClampedMipCount
3831/4154 Test #3896: GraphicsPostProcessChainContract.BloomPassIterationFollowsClampedMipCount .......................................   Passed    0.00 sec
          Start 3897: GraphicsPostProcessChainContract.FXAAPushFeedsNonZeroInvResolution
3832/4154 Test #3897: GraphicsPostProcessChainContract.FXAAPushFeedsNonZeroInvResolution ..............................................   Passed    0.00 sec
          Start 3898: GraphicsPostProcessChainContract.FXAASkipsWhenAntiAliasingNotFXAA
3833/4154 Test #3898: GraphicsPostProcessChainContract.FXAASkipsWhenAntiAliasingNotFXAA ...............................................   Passed    0.00 sec
          Start 3899: GraphicsPostProcessChainContract.TemporalAAModesDoNotEnableSpatialAAStages
3834/4154 Test #3899: GraphicsPostProcessChainContract.TemporalAAModesDoNotEnableSpatialAAStages ......................................   Passed    0.00 sec
          Start 3900: GraphicsPostProcessChainContract.SMAAPushFeedsNonZeroInvResolutionForAllStages
3835/4154 Test #3900: GraphicsPostProcessChainContract.SMAAPushFeedsNonZeroInvResolutionForAllStages ..................................   Passed    0.00 sec
          Start 3901: GraphicsPostProcessChainContract.SMAASkipsWhenAntiAliasingNotSMAA
3836/4154 Test #3901: GraphicsPostProcessChainContract.SMAASkipsWhenAntiAliasingNotSMAA ...............................................   Passed    0.00 sec
          Start 3902: GraphicsPostProcessChainContract.SMAARecordsPerStageIndependently
3837/4154 Test #3902: GraphicsPostProcessChainContract.SMAARecordsPerStageIndependently ...............................................   Passed    0.00 sec
          Start 3903: GraphicsPostProcessChainContract.PassesSkipMissingPipelineOrDisabledChain
3838/4154 Test #3903: GraphicsPostProcessChainContract.PassesSkipMissingPipelineOrDisabledChain .......................................   Passed    0.00 sec
          Start 3904: PresentPassContract.ExecuteRecordsBindPipelineThenFullscreenDrawInOrder
3839/4154 Test #3904: PresentPassContract.ExecuteRecordsBindPipelineThenFullscreenDrawInOrder .........................................   Passed    0.00 sec
          Start 3905: PresentPassContract.RendererRoutesAndRecordsPresentPass
3840/4154 Test #3905: PresentPassContract.RendererRoutesAndRecordsPresentPass .........................................................   Passed    0.07 sec
          Start 3906: PresentPassContract.MissingPresentPipelineLeaseSkipsUnavailable
3841/4154 Test #3906: PresentPassContract.MissingPresentPipelineLeaseSkipsUnavailable .................................................   Passed    0.07 sec
          Start 3907: PresentPassContract.NonOperationalDeviceSkipsNonOperational
3842/4154 Test #3907: PresentPassContract.NonOperationalDeviceSkipsNonOperational .....................................................   Passed    0.03 sec
          Start 3908: ProfilerContract.NullReportsContractOnlyScopeAndAcceptedQueueProvenance
3843/4154 Test #3908: ProfilerContract.NullReportsContractOnlyScopeAndAcceptedQueueProvenance .........................................   Passed    0.00 sec
          Start 3909: ProfilerContract.TypedTokensAndQueueLifecycleFailClosed
3844/4154 Test #3909: ProfilerContract.TypedTokensAndQueueLifecycleFailClosed .........................................................   Passed    0.00 sec
          Start 3910: ProfilerContract.FrameIdentityRetainsOtherSlotResultAndRetiresReusedSlot
3845/4154 Test #3910: ProfilerContract.FrameIdentityRetainsOtherSlotResultAndRetiresReusedSlot ........................................   Passed    0.00 sec
          Start 3911: ProfilerContract.DiscardReleasesOpenRecordingWithoutPublishing
3846/4154 Test #3911: ProfilerContract.DiscardReleasesOpenRecordingWithoutPublishing ..................................................   Passed    0.00 sec
          Start 3912: ProfilerContract.PlanningRejectsInvalidDescriptorsAndExhaustion
3847/4154 Test #3912: ProfilerContract.PlanningRejectsInvalidDescriptorsAndExhaustion .................................................   Passed    0.00 sec
          Start 3913: ProfilerContract.PreplannedDistinctTokensRecordInParallelWithoutLocking
3848/4154 Test #3913: ProfilerContract.PreplannedDistinctTokensRecordInParallelWithoutLocking .........................................   Passed    0.00 sec
          Start 3914: GraphicsQueueAffinity.ResolveQueueAffinityDemotesMissingOptionalQueues
3849/4154 Test #3914: GraphicsQueueAffinity.ResolveQueueAffinityDemotesMissingOptionalQueues ..........................................   Passed    0.00 sec
          Start 3915: GraphicsQueueAffinity.PartitionPassesByQueueUsesStableRankThenPassIndexOrdering
3850/4154 Test #3915: GraphicsQueueAffinity.PartitionPassesByQueueUsesStableRankThenPassIndexOrdering .................................   Passed    0.00 sec
          Start 3916: GraphicsQueueAffinity.MissingCapabilitiesDemoteIntoGraphicsBucketAndCountDemotions
3851/4154 Test #3916: GraphicsQueueAffinity.MissingCapabilitiesDemoteIntoGraphicsBucketAndCountDemotions ..............................   Passed    0.00 sec
          Start 3917: GraphicsQueueAffinity.MockDeviceExposesToggleableOptionalQueues
3852/4154 Test #3917: GraphicsQueueAffinity.MockDeviceExposesToggleableOptionalQueues .................................................   Passed    0.00 sec
          Start 3918: GraphicsQueueAffinity.MockDeviceRecordsFrameQueueSubmitPlanAndBatchContexts
3853/4154 Test #3918: GraphicsQueueAffinity.MockDeviceRecordsFrameQueueSubmitPlanAndBatchContexts .....................................   Passed    0.00 sec
          Start 3919: GraphicsQueueAffinity.NullDeviceProvidesDistinctParallelCommandContexts
3854/4154 Test #3919: GraphicsQueueAffinity.NullDeviceProvidesDistinctParallelCommandContexts .........................................   Passed    0.00 sec
          Start 3920: GraphicsQueueAffinity.MockDeviceRecordsParallelCommandContextPlanAndSubmitOrder
3855/4154 Test #3920: GraphicsQueueAffinity.MockDeviceRecordsParallelCommandContextPlanAndSubmitOrder .................................   Passed    0.00 sec
          Start 3921: GraphicsQueueAffinity.BuildQueueSubmitPlanCreatesBatchesAndTimelineBoundaries
3856/4154 Test #3921: GraphicsQueueAffinity.BuildQueueSubmitPlanCreatesBatchesAndTimelineBoundaries ...................................   Passed    0.00 sec
          Start 3922: GraphicsQueueAffinity.BuildQueueSubmitPlanDemotesMissingOptionalQueues
3857/4154 Test #3922: GraphicsQueueAffinity.BuildQueueSubmitPlanDemotesMissingOptionalQueues ..........................................   Passed    0.00 sec
          Start 3923: RHIResourceSlotRecycling.NullDeviceReusesDestroyedBufferSlotWithNewGeneration
3858/4154 Test #3923: RHIResourceSlotRecycling.NullDeviceReusesDestroyedBufferSlotWithNewGeneration ...................................   Passed    0.00 sec
          Start 3924: RHIResourceSlotRecycling.NullDeviceReusesDestroyedMemoryBlockSlotWithNewGeneration
3859/4154 Test #3924: RHIResourceSlotRecycling.NullDeviceReusesDestroyedMemoryBlockSlotWithNewGeneration ..............................   Passed    0.00 sec
          Start 3925: RHIPlacedMemoryContract.NullDeviceReportsRequirementsAndCreatesMemoryBlock
3860/4154 Test #3925: RHIPlacedMemoryContract.NullDeviceReportsRequirementsAndCreatesMemoryBlock ......................................   Passed    0.00 sec
          Start 3926: RHIPlacedMemoryContract.NullDeviceCreatesPlacedBufferAndTextureWithRecordedPlacement
3861/4154 Test #3926: RHIPlacedMemoryContract.NullDeviceCreatesPlacedBufferAndTextureWithRecordedPlacement ............................   Passed    0.00 sec
          Start 3927: RHIPlacedMemoryContract.NullDeviceRejectsIncompatibleAndMisalignedPlacedResources
3862/4154 Test #3927: RHIPlacedMemoryContract.NullDeviceRejectsIncompatibleAndMisalignedPlacedResources ...............................   Passed    0.00 sec
          Start 3928: GraphicsReconstructionContract.ConcreteReferenceRejectsInvalidInputsFailClosed
3863/4154 Test #3928: GraphicsReconstructionContract.ConcreteReferenceRejectsInvalidInputsFailClosed ..................................   Passed    0.00 sec
          Start 3929: GraphicsReconstructionContract.ResetInvalidatesHistoryAndCopiesCurrent
3864/4154 Test #3929: GraphicsReconstructionContract.ResetInvalidatesHistoryAndCopiesCurrent ..........................................   Passed    0.00 sec
          Start 3930: GraphicsReconstructionContract.ReferenceTAAClipsHistoryAgainstFiveByFiveYCoCgNeighborhood
3865/4154 Test #3930: GraphicsReconstructionContract.ReferenceTAAClipsHistoryAgainstFiveByFiveYCoCgNeighborhood .......................   Passed    0.00 sec
          Start 3931: GraphicsReconstructionContract.ExposureWeightingReducesHistoryContribution
3866/4154 Test #3931: GraphicsReconstructionContract.ExposureWeightingReducesHistoryContribution ......................................   Passed    0.00 sec
          Start 3932: GraphicsReconstructionContract.DisocclusionFallbackReportsFraction
3867/4154 Test #3932: GraphicsReconstructionContract.DisocclusionFallbackReportsFraction ..............................................   Passed    0.00 sec
          Start 3933: GraphicsReconstructionHistory.PingPongHistoryRetiresOldPairThroughWindow
3868/4154 Test #3933: GraphicsReconstructionHistory.PingPongHistoryRetiresOldPairThroughWindow ........................................   Passed    0.00 sec
          Start 3934: RenderCommandRouter.DispatchUsesTypedPassIdNotDebugName
3869/4154 Test #3934: RenderCommandRouter.DispatchUsesTypedPassIdNotDebugName .........................................................   Passed    0.00 sec
          Start 3935: RenderCommandRouter.UnknownRoutesExposeSkippedUnavailableFallback
3870/4154 Test #3935: RenderCommandRouter.UnknownRoutesExposeSkippedUnavailableFallback ...............................................   Passed    0.00 sec
          Start 3936: RenderCommandRouter.DuplicateRegistrationReplacesRecorder
3871/4154 Test #3936: RenderCommandRouter.DuplicateRegistrationReplacesRecorder .......................................................   Passed    0.00 sec
          Start 3937: RenderingContract.ValidDescriptorSnapshotBindingsRecipeAndViewAreCompatible
3872/4154 Test #3937: RenderingContract.ValidDescriptorSnapshotBindingsRecipeAndViewAreCompatible .....................................   Passed    0.00 sec
          Start 3938: RenderingContract.RendererDescriptorRequiresStableContractFields
3873/4154 Test #3938: RenderingContract.RendererDescriptorRequiresStableContractFields ................................................   Passed    0.00 sec
          Start 3939: RenderingContract.SnapshotCompatibilityRejectsWrongScopeAndStaleDegradedState
3874/4154 Test #3939: RenderingContract.SnapshotCompatibilityRejectsWrongScopeAndStaleDegradedState ...................................   Passed    0.00 sec
          Start 3940: RenderingContract.BindingSetRequiresDeclaredDataAndSupportedCapabilities
3875/4154 Test #3940: RenderingContract.BindingSetRequiresDeclaredDataAndSupportedCapabilities ........................................   Passed    0.00 sec
          Start 3941: RenderingContract.RecipeRejectsUnknownSlotsUnsupportedCapabilitiesAndDisallowedBindings
3876/4154 Test #3941: RenderingContract.RecipeRejectsUnknownSlotsUnsupportedCapabilitiesAndDisallowedBindings .........................   Passed    0.00 sec
          Start 3942: RenderingContract.ViewOutputRecipeRejectsInvalidViewportScaleReadbackAndOutputs
3877/4154 Test #3942: RenderingContract.ViewOutputRecipeRejectsInvalidViewportScaleReadbackAndOutputs .................................   Passed    0.00 sec
          Start 3943: RenderingContract.RenderArtifactMetadataValidatesDeclaredOutputAndClassifiesLifecycle
3878/4154 Test #3943: RenderingContract.RenderArtifactMetadataValidatesDeclaredOutputAndClassifiesLifecycle ...........................   Passed    0.00 sec
          Start 3944: RenderRecipeConfig.ValidRecipeConfigLoadsIntoContractValues
3879/4154 Test #3944: RenderRecipeConfig.ValidRecipeConfigLoadsIntoContractValues .....................................................   Passed    0.00 sec
          Start 3945: RenderRecipeConfig.DisabledExtensionSlotsLoadIntoPreview
3880/4154 Test #3945: RenderRecipeConfig.DisabledExtensionSlotsLoadIntoPreview ........................................................   Passed    0.00 sec
          Start 3946: RenderRecipeConfig.DisabledUnknownSlotsFailClosed
3881/4154 Test #3946: RenderRecipeConfig.DisabledUnknownSlotsFailClosed ...............................................................   Passed    0.00 sec
          Start 3947: RenderRecipeConfig.FileLoaderUsesSameDryRunValidation
3882/4154 Test #3947: RenderRecipeConfig.FileLoaderUsesSameDryRunValidation ...........................................................   Passed    0.00 sec
          Start 3948: RenderRecipeConfig.UnknownSlotsFailClosed
3883/4154 Test #3948: RenderRecipeConfig.UnknownSlotsFailClosed .......................................................................   Passed    0.00 sec
          Start 3949: RenderRecipeConfig.UnsupportedCapabilityRequirementsAreRejected
3884/4154 Test #3949: RenderRecipeConfig.UnsupportedCapabilityRequirementsAreRejected .................................................   Passed    0.00 sec
          Start 3950: RenderRecipeConfig.RuntimeOwnedBindingDomainsAreRejected
3885/4154 Test #3950: RenderRecipeConfig.RuntimeOwnedBindingDomainsAreRejected ........................................................   Passed    0.00 sec
          Start 3951: RenderRecipeConfig.VersionMismatchIsUnsupported
3886/4154 Test #3951: RenderRecipeConfig.VersionMismatchIsUnsupported .................................................................   Passed    0.00 sec
          Start 3952: RenderRecipeConfig.FallbackAndDegradedStatesRemainDistinct
3887/4154 Test #3952: RenderRecipeConfig.FallbackAndDegradedStatesRemainDistinct ......................................................   Passed    0.00 sec
          Start 3953: RenderRecipeConfig.FixedRendererCoreCannotBeReplacedByConfig
3888/4154 Test #3953: RenderRecipeConfig.FixedRendererCoreCannotBeReplacedByConfig ....................................................   Passed    0.00 sec
          Start 3954: RenderRecipeConfig.PreviewValidationIsSideEffectFreeAndInteractiveFast
3889/4154 Test #3954: RenderRecipeConfig.PreviewValidationIsSideEffectFreeAndInteractiveFast ..........................................   Passed    0.01 sec
          Start 3955: RenderPrepPipeline.TaskGraphReusesPlanAndRebindsCallbacks
3890/4154 Test #3955: RenderPrepPipeline.TaskGraphReusesPlanAndRebindsCallbacks .......................................................   Passed    0.09 sec
          Start 3956: RenderPrepPipeline.SequentialFallbackMatchesTaskGraphStepOrder
3891/4154 Test #3956: RenderPrepPipeline.SequentialFallbackMatchesTaskGraphStepOrder ..................................................   Passed    0.09 sec
          Start 3957: RenderPrepPipeline.MissingRequiredInputFailsClosedBeforeExecutingSteps
3892/4154 Test #3957: RenderPrepPipeline.MissingRequiredInputFailsClosedBeforeExecutingSteps ..........................................   Passed    0.03 sec
          Start 3958: RenderPrepPipeline.ForcedTaskGraphCompileFailureReportsDiagnostic
3893/4154 Test #3958: RenderPrepPipeline.ForcedTaskGraphCompileFailureReportsDiagnostic ...............................................   Passed    0.06 sec
          Start 3959: RenderPrepPipeline.ForcedTaskGraphExecuteFailureReportsDiagnostic
3894/4154 Test #3959: RenderPrepPipeline.ForcedTaskGraphExecuteFailureReportsDiagnostic ...............................................   Passed    0.06 sec
          Start 3960: RenderSubsystemRegistry.InitializesAndShutsDownInDeterministicOrder
3895/4154 Test #3960: RenderSubsystemRegistry.InitializesAndShutsDownInDeterministicOrder .............................................   Passed    0.03 sec
          Start 3961: RenderSubsystemRegistry.ShutdownIsSafeAfterPartialInitialization
3896/4154 Test #3961: RenderSubsystemRegistry.ShutdownIsSafeAfterPartialInitialization ................................................   Passed    0.03 sec
          Start 3962: RenderSubsystemRegistry.RebuildOperationalResourcesFailsClosedWhenRequiredSubsystemsAreMissing
3897/4154 Test #3962: RenderSubsystemRegistry.RebuildOperationalResourcesFailsClosedWhenRequiredSubsystemsAreMissing ..................   Passed    0.00 sec
          Start 3963: RendererFrameLifecycle.ActiveGpuSceneVertexShadersUseSceneTableCameraViewProjection
3898/4154 Test #3963: RendererFrameLifecycle.ActiveGpuSceneVertexShadersUseSceneTableCameraViewProjection .............................   Passed    0.00 sec
          Start 3964: RendererFrameLifecycle.FrameRecipeOverrideProjectionDisablesPostProcess
3899/4154 Test #3964: RendererFrameLifecycle.FrameRecipeOverrideProjectionDisablesPostProcess .........................................   Passed    0.00 sec
          Start 3965: RendererFrameLifecycle.FrameRecipeOverrideProjectionDisablesMappedFeatureSlots
3900/4154 Test #3965: RendererFrameLifecycle.FrameRecipeOverrideProjectionDisablesMappedFeatureSlots ..................................   Passed    0.00 sec
          Start 3966: RendererFrameLifecycle.FrameRecipeOverrideProjectionFailsClosedForUnknownSlot
3901/4154 Test #3966: RendererFrameLifecycle.FrameRecipeOverrideProjectionFailsClosedForUnknownSlot ...................................   Passed    0.00 sec
          Start 3967: RendererFrameLifecycle.FrameRecipeOverrideProjectionRejectsUnmappedExtensionDisable
3902/4154 Test #3967: RendererFrameLifecycle.FrameRecipeOverrideProjectionRejectsUnmappedExtensionDisable .............................   Passed    0.00 sec
          Start 3968: RendererFrameLifecycle.FrameRecipeOverrideProjectionFailsClosedForFixedCoreChanges
3903/4154 Test #3968: RendererFrameLifecycle.FrameRecipeOverrideProjectionFailsClosedForFixedCoreChanges ..............................   Passed    0.00 sec
          Start 3969: RendererFrameLifecycle.PrepareFramePublishesCameraIntoGpuSceneTable
3904/4154 Test #3969: RendererFrameLifecycle.PrepareFramePublishesCameraIntoGpuSceneTable .............................................   Passed    0.06 sec
          Start 3970: RendererFrameLifecycle.ActiveFrameRecipeOverrideOmitsPostProcessPasses
3905/4154 Test #3970: RendererFrameLifecycle.ActiveFrameRecipeOverrideOmitsPostProcessPasses ..........................................   Passed    0.07 sec
          Start 3971: RendererFrameLifecycle.ActiveFrameRecipeOverrideDiagnosticsLeaveDefaultsUntouched
3906/4154 Test #3971: RendererFrameLifecycle.ActiveFrameRecipeOverrideDiagnosticsLeaveDefaultsUntouched ...............................   Passed    0.07 sec
          Start 3972: RendererFrameLifecycle.UsesDeviceFrameLifecycleBackbufferAndCommandContext
3907/4154 Test #3972: RendererFrameLifecycle.UsesDeviceFrameLifecycleBackbufferAndCommandContext ......................................   Passed    0.07 sec
          Start 3973: RendererFrameLifecycle.PlacedTransientAliasingUsesMemoryBlocksAndAliasBarriers
3908/4154 Test #3973: RendererFrameLifecycle.PlacedTransientAliasingUsesMemoryBlocksAndAliasBarriers ..................................   Passed    0.07 sec
          Start 3974: RendererFrameLifecycle.PlacedTransientAliasingDefaultsToPerResourceFallback
3909/4154 Test #3974: RendererFrameLifecycle.PlacedTransientAliasingDefaultsToPerResourceFallback .....................................   Passed    0.07 sec
          Start 3975: RendererFrameLifecycle.PlacedTransientAliasingFallsBackWhenMemoryBlocksUnavailable
3910/4154 Test #3975: RendererFrameLifecycle.PlacedTransientAliasingFallsBackWhenMemoryBlocksUnavailable ..............................   Passed    0.08 sec
          Start 3976: RendererFrameLifecycle.RuntimeFrameCommandHooksRunInsideExecuteFrameCommandContext
3911/4154 Test #3976: RendererFrameLifecycle.RuntimeFrameCommandHooksRunInsideExecuteFrameCommandContext ..............................   Passed    0.09 sec
          Start 3977: RendererFrameLifecycle.RenderGraphReportsCurrentRendererContractAndDeclaredArtifacts
3912/4154 Test #3977: RendererFrameLifecycle.RenderGraphReportsCurrentRendererContractAndDeclaredArtifacts ............................   Passed    0.07 sec
          Start 3978: RendererFrameLifecycle.AsyncComputeQueuePlanIncrementsUtilizationStat
3913/4154 Test #3978: RendererFrameLifecycle.AsyncComputeQueuePlanIncrementsUtilizationStat ...........................................   Passed    0.07 sec
          Start 3979: RendererFrameLifecycle.ParallelRecordingFlagFallsBackWhenDeviceDeclinesContextPlan
3914/4154 Test #3979: RendererFrameLifecycle.ParallelRecordingFlagFallsBackWhenDeviceDeclinesContextPlan ..............................   Passed    0.07 sec
          Start 3980: RendererFrameLifecycle.ParallelRecordingUsesAcceptedContextPlanInSerialSubmitOrder
3915/4154 Test #3980: RendererFrameLifecycle.ParallelRecordingUsesAcceptedContextPlanInSerialSubmitOrder ..............................   Passed    0.07 sec
          Start 3981: RendererFrameLifecycle.ParallelRecordingUsesSchedulerWorkersWhenAvailable
3916/4154 Test #3981: RendererFrameLifecycle.ParallelRecordingUsesSchedulerWorkersWhenAvailable .......................................   Passed    0.08 sec
          Start 3982: RendererFrameLifecycle.ParallelRecordingUsesAcceptedContextsForAsyncComputeQueuePlan
3917/4154 Test #3982: RendererFrameLifecycle.ParallelRecordingUsesAcceptedContextsForAsyncComputeQueuePlan ............................   Passed    0.08 sec
          Start 3983: RendererFrameLifecycle.ParallelRecordingRecordsDynamicUploadPassesThroughAcceptedContexts
3918/4154 Test #3983: RendererFrameLifecycle.ParallelRecordingRecordsDynamicUploadPassesThroughAcceptedContexts .......................   Passed    0.07 sec
          Start 3984: RendererFrameLifecycle.InvalidDeviceBackbufferReportsRecipeDiagnostic
3919/4154 Test #3984: RendererFrameLifecycle.InvalidDeviceBackbufferReportsRecipeDiagnostic ...........................................   Passed    0.07 sec
          Start 3985: RendererFrameLifecycle.PublishesRecipeGraphValidationOnSuccessfulCompile
3920/4154 Test #3985: RendererFrameLifecycle.PublishesRecipeGraphValidationOnSuccessfulCompile ........................................   Passed    0.07 sec
          Start 3986: RendererFrameLifecycle.PublishesFailClosedRecipeValidationOnRecipeBuildFailure
3921/4154 Test #3986: RendererFrameLifecycle.PublishesFailClosedRecipeValidationOnRecipeBuildFailure ..................................   Passed    0.07 sec
          Start 3987: RendererFrameLifecycle.NonOperationalDeviceSkipsCullingCommandsButExecutesGraph
3922/4154 Test #3987: RendererFrameLifecycle.NonOperationalDeviceSkipsCullingCommandsButExecutesGraph .................................   Passed    0.03 sec
          Start 3988: RendererFrameLifecycle.OperationalRebuildAfterNonOperationalStartupRecordsRoutedCommands
3923/4154 Test #3988: RendererFrameLifecycle.OperationalRebuildAfterNonOperationalStartupRecordsRoutedCommands ........................   Passed    0.08 sec
          Start 3989: RendererFrameLifecycle.DepthPrepassPipelineFailureSkipsUnavailableCommandPass
3924/4154 Test #3989: RendererFrameLifecycle.DepthPrepassPipelineFailureSkipsUnavailableCommandPass ...................................   Passed    0.07 sec
          Start 3990: RendererFrameLifecycle.CullingPipelineFailureSkipsRoutedCommandPassesUnavailable
3925/4154 Test #3990: RendererFrameLifecycle.CullingPipelineFailureSkipsRoutedCommandPassesUnavailable ................................   Passed    0.07 sec
          Start 3991: RendererFrameLifecycle.BeginFrameWithoutDeviceReportsLifecycleDiagnostic
3926/4154 Test #3991: RendererFrameLifecycle.BeginFrameWithoutDeviceReportsLifecycleDiagnostic ........................................   Passed    0.00 sec
          Start 3992: RendererFrameLifecycle.BeginFrameSkipDoesNotRecordCommands
3927/4154 Test #3992: RendererFrameLifecycle.BeginFrameSkipDoesNotRecordCommands ......................................................   Passed    0.03 sec
          Start 3993: RendererFrameLifecycle.ExecuteFrameRejectsAfterRenderPrepFailure
3928/4154 Test #3993: RendererFrameLifecycle.ExecuteFrameRejectsAfterRenderPrepFailure ................................................   Passed    0.03 sec
          Start 3994: RendererFrameLifecycle.FrameRecipePassesAllProduceStructuredCommandRecordStatuses
3929/4154 Test #3994: RendererFrameLifecycle.FrameRecipePassesAllProduceStructuredCommandRecordStatuses ...............................   Passed    0.07 sec
          Start 3995: RendererFrameLifecycle.DefaultDebugSurfacePipelineSurvivesOperationalRebuild
3930/4154 Test #3995: RendererFrameLifecycle.DefaultDebugSurfacePipelineSurvivesOperationalRebuild ....................................   Passed    0.07 sec
          Start 3996: RendererFrameLifecycle.ForwardSurfacePipelineSurvivesOperationalRebuild
3931/4154 Test #3996: RendererFrameLifecycle.ForwardSurfacePipelineSurvivesOperationalRebuild .........................................   Passed    0.07 sec
          Start 3997: RendererFrameLifecycle.ForwardLinePointPipelinesSurviveOperationalRebuild
3932/4154 Test #3997: RendererFrameLifecycle.ForwardLinePointPipelinesSurviveOperationalRebuild .......................................   Passed    0.07 sec
          Start 3998: RendererFrameLifecycle.ForwardPointSphereImpostorsWriteCorrectedDepth
3933/4154 Test #3998: RendererFrameLifecycle.ForwardPointSphereImpostorsWriteCorrectedDepth ...........................................   Passed    0.00 sec
          Start 3999: RendererFrameLifecycle.ForwardLinePointShadersUseSharedVisualizationColorHelpers
3934/4154 Test #3999: RendererFrameLifecycle.ForwardLinePointShadersUseSharedVisualizationColorHelpers ................................   Passed    0.00 sec
          Start 4000: RendererFrameLifecycle.ShadowPipelineSurvivesOperationalRebuild
3935/4154 Test #4000: RendererFrameLifecycle.ShadowPipelineSurvivesOperationalRebuild .................................................   Passed    0.07 sec
          Start 4001: RendererFrameLifecycle.ShadowAtlasSurvivesOperationalRebuild
3936/4154 Test #4001: RendererFrameLifecycle.ShadowAtlasSurvivesOperationalRebuild ....................................................   Passed    0.07 sec
          Start 4002: RendererFrameLifecycle.ForwardSurfacePassSkipsUnavailableWhenCullOutputMissing
3937/4154 Test #4002: RendererFrameLifecycle.ForwardSurfacePassSkipsUnavailableWhenCullOutputMissing ..................................   Passed    0.07 sec
          Start 4003: RendererFrameLifecycle.ForwardLinePointPassesSkipUnavailableWhenCullOutputMissing
3938/4154 Test #4003: RendererFrameLifecycle.ForwardLinePointPassesSkipUnavailableWhenCullOutputMissing ...............................   Passed    0.07 sec
          Start 4004: RendererFrameLifecycle.DeferredGBufferPipelineSurvivesOperationalRebuild
3939/4154 Test #4004: RendererFrameLifecycle.DeferredGBufferPipelineSurvivesOperationalRebuild ........................................   Passed    0.07 sec
          Start 4005: RendererFrameLifecycle.DeferredSurfacePassRecordsWhenLightingPathIsDeferred
3940/4154 Test #4005: RendererFrameLifecycle.DeferredSurfacePassRecordsWhenLightingPathIsDeferred .....................................   Passed    0.07 sec
          Start 4006: RendererFrameLifecycle.DeferredSurfacePassSkipsUnavailableWhenPipelineMissing
3941/4154 Test #4006: RendererFrameLifecycle.DeferredSurfacePassSkipsUnavailableWhenPipelineMissing ...................................   Passed    0.07 sec
          Start 4007: RendererFrameLifecycle.DeferredLightingPipelineSurvivesOperationalRebuild
3942/4154 Test #4007: RendererFrameLifecycle.DeferredLightingPipelineSurvivesOperationalRebuild .......................................   Passed    0.07 sec
          Start 4008: RendererFrameLifecycle.DeferredLightingPassSkipsUnavailableWhenPipelineMissing
3943/4154 Test #4008: RendererFrameLifecycle.DeferredLightingPassSkipsUnavailableWhenPipelineMissing ..................................   Passed    0.07 sec
          Start 4009: RendererFrameLifecycle.DeferredGBufferToCompositionEmitsColorToShaderReadBarriers
3944/4154 Test #4009: RendererFrameLifecycle.DeferredGBufferToCompositionEmitsColorToShaderReadBarriers ...............................   Passed    0.07 sec
          Start 4010: RendererFrameLifecycle.DeferredLightingShadowAtlasTransitionsDepthToShaderReadBeforeComposition
3945/4154 Test #4010: RendererFrameLifecycle.DeferredLightingShadowAtlasTransitionsDepthToShaderReadBeforeComposition .................   Passed    0.07 sec
          Start 4011: RendererFrameLifecycle.DeferredLightingPushConstantsCarryShadowAtlasBindlessIndex
3946/4154 Test #4011: RendererFrameLifecycle.DeferredLightingPushConstantsCarryShadowAtlasBindlessIndex ...............................   Passed    0.07 sec
          Start 4012: RendererFrameLifecycle.EntityIdPickingPipelineSurvivesOperationalRebuild
3947/4154 Test #4012: RendererFrameLifecycle.EntityIdPickingPipelineSurvivesOperationalRebuild ........................................   Passed    0.07 sec
          Start 4013: RendererFrameLifecycle.EntityIdOutlinePipelineUsesSingleTargetShape
3948/4154 Test #4013: RendererFrameLifecycle.EntityIdOutlinePipelineUsesSingleTargetShape .............................................   Passed    0.07 sec
          Start 4014: RendererFrameLifecycle.FaceIdPickingPipelineSurvivesOperationalRebuild
3949/4154 Test #4014: RendererFrameLifecycle.FaceIdPickingPipelineSurvivesOperationalRebuild ..........................................   Passed    0.07 sec
          Start 4015: RendererFrameLifecycle.EdgeIdPickingPipelineSurvivesOperationalRebuild
3950/4154 Test #4015: RendererFrameLifecycle.EdgeIdPickingPipelineSurvivesOperationalRebuild ..........................................   Passed    0.07 sec
          Start 4016: RendererFrameLifecycle.PointIdPickingPipelineSurvivesOperationalRebuild
3951/4154 Test #4016: RendererFrameLifecycle.PointIdPickingPipelineSurvivesOperationalRebuild .........................................   Passed    0.07 sec
          Start 4017: RendererFrameLifecycle.SelectionOutlinePipelineSurvivesOperationalRebuild
3952/4154 Test #4017: RendererFrameLifecycle.SelectionOutlinePipelineSurvivesOperationalRebuild .......................................   Passed    0.07 sec
          Start 4018: RendererFrameLifecycle.PostProcessToneMapPipelineSurvivesOperationalRebuild
3953/4154 Test #4018: RendererFrameLifecycle.PostProcessToneMapPipelineSurvivesOperationalRebuild .....................................   Passed    0.07 sec
          Start 4019: RendererFrameLifecycle.PostProcessBloomPipelinesSurviveOperationalRebuild
3954/4154 Test #4019: RendererFrameLifecycle.PostProcessBloomPipelinesSurviveOperationalRebuild .......................................   Passed    0.07 sec
          Start 4020: RendererFrameLifecycle.PostProcessFXAAPipelineSurvivesOperationalRebuild
3955/4154 Test #4020: RendererFrameLifecycle.PostProcessFXAAPipelineSurvivesOperationalRebuild ........................................   Passed    0.07 sec
          Start 4021: RendererFrameLifecycle.PostProcessSMAAPipelinesSurviveOperationalRebuild
3956/4154 Test #4021: RendererFrameLifecycle.PostProcessSMAAPipelinesSurviveOperationalRebuild ........................................   Passed    0.07 sec
          Start 4022: RendererFrameLifecycle.PostProcessHistogramPipelineSurvivesOperationalRebuild
3957/4154 Test #4022: RendererFrameLifecycle.PostProcessHistogramPipelineSurvivesOperationalRebuild ...................................   Passed    0.07 sec
          Start 4023: RendererFrameLifecycle.HZBBuildPipelineSurvivesOperationalRebuild
3958/4154 Test #4023: RendererFrameLifecycle.HZBBuildPipelineSurvivesOperationalRebuild ...............................................   Passed    0.07 sec
          Start 4024: RendererFrameLifecycle.ClusterLightingPipelinesAndSceneTablePublishSurviveRebuild
3959/4154 Test #4024: RendererFrameLifecycle.ClusterLightingPipelinesAndSceneTablePublishSurviveRebuild ...............................   Passed    0.10 sec
          Start 4025: RendererFrameLifecycle.HZBBuildPassRecordsFallbackDispatches
3960/4154 Test #4025: RendererFrameLifecycle.HZBBuildPassRecordsFallbackDispatches ....................................................   Passed    0.07 sec
          Start 4026: RendererFrameLifecycle.PostProcessSMAALookupTexturesSurviveOperationalRebuild
3961/4154 Test #4026: RendererFrameLifecycle.PostProcessSMAALookupTexturesSurviveOperationalRebuild ...................................   Passed    0.07 sec
          Start 4027: RendererFrameLifecycle.PostProcessSMAALookupTexturesRetryAfterFailedUpload
3962/4154 Test #4027: RendererFrameLifecycle.PostProcessSMAALookupTexturesRetryAfterFailedUpload ......................................   Passed    0.07 sec
          Start 4028: RendererFrameLifecycle.TAARecordsReconstructionPassAndDiagnostics
3963/4154 Test #4028: RendererFrameLifecycle.TAARecordsReconstructionPassAndDiagnostics ...............................................   Passed    0.07 sec
          Start 4029: RendererFrameLifecycle.FXAASelectedWithoutPipelineKeepsResolveSkippedAndPresentOnSceneColorLDR
3964/4154 Test #4029: RendererFrameLifecycle.FXAASelectedWithoutPipelineKeepsResolveSkippedAndPresentOnSceneColorLDR ..................   Passed    0.07 sec
          Start 4030: RendererFrameLifecycle.SMAASelectedWithoutResolvePipelineKeepsResolveSkippedAndPresentOnSceneColorLDR
3965/4154 Test #4030: RendererFrameLifecycle.SMAASelectedWithoutResolvePipelineKeepsResolveSkippedAndPresentOnSceneColorLDR ...........   Passed    0.07 sec
          Start 4031: RendererFrameLifecycle.SelectionOutlinePassRecordsWhenSelectableEntityPresent
3966/4154 Test #4031: RendererFrameLifecycle.SelectionOutlinePassRecordsWhenSelectableEntityPresent ...................................   Passed    0.07 sec
          Start 4032: RendererFrameLifecycle.SelectionOutlineBindsEntityIdToDedicatedSampledSlot
3967/4154 Test #4032: RendererFrameLifecycle.SelectionOutlineBindsEntityIdToDedicatedSampledSlot ......................................   Passed    0.07 sec
          Start 4033: RendererFrameLifecycle.SelectionOutlinePushConstantsMatchRecipeInputs
3968/4154 Test #4033: RendererFrameLifecycle.SelectionOutlinePushConstantsMatchRecipeInputs ...........................................   Passed    0.07 sec
          Start 4034: RendererFrameLifecycle.PickingReadbackBufferSurvivesOperationalRebuild
3969/4154 Test #4034: RendererFrameLifecycle.PickingReadbackBufferSurvivesOperationalRebuild ..........................................   Passed    0.07 sec
          Start 4035: RendererFrameLifecycle.PickingReadbackBufferReallocatesWhenFramesInFlightChanges
3970/4154 Test #4035: RendererFrameLifecycle.PickingReadbackBufferReallocatesWhenFramesInFlightChanges ................................   Passed    0.11 sec
          Start 4036: RendererFrameLifecycle.PickingReadbackCopyRecordedWhenPickPending
3971/4154 Test #4036: RendererFrameLifecycle.PickingReadbackCopyRecordedWhenPickPending ...............................................   Passed    0.07 sec
          Start 4037: RendererFrameLifecycle.PickingReadbackCopySkippedWhenNotPending
3972/4154 Test #4037: RendererFrameLifecycle.PickingReadbackCopySkippedWhenNotPending .................................................   Passed    0.07 sec
          Start 4038: RendererFrameLifecycle.PickingReadbackPublishesPickResultForHitPixel
3973/4154 Test #4038: RendererFrameLifecycle.PickingReadbackPublishesPickResultForHitPixel ............................................   Passed    0.07 sec
          Start 4039: RendererFrameLifecycle.PickingReadbackPreservesCorrelationSequence
3974/4154 Test #4039: RendererFrameLifecycle.PickingReadbackPreservesCorrelationSequence ..............................................   Passed    0.07 sec
          Start 4040: RendererFrameLifecycle.PickingReadbackPublishesNoHitForMissPixel
3975/4154 Test #4040: RendererFrameLifecycle.PickingReadbackPublishesNoHitForMissPixel ................................................   Passed    0.07 sec
          Start 4041: RendererFrameLifecycle.PickingReadbackPublishesNoHitForInvalidatedRequest
3976/4154 Test #4041: RendererFrameLifecycle.PickingReadbackPublishesNoHitForInvalidatedRequest .......................................   Passed    0.10 sec
          Start 4042: RendererFrameLifecycle.PickingReadbackPublishesNoHitForTruncatedSlotOnFifShrink
3977/4154 Test #4042: RendererFrameLifecycle.PickingReadbackPublishesNoHitForTruncatedSlotOnFifShrink .................................   Passed    0.10 sec
          Start 4043: RendererFrameLifecycle.HistogramReadbackBufferSurvivesOperationalRebuild
3978/4154 Test #4043: RendererFrameLifecycle.HistogramReadbackBufferSurvivesOperationalRebuild ........................................   Passed    0.07 sec
          Start 4044: RendererFrameLifecycle.HistogramReadbackCopyRecordedOnOperationalFrame
3979/4154 Test #4044: RendererFrameLifecycle.HistogramReadbackCopyRecordedOnOperationalFrame ..........................................   Passed    0.07 sec
          Start 4045: RendererFrameLifecycle.HistogramReadbackDrainPublishesEachSlotExactlyOnce
3980/4154 Test #4045: RendererFrameLifecycle.HistogramReadbackDrainPublishesEachSlotExactlyOnce .......................................   Passed    0.07 sec
          Start 4046: RendererFrameLifecycle.HistogramReadbackCopySkippedWhenStageDisabled
3981/4154 Test #4046: RendererFrameLifecycle.HistogramReadbackCopySkippedWhenStageDisabled ............................................   Passed    0.07 sec
          Start 4047: RendererFrameLifecycle.PublishHistogramReadbackUpdatesExposureHistory
3982/4154 Test #4047: RendererFrameLifecycle.PublishHistogramReadbackUpdatesExposureHistory ...........................................   Passed    0.03 sec
          Start 4048: RendererFrameLifecycle.NativeGpuProfilerSubmitsExactCompiledPlanAndPublishesOnlyRecordedPasses
3983/4154 Test #4048: RendererFrameLifecycle.NativeGpuProfilerSubmitsExactCompiledPlanAndPublishesOnlyRecordedPasses ..................   Passed    0.08 sec
          Start 4049: RendererFrameLifecycle.NativeGpuProfilerUsesAcceptedParallelMultiQueueAttribution
3984/4154 Test #4049: RendererFrameLifecycle.NativeGpuProfilerUsesAcceptedParallelMultiQueueAttribution ...............................   Passed    0.08 sec
          Start 4050: RendererFrameLifecycle.NativeGpuProfilerLabelsRejectedAsyncPlanAsGraphicsFallback
3985/4154 Test #4050: RendererFrameLifecycle.NativeGpuProfilerLabelsRejectedAsyncPlanAsGraphicsFallback ...............................   Passed    0.07 sec
          Start 4051: RendererFrameLifecycle.NativeGpuProfilerDiscardsWhenDeviceSubmissionDoesNotAdvance
3986/4154 Test #4051: RendererFrameLifecycle.NativeGpuProfilerDiscardsWhenDeviceSubmissionDoesNotAdvance ..............................   Passed    0.07 sec
          Start 4052: RendererFrameLifecycle.DeviceLostAfterActiveProfileDeviceEndOverridesInvalidLifecycle
3987/4154 Test #4052: RendererFrameLifecycle.DeviceLostAfterActiveProfileDeviceEndOverridesInvalidLifecycle ...........................   Passed    0.08 sec
          Start 4053: RendererFrameLifecycle.DeviceLostAfterHotDisabledDeviceEndOverridesDisabledProfile
3988/4154 Test #4053: RendererFrameLifecycle.DeviceLostAfterHotDisabledDeviceEndOverridesDisabledProfile ..............................   Passed    0.08 sec
          Start 4054: RendererFrameLifecycle.GpuProfilerScopeFailureDoesNotAbortRenderingAndDiscardsWholeCandidate
3989/4154 Test #4054: RendererFrameLifecycle.GpuProfilerScopeFailureDoesNotAbortRenderingAndDiscardsWholeCandidate ....................   Passed    0.07 sec
          Start 4055: RendererFrameLifecycle.GpuProfilerNoFreshBeginPathsClearPriorTelemetry
3990/4154 Test #4055: RendererFrameLifecycle.GpuProfilerNoFreshBeginPathsClearPriorTelemetry ..........................................   Passed    0.07 sec
          Start 4056: RendererFrameLifecycle.GpuProfilerPerFrameUnsupportedPlanDoesNotAbortRendering
3991/4154 Test #4056: RendererFrameLifecycle.GpuProfilerPerFrameUnsupportedPlanDoesNotAbortRendering ..................................   Passed    0.07 sec
          Start 4057: RendererFrameLifecycle.HotDisabledGpuProfilerPreservesDeviceLostStaleLastGoodProfile
3992/4154 Test #4057: RendererFrameLifecycle.HotDisabledGpuProfilerPreservesDeviceLostStaleLastGoodProfile ............................   Passed    0.08 sec
          Start 4058: RendererFrameLifecycle.DeviceLostProfilerStatusMapsFailedDeviceBeginFrame
3993/4154 Test #4058: RendererFrameLifecycle.DeviceLostProfilerStatusMapsFailedDeviceBeginFrame .......................................   Passed    0.08 sec
          Start 4059: RendererFrameLifecycle.GpuProfilerHotDisableOmitsScopesAndReenableReusesAdapter
3994/4154 Test #4059: RendererFrameLifecycle.GpuProfilerHotDisableOmitsScopesAndReenableReusesAdapter .................................   Passed    0.09 sec
          Start 4060: RendererFrameLifecycle.GpuProfilerShutdownDiscardsActiveCandidateBeforeReinitialize
3995/4154 Test #4060: RendererFrameLifecycle.GpuProfilerShutdownDiscardsActiveCandidateBeforeReinitialize .............................   Passed    0.13 sec
          Start 4061: RenderWorldContract.TemporalJitterHaltonSequenceIsDeterministicAndWraps
3996/4154 Test #4061: RenderWorldContract.TemporalJitterHaltonSequenceIsDeterministicAndWraps .........................................   Passed    0.00 sec
          Start 4062: RenderWorldContract.TemporalJitterAppliesProjectionOverrideAndSnapshotOffset
3997/4154 Test #4062: RenderWorldContract.TemporalJitterAppliesProjectionOverrideAndSnapshotOffset ....................................   Passed    0.00 sec
          Start 4063: RenderWorldContract.NoJitterNoHistoryForcesZeroCameraJitter
3998/4154 Test #4063: RenderWorldContract.NoJitterNoHistoryForcesZeroCameraJitter .....................................................   Passed    0.00 sec
          Start 4064: RenderWorldContract.ExposesRendererOwnedImmutableRuntimeSnapshots
3999/4154 Test #4064: RenderWorldContract.ExposesRendererOwnedImmutableRuntimeSnapshots ...............................................   Passed    0.03 sec
          Start 4065: RenderWorldContract.BeginFrameRetainsRuntimeSnapshotSlotsUntilOverwrite
4000/4154 Test #4065: RenderWorldContract.BeginFrameRetainsRuntimeSnapshotSlotsUntilOverwrite .........................................   Passed    0.03 sec
          Start 4066: RenderGraphParallelRecording.ParallelRecordJoinPreservesSerialSubmitOrder
4001/4154 Test #4066: RenderGraphParallelRecording.ParallelRecordJoinPreservesSerialSubmitOrder .......................................   Passed    0.00 sec
          Start 4067: RenderGraphParallelRecording.SeededDagsPreserveSerialSubmitOrder
4002/4154 Test #4067: RenderGraphParallelRecording.SeededDagsPreserveSerialSubmitOrder ................................................   Passed    0.02 sec
          Start 4068: RenderGraphParallelRecording.IndependentLayerRecordsOnWorkers
4003/4154 Test #4068: RenderGraphParallelRecording.IndependentLayerRecordsOnWorkers ...................................................   Passed    0.04 sec
          Start 4069: RenderGraphParallelRecording.RecordFailureJoinsWorkersAndSkipsSubmit
4004/4154 Test #4069: RenderGraphParallelRecording.RecordFailureJoinsWorkersAndSkipsSubmit ............................................   Passed    0.02 sec
          Start 4070: RenderGraphValidation.EmptyGraphHasNoFindings
4005/4154 Test #4070: RenderGraphValidation.EmptyGraphHasNoFindings ...................................................................   Passed    0.00 sec
          Start 4071: RenderGraphValidation.LoadWithoutEarlierWriterReportsWarning
4006/4154 Test #4071: RenderGraphValidation.LoadWithoutEarlierWriterReportsWarning ....................................................   Passed    0.00 sec
          Start 4072: RenderGraphValidation.TransientBufferReadWithoutProducerReportsError
4007/4154 Test #4072: RenderGraphValidation.TransientBufferReadWithoutProducerReportsError ............................................   Passed    0.00 sec
          Start 4073: RenderGraphValidation.TextureReadBeforeProducerReportsMissingProducer
4008/4154 Test #4073: RenderGraphValidation.TextureReadBeforeProducerReportsMissingProducer ...........................................   Passed    0.00 sec
          Start 4074: RenderGraphValidation.BufferReadBeforeProducerReportsMissingProducer
4009/4154 Test #4074: RenderGraphValidation.BufferReadBeforeProducerReportsMissingProducer ............................................   Passed    0.00 sec
          Start 4075: RenderGraphValidation.TransientTextureReadWithoutProducerReportsError
4010/4154 Test #4075: RenderGraphValidation.TransientTextureReadWithoutProducerReportsError ...........................................   Passed    0.00 sec
          Start 4076: RenderGraphValidation.ImportedBackbufferNonFinalizerWriteReportsError
4011/4154 Test #4076: RenderGraphValidation.ImportedBackbufferNonFinalizerWriteReportsError ...........................................   Passed    0.00 sec
          Start 4077: RenderGraphValidation.ImportedTextureAuthorizationListControlsWriters
4012/4154 Test #4077: RenderGraphValidation.ImportedTextureAuthorizationListControlsWriters ...........................................   Passed    0.00 sec
          Start 4078: RenderGraphValidation.ShaderReadBoundaryImportRejectsWriteWithoutAuthorization
4013/4154 Test #4078: RenderGraphValidation.ShaderReadBoundaryImportRejectsWriteWithoutAuthorization ..................................   Passed    0.00 sec
          Start 4079: RenderGraphValidation.AuthorizedImportedWritePreservesShaderReadBoundaryStates
4014/4154 Test #4079: RenderGraphValidation.AuthorizedImportedWritePreservesShaderReadBoundaryStates ..................................   Passed    0.00 sec
          Start 4080: RenderGraphValidation.ImportedBufferAuthorizationListControlsWriters
4015/4154 Test #4080: RenderGraphValidation.ImportedBufferAuthorizationListControlsWriters ............................................   Passed    0.00 sec
          Start 4081: RenderGraphValidation.ImportedBackbufferFinalStateMismatchReportsError
4016/4154 Test #4081: RenderGraphValidation.ImportedBackbufferFinalStateMismatchReportsError ..........................................   Passed    0.00 sec
          Start 4082: RenderGraphValidation.CompileInvalidExplicitDependencyReportsStructuredFinding
4017/4154 Test #4082: RenderGraphValidation.CompileInvalidExplicitDependencyReportsStructuredFinding ..................................   Passed    0.00 sec
          Start 4083: RenderGraphValidation.CompileInvalidResourceAccessReportsStructuredFindings
4018/4154 Test #4083: RenderGraphValidation.CompileInvalidResourceAccessReportsStructuredFindings .....................................   Passed    0.00 sec
          Start 4084: RenderGraphValidation.CompileRenderPassAttachmentMismatchesReportStructuredFindings
4019/4154 Test #4084: RenderGraphValidation.CompileRenderPassAttachmentMismatchesReportStructuredFindings .............................   Passed    0.00 sec
          Start 4085: RenderGraphValidation.CompileCycleReportsStructuredFinding
4020/4154 Test #4085: RenderGraphValidation.CompileCycleReportsStructuredFinding ......................................................   Passed    0.00 sec
          Start 4086: RenderGraphValidation.CompileBackbufferWrittenByNonFinalizerReportsStructuredFinding
4021/4154 Test #4086: RenderGraphValidation.CompileBackbufferWrittenByNonFinalizerReportsStructuredFinding ............................   Passed    0.00 sec
          Start 4087: RenderGraphValidation.SuccessfulCompileStoresValidationFindings
4022/4154 Test #4087: RenderGraphValidation.SuccessfulCompileStoresValidationFindings .................................................   Passed    0.00 sec
          Start 4088: RenderGraphValidation.FindingsUseDeterministicSeverityCodePassResourceOrdering
4023/4154 Test #4088: RenderGraphValidation.FindingsUseDeterministicSeverityCodePassResourceOrdering ..................................   Passed    0.00 sec
          Start 4089: RenderGraphValidation.ColorAttachmentReadUsesReadStateAndSkipsConsecutiveReadBarrier
4024/4154 Test #4089: RenderGraphValidation.ColorAttachmentReadUsesReadStateAndSkipsConsecutiveReadBarrier ............................   Passed    0.00 sec
          Start 4090: RenderGraphValidation.LoadedColorAttachmentUsesOneReadWriteState
4025/4154 Test #4090: RenderGraphValidation.LoadedColorAttachmentUsesOneReadWriteState ................................................   Passed    0.00 sec
          Start 4091: RenderGraphValidation.TransientMemoryEstimateUsesRhiBlockCompressedStorageSize
4026/4154 Test #4091: RenderGraphValidation.TransientMemoryEstimateUsesRhiBlockCompressedStorageSize ..................................   Passed    0.00 sec
          Start 4092: RenderGraphValidation.ResetReusedPassRecordClearsStaleDeclarations
4027/4154 Test #4092: RenderGraphValidation.ResetReusedPassRecordClearsStaleDeclarations ..............................................   Passed    0.00 sec
          Start 4093: RenderGraphValidation.ResetReusedCompilerScratchKeepsCompiledOutputStable
4028/4154 Test #4093: RenderGraphValidation.ResetReusedCompilerScratchKeepsCompiledOutputStable .......................................   Passed    0.00 sec
          Start 4094: VisibilityRecipe.FiltersGroupsSelectsLodAndRequestsAccelerationStructures
4029/4154 Test #4094: VisibilityRecipe.FiltersGroupsSelectsLodAndRequestsAccelerationStructures .......................................   Passed    0.00 sec
          Start 4095: VisibilityRecipe.RendererProductCompatibilityUsesDeclaredCapabilitiesAndProducedProducts
4030/4154 Test #4095: VisibilityRecipe.RendererProductCompatibilityUsesDeclaredCapabilitiesAndProducedProducts ........................   Passed    0.00 sec
          Start 4096: GroupingRecipe.RejectsHiddenMalformedUnsupportedAndEmptyInputs
4031/4154 Test #4096: GroupingRecipe.RejectsHiddenMalformedUnsupportedAndEmptyInputs ..................................................   Passed    0.00 sec
          Start 4097: LightingRecipe.ResolvesLightsEnvironmentTagsIntentsAndEmissiveGeometry
4032/4154 Test #4097: LightingRecipe.ResolvesLightsEnvironmentTagsIntentsAndEmissiveGeometry ..........................................   Passed    0.00 sec
          Start 4098: EnvironmentRecipe.EmptyInvalidAndUnsupportedLightingFallsBackDeterministically
4033/4154 Test #4098: EnvironmentRecipe.EmptyInvalidAndUnsupportedLightingFallsBackDeterministically ..................................   Passed    0.00 sec
          Start 4099: GraphicsSelectionPassContracts.EntityAndFaceIdPassesDrawSurfaceBucket
4034/4154 Test #4099: GraphicsSelectionPassContracts.EntityAndFaceIdPassesDrawSurfaceBucket ...........................................   Passed    0.00 sec
          Start 4100: GraphicsSelectionPassContracts.EdgeAndPointIdPassesDrawLineAndPointBuckets
4035/4154 Test #4100: GraphicsSelectionPassContracts.EdgeAndPointIdPassesDrawLineAndPointBuckets ......................................   Passed    0.00 sec
          Start 4101: GraphicsSelectionPassContracts.SelectionOutlinePassDrawsFullscreenTriangle
4036/4154 Test #4101: GraphicsSelectionPassContracts.SelectionOutlinePassDrawsFullscreenTriangle ......................................   Passed    0.00 sec
          Start 4102: GraphicsSelectionSystemContracts.EncodesPrimitiveDomainAndPayloadDeterministically
4037/4154 Test #4102: GraphicsSelectionSystemContracts.EncodesPrimitiveDomainAndPayloadDeterministically ..............................   Passed    0.00 sec
          Start 4103: GraphicsSelectionSystemContracts.TracksPendingPickReadbackAndDiagnostics
4038/4154 Test #4103: GraphicsSelectionSystemContracts.TracksPendingPickReadbackAndDiagnostics ........................................   Passed    0.00 sec
          Start 4104: GraphicsSelectionSystemContracts.QueuesCompletedReadbacksFifoWithSequence
4039/4154 Test #4104: GraphicsSelectionSystemContracts.QueuesCompletedReadbacksFifoWithSequence .......................................   Passed    0.00 sec
          Start 4105: GraphicsSelectionSystemContracts.PreservesPointPickCompatibilityWrappers
4040/4154 Test #4105: GraphicsSelectionSystemContracts.PreservesPointPickCompatibilityWrappers ........................................   Passed    0.00 sec
          Start 4106: GraphicsSelectionSystemContracts.PromotedSelectionPassClassNamesRemainAvailable
4041/4154 Test #4106: GraphicsSelectionSystemContracts.PromotedSelectionPassClassNamesRemainAvailable .................................   Passed    0.00 sec
          Start 4107: GraphicsSurfacePassContracts.DepthPrepassRecordsSurfaceOpaqueIndirectDraw
4042/4154 Test #4107: GraphicsSurfacePassContracts.DepthPrepassRecordsSurfaceOpaqueIndirectDraw .......................................   Passed    0.00 sec
          Start 4108: GraphicsSurfacePassContracts.ForwardSurfaceRequiresInitializedSystemAndRecordsSurfaceOpaqueDraw
4043/4154 Test #4108: GraphicsSurfacePassContracts.ForwardSurfaceRequiresInitializedSystemAndRecordsSurfaceOpaqueDraw .................   Passed    0.00 sec
          Start 4109: GraphicsSurfacePassContracts.DeferredGBufferRequiresInitializedSystemAndRecordsSurfaceOpaqueDraw
4044/4154 Test #4109: GraphicsSurfacePassContracts.DeferredGBufferRequiresInitializedSystemAndRecordsSurfaceOpaqueDraw ................   Passed    0.00 sec
          Start 4110: TransformSyncSystem.StaleSweepEvictsInstancesMissingFromRecords
4045/4154 Test #4110: TransformSyncSystem.StaleSweepEvictsInstancesMissingFromRecords .................................................   Passed    0.03 sec
          Start 4111: TransformSyncSystem.ShutdownClearsTrackedState
4046/4154 Test #4111: TransformSyncSystem.ShutdownClearsTrackedState ..................................................................   Passed    0.03 sec
          Start 4112: TransientDebugSurfacePassContract.RecipeDeclaresPassWhenTransientPrimitivesExist
4047/4154 Test #4112: TransientDebugSurfacePassContract.RecipeDeclaresPassWhenTransientPrimitivesExist ................................   Passed    0.00 sec
          Start 4113: TransientDebugSurfacePassContract.RecipeOmitsPassWhenNoTransientPrimitives
4048/4154 Test #4113: TransientDebugSurfacePassContract.RecipeOmitsPassWhenNoTransientPrimitives ......................................   Passed    0.07 sec
          Start 4114: TransientDebugSurfacePassContract.NonOperationalDeviceSkipsNonOperational
4049/4154 Test #4114: TransientDebugSurfacePassContract.NonOperationalDeviceSkipsNonOperational .......................................   Passed    0.03 sec
          Start 4115: TransientDebugSurfacePassContract.MissingTrianglePipelineLeaseSkipsUnavailable
4050/4154 Test #4115: TransientDebugSurfacePassContract.MissingTrianglePipelineLeaseSkipsUnavailable ..................................   Passed    0.07 sec
          Start 4116: TransientDebugSurfacePassContract.RecordsTriangleBindPipelineAndDraw
4051/4154 Test #4116: TransientDebugSurfacePassContract.RecordsTriangleBindPipelineAndDraw ............................................   Passed    0.07 sec
          Start 4117: TransientDebugSurfacePassContract.SelectsAlwaysOnTopVariantPerPacket
4052/4154 Test #4117: TransientDebugSurfacePassContract.SelectsAlwaysOnTopVariantPerPacket ............................................   Passed    0.07 sec
          Start 4118: TransientDebugSurfacePassContract.PerFrameBufferRecyclingDoesNotLeak
4053/4154 Test #4118: TransientDebugSurfacePassContract.PerFrameBufferRecyclingDoesNotLeak ............................................   Passed    0.11 sec
          Start 4119: TransientDebugSurfacePassContract.UploadHelperPartitionsStorageByFrameSlot
4054/4154 Test #4119: TransientDebugSurfacePassContract.UploadHelperPartitionsStorageByFrameSlot ......................................   Passed    0.00 sec
          Start 4120: TransientDebugSurfacePassContract.RecordsLineBindPipelineAndDraw
4055/4154 Test #4120: TransientDebugSurfacePassContract.RecordsLineBindPipelineAndDraw ................................................   Passed    0.07 sec
          Start 4121: TransientDebugSurfacePassContract.SelectsLineAlwaysOnTopVariantPerPacket
4056/4154 Test #4121: TransientDebugSurfacePassContract.SelectsLineAlwaysOnTopVariantPerPacket ........................................   Passed    0.07 sec
          Start 4122: TransientDebugSurfacePassContract.MissingLinePipelineLeaseSkipsUnavailable
4057/4154 Test #4122: TransientDebugSurfacePassContract.MissingLinePipelineLeaseSkipsUnavailable ......................................   Passed    0.07 sec
          Start 4123: TransientDebugSurfacePassContract.RecordsPointBindPipelineAndDraw
4058/4154 Test #4123: TransientDebugSurfacePassContract.RecordsPointBindPipelineAndDraw ...............................................   Passed    0.07 sec
          Start 4124: TransientDebugSurfacePassContract.SelectsPointAlwaysOnTopVariantPerPacket
4059/4154 Test #4124: TransientDebugSurfacePassContract.SelectsPointAlwaysOnTopVariantPerPacket .......................................   Passed    0.07 sec
          Start 4125: TransientDebugSurfacePassContract.MissingPointPipelineLeaseSkipsUnavailable
4060/4154 Test #4125: TransientDebugSurfacePassContract.MissingPointPipelineLeaseSkipsUnavailable .....................................   Passed    0.07 sec
          Start 4126: TransientDebugSurfacePassContract.RecordsAllThreeLanesWhenAllSubmitted
4061/4154 Test #4126: TransientDebugSurfacePassContract.RecordsAllThreeLanesWhenAllSubmitted ..........................................   Passed    0.07 sec
          Start 4127: TransientDebugSurfacePassContract.TransientReadbackDefaultDisabledEvenWhenPassRecords
4062/4154 Test #4127: TransientDebugSurfacePassContract.TransientReadbackDefaultDisabledEvenWhenPassRecords ...........................   Passed    0.07 sec
          Start 4128: TransientDebugSurfacePassContract.TransientReadbackRecordsOnlyWhenPassRecords
4063/4154 Test #4128: TransientDebugSurfacePassContract.TransientReadbackRecordsOnlyWhenPassRecords ...................................   Passed    0.07 sec
          Start 4129: TransientDebugSurfacePassContract.TransientReadbackSkipsWhenPassOmitted
4064/4154 Test #4129: TransientDebugSurfacePassContract.TransientReadbackSkipsWhenPassOmitted .........................................   Passed    0.07 sec
          Start 4130: TransientDebugSurfacePassContract.TransientReadbackSkipsWhenDeviceNonOperational
4065/4154 Test #4130: TransientDebugSurfacePassContract.TransientReadbackSkipsWhenDeviceNonOperational ................................   Passed    0.03 sec
          Start 4131: TransientDebugSurfacePassContract.UploadOverflowSkipsUnavailableWithoutFalseRecorded
4066/4154 Test #4131: TransientDebugSurfacePassContract.UploadOverflowSkipsUnavailableWithoutFalseRecorded ............................   Passed    0.08 sec
          Start 4132: TransientDebugSurfacePassContract.MixedLanePartialPipelineSkipRecordsRemainingLanes
4067/4154 Test #4132: TransientDebugSurfacePassContract.MixedLanePartialPipelineSkipRecordsRemainingLanes .............................   Passed    0.07 sec
          Start 4133: GraphicsUvViewContract.DisabledAndNonOperationalRequestsStayOnCpuWithoutResources
4068/4154 Test #4133: GraphicsUvViewContract.DisabledAndNonOperationalRequestsStayOnCpuWithoutResources ...............................   Passed    0.00 sec
          Start 4134: GraphicsUvViewContract.InvalidBoundsTopologyAndMissingTexcoordsFailClosed
4069/4154 Test #4134: GraphicsUvViewContract.InvalidBoundsTopologyAndMissingTexcoordsFailClosed .......................................   Passed    0.00 sec
          Start 4135: GraphicsUvViewContract.ResidentTriangleCreatesRetainedSampledTargetAndRecordsAllDraws
4070/4154 Test #4135: GraphicsUvViewContract.ResidentTriangleCreatesRetainedSampledTargetAndRecordsAllDraws ...........................   Passed    0.00 sec
          Start 4136: GraphicsUvViewContract.TextureAndHeatmapFallbacksRemainExplicit
4071/4154 Test #4136: GraphicsUvViewContract.TextureAndHeatmapFallbacksRemainExplicit .................................................   Passed    0.00 sec
          Start 4137: GraphicsUvViewContract.ResizeReplacesTargetAndIncrementsGeneration
4072/4154 Test #4137: GraphicsUvViewContract.ResizeReplacesTargetAndIncrementsGeneration ..............................................   Passed    0.00 sec
          Start 4138: GraphicsUvViewContract.SubmissionHeartbeatDisablesUnrefreshedRetainedWork
4073/4154 Test #4138: GraphicsUvViewContract.SubmissionHeartbeatDisablesUnrefreshedRetainedWork .......................................   Passed    0.00 sec
          Start 4139: GraphicsUvViewContract.RebuildClearsPublishedReadinessAndRequiresRefresh
4074/4154 Test #4139: GraphicsUvViewContract.RebuildClearsPublishedReadinessAndRequiresRefresh ........................................   Passed    0.00 sec
          Start 4140: GraphicsUvViewContract.TargetExtentAndUvFitLimitsFailClosed
4075/4154 Test #4140: GraphicsUvViewContract.TargetExtentAndUvFitLimitsFailClosed .....................................................   Passed    0.00 sec
          Start 4141: GraphicsUvViewContract.EveryBackgroundModeReachesTheShaderContract
4076/4154 Test #4141: GraphicsUvViewContract.EveryBackgroundModeReachesTheShaderContract ..............................................   Passed    0.00 sec
          Start 4142: GraphicsUvViewContract.GeometryRecordLookupReturnsResidentDataAndRejectsFreedHandle
4077/4154 Test #4142: GraphicsUvViewContract.GeometryRecordLookupReturnsResidentDataAndRejectsFreedHandle .............................   Passed    0.00 sec
          Start 4143: VisualizationOverlayPassContract.RecipeDeclaresPassWhenOverlayPacketsExist
4078/4154 Test #4143: VisualizationOverlayPassContract.RecipeDeclaresPassWhenOverlayPacketsExist ......................................   Passed    0.00 sec
          Start 4144: VisualizationOverlayPassContract.RecipeOmitsPassWhenNoOverlayPackets
4079/4154 Test #4144: VisualizationOverlayPassContract.RecipeOmitsPassWhenNoOverlayPackets ............................................   Passed    0.07 sec
          Start 4145: VisualizationOverlayPassContract.NonOperationalDeviceSkipsNonOperational
4080/4154 Test #4145: VisualizationOverlayPassContract.NonOperationalDeviceSkipsNonOperational ........................................   Passed    0.03 sec
          Start 4146: VisualizationOverlayPassContract.MissingVectorFieldPipelineLeaseSkipsUnavailable
4081/4154 Test #4146: VisualizationOverlayPassContract.MissingVectorFieldPipelineLeaseSkipsUnavailable ................................   Passed    0.07 sec
          Start 4147: VisualizationOverlayPassContract.RecordsVectorFieldBindPipelineAndDraw
4082/4154 Test #4147: VisualizationOverlayPassContract.RecordsVectorFieldBindPipelineAndDraw ..........................................   Passed    0.07 sec
          Start 4148: VisualizationOverlayPassContract.SelectsVectorFieldAlwaysOnTopVariantPerPacket
4083/4154 Test #4148: VisualizationOverlayPassContract.SelectsVectorFieldAlwaysOnTopVariantPerPacket ..................................   Passed    0.07 sec
          Start 4149: VisualizationOverlayPassContract.UploadOverflowSkipsUnavailableWithoutFalseRecorded
4084/4154 Test #4149: VisualizationOverlayPassContract.UploadOverflowSkipsUnavailableWithoutFalseRecorded .............................   Passed    0.07 sec
          Start 4150: VisualizationOverlayPassContract.PerFrameBufferRecyclingDoesNotLeakVectorField
4085/4154 Test #4150: VisualizationOverlayPassContract.PerFrameBufferRecyclingDoesNotLeakVectorField ..................................   Passed    0.12 sec
          Start 4151: VisualizationOverlayPassContract.UploadHelperPartitionsStorageByFrameSlot
4086/4154 Test #4151: VisualizationOverlayPassContract.UploadHelperPartitionsStorageByFrameSlot .......................................   Passed    0.00 sec
          Start 4152: VisualizationOverlayPassContract.MissingIsolinePipelineLeaseSkipsUnavailable
4087/4154 Test #4152: VisualizationOverlayPassContract.MissingIsolinePipelineLeaseSkipsUnavailable ....................................   Passed    0.07 sec
          Start 4153: VisualizationOverlayPassContract.RecordsIsolineBindPipelineAndDraw
4088/4154 Test #4153: VisualizationOverlayPassContract.RecordsIsolineBindPipelineAndDraw ..............................................   Passed    0.07 sec
          Start 4154: VisualizationOverlayPassContract.SelectsIsolineAlwaysOnTopVariantPerPacket
4089/4154 Test #4154: VisualizationOverlayPassContract.SelectsIsolineAlwaysOnTopVariantPerPacket ......................................   Passed    0.07 sec
          Start 4155: VisualizationOverlayPassContract.MixedLaneVectorFieldAndIsolineBothRecord
4090/4154 Test #4155: VisualizationOverlayPassContract.MixedLaneVectorFieldAndIsolineBothRecord .......................................   Passed    0.07 sec
          Start 4156: VisualizationOverlayPassContract.RetainedOverlayPacketLanesRecordTogether
4091/4154 Test #4156: VisualizationOverlayPassContract.RetainedOverlayPacketLanesRecordTogether .......................................   Passed    0.07 sec
          Start 4157: VisualizationOverlayPassContract.VisualizationReadbackDefaultDisabledEvenWhenPassRecords
4092/4154 Test #4157: VisualizationOverlayPassContract.VisualizationReadbackDefaultDisabledEvenWhenPassRecords ........................   Passed    0.07 sec
          Start 4158: VisualizationOverlayPassContract.VisualizationReadbackRecordsOnlyWhenPassRecords
4093/4154 Test #4158: VisualizationOverlayPassContract.VisualizationReadbackRecordsOnlyWhenPassRecords ................................   Passed    0.07 sec
          Start 4159: VisualizationOverlayPassContract.VisualizationReadbackSkipsWhenPassOmitted
4094/4154 Test #4159: VisualizationOverlayPassContract.VisualizationReadbackSkipsWhenPassOmitted ......................................   Passed    0.07 sec
          Start 4160: VisualizationOverlayPassContract.VisualizationReadbackSkipsWhenDeviceNonOperational
4095/4154 Test #4160: VisualizationOverlayPassContract.VisualizationReadbackSkipsWhenDeviceNonOperational .............................   Passed    0.03 sec
          Start 4161: VisualizationOverlayPassContract.PerLanePartialSkipKeepsSiblingLaneRecording
4096/4154 Test #4161: VisualizationOverlayPassContract.PerLanePartialSkipKeepsSiblingLaneRecording ....................................   Passed    0.07 sec
          Start 4162: VisualizationOverlayPassContract.PerFrameBufferRecyclingDoesNotLeakIsoline
4097/4154 Test #4162: VisualizationOverlayPassContract.PerFrameBufferRecyclingDoesNotLeakIsoline ......................................   Passed    0.11 sec
          Start 4163: VisualizationPropertyBufferResidencyContract.ValidatesDescriptorShapeAndFinitePayloads
4098/4154 Test #4163: VisualizationPropertyBufferResidencyContract.ValidatesDescriptorShapeAndFinitePayloads ..........................   Passed    0.00 sec
          Start 4164: VisualizationPropertyBufferResidencyContract.UploadsReusesAndRejectsStaleDirtyStamp
4099/4154 Test #4164: VisualizationPropertyBufferResidencyContract.UploadsReusesAndRejectsStaleDirtyStamp .............................   Passed    0.00 sec
          Start 4165: VisualizationPropertyBufferResidencyContract.RendererPublishesAddressBeforePacketValidation
4100/4154 Test #4165: VisualizationPropertyBufferResidencyContract.RendererPublishesAddressBeforePacketValidation .....................   Passed    0.07 sec
          Start 4166: RuntimeRenderExtraction.CreatesUpdatesAndClearsDirtyTransformSidecar
4101/4154 Test #4166: RuntimeRenderExtraction.CreatesUpdatesAndClearsDirtyTransformSidecar ............................................   Passed    0.03 sec
          Start 4167: RuntimeRenderExtraction.ClearSceneStateDropsSidecarsAndPerEntityRecipes
4102/4154 Test #4167: RuntimeRenderExtraction.ClearSceneStateDropsSidecarsAndPerEntityRecipes .........................................   Passed    0.03 sec
          Start 4168: RuntimeRenderExtraction.RetiresDestroyedRenderableSidecar
4103/4154 Test #4168: RuntimeRenderExtraction.RetiresDestroyedRenderableSidecar .......................................................   Passed    0.03 sec
          Start 4169: RuntimeRenderExtraction.ReusesLiveRenderableKeyScratchAcrossExtractions
4104/4154 Test #4169: RuntimeRenderExtraction.ReusesLiveRenderableKeyScratchAcrossExtractions .........................................   Passed    0.03 sec
          Start 4170: RuntimeRenderExtraction.ExtractsVisualizationAndLightsWithoutRenderableOwnership
4105/4154 Test #4170: RuntimeRenderExtraction.ExtractsVisualizationAndLightsWithoutRenderableOwnership ................................   Passed    0.03 sec
          Start 4171: RuntimeRenderExtraction.VisualizationScalarRecipeReachesRenderWorld
4106/4154 Test #4171: RuntimeRenderExtraction.VisualizationScalarRecipeReachesRenderWorld .............................................   Passed    0.03 sec
          Start 4172: RuntimeRenderExtraction.VisualizationScalarConfigMissingSourceFailsClosed
4107/4154 Test #4172: RuntimeRenderExtraction.VisualizationScalarConfigMissingSourceFailsClosed .......................................   Passed    0.03 sec
          Start 4173: RuntimeRenderExtraction.VisualizationScalarRecipeMissingBdaUploadsPropertyBuffer
4108/4154 Test #4173: RuntimeRenderExtraction.VisualizationScalarRecipeMissingBdaUploadsPropertyBuffer ................................   Passed    0.03 sec
          Start 4174: RuntimeRenderExtraction.VisualizationPropertyBufferKeysAreStableIdScoped
4109/4154 Test #4174: RuntimeRenderExtraction.VisualizationPropertyBufferKeysAreStableIdScoped ........................................   Passed    0.03 sec
          Start 4175: RuntimeRenderExtraction.MeshColorVisualizationPropertyBufferUploadsFromGeometrySources
4110/4154 Test #4175: RuntimeRenderExtraction.MeshColorVisualizationPropertyBufferUploadsFromGeometrySources ..........................   Passed    0.03 sec
          Start 4176: RuntimeRenderExtraction.PointCloudVisualizationPropertyBuffersUploadFromGeometrySources
4111/4154 Test #4176: RuntimeRenderExtraction.PointCloudVisualizationPropertyBuffersUploadFromGeometrySources .........................   Passed    0.03 sec
          Start 4177: RuntimeRenderExtraction.MeshScalarPropertyBufferReachesPreparedEntityConfigWithAutoRange
4112/4154 Test #4177: RuntimeRenderExtraction.MeshScalarPropertyBufferReachesPreparedEntityConfigWithAutoRange ........................   Passed    0.07 sec
          Start 4178: RuntimeRenderExtraction.MeshSurfaceLaneOverrideDoubleCurvatureReachesPreparedEntityConfig
4113/4154 Test #4178: RuntimeRenderExtraction.MeshSurfaceLaneOverrideDoubleCurvatureReachesPreparedEntityConfig .......................   Passed    0.07 sec
          Start 4179: RuntimeRenderExtraction.MeshSurfaceLaneOverrideIsolinePresetReachesPreparedEntityConfig
4114/4154 Test #4179: RuntimeRenderExtraction.MeshSurfaceLaneOverrideIsolinePresetReachesPreparedEntityConfig .........................   Passed    0.07 sec
          Start 4180: RuntimeRenderExtraction.MeshScalarVisualizationSurvivesLatePropertyAndSteadyStateFrames
4115/4154 Test #4180: RuntimeRenderExtraction.MeshScalarVisualizationSurvivesLatePropertyAndSteadyStateFrames .........................   Passed    0.10 sec
          Start 4181: RuntimeRenderExtraction.MeshScalarDegenerateManualRangeIsSanitizedInPreparedConfig
4116/4154 Test #4181: RuntimeRenderExtraction.MeshScalarDegenerateManualRangeIsSanitizedInPreparedConfig ..............................   Passed    0.07 sec
          Start 4182: RuntimeRenderExtraction.GraphVisualizationPropertyBuffersUploadFromNodeAndEdgeDomains
4117/4154 Test #4182: RuntimeRenderExtraction.GraphVisualizationPropertyBuffersUploadFromNodeAndEdgeDomains ...........................   Passed    0.03 sec
          Start 4183: RuntimeRenderExtraction.GeometryPresentationPropertyBuffersProjectToVisualizationRecipes
4118/4154 Test #4183: RuntimeRenderExtraction.GeometryPresentationPropertyBuffersProjectToVisualizationRecipes ........................   Passed    0.03 sec
          Start 4184: RuntimeRenderExtraction.MeshVertexColorDirtyChannelPartiallyUploadsStructuralColorStream
4119/4154 Test #4184: RuntimeRenderExtraction.MeshVertexColorDirtyChannelPartiallyUploadsStructuralColorStream ........................   Passed    0.08 sec
          Start 4185: RuntimeRenderExtraction.MeshColorVisualizationPropertyBufferFailsClosed
4120/4154 Test #4185: RuntimeRenderExtraction.MeshColorVisualizationPropertyBufferFailsClosed .........................................   Passed    0.03 sec
          Start 4186: RuntimeRenderExtraction.VisualizationNonScalarRecipesReachRenderWorld
4121/4154 Test #4186: RuntimeRenderExtraction.VisualizationNonScalarRecipesReachRenderWorld ...........................................   Passed    0.03 sec
          Start 4187: RuntimeRenderExtraction.VisualizationNonScalarRecipeFailuresAreCounted
4122/4154 Test #4187: RuntimeRenderExtraction.VisualizationNonScalarRecipeFailuresAreCounted ..........................................   Passed    0.03 sec
          Start 4188: RuntimeRenderExtraction.ObservesAssetSourceAsUnavailableWithoutGpuAssetCache
4123/4154 Test #4188: RuntimeRenderExtraction.ObservesAssetSourceAsUnavailableWithoutGpuAssetCache ....................................   Passed    0.03 sec
          Start 4189: RuntimeRenderExtraction.ObservesReadyAssetGenerationAsRebindRequired
4124/4154 Test #4189: RuntimeRenderExtraction.ObservesReadyAssetGenerationAsRebindRequired ............................................   Passed    0.03 sec
          Start 4190: RuntimeRenderExtraction.HelperDoesNotMarkRebindGenerationAsSeen
4125/4154 Test #4190: RuntimeRenderExtraction.HelperDoesNotMarkRebindGenerationAsSeen .................................................   Passed    0.03 sec
          Start 4191: RuntimeRenderExtraction.AcknowledgeRebindAdvancesLastSeenGeneration
4126/4154 Test #4191: RuntimeRenderExtraction.AcknowledgeRebindAdvancesLastSeenGeneration .............................................   Passed    0.03 sec
          Start 4192: RuntimeRenderExtraction.AcknowledgeRebindRejectsObservationsWithoutGeneration
4127/4154 Test #4192: RuntimeRenderExtraction.AcknowledgeRebindRejectsObservationsWithoutGeneration ...................................   Passed    0.00 sec
          Start 4193: RuntimeRenderExtraction.AcknowledgeRebindRejectsAssetMismatch
4128/4154 Test #4193: RuntimeRenderExtraction.AcknowledgeRebindRejectsAssetMismatch ...................................................   Passed    0.00 sec
          Start 4194: RuntimeRenderExtraction.AcknowledgeRebindRejectsSlotWithoutSourceAsset
4129/4154 Test #4194: RuntimeRenderExtraction.AcknowledgeRebindRejectsSlotWithoutSourceAsset ..........................................   Passed    0.00 sec
          Start 4195: RuntimeRenderExtraction.ExtractAndSubmitDoesNotAutoAcknowledgeRebinds
4130/4154 Test #4195: RuntimeRenderExtraction.ExtractAndSubmitDoesNotAutoAcknowledgeRebinds ...........................................   Passed    0.03 sec
          Start 4196: RuntimeDeviceSelection.DefaultsToNullFallbackForVulkanBackend
4131/4154 Test #4196: RuntimeDeviceSelection.DefaultsToNullFallbackForVulkanBackend ...................................................   Passed    0.00 sec
          Start 4197: RuntimeDeviceSelection.RequiresCompiledPromotedVulkanBackend
4132/4154 Test #4197: RuntimeDeviceSelection.RequiresCompiledPromotedVulkanBackend ....................................................   Passed    0.00 sec
          Start 4198: RuntimeDeviceSelection.SelectsPromotedVulkanOnlyWhenConfigAndBuildOptIn
4133/4154 Test #4198: RuntimeDeviceSelection.SelectsPromotedVulkanOnlyWhenConfigAndBuildOptIn .........................................   Passed    0.00 sec
          Start 4199: RuntimeFrameLoopContract.PlatformBeginFramePollsBeforeMinimizedWait
4134/4154 Test #4199: RuntimeFrameLoopContract.PlatformBeginFramePollsBeforeMinimizedWait .............................................   Passed    0.00 sec
          Start 4200: RuntimeFrameLoopContract.PlatformBeginFrameStopsWhenPollRequestsClose
4135/4154 Test #4200: RuntimeFrameLoopContract.PlatformBeginFrameStopsWhenPollRequestsClose ...........................................   Passed    0.00 sec
          Start 4201: RuntimeFrameLoopContract.RenderFrameOrdersPromotedRendererPhases
4136/4154 Test #4201: RuntimeFrameLoopContract.RenderFrameOrdersPromotedRendererPhases ................................................   Passed    0.00 sec
          Start 4202: RuntimeFrameLoopContract.RenderFrameSkipsExtractionWhenBeginFrameFails
4137/4154 Test #4202: RuntimeFrameLoopContract.RenderFrameSkipsExtractionWhenBeginFrameFails ..........................................   Passed    0.00 sec
          Start 4203: RuntimeFrameLoopContract.MaintenanceOrdersTransferBeforeAssetAndGeometryMaintenance
4138/4154 Test #4203: RuntimeFrameLoopContract.MaintenanceOrdersTransferBeforeAssetAndGeometryMaintenance .............................   Passed    0.00 sec
          Start 4204: RuntimeFrameLoopContract.OperationalTransitionWaitsIdleThenRebuildsRendererOnce
4139/4154 Test #4204: RuntimeFrameLoopContract.OperationalTransitionWaitsIdleThenRebuildsRendererOnce .................................   Passed    0.00 sec
          Start 4205: RuntimeFrameLoopContract.OperationalTransitionNoOpsUntilDeviceBecomesOperational
4140/4154 Test #4205: RuntimeFrameLoopContract.OperationalTransitionNoOpsUntilDeviceBecomesOperational ................................   Passed    0.00 sec
          Start 4206: RuntimeFrameLoopContract.OperationalTransitionDoesNotMarkRendererWhenRebuildFails
4141/4154 Test #4206: RuntimeFrameLoopContract.OperationalTransitionDoesNotMarkRendererWhenRebuildFails ...............................   Passed    0.00 sec
          Start 4207: RuntimeFrameLoopContract.ShutdownOrdersRuntimeModulesAndSubsystemTeardown
4142/4154 Test #4207: RuntimeFrameLoopContract.ShutdownOrdersRuntimeModulesAndSubsystemTeardown .......................................   Passed    0.03 sec
          Start 4208: RenderWorldPoolPipelined.ConsumesRenderNMinusOneWhileExtractionWritesN
4143/4154 Test #4208: RenderWorldPoolPipelined.ConsumesRenderNMinusOneWhileExtractionWritesN ..........................................   Passed    0.03 sec
          Start 4209: RuntimeSandboxAcceptance.MeshGraphPointCloudAllResideThroughOneExtraction
4144/4154 Test #4209: RuntimeSandboxAcceptance.MeshGraphPointCloudAllResideThroughOneExtraction .......................................   Passed    0.04 sec
          Start 4210: RuntimeSandboxAcceptance.CameraControllerProducesFiniteInvertibleFrameCamera
4145/4154 Test #4210: RuntimeSandboxAcceptance.CameraControllerProducesFiniteInvertibleFrameCamera ....................................   Passed    0.00 sec
          Start 4211: RuntimeSandboxAcceptance.ComposedCameraModuleDrivesFiniteFirstFrame
4146/4154 Test #4211: RuntimeSandboxAcceptance.ComposedCameraModuleDrivesFiniteFirstFrame .............................................   Passed    0.04 sec
          Start 4212: RuntimeSandboxAcceptance.SelectionControllerSelectsEntityOfEachFamily
4147/4154 Test #4212: RuntimeSandboxAcceptance.SelectionControllerSelectsEntityOfEachFamily ...........................................   Passed    0.04 sec
          Start 4213: RuntimeSandboxAcceptance.EditorWorkspaceSnapshotEnumeratesAcceptanceScene
4148/4154 Test #4213: RuntimeSandboxAcceptance.EditorWorkspaceSnapshotEnumeratesAcceptanceScene .......................................   Passed    0.04 sec
          Start 4214: RuntimeSandboxAcceptance.PrimitiveRefinementResolvesOneDomainPerFamily
4149/4154 Test #4214: RuntimeSandboxAcceptance.PrimitiveRefinementResolvesOneDomainPerFamily ..........................................   Passed    0.04 sec
          Start 4215: RuntimeSandboxAcceptance.SelectionOutlineSnapshotPopulatedForSelectedEntity
4150/4154 Test #4215: RuntimeSandboxAcceptance.SelectionOutlineSnapshotPopulatedForSelectedEntity .....................................   Passed    0.04 sec
          Start 4216: RuntimeSandboxAcceptance.ViewportLeftClickSubmitsSelectionPick
4151/4154 Test #4216: RuntimeSandboxAcceptance.ViewportLeftClickSubmitsSelectionPick ..................................................   Passed    0.04 sec
          Start 4217: RuntimeSandboxAcceptance.IdleFrameSkipsPreRenderTransformFlush
4152/4154 Test #4217: RuntimeSandboxAcceptance.IdleFrameSkipsPreRenderTransformFlush ..................................................   Passed    0.04 sec
          Start 4218: RuntimeSandboxAcceptance.InspectorTransformEditFlushedToRenderStateSameFrame
4153/4154 Test #4218: RuntimeSandboxAcceptance.InspectorTransformEditFlushedToRenderStateSameFrame ....................................   Passed    0.04 sec
          Start 4219: GlfwLifecycleLsan.EngineStaticTeardownAndLeakControl
4154/4154 Test #4219: GlfwLifecycleLsan.EngineStaticTeardownAndLeakControl ............................................................***Skipped   0.01 sec

100% tests passed, 0 tests failed out of 4154

Label Time Summary:
assets         =   0.15 sec*proc (90 tests)
contract       =  35.26 sec*proc (1496 tests)
core           =   3.75 sec*proc (292 tests)
ecs            =   0.35 sec*proc (133 tests)
geometry       =  12.63 sec*proc (1697 tests)
glfw           =   0.01 sec*proc (1 test)
graphics       =  15.72 sec*proc (850 tests)
headless       =   0.01 sec*proc (4 tests)
integration    =   7.08 sec*proc (260 tests)
physics        =   0.19 sec*proc (80 tests)
platform       =   0.01 sec*proc (5 tests)
regression     =   0.01 sec*proc (1 test)
runtime        =  28.32 sec*proc (1070 tests)
unit           =  17.16 sec*proc (2401 tests)

Total Test time (real) =  55.67 sec

The following tests did not run:
	4219 - GlfwLifecycleLsan.EngineStaticTeardownAndLeakControl (Skipped)
