# Derived atlas; source triangle geometry is unchanged.
mtllib packed.mtl
v -0.037411000600000001 0.447268993 0.121909
v 0.037686999899999997 0.44708699000000002 0.12197899800000001
v -0.0378380008 0.28169998499999999 0.042555998999999997
v 0.037050999699999997 0.28181400899999998 0.0433119982
v 7.4000003199999994e-05 0.35365700700000002 0.258965999
v 0.0017669999500000001 0.47595799 0.349168003
v -3.0000001099999998e-06 0.076847001900000003 -0.26755499799999999
v 0.00079600000800000002 0.38691300200000001 -0.057280998700000002
v 0.059232000299999997 0.31131899400000002 -0.0062339999700000001
v 0.101603001 0.33243000499999997 0.22153399900000001
v -0.059041000900000001 0.31058800199999997 -0.0076609998899999998
v -0.100483 0.33320799499999998 0.22192099700000001
v 0.000427999999 0.47199899000000001 0.11560100299999999
v -0.035000000099999998 0.47376900900000002 0.24071699399999999
v -0.011080999899999999 0.45217299500000002 0.0098029999100000004
v -0.060961000600000002 0.38997501099999998 0.065447002599999998
v -0.066706001799999998 0.39477199299999999 0.195188999
v 0.036533001799999999 0.47231098999999999 0.240119994
v 0.0117819998 0.45019000799999997 0.012197
v 0.061032999300000002 0.39037001100000002 0.066155999899999998
v 0.066864997100000004 0.39373499200000001 0.194526002
v -0.00039800000400000001 0.25819298600000001 0.0096359997999999995
v -0.040029000500000002 0.330511004 0.179315999
v -0.0131700002 0.16800899799999999 -0.162296996
v -0.0494900011 0.27448299500000001 0.0034109998999999999
v -0.099414996800000002 0.30573499199999998 0.17932400100000001
v 0.039329998200000001 0.331086993 0.179786995
v 0.0129720001 0.16717100100000001 -0.16303299399999999
v 0.049315001800000001 0.27478599500000001 0.0047019999499999998
v 0.100837998 0.304567009 0.17906999600000001
v 0.000640999991 0.38121300899999999 0.36160099499999998
v 0.060444001099999999 0.35160800800000003 0.251111001
v -0.059804000000000003 0.35129100099999999 0.25237798700000003
v 0.0569959991 0.40834501400000001 0.28710699099999998
v -0.056216001500000001 0.410448015 0.29091599600000001
v 0.00095399998800000003 0.267823011 -0.171152994
v 0.028931999600000001 0.208734006 -0.15911099300000001
v -0.0290350001 0.210421994 -0.15837200000000001
v 0.033730998599999999 0.34501200900000001 -0.066715002100000004
v -0.032726000999999998 0.34615701399999999 -0.066725000699999995
v 0.070541001899999997 0.33521500199999998 0.151286006
v -0.068829998399999995 0.336427003 0.150451005
v -0.018013000500000001 0.46418601300000001 0.117022
v -0.039377000199999998 0.45907801399999998 0.17322500099999999
v -0.020259000400000001 0.45112600899999999 0.067468002400000004
v -0.048436000899999998 0.42509999900000001 0.096162997200000003
v -0.0590390004 0.430303991 0.157948002
v 0.018748000300000001 0.46356201200000002 0.117201999
v 0.040137000399999997 0.458182007 0.17313799299999999
v 0.0207780004 0.45013201200000003 0.0683770031
v 0.0486040004 0.42512699999999998 0.096537999799999996
v 0.0592570007 0.42971399399999999 0.15856500000000001
v -0.021934999199999999 0.26649999600000002 0.0198350009
v -0.043003000299999997 0.31031900600000001 0.112706997
v -0.024674000200000001 0.23585799299999999 -0.051849998500000001
v -0.042982000899999998 0.274058998 0.018875999399999999
v -0.054574999999999999 0.31205999899999998 0.113146998
v 0.020708000300000001 0.26633998800000003 0.020351000099999999
v 0.042876999800000003 0.311105996 0.114693999
v 0.0234539993 0.23527300400000001 -0.052021998899999998
v 0.042031999700000003 0.27408000799999999 0.020083999299999999
v 0.054563999199999998 0.31278199000000001 0.114762999
v -0.020349999899999999 0.34153899599999998 0.22617200000000001
v 0.019099999199999999 0.34143999200000003 0.22592599699999999
v -0.000165999998 0.369484007 0.29540601399999999
v 0.028548000399999999 0.35654500099999997 0.26057699299999998
v -0.028621999499999998 0.35638099899999998 0.261076003
v -0.021580999699999999 0.48362299800000003 0.30543699899999999
v 0.024211000699999999 0.48232999399999998 0.30354699499999999
v 0.00135100004 0.43960601100000002 0.39191600700000001
v 0.042544998200000003 0.45203700699999999 0.33814498799999998
v -0.039997998600000001 0.45448699599999998 0.34192499500000001
v -0.024772999800000001 0.083797000299999994 -0.246698007
v 0.0258140005 0.084058999999999995 -0.246668994
v 0.0012969999800000001 0.171295002 -0.225465998
v 0.029332000800000001 0.12695699899999999 -0.233297005
v -0.029197000000000001 0.12673500200000001 -0.23280300200000001
v -0.00269700005 0.42750901000000002 -0.027124000700000001
v 0.0042440001899999996 0.427042007 -0.025722999100000001
v 0.00076199998099999995 0.33928200600000002 -0.105319001
v 0.012112 0.369143993 -0.066201001400000001
v -0.010882000399999999 0.36995101000000002 -0.066500000700000006
v 0.062815003100000003 0.347828001 0.030367000000000002
v 0.055837999999999999 0.28858300999999997 -0.0029970000000000001
v 0.049318999099999997 0.27084198599999998 -0.075740002099999995
v 0.052480999399999999 0.32247799599999999 -0.0441339985
v 0.065834000700000006 0.32637301099999999 0.064824000000000007
v 0.077068999400000004 0.35680299999999998 0.21657599499999999
v 0.132577002 0.30087798799999999 0.205621004
v 0.091366000500000003 0.33716300100000002 0.23673899500000001
v 0.072894997899999994 0.36722400799999999 0.24487499900000001
v 0.099200002800000006 0.32457500700000003 0.19816699600000001
v -0.062688998900000001 0.34790900299999999 0.029030999200000001
v -0.055711999499999998 0.287739992 -0.0043029999399999998
v -0.0490639992 0.27022901199999999 -0.077454000699999997
v -0.052375998299999997 0.32246699899999998 -0.045138999800000003
v -0.066005997400000002 0.32616698700000002 0.063031002899999994
v -0.076364003099999994 0.35795000199999999 0.21760100099999999
v -0.13375200300000001 0.29999899899999999 0.20416100300000001
v -0.089284002799999998 0.338301986 0.23734000299999999
v -0.0711290017 0.368450999 0.24634699500000001
v -0.099077999599999994 0.324299008 0.19714499999999999
v -0.012810000199999999 0.47753500900000001 0.179620996
v -0.0042059999000000001 0.47455799599999998 0.052041999999999998
v 0.014386000100000001 0.47703900900000001 0.179844007
v 0.0048850001799999997 0.47429200999999999 0.0514819995
v -0.059165999300000001 0.43819901300000003 0.22072599800000001
v 0.0011919999999999999 0.48877000799999998 0.24756999299999999
v -0.0539209992 0.44906601299999999 0.28243199000000002
v -0.031184000900000002 0.41852799099999999 0.034092999999999998
v 0.00176400004 0.49109101300000002 -0.018175000300000001
v -0.017766000699999999 0.40126499500000001 -0.018964000000000002
v -0.067459002099999998 0.39336100200000002 0.13489599499999999
v -0.046107001600000003 0.37474900500000002 -0.0034600000399999998
v -0.069145999799999996 0.358070999 0.106972001
v -0.063206002100000006 0.40210199400000002 0.243974
v -0.067313998900000005 0.35512399700000002 0.177429006
v 0.059691999099999997 0.43645900500000001 0.21940900399999999
v 0.055073000499999997 0.44617000200000001 0.27848499999999998
v 0.0311309993 0.41881701399999999 0.0348049998
v 0.0180740003 0.401143998 -0.018544999900000001
v 0.067354999499999998 0.39287701200000003 0.135633007
v 0.0464570001 0.37432700400000002 -0.00272600004
v 0.0687630028 0.35812601399999999 0.107767001
v 0.063858002400000002 0.40041300699999999 0.241424993
v 0.068984001899999994 0.354324996 0.17910499899999999
v -0.016559999400000001 0.297432005 0.103577003
v -0.0064969998799999998 0.209709004 -0.090728998199999994
v 0.0149750002 0.29747301300000001 0.104277998
v 0.0063510001600000001 0.209867999 -0.090223997799999997
v -0.071851000200000001 0.32708200799999998 0.18637000000000001
v -0.00097599998099999995 0.32266798600000002 0.176760003
v -0.058740999500000002 0.34072598799999998 0.22450500700000001
v -0.031752001500000002 0.22201099999999999 -0.089838996500000004
v -7.8999997599999997e-05 0.145068005 -0.18185199799999999
v -0.0228339992 0.161801994 -0.18256999600000001
v -0.0627200007 0.31053999100000002 0.100772001
v -0.039714999500000001 0.23231300699999999 -0.093232996799999995
v -0.064277999099999997 0.31657201099999999 0.090365000099999995
v -0.098857998799999999 0.31694298999999998 0.22014099400000001
v -0.10454100400000001 0.30906599800000001 0.17189000500000001
v 0.072246000199999993 0.32833001000000001 0.18757200199999999
v 0.059323001700000003 0.34082201099999998 0.22445300200000001
v 0.030773000799999999 0.22179700399999999 -0.088477000599999994
v 0.023418000000000001 0.16183599800000001 -0.183275998
v 0.062587998800000003 0.31088998899999998 0.103249997
v 0.039847999799999999 0.232684001 -0.093648999900000002
v 0.065030001099999998 0.317193002 0.093106999999999995
v 0.099055998000000006 0.316662997 0.21928900500000001
v 0.104084998 0.30964699400000001 0.17261299499999999
v 0.030965000400000001 0.37455999899999998 0.29853099599999999
v -0.030356999499999999 0.37498000300000001 0.29994100299999998
v 0.040210999499999997 0.40497800699999997 0.33981999800000001
v -0.038814999199999999 0.40502300899999999 0.342397004
v 0.056453999099999999 0.375200003 0.273400009
v -0.055752001699999998 0.37632098800000002 0.27576500199999998
v 0.016079999500000001 0.22606399699999999 -0.182835996
v -0.016511999100000001 0.227023005 -0.18154099600000001
v 0.018467999999999998 0.30773198600000001 -0.12503500300000001
v -0.017212999999999999 0.30890300900000001 -0.12553900500000001
v 0.036479998399999998 0.27949601400000001 -0.116127998
v -0.036184001700000003 0.27971899500000003 -0.116962001
v -0.028473999400000002 0.45558300600000001 0.119471997
v -0.038795001799999999 0.45241901299999998 0.143983006
v -0.0300409999 0.44817200299999999 0.098292999000000006
v -0.042116001200000003 0.438163996 0.11028199599999999
v -0.047495998400000003 0.44113200899999999 0.137801006
v 0.028984000900000001 0.45507299899999998 0.11964900000000001
v 0.039234999600000001 0.45196801399999997 0.143931001
v 0.0302690007 0.44783401499999997 0.098653003599999997
v 0.042240001300000003 0.43827500899999999 0.11046700199999999
v 0.047706998899999999 0.44104599999999999 0.137851998
v -0.031212000199999999 0.27464300400000002 0.0313129984
v -0.0403590016 0.29539400300000002 0.074194997499999998
v -0.031900998200000003 0.26273399600000003 0.0025810001
v -0.040123999100000002 0.277727008 0.031003000199999999
v -0.045347999799999997 0.296683013 0.073948003400000004
v 0.030052000700000001 0.27455499799999999 0.031964000300000003
v 0.039664998700000002 0.29548201000000002 0.0753099993
v 0.030806999700000001 0.26258999100000002 0.0029810001100000001
v 0.039308000400000001 0.27779701400000001 0.031881000800000003
v 0.045040000199999999 0.29692199800000002 0.075159996699999995
v -0.0088940002000000001 0.347773999 0.24557800599999999
v 0.0082590002599999997 0.34777599599999998 0.24555100499999999
v 0.00012899999299999999 0.36085900700000001 0.27434399700000001
v 0.0130500002 0.35546499500000001 0.26166900999999998
v -0.012957000200000001 0.35538500499999998 0.26142400500000001
v -0.0099130002800000006 0.48213800800000001 0.33176898999999999
v 0.013275999599999999 0.48157998899999999 0.330397993
v 0.0012789999599999999 0.46393600099999999 0.36884000900000002
v 0.021777000299999998 0.46913498599999998 0.34995499299999999
v -0.018853999699999999 0.469861001 0.35159000800000001
v -0.020557999600000001 0.046599999099999997 -0.28016200699999999
v 0.019486999099999999 0.043177999600000003 -0.28053900599999998
v 0.00044599999099999998 0.119750999 -0.247066006
v 0.026365999099999999 0.091857999600000004 -0.25842300099999999
v -0.025506999299999999 0.091883003699999993 -0.25830900699999998
v -0.00102199998 0.40406799300000001 -0.042729001500000002
v 0.0026750001099999999 0.40402299200000003 -0.042351
v 0.00073500000900000005 0.366221994 -0.077010996600000006
v 0.0051699997900000001 0.37972599299999998 -0.062056001299999997
v -0.0037219999399999999 0.380057007 -0.062258001399999999
v 0.061250999600000001 0.32762199600000003 0.0107880002
v 0.058396000400000002 0.30005300000000001 -0.0051699997900000001
v 0.055663000800000001 0.29509699299999997 -0.036541998399999998
v 0.056876000000000003 0.31509500699999998 -0.024330999700000001
v 0.062688998900000001 0.318471014 0.024472000099999999
v 0.089575000099999996 0.343533009 0.21976099900000001
v 0.117328003 0.317182988 0.21635800599999999
v 0.100881003 0.332331985 0.228763998
v 0.087440997399999998 0.34808498599999999 0.231239006
v 0.105306998 0.32647800399999999 0.21105000400000001
v -0.061076000300000002 0.32733499999999999 0.0094459997499999997
v -0.058276999699999998 0.299075007 -0.0065500000500000001
v -0.055355001199999997 0.29419299999999998 -0.037923999100000001
v -0.056680999699999998 0.31452700500000003 -0.025816999399999999
v -0.062587998800000003 0.31787499800000002 0.022947000299999999
v -0.088765002800000006 0.34427401400000002 0.220584005
v -0.116116002 0.31785601400000002 0.21565799399999999
v -0.098774999399999994 0.333763003 0.22891199600000001
v -0.085982002299999999 0.34914800499999998 0.23208799999999999
v -0.10513500100000001 0.326523006 0.211122006
v -0.00844400004 0.47002699999999997 0.115872003
v 0.0092700002700000003 0.46970701199999998 0.115837999
v -0.0049800002000000001 0.47420200699999998 0.14768999799999999
v -0.0028599998900000001 0.47209799299999999 0.083562999999999998
v 0.0062489998499999999 0.47397801299999998 0.14774200300000001
v 0.0033340000100000001 0.47200599300000001 0.083214998200000001
v -0.037976998800000002 0.466495991 0.20610600700000001
v -0.029668999800000002 0.47993201000000002 0.27423700699999998
v -0.022780999499999999 0.478150994 0.21092699500000001
v -0.049132998999999997 0.45747301000000001 0.23181700699999999
v -0.017551999499999998 0.48485898999999999 0.245639995
v -0.046082999600000001 0.46387198600000001 0.265619993
v -0.014419999899999999 0.452984989 0.037569001300000002
v -0.0072300000999999999 0.44483900100000001 -0.0133480001
v -0.0083480002400000003 0.46982899299999997 0.026558000599999999
v -0.018469000199999999 0.43411400900000002 0.021749999400000001
v -0.0072920001100000003 0.47816100700000003 -0.0074399998400000002
v -0.013056999999999999 0.42726200800000003 -0.0025830001099999998
v -0.055452998699999999 0.409029007 0.081265002500000003
v -0.063014999000000002 0.36951500199999998 0.047848999500000003
v -0.047116000200000001 0.40431800499999998 0.048436000899999998
v -0.065686002399999999 0.39274498800000002 0.101048
v -0.053628999699999999 0.38417199299999999 0.030125999800000001
v -0.0669410005 0.373623013 0.085412003099999995
v -0.065453998700000002 0.413664013 0.17802000000000001
v -0.068504996600000007 0.37482601399999999 0.21005800399999999
v -0.064360000200000003 0.416655004 0.20772099499999999
v -0.0675640032 0.39357501299999997 0.166540995
v -0.065332002900000005 0.397754997 0.22053900400000001
v -0.067707002200000005 0.373688996 0.18590299800000001
v 0.039085999099999998 0.46521899100000003 0.205870003
v 0.032092999699999999 0.47807899100000001 0.27324500699999998
v 0.0245949998 0.47730898900000002 0.21127100300000001
v 0.0196320005 0.48401600099999997 0.24579000500000001
v 0.0503359996 0.45589598999999997 0.23102700700000001
v 0.047768998899999998 0.46149399899999999 0.263274014
v 0.0147270001 0.45196700099999998 0.038646001399999998
v 0.00827000011 0.44229200499999999 -0.0102080004
v 0.0092160003299999998 0.46886101400000002 0.027985999399999999
v 0.0082790004100000009 0.47205999500000001 -0.0013409999700000001
v 0.018202999599999999 0.43418800800000001 0.022627999999999999
v 0.013089000199999999 0.42715999500000001 -0.00155799999
v 0.0555789992 0.40890800999999999 0.081869997099999994
v 0.063083998899999993 0.369452 0.049206998199999998
v 0.0471660011 0.40454700599999999 0.049203001000000003
v 0.065623000299999998 0.39252200700000001 0.101159997
v 0.053835000799999998 0.38463300499999997 0.0312489998
v 0.066909000299999993 0.37369701300000002 0.086419999600000005
v 0.065762996700000007 0.41273400199999999 0.178314999
v 0.069035001100000007 0.37347400200000003 0.20883099699999999
v 0.064611002799999998 0.41521298899999998 0.206148997
v 0.067635998099999997 0.39269399599999999 0.16740100099999999
v 0.065843999400000006 0.396472991 0.21863199799999999
v 0.067882999799999996 0.372004002 0.18689499800000001
v -0.0114510003 0.26046899000000001 0.01205
v 0.0103930002 0.26042100800000001 0.012348
v -0.0072349999099999996 0.27887898700000002 0.057900998699999998
v -0.0044430000699999996 0.23491500300000001 -0.040320999900000001
v 0.0059449998700000003 0.27890199399999999 0.058116000100000002
v 0.0042750001900000003 0.234850004 -0.0405689999
v -0.043272998200000003 0.32202199100000001 0.148922995
v -0.031314000500000001 0.33595401000000003 0.20394000400000001
v -0.027933999899999999 0.31515198900000002 0.14463399399999999
v -0.055856998999999997 0.33307498699999999 0.182842001
v -0.021421000400000001 0.32514300899999998 0.177732006
v -0.051594000299999998 0.33863300099999999 0.205593005
v -0.017257999600000001 0.20355199299999999 -0.110195003
v -0.0145960003 0.129028007 -0.206263006
v -0.0078440001199999998 0.18584600100000001 -0.13228300200000001
v -0.021882999699999999 0.19395799899999999 -0.131653994
v -0.0057049999000000004 0.150288001 -0.177755997
v -0.019160000600000001 0.159355998 -0.17915500700000001
v -0.046254999900000003 0.27271500199999998 0.0095220003300000005
v -0.052560001600000003 0.279478014 -0.00093099998800000002
v -0.040856998399999997 0.24939499800000001 -0.042435001600000001
v -0.055360999000000001 0.294324011 0.052985001400000002
v -0.044635999900000001 0.25352200899999999 -0.0461249985
v -0.057502999899999997 0.29715898600000001 0.047649998200000002
v -0.071284003600000007 0.31784001000000001 0.15409399600000001
v -0.13041999900000001 0.28883099600000001 0.18936599800000001
v -0.0865570009 0.31575900299999998 0.18482199299999999
v -0.077789001199999999 0.314438999 0.147236004
v -0.106986001 0.30505299600000002 0.20089900499999999
v -0.10733000199999999 0.30303698800000001 0.17055299900000001
v 0.042994998399999998 0.32306998999999997 0.15096999699999999
v 0.030418999499999998 0.335913986 0.20344400400000001
v 0.026769999400000001 0.31522598899999998 0.146262005
v 0.019578000500000001 0.32481700200000002 0.17726700000000001
v 0.055844999800000003 0.33489000800000002 0.18368099600000001
v 0.051461 0.33918300299999998 0.20521700400000001
v 0.016666000699999999 0.202843994 -0.110792004
v 0.014752999899999999 0.12873800099999999 -0.20676499600000001
v 0.0079460004300000008 0.18544000399999999 -0.13273300199999999
v 0.00582600012 0.14985400400000001 -0.17832499700000001
v 0.021844999899999998 0.19358499300000001 -0.13203599999999999
v 0.019233999799999998 0.15925599600000001 -0.17937499300000001
v 0.045577999199999997 0.27281001199999999 0.010990999600000001
v 0.052655998599999997 0.28001499200000002 0.00031800000600000001
v 0.040275998399999999 0.24938100599999999 -0.041312001600000002
v 0.055289998700000002 0.294620991 0.054907001599999998
v 0.044564999600000002 0.25377300400000002 -0.045570000999999999
v 0.057819999800000001 0.297854006 0.049550998999999998
v 0.072871997999999993 0.317380995 0.15454900299999999
v 0.133273005 0.287975013 0.189549997
v 0.087408997099999997 0.31578400699999998 0.186114997
v 0.078033000199999994 0.31433498900000001 0.147513002
v 0.108554997 0.30403700500000003 0.201324001
v 0.10866100300000001 0.30242499699999997 0.17158399499999999
v 5.6000000799999999e-05 0.37610199999999999 0.32143399099999997
v -0.00129199994 0.40257298899999999 0.43081900499999998
v 0.018077999399999999 0.37985300999999999 0.32957801199999998
v -0.017368000000000001 0.37991398599999998 0.33025801199999999
v 0.024374000699999999 0.39178299900000002 0.36568400299999998
v -0.023653000600000001 0.39178198600000003 0.367211014
v 0.044589001699999999 0.35610800999999997 0.257021993
v 0.076702997100000003 0.34430599200000001 0.244305998
v 0.060989998300000001 0.34425699700000001 0.238514006
v 0.079383999100000005 0.33493799000000002 0.23430100100000001
v 0.044229999200000002 0.36531001299999999 0.27219399799999999
v 0.058074999600000003 0.36203798700000001 0.26256299
v -0.044286001499999998 0.35545900499999999 0.25794801099999998
v -0.075460001799999996 0.34488800200000003 0.24537500700000001
v -0.060534000400000003 0.34388101100000001 0.239198998
v -0.078731998799999994 0.33503300000000003 0.23520000299999999
v -0.043618001000000003 0.36510598700000002 0.27370399200000001
v -0.057521000500000002 0.36256200100000002 0.26442301299999998
v 0.053316000799999999 0.430141985 0.31434398899999999
v 0.062611997099999997 0.38755500300000001 0.26334801299999999
v 0.057422000899999999 0.427567005 0.28569600000000001
v 0.061174001499999998 0.40489599100000001 0.26378500500000002
v 0.050632998300000003 0.40918898599999998 0.312415004
v 0.056253999499999999 0.39066100100000001 0.28256401399999997
v -0.0523269996 0.43334600299999998 0.31917199499999999
v -0.061360999899999998 0.38917100399999999 0.266072005
v -0.057011999200000003 0.430519015 0.29053598600000002
v -0.060410000399999997 0.40693599000000003 0.26710799299999999
v -0.049575999400000001 0.410504013 0.31622299599999998
v -0.055355999599999997 0.39201700699999997 0.28565600499999999
v 0.0012669999899999999 0.221745998 -0.200345993
v 0.00072599999799999998 0.30713298900000002 -0.13845400499999999
v 0.0087770000099999992 0.24581299700000001 -0.182232007
v -0.0076640001500000001 0.246640995 -0.18237699600000001
v 0.0094750002 0.28816199300000001 -0.151033998
v -0.0082630002899999992 0.28907498700000001 -0.151563004
v 0.023304000500000002 0.17209999300000001 -0.198660001
v 0.039553001499999997 0.24162499600000001 -0.117518999
v 0.024836000099999998 0.17869199799999999 -0.17830599799999999
v 0.033796001200000002 0.21583400699999999 -0.13239899299999999
v 0.024102000500000002 0.21273900600000001 -0.173483998
v 0.033408001100000001 0.243227005 -0.13777199400000001
v -0.023096000799999999 0.17262899900000001 -0.198321
v -0.039322998400000003 0.24209900200000001 -0.118561998
v -0.0246360004 0.17854599700000001 -0.17750200599999999
v -0.0337099992 0.21582299499999999 -0.13249799600000001
v -0.0238029994 0.214035004 -0.17385500700000001
v -0.032993998400000002 0.24457199900000001 -0.13858200600000001
v 0.021850999400000001 0.35713899100000002 -0.068214997599999994
v 0.044982001200000003 0.33309799400000001 -0.059261001600000002
v 0.026613999199999998 0.37323299100000001 -0.0408079997
v 0.039900999499999999 0.36104899600000001 -0.035234000500000001
v 0.026683999199999999 0.32684099700000002 -0.096757002199999997
v 0.0373580009 0.31383100200000003 -0.093032002399999994
v -0.0205099992 0.35846099300000001 -0.068637996899999998
v -0.044775001699999997 0.33368200100000001 -0.059471998399999997
v -0.026053000199999999 0.37372601 -0.040952999099999998
v -0.039480000699999997 0.36188399799999998 -0.035466998800000003
v -0.025296000799999999 0.32825601100000001 -0.097084000700000006
v -0.036848999600000001 0.31446099300000002 -0.093036003399999997
v 0.067087002100000001 0.33328100999999999 0.108378999
v 0.085018999900000003 0.32736599399999999 0.18326500100000001
v 0.0683040023 0.34514099399999998 0.129127994
v 0.070419996999999998 0.342505008 0.16778099499999999
v 0.068856999299999999 0.32945999500000001 0.12792700500000001
v 0.0845850036 0.32376199999999999 0.169958994
v -0.066886000299999998 0.33323699200000001 0.106386997
v -0.083507999799999996 0.32823601400000002 0.181560993
v -0.067821003500000004 0.34543401000000001 0.12774200699999999
v -0.068282999100000005 0.34353599000000001 0.16616900300000001
v -0.067933998999999995 0.330323011 0.125669003
v -0.083589002499999995 0.32447499000000002 0.167908996
v -0.028015999100000001 0.46234199399999998 0.146264002
v -0.018264999600000002 0.45912799199999998 0.089580997800000006
v -0.016473999199999999 0.47002300600000002 0.14721499399999999
v -0.0092270001800000001 0.46778699800000001 0.084515996299999993
v -0.050145998599999998 0.445778012 0.166850001
v -0.026435999200000001 0.47043600699999999 0.17724500600000001
v -0.050461001700000001 0.451348007 0.19867099799999999
v -0.0340129994 0.43730598700000001 0.080912999799999996
v -0.011377999600000001 0.46360498700000002 0.058393001600000001
v -0.024779999600000002 0.43704301099999998 0.0500230007
v -0.055121000900000001 0.42754399799999998 0.127113
v -0.040049001600000002 0.422188014 0.064920999100000001
v -0.0617490001 0.410908997 0.114564002
v -0.0598420016 0.433952004 0.189247996
v -0.064900003400000003 0.41192901100000001 0.14693300400000001
v 0.028875000800000002 0.46168300499999998 0.14633600399999999
v 0.019021999099999999 0.45798999099999999 0.090231999800000004
v 0.017616 0.46945398999999999 0.147346005
v 0.0096939997699999995 0.46720901100000001 0.0844739974
v 0.050705999100000003 0.44487801199999999 0.16681599599999999
v 0.0278050005 0.469366014 0.177424997
v 0.051343999799999998 0.449934006 0.19827699700000001
v 0.034003999100000001 0.43729001299999998 0.081363998399999998
v 0.012073 0.46247801199999999 0.058793000900000003
v 0.025173999400000001 0.43682199700000002 0.050942998400000002
v 0.055183000900000001 0.42752400000000002 0.127551004
v 0.040098998699999999 0.42235198600000001 0.065568000099999996
v 0.061827000200000003 0.411082 0.11504299900000001
v 0.0607060008 0.43228098799999998 0.188894004
v 0.065036997200000002 0.41177999999999998 0.148086995
v -0.031461998800000002 0.289159 0.067798003600000004
v -0.023091999799999999 0.25012099700000001 -0.018660999800000001
v -0.019957000400000001 0.28263598699999998 0.061409998700000003
v -0.0137830004 0.240259007 -0.0333140008
v -0.050259999899999998 0.31296300900000001 0.11533500300000001
v -0.030690999699999999 0.302978992 0.107055001
v -0.053849998900000001 0.32484200600000002 0.15288500499999999
v -0.034092999999999998 0.25450798899999999 -0.018774000900000001
v -0.015141 0.21993400199999999 -0.0770820007
v -0.027550999100000001 0.226023003 -0.075657002599999995
v -0.0485839993 0.29484900800000002 0.067357003700000001
v -0.037229999899999998 0.24978700300000001 -0.033927999399999999
v -0.0520340018 0.29339900600000002 0.059353001400000001
v -0.062916003200000001 0.32239499700000002 0.15453499600000001
v -0.0578810014 0.31027001100000001 0.10753399900000001
v 0.030359000000000001 0.28918400399999999 0.068873003099999996
v 0.021796999500000001 0.249841005 -0.0184809994
v 0.0187459998 0.282676011 0.062073998200000001
v 0.012692999999999999 0.240041003 -0.033447999499999999
v 0.050751000599999999 0.31390100700000001 0.11705800099999999
v 0.0298360009 0.30331099 0.108552001
v 0.054414998700000002 0.32667499799999999 0.155117005
v 0.0329790004 0.25425300000000001 -0.018107999100000001
v 0.014031999700000001 0.219606996 -0.076999999599999994
v 0.026623999700000001 0.22553099700000001 -0.075349003100000006
v 0.047951001700000002 0.29499700699999998 0.068750999899999998
v 0.036226000600000002 0.24964599300000001 -0.032607000300000001
v 0.0512959994 0.29347699900000002 0.061165001199999999
v 0.063382998100000004 0.32434299599999999 0.15761899900000001
v 0.057734999799999999 0.31070300899999997 0.109226003
v -0.00088599999399999998 0.34033900499999997 0.22709399499999999
v -0.0264139995 0.34909099300000002 0.24462400400000001
v -0.0114139998 0.33308801100000002 0.20421099700000001
v -0.040137998799999998 0.34348800800000001 0.22587099699999999
v 0.025462999900000002 0.34896299200000003 0.24395799600000001
v 0.0094670001399999992 0.33294901300000002 0.20348000499999999
v 0.039122998700000002 0.34321600200000002 0.22486199400000001
v 0.014547999900000001 0.363768011 0.27959901100000001
v -0.0145279998 0.36383399399999999 0.27990600500000001
v 0.015474 0.37224200400000002 0.30188000199999998
v -0.015599999599999999 0.37242299299999998 0.30222499400000002
v 0.043735999599999999 0.34911400100000001 0.24199899999999999
v 0.029698999600000001 0.36514100399999999 0.27843698900000002
v -0.043749000900000001 0.34878998999999999 0.24260400200000001
v -0.0294720009 0.36507499199999999 0.27924200900000001
v 0.0015590000000000001 0.48923000700000002 0.30804198999999999
v -0.0318339989 0.47166499499999998 0.32625100000000001
v -0.0098580000899999992 0.48977699899999999 0.27914398899999998
v -0.0406300016 0.46878799799999998 0.29661399100000002
v 0.034940999 0.46971601200000002 0.32269901000000001
v 0.012326000300000001 0.48904100099999998 0.27895501299999997
v 0.0430810004 0.466037005 0.29323500400000002
v 0.026593999900000002 0.44979599100000001 0.36769700100000002
v -0.023830000300000001 0.45071399200000001 0.37055599700000003
v 0.026885999399999999 0.42047300900000001 0.378758013
v -0.025189999500000001 0.42051601399999999 0.38029199800000002
v 0.050560001299999997 0.45000600800000001 0.30700001100000002
v 0.0444989987 0.42905101200000001 0.34513399
v -0.0488339998 0.45342901299999999 0.31200098999999998
v -0.042374998300000001 0.43038400999999998 0.34931999400000002
v -0.00015799999500000001 0.074000999299999995 -0.250476003
v -0.102766 0.035071000499999998 -0.27108299699999999
v -0.00626699999 0.112761997 -0.21624399699999999
v -0.028262000499999999 0.11840199699999999 -0.223498002
v 0.104071997 0.031975999499999998 -0.27276301400000003
v 0.0058530001000000002 0.112342998 -0.21632499999999999
v 0.029382999999999999 0.118646003 -0.224303007
v 0.013105999700000001 0.146397993 -0.231510997
v -0.012395000099999999 0.14673699400000001 -0.23160800300000001
v 0.00878500007 0.197822005 -0.20865400100000001
v -0.0073040001999999998 0.19845199599999999 -0.209620997
v 0.029895000200000001 0.1285 -0.224687994
v 0.0177839994 0.17879200000000001 -0.206120998
v -0.028808999799999999 0.128769994 -0.224273995
v -0.017595000600000001 0.179786995 -0.20602299299999999
v 0.00087699998400000002 0.42968401299999998 -0.0291700009
v -0.00633300003 0.39774900699999999 -0.042566001399999998
v -0.0015350000499999999 0.46331399699999998 -0.028997000299999999
v -0.0085840001699999998 0.41523399900000002 -0.022445999099999999
v 0.0075130001599999999 0.39719098800000002 -0.042231000999999997
v 0.0047639999500000002 0.45862799900000001 -0.022523000800000002
v 0.0092289997299999996 0.41464200600000001 -0.021877000099999998
v 0.0072300000999999999 0.35373100600000001 -0.087612003100000002
v -0.0058200000800000002 0.35436201099999998 -0.087687999000000003
v 0.0089320000299999997 0.323817998 -0.11847200200000001
v -0.0073239998900000002 0.32478699100000002 -0.118640997
v 0.0149119999 0.385912001 -0.0425590016
v 0.0161409993 0.34047299600000003 -0.094429001200000001
v -0.014525 0.38627499300000001 -0.042968001200000001
v -0.0144309998 0.34200099099999998 -0.094842001800000006
v 0.0579439998 0.33741599300000003 -0.0071600000400000004
v 0.065912000799999995 0.33588200800000001 0.048801999499999998
v 0.057507000900000001 0.36117300400000002 0.011894999999999999
v 0.067197002500000005 0.35470300900000001 0.069307997800000007
v 0.053373999900000003 0.27715900500000001 -0.043239001200000002
v 0.061354998500000001 0.30928099199999998 0.033899001800000002
v 0.049159999900000001 0.26296499400000001 -0.045986998799999998
v 0.059409998399999997 0.30232399700000001 0.042295001399999997
v 0.051435999599999997 0.29605001199999997 -0.061317998899999997
v 0.045205000799999999 0.248838007 -0.086888998699999997
v 0.043464001299999999 0.27128100399999999 -0.100061998
v 0.051557000700000001 0.349047989 -0.0241989996
v 0.045588999999999998 0.30290800299999998 -0.080982998
v 0.068401999800000002 0.34204301199999998 0.089303001800000004
v 0.064407996800000006 0.32003098699999999 0.079037003199999997
v 0.0765419975 0.362177998 0.23086599999999999
v 0.087742999200000005 0.33900401000000002 0.20766699299999999
v 0.068784996900000006 0.37765601300000001 0.227329999
v 0.073527999199999999 0.35269299100000001 0.20205000000000001
v 0.114105001 0.31668201099999999 0.22243300099999999
v 0.123149998 0.31060499000000003 0.201434001
v 0.12184099900000001 0.30411699399999997 0.213754997
v 0.13606399299999999 0.29324701399999997 0.18224300399999999
v 0.081633999900000004 0.35222300899999998 0.24194399999999999
v 0.0999099985 0.32381001100000001 0.229438007
v 0.071315996300000004 0.35700100699999998 0.25225299600000001
v 0.0664009973 0.382656991 0.245311007
v 0.066123001299999998 0.37178099199999998 0.25870600300000002
v 0.080279998500000005 0.33710399299999999 0.194077998
v 0.106921002 0.31432700200000002 0.185751006
v -0.057571999700000001 0.33748701199999998 -0.0080989999699999995
v -0.065746001900000003 0.33612701299999997 0.046991001800000001
v -0.0571630001 0.361409009 0.0110229999
v -0.067089997200000001 0.35462200599999999 0.067657999699999999
v -0.053057 0.27612999100000002 -0.044277001199999999
v -0.061388999200000002 0.30840900500000001 0.0323860012
v -0.048978000899999999 0.26232001199999999 -0.046714000399999997
v -0.059128001299999997 0.30152499700000002 0.0405480005
v -0.051313999999999999 0.29578700699999999 -0.063150003600000004
v -0.044959001200000001 0.248087004 -0.087453000200000006
v -0.043104000400000002 0.27202799900000002 -0.100893997
v -0.051169998899999999 0.34976199299999999 -0.024847999199999998
v -0.045517999699999999 0.30280899999999999 -0.081698998800000006
v -0.068521000400000004 0.342341006 0.087627999499999998
v -0.064159996799999994 0.31930899600000001 0.077132001500000005
v -0.075331002499999994 0.36316001399999998 0.23217600599999999
v -0.087233997899999999 0.33907398599999999 0.20760400600000001
v -0.067915000000000003 0.37891700900000003 0.229207993
v -0.072736002499999994 0.35400798900000002 0.201578006
v -0.111703999 0.31776499699999999 0.22226099699999999
v -0.124744996 0.30889099800000003 0.199329004
v -0.119392 0.30488500000000002 0.213359997
v -0.14092500499999999 0.28722798799999999 0.179695994
v -0.079948999000000007 0.35345101400000001 0.24301500600000001
v -0.097245998700000003 0.324874997 0.22978100200000001
v -0.070214003299999994 0.35809600400000002 0.253874987
v -0.065058000399999996 0.38396498600000001 0.247550994
v -0.064736999599999998 0.37321200999999998 0.26071599099999998
v -0.078621000100000005 0.33801499000000002 0.19298399999999999
v -0.108808003 0.31233799499999998 0.18388800299999999
v 0.00071900000300000001 0.47987601200000002 0.18047000499999999
v -0.0071069998700000001 0.48418998699999999 0.21361100699999999
v 0.00062300002899999996 0.47702699900000001 0.050949998199999999
v -0.00087400001900000003 0.48491299199999999 0.017484
v 0.0088200000999999993 0.48403099199999999 0.21396799399999999
v 0.0037150001199999999 0.48349300000000001 0.0191380009
v -0.057310000100000001 0.44337901499999999 0.25172999499999998
v -0.062474001199999997 0.420792997 0.23535600300000001
v -0.060235999499999998 0.42588099800000001 0.26289701500000001
v -0.023101000100000001 0.41230100400000003 0.0055639999900000004
v -0.038729000800000003 0.39726200699999997 0.016750000399999999
v -0.031746998399999997 0.38709399100000003 -0.012822000300000001
v -0.068519003699999997 0.375182986 0.12200699700000001
v -0.067960001500000006 0.37482899400000003 0.155331999
v -0.067992001799999993 0.35855299200000001 0.14325399699999999
v 0.058054998500000003 0.44126701400000001 0.24945199500000001
v 0.062802001800000007 0.418927997 0.23313300300000001
v 0.060665000199999999 0.42341700199999999 0.25935998599999999
v 0.023675000299999999 0.41219198699999998 0.0066829999000000001
v 0.038934998200000001 0.39748799800000001 0.0175420009
v 0.031746998399999997 0.38734200600000002 -0.012625000399999999
v 0.068141996900000001 0.37480598700000001 0.12224400000000001
v 0.068141996900000001 0.37377500499999999 0.15659000000000001
v 0.068355999900000006 0.35804200200000003 0.144310996
v -0.00085599999899999999 0.29539599999999999 0.102486998
v -0.010432000300000001 0.310609996 0.14333100600000001
v 0.00027300001199999997 0.206865996 -0.093840003000000005
v -0.00182799995 0.17805600199999999 -0.14028599899999999
v 0.0084669999800000006 0.31051001 0.143983006
v 0.0021929999299999999 0.17791600499999999 -0.140520006
v -0.0693060011 0.33262300500000003 0.20582400300000001
v -0.0879430026 0.31955900799999998 0.205148995
v -0.076866999300000002 0.33094099199999999 0.22232399899999999
v -0.025704000099999999 0.19299100299999999 -0.138940006
v -0.035553000899999999 0.22414200000000001 -0.094479002100000001
v -0.028923999499999999 0.19872899399999999 -0.14013899899999999
v -0.065086997999999993 0.31394898900000001 0.098016001300000002
v -0.079975001500000004 0.31581598500000002 0.14361099899999999
v -0.074881002299999999 0.32465898999999998 0.14043900400000001
v 0.069686002999999996 0.333187014 0.20638799699999999
v 0.088322997099999995 0.31970399599999999 0.20557500400000001
v 0.077086001599999995 0.33109799000000001 0.22203400700000001
v 0.0259440001 0.192772001 -0.13955600600000001
v 0.035280000399999997 0.22401300099999999 -0.094417996700000006
v 0.029213000100000001 0.19881199299999999 -0.140986994
v 0.065862000000000004 0.31482899199999997 0.10065300000000001
v 0.080476999300000004 0.31562700900000001 0.145539999
v 0.076981998999999995 0.32342100099999999 0.14485199700000001
v 0.034389000400000001 0.38633000899999997 0.32095599200000002
v 0.044622000299999999 0.37641000699999999 0.28784701200000001
v -0.033502001300000001 0.38660800499999998 0.32282799499999998
v -0.0439159982 0.37708100700000002 0.29003799000000002
v 0.047017998999999998 0.39061701300000001 0.30274298799999999
v -0.046112999299999999 0.391398996 0.30544701200000002
v 0.0181789994 0.26930499099999999 -0.15464599400000001
v 0.026380000599999998 0.25361600499999998 -0.14915099700000001
v -0.017664000400000001 0.27030000100000001 -0.15485300099999999
v -0.026019999799999999 0.25450098500000001 -0.14963699899999999
v 0.028246000399999999 0.29217600799999999 -0.124110997
v -0.0274780001 0.292912006 -0.124862
v -0.033440999700000001 0.45109999200000001 0.12078899899999999
v -0.038070000700000002 0.44954100299999999 0.131555006
v -0.034214001100000002 0.44753599199999999 0.111594997
v -0.039457999200000003 0.44340801200000002 0.116728
v -0.041864998600000002 0.44474801400000002 0.12892499599999999
v 0.033806998300000002 0.45071598899999998 0.120935
v 0.038428001099999998 0.44922599200000002 0.13154600599999999
v 0.034469000999999999 0.447299004 0.11176800000000001
v 0.0396419987 0.44340801200000002 0.11679200100000001
v 0.042073998600000002 0.44467300199999998 0.12889400100000001
v -0.0350230001 0.27860000699999998 0.037422001400000002
v -0.038910001499999999 0.28781399099999999 0.056511998200000003
v -0.035177998199999998 0.273539007 0.025187000599999999
v -0.038865998399999997 0.27986299999999997 0.037278998600000002
v -0.041184999 0.28847399400000001 0.0564029999
v 0.0340620019 0.27863401199999999 0.038088999700000001
v 0.038180001099999999 0.28792598800000002 0.057408001299999997
v 0.034235000600000003 0.27357900099999999 0.0257619992
v 0.038114998499999997 0.279994994 0.038061998800000003
v 0.0406109989 0.28865599600000003 0.057374000500000001
v -0.0037279999800000001 0.35104998900000001 0.25344100600000002
v 0.0036639999599999999 0.35103398600000002 0.25341698499999998
v 0.00015799999500000001 0.356934011 0.26596501500000003
v 0.0059529999300000002 0.35465401400000002 0.260991007
v -0.0057060001399999996 0.354624987 0.260852009
v -0.0036730000299999999 0.47927799799999998 0.34176200600000001
v 0.0071359998499999997 0.47908300199999998 0.34131801099999998
v 0.0017529999599999999 0.47126200800000001 0.358182997
v 0.0106509998 0.47390401399999998 0.35087201000000001
v -0.0073580001500000002 0.474216998 0.35150599500000002
v -0.0089699998500000003 0.061517000199999998 -0.27560201299999998
v 0.0083849998200000008 0.061131000499999998 -0.27564099399999997
v 0.00024600001100000003 0.095976002500000004 -0.257970005
v 0.012524000400000001 0.082707002799999998 -0.264272004
v -0.012207999799999999 0.082902997699999995 -0.264270008
v -0.000174000001 0.394378006 -0.050779998299999997
v 0.0017940000400000001 0.39431101099999999 -0.050661999700000002
v 0.00077500002199999999 0.37783399200000001 -0.065700001999999993
v 0.0026199999300000002 0.38389599299999999 -0.059574998900000002
v -0.0010880000199999999 0.38405698500000002 -0.0596879981
v 0.060212001199999997 0.31858900200000001 0.0014349999799999999
v 0.0590270013 0.30614799300000001 -0.00582600012
v 0.057718001300000002 0.304529995 -0.019411999700000002
v 0.058350998899999999 0.312779009 -0.0144840004
v 0.060745999199999998 0.31454101200000001 0.0071270000199999996
v 0.096266001500000004 0.337338001 0.22074100399999999
v 0.109119996 0.32512798900000001 0.21937899299999999
v 0.102514997 0.33168101300000002 0.22490100599999999
v 0.095214001800000003 0.339273989 0.22575500600000001
v 0.104419 0.32899999600000002 0.21692800500000001
v -0.059992998800000003 0.31803598999999999 4.40000003e-05
v -0.0588949993 0.30530101100000001 -0.0072579998500000003
v -0.057503998299999998 0.30364599799999997 -0.020828999599999998
v -0.058083999900000002 0.312076986 -0.0158900004
v -0.060619000300000003 0.31388300699999999 0.0056819999599999997
v -0.095302000600000006 0.33810499300000002 0.22143100199999999
v -0.107992001 0.32579201499999999 0.219389006
v -0.100923002 0.33274099200000001 0.225073993
v -0.093916997299999999 0.340202004 0.22635799600000001
v -0.10385599700000001 0.32935398799999999 0.217279002
v -0.0039630001399999998 0.471529007 0.115685001
v 0.00482100016 0.47139099200000001 0.115635999
v -0.0019670000800000001 0.47282901399999999 0.131686002
v -0.0015320000200000001 0.47179299600000002 0.099560998400000003
v 0.0030439998999999998 0.47275298799999999 0.13167899799999999
v 0.0022120000800000001 0.47172599999999998 0.099467001900000004
v -0.036651998800000002 0.47011700299999998 0.22325499400000001
v -0.032662000500000003 0.477100998 0.25782799699999998
v -0.0287529994 0.47652098500000001 0.22612300499999999
v -0.042560000000000001 0.46612900499999999 0.23671899699999999
v -0.026538999800000001 0.48003700399999999 0.243614003
v -0.040805999199999998 0.46958398800000001 0.253951013
v -0.0123669999 0.453765005 0.0229260009
v -0.00940699968 0.44961801200000001 -0.0027079998999999999
v -0.0099809998600000008 0.462503999 0.017165999899999999
v -0.0140899997 0.44280898600000002 0.015878999599999999
v -0.0089459996699999995 0.46342098700000001 0.0023799999599999999
v -0.012058000100000001 0.43989399099999998 0.0036140000399999999
v -0.0586120002 0.39976599800000001 0.073481001000000004
v -0.062362000299999998 0.37997499099999998 0.056887999199999997
v -0.054783001499999998 0.39755699 0.056439999499999997
v -0.0637819991 0.391678005 0.083272002600000006
v -0.057560000600000001 0.38746300299999997 0.047703001600000003
v -0.064819000700000004 0.38191700000000001 0.075267002
v -0.066403999899999996 0.40433800199999997 0.18701399899999999
v -0.067208997899999998 0.38483500500000001 0.20305399599999999
v -0.065724000300000002 0.40565299999999999 0.201155007
v -0.067170001600000001 0.39399200699999998 0.181259006
v -0.066087000100000001 0.39605098999999999 0.208231002
v -0.067397996799999998 0.38411200000000001 0.19014999299999999
v 0.037978999300000003 0.46906000399999997 0.22312499599999999
v 0.0346070006 0.47528699000000002 0.25686800500000001
v 0.030252000300000002 0.47576499 0.22629700599999999
v 0.028323000300000001 0.478908002 0.24343700700000001
v 0.0439970009 0.46461498699999998 0.23605799699999999
v 0.042532999100000003 0.46752798600000001 0.25262799899999999
v 0.013294000199999999 0.45129498800000001 0.025265999099999999
v 0.0101260003 0.44740301399999999 0.00015799999500000001
v 0.0107669998 0.46055999399999997 0.019510999300000002
v 0.0096509996799999994 0.46130099899999999 0.0052939998
v 0.014529 0.441639006 0.017582999500000002
v 0.012407000200000001 0.43880501399999999 0.0054109999900000001
v 0.058609999699999998 0.39993599099999999 0.074184998899999993
v 0.0624900013 0.38020399199999999 0.057902999199999999
v 0.054836999599999998 0.39794498699999997 0.057169999899999997
v 0.063695997000000004 0.39179500900000003 0.083740003399999999
v 0.057714000299999998 0.38799598800000001 0.0485420004
v 0.064827002600000003 0.38212299300000002 0.076043002299999995
v 0.066477999100000004 0.40344798599999998 0.18668100200000001
v 0.067616999100000005 0.383677989 0.202070996
v 0.065820001099999997 0.40453800600000001 0.19992099699999999
v 0.067235000399999995 0.393016011 0.18143300700000001
v 0.066449001399999999 0.39491200399999998 0.206844002
v 0.067599996900000001 0.382847995 0.19012099499999999
v -0.00593299977 0.25877100200000003 0.0102599999
v 0.0050510000399999998 0.25876200199999999 0.0102770003
v -0.0035379999300000002 0.26884898499999998 0.0340959989
v -0.0026980000500000001 0.24682499499999999 -0.015153000099999999
v 0.0024959999099999999 0.26886698599999997 0.034139998300000002
v 0.0022279999700000001 0.24680100399999999 -0.015232999800000001
v -0.042293999300000003 0.32676699799999998 0.16496300699999999
v -0.036332998399999997 0.33352300499999998 0.19236700200000001
v -0.034646000699999999 0.32388099999999997 0.16355599500000001
v -0.048330001499999997 0.33264800900000002 0.180956006
v -0.030790999499999999 0.32752600300000001 0.17794500299999999
v -0.045938000100000001 0.33570599600000001 0.193518996
v -0.014615999500000001 0.18595600100000001 -0.13779899500000001
v -0.0129000004 0.14893400700000001 -0.18504899699999999
v -0.0101359999 0.176008001 -0.148727998
v -0.017310999300000001 0.18036000399999999 -0.14884799700000001
v -0.0091220000799999996 0.157472 -0.171951994
v -0.0162349995 0.16224999700000001 -0.17260299600000001
v -0.047899998700000002 0.273202002 0.0061530000500000003
v -0.051027000000000003 0.276578993 0.0011060000400000001
v -0.045230001200000002 0.26224398599999998 -0.0192150008
v -0.0522640012 0.28461399700000001 0.028293000499999998
v -0.046973001200000003 0.26410800200000001 -0.021434999999999999
v -0.053589999700000002 0.28613200799999999 0.0256360006
v -0.087112002100000002 0.312420011 0.17272800199999999
v -0.114243999 0.29693898600000002 0.18503999700000001
v -0.093488000299999999 0.310229003 0.18310000000000001
v -0.090448997899999994 0.31000798899999998 0.16850200300000001
v -0.10560599699999999 0.30324798800000002 0.19045899799999999
v -0.104391001 0.30280500700000001 0.173978999
v 0.041744001199999999 0.32765498799999998 0.16636499799999999
v 0.035447999799999998 0.33349901399999998 0.19184599799999999
v 0.033057000500000003 0.32377898700000002 0.164166003
v 0.029428999899999999 0.32743200700000002 0.17788100200000001
v 0.048411998900000003 0.33432498599999999 0.182060003
v 0.045903999399999999 0.33654299399999998 0.19351400399999999
v 0.0141639998 0.185284004 -0.138147995
v 0.0128969997 0.14835299599999999 -0.18556499500000001
v 0.0100060003 0.17513500200000001 -0.14965799499999999
v 0.0092919999699999992 0.156834006 -0.17272199699999999
v 0.0170699991 0.179730996 -0.14927199499999999
v 0.0162039995 0.161764994 -0.17304499400000001
v 0.047479998299999999 0.27338001099999998 0.0075240000200000002
v 0.0510139987 0.27700599999999997 0.0023419999099999998
v 0.044837001699999997 0.26238700700000001 -0.018156999699999999
v 0.052136000199999998 0.28490799700000002 0.0299210008
v 0.046819001399999997 0.264369994 -0.0205099992
v 0.053668998199999998 0.286585003 0.0272269994
v 0.088064000000000003 0.31178399899999998 0.17208599999999999
v 0.116894998 0.295267999 0.18495899399999999
v 0.094723001099999996 0.30950999299999998 0.183780998
v 0.090705998199999999 0.309612006 0.165406004
v 0.10684 0.302379012 0.190224007
v 0.106193997 0.30175301399999999 0.173988
v 0.00035600000400000002 0.378625989 0.33896100499999998
v -0.000174000001 0.38646900699999998 0.39108398599999999
v 0.010693999900000001 0.380499005 0.34672001000000002
v -0.00952600036 0.38042598999999999 0.34675899100000002
v 0.0134680001 0.38506999600000003 0.36939701400000002
v -0.012106000400000001 0.38455700900000001 0.37001600899999998
v 0.052459001499999998 0.35445201399999998 0.25416499399999998
v 0.068590000299999995 0.34807899599999997 0.24784399600000001
v 0.061025999499999997 0.34743899099999997 0.245010003
v 0.069655001199999997 0.343533009 0.24237699800000001
v 0.051825001799999999 0.359043002 0.26085001200000002
v 0.059312999200000001 0.35652598699999999 0.25690999599999997
v -0.052009001399999998 0.35373500000000002 0.25542700299999999
v -0.067693002500000002 0.348250002 0.248999998
v -0.060481999100000003 0.34701400999999998 0.24600100499999999
v -0.068945996499999995 0.34347599699999998 0.24338099399999999
v -0.051265001300000002 0.35859099 0.26237198699999997
v -0.0585919991 0.35652199400000001 0.25836899899999999
v 0.055116001499999998 0.419034988 0.30049699499999999
v 0.0595070012 0.397893995 0.27470400900000003
v 0.057280998700000002 0.41786399499999999 0.28711199799999998
v 0.059316001799999997 0.40685200700000002 0.27522799399999998
v 0.054157998399999997 0.40918999900000003 0.29947900799999999
v 0.0566329993 0.39921098900000002 0.28558298900000001
v -0.054404001700000003 0.42155700899999998 0.30485498900000002
v -0.058527998599999999 0.39971300999999998 0.27796700600000002
v -0.056740000800000003 0.42040199 0.291399986
v -0.058556999999999998 0.40900701299999997 0.27884399900000001
v -0.053270999300000003 0.41104701199999999 0.303359985
v -0.055695001000000001 0.40090599700000001 0.28898701100000002
v 0.00108199997 0.24548299600000001 -0.186195001
v 0.000640999991 0.288441002 -0.15512000000000001
v 0.0051810001000000003 0.25664299699999998 -0.17768199700000001
v -0.0032560001100000002 0.25732898700000001 -0.17799499599999999
v 0.00505300006 0.27815699599999999 -0.162184998
v -0.0036820001 0.27864199899999997 -0.16236600300000001
v 0.0251109991 0.19103500200000001 -0.179506004
v 0.034067001200000002 0.225997999 -0.13794300000000001
v 0.026489999100000002 0.192746997 -0.16945099799999999
v 0.031236000399999998 0.211199999 -0.147117004
v 0.026776999199999998 0.20929500500000001 -0.16762199999999999
v 0.031373001599999999 0.226106003 -0.14791800099999999
v -0.025045000000000001 0.19222900300000001 -0.178984001
v -0.033907 0.22678099600000001 -0.138710007
v -0.026526000399999999 0.193492994 -0.16886299799999999
v -0.031178999700000001 0.211697996 -0.14723999800000001
v -0.0265790001 0.21119099899999999 -0.167466
v -0.0311299991 0.22739100500000001 -0.148528993
v 0.027666000600000001 0.35105899000000002 -0.068002998800000006
v 0.039590999500000001 0.33908000599999999 -0.064069002900000005
v 0.030378000799999999 0.35933500499999999 -0.053429998499999999
v 0.036761999099999998 0.353379995 -0.051146998999999999
v 0.0304690003 0.33607301099999998 -0.081950999799999993
v 0.036088001000000001 0.32990100999999999 -0.080328002600000004
v -0.0264299996 0.35222300899999998 -0.068176001299999997
v -0.039156001099999997 0.33984199199999998 -0.063839003399999997
v -0.029614999900000001 0.36010798799999999 -0.053438998799999998
v -0.036192998300000001 0.35428300499999998 -0.051102001199999997
v -0.029100000899999999 0.337448001 -0.082074999800000006
v -0.035323001399999998 0.330819011 -0.080075003199999994
v 0.068071000300000004 0.33534699699999998 0.13042700300000001
v 0.076401002699999998 0.33169001300000001 0.16992099599999999
v 0.068492002799999993 0.33984398799999999 0.14047899799999999
v 0.070749998100000003 0.33848699900000001 0.16034899699999999
v 0.069853998700000003 0.33248400700000003 0.14072500199999999
v 0.075539000300000006 0.33013498800000002 0.16100500500000001
v -0.067151002599999995 0.33567601400000002 0.12894499300000001
v -0.074307002100000005 0.33319899400000003 0.168485999
v -0.067280001899999997 0.34048899999999999 0.13939399999999999
v -0.068703003200000001 0.33970498999999998 0.15898199399999999
v -0.068579003200000002 0.333537996 0.139266998
v -0.073999002600000002 0.33140900699999998 0.160134003
v -0.023212999099999999 0.46009901199999997 0.11815199999999999
v -0.0130850002 0.46754899599999999 0.116255999
v -0.022871000700000001 0.46318298600000002 0.132053003
v -0.018224000899999999 0.46169498599999997 0.102895997
v -0.017473999399999999 0.46690800799999999 0.131832004
v -0.013243 0.465667993 0.10100100200000001
v -0.039308000400000001 0.45565798899999999 0.15801000600000001
v -0.038961000699999998 0.46276700500000001 0.189358994
v -0.033583000299999999 0.46127900500000002 0.15990200600000001
v -0.045005999499999998 0.45266199099999999 0.17036400700000001
v -0.033054001600000001 0.46516999599999997 0.175484002
v -0.045049000499999999 0.45582199099999998 0.18615800099999999
v -0.025280000600000001 0.44936901299999998 0.083370998500000001
v -0.016784999500000002 0.45228001499999998 0.052285999100000001
v -0.018530000000000001 0.45612698800000001 0.077379003200000004
v -0.027151999999999999 0.44382500600000002 0.074171997599999998
v -0.0148080001 0.45810300100000001 0.061859000499999997
v -0.022600999100000001 0.44450500599999998 0.058658000100000003
v -0.045122999699999999 0.43208798799999998 0.103366002
v -0.051966000300000002 0.417295992 0.088804997499999996
v -0.041150998299999998 0.43108901399999999 0.088241003499999998
v -0.052067998800000001 0.42632400999999998 0.111694001
v -0.044367998800000003 0.42364800000000002 0.080582000299999998
v -0.055608998999999999 0.41850501299999998 0.104921997
v -0.0534930006 0.43645098799999998 0.14763900599999999
v -0.0631359965 0.42251899799999998 0.16817499699999999
v -0.054855998599999997 0.438412994 0.16271300599999999
v -0.057470999699999997 0.42880699 0.14251999600000001
v -0.059739001100000001 0.43198698800000002 0.173427999
v -0.062376998400000001 0.421350002 0.15259900700000001
v 0.023856999399999999 0.45947200100000002 0.11835899900000001
v 0.0138800004 0.46704199899999999 0.116339996
v 0.023674000099999998 0.46256399199999998 0.13217900699999999
v 0.018790999400000001 0.46092098999999997 0.103187002
v 0.018388999600000001 0.46633601200000002 0.13195499799999999
v 0.0139800003 0.46499100300000001 0.101255998
v 0.039843998800000002 0.45494198800000002 0.15795199600000001
v 0.039857998499999998 0.461584985 0.18914699600000001
v 0.034412998700000003 0.460429013 0.159935996
v 0.045621000199999998 0.451788992 0.17020200199999999
v 0.034150999000000001 0.46411299700000003 0.17550100399999999
v 0.0458320007 0.45472300100000002 0.18595600100000001
v 0.025513999200000002 0.448817998 0.0839290023
v 0.017217999300000002 0.45135700699999998 0.053291000400000003
v 0.019755000200000001 0.45451200000000003 0.078771002600000001
v 0.026831999400000001 0.44388300200000003 0.074501998700000002
v 0.015948999700000001 0.45636698599999997 0.063228003699999993
v 0.022689999999999998 0.44421199 0.059303000600000003
v 0.045283000900000002 0.43210101099999998 0.103661001
v 0.052142001700000003 0.417403996 0.089304000100000003
v 0.041271999500000003 0.43107500700000001 0.088701002299999998
v 0.052243001800000001 0.42638099200000001 0.11206100099999999
v 0.044511001600000002 0.42379099100000001 0.081097997699999994
v 0.055806998199999999 0.41870200600000002 0.105350003
v 0.053661998400000001 0.43606400499999998 0.14793600100000001
v 0.063492000100000001 0.42174300599999998 0.168847993
v 0.055229000700000003 0.437505007 0.16286799299999999
v 0.057535000099999997 0.42863500100000002 0.14311200399999999
v 0.060256000599999998 0.43077599999999999 0.17366599999999999
v 0.062660001199999996 0.42096799600000001 0.153690994
v -0.0267929994 0.27047199 0.025275999699999999
v -0.016775999199999999 0.263076007 0.015352999799999999
v -0.026464000299999998 0.278115004 0.044406998900000001
v -0.022521000400000001 0.258168012 0.00010499999899999999
v -0.021115999699999999 0.27467301500000002 0.040414001800000002
v -0.017711000500000001 0.25389599800000001 -0.0060080001099999999
v -0.041889999099999999 0.30314400800000002 0.093295000500000003
v -0.043304000000000002 0.31645500700000001 0.131329
v -0.036991000199999999 0.29994899000000003 0.090479999800000002
v -0.047217000299999999 0.31235399800000002 0.114739999
v -0.037165999399999997 0.30666700000000002 0.10980100199999999
v -0.048307001600000003 0.31862801299999999 0.13348199399999999
v -0.028370000400000001 0.250140011 -0.023266000700000001
v -0.020850999299999999 0.22014500200000001 -0.081495001900000003
v -0.023775000099999999 0.24262699500000001 -0.036019001199999998
v -0.0294720009 0.24501399700000001 -0.035996999600000003
v -0.019809000199999999 0.22741399700000001 -0.065646000199999999
v -0.025939000800000001 0.23026099799999999 -0.065067000700000002
v -0.041501000500000003 0.27571401000000001 0.024715000800000001
v -0.044594001000000001 0.27301299600000001 0.013766
v -0.038570001700000002 0.26423400600000002 -0.000426000013
v -0.045823000400000001 0.28483098699999998 0.0435499996
v -0.040096998199999997 0.26239499399999999 -0.0069280001299999996
v -0.047449998600000001 0.28382998700000001 0.0388909988
v -0.049779001599999997 0.30482798799999999 0.093137003499999996
v -0.060396000700000001 0.317332 0.133683994
v -0.052692998200000001 0.31273800099999999 0.114744
v -0.051375001699999999 0.30404600500000001 0.090552002199999995
v -0.058584000900000002 0.31818801200000002 0.134801
v -0.056028001000000001 0.31121399999999999 0.110804997
v 0.025529000900000001 0.27031099800000002 0.025885999199999999
v 0.015659999099999999 0.26300400499999999 0.015734000099999999
v 0.025248000400000001 0.27799499 0.045182999199999997
v 0.021268000799999999 0.25795501500000001 0.00044299999699999999
v 0.019911000500000001 0.27462899699999999 0.041009999800000002
v 0.016553999900000001 0.253726006 -0.0057890000800000004
v 0.041342999800000002 0.30347499300000003 0.094832003100000006
v 0.043388999999999997 0.31750398899999999 0.13353300100000001
v 0.036214999900000003 0.300197989 0.091932997099999997
v 0.047543998800000001 0.31330099700000003 0.11661200200000001
v 0.0366699994 0.30720400799999997 0.111469001
v 0.0489189997 0.32001400000000002 0.13575300600000001
v 0.0271739997 0.24978299400000001 -0.023122999799999999
v 0.0198149998 0.21940499499999999 -0.082015000300000002
v 0.022471999699999998 0.24218399800000001 -0.0361489989
v 0.028286999100000002 0.24457900199999999 -0.035712000000000001
v 0.018620999499999999 0.22686299700000001 -0.065926000499999998
v 0.0248189997 0.22967000300000001 -0.065025001799999996
v 0.040580999100000001 0.27572300999999999 0.025744000400000001
v 0.0437150002 0.27306601400000002 0.01516
v 0.037526998700000001 0.264133006 0.00052000000099999995
v 0.044985998399999998 0.28491601300000002 0.044860001699999999
v 0.039113998400000002 0.26233199200000001 -0.0057769999800000001
v 0.0465830006 0.283919007 0.040385000400000003
v 0.049736000599999997 0.30531799799999998 0.094558000599999997
v 0.059955000899999999 0.31850299199999998 0.135186002
v 0.053061999399999997 0.31358701 0.11642999900000001
v 0.051031999299999999 0.304421991 0.092015996599999997
v 0.058791000400000001 0.31946399800000003 0.13680200300000001
v 0.055805001399999998 0.311749995 0.112300001
v -0.0146399997 0.34454199699999999 0.23636800099999999
v -0.025931999099999999 0.33867600599999997 0.215224996
v -0.0107709998 0.34066000600000002 0.226797
v -0.023942999499999999 0.345418006 0.235845998
v -0.016063999400000001 0.33747398899999997 0.21554499899999999
v -0.0302179996 0.34266400299999999 0.22598500499999999
v 0.013484999500000001 0.34452998600000001 0.236404002
v 0.0248039998 0.33855500799999999 0.214746997
v 0.0091669997199999992 0.34065198899999999 0.226666003
v 0.0227700006 0.345272988 0.235451996
v 0.014534000300000001 0.33736801100000002 0.215168998
v 0.028937999200000002 0.342415988 0.22510300599999999
v 2.40000008e-05 0.36537200199999997 0.28462100000000001
v -0.00020900000499999999 0.37333101000000002 0.30821600599999999
v 0.0073759998199999996 0.36698999999999998 0.28836300999999998
v -0.0074700000699999998 0.36699700400000002 0.28840699800000003
v 0.0075770001899999996 0.37119698499999998 0.30021598900000002
v -0.0079500004600000004 0.37121000900000001 0.30012598600000001
v 0.020599000199999998 0.35609799600000003 0.26131299099999999
v 0.036614999199999998 0.35661101299999998 0.259191006
v 0.027350999399999999 0.35266101399999999 0.252200007
v 0.0215089992 0.360202998 0.27009001399999999
v 0.035895999499999998 0.35281199200000002 0.251141012
v 0.029267000000000001 0.360751987 0.26931300800000002
v -0.0206959993 0.35602399699999998 0.26150599099999999
v -0.036501999899999998 0.35621300299999997 0.25986701299999998
v -0.027729000899999998 0.35258498799999999 0.25267100300000001
v -0.021485000800000001 0.36013698599999999 0.27046599999999998
v -0.035987999299999997 0.35250899200000002 0.25170901400000001
v -0.0291719995 0.36054399599999998 0.26989498699999998
v -0.016098000099999999 0.48371899099999999 0.31956800800000001
v -0.026045000200000001 0.48221799700000001 0.29013898999999999
v -0.010378999599999999 0.48796001100000003 0.30757001
v -0.026879999799999998 0.47829300200000002 0.31645399299999999
v -0.015720000500000001 0.48760899899999999 0.29293400000000003
v -0.0316150002 0.47707301400000002 0.30172199
v 0.019068000799999998 0.48275500500000001 0.31748199500000002
v 0.0285870004 0.480598003 0.288816988
v 0.0131470002 0.48723098599999998 0.30666199300000002
v 0.029787000300000002 0.476707995 0.31347599599999998
v 0.018275000199999999 0.48656600700000002 0.29220798599999998
v 0.034276001200000003 0.47506201300000001 0.29902100599999998
v 0.0011830000400000001 0.45360299900000001 0.38032001300000001
v 0.0011070000499999999 0.42308500399999999 0.407404989
v 0.0153609999 0.445832014 0.38150399899999998
v -0.0123349996 0.44675400900000001 0.38278800200000002
v 0.015469999999999999 0.43055498599999997 0.39116200800000001
v -0.013190999599999999 0.43064001200000002 0.39217600200000002
v 0.0329790004 0.46143698700000002 0.34571900999999999
v 0.049509998399999998 0.44143098600000003 0.32734400000000002
v 0.039489001000000003 0.46127700799999999 0.33138298999999999
v 0.035557001800000002 0.451705992 0.35306999100000003
v 0.047439001500000001 0.451380014 0.32286000300000001
v 0.044413998699999999 0.44124799999999997 0.34281298500000001
v -0.030016999700000001 0.46312999700000002 0.34858500999999997
v -0.047759000199999999 0.444545001 0.33196300299999998
v -0.036355998399999999 0.463721991 0.33493998600000002
v -0.032965000699999997 0.45333999400000002 0.35674199499999998
v -0.045161001399999998 0.45448100600000002 0.32711198899999999
v -0.042254999299999998 0.44348201199999998 0.34721401299999999
v -0.0279910006 0.060733001699999997 -0.265067995
v -0.0183819998 0.106968999 -0.22707100199999999
v -0.013338999799999999 0.077265001799999997 -0.24948899399999999
v -0.048314001400000001 0.066610001000000002 -0.25925898600000002
v -0.013124000300000001 0.097717001999999997 -0.23230099700000001
v -0.030558999600000001 0.097401998899999995 -0.23793600500000001
v 0.027913000399999999 0.060499001300000001 -0.26414299000000002
v 0.018990000699999999 0.107473001 -0.22707000399999999
v 0.013059999799999999 0.076622001800000006 -0.249642998
v 0.049093000599999999 0.066421002100000001 -0.25894001100000003
v 0.0130470004 0.097356997400000006 -0.23236800699999999
v 0.031750001 0.097707003400000006 -0.238481
v 0.00079800002300000001 0.145284995 -0.23646800200000001
v 0.0015859999700000001 0.196961001 -0.213593006
v 0.0063669998200000001 0.15845100600000001 -0.229570001
v -0.0046199997899999999 0.15873900099999999 -0.23006500299999999
v 0.0056019998200000001 0.18430200199999999 -0.21807600599999999
v -0.0029490000999999998 0.18468500700000001 -0.21908900100000001
v 0.033371999899999998 0.106482998 -0.24789699900000001
v 0.0242500007 0.15071499299999999 -0.21651299299999999
v 0.051240000899999999 0.094040997299999998 -0.25024598799999997
v 0.021046999800000001 0.13500800700000001 -0.23288899699999999
v 0.030758999299999999 0.126526996 -0.23130899699999999
v 0.020998999500000001 0.153951004 -0.218805999
v -0.032510001199999999 0.10642600100000001 -0.24746300299999999
v -0.023794999300000001 0.150895998 -0.21635800599999999
v -0.050108000600000001 0.094270996699999998 -0.249164999
v -0.020943999299999998 0.13512299999999999 -0.23275299399999999
v -0.029896000400000001 0.126635998 -0.23147399699999999
v -0.0207119994 0.154054999 -0.21898399299999999
v -0.00155599997 0.41539299499999999 -0.0343770012
v -0.0047940001799999998 0.43734499799999998 -0.021184999499999999
v -0.000239999994 0.42954498499999999 -0.029078999500000001
v -0.0041589997700000004 0.41253599499999999 -0.0327810012
v -0.0021720000099999998 0.44329699900000002 -0.0256939996
v -0.0053699999100000001 0.42215999999999998 -0.024390999199999999
v 0.0032299999100000002 0.41536500999999998 -0.033635001599999999
v 0.0062250001399999999 0.43541801000000002 -0.0187660009
v 0.0020359999 0.42981800399999998 -0.0283039995
v 0.0055189998800000001 0.411850989 -0.032299999099999997
v 0.0042519997799999997 0.441336006 -0.0228749998
v 0.00656600017 0.421148986 -0.023586999599999998
v 0.00072399998299999999 0.35330399899999998 -0.090328998899999999
v 0.00080400000999999999 0.32399800400000001 -0.121586002
v 0.0041880002199999999 0.34639099200000001 -0.096947997800000005
v -0.0027119999299999998 0.34680500600000003 -0.096972003599999995
v 0.0046049999100000001 0.33166998600000003 -0.112612002
v -0.0030320000399999998 0.33215799899999998 -0.112613
v 0.0083079999300000006 0.37472501400000002 -0.064331002499999998
v 0.0166200008 0.36322799300000003 -0.067539997399999996
v 0.0098169995500000003 0.38308200199999998 -0.053720999499999998
v 0.00991499983 0.36122900200000002 -0.077276997299999997
v 0.013752999700000001 0.37748798700000002 -0.054554998899999999
v 0.0142480005 0.355096996 -0.079792000399999993
v -0.00699000014 0.37528100599999997 -0.064562998699999999
v -0.0154069997 0.36424100399999998 -0.067887999099999999
v -0.0086859995500000002 0.38366699199999998 -0.054012998899999998
v -0.0085439998699999992 0.36197400099999999 -0.077463001000000004
v -0.012873999800000001 0.37810799499999997 -0.0549210012
v -0.012791000300000001 0.35625100100000001 -0.080085001899999994
v 0.062135998200000001 0.337453008 0.020594000800000001
v 0.063138999000000001 0.35852399499999998 0.039958998599999997
v 0.060384001600000001 0.343104988 0.011477000100000001
v 0.064607001799999994 0.34165000899999998 0.0397140011
v 0.060635000500000001 0.35432401299999999 0.020989000800000001
v 0.0652119964 0.35168999400000001 0.0496670008
v 0.057303998600000003 0.29404601499999999 -0.0042579998300000003
v 0.054281998400000003 0.283879995 -0.00145900005
v 0.054531000599999997 0.28245300099999998 -0.023784000400000001
v 0.058722998899999997 0.29950198500000003 0.016237000000000001
v 0.052701000099999999 0.276418 -0.023747000800000001
v 0.057480000000000003 0.29523599099999998 0.019021000699999999
v 0.052951999 0.28376600099999999 -0.055698998299999997
v 0.044815000100000002 0.25643301000000002 -0.0966909975
v 0.051639001800000001 0.273281991 -0.060674998899999999
v 0.050572998799999998 0.283190995 -0.0689600036
v 0.047504000400000003 0.25934898899999997 -0.081765003500000003
v 0.046592999199999999 0.26995399599999997 -0.088959000999999996
v 0.054905001100000003 0.31827801500000003 -0.034403998399999997
v 0.049249000799999998 0.327455997 -0.052570998700000003
v 0.055337000599999998 0.33058100899999998 -0.025614999199999999
v 0.052090000400000003 0.30915701400000001 -0.053013998999999999
v 0.052411999600000002 0.33584999999999998 -0.034520998599999998
v 0.049306001500000002 0.313158989 -0.062551997600000006
v 0.064424000699999998 0.32239100300000001 0.043969001600000002
v 0.066532999300000006 0.33014500099999999 0.086087003400000001
v 0.066377997399999999 0.33068299299999998 0.057174000900000001
v 0.0637390018 0.31817200800000001 0.0500640012
v 0.067382998799999996 0.33417698699999998 0.077780000899999993
v 0.064934000399999997 0.32276299600000002 0.071826003499999999
v 0.083024002599999994 0.34986400600000001 0.218424007
v 0.072223000199999998 0.36449599300000002 0.213643
v 0.077247999600000006 0.35946300599999997 0.22372999800000001
v 0.082147002199999999 0.34742599699999999 0.21196399599999999
v 0.072564996800000003 0.36688199599999999 0.22170600300000001
v 0.075820997400000006 0.35449498899999998 0.20943699800000001
v 0.12537799799999999 0.30903500299999997 0.21208000199999999
v 0.137738004 0.29191100599999997 0.19676500599999999
v 0.12406300000000001 0.30829200099999998 0.21481199600000001
v 0.13088999700000001 0.304535002 0.20326000499999999
v 0.129050002 0.30060398599999999 0.209368005
v 0.13900799999999999 0.295051008 0.193607002
v 0.097001001200000006 0.334311992 0.23269699499999999
v 0.084454000000000001 0.34057799 0.24060800700000001
v 0.102853 0.32664701299999999 0.229629993
v 0.086459003399999998 0.34465101399999998 0.23962
v 0.095988996300000004 0.33006298499999998 0.233320996
v 0.080788001400000004 0.34736099799999998 0.24412600700000001
v 0.079892002000000004 0.35748601000000002 0.237617999
v 0.066905997699999997 0.377321988 0.25330299099999998
v 0.075135998400000001 0.36474600400000001 0.23793800200000001
v 0.077099002900000005 0.35974699300000001 0.24370199400000001
v 0.069246001500000001 0.37478500599999998 0.245472997
v 0.069886997300000003 0.36959800100000001 0.25173199200000002
v 0.103274003 0.32522898900000002 0.204699993
v 0.092946000400000006 0.32500499500000002 0.191329002
v 0.093795999899999996 0.33118799300000001 0.203319997
v 0.110437997 0.318125993 0.19946900000000001
v 0.089359000300000005 0.33047300600000001 0.196789995
v 0.103738002 0.31898099200000002 0.19225099700000001
v -0.062017001199999998 0.33741700600000002 0.0192629993
v -0.063019000000000006 0.35858100700000001 0.038564000299999998
v -0.060120001399999998 0.34320199499999998 0.010394000400000001
v -0.0644719973 0.34178799399999998 0.038166999799999997
v -0.060398001200000002 0.35452199000000001 0.019886000099999999
v -0.065058000399999996 0.35168999400000001 0.048106998200000001
v -0.057167999400000002 0.29309600600000002 -0.0055729998299999996
v -0.054124001400000003 0.28321600000000002 -0.0027489999799999998
v -0.054326999899999999 0.28156000399999997 -0.024942999699999999
v -0.058648001399999997 0.29859000400000002 0.014785000100000001
v -0.052528999700000002 0.275696993 -0.024811999899999999
v -0.057305000699999997 0.29444399500000001 0.0175369997
v -0.052620999500000001 0.28295299400000001 -0.057112999300000002
v -0.044574998300000002 0.256610006 -0.098067000500000001
v -0.051360998300000002 0.272163987 -0.061909001300000002
v -0.050310999199999998 0.28286299100000001 -0.070656999900000003
v -0.0473559983 0.25848698599999997 -0.083089999900000003
v -0.046255998299999997 0.27018699000000002 -0.090438000899999996
v -0.054804000999999998 0.31797799500000001 -0.035843998199999998
v -0.0491570011 0.327823013 -0.0532130003
v -0.055087000099999998 0.33064699199999997 -0.026652000799999999
v -0.052083000499999997 0.30892700000000001 -0.054706998200000002
v -0.052234999800000001 0.33627399800000002 -0.035245999700000002
v -0.049304001 0.31310901000000002 -0.063791997700000005
v -0.064488999500000005 0.32202500099999998 0.042304001700000003
v -0.066689997900000006 0.32999199600000001 0.084569998100000002
v -0.0663369969 0.33086100200000002 0.055374000200000002
v -0.063920997100000002 0.31752699600000001 0.048478998199999998
v -0.0676070005 0.33441099499999999 0.076180003600000004
v -0.064957000299999998 0.32221299399999997 0.070166997600000003
v -0.082286998599999994 0.35080799499999998 0.219440997
v -0.071595996600000003 0.36598900000000001 0.21466299899999999
v -0.076338999000000005 0.36050599799999999 0.22500699800000001
v -0.081579998099999995 0.34811699400000001 0.21255700299999999
v -0.071805998699999998 0.36824199600000002 0.223043993
v -0.075207002499999995 0.35563600099999998 0.20998899600000001
v -0.12518399999999999 0.308952004 0.210730001
v -0.13857699900000001 0.291218013 0.19581800699999999
v -0.122959003 0.30840900500000001 0.21404099500000001
v -0.133465007 0.30224201099999998 0.20134299999999999
v -0.12847800600000001 0.30072799300000003 0.20852699899999999
v -0.14124499300000001 0.29273000399999999 0.19151300199999999
v -0.094750002 0.33562699000000001 0.23310899700000001
v -0.082737997199999996 0.34148099999999998 0.24146699899999999
v -0.10034699699999999 0.32775101099999998 0.229874
v -0.084611996999999994 0.34584599700000002 0.24045699800000001
v -0.093659996999999995 0.33105400200000001 0.233737007
v -0.079225003700000005 0.34843200400000002 0.245225996
v -0.078263998000000001 0.35859400000000002 0.238729
v -0.0654079989 0.37873300900000001 0.25539699199999999
v -0.073494002200000005 0.36577498899999999 0.23929299400000001
v -0.075374998200000001 0.360989004 0.244899005
v -0.067633002999999997 0.376053005 0.247278005
v -0.068245999500000001 0.37099799500000002 0.25343999299999997
v -0.10350000099999999 0.32483199200000001 0.204174995
v -0.092182002999999998 0.32528799800000002 0.190109
v -0.093108996700000002 0.33140900699999998 0.20268599700000001
v -0.111884996 0.316754013 0.198246002
v -0.088165000100000002 0.33107399900000001 0.195739001
v -0.104653001 0.31781700299999999 0.190800995
v -0.0085749998700000007 0.47601500200000002 0.16364899299999999
v -0.017587000500000002 0.47835901400000003 0.19547399900000001
v -0.0149419997 0.47370401000000001 0.163131997
v -0.019734999199999999 0.47445899200000002 0.178618997
v -0.0059699998200000003 0.47935700399999998 0.18024000500000001
v -0.010192999600000001 0.48105499099999999 0.19650399700000001
v -0.0037440001 0.47302201399999999 0.067822001899999998
v -0.0060560000099999997 0.47375699900000001 0.0383060016
v -0.00680699991 0.47028300200000001 0.068966001299999996
v -0.0079720001700000001 0.46922400600000003 0.055128000699999999
v -0.00173899997 0.47651600799999999 0.051249001199999998
v -0.0021180000599999999 0.47950699899999999 0.034963000600000002
v 0.010029000200000001 0.47560599399999998 0.16374899400000001
v 0.019306000300000001 0.47764098599999999 0.19573600599999999
v 0.016320999700000002 0.47311699400000001 0.163296998
v 0.021188000200000001 0.47373300800000001 0.178865999
v 0.0075249997900000004 0.47911098600000002 0.18034900700000001
v 0.011912000400000001 0.480652988 0.19681000700000001
v 0.00403899979 0.47297099199999998 0.067107997799999999
v 0.0070670000300000002 0.47303599099999999 0.038509998500000003
v 0.0064889998199999998 0.47056600500000001 0.067537002299999996
v 0.0082409996500000006 0.46895900400000001 0.0543060005
v 0.0028309999000000001 0.47626200299999999 0.051040001199999997
v 0.0039719999799999999 0.47870299199999999 0.035273999
v -0.054747998700000002 0.44808301299999997 0.226444006
v -0.062304999700000002 0.42763000699999998 0.21438099399999999
v -0.055332999700000003 0.44542398999999999 0.210338995
v -0.059709001300000002 0.435941994 0.20516200400000001
v -0.058437001000000002 0.44069200800000002 0.23627699899999999
v -0.0615720004 0.42978200300000002 0.229130998
v -0.0083820000299999996 0.48786398800000003 0.24700699700000001
v 0.0106220003 0.48740699900000001 0.24717800300000001
v -0.0039929999000000004 0.49005299800000002 0.263770014
v 0.0065179998100000002 0.48973599099999998 0.26394098999999999
v -0.0033299999800000001 0.48680099799999998 0.23067599499999999
v 0.0053220000100000003 0.48663198899999999 0.230822995
v -0.050549998899999997 0.45687299999999997 0.27514201399999999
v -0.056163001800000001 0.44026800999999999 0.28766399599999998
v -0.0480739996 0.459403008 0.29019400499999998
v -0.051591001499999997 0.45137101400000001 0.29705900000000002
v -0.055773001199999998 0.44623801099999999 0.26707899600000001
v -0.057932998999999999 0.43777498599999998 0.27303200999999999
v -0.024133000500000001 0.42613399000000002 0.0276389997
v -0.039126001299999998 0.41108799000000001 0.041111998300000001
v -0.0275439993 0.428389996 0.041901998199999999
v -0.035610999900000002 0.42050200700000001 0.049371998799999997
v -0.027356000599999999 0.41558700799999998 0.019597999800000002
v -0.0345969982 0.40852999699999998 0.0255169999
v -0.0030690000900000002 0.49029698999999999 -0.017405999799999999
v 0.0063109998600000003 0.48319899999999999 -0.0092409998199999999
v 0.00094499997799999996 0.49327701299999999 -0.0448310003
v 0.0057890000800000004 0.48067000500000001 -0.026088999599999999
v -0.000207000005 0.48960998700000002 -0.00030399998600000002
v 0.0028719999800000001 0.48821198900000001 0.0018520000200000001
v -0.014773 0.41450101099999997 -0.0099729998
v -0.022065000599999999 0.38740301100000002 -0.029410999300000001
v -0.012556999900000001 0.40823501299999998 -0.020818000699999999
v -0.015949999900000001 0.39414399900000002 -0.030861999800000001
v -0.019918000299999999 0.40761101199999999 -0.0069579999000000002
v -0.024466000500000001 0.39407598999999999 -0.016382999700000001
v -0.066858999399999994 0.393344998 0.118267998
v -0.067676998700000005 0.39335599500000001 0.15104299800000001
v -0.065618999299999994 0.40240699099999999 0.124628998
v -0.066560998600000004 0.40256801199999998 0.14098100399999999
v -0.068062998400000005 0.38425800199999999 0.128637001
v -0.068075001199999999 0.38414099800000001 0.14510500400000001
v -0.0497529991 0.37984800299999999 0.0130979996
v -0.042667001500000003 0.36873000900000003 -0.019646000100000002
v -0.052340000900000003 0.36844098600000003 0.0029980000100000002
v -0.049042999699999999 0.36270400899999999 -0.0142139997
v -0.042555998999999997 0.38606300999999998 0.00701399986
v -0.038981001799999998 0.38074401000000002 -0.0085540004100000001
v -0.068429000700000006 0.36557298900000001 0.096105001900000001
v -0.0686199963 0.35135200599999999 0.11715199799999999
v -0.068561002600000004 0.35669198600000002 0.087466999899999995
v -0.068986996999999994 0.35010400400000002 0.097833998500000005
v -0.068935997799999996 0.36632800100000001 0.114854001
v -0.0686499998 0.35877901299999998 0.12530100299999999
v -0.064381003399999998 0.39983001400000001 0.232348993
v -0.061909001300000002 0.40453800600000001 0.255553007
v -0.065020002399999999 0.390206993 0.23619399999999999
v -0.063560999899999998 0.39256998900000001 0.24658100299999999
v -0.062856003600000002 0.41155499200000001 0.240199
v -0.061675000899999999 0.413971007 0.252918005
v -0.067484997199999994 0.36374801400000001 0.18204900600000001
v -0.067689001600000007 0.34864801200000001 0.172184005
v -0.069408997900000005 0.35386100399999998 0.191496998
v -0.070739000999999996 0.34640499899999999 0.18678900600000001
v -0.067617997499999999 0.36519798599999997 0.166131005
v -0.067404002000000005 0.35724401500000003 0.161023006
v 0.055564001199999997 0.44649299999999997 0.22550700600000001
v 0.062680997000000002 0.42591801299999998 0.212752998
v 0.056159999199999998 0.44381099899999998 0.209612995
v 0.060380000599999997 0.43417999099999999 0.20410299300000001
v 0.058929000000000002 0.43878001 0.23446999499999999
v 0.0618010014 0.42796099199999998 0.227160007
v 0.052069999300000003 0.45425501499999998 0.27200800200000003
v 0.056834001100000003 0.43726700499999999 0.28284400700000001
v 0.050181001400000001 0.45608401300000001 0.28655299499999998
v 0.052983999300000001 0.44815999299999998 0.29241499300000001
v 0.056712001599999999 0.44378501199999998 0.26393499999999998
v 0.058543000400000003 0.43497800800000003 0.26902601100000001
v 0.023456999999999999 0.42693498699999999 0.028077000800000002
v 0.039209000799999998 0.41132500799999999 0.041873998900000001
v 0.027545999700000001 0.42863199099999999 0.042722999999999997
v 0.035399999500000001 0.42101299800000003 0.0499919988
v 0.027411000800000002 0.41583800300000001 0.020469000599999999
v 0.035112999399999997 0.40827798799999998 0.026603000200000001
v 0.014747999600000001 0.414581001 -0.0094360001399999994
v 0.022497000199999999 0.38713601199999997 -0.029145000500000001
v 0.0127999997 0.40806400799999998 -0.020338999100000001
v 0.016078999300000001 0.39405599200000002 -0.030494000800000001
v 0.020494999400000002 0.407303005 -0.0063240001899999999
v 0.024847999199999998 0.39396899899999999 -0.016016999300000001
v 0.066742002999999994 0.39287599899999998 0.118516997
v 0.0677540004 0.39269998699999997 0.15218199800000001
v 0.065640002500000003 0.402188987 0.12523999799999999
v 0.066569000500000003 0.40229100000000001 0.14203700399999999
v 0.067780003000000005 0.38363099099999998 0.128997996
v 0.068038001700000003 0.38334900100000002 0.14602599999999999
v 0.049961000700000001 0.37983599299999998 0.0140610002
v 0.0431520008 0.36807799299999999 -0.019139999500000001
v 0.052756000300000001 0.36797601000000002 0.0038459999499999998
v 0.049575999400000001 0.36193299299999998 -0.0135150002
v 0.042775999799999999 0.38609600100000002 0.0077800001000000001
v 0.039237000000000001 0.38053900000000002 -0.0080350004099999997
v 0.068259999200000004 0.36579799699999999 0.097147002800000007
v 0.068543002000000006 0.35122200799999997 0.118146002
v 0.068503998199999999 0.35680401299999998 0.088922001400000006
v 0.068857997700000007 0.35004600899999999 0.099342003499999998
v 0.068490996999999998 0.36641699100000003 0.11531999699999999
v 0.068495996300000001 0.358572006 0.12600399600000001
v 0.064989000599999999 0.39834699000000001 0.23011900499999999
v 0.062637001299999995 0.40267500299999998 0.25255799299999998
v 0.065861001599999996 0.38888698799999999 0.23386399399999999
v 0.064580999299999997 0.39116099500000001 0.244057
v 0.063317999200000002 0.40974599099999998 0.237706006
v 0.0621870011 0.41191399099999998 0.249915004
v 0.068291001000000004 0.362372994 0.18345600400000001
v 0.069637998899999998 0.34780201300000002 0.17380300200000001
v 0.0709630027 0.352522999 0.193001002
v 0.072977997399999994 0.34493699700000002 0.18899300699999999
v 0.068107999899999994 0.36388298899999999 0.16795399799999999
v 0.068213000900000001 0.35645499800000002 0.16242599499999999
v -0.0115510002 0.28836798699999999 0.081081002999999999
v -0.022287000000000001 0.306264013 0.12532900299999999
v -0.018463000699999999 0.290253013 0.082532003500000006
v -0.023909000699999999 0.29982501299999997 0.10512199999999999
v -0.0088569996900000007 0.29591101400000003 0.102697
v -0.01413 0.30406999600000001 0.124444
v -0.0056500001799999998 0.22245599299999999 -0.065894998600000004
v -0.0068509997800000003 0.197382003 -0.112742998
v -0.0099980002299999999 0.225497007 -0.061976000699999999
v -0.0106910001 0.21397000599999999 -0.085381999599999994
v -0.0029200001199999998 0.207402006 -0.093377001599999995
v -0.0035959999100000002 0.193992004 -0.11648599799999999
v 0.010085999999999999 0.28840699800000003 0.081501998000000006
v 0.020757000899999999 0.30629000099999998 0.12651099299999999
v 0.0171210002 0.29033500000000001 0.0832320005
v 0.022585000800000001 0.29999199500000001 0.106126003
v 0.0071140001499999999 0.29592001400000001 0.103035003
v 0.0121619999 0.30398699600000001 0.12512099700000001
v 0.0055979997899999996 0.222442999 -0.066013999300000001
v 0.00693200016 0.19739100300000001 -0.11258900199999999
v 0.0092470003299999996 0.22530999800000001 -0.0621679984
v 0.0098750004499999992 0.21387700700000001 -0.084994003200000001
v 0.0033090000500000001 0.207645997 -0.092926002999999993
v 0.0038129999299999998 0.19395500399999999 -0.116498001
v -0.063809000000000005 0.33120799099999998 0.18487200100000001
v -0.0792109966 0.32158500000000001 0.18570900000000001
v -0.061133000999999999 0.328426987 0.171149001
v -0.067809000600000002 0.324939013 0.17155200200000001
v -0.0719849989 0.32941499400000002 0.19645599999999999
v -0.079926997400000005 0.32349699700000001 0.19597700200000001
v -0.011211000400000001 0.32334798599999998 0.17702400700000001
v 0.0093390000999999997 0.32315000900000002 0.17681300599999999
v -0.0062290001700000003 0.32813701000000001 0.19112199499999999
v 0.0042369998999999998 0.32805100100000001 0.19067500500000001
v -0.0059420000799999999 0.316855997 0.16073599499999999
v 0.0040409998000000003 0.31678798800000002 0.16089400600000001
v -0.055904999400000002 0.33984300499999998 0.215774998
v -0.060010001100000002 0.34189599799999998 0.23208199400000001
v -0.049768000799999997 0.34312400199999998 0.22548200199999999
v -0.051555000199999999 0.34493300300000002 0.23355500400000001
v -0.064799003300000005 0.336456001 0.215224996
v -0.067332997899999997 0.33652201300000001 0.223278001
v -0.026732999800000001 0.20806300599999999 -0.111465998
v -0.036424998200000003 0.23591700199999999 -0.066379003199999995
v -0.0295710005 0.223276004 -0.083832003200000005
v -0.0344600007 0.23619699499999999 -0.062024001000000002
v -0.0287909992 0.20775400099999999 -0.115355998
v -0.033714000100000002 0.222435996 -0.092972002900000003
v -0.0027749999399999999 0.146366 -0.18082499499999999
v 0.00270899991 0.14612700000000001 -0.181081995
v -0.0021450000300000001 0.12840299299999999 -0.19980899999999999
v 0.00173899997 0.12820599999999999 -0.199874997
v -0.00086099997899999998 0.16174100299999999 -0.162132993
v 0.0011540000600000001 0.16171100699999999 -0.162185997
v -0.021317999800000001 0.15936499800000001 -0.181862995
v -0.023809000800000001 0.16786399499999999 -0.18176700200000001
v -0.023054000000000002 0.14103400699999999 -0.20320500399999999
v -0.024142000800000001 0.14529199900000001 -0.203394994
v -0.0235360004 0.177616999 -0.16137099299999999
v -0.025024000599999999 0.18107800199999999 -0.16167500600000001
v -0.058795999699999997 0.30322998800000001 0.077169999500000003
v -0.068155996499999996 0.31499698799999998 0.124067999
v -0.056972999099999998 0.302457005 0.080013997899999995
v -0.060437999700000002 0.309908986 0.10384599899999999
v -0.064266003700000005 0.31200700999999997 0.098985001399999994
v -0.070000998699999997 0.316276997 0.12184700399999999
v -0.042405001800000001 0.24269400499999999 -0.070626996499999997
v -0.036605000499999998 0.22270899999999999 -0.114257
v -0.044725999199999998 0.24777099499999999 -0.069721996800000005
v -0.042238000800000002 0.23912799400000001 -0.090847000499999997
v -0.0375149995 0.22739200300000001 -0.094494000100000003
v -0.034246001399999997 0.216002002 -0.116746001
v -0.061023000600000002 0.30752998599999998 0.069514997300000006
v -0.066574998199999999 0.324631006 0.109343
v -0.061230000100000001 0.30897501100000002 0.064942002299999996
v -0.063810996699999997 0.31764599700000001 0.083976000499999995
v -0.065058000399999996 0.31622999899999998 0.095974996699999995
v -0.068512000099999998 0.32303500200000002 0.116884001
v -0.104208998 0.31011301299999999 0.21080200399999999
v -0.089643001599999994 0.32569798799999999 0.22795300199999999
v -0.108944997 0.310687989 0.217245996
v -0.099537000099999995 0.31986799799999999 0.22540299599999999
v -0.094034001199999995 0.317241997 0.212948993
v -0.087614998200000002 0.32407399999999997 0.22154200099999999
v -0.107739002 0.30383399100000003 0.17041300200000001
v -0.095308996699999995 0.31664100299999998 0.17263099600000001
v -0.121698998 0.29895698999999998 0.17610000100000001
v -0.109539002 0.30895000700000003 0.177735001
v -0.093616001300000001 0.31157299900000002 0.16142100100000001
v -0.089630998700000006 0.31774100700000002 0.162269995
v 0.063694998599999997 0.33270800099999998 0.18531699500000001
v 0.079600997300000004 0.32234600200000002 0.18697799700000001
v 0.061188999600000002 0.33052200100000001 0.17307899900000001
v 0.068208999899999997 0.32710999299999999 0.17474199800000001
v 0.072097003500000006 0.33028098900000002 0.19680500000000001
v 0.080730996999999999 0.32391199500000001 0.19714100700000001
v 0.0559949987 0.34006899600000001 0.215499997
v 0.060454998199999999 0.34212398500000002 0.231717005
v 0.049759998899999998 0.34320598800000002 0.22509400500000001
v 0.051757000400000003 0.34519800499999997 0.233208001
v 0.065131001199999997 0.33674499400000002 0.21540099400000001
v 0.067864000800000004 0.33666300799999999 0.22324100099999999
v 0.026378000200000001 0.20781999800000001 -0.11122600000000001
v 0.035551000399999998 0.235839993 -0.064727999300000005
v 0.028681999100000001 0.222883999 -0.083166003200000005
v 0.033404000099999998 0.23605500200000001 -0.060357999099999997
v 0.0284509994 0.207452998 -0.11523599900000001
v 0.033013999500000002 0.22225 -0.091945998400000006
v 0.0217640009 0.15937699399999999 -0.18241600699999999
v 0.024267999500000002 0.16782000699999999 -0.18250100299999999
v 0.0242500007 0.141206995 -0.204007998
v 0.0252829995 0.14560200300000001 -0.204070002
v 0.023976000000000001 0.17757099900000001 -0.16199000199999999
v 0.0254289992 0.181061 -0.162328005
v 0.058671001299999997 0.30354499800000001 0.079435996699999997
v 0.068115003399999999 0.31520500800000001 0.12626199399999999
v 0.056462001099999999 0.30264198799999997 0.082193002099999996
v 0.059985000599999998 0.31025001400000002 0.106057003
v 0.064671002300000002 0.31253600100000001 0.101535998
v 0.070330001399999995 0.31643500899999999 0.124517001
v 0.042406000200000002 0.24304899599999999 -0.070252999699999999
v 0.0368370004 0.22332400099999999 -0.114427999
v 0.044907998300000002 0.248363003 -0.069399997599999999
v 0.042560998400000001 0.239813 -0.0910179988
v 0.037457998800000003 0.22744600500000001 -0.094870001100000004
v 0.034297000600000002 0.215918005 -0.11803899700000001
v 0.061592999799999999 0.30834498999999999 0.071840003099999994
v 0.067354001100000005 0.32444199899999998 0.112469003
v 0.061703998599999997 0.30986401400000002 0.0670640022
v 0.064378000800000001 0.318186998 0.086226001400000002
v 0.065930999800000001 0.31690001499999998 0.098970003400000006
v 0.069214999700000002 0.323332012 0.11987099800000001
v 0.106030002 0.30899798899999997 0.21118000100000001
v 0.089546002400000005 0.325720012 0.22679400399999999
v 0.111042999 0.30953699400000001 0.217092007
v 0.101283997 0.31898298899999999 0.22490499899999999
v 0.094720996900000007 0.316989988 0.21308100199999999
v 0.087797001 0.32409998800000001 0.22098000300000001
v 0.108735003 0.30391800400000002 0.17131100599999999
v 0.095386996900000007 0.316668004 0.17410700000000001
v 0.120342001 0.30110099899999998 0.176866993
v 0.107753001 0.310885996 0.179196998
v 0.094019003200000006 0.31074300399999999 0.162772
v 0.091104000800000001 0.31653899000000002 0.165484995
v 0.0246459991 0.37775701299999997 0.313418001
v 0.037383999699999997 0.37043601300000001 0.28477999599999998
v 0.0233549997 0.37326800799999998 0.30111500600000002
v 0.0301719997 0.36972299199999997 0.28814899900000002
v 0.032343000199999999 0.37987700099999999 0.30957999800000002
v 0.038049999600000002 0.37577500899999999 0.29401001300000001
v -0.024065999300000002 0.37800198800000001 0.31451201400000001
v -0.036750998299999997 0.370644003 0.28629898999999998
v -0.0230710004 0.37362399699999999 0.30208900599999999
v -0.029780000399999999 0.36997500100000003 0.28927299400000001
v -0.031610999299999998 0.380219996 0.31116700200000003
v -0.037323001799999998 0.37624201200000001 0.29578501000000001
v 0.033015001600000003 0.39937499199999998 0.353527009
v 0.046199999700000001 0.40802401300000002 0.32597398799999999
v 0.035039998599999997 0.41187098599999999 0.35995200300000002
v 0.042661998399999998 0.41653901300000001 0.34422999599999998
v 0.0370149985 0.39454200900000003 0.33144399499999999
v 0.043384000700000001 0.39777600800000001 0.32014599399999999
v -0.031835001000000002 0.39931199000000001 0.35554000699999999
v -0.0448510014 0.408666998 0.32929098600000001
v -0.033590000100000003 0.412106007 0.36245501000000002
v -0.040924999900000002 0.41706898799999997 0.34754499799999999
v -0.035996999600000003 0.39473599199999998 0.33370301099999999
v -0.042293999300000003 0.398292005 0.32286098600000002
v 0.057064998899999997 0.36825999599999998 0.26805698900000002
v 0.056154001500000002 0.38269999599999999 0.27831700399999998
v 0.063124999400000006 0.366311997 0.26178801099999999
v 0.061632998299999998 0.37371501299999998 0.26594001099999998
v 0.050714999400000002 0.37618699700000002 0.28080600500000003
v 0.051171001000000001 0.38326799900000003 0.28714799899999999
v -0.056538999100000001 0.36921700800000001 0.270206004
v -0.0553169996 0.38385000800000002 0.28110298500000003
v -0.062345001800000001 0.36746400600000001 0.26383000600000001
v -0.060609999999999997 0.374971002 0.26821398699999999
v -0.0501179993 0.377133995 0.28316301100000002
v -0.050425000499999997 0.38424700499999997 0.28974399000000001
v 0.0117680002 0.23552200200000001 -0.184891
v 0.020568000199999999 0.218419999 -0.17817300599999999
v 0.012323999800000001 0.21184900400000001 -0.196631998
v 0.016661999699999999 0.203014001 -0.19394199600000001
v 0.017051000100000002 0.24836799500000001 -0.16902700100000001
v 0.0212740004 0.24013000700000001 -0.16550399399999999
v -0.0119369999 0.23622700599999999 -0.183950007
v -0.020501000799999999 0.21951200100000001 -0.17808100599999999
v -0.0120550003 0.21270899500000001 -0.19641800200000001
v -0.0166219994 0.20405900499999999 -0.193550006
v -0.0170680005 0.24915300300000001 -0.16847799699999999
v -0.021167999100000001 0.241067007 -0.165518001
v 0.013922000299999999 0.29801300200000003 -0.13858400300000001
v 0.022788999599999998 0.31728500100000001 -0.11101
v 0.0135319997 0.31587499400000002 -0.122694001
v 0.0176059995 0.32475599599999999 -0.109636001
v 0.018659999600000001 0.28919699799999998 -0.14011299599999999
v 0.0234520007 0.29974099999999998 -0.12554800499999999
v -0.012807999699999999 0.29907599099999999 -0.13905300200000001
v -0.021414000499999999 0.31865000700000001 -0.111523002
v -0.012166 0.31692799900000002 -0.123034
v -0.016059 0.32610699500000001 -0.110091999
v -0.017739999999999999 0.29030901199999998 -0.14067600699999999
v -0.022413000499999999 0.30079600200000001 -0.12617899499999999
v 0.035013999800000001 0.26158600999999998 -0.126662999
v 0.037404999100000003 0.29696899700000001 -0.104952
v 0.040024001199999999 0.27470698999999998 -0.109444
v 0.041244000199999999 0.291707993 -0.0990469977
v 0.031429000200000001 0.26679998599999999 -0.132549003
v 0.032625000899999999 0.28530800299999998 -0.120889999
v -0.034662999200000003 0.26214700899999999 -0.128278002
v -0.037092998600000003 0.29720801099999999 -0.10531
v -0.039790000800000003 0.27515599099999999 -0.109844998
v -0.0411209986 0.291619986 -0.099413998399999995
v -0.0310730003 0.26728099599999999 -0.13381700199999999
v -0.0321579985 0.28563699100000001 -0.121809997
v -0.0334709994 0.45420301000000002 0.13222900000000001
v -0.028959000499999998 0.45218598799999998 0.108177997
v -0.028271999200000002 0.45883300900000001 0.13225500300000001
v -0.023524999599999999 0.45704999600000001 0.105308004
v -0.043395001400000001 0.446990997 0.14157399500000001
v -0.033635001599999999 0.45757400999999998 0.14540800500000001
v -0.044475000399999999 0.44970899800000003 0.155436993
v -0.035983000000000001 0.443028003 0.103689
v -0.024070000300000002 0.45367699900000003 0.093639999599999996
v -0.031762998600000002 0.44323900300000002 0.0893519968
v -0.045189000700000002 0.43935799599999997 0.124058999
v -0.038339000200000001 0.43754199100000002 0.095954000900000003
v -0.048604998699999999 0.43326801100000001 0.11811000100000001
v -0.049169998600000001 0.443324 0.151972994
v -0.051382999899999997 0.43471700000000002 0.132792994
v 0.033953998200000002 0.45377299199999999 0.13227599900000001
v 0.0293359999 0.451698989 0.108442001
v 0.0289360005 0.45829901099999998 0.132352993
v 0.024057999300000001 0.45634698899999998 0.105648004
v 0.043666001400000001 0.44671100400000002 0.14151899500000001
v 0.034240998299999999 0.457015008 0.14541600599999999
v 0.044881999499999999 0.44906699700000002 0.155359
v 0.036099001800000002 0.44298699499999999 0.103910998
v 0.024558000300000001 0.45287999499999998 0.094191998200000002
v 0.031670000400000002 0.44328001099999997 0.089630000299999998
v 0.045361999399999998 0.43946400299999999 0.124164999
v 0.038359001300000001 0.437682986 0.096188001300000006
v 0.048737999099999998 0.433360994 0.118426003
v 0.049451999400000002 0.44277799099999998 0.15202100599999999
v 0.051532000299999998 0.43472200599999999 0.13309800599999999
v -0.035580001799999997 0.28529301299999998 0.053268000500000003
v -0.031351000099999998 0.26816400899999998 0.0158239994
v -0.031342998099999998 0.28181698900000002 0.048861999099999998
v -0.027098000000000001 0.262995005 0.0074749998700000004
v -0.043285999399999997 0.29670101399999999 0.075199000500000002
v -0.036354001599999998 0.29266500499999998 0.071335002800000005
v -0.0454160012 0.304838002 0.094860002400000004
v -0.036038998500000002 0.26987001300000002 0.0156720001
v -0.027598999400000001 0.25617399800000001 -0.0087449997699999994
v -0.032864000599999998 0.25822401 -0.0088619999600000002
v -0.042817998699999998 0.28755900299999998 0.052999000999999997
v -0.037206001599999997 0.26677000499999998 0.0071519999799999996
v -0.044302001600000002 0.28618100299999999 0.048422999699999997
v -0.047903001299999998 0.305225998 0.094723001099999996
v -0.047026000900000003 0.29591199800000001 0.071080997600000001
v 0.034577999300000002 0.28526198899999999 0.054170001299999999
v 0.030215999100000002 0.26808100899999998 0.016282999900000001
v 0.0301709995 0.28169599200000001 0.049761000999999999
v 0.025864999699999999 0.26283100199999998 0.00786300004
v 0.042886998500000002 0.29690998800000001 0.076347000900000003
v 0.035360001000000002 0.292674989 0.072535999099999998
v 0.0453110002 0.30533000799999999 0.096270002399999999
v 0.0350750014 0.26984500900000002 0.016282999900000001
v 0.026383999700000001 0.25591999300000001 -0.0084990002200000005
v 0.031743001200000003 0.257995009 -0.0084079997599999998
v 0.0422360003 0.28772398799999999 0.054037999400000002
v 0.036191999900000001 0.26668500899999997 0.0079079996799999996
v 0.043593999000000001 0.28629198700000003 0.049568999599999997
v 0.047988001299999999 0.30579400099999998 0.0961489975
v 0.046571001399999999 0.29608300300000001 0.072348996999999998
v -0.00022400000300000001 0.34750199300000001 0.245666996
v -0.0114320004 0.35163098599999998 0.25374001299999999
v -0.0052930000199999999 0.343968987 0.236762002
v -0.017602000400000001 0.34842899399999999 0.24521799399999999
v 0.0112349996 0.35157498700000001 0.25369098800000001
v 0.0041339998100000004 0.34401398900000002 0.236840993
v 0.0168079995 0.34839901299999998 0.24524900299999999
v 0.0067540002099999996 0.358348995 0.26855099199999999
v -0.0065549998499999998 0.35834398899999997 0.26855599899999999
v 0.0071919998200000003 0.36267501099999999 0.27803900799999998
v -0.0070190001300000004 0.36273598699999998 0.27823200799999998
v 0.019115999299999999 0.35218200100000002 0.25308400399999997
v 0.0139629999 0.359454989 0.26996499299999999
v -0.0194710009 0.35219299799999998 0.25321000799999999
v -0.013868999700000001 0.35943698899999998 0.270090997
v 0.0017109999900000001 0.48331400800000002 0.33166900300000002
v -0.0148750003 0.47664499300000002 0.34174600199999999
v -0.0042329998700000003 0.48652198899999999 0.32067099199999999
v -0.021283000699999999 0.47820100199999999 0.33012700099999998
v 0.018146000799999999 0.47599700099999998 0.34022399800000003
v 0.007522 0.48618400099999998 0.31982201300000002
v 0.0244800001 0.47699400800000002 0.32746300099999998
v 0.012593000199999999 0.46731400499999998 0.36074200299999998
v -0.0095880003599999996 0.46737599400000002 0.36204799999999998
v 0.0142750004 0.45802000199999998 0.37110400199999999
v -0.0112389997 0.45843699599999999 0.37276899800000002
v 0.029185000799999999 0.46994099 0.33698299500000001
v 0.024602999899999999 0.460592002 0.35912200799999999
v -0.025973999899999999 0.47131601000000001 0.33964198800000001
v -0.021793000399999998 0.46135899400000002 0.361658007
v -0.0010920000500000001 0.046503000000000003 -0.27914398899999998
v -0.0286539998 0.064221002200000002 -0.27407500099999998
v -0.0091679999599999992 0.057969998600000003 -0.265702993
v -0.050469998299999999 0.0389109999 -0.28336799099999999
v 0.028912000399999999 0.0636989996 -0.27365198699999999
v 0.0082719996599999995 0.057167001100000003 -0.26564198700000002
v 0.052062001099999998 0.037969998999999997 -0.281170011
v 0.0110999998 0.107079998 -0.25207299
v -0.010432999599999999 0.10702399899999999 -0.252101988
v 0.0083389999300000003 0.132681996 -0.24040900200000001
v -0.00734699983 0.132521003 -0.24065899800000001
v 0.053268000500000003 0.071364000400000002 -0.26864299200000002
v 0.018884999699999998 0.119905002 -0.24387499700000001
v -0.051389001300000001 0.071241997200000004 -0.26778599600000003
v -0.018066000200000001 0.119632997 -0.243946999
v 0.00085399998400000001 0.40478101399999999 -0.042500998800000002
v -0.0024429999799999999 0.39214000100000002 -0.051853001099999997
v 0.00036899998700000002 0.41619700199999998 -0.034894000699999997
v -0.0033889999599999998 0.40176698599999999 -0.0427469984
v 0.00396500016 0.39192500699999999 -0.051555000199999999
v 0.0014530000000000001 0.41634899399999997 -0.034618999800000001
v 0.0049080001200000004 0.40148299900000001 -0.042142998399999999
v 0.00322100008 0.37253799999999998 -0.070189997599999998
v -0.00173899997 0.37276700099999999 -0.070266999299999994
v 0.0037199999200000001 0.360015005 -0.082700997600000006
v -0.0022799998999999999 0.36031401200000002 -0.082768000699999997
v 0.0065959999299999997 0.38803100600000001 -0.052655998599999997
v 0.00625000009 0.36708798999999998 -0.074032001200000003
v -0.0052550002000000002 0.388462007 -0.052979998299999997
v -0.0048520001599999998 0.36752599499999999 -0.074175998600000001
v 0.0591530018 0.32210698700000001 -0.0068689999200000004
v 0.062242001300000002 0.32307198599999998 0.018338000399999999
v 0.059835001800000003 0.33231499799999997 0.00207799999
v 0.063525997099999995 0.33210599400000002 0.029218999700000001
v 0.057062998400000002 0.29685699900000001 -0.021812999600000001
v 0.060614001000000001 0.30954301400000001 0.0106260004
v 0.056031998200000002 0.28938499099999998 -0.0232020002
v 0.0598630011 0.304343998 0.013485999800000001
v 0.056281998799999997 0.30478799299999998 -0.031216999499999998
v 0.054797001200000001 0.285921007 -0.040525998899999999
v 0.053780000699999997 0.294826001 -0.049513001000000001
v 0.057470999699999997 0.32599699500000001 -0.016116999100000001
v 0.054405998400000002 0.30635398600000002 -0.0424869992
v 0.0643860027 0.327080011 0.037039998900000003
v 0.062279000899999999 0.313715994 0.029502000699999999
v 0.088838003600000007 0.34599798900000001 0.22564199600000001
v 0.097061000800000005 0.334787995 0.21518799699999999
v 0.082808002800000002 0.35263898999999999 0.22495399399999999
v 0.089340999700000007 0.34107500299999999 0.213719994
v 0.109975003 0.32373300199999999 0.222580001
v 0.11333599699999999 0.320748001 0.21352000500000001
v 0.11736100200000001 0.315719992 0.21929100200000001
v 0.12231700099999999 0.312662989 0.20945699500000001
v 0.093809001099999997 0.340559006 0.230401993
v 0.107695997 0.324232996 0.226046994
v 0.090859003399999999 0.34233298899999998 0.23502099500000001
v 0.081765003500000003 0.35516598799999999 0.231372997
v 0.085137002200000006 0.35005998599999999 0.236652002
v 0.096248999200000004 0.33278000400000002 0.209308997
v 0.113922998 0.31860700199999997 0.206754997
v -0.058797001799999998 0.321630001 -0.0081219999100000002
v -0.062148999400000002 0.32270601399999999 0.0169009995
v -0.059546001299999998 0.33210799099999999 0.00091200001799999998
v -0.063464000800000003 0.33207899299999999 0.027720000599999999
v -0.056843999800000003 0.29583400500000001 -0.0231400002
v -0.060531001500000001 0.30874499700000002 0.0091549996300000006
v -0.055785000299999998 0.28834000199999998 -0.024382000800000001
v -0.059813998600000001 0.30342701100000002 0.0120329997
v -0.056115001400000003 0.30401599400000001 -0.032814998200000001
v -0.054388001599999999 0.28481999000000002 -0.041588999299999999
v -0.053605999799999998 0.29420500999999999 -0.051318001000000002
v -0.057172998799999999 0.325708002 -0.017310999300000001
v -0.054356999699999999 0.30583900200000003 -0.044303998400000003
v -0.064402997500000003 0.32693201300000002 0.035473998600000001
v -0.062274001500000002 0.312972009 0.027931999400000001
v -0.087719000899999997 0.34689199900000001 0.22650499599999999
v -0.096395000800000005 0.33531999600000001 0.21566100399999999
v -0.081804998200000006 0.35359498900000003 0.22603499899999999
v -0.088918000499999997 0.34136700599999997 0.214286
v -0.108295001 0.32469999799999999 0.222386003
v -0.112758003 0.321105003 0.21320599300000001
v -0.115675002 0.316529006 0.21875399400000001
v -0.12234100000000001 0.31248199900000001 0.20811399799999999
v -0.092079997100000005 0.341749996 0.23094800100000001
v -0.105504997 0.32544898999999999 0.22597999899999999
v -0.088936999399999994 0.34361198500000001 0.23566600700000001
v -0.080421999100000002 0.35618698599999998 0.23247100400000001
v -0.083437003199999998 0.351240993 0.237540007
v -0.095799997400000003 0.33297199 0.209308997
v -0.115065001 0.31773600000000002 0.206119999
v -0.0070360000199999996 0.47183799700000001 0.13169099400000001
v -0.0053090001499999998 0.47073900699999999 0.099785000099999993
v -0.0121980002 0.46983799300000001 0.131721005
v -0.0091279996600000003 0.46866899699999998 0.100129999
v 0.0080800000600000001 0.471583009 0.13170099299999999
v 0.00593299977 0.47056299400000001 0.0995870009
v 0.013191999899999999 0.46939799199999999 0.13178899899999999
v 0.0097820004400000007 0.46828299800000001 0.100091003
v 0.00065300002500000005 0.47464999600000002 0.147760004
v -0.010711000300000001 0.47262400399999999 0.147512004
v -0.0023060000999999999 0.47708898799999999 0.163917005
v 0.000319000013 0.47263199099999997 0.083325996999999999
v -0.0060609998200000003 0.47041898999999998 0.084007002400000003
v -0.00095000001600000004 0.47423499800000002 0.067313000600000006
v 0.0119160004 0.47220298599999999 0.14760099400000001
v 0.0038199999800000001 0.47693398599999998 0.16393099699999999
v 0.0061929998900000002 0.470302999 0.083350002800000003
v 0.00168099999 0.47415599200000003 0.067105002699999999
v -0.030621999899999999 0.47287499900000002 0.20885799799999999
v -0.043760001700000002 0.462586999 0.21949200299999999
v -0.032039001599999999 0.46922400600000003 0.19195699699999999
v -0.044596999900000003 0.45919600100000002 0.20264300700000001
v -0.0236670002 0.48317000300000001 0.26057401299999999
v -0.038391999900000001 0.47249200899999999 0.27046400300000001
v -0.020175000700000001 0.48582899600000001 0.27713701099999999
v -0.035409998099999999 0.47506898600000003 0.28647500300000001
v -0.0203629993 0.48165199199999997 0.22830300000000001
v -0.024891000199999999 0.47436600899999998 0.19389100400000001
v -0.0149250003 0.48192098700000002 0.21251200100000001
v -0.0478550009 0.46064600300000003 0.248647004
v -0.049970001 0.45432901399999998 0.21510499699999999
v -0.053759999599999997 0.45091998599999999 0.24266800299999999
v -0.014154000200000001 0.48763701300000001 0.26259800799999999
v -0.0119190002 0.485100001 0.22984200699999999
v -0.043680999399999997 0.46651598799999999 0.281551987
v -0.052427999699999998 0.45385900099999998 0.25896900899999997
v -0.0112020001 0.46097600500000002 0.032228998799999999
v -0.0161559992 0.44452598700000001 0.029169000699999999
v -0.0127670001 0.45940399199999998 0.047184001699999999
v -0.0189810004 0.44479000600000002 0.0435919985
v -0.0073979999900000001 0.46161299900000002 -0.011222999500000001
v -0.0097070001100000008 0.435716987 -0.0074410000800000002
v -0.0048509999199999997 0.454706997 -0.020876999899999998
v -0.00738799991 0.42982199799999998 -0.016714999500000001
v -0.0077970000000000001 0.47425699199999999 0.0095459995800000006
v -0.0095330001800000008 0.46638399400000002 0.042688999300000002
v -0.0049399999000000003 0.47925600400000001 0.0207320005
v -0.0157900006 0.43122801199999999 0.0089689996100000002
v -0.021185999699999999 0.43613100100000002 0.035381998900000003
v -0.0207170006 0.42332699899999998 0.014018000100000001
v -0.0059420000799999999 0.47762200199999999 -0.0247300006
v -0.0042380001399999999 0.48597899100000003 0.0021530001
v -0.0106349997 0.42191600800000001 -0.013053
v -0.017340999100000001 0.41970100999999999 0.0013770000099999999
v -0.051424998800000003 0.40693700300000002 0.064787000400000003
v -0.061870999599999997 0.401270986 0.090824998899999995
v -0.047853998799999999 0.41559401200000001 0.072763003399999998
v -0.0590399988 0.410207987 0.0980010033
v -0.059344001100000002 0.37708100700000002 0.038580000400000002
v -0.065307997199999995 0.37200498599999998 0.066665001200000004
v -0.060215998399999998 0.36590900999999998 0.029267000000000001
v -0.065311998100000004 0.36178201399999999 0.057604000000000002
v -0.050599999700000002 0.394466013 0.039572000500000003
v -0.043533999499999997 0.41345900299999999 0.0568829998
v -0.042791001500000002 0.40108400599999999 0.032388001700000002
v -0.066466003699999998 0.38317999200000002 0.093482002600000003
v -0.064172998100000003 0.40193098799999999 0.108028002
v -0.067552000299999998 0.38401401000000002 0.111346997
v -0.0558619983 0.37313300399999999 0.020566999900000001
v -0.046441000000000003 0.390625 0.0230219997
v -0.067158997100000006 0.364039004 0.076856002199999995
v -0.067996002700000002 0.37468099599999999 0.10394199899999999
v -0.065057002000000003 0.41503098599999999 0.19317400500000001
v -0.066866002999999993 0.40347498700000001 0.17229999600000001
v -0.063105001999999993 0.42406400999999999 0.18370600000000001
v -0.065491996699999999 0.41266798999999998 0.16271300599999999
v -0.066779002500000004 0.38612401499999999 0.21487499800000001
v -0.067975997900000001 0.373591006 0.19930799299999999
v -0.068517997900000002 0.376744986 0.21985100199999999
v -0.070473998800000007 0.36406400799999999 0.205877006
v -0.064818002299999997 0.40730899599999998 0.21446700399999999
v -0.062885001300000007 0.42581200600000002 0.19935900000000001
v -0.063441000900000002 0.41856500499999999 0.22157600499999999
v -0.067607998799999999 0.38391700400000001 0.17601899800000001
v -0.0669910014 0.40286999899999998 0.157025993
v -0.067873999500000004 0.384014994 0.16094900700000001
v -0.066109001599999995 0.388074011 0.22567300500000001
v -0.063894003599999999 0.409294993 0.227431998
v -0.068677000700000004 0.36315798799999999 0.19539999999999999
v -0.067722998600000001 0.37421301000000001 0.17109100499999999
v 0.031938999900000001 0.47204598800000003 0.208923995
v 0.044989999400000001 0.46126499799999998 0.219136998
v 0.033280000099999998 0.46798700100000001 0.19192400600000001
v 0.045533001400000002 0.45783999600000003 0.20227999999999999
v 0.025853000599999999 0.48182299699999998 0.26033699500000002
v 0.040520999600000003 0.47020098599999999 0.26851600399999997
v 0.022644000099999999 0.48465699000000001 0.27715000499999998
v 0.0378680006 0.47268599300000003 0.28400799599999998
v 0.022377999499999999 0.48074701399999997 0.22852900600000001
v 0.0264490005 0.47338598999999998 0.19412100299999999
v 0.016842000199999999 0.48136299799999999 0.21293300400000001
v 0.016411999199999999 0.48679599200000001 0.26269298800000002
v 0.0139969997 0.48455900000000002 0.230129004
v 0.049224998800000003 0.45896398999999999 0.247468993
v 0.050983998900000001 0.45282998699999999 0.214589998
v 0.054698001599999997 0.44927999400000002 0.24121500600000001
v 0.045850001299999998 0.46370899700000001 0.278477013
v 0.053553000099999998 0.45190998900000001 0.25684198699999999
v 0.011927999599999999 0.459446996 0.033753998600000001
v 0.016207000199999998 0.44384899700000002 0.030097000299999999
v 0.0136500001 0.45788699399999999 0.048425998499999998
v 0.0186020005 0.44495400800000001 0.043892998199999998
v 0.0083839995800000008 0.457215011 -0.0060729999099999998
v 0.010347000300000001 0.43441098900000003 -0.0055650002299999996
v 0.0065219998399999998 0.450605005 -0.015746999500000001
v 0.0083079999300000006 0.42844301499999998 -0.015197999800000001
v 0.0087230000599999996 0.47220700999999998 0.012610999899999999
v 0.0101910001 0.46551299099999999 0.043157000100000002
v 0.0066579999400000001 0.47782200600000002 0.0226559993
v 0.00730600022 0.46847999099999998 -0.0139290001
v 0.0064819999999999999 0.48177799599999999 0.0066849999100000003
v 0.015594 0.431226999 0.0101110004
v 0.020891999800000002 0.43628498900000001 0.035801999299999998
v 0.020261000800000002 0.42397001400000001 0.0148419999
v 0.0109390002 0.42146900300000001 -0.012129000399999999
v 0.017123999099999999 0.42015999599999998 0.0022380000399999998
v 0.051467999799999997 0.40711200199999997 0.065412998200000003
v 0.061857000000000002 0.40117600599999997 0.091160997699999996
v 0.047981999800000001 0.41572299600000001 0.073379002499999998
v 0.059204000999999999 0.41025200499999998 0.098389998100000001
v 0.0594579987 0.37720799399999999 0.039794001699999998
v 0.065373003499999999 0.37204000399999998 0.067878998800000007
v 0.0603529997 0.36572399700000002 0.030539000399999999
v 0.065421000100000001 0.36184298999999998 0.059034999499999997
v 0.050737000999999997 0.394986004 0.040376998499999997
v 0.043545998599999997 0.41370499100000002 0.057551998600000001
v 0.042952999499999998 0.40139699000000001 0.033201001600000002
v 0.066411003499999996 0.38309800599999999 0.093988999700000006
v 0.064203999900000003 0.40188500300000002 0.108180001
v 0.067371003299999996 0.383538991 0.111621998
v 0.056023001699999998 0.37308299499999997 0.021663000799999999
v 0.046610001499999998 0.39103299400000002 0.023855999100000001
v 0.0672210008 0.36419001200000001 0.078226000099999998
v 0.067845001799999999 0.37458100900000002 0.104570001
v 0.065298996900000003 0.413821995 0.192387
v 0.067024 0.402696997 0.17300200499999999
v 0.063721999500000001 0.42276099299999997 0.18368799999999999
v 0.065866999300000006 0.41210800400000003 0.163904995
v 0.067452997000000001 0.38510799400000001 0.213060006
v 0.068311996799999997 0.37203100300000003 0.19896699500000001
v 0.069237999600000003 0.37543100099999999 0.218199
v 0.0710360035 0.362257987 0.20569899699999999
v 0.065127998600000001 0.40595999399999999 0.21276900200000001
v 0.063556999000000003 0.42408099799999999 0.19836899599999999
v 0.063649997099999994 0.41695299699999999 0.21962299900000001
v 0.067740000800000005 0.38270500299999999 0.176734
v 0.067111000399999995 0.40232101100000001 0.158188999
v 0.068029001399999997 0.38290798700000001 0.16204500199999999
v 0.066835001099999999 0.38682800499999997 0.22364300500000001
v 0.064295999699999995 0.40773200999999998 0.22535100599999999
v 0.069236002899999996 0.36139100800000001 0.196409002
v 0.068029001399999997 0.372855991 0.17239099699999999
v -0.0095480000600000007 0.26989400400000002 0.035121999700000003
v -0.0077360002299999998 0.24806599300000001 -0.013589000299999999
v -0.0154259996 0.27185800700000001 0.0372520015
v -0.012776000399999999 0.25046700199999999 -0.010596999899999999
v 0.0084400000100000004 0.26990199100000001 0.035353999599999998
v 0.0070409998300000002 0.24800799800000001 -0.013671999799999999
v 0.014267999700000001 0.27187299700000001 0.037673000200000001
v 0.0118150003 0.250357002 -0.0105379997
v -0.00061899999899999998 0.278393 0.057516999499999999
v -0.0137130003 0.28031799200000002 0.059222001599999997
v -0.0043799998200000001 0.28739398700000002 0.080372996599999996
v 8.2999999000000002e-05 0.234174997 -0.041411001199999999
v -0.0091279996600000003 0.23694099499999999 -0.037767000500000002
v -0.0016629999700000001 0.22100700400000001 -0.067722000199999993
v 0.012439000400000001 0.28035599 0.059652000699999999
v 0.0028860000900000002 0.28739800999999998 0.080507002800000005
v 0.0084640001899999994 0.23682199400000001 -0.037964999700000002
v 0.00206499989 0.22106599800000001 -0.067685000600000003
v -0.036134999199999997 0.31866601100000003 0.14668600300000001
v -0.049247998699999997 0.32893899100000001 0.166907996
v -0.036928001799999999 0.31287100899999998 0.128659993
v -0.049031999 0.32416298999999998 0.150943995
v -0.0263759997 0.330982 0.191386998
v -0.041535999599999998 0.33790799999999999 0.20488099800000001
v -0.021324999599999998 0.33425599299999997 0.20375700299999999
v -0.036091998200000003 0.340119004 0.21556699300000001
v -0.0251620002 0.32039099900000001 0.16175900400000001
v -0.029814999599999999 0.30933698999999998 0.126558006
v -0.019432999199999999 0.31237399599999999 0.143707007
v -0.054747998700000002 0.33606499400000001 0.19464200700000001
v -0.055399000599999998 0.32947701200000001 0.16900899999999999
v -0.063348002700000003 0.33408901099999999 0.19586899899999999
v -0.016727000499999999 0.32934001099999999 0.19192500400000001
v -0.015706999199999998 0.31808298800000001 0.161026999
v -0.046245001299999998 0.340952009 0.215899006
v -0.0605930015 0.33681801 0.205837995
v -0.012257000400000001 0.19375799599999999 -0.123032004
v -0.019504999700000001 0.19766199600000001 -0.12281700199999999
v -0.0158120003 0.210999995 -0.095132999100000004
v -0.022398000599999999 0.214393005 -0.094313003100000001
v -0.0096580004300000008 0.13867500399999999 -0.19290600699999999
v -0.016986999700000002 0.14266100500000001 -0.19570800699999999
v -0.0111170001 0.118644997 -0.21304599900000001
v -0.020905999500000001 0.121763997 -0.217197001
v -0.0059879999600000004 0.16816799299999999 -0.156244993
v -0.011060999700000001 0.20323200499999999 -0.105642997
v -0.0043040001799999998 0.18060700599999999 -0.13772700700000001
v -0.019788000699999999 0.17720699300000001 -0.15601399499999999
v -0.024402 0.21027900299999999 -0.10434599999999999
v -0.0239070002 0.192599997 -0.13645499899999999
v -0.0061110002000000002 0.13190400599999999 -0.197521999
v -0.0030280000099999998 0.16354000599999999 -0.160502002
v -0.021018000299999999 0.140045002 -0.201903
v -0.0218800008 0.17647199299999999 -0.15972399700000001
v -0.043490000100000002 0.26134300199999999 -0.016253000100000001
v -0.0507629998 0.28369599600000001 0.031236000399999998
v -0.041770000000000002 0.26141101100000003 -0.012226000399999999
v -0.049123998699999998 0.28342199299999998 0.034733999500000001
v -0.048742998400000001 0.26696500200000001 -0.023060999799999999
v -0.054822999999999997 0.28825500599999998 0.023012999400000001
v -0.0506180003 0.27083501199999999 -0.024173999200000001
v -0.056035000799999998 0.290989995 0.020307000700000001
v -0.042711999299999998 0.25090000000000001 -0.044700000400000002
v -0.039053998899999998 0.24901699999999999 -0.039085999099999998
v -0.038279999000000002 0.23693199500000001 -0.068760000200000004
v -0.056616000800000003 0.29557698999999998 0.050418998999999999
v -0.0538079999 0.29356101200000001 0.055886998799999997
v -0.0601430014 0.30456000599999999 0.075092002699999993
v -0.046700999100000001 0.25734400699999999 -0.046758998199999999
v -0.040236000000000001 0.23918500500000001 -0.070050001099999995
v -0.058260999600000002 0.29910099499999998 0.044344998900000002
v -0.060880001599999997 0.30613699599999999 0.072875000499999995
v -0.081299997900000004 0.31637901099999999 0.173262998
v -0.074891999400000006 0.31570300499999998 0.15193699299999999
v -0.067456997899999996 0.32002699400000001 0.15454700599999999
v -0.0622700006 0.31626000999999998 0.131523997
v -0.117849 0.29717400700000002 0.196691006
v -0.122115999 0.29306098800000002 0.17782899699999999
v -0.127416998 0.29577100299999998 0.20306700499999999
v -0.141480997 0.28537601200000001 0.17986400399999999
v -0.0974610001 0.30971398900000002 0.19389800700000001
v -0.074561998199999993 0.32068601299999999 0.172073007
v -0.088707998400000002 0.31669700099999998 0.19540500599999999
v -0.092091999899999999 0.309942991 0.161690995
v -0.065484002200000002 0.31498798700000002 0.12787599899999999
v -0.079418003599999995 0.31520399500000001 0.14378100599999999
v -0.11557099999999999 0.30258700300000002 0.20765699400000001
v -0.097754999999999995 0.31207200899999998 0.20388700100000001
v -0.123728 0.29519298700000002 0.175621003
v -0.092978999000000007 0.31058698899999998 0.16098099900000001
v 0.035404000400000003 0.31912601000000002 0.148512006
v 0.049520000799999998 0.33066800200000002 0.16895300099999999
v 0.036416999999999998 0.31348198700000002 0.130606994
v 0.049525998500000001 0.32583800000000002 0.153360993
v 0.025330999900000001 0.33097401300000001 0.19139300300000001
v 0.041503000999999998 0.33829000599999998 0.204408005
v 0.0201069992 0.33415800299999998 0.20350299799999999
v 0.0352930017 0.34000700700000003 0.214788005
v 0.023545999099999999 0.32026100200000002 0.16232000299999999
v 0.028809999999999999 0.30954599399999999 0.12828999799999999
v 0.0177250002 0.31229299300000002 0.14510700100000001
v 0.0148069998 0.32902699699999999 0.190885007
v 0.013847 0.31792300899999998 0.16137400299999999
v 0.054561998700000003 0.33743101399999997 0.19497600200000001
v 0.055725000800000001 0.33138200600000001 0.17085799600000001
v 0.063236996500000003 0.33515599400000001 0.19611999399999999
v 0.045752000100000002 0.340903014 0.21509799399999999
v 0.060571 0.337568015 0.20608900499999999
v 0.011960999999999999 0.19306200700000001 -0.123746999
v 0.019045000900000001 0.197240993 -0.122840002
v 0.015017000000000001 0.21040800200000001 -0.095565997099999994
v 0.0217029992 0.213945001 -0.094309002200000006
v 0.0096800001299999997 0.138291001 -0.19337500599999999
v 0.016981000100000001 0.142572001 -0.195623994
v 0.011114999699999999 0.118412003 -0.21321000200000001
v 0.0213060006 0.121821001 -0.21779799499999999
v 0.0063709998499999997 0.167711005 -0.15692800300000001
v 0.010634000399999999 0.20285800100000001 -0.10584399799999999
v 0.00467900001 0.18040099700000001 -0.13806299899999999
v 0.0056050000700000003 0.131052002 -0.19815999300000001
v 0.0034640000699999998 0.163441002 -0.16073100300000001
v 0.019963000000000002 0.176865995 -0.15654900699999999
v 0.024012999600000001 0.20985299299999999 -0.104498997
v 0.024139000099999999 0.192337006 -0.137069002
v 0.021333999900000001 0.14010399600000001 -0.20199699700000001
v 0.022220000600000001 0.17633399399999999 -0.16028800600000001
v 0.042849000499999998 0.26140600400000003 -0.014937999699999999
v 0.050347000400000001 0.28385698799999998 0.032905999599999999
v 0.0409019999 0.26140001400000001 -0.0108430004
v 0.048420999200000002 0.28351700299999999 0.036371998500000002
v 0.048774998600000001 0.26739099599999999 -0.022146999800000001
v 0.054990999399999997 0.288845986 0.024571999899999999
v 0.050744000800000001 0.27136799700000003 -0.0232020002
v 0.056228999000000002 0.29169198899999998 0.021835999599999999
v 0.042408000699999997 0.25095200499999998 -0.044086001800000003
v 0.038178000599999998 0.24894799300000001 -0.037530999600000003
v 0.037834998199999997 0.236735001 -0.068392001100000002
v 0.0568079986 0.29611098800000002 0.052320998200000003
v 0.053378999199999999 0.293660015 0.057810999500000002
v 0.060541998600000001 0.30528599000000001 0.077211998399999995
v 0.046824000800000001 0.257750005 -0.046147998400000001
v 0.040105000100000003 0.23921600000000001 -0.069998003500000003
v 0.058572001800000002 0.29985898700000002 0.0461970009
v 0.061445001499999999 0.30709698800000002 0.075166001900000001
v 0.083048999299999995 0.31624400600000002 0.17569500199999999
v 0.076241001500000002 0.31496000299999999 0.15098899599999999
v 0.067252002699999994 0.32194700799999998 0.15742899499999999
v 0.063497997799999997 0.31624999599999998 0.13223800099999999
v 0.119778 0.29588499699999998 0.196686
v 0.124876998 0.29255101100000003 0.179092005
v 0.129411995 0.29488798999999999 0.20350199899999999
v 0.13983300300000001 0.28784799599999999 0.183062002
v 0.097978003300000005 0.30954000399999998 0.19391599300000001
v 0.075953997699999998 0.32199498999999998 0.17643499400000001
v 0.089469000699999995 0.316632003 0.19619500600000001
v 0.092395998500000007 0.30924400699999999 0.16263000699999999
v 0.065590999999999997 0.31520798799999999 0.12907400699999999
v 0.079672999699999997 0.31487101299999998 0.145587996
v 0.117546 0.30153000400000002 0.208287001
v 0.0984209999 0.31179401299999998 0.20408000100000001
v 0.12562300300000001 0.29530900700000001 0.17716400299999999
v 0.093648001600000003 0.31017398800000001 0.161936
v 0.0089290002400000002 0.37759500699999998 0.327376008
v -0.0084950001899999992 0.377629995 0.32774099699999998
v 0.0079650003499999993 0.37464600799999997 0.31298100899999998
v -0.0082390000999999994 0.37479001299999998 0.31331399100000001
v 0.016929000600000001 0.39459899100000001 0.39440399399999998
v -0.0160729997 0.39439800400000002 0.39526799299999998
v 0.0173850004 0.41317299000000002 0.40294998900000001
v -0.016063999400000001 0.41257599 0.40258100600000002
v 0.021012000699999998 0.38442999100000003 0.34783101100000002
v 0.016403000800000001 0.37589800400000001 0.31440499399999999
v 0.026714999199999999 0.382993996 0.32717901500000002
v -0.019928000899999999 0.38423600800000002 0.34853801099999998
v -0.016163000800000001 0.37610998699999998 0.31511598800000001
v -0.025878999400000002 0.38313001400000002 0.32847198799999999
v 0.027001999299999999 0.404303998 0.377609998
v 0.029772000400000002 0.389737993 0.34162798500000002
v -0.026006000099999999 0.40444499299999997 0.378962994
v -0.028796000400000001 0.389789999 0.34336000700000002
v 0.052726998900000002 0.35056498600000002 0.24744999400000001
v 0.044456999699999999 0.360475987 0.26453700699999999
v 0.044454999299999999 0.35236200699999998 0.249641001
v 0.036956999499999997 0.36091300799999998 0.26741200700000001
v 0.078628003599999996 0.339056998 0.23959699300000001
v 0.066831998500000003 0.35345798699999997 0.25276398700000002
v 0.087641999100000006 0.33438599099999999 0.236650005
v 0.074106000399999997 0.35032001099999999 0.248475999
v 0.069853000299999995 0.34002301099999999 0.236453995
v 0.052535999600000001 0.34753799400000002 0.24047100499999999
v 0.069193996499999993 0.33774501099999998 0.230076
v 0.0897379965 0.32915499799999998 0.232099995
v 0.078828997900000003 0.33224898600000002 0.22845500699999999
v 0.051137998699999999 0.364149004 0.26756501199999999
v 0.037092998600000003 0.36553499099999998 0.27592799099999998
v 0.044211000200000003 0.37057700799999999 0.27997198699999998
v 0.064903996899999997 0.35951000500000002 0.25740501300000002
v 0.050756000000000003 0.36981698899999998 0.274204999
v -0.052303999699999999 0.34985300899999999 0.24829599299999999
v -0.043979000300000001 0.35995900600000003 0.26573100700000002
v -0.044213999099999998 0.35172298600000002 0.25025299200000001
v -0.036672998200000001 0.36049699800000001 0.268289
v -0.077500999000000001 0.33940601300000001 0.240531996
v -0.065955996500000003 0.35395199100000002 0.25418901399999999
v -0.085890002500000007 0.33506599100000001 0.23733800599999999
v -0.072938002599999996 0.35118898700000001 0.249812007
v -0.069338999700000001 0.339841008 0.237266004
v -0.052173998200000002 0.34698599600000002 0.24101999399999999
v -0.068788997800000001 0.33755400800000002 0.23056100299999999
v -0.088302001399999996 0.32973599399999998 0.23285199700000001
v -0.078541003200000001 0.33217498699999998 0.22916500300000001
v -0.0505850017 0.364149004 0.26934498499999998
v -0.036662001200000002 0.36532598700000002 0.27708300899999999
v -0.043526999699999999 0.37085100999999998 0.28183201000000002
v -0.064176000699999999 0.36042299900000002 0.25922098799999999
v -0.0501900017 0.37044701000000002 0.27631899700000001
v 0.0555589981 0.42921200399999998 0.29967099400000002
v 0.052471000699999999 0.41953998799999997 0.31443700200000002
v 0.052731998299999999 0.440667003 0.31178599600000001
v 0.050092998899999998 0.43034800899999998 0.32958900899999999
v 0.061744999100000003 0.39599901399999998 0.26423901300000002
v 0.059785999399999998 0.38939198899999999 0.27277800400000002
v 0.064747996599999996 0.38521900799999997 0.25426098699999999
v 0.064058996699999995 0.37957701100000002 0.26133200499999998
v 0.059225998799999999 0.41614299999999999 0.27440199300000001
v 0.054896000799999997 0.43916898999999998 0.29684001199999999
v 0.059163000399999999 0.425615996 0.27235999700000002
v 0.063251003599999994 0.39359399699999997 0.254132003
v 0.060846000900000002 0.414106011 0.26206099999999999
v 0.053073998499999997 0.39980000300000001 0.29687300300000002
v 0.048826001600000002 0.41900399300000002 0.32920599
v 0.048726998299999998 0.39943999099999999 0.30847400400000002
v 0.060469001500000001 0.38137501499999998 0.26970899100000001
v 0.052057001700000001 0.391131014 0.29266101100000003
v -0.054946001600000002 0.432177007 0.30454099200000001
v -0.051476001700000003 0.42167100299999999 0.31884700100000002
v -0.051415998499999997 0.44387200500000001 0.31689599200000002
v -0.048470001700000001 0.43305200300000002 0.33415299700000001
v -0.060740001500000002 0.39782398899999999 0.26725101499999998
v -0.0587269999 0.39100098599999999 0.27571600699999999
v -0.063399001999999996 0.38670599500000002 0.25664898800000002
v -0.062714003000000004 0.38106501100000001 0.26376199700000003
v -0.0586749986 0.41861799399999999 0.27842500799999997
v -0.054026998600000001 0.44217801099999998 0.301889986
v -0.058800000700000001 0.42845499500000001 0.27678200600000002
v -0.0622919984 0.39533200899999998 0.25682300299999999
v -0.060352001299999999 0.41642600299999999 0.26573198999999997
v -0.052136000199999998 0.40119200900000002 0.30024600000000001
v -0.047053001800000001 0.42012599099999998 0.33325400900000002
v -0.047710999800000001 0.40040099600000001 0.31163099399999999
v -0.059328000999999998 0.38279300900000002 0.27233600600000002
v -0.051162000700000002 0.39219599999999999 0.295635015
v 0.0051520001099999999 0.233708993 -0.19211199900000001
v -0.0030650000600000002 0.23427400000000001 -0.19259799999999999
v 0.00516099995 0.20949299599999999 -0.205739006
v -0.0027479999700000001 0.20996199500000001 -0.20649300500000001
v 0.0049379998800000002 0.29779198800000001 -0.14585599299999999
v -0.0036589999199999998 0.29831200800000002 -0.146064997
v 0.0049379998800000002 0.31555101299999999 -0.12915499499999999
v -0.0033919999800000001 0.31611099799999998 -0.129217997
v 0.0092390002700000005 0.26773300799999999 -0.16709700199999999
v 0.0085340002600000006 0.22245499499999999 -0.19598400599999999
v 0.013077000199999999 0.25765600799999999 -0.16966900200000001
v -0.0079770004399999997 0.26874500499999998 -0.167382002
v -0.0074280002199999997 0.22312000400000001 -0.19634500099999999
v -0.012573000000000001 0.25866499500000001 -0.169459
v 0.0093050003100000004 0.306869 -0.134882003
v 0.013884999800000001 0.278481007 -0.15411
v -0.0080030001699999999 0.307774991 -0.13516299400000001
v -0.012892000400000001 0.27971899500000003 -0.15462599699999999
v 0.023997999700000001 0.17330199499999999 -0.191606998
v 0.0234229993 0.192353994 -0.18568100000000001
v 0.024832999299999998 0.15138700599999999 -0.212367997
v 0.0214889999 0.17383399599999999 -0.20280799299999999
v 0.036828998500000001 0.22824999700000001 -0.125144005
v 0.036508999799999997 0.241289005 -0.12892800600000001
v 0.042500000400000001 0.24420699500000001 -0.10344299699999999
v 0.041728999500000002 0.25597199799999998 -0.109109998
v 0.0284620002 0.197879001 -0.155392006
v 0.024346999800000001 0.15630799500000001 -0.20127899899999999
v 0.026698000699999998 0.18779300199999999 -0.16073499599999999
v 0.039719000499999997 0.232905999 -0.109316997
v 0.0311159994 0.20574599499999999 -0.137987003
v 0.0284720007 0.228405997 -0.15578700600000001
v 0.020571000900000001 0.19623099299999999 -0.19027100499999999
v 0.025144999800000001 0.233456001 -0.16111999799999999
v 0.038453999900000001 0.25782200700000002 -0.11898600300000001
v 0.030031999600000001 0.24760800599999999 -0.14436499799999999
v -0.023784000400000001 0.173454002 -0.19081400300000001
v -0.023326000199999999 0.19364799599999999 -0.18534600700000001
v -0.024345999600000001 0.151475996 -0.211978003
v -0.0212949999 0.17460699399999999 -0.202704996
v -0.036699000699999998 0.22839599799999999 -0.125799999
v -0.036242999099999999 0.24234999700000001 -0.12969799300000001
v -0.0423210002 0.24395600000000001 -0.104436003
v -0.041469998700000003 0.25664401100000001 -0.110233001
v -0.028369000200000001 0.19801500399999999 -0.15521399699999999
v -0.023662999300000001 0.156090006 -0.20080900199999999
v -0.026405999400000001 0.187611997 -0.16008399400000001
v -0.039519000800000002 0.23233699799999999 -0.10993599900000001
v -0.0308689997 0.20537799600000001 -0.137762994
v -0.028125999499999998 0.22988900500000001 -0.15626299399999999
v -0.020501999199999999 0.19757999500000001 -0.18997499300000001
v -0.0248649996 0.23447699799999999 -0.16164800500000001
v -0.038178000599999998 0.25862300399999999 -0.12003900100000001
v -0.029642999199999999 0.24872000499999999 -0.14500300599999999
v 0.0242660008 0.36530300999999998 -0.054593000599999997
v 0.024633999899999998 0.34244900900000003 -0.082315996299999999
v 0.018640000399999999 0.37144899399999998 -0.054928999399999998
v 0.019182000300000002 0.34880399699999998 -0.081496998700000003
v 0.043074999000000003 0.347332001 -0.047462001400000002
v 0.041271999500000003 0.32398301400000001 -0.076884001499999993
v 0.048365000599999999 0.34140899800000002 -0.041836000999999998
v 0.045814998400000001 0.31829500199999999 -0.070620000399999994
v 0.033094998399999999 0.36720299699999998 -0.038633998500000002
v 0.020482 0.37952798599999998 -0.042089000299999998
v 0.028953000900000001 0.38081398599999999 -0.026931999299999999
v 0.046401999899999997 0.35500499600000002 -0.030557999400000001
v 0.036015000200000001 0.37438198900000003 -0.023563999700000001
v 0.032248999899999999 0.32010000900000002 -0.095752999199999994
v 0.021284999299999999 0.33364000900000002 -0.096184000399999997
v 0.027935000099999999 0.31004700099999999 -0.110843003
v 0.041763998599999998 0.30823999600000002 -0.088425003000000002
v 0.032986000199999997 0.30315199500000001 -0.108718
v -0.0233490001 0.366207004 -0.0548380017
v -0.0231560003 0.34388101100000001 -0.082574002399999999
v -0.0177519992 0.37223398699999999 -0.055282000499999998
v -0.017627999200000001 0.350383997 -0.081873998000000003
v -0.0426339991 0.34836998600000002 -0.047508999699999999
v -0.041088998299999999 0.32442098899999999 -0.076422996800000004
v -0.048149000900000002 0.34227699 -0.042275000399999998
v -0.045731999000000002 0.31840801200000002 -0.070987999400000001
v -0.032657001200000001 0.36760801100000001 -0.038639999899999999
v -0.0198459998 0.380080998 -0.042376000400000002
v -0.0287689995 0.38077399099999998 -0.0270119999
v -0.045869000299999997 0.35605299499999998 -0.031070999799999999
v -0.035719998199999999 0.37455898500000001 -0.0237349998
v -0.031185999499999999 0.321218014 -0.095835000300000001
v -0.019636999799999999 0.33519199500000002 -0.096713997400000001
v -0.026844000400000002 0.31122300000000003 -0.11133900300000001
v -0.0416739993 0.30822101200000002 -0.088292002699999997
v -0.032249998299999999 0.30380099999999999 -0.109169997
v 0.067860998199999994 0.33917200600000003 0.11953
v 0.067349001800000002 0.33085298499999999 0.118300997
v 0.067625001099999998 0.33715000699999997 0.098434999600000003
v 0.065980002300000007 0.32715499399999998 0.094770997800000006
v 0.076254002700000004 0.33440598799999999 0.17788299900000001
v 0.085349999400000001 0.324928999 0.17633399399999999
v 0.083204001200000002 0.33134400800000002 0.188997999
v 0.095296002899999996 0.32100999400000002 0.18546099999999999
v 0.068611003500000003 0.34491598600000001 0.149169996
v 0.068318001899999994 0.34412598599999999 0.10916200299999999
v 0.068439997700000005 0.35136699700000001 0.13727800500000001
v 0.074848003699999999 0.33880400700000002 0.18381500200000001
v 0.068479001499999997 0.35021299099999997 0.15623900299999999
v 0.073997996699999999 0.32933399099999999 0.151279002
v 0.066165998599999998 0.32522699199999999 0.103363
v 0.071744002400000007 0.32793000300000003 0.13784100099999999
v 0.096283003699999994 0.31818899499999997 0.179727003
v 0.081959001700000006 0.32381498800000003 0.161351994
v -0.067496001700000002 0.33939599999999998 0.11793000300000001
v -0.066748000700000004 0.33068499000000001 0.116222002
v -0.0677540004 0.33727601200000001 0.096964999999999996
v -0.065843999400000006 0.32666099100000001 0.092892997000000005
v -0.073763996400000004 0.33613601300000001 0.17560599700000001
v -0.084445998100000003 0.32556301399999998 0.175145
v -0.081591002600000004 0.33228600000000003 0.18784999799999999
v -0.095225997300000004 0.32073798799999997 0.18396399899999999
v -0.067374996800000003 0.34526899500000002 0.147926003
v -0.068352997299999996 0.34431999899999999 0.107729003
v -0.067971997000000006 0.351689011 0.136105001
v -0.072337001600000006 0.34038400699999999 0.18171599499999999
v -0.067376002700000007 0.35071799199999998 0.15488299699999999
v -0.071875996900000003 0.33134201200000002 0.14911000399999999
v -0.065672002699999996 0.324957997 0.101075001
v -0.070784002499999998 0.32761099900000001 0.133991003
v -0.096686996499999997 0.317714989 0.17833900499999999
v -0.080385997900000006 0.32432898900000001 0.15603199600000001
v -0.022263999999999999 0.46661201099999999 0.14680099499999999
v -0.027480000599999999 0.46633398500000001 0.161273003
v -0.0132099995 0.46398898999999999 0.086379997400000005
v -0.013605999800000001 0.46179699899999999 0.073233999300000005
v -0.021265000100000001 0.470434994 0.162330002
v -0.010064000300000001 0.466340005 0.070744000400000007
v -0.050562001799999999 0.44843301200000002 0.18243899899999999
v -0.055461000699999999 0.44058999399999998 0.17821200200000001
v -0.055612999900000001 0.44292500600000001 0.194189996
v -0.029560999899999999 0.43708500300000003 0.065644003500000006
v -0.036766998500000002 0.43031299099999998 0.072797998799999999
v -0.032331999399999999 0.42928498999999998 0.057404000300000001
v -0.0586539991 0.41949099299999998 0.12098500099999999
v -0.060904998299999999 0.42039299000000002 0.13683700600000001
v -0.063755996499999995 0.41141399699999998 0.13081400100000001
v 0.023295000199999999 0.46586999299999998 0.146952003
v 0.028579000399999999 0.46540400399999998 0.16142000300000001
v 0.0139969997 0.46291598699999997 0.086929999300000005
v 0.0148080001 0.46012198900000001 0.074298001799999999
v 0.0225419998 0.46964201300000002 0.16253599499999999
v 0.010549999799999999 0.46551099400000001 0.070620998700000007
v 0.051313999999999999 0.44730898699999999 0.182282999
v 0.056200999799999998 0.43929600699999999 0.178201005
v 0.056449998199999997 0.44143700600000002 0.193802997
v 0.0292380005 0.43730100999999999 0.065963998400000001
v 0.036881998200000002 0.43024900599999999 0.073445998100000007
v 0.0322810002 0.429475993 0.058031000200000002
v 0.058649998199999998 0.41960901 0.12146899799999999
v 0.060896001800000002 0.42032799100000001 0.137627006
v 0.063651002900000003 0.411495 0.131653994
v -0.025897 0.28563800499999997 0.064352996600000004
v -0.031244000399999999 0.29624998600000002 0.087390996499999998
v -0.018466999800000002 0.24473799800000001 -0.026940999600000001
v -0.0191179998 0.23580099600000001 -0.047095999100000001
v -0.025037 0.29292801000000002 0.0846709982
v -0.0145669999 0.23001199999999999 -0.055780001000000003
v -0.052094001299999998 0.31931498600000002 0.13477799300000001
v -0.055380001700000001 0.31913098699999998 0.13531599899999999
v -0.057845000200000003 0.32442700899999999 0.15438200499999999
v -0.030863000099999999 0.240896001 -0.046668000500000001
v -0.0355559997 0.25165200199999999 -0.027138000400000001
v -0.032547000800000003 0.23788100500000001 -0.055440999599999999
v -0.050239000499999999 0.29388898600000002 0.063299998600000004
v -0.053001999899999999 0.303099006 0.087220996600000003
v -0.054914001400000002 0.30243098699999998 0.083521000999999997
v 0.024748999599999998 0.28567901299999998 0.065228998699999999
v 0.030319999899999998 0.296481997 0.088638998600000005
v 0.017193999099999999 0.24446499299999999 -0.0268929992
v 0.017770999999999999 0.235425994 -0.047143001099999998
v 0.023903999499999998 0.29308900199999999 0.085649997000000005
v 0.013294000199999999 0.229687005 -0.055904001000000002
v 0.052831001599999997 0.32076299200000002 0.13686500500000001
v 0.056090999400000001 0.32047399900000001 0.137293994
v 0.058474998899999998 0.32636898800000003 0.15675699700000001
v 0.0297400001 0.24046300400000001 -0.046133000399999999
v 0.034478999699999999 0.25141701100000002 -0.026209000499999999
v 0.031475000099999997 0.23761300699999999 -0.054260000599999997
v 0.049474000900000002 0.29402101000000003 0.064902998500000003
v 0.052411999600000002 0.303424001 0.088854998399999996
v 0.054212000199999999 0.30268299599999998 0.085454002000000001
v -0.0061139999899999997 0.33674400999999998 0.21591100099999999
v 0.0041370000699999998 0.33669498599999997 0.21565900700000001
v -0.033725000900000003 0.346300989 0.23571500200000001
v -0.0351280011 0.349326998 0.24376900500000001
v -0.0010359999699999999 0.33257699000000002 0.20387899900000001
v -0.042764000599999998 0.34631198600000002 0.234844998
v 0.032214000800000003 0.34593600000000002 0.23446500300000001
v 0.0344920009 0.34929999699999997 0.24298800500000001
v 0.042314000400000003 0.34633699099999998 0.234153003
v 0.0149630001 0.368009001 0.29003599299999999
v 0.022127000599999998 0.36452400699999998 0.27965098599999999
v -0.015034000400000001 0.36806699599999998 0.29027900099999998
v -0.022043000900000002 0.36451101299999999 0.28011900200000001
v 0.022631999100000001 0.36886400000000003 0.28991800499999998
v -0.022523000800000002 0.36907100700000001 0.29060599199999998
v -0.0045469999300000001 0.49045500199999997 0.29429200300000002
v 0.00709699979 0.490013003 0.294101
v -0.036694999800000003 0.470580995 0.31144601100000002
v -0.041384000300000001 0.46302399 0.32006400800000001
v 0.0013269999799999999 0.49097600600000002 0.27985799300000003
v -0.045129999499999997 0.46153798699999998 0.30505898599999998
v 0.039374001300000003 0.468392998 0.30792599900000001
v 0.043889999399999997 0.46041500600000002 0.31585899000000001
v 0.0472729988 0.45842599899999997 0.30074799099999999
v 0.027235999699999999 0.43656799200000002 0.37468600299999999
v 0.036998000000000003 0.43991899499999998 0.35877600300000001
v -0.0248240009 0.43694201100000002 0.377115011
v -0.034570001099999997 0.44108900400000001 0.36240500199999998
v 0.036435000600000003 0.425942987 0.36121401199999997
v -0.0343549997 0.42632999999999999 0.36439600599999999
v -0.0048619997700000001 0.092386998200000001 -0.23452700700000001
v 0.0043939999299999997 0.091775998499999997 -0.234793007
v -0.048262998500000001 0.089671000799999998 -0.24395600000000001
v -0.048018000999999998 0.098079003400000003 -0.243118003
v -0.00014200000399999999 0.11060400300000001 -0.21717600500000001
v -0.0296860002 0.12029000400000001 -0.223772004
v 0.049460999700000001 0.089272998300000003 -0.244588003
v 0.049391999800000003 0.097915999599999998 -0.243704006
v 0.0310369991 0.120780997 -0.224492997
v 0.010068000299999999 0.17240999600000001 -0.22020800400000001
v 0.015565999800000001 0.161716998 -0.220171005
v -0.0086610000600000001 0.172759995 -0.221193001
v -0.0148430001 0.161938995 -0.22071500099999999
v 0.012808999999999999 0.18706199500000001 -0.209090993
v -0.0127170002 0.188080996 -0.20852400400000001
v 0.00038499999200000001 0.44547098899999998 -0.027349999199999999
v 0.0021450000300000001 0.44518500599999999 -0.026562999899999998
v -0.0072260000700000004 0.40711098899999998 -0.031876999900000001
v -0.0099929999600000003 0.39229199300000001 -0.042842000700000001
v 0.0020639998799999999 0.464424014 -0.029402000800000001
v -0.0110870004 0.40065100799999998 -0.031601000599999998
v 0.0081599997399999999 0.40642198899999998 -0.031633999199999999
v 0.0107009998 0.39186200500000001 -0.042475998399999999
v 0.011525999800000001 0.40035799100000002 -0.031222999099999999
v 0.0081700002800000008 0.33936300899999999 -0.10251300000000001
v 0.0113880001 0.347187996 -0.091609999499999997
v -0.0066189998800000004 0.34024399500000002 -0.10258299899999999
v -0.0098740002100000009 0.34829598699999997 -0.091719001499999994
v 0.012672999900000001 0.33215999600000001 -0.10678599799999999
v -0.011049999899999999 0.33342200500000002 -0.107066996
v 0.058061998300000001 0.349211991 0.0022219999199999999
v 0.055362001100000002 0.34308001399999999 -0.0162400007
v 0.066818997300000002 0.34513101000000002 0.059486001699999999
v 0.067718997599999997 0.33907198900000002 0.069103002499999996
v 0.054581999800000003 0.35560199599999998 -0.0064280000500000004
v 0.068366996900000004 0.34793901399999999 0.079616002699999994
v 0.051454998600000003 0.26948401300000002 -0.045044999600000003
v 0.049796998500000002 0.26370200500000002 -0.064604997600000005
v 0.0603209995 0.30546400000000001 0.038120001600000002
v 0.062806002799999996 0.31460601100000002 0.055782001499999997
v 0.047485001399999997 0.255196005 -0.067644000100000004
v 0.062125999500000001 0.311811 0.061480999000000001
v 0.047775998700000002 0.28436699500000001 -0.080577999400000003
v 0.0487109981 0.29876598700000001 -0.071781001999999997
v 0.044656001000000001 0.28729099000000002 -0.0905079991
v 0.072068996699999999 0.36953499899999998 0.229633003
v 0.070938997000000004 0.37220299200000001 0.23758600699999999
v 0.080009996900000005 0.34548500199999999 0.20546099500000001
v 0.084669999800000006 0.33752900400000002 0.20139400700000001
v 0.067737996600000003 0.38016399699999998 0.23633499399999999
v 0.076824002000000002 0.344356 0.198348999
v 0.11935699700000001 0.30971899600000002 0.218274996
v 0.108218998 0.31952598700000001 0.225961998
v 0.13065700199999999 0.302917987 0.19312299799999999
v 0.116952002 0.31148201199999997 0.19290299699999999
v 0.11192200300000001 0.31358501300000002 0.221945003
v 0.121348001 0.30547299999999999 0.184829995
v 0.0770019963 0.35456499499999999 0.247135997
v 0.073284000200000005 0.36202099900000001 0.24962599599999999
v 0.068612001800000003 0.36419799899999999 0.255607009
v -0.0576639995 0.34945800900000001 0.0014550000200000001
v -0.054937001300000003 0.34349399800000002 -0.0169910006
v -0.066664002799999997 0.34534200999999998 0.057741999600000003
v -0.067617997499999999 0.339534014 0.067180000200000006
v -0.054090000700000002 0.355996013 -0.0069760000300000003
v -0.068309001600000002 0.34805500499999997 0.077808998500000004
v -0.051224999100000002 0.26862201099999999 -0.0459689982
v -0.049575999400000001 0.26270401500000001 -0.065472997699999994
v -0.060205001399999999 0.30461800100000003 0.036495998500000001
v -0.062767997399999997 0.31378799699999999 0.054104000300000003
v -0.0472199991 0.25442001199999997 -0.068063996700000004
v -0.061877001100000002 0.310977012 0.059574998900000002
v -0.047561000999999999 0.284417003 -0.082148999
v -0.048627000300000001 0.29869699500000002 -0.073379002499999998
v -0.044511001600000002 0.28741198800000001 -0.091698996699999993
v -0.071057997600000006 0.37066099000000002 0.23122499899999999
v -0.069504998600000006 0.37325000800000002 0.23927199800000001
v -0.079279996500000005 0.34603101000000003 0.20528000599999999
v -0.083645001100000005 0.33791801300000002 0.20068499400000001
v -0.066590003699999997 0.38124200699999999 0.238427997
v -0.075434997700000006 0.34538999199999998 0.19733999699999999
v -0.117017001 0.31067699199999999 0.21799500299999999
v -0.105203003 0.32075101099999997 0.22612400399999999
v -0.13785800300000001 0.29634898900000001 0.189416006
v -0.119510002 0.30867901399999997 0.190516993
v -0.10867500300000001 0.314821988 0.222020999
v -0.12682299299999999 0.300292999 0.18176800000000001
v -0.075520999699999994 0.35574001100000002 0.24843299399999999
v -0.071774996800000004 0.36333501299999998 0.251105994
v -0.067441999899999994 0.36550799 0.25742301299999998
v -0.0029909999599999999 0.48237699299999998 0.197183996
v 0.0043790000499999999 0.48230999699999999 0.19733299300000001
v 0.00074599997600000001 0.48495999000000001 0.21417699800000001
v -0.000109000001 0.480664015 0.034423999499999997
v 0.0020620001000000001 0.48032399999999997 0.034646000699999999
v 0.0012979999899999999 0.48531100199999999 0.0174390003
v -0.0606339984 0.43226200300000001 0.243836999
v -0.059413999299999999 0.43504199399999999 0.25838699900000001
v -0.0614489987 0.423319995 0.24912300700000001
v -0.0309539996 0.40443700599999999 0.0109710004
v -0.0274780001 0.39975100800000002 -0.00298000011
v -0.035069000000000003 0.39258098600000002 0.0017170000400000001
v -0.068345002799999999 0.37518000600000001 0.13900099699999999
v -0.068507999200000003 0.366679013 0.13244600600000001
v -0.067976996299999995 0.36628300000000003 0.149536997
v 0.060982000100000003 0.43020999399999998 0.24148599800000001
v 0.059964999599999999 0.43262800600000001 0.25535198999999997
v 0.061767000699999998 0.42114299500000002 0.24626900299999999
v 0.031275000400000003 0.40444499299999997 0.0118380003
v 0.027540000200000001 0.39995101100000002 -0.0024840000599999999
v 0.035195000499999997 0.39273700099999997 0.0022710000600000002
v 0.068140998499999994 0.37454101400000001 0.139624998
v 0.068336002500000007 0.366293013 0.13306699699999999
v 0.068222001199999993 0.36548298600000001 0.150698006
v -0.0053989998999999997 0.30291000000000001 0.123971
v 0.0034419999000000001 0.30287599599999998 0.124178
v -0.00101799995 0.309956014 0.14330799899999999
v -0.0010169999399999999 0.192552 -0.117990002
v 0.001315 0.192544997 -0.118005998
v 0.00017200000000000001 0.177258 -0.141127005
v -0.078063003699999994 0.32675099400000002 0.20547200700000001
v -0.073858998699999998 0.33120000399999999 0.214610994
v -0.083810001600000003 0.32448300699999999 0.21408100399999999
v -0.0305150002 0.208792001 -0.117321998
v -0.0273620002 0.19494999900000001 -0.14019699399999999
v -0.0322710015 0.21135100700000001 -0.118083999
v -0.070628002300000006 0.317359 0.121804997
v -0.070295996999999999 0.32071799000000001 0.12087199799999999
v -0.079668998699999993 0.31877499799999998 0.14329899800000001
v 0.079153999700000005 0.32684001299999998 0.20649099300000001
v 0.074556998900000004 0.33129701 0.215142995
v 0.084173001299999994 0.32462200499999999 0.21429300300000001
v 0.030376000300000001 0.208541006 -0.117570996
v 0.0276280008 0.194773003 -0.140847996
v 0.032276999200000003 0.211060002 -0.119168997
v 0.071332000199999995 0.31788799200000001 0.12439700200000001
v 0.071598999199999999 0.31968200200000002 0.12477000100000001
v 0.080954998700000003 0.31739801200000001 0.146230996
v 0.039335999599999998 0.38176500800000002 0.303389996
v 0.041126999999999997 0.389019012 0.31237900299999999
v 0.045600999099999998 0.38302201000000002 0.295648992
v -0.038543999199999998 0.38225799799999999 0.30543199199999999
v -0.040206000200000001 0.38950499900000002 0.31473299900000001
v -0.044856000700000002 0.38369199599999998 0.29806301000000002
v 0.022371999900000002 0.26092299800000002 -0.15265400700000001
v 0.023243000699999999 0.28085300299999999 -0.13937200599999999
v 0.027548000199999999 0.27323699000000001 -0.136650994
v -0.022013999499999999 0.261792988 -0.153053999
v -0.022600000700000001 0.281751007 -0.14000399399999999
v -0.027053000399999999 0.27397900800000002 -0.137601003
vt 0.83211458127957416 0.8460845850995663
vt 0.82936102930303623 0.83643802678923507
vt 0.83700709779179816 0.83568966260843847
vt 0.83211458127957416 0.8460845850995663
vt 0.83700709779179816 0.83568966260843847
vt 0.83777255951794161 0.84936199970425863
vt 0.83211458127957416 0.8460845850995663
vt 0.83777255951794161 0.84936199970425863
vt 0.83085336775433749 0.85855616620662456
vt 0.83211458127957416 0.8460845850995663
vt 0.83085336775433749 0.85855616620662456
vt 0.82552925374605679 0.850361204899448
vt 0.83211458127957416 0.8460845850995663
vt 0.82552925374605679 0.850361204899448
vt 0.82936102930303623 0.83643802678923507
vt 0.053984729273462144 0.24986337366916403
vt 0.043512386478460174 0.24368898409774251
vt 0.05047571320639048 0.23988963226414628
vt 0.75115600971017349 0.36223052112085963
vt 0.74556919422811518 0.37121042919459779
vt 0.75871782272772081 0.37055729526074527
vt 0.71012559764392746 0.69098320127661672
vt 0.70328388394617503 0.69436743703174286
vt 0.69834253930895107 0.69053804896983439
vt 0.50255396509020112 0.6790861593059937
vt 0.49810471399349371 0.68740465422910091
vt 0.48720887963328074 0.68595043868296535
vt 0.26072058452040614 0.36174274047466481
vt 0.24921068257713919 0.36117108943710569
vt 0.264980491854791 0.35938820823886042
vt 0.45639047712933756 0.52980202274743693
vt 0.46892120650138014 0.51653409651025239
vt 0.470268600897082 0.51908224689471605
vt 0.45639047712933756 0.52980202274743693
vt 0.470268600897082 0.51908224689471605
vt 0.4525918184394716 0.53656294669262616
vt 0.45639047712933756 0.52980202274743693
vt 0.4525918184394716 0.53656294669262616
vt 0.43973592764195585 0.54469787405116321
vt 0.45639047712933756 0.52980202274743693
vt 0.43973592764195585 0.54469787405116321
vt 0.45041469249063487 0.53220861777898265
vt 0.45639047712933756 0.52980202274743693
vt 0.45041469249063487 0.53220861777898265
vt 0.46892120650138014 0.51653409651025239
vt 0.93896684616522086 0.23860028865585567
vt 0.93165957092862772 0.23755379565506704
vt 0.9345930322111593 0.24645264442034701
vt 0.5044245289703273 0.60415143034059537
vt 0.51967553941985412 0.59560716310134065
vt 0.52130920217616328 0.59776692194893533
vt 0.663925873669164 0.33574584575857652
vt 0.68313565901025242 0.34335987560380521
vt 0.65785031484128553 0.34944502291995266
vt 0.28088509833399056 0.23270329135449527
vt 0.29690016496820781 0.23873907143385253
vt 0.28609830934542585 0.2408818290060627
vt 0.8471403970327287 0.12591279327681387
vt 0.84401339461750791 0.11953988541563978
vt 0.84343477363466091 0.13309620757960372
vt 0.71012559764392746 0.69098320127661672
vt 0.72189679551951891 0.68899772956920347
vt 0.71762703014097007 0.69371488071766563
vt 0.75115600971017349 0.36223052112085963
vt 0.74965766401320977 0.35164621635942428
vt 0.74096656582708986 0.35926378893927446
vt 0.053984729273462144 0.24986337366916403
vt 0.062530373173181192 0.25989809246845424
vt 0.051171826865018727 0.25590791431511239
vt 0.26072058452040614 0.36174274047466481
vt 0.2651198137445781 0.36374365388406937
vt 0.24937153043055008 0.36338995804169955
vt 0.50255396509020112 0.6790861593059937
vt 0.51483600989501188 0.66962158973284702
vt 0.51450241522082019 0.6774716735262224
vt 0.75115600971017349 0.36223052112085963
vt 0.75998912534503149 0.3577722206476735
vt 0.74965766401320977 0.35164621635942428
vt 0.71012559764392746 0.69098320127661672
vt 0.71037435922712933 0.68742244491817828
vt 0.72189679551951891 0.68899772956920347
vt 0.50255396509020112 0.6790861593059937
vt 0.49816320762273264 0.67505398819499207
vt 0.51483600989501188 0.66962158973284702
vt 0.26072058452040614 0.36174274047466481
vt 0.27500277257492112 0.36117470918769717
vt 0.2651198137445781 0.36374365388406937
vt 0.053984729273462144 0.24986337366916403
vt 0.06218893249704259 0.24982825438682965
vt 0.062530373173181192 0.25989809246845424
vt 0.8471403970327287 0.12591279327681387
vt 0.85113051742409307 0.1260088129374507
vt 0.84883790602819398 0.11408615352979594
vt 0.93896684616522086 0.23860028865585567
vt 0.94622983721904574 0.23465612754460766
vt 0.93889013825906942 0.23033847748669165
vt 0.5044245289703273 0.60415143034059537
vt 0.48433179404081228 0.61362081341186914
vt 0.49689128887766165 0.60507827903194011
vt 0.663925873669164 0.33574584575857652
vt 0.65564396133182179 0.32305457659700315
vt 0.68177755939471607 0.32528700001232258
vt 0.28088509833399056 0.23270329135449527
vt 0.26757550645701894 0.22374011500024646
vt 0.28501249969193609 0.22834428372067231
vt 0.8471403970327287 0.12591279327681387
vt 0.84766895763505523 0.13748031279266068
vt 0.85113051742409307 0.1260088129374507
vt 0.93896684616522086 0.23860028865585567
vt 0.94362353977720825 0.24393699477523659
vt 0.94622983721904574 0.23465612754460766
vt 0.5044245289703273 0.60415143034059537
vt 0.49977958029376973 0.60870526912460565
vt 0.48433179404081228 0.61362081341186914
vt 0.663925873669164 0.33574584575857652
vt 0.64091196150433749 0.33754474627858833
vt 0.65564396133182179 0.32305457659700315
vt 0.28088509833399056 0.23270329135449527
vt 0.26863705607994876 0.23182723469538644
vt 0.26757550645701894 0.22374011500024646
vt 0.75115600971017349 0.36223052112085963
vt 0.74096656582708986 0.35926378893927446
vt 0.74556919422811518 0.37121042919459779
vt 0.053984729273462144 0.24986337366916403
vt 0.051171826865018727 0.25590791431511239
vt 0.043512386478460174 0.24368898409774251
vt 0.26072058452040614 0.36174274047466481
vt 0.24937153043055008 0.36338995804169955
vt 0.24921068257713919 0.36117108943710569
vt 0.50255396509020112 0.6790861593059937
vt 0.51450241522082019 0.6774716735262224
vt 0.49810471399349371 0.68740465422910091
vt 0.71012559764392746 0.69098320127661672
vt 0.71762703014097007 0.69371488071766563
vt 0.70328388394617503 0.69436743703174286
vt 0.8471403970327287 0.12591279327681387
vt 0.84343477363466091 0.13309620757960372
vt 0.84766895763505523 0.13748031279266068
vt 0.93896684616522086 0.23860028865585567
vt 0.9345930322111593 0.24645264442034701
vt 0.94362353977720825 0.24393699477523659
vt 0.5044245289703273 0.60415143034059537
vt 0.52130920217616328 0.59776692194893533
vt 0.49977958029376973 0.60870526912460565
vt 0.663925873669164 0.33574584575857652
vt 0.65785031484128553 0.34944502291995266
vt 0.64091196150433749 0.33754474627858833
vt 0.28088509833399056 0.23270329135449527
vt 0.28609830934542585 0.2408818290060627
vt 0.26863705607994876 0.23182723469538644
vt 0.93896684616522086 0.23860028865585567
vt 0.93889013825906942 0.23033847748669165
vt 0.93165957092862772 0.23755379565506704
vt 0.5044245289703273 0.60415143034059537
vt 0.49689128887766165 0.60507827903194011
vt 0.51967553941985412 0.59560716310134065
vt 0.663925873669164 0.33574584575857652
vt 0.68177755939471607 0.32528700001232258
vt 0.68313565901025242 0.34335987560380521
vt 0.28088509833399056 0.23270329135449527
vt 0.28501249969193609 0.22834428372067231
vt 0.29690016496820781 0.23873907143385253
vt 0.8471403970327287 0.12591279327681387
vt 0.84883790602819398 0.11408615352979594
vt 0.84401339461750791 0.11953988541563978
vt 0.75115600971017349 0.36223052112085963
vt 0.75871782272772081 0.37055729526074527
vt 0.75998912534503149 0.3577722206476735
vt 0.71012559764392746 0.69098320127661672
vt 0.69834253930895107 0.69053804896983439
vt 0.71037435922712933 0.68742244491817828
vt 0.50255396509020112 0.6790861593059937
vt 0.48720887963328074 0.68595043868296535
vt 0.49816320762273264 0.67505398819499207
vt 0.26072058452040614 0.36174274047466481
vt 0.264980491854791 0.35938820823886042
vt 0.27500277257492112 0.36117470918769717
vt 0.053984729273462144 0.24986337366916403
vt 0.05047571320639048 0.23988963226414628
vt 0.06218893249704259 0.24982825438682965
vt 0.84060251133675079 0.64375870280461356
vt 0.85119613503055991 0.64810979704751581
vt 0.83322268705638802 0.65615835099566244
vt 0.73179411782827286 0.2413705916058754
vt 0.71956975798501577 0.23077623626035096
vt 0.72292157001675872 0.24871579720770898
vt 0.1486108051865635 0.35247895153539038
vt 0.14575855724443021 0.36813618271884857
vt 0.13357089551089313 0.35606250462095818
vt 0.4933333050941443 0.76292381888308358
vt 0.51113785704603709 0.75371602055402209
vt 0.51515859128548891 0.76302432472397475
vt 0.70833836504337544 0.77778127772574923
vt 0.71447207092862774 0.7695712983044164
vt 0.70951439890575707 0.79113638604100944
vt 0.82239462674980279 0.26000914949723974
vt 0.81916742655757102 0.24581757073146687
vt 0.81179322444302049 0.26346235305352916
vt 0.75568069794952686 0.6500698534848186
vt 0.76843870144913251 0.63914213451301261
vt 0.76439651826202681 0.64785387297910091
vt 0.47644878592024842 0.6428132547565063
vt 0.50347869584236993 0.62791289801853312
vt 0.503281149879239 0.63170809098974767
vt 0.43561615086504335 0.35287265717419164
vt 0.4483369556511238 0.35618010800719635
vt 0.4221381250616128 0.35841445682176654
vt 0.15442443270036474 0.23678900781866127
vt 0.17133723598925474 0.25022817906521094
vt 0.15540762820078372 0.25268290907802643
vt 0.8787710099566246 0.1890453832006605
vt 0.88397289962046532 0.18034490832018926
vt 0.87778743900335177 0.16864094538643534
vt 0.64225623675325316 0.51262187777257495
vt 0.62277192798698733 0.51862061317034702
vt 0.63391040116078468 0.50520820497338326
vt 0.26141270778908715 0.72823135905461356
vt 0.24475598260055206 0.73257251823738168
vt 0.27452920137519715 0.71504237418671135
vt 0.47573369263850551 0.2948217349849665
vt 0.46605794527553235 0.28563467320583596
vt 0.49633196039530758 0.29448711984917192
vt 0.12822601607169262 0.11443861711664531
vt 0.1246427999309937 0.099883445956353512
vt 0.13993479250357355 0.12136060070916305
vt 0.82239462674980279 0.26000914949723974
vt 0.82585772685824133 0.27470674244011239
vt 0.83241124679613565 0.25484590259636236
vt 0.72816766684739742 0.47878167666847399
vt 0.72471049696865142 0.49637955626478708
vt 0.72172497289037851 0.48536850601340692
vt 0.47644878592024842 0.6428132547565063
vt 0.44949654660390381 0.65805733376873032
vt 0.44884021650729494 0.65423841987874609
vt 0.43561615086504335 0.35287265717419164
vt 0.42181904789777208 0.34963586849369083
vt 0.44811846134414435 0.34765983124260647
vt 0.15442443270036474 0.23678900781866127
vt 0.13819304746032138 0.2227736801003056
vt 0.15299690318784503 0.22075378225428824
vt 0.78550513234424291 0.74490246697555207
vt 0.79957810651616723 0.74154495576202684
vt 0.79376417093848584 0.75689847446766556
vt 0.89532289715595426 0.72398369725946377
vt 0.89716981713328081 0.74161665763012619
vt 0.88547902393040223 0.74110334618986595
vt 0.88061600453470035 0.87140397032728711
vt 0.87156878450315456 0.88802093602129339
vt 0.87581067010055202 0.86938153095425863
vt 0.64197782402158909 0.77901622880520505
vt 0.63774186865388405 0.76696399965496842
vt 0.65218863983635644 0.76859227129337537
vt 0.74466032876577282 0.88885286252957418
vt 0.75091579689964516 0.86872612504929025
vt 0.75837425448541007 0.8827518114156151
vt 0.73179411782827286 0.2413705916058754
vt 0.74043091975552056 0.23316161339215299
vt 0.72815056930205047 0.22373905603065852
vt 0.84060251133675079 0.64375870280461356
vt 0.84750137088426658 0.63074723974763403
vt 0.85890643483832807 0.63472773314274444
vt 0.70833836504337544 0.77778127772574923
vt 0.70447709236987377 0.76488125677740537
vt 0.70890574169459775 0.75652533209286277
vt 0.30327839655831035 0.40588386607847005
vt 0.32621777651813882 0.40785289487628157
vt 0.30655898807176657 0.41604234954160096
vt 0.1486108051865635 0.35247895153539038
vt 0.16407397537953469 0.34793054237726734
vt 0.16157773375887224 0.36015039678627758
vt 0.90180340595425867 0.075450013939890578
vt 0.90376492569499212 0.085572348032087936
vt 0.91887422675966091 0.082221720120884273
vt 0.95833489932472393 0.1336179137605974
vt 0.97727089289235014 0.12353717791921333
vt 0.9666347563830836 0.11937704477400433
vt 0.44207578833546923 0.59207852240240533
vt 0.41398945035242507 0.60682446212046526
vt 0.43941785168572556 0.58630671456033123
vt 0.24255679157630125 0.70119983179712142
vt 0.25775360203691838 0.6852420457906151
vt 0.27185135609720029 0.68083834964018142
vt 0.4103232206230284 0.53925519395701893
vt 0.43487371691393928 0.52039348229248816
vt 0.41417763887519715 0.54077895492409311
vt 0.8787710099566246 0.1890453832006605
vt 0.87939260585074919 0.2098081378154574
vt 0.88477686933162458 0.19993746303233439
vt 0.64225623675325316 0.51262187777257495
vt 0.64985397772082021 0.51901119966236198
vt 0.63007827903194003 0.52455846744380918
vt 0.26141270778908715 0.72823135905461356
vt 0.25235782466852325 0.73898694733339909
vt 0.23236609618370466 0.74646504399152214
vt 0.47573369263850551 0.2948217349849665
vt 0.45357442669311909 0.29553438300966089
vt 0.44721379325216876 0.28656957006604888
vt 0.12822601607169262 0.11443861711664531
vt 0.11733324309628845 0.10940709640551065
vt 0.1154239594372289 0.093345618022353111
vt 0.84060251133675079 0.64375870280461356
vt 0.83322268705638802 0.65615835099566244
vt 0.82269930192724761 0.65270526296332809
vt 0.73179411782827286 0.2413705916058754
vt 0.72292157001675872 0.24871579720770898
vt 0.73522333090989744 0.2588964805242015
vt 0.1486108051865635 0.35247895153539038
vt 0.13357089551089313 0.35606250462095818
vt 0.13585836609079258 0.34258574958103311
vt 0.30327839655831035 0.40588386607847005
vt 0.28128217342148065 0.40387536659601736
vt 0.29916004457684348 0.39676559881457019
vt 0.70833836504337544 0.77778127772574923
vt 0.70951439890575707 0.79113638604100944
vt 0.70099589350847791 0.80111380495859619
vt 0.82239462674980279 0.26000914949723974
vt 0.81179322444302049 0.26346235305352916
vt 0.81504453063387228 0.27868045842986
vt 0.72816766684739742 0.47878167666847399
vt 0.73440626848383284 0.47142457209927052
vt 0.7302866842468454 0.48943344741965694
vt 0.47644878592024842 0.6428132547565063
vt 0.503281149879239 0.63170809098974767
vt 0.4771025359818612 0.64672913175276026
vt 0.43561615086504335 0.35287265717419164
vt 0.4221381250616128 0.35841445682176654
vt 0.40977378869282333 0.35490110379288248
vt 0.15442443270036474 0.23678900781866127
vt 0.15540762820078372 0.25268290907802643
vt 0.1393063710691049 0.2390583218836258
vt 0.8787710099566246 0.1890453832006605
vt 0.87778743900335177 0.16864094538643534
vt 0.873313042192429 0.17724043307620269
vt 0.64225623675325316 0.51262187777257495
vt 0.63391040116078468 0.50520820497338326
vt 0.65218417291009467 0.50024953174290221
vt 0.26141270778908715 0.72823135905461356
vt 0.27452920137519715 0.71504237418671135
vt 0.29191981174216286 0.71066424733832811
vt 0.47573369263850551 0.2948217349849665
vt 0.49633196039530758 0.29448711984917192
vt 0.50402269814668765 0.30247452311711359
vt 0.12822601607169262 0.11443861711664531
vt 0.13993479250357355 0.12136060070916305
vt 0.14645612939299094 0.13314794305747241
vt 0.82239462674980279 0.26000914949723974
vt 0.83241124679613565 0.25484590259636236
vt 0.82906782950512614 0.24118246084508083
vt 0.72816766684739742 0.47878167666847399
vt 0.72172497289037851 0.48536850601340692
vt 0.72567057805106472 0.46871253173057964
vt 0.47644878592024842 0.6428132547565063
vt 0.44884021650729494 0.65423841987874609
vt 0.47673516980481073 0.63891201079455839
vt 0.43561615086504335 0.35287265717419164
vt 0.44811846134414435 0.34765983124260647
vt 0.4624098913150631 0.35082333922762227
vt 0.15442443270036474 0.23678900781866127
vt 0.15299690318784503 0.22075378225428824
vt 0.17003591639762422 0.23469215176458991
vt 0.89532289715595426 0.72398369725946377
vt 0.89248062278194007 0.70777707265378553
vt 0.90528591408714509 0.70755911745859623
vt 0.88061600453470035 0.87140397032728711
vt 0.89071996069104886 0.85506241374211356
vt 0.88545306954850156 0.87334831550670344
vt 0.64197782402158909 0.77901622880520505
vt 0.64726731935134074 0.79304707524152207
vt 0.63154820583596216 0.78873256358438482
vt 0.74466032876577282 0.88885286252957418
vt 0.73783347915023656 0.90912061625098584
vt 0.73074284983734228 0.89583759488367509
vt 0.78550513234424291 0.74490246697555207
vt 0.77200269247831232 0.74746278588328074
vt 0.7765568778341877 0.73302283061415618
vt 0.037985689181258629 0.12885027864377957
vt 0.025653348134519173 0.11887624842887422
vt 0.040186278526715302 0.11291649273893435
vt 0.89225373373422712 0.35618276505816249
vt 0.90882549105382493 0.34343908652898264
vt 0.90058177863761835 0.33093993370465302
vt 0.65562324403588323 0.6477671529968454
vt 0.65244071310626972 0.63274353219883672
vt 0.65856178837243695 0.63184852961110016
vt 0.48213972699378943 0.40632913390920744
vt 0.48581985810577683 0.3969240206649251
vt 0.5095794003844637 0.39447398862628152
vt 0.30113679422565065 0.31509973183039236
vt 0.28214163313904772 0.30881401567429023
vt 0.30362389019987185 0.30575983185873423
vt 0.95833489932472393 0.1336179137605974
vt 0.9412144802346214 0.14160493194868887
vt 0.952658745317429 0.14753933975749212
vt 0.44207578833546923 0.59207852240240533
vt 0.46974835801951892 0.57822346491768528
vt 0.446357375665418 0.59690881001084384
vt 0.24255679157630125 0.70119983179712142
vt 0.23148154851389985 0.71404979236494481
vt 0.21401396068488762 0.7195637507393533
vt 0.30615565543671136 0.19379255132344242
vt 0.33438701449132491 0.20841786477844046
vt 0.30553384774866915 0.19801862939299092
vt 0.90180340595425867 0.075450013939890578
vt 0.90129733401518142 0.066633745548476939
vt 0.8831013869035883 0.065017892735237573
vt 0.89225373373422712 0.35618276505816249
vt 0.87512291748817039 0.36082590385942431
vt 0.88274796061711358 0.38883460974467665
vt 0.65562324403588323 0.6477671529968454
vt 0.66102252563091479 0.66007815580638807
vt 0.65006754300571767 0.66565465114846212
vt 0.48213972699378943 0.40632913390920744
vt 0.47551843300226737 0.41663009691689668
vt 0.4567095157851932 0.41791992187499999
vt 0.30113679422565065 0.31509973183039236
vt 0.31998937949773265 0.32078254771909503
vt 0.29749881010326301 0.3239997550892153
vt 0.037985689181258629 0.12885027864377957
vt 0.05058040197715398 0.13979835871266266
vt 0.036549760114507342 0.14474271659971411
vt 0.89532289715595426 0.72398369725946377
vt 0.88270544780165616 0.72450309296135651
vt 0.89248062278194007 0.70777707265378553
vt 0.88061600453470035 0.87140397032728711
vt 0.88526083768730279 0.8527750394321767
vt 0.89071996069104886 0.85506241374211356
vt 0.081440421985902997 0.41171274275433756
vt 0.087738470324206425 0.39829694585469244
vt 0.097293803218035296 0.41270016450611197
vt 0.74466032876577282 0.88885286252957418
vt 0.75235083546924286 0.9023520677247634
vt 0.73783347915023656 0.90912061625098584
vt 0.78550513234424291 0.74490246697555207
vt 0.78052366238663251 0.7602620699428233
vt 0.77200269247831232 0.74746278588328074
vt 0.037985689181258629 0.12885027864377957
vt 0.023282774916206624 0.13395915226981467
vt 0.025653348134519173 0.11887624842887422
vt 0.89225373373422712 0.35618276505816249
vt 0.90322589092074135 0.37039429096017351
vt 0.90882549105382493 0.34343908652898264
vt 0.65562324403588323 0.6477671529968454
vt 0.64757199452878544 0.64943470277996851
vt 0.65244071310626972 0.63274353219883672
vt 0.48213972699378943 0.40632913390920744
vt 0.46110762827779966 0.40788978552592664
vt 0.48581985810577683 0.3969240206649251
vt 0.30113679422565065 0.31509973183039236
vt 0.27924115394568216 0.31857014845598386
vt 0.28214163313904772 0.30881401567429023
vt 0.95833489932472393 0.1336179137605974
vt 0.94766849553923505 0.12930696409207412
vt 0.9412144802346214 0.14160493194868887
vt 0.44207578833546923 0.59207852240240533
vt 0.46598119886139588 0.57240379165023658
vt 0.46974835801951892 0.57822346491768528
vt 0.24255679157630125 0.70119983179712142
vt 0.25980051323442427 0.69481536191344639
vt 0.23148154851389985 0.71404979236494481
vt 0.30615565543671136 0.19379255132344242
vt 0.33495912762470426 0.20420905754017152
vt 0.33438701449132491 0.20841786477844046
vt 0.90180340595425867 0.075450013939890578
vt 0.92178065543671139 0.074135688276320971
vt 0.90129733401518142 0.066633745548476939
vt 0.89225373373422712 0.35618276505816249
vt 0.88609584483438486 0.33621868530658516
vt 0.87512291748817039 0.36082590385942431
vt 0.65562324403588323 0.6477671529968454
vt 0.66344236740930596 0.64384688609029972
vt 0.66102252563091479 0.66007815580638807
vt 0.48213972699378943 0.40632913390920744
vt 0.50356522328470033 0.40382072376527994
vt 0.47551843300226737 0.41663009691689668
vt 0.30113679422565065 0.31509973183039236
vt 0.32334623607551261 0.31219979174881701
vt 0.31998937949773265 0.32078254771909503
vt 0.037985689181258629 0.12885027864377957
vt 0.05172649588118592 0.12288537251084385
vt 0.05058040197715398 0.13979835871266266
vt 0.89532289715595426 0.72398369725946377
vt 0.88547902393040223 0.74110334618986595
vt 0.88270544780165616 0.72450309296135651
vt 0.88061600453470035 0.87140397032728711
vt 0.87581067010055202 0.86938153095425863
vt 0.88526083768730279 0.8527750394321767
vt 0.64197782402158909 0.77901622880520505
vt 0.65218863983635644 0.76859227129337537
vt 0.65595379657925867 0.77976497806585177
vt 0.74466032876577282 0.88885286252957418
vt 0.75837425448541007 0.8827518114156151
vt 0.75235083546924286 0.9023520677247634
vt 0.78550513234424291 0.74490246697555207
vt 0.79376417093848584 0.75689847446766556
vt 0.78052366238663251 0.7602620699428233
vt 0.037985689181258629 0.12885027864377957
vt 0.036549760114507342 0.14474271659971411
vt 0.023282774916206624 0.13395915226981467
vt 0.89225373373422712 0.35618276505816249
vt 0.88274796061711358 0.38883460974467665
vt 0.90322589092074135 0.37039429096017351
vt 0.65562324403588323 0.6477671529968454
vt 0.65006754300571767 0.66565465114846212
vt 0.64757199452878544 0.64943470277996851
vt 0.48213972699378943 0.40632913390920744
vt 0.4567095157851932 0.41791992187499999
vt 0.46110762827779966 0.40788978552592664
vt 0.30113679422565065 0.31509973183039236
vt 0.29749881010326301 0.3239997550892153
vt 0.27924115394568216 0.31857014845598386
vt 0.95833489932472393 0.1336179137605974
vt 0.9666347563830836 0.11937704477400433
vt 0.94766849553923505 0.12930696409207412
vt 0.44207578833546923 0.59207852240240533
vt 0.43941785168572556 0.58630671456033123
vt 0.46598119886139588 0.57240379165023658
vt 0.24255679157630125 0.70119983179712142
vt 0.27185135609720029 0.68083834964018142
vt 0.25980051323442427 0.69481536191344639
vt 0.4103232206230284 0.53925519395701893
vt 0.41417763887519715 0.54077895492409311
vt 0.38875840244233045 0.5601700743666207
vt 0.90180340595425867 0.075450013939890578
vt 0.91887422675966091 0.082221720120884273
vt 0.92178065543671139 0.074135688276320971
vt 0.89225373373422712 0.35618276505816249
vt 0.90058177863761835 0.33093993370465302
vt 0.88609584483438486 0.33621868530658516
vt 0.65562324403588323 0.6477671529968454
vt 0.65856178837243695 0.63184852961110016
vt 0.66344236740930596 0.64384688609029972
vt 0.48213972699378943 0.40632913390920744
vt 0.5095794003844637 0.39447398862628152
vt 0.50356522328470033 0.40382072376527994
vt 0.30113679422565065 0.31509973183039236
vt 0.30362389019987185 0.30575983185873423
vt 0.32334623607551261 0.31219979174881701
vt 0.037985689181258629 0.12885027864377957
vt 0.040186278526715302 0.11291649273893435
vt 0.05172649588118592 0.12288537251084385
vt 0.78550513234424291 0.74490246697555207
vt 0.7765568778341877 0.73302283061415618
vt 0.7909804287016956 0.73057033406447158
vt 0.89532289715595426 0.72398369725946377
vt 0.90528591408714509 0.70755911745859623
vt 0.90729248817034702 0.72462701165713728
vt 0.88061600453470035 0.87140397032728711
vt 0.88545306954850156 0.87334831550670344
vt 0.87560157174191644 0.88963596091285491
vt 0.64197782402158909 0.77901622880520505
vt 0.63154820583596216 0.78873256358438482
vt 0.62691546419065458 0.7762638320682177
vt 0.74466032876577282 0.88885286252957418
vt 0.73074284983734228 0.89583759488367509
vt 0.73762569006309153 0.8750447462785883
vt 0.73179411782827286 0.2413705916058754
vt 0.73522333090989744 0.2588964805242015
vt 0.74418814385350951 0.25031848029007298
vt 0.84060251133675079 0.64375870280461356
vt 0.82269930192724761 0.65270526296332809
vt 0.82953554749112779 0.64093799290220821
vt 0.70833836504337544 0.77778127772574923
vt 0.70099589350847791 0.80111380495859619
vt 0.70172592788840693 0.78904185972003149
vt 0.30327839655831035 0.40588386607847005
vt 0.29916004457684348 0.39676559881457019
vt 0.32202179243888013 0.39836448886041009
vt 0.1486108051865635 0.35247895153539038
vt 0.13585836609079258 0.34258574958103311
vt 0.15085490614833891 0.33990124242162856
vt 0.90180340595425867 0.075450013939890578
vt 0.8831013869035883 0.065017892735237573
vt 0.88799205503253154 0.078798600927888401
vt 0.95833489932472393 0.1336179137605974
vt 0.952658745317429 0.14753933975749212
vt 0.96963152479298109 0.13888718277121945
vt 0.44207578833546923 0.59207852240240533
vt 0.446357375665418 0.59690881001084384
vt 0.41717891271934149 0.61152867458596216
vt 0.24255679157630125 0.70119983179712142
vt 0.21401396068488762 0.7195637507393533
vt 0.22930292075364747 0.70446908270899056
vt 0.30615565543671136 0.19379255132344242
vt 0.30553384774866915 0.19801862939299092
vt 0.27765123626035093 0.1833561942404377
vt 0.8787710099566246 0.1890453832006605
vt 0.873313042192429 0.17724043307620269
vt 0.87408920913840693 0.1986545695115339
vt 0.64225623675325316 0.51262187777257495
vt 0.65218417291009467 0.50024953174290221
vt 0.66026160784700316 0.50822495902750398
vt 0.26141270778908715 0.72823135905461356
vt 0.29191981174216286 0.71066424733832811
vt 0.28192003893927448 0.721376937721806
vt 0.47573369263850551 0.2948217349849665
vt 0.50402269814668765 0.30247452311711359
vt 0.48058057718848579 0.30285727323417783
vt 0.12822601607169262 0.11443861711664531
vt 0.14645612939299094 0.13314794305747241
vt 0.1336630836270209 0.12825722679354792
vt 0.84060251133675079 0.64375870280461356
vt 0.85890643483832807 0.63472773314274444
vt 0.85119613503055991 0.64810979704751581
vt 0.73179411782827286 0.2413705916058754
vt 0.72815056930205047 0.22373905603065852
vt 0.71956975798501577 0.23077623626035096
vt 0.1486108051865635 0.35247895153539038
vt 0.16157773375887224 0.36015039678627758
vt 0.14575855724443021 0.36813618271884857
vt 0.4933333050941443 0.76292381888308358
vt 0.48938003684444004 0.753110366965694
vt 0.51113785704603709 0.75371602055402209
vt 0.70833836504337544 0.77778127772574923
vt 0.70890574169459775 0.75652533209286277
vt 0.71447207092862774 0.7695712983044164
vt 0.82239462674980279 0.26000914949723974
vt 0.82906782950512614 0.24118246084508083
vt 0.81916742655757102 0.24581757073146687
vt 0.99968454258675077 0.26251673171948936
vt 0.99056431141561518 0.26239356392941643
vt 0.98580264503647475 0.26990822391931191
vt 0.47644878592024842 0.6428132547565063
vt 0.47673516980481073 0.63891201079455839
vt 0.50347869584236993 0.62791289801853312
vt 0.43561615086504335 0.35287265717419164
vt 0.4624098913150631 0.35082333922762227
vt 0.4483369556511238 0.35618010800719635
vt 0.15442443270036474 0.23678900781866127
vt 0.17003591639762422 0.23469215176458991
vt 0.17133723598925474 0.25022817906521094
vt 0.8787710099566246 0.1890453832006605
vt 0.88477686933162458 0.19993746303233439
vt 0.88397289962046532 0.18034490832018926
vt 0.64225623675325316 0.51262187777257495
vt 0.63007827903194003 0.52455846744380918
vt 0.62277192798698733 0.51862061317034702
vt 0.26141270778908715 0.72823135905461356
vt 0.23236609618370466 0.74646504399152214
vt 0.24475598260055206 0.73257251823738168
vt 0.47573369263850551 0.2948217349849665
vt 0.44721379325216876 0.28656957006604888
vt 0.46605794527553235 0.28563467320583596
vt 0.12822601607169262 0.11443861711664531
vt 0.1154239594372289 0.093345618022353111
vt 0.1246427999309937 0.099883445956353512
vt 0.82239462674980279 0.26000914949723974
vt 0.81504453063387228 0.27868045842986
vt 0.82585772685824133 0.27470674244011239
vt 0.72816766684739742 0.47878167666847399
vt 0.7302866842468454 0.48943344741965694
vt 0.72471049696865142 0.49637955626478708
vt 0.47644878592024842 0.6428132547565063
vt 0.4771025359818612 0.64672913175276026
vt 0.44949654660390381 0.65805733376873032
vt 0.43561615086504335 0.35287265717419164
vt 0.40977378869282333 0.35490110379288248
vt 0.42181904789777208 0.34963586849369083
vt 0.15442443270036474 0.23678900781866127
vt 0.1393063710691049 0.2390583218836258
vt 0.13819304746032138 0.2227736801003056
vt 0.78550513234424291 0.74490246697555207
vt 0.7909804287016956 0.73057033406447158
vt 0.79957810651616723 0.74154495576202684
vt 0.89532289715595426 0.72398369725946377
vt 0.90729248817034702 0.72462701165713728
vt 0.89716981713328081 0.74161665763012619
vt 0.88061600453470035 0.87140397032728711
vt 0.87560157174191644 0.88963596091285491
vt 0.87156878450315456 0.88802093602129339
vt 0.64197782402158909 0.77901622880520505
vt 0.62691546419065458 0.7762638320682177
vt 0.63774186865388405 0.76696399965496842
vt 0.74466032876577282 0.88885286252957418
vt 0.73762569006309153 0.8750447462785883
vt 0.75091579689964516 0.86872612504929025
vt 0.73179411782827286 0.2413705916058754
vt 0.74418814385350951 0.25031848029007298
vt 0.74043091975552056 0.23316161339215299
vt 0.84060251133675079 0.64375870280461356
vt 0.82953554749112779 0.64093799290220821
vt 0.84750137088426658 0.63074723974763403
vt 0.70833836504337544 0.77778127772574923
vt 0.70172592788840693 0.78904185972003149
vt 0.70447709236987377 0.76488125677740537
vt 0.30327839655831035 0.40588386607847005
vt 0.32202179243888013 0.39836448886041009
vt 0.32621777651813882 0.40785289487628157
vt 0.1486108051865635 0.35247895153539038
vt 0.15085490614833891 0.33990124242162856
vt 0.16407397537953469 0.34793054237726734
vt 0.90180340595425867 0.075450013939890578
vt 0.88799205503253154 0.078798600927888401
vt 0.90376492569499212 0.085572348032087936
vt 0.95833489932472393 0.1336179137605974
vt 0.96963152479298109 0.13888718277121945
vt 0.97727089289235014 0.12353717791921333
vt 0.44207578833546923 0.59207852240240533
vt 0.41717891271934149 0.61152867458596216
vt 0.41398945035242507 0.60682446212046526
vt 0.24255679157630125 0.70119983179712142
vt 0.22930292075364747 0.70446908270899056
vt 0.25775360203691838 0.6852420457906151
vt 0.4103232206230284 0.53925519395701893
vt 0.43121360995416008 0.51885682115043374
vt 0.43487371691393928 0.52039348229248816
vt 0.8787710099566246 0.1890453832006605
vt 0.87408920913840693 0.1986545695115339
vt 0.87939260585074919 0.2098081378154574
vt 0.64225623675325316 0.51262187777257495
vt 0.66026160784700316 0.50822495902750398
vt 0.64985397772082021 0.51901119966236198
vt 0.26141270778908715 0.72823135905461356
vt 0.28192003893927448 0.721376937721806
vt 0.25235782466852325 0.73898694733339909
vt 0.47573369263850551 0.2948217349849665
vt 0.48058057718848579 0.30285727323417783
vt 0.45357442669311909 0.29553438300966089
vt 0.12822601607169262 0.11443861711664531
vt 0.1336630836270209 0.12825722679354792
vt 0.11733324309628845 0.10940709640551065
vt 0.84254962909108833 0.7306721491768533
vt 0.84802438633675081 0.74456151727622244
vt 0.83503579702287067 0.74683726217468449
vt 0.89544928036277605 0.79649045926163253
vt 0.88528224812697165 0.81306552826794165
vt 0.88698923008675079 0.79466063682965304
vt 0.080570622874359232 0.35382896447407336
vt 0.07186558479766364 0.35514123958744087
vt 0.063865642367101239 0.34056723802247635
vt 0.77810405165615137 0.93956356590102519
vt 0.78280110163643535 0.92144378758379342
vt 0.79237426372732644 0.93401317897279179
vt 0.76668058088525237 0.81140052001182961
vt 0.77862152195879342 0.80726707290023658
vt 0.77399879238958991 0.82536582585764984
vt 0.76391686280067039 0.20362200330860608
vt 0.7594056523560726 0.18837983044164039
vt 0.75202736839511042 0.19803917340299684
vt 0.86257786314570184 0.58573109720031546
vt 0.88105168387716881 0.56931756919114751
vt 0.87716368666206623 0.58836338753203865
vt 0.46898563036031149 0.041837212114304023
vt 0.45166146552149056 0.05560775901240881
vt 0.46069990573245267 0.041095654219859029
vt 0.39549360305352915 0.41024008188337935
vt 0.39535012230136041 0.42021726975305601
vt 0.37387044527553231 0.42005195497338327
vt 0.21617835974467667 0.33304485718158516
vt 0.23213635754510056 0.33745979766364353
vt 0.21201803405954259 0.34272256845179416
vt 0.92231060232649842 0.11384315851735016
vt 0.94331478275335179 0.11114709896244085
vt 0.93572663027405367 0.10592417431178529
vt 0.53022333861149451 0.5128628222348186
vt 0.50785208620859623 0.52462589492557177
vt 0.52778351118888012 0.50392920075906944
vt 0.32994103657334384 0.65554052888406944
vt 0.33399577336356467 0.6478410113121057
vt 0.35937553911179021 0.6324566862184543
vt 0.32040293600280956 0.62534102671529967
vt 0.3494472563830836 0.60343768483832805
vt 0.32704800867507888 0.62456632307275239
vt 0.50329428110212937 0.46347517621253942
vt 0.50738771841729102 0.46498884808753943
vt 0.48540974806535886 0.48328033350995664
vt 0.88049062253548893 0.27155353534108834
vt 0.88893850428824916 0.2775983840509168
vt 0.88728743592271297 0.25836077669065455
vt 0.66986110939964516 0.53955470906447156
vt 0.65316497128844642 0.54529101254436119
vt 0.64870936637421139 0.53798342924388798
vt 0.54101932176656153 0.40536720444351343
vt 0.5671083275828076 0.39353997744972397
vt 0.57095292629879735 0.39628829234029966
vt 0.38839816024250789 0.30306209720647675
vt 0.36657314360705834 0.29682669173279769
vt 0.38747323695041402 0.2936960503129929
vt 0.086840117541773468 0.10725467332906151
vt 0.076349401624420846 0.093139215222668575
vt 0.086682706526025236 0.089669039271983442
vt 0.81048603238367511 0.69208429860015774
vt 0.79382162485212937 0.69653127772574919
vt 0.80062136484621449 0.68539761805007882
vt 0.93930941319992112 0.73141612344735807
vt 0.94026317897279177 0.71259557681880914
vt 0.95128385622042588 0.71641972779475549
vt 0.09086631028810134 0.34551547558901813
vt 0.078653353621907035 0.32879761897427051
vt 0.093221266111740933 0.33713825598876185
vt 0.57647589554169953 0.76818701325906935
vt 0.58167401142300867 0.77678030116324925
vt 0.56195272451695588 0.77426157087933756
vt 0.71942620021687698 0.83239476537854895
vt 0.71224276666009467 0.85395199748619877
vt 0.70780803307373819 0.84032802641955839
vt 0.77897710469242898 0.26514526752267348
vt 0.77129306733044167 0.27737729045494874
vt 0.78175098888505523 0.27997326775680204
vt 0.79559445546628549 0.64203046443710565
vt 0.78983643348284704 0.65172069080244477
vt 0.77891164111790223 0.65321256715792586
vt 0.57702059098974767 0.04318052466359424
vt 0.58472068618148665 0.04303989831581477
vt 0.60598275458399053 0.05663374169767843
vt 0.37565332647377758 0.37757063904771293
vt 0.35125085487726737 0.37753809980037462
vt 0.36739636731072556 0.37154779765132095
vt 0.155363170732083 0.29944835386065655
vt 0.13974868341199231 0.30313607104569201
vt 0.14039664764885645 0.28706210644839314
vt 0.87271901801557572 0.11235713537559149
vt 0.86493755545149842 0.098890132482871651
vt 0.86649620465299682 0.11611095151690655
vt 0.61164585438436514 0.47899227683852524
vt 0.6219768536203667 0.46442678553824923
vt 0.6292976066517153 0.47377363620120266
vt 0.33769481189619477 0.66863763369972395
vt 0.37196776573590301 0.65128185380520509
vt 0.34705194419114749 0.66863678652405367
vt 0.53230092141906549 0.2879314434641167
vt 0.56301797090644712 0.29217508117483243
vt 0.55951944345179416 0.29549329498964905
vt 0.48945085302888408 0.46009328944449923
vt 0.46545032777996848 0.47918262180845822
vt 0.48192338913397081 0.46223899287756309
vt 0.85716795334680596 0.22959793042685331
vt 0.85978487899250788 0.20728859886386042
vt 0.85332008145208993 0.21744538797565063
vt 0.69888018779574135 0.49964149065950314
vt 0.69399783739156151 0.48971259180303628
vt 0.70321079579061518 0.4856950537263407
vt 0.36153753142251577 0.69119152947555207
vt 0.36554532697900238 0.68482377205737377
vt 0.39324369701301259 0.67380363392152998
vt 0.47584540430303629 0.32874728903785488
vt 0.50237397876823742 0.32455542531299292
vt 0.49631262938682963 0.33343625234128549
vt 0.14625802506407728 0.17276861630027601
vt 0.16050266783320188 0.17310900763382295
vt 0.16357319828839709 0.18787805214289235
vt 0.87721197567527598 0.6697013012618297
vt 0.88589829887125393 0.65591767608931384
vt 0.89222901160784696 0.66614901666009463
vt 0.92456932669558356 0.80848022846017353
vt 0.93181290972496056 0.81326099479988168
vt 0.91960564742705042 0.82739750714708205
vt 0.62113564668769716 0.8817034700315457
vt 0.60769235508675079 0.88968609830934542
vt 0.62113564668769716 0.91261829652996851
vt 0.56170712058852523 0.72380140045839902
vt 0.54345791693365542 0.72321338352720821
vt 0.56040008256111984 0.71167354162559149
vt 0.73631788187598579 0.7539690180155757
vt 0.72885903921037065 0.74129580909897475
vt 0.738264075438683 0.73806783874704263
vt 0.80875671579258679 0.20687340576942034
vt 0.81924513567133284 0.20402146589116718
vt 0.81511284379929017 0.19306378770701893
vt 0.94919025409108837 0.30008506413889985
vt 0.95288933113170349 0.28772584933211753
vt 0.94068938535094637 0.29883985068143731
vt 0.58210306739205442 0.58774802993148656
vt 0.55738317447505914 0.59631266789481463
vt 0.58308232545100547 0.58343236303479895
vt 0.47761869701301263 0.37362695928627759
vt 0.49777015661967666 0.36473877723284698
vt 0.50483683396589119 0.37282487646638407
vt 0.22562244306979495 0.28439292546702483
vt 0.22553705161302248 0.27142597764072357
vt 0.24480752553849566 0.28133017362480284
vt 0.90379234338032333 0.15967937674056093
vt 0.90366880976439279 0.17559598808408911
vt 0.91241528243296532 0.16881871749926064
vt 0.54961792377267349 0.54311823799783121
vt 0.556562607822358 0.54878468799290225
vt 0.52983945250887221 0.55908938627513804
vt 0.22341969005693021 0.73295274608142746
vt 0.20068875381999213 0.75040094513998423
vt 0.19806699542217074 0.74672065999605675
vt 0.41296024743690851 0.25178395942182569
vt 0.40451317435183359 0.25430553929662852
vt 0.38257802487923898 0.24095647673501577
vt 0.58223892356319007 0.42840753308606072
vt 0.58900839628105284 0.42429553492212146
vt 0.5998502039382887 0.43689072666108042
vt 0.84111551471313095 0.32205059641167194
vt 0.82817136361395904 0.3277360693513407
vt 0.83592502341285491 0.34626938491965692
vt 0.69450082869183749 0.67028662263406935
vt 0.69969447764688486 0.67417862467961354
vt 0.68387917118493691 0.67728691221411674
vt 0.37141617735853705 0.70336875554514988
vt 0.40200491823984619 0.69190931831624602
vt 0.37981080256802052 0.7058091605875394
vt 0.37383717437647873 0.33619638918326106
vt 0.36638957604248817 0.34304118351981466
vt 0.35001621186169163 0.33842758034305992
vt 0.091918637248619872 0.17933526746106074
vt 0.093164389817872631 0.19659641398240338
vt 0.078126342965977424 0.1823100670655067
vt 0.84254962909108833 0.7306721491768533
vt 0.83582521071569404 0.71862061317034698
vt 0.85056029118197951 0.71477266425966091
vt 0.89544928036277605 0.79649045926163253
vt 0.90589641968158519 0.77986725527405365
vt 0.90319662485212937 0.79868456723186121
vt 0.080570622874359232 0.35382896447407336
vt 0.084330224840422907 0.35237205336898658
vt 0.097211521281052843 0.36844351494725947
vt 0.62782752581575318 0.72937866596017353
vt 0.61544308827878547 0.74099621697555207
vt 0.61277155831033125 0.72820648289629342
vt 0.76668058088525237 0.81140052001182961
vt 0.7548089541847397 0.81576817268828861
vt 0.75932378437992898 0.79751577287066244
vt 0.76391686280067039 0.20362200330860608
vt 0.76830862147574919 0.21886635187672515
vt 0.77558978829850156 0.20694510763751972
vt 0.86257786314570184 0.58573109720031546
vt 0.8447768539284306 0.60139356546973577
vt 0.84705691172121456 0.58675494750591484
vt 0.46898563036031149 0.041837212114304023
vt 0.48860698904524841 0.031932953554749115
vt 0.48633070503499604 0.04037503022876824
vt 0.39549360305352915 0.41024008188337935
vt 0.39318204572900234 0.40127326652454653
vt 0.41650051754731859 0.40080065802444798
vt 0.21617835974467667 0.33304485718158516
vt 0.20061660911006507 0.32742685023166401
vt 0.22002280442872635 0.3216359424290221
vt 0.92231060232649842 0.11384315851735016
vt 0.90672488047121447 0.11296644722249606
vt 0.91516513764294161 0.12213167497412264
vt 0.53022333861149451 0.5128628222348186
vt 0.5524406360902997 0.50193556535883277
vt 0.53360287639244874 0.521379479248817
vt 0.32994103657334384 0.65554052888406944
vt 0.32853657334384856 0.66076575438682961
vt 0.301419693137569 0.67748769284798893
vt 0.32040293600280956 0.62534102671529967
vt 0.29219418113540024 0.64604322752365928
vt 0.31575529176730088 0.62424632171727135
vt 0.50329428110212937 0.46347517621253942
vt 0.50038253832314672 0.46135392534996056
vt 0.52221025051754733 0.4455107776148462
vt 0.88049062253548893 0.27155353534108834
vt 0.87307698824428237 0.26339169090102521
vt 0.87295530301163249 0.28539950494134464
vt 0.66986110939964516 0.53955470906447156
vt 0.67966508835272077 0.53295609627612384
vt 0.68430337514787065 0.54332983937549295
vt 0.54101932176656153 0.40536720444351343
vt 0.51594554046727126 0.41869316221411673
vt 0.51252710962145109 0.41653532876577287
vt 0.38839816024250789 0.30306209720647675
vt 0.40991715392103706 0.3089518935146392
vt 0.38729024700561909 0.31180265889934938
vt 0.086840117541773468 0.10725467332906151
vt 0.09970357515834484 0.12377010309357749
vt 0.088302053938904765 0.12551424525889687
vt 0.81522159034897479 0.79694639380421928
vt 0.82664945103016563 0.79456521404278391
vt 0.82081957314668774 0.8108751170642744
vt 0.85814798156545746 0.79160425805895107
vt 0.85970678479889595 0.80822399632787856
vt 0.85032285094637228 0.80748756962243695
vt 0.85870634734818607 0.86130448109720037
vt 0.85112705170544167 0.87638259069400626
vt 0.85181765390871456 0.85746238540023656
vt 0.8272429360952287 0.912629386829653
vt 0.81861475995662458 0.90146931067626179
vt 0.82819901234720028 0.89306009094045746
vt 0.79606756457018923 0.86635588155559939
vt 0.80039501491029175 0.84843334113761826
vt 0.8070302487923896 0.86094273708596214
vt 0.95354350478115146 0.83215185700906935
vt 0.96029364649053628 0.83978567995859621
vt 0.94712560996648265 0.84868348900828072
vt 0.91090700167586747 0.6129060281940063
vt 0.91876655843355681 0.59714328513160486
vt 0.92644867039629342 0.60908757639984223
vt 0.69618770948343844 0.71621432620268144
vt 0.68237735976932179 0.70900609350354893
vt 0.69595219464708202 0.70737589646589116
vt 0.48688059906102127 0.72086647587243691
vt 0.46837681911721213 0.72000736272673505
vt 0.48939297552740535 0.70930545457906147
vt 0.2011294006925276 0.36587414666305207
vt 0.21926856778021492 0.35833701726389983
vt 0.21763045735163644 0.3632643449945781
vt 0.51890014263357653 0.46532779537164826
vt 0.52149169151715302 0.46559696618690849
vt 0.50162014645356856 0.48241902540910886
vt 0.5254206227203273 0.47655164074822554
vt 0.50630818556535884 0.49839891499901418
vt 0.50652964498718456 0.49082142923156546
vt 0.44118733210518535 0.56325575771391956
vt 0.42001544940358831 0.57621061403292584
vt 0.44440521336504335 0.55425031884611597
vt 0.36317223389442033 0.60952094526320977
vt 0.37817891117902208 0.59297444918178233
vt 0.39210686427937697 0.5856768779574133
vt 0.4297968241694598 0.53996324027750398
vt 0.45373693038988566 0.52033518120317424
vt 0.43638365351439273 0.53784711097693216
vt 0.90717819647082021 0.22423619411721216
vt 0.90876880729988174 0.23983196655658517
vt 0.91559326942034702 0.2297712163594243
vt 0.57970686951646289 0.56120851919854098
vt 0.58497780399743693 0.56366475102277214
vt 0.55948790541206628 0.57338874889097002
vt 0.15172844053442922 0.81283810010843849
vt 0.14461925999975356 0.84826498422712937
vt 0.12488120286622634 0.83328198935331232
vt 0.36685698596460964 0.26205873699970428
vt 0.3517118724738762 0.26499267963204848
vt 0.34159339880717665 0.25416858564791994
vt 0.10174392074440557 0.049035721547220031
vt 0.090034653335715698 0.053691943436390971
vt 0.096347055525433753 0.04087292884802593
vt 0.77038481799585967 0.67653485126675872
vt 0.76394158492705044 0.68398206452089905
vt 0.7534463876429417 0.68198943032827286
vt 0.742932244430205 0.30886973672860807
vt 0.73318702866226337 0.31750401638283715
vt 0.74517055956723188 0.32402197419656942
vt 0.097432104646219445 0.3040107414173403
vt 0.083978887612135247 0.29989878176138607
vt 0.085006145874408523 0.28806192777134265
vt 0.28268750308063878 0.3756452012889393
vt 0.26142210373743097 0.37413114433408912
vt 0.27658502717123423 0.37068880002957411
vt 0.67003123767744477 0.87302931535883277
vt 0.67325235360804414 0.88325695916305202
vt 0.65897605727523656 0.89590275039432177
vt 0.78985152861297314 0.32781354741719243
vt 0.7784685682423107 0.32438749199033912
vt 0.78036285304120667 0.34008457893828864
vt 0.72653793190555993 0.67522981565457418
vt 0.73748390366226335 0.67507601476242118
vt 0.71937344427740535 0.67971260720623028
vt 0.48421384408270901 0.66005951794164042
vt 0.50752496087588728 0.65085903612973184
vt 0.48832006604889588 0.66503405646194791
vt 0.33673619411721212 0.35879179656693611
vt 0.32473999408517351 0.36311123724615535
vt 0.3143588767066739 0.35975619054367114
vt 0.09727207508749014 0.24635094483192035
vt 0.098130995693266956 0.26133650048674095
vt 0.084520598691344637 0.24804194597791798
vt 0.86082105185331226 0.14372409375308065
vt 0.85882872572456626 0.12368048538544953
vt 0.85767803011632493 0.13535924484301065
vt 0.97861020061119874 0.21755484692305796
vt 0.96987104445977923 0.21192463294188682
vt 0.96715877304317821 0.22361369328543967
vt 0.39503208485311514 0.65758522587243695
vt 0.41096988521539829 0.64562141105579651
vt 0.42822812438387226 0.64091708306634465
vt 0.59593471202188486 0.30644005616004533
vt 0.63514558328815063 0.28202006343035291
vt 0.62332786776666005 0.30218690697703077
vt 0.21034361060109424 0.18315629929022081
vt 0.22984578707240733 0.18927086670692034
vt 0.23100766925029576 0.19809004245120268
vt 0.84372258231466879 0.18565230986297318
vt 0.84989056030658516 0.17654417019913249
vt 0.84629175805895107 0.16851175109670741
vt 0.96561483389195579 0.25675258696643338
vt 0.96943151431880914 0.24759074791748817
vt 0.95784854347397475 0.25300002233463131
vt 0.484255355690556 0.62514317268828867
vt 0.46063448066591089 0.63442255736149444
vt 0.48896623003746059 0.61975070700660484
vt 0.55013004146539823 0.34382458996697557
vt 0.56443136798846605 0.33678663957758281
vt 0.581408575882295 0.34187901253203862
vt 0.22035801643828865 0.23074034681831623
vt 0.21785118512174684 0.21755554006678826
vt 0.2371669636915911 0.23057110422417193
vt 0.93470000739353309 0.66277032605481068
vt 0.93057395381506314 0.64868194868888007
vt 0.94463291108044167 0.64896821704948737
vt 0.90313439594834388 0.87936896194794956
vt 0.91554159170445581 0.86608224381407728
vt 0.91043635708300474 0.88154558729298105
vt 0.59488486882639979 0.79868626158320188
vt 0.59515611907285093 0.80287685454455837
vt 0.57897849097988963 0.79795075906940061
vt 0.56082705909897479 0.67289245798008679
vt 0.5436553858808163 0.68599980591975551
vt 0.54487427913052056 0.67407827287066246
vt 0.74733108857452679 0.70734208645504737
vt 0.73295266906545742 0.70972827225453472
vt 0.73725331784798898 0.70206341186908516
vt 0.82661856762618302 0.15636612082881507
vt 0.83145524756013411 0.16216136077977128
vt 0.83272200623521297 0.14945747062610903
vt 0.91898397451695579 0.28090013570213918
vt 0.93030847976636433 0.27614930932078074
vt 0.92418008798304419 0.26818581951153392
vt 0.58826369035883286 0.57164668615684144
vt 0.56351753499605683 0.5839809092813486
vt 0.56505107699132495 0.58074662361987384
vt 0.60159064933704653 0.37660316443217667
vt 0.5922620899669756 0.36736752482994872
vt 0.62939014133970816 0.37537214116719242
vt 0.30111497945213922 0.27352433550621058
vt 0.28005305630175475 0.26433253724492312
vt 0.29700429055969046 0.26204882119356271
vt 0.94240576325906944 0.19183168621845426
vt 0.93170501035094633 0.19929002828026421
vt 0.94050416194302056 0.20618338118592272
vt 0.46813144623669162 0.60511563177740535
vt 0.49713015390871451 0.59240753462638007
vt 0.47765508705885251 0.60584019802346212
vt 0.12048576667857847 0.76332006604889591
vt 0.12130755595980383 0.78045719760449528
vt 0.091480878474960572 0.77982782309739751
vt 0.29847400556979498 0.21225345262593651
vt 0.3194682316825217 0.22582324295765971
vt 0.29445708362085959 0.2176399303159503
vt 0.8525789567724763 0.073564046865758084
vt 0.84783200044361196 0.075364786142054413
vt 0.85111164851143528 0.087241235967690262
vt 0.94575965472200318 0.544794952681388
vt 0.96660140846805997 0.55111965817231856
vt 0.95330906816837535 0.56475117680402209
vt 0.65984225589018142 0.69306987196865144
vt 0.67474268964412465 0.68854110188288642
vt 0.6727164764885647 0.69172332474861986
vt 0.41812659423057963 0.71428184148264984
vt 0.43054056739205443 0.70143758009660884
vt 0.44360859867902208 0.7043670365486987
vt 0.28205354612332412 0.34612024349369086
vt 0.29738392152996845 0.3491872504682571
vt 0.27615031052839117 0.3515724735681191
vt 0.038989890787503693 0.19445344461627564
vt 0.053789902936772972 0.20709159201251973
vt 0.042422615316011929 0.21111242252193416
vt 0.87721197567527598 0.6697013012618297
vt 0.86117725071470819 0.67481269716088332
vt 0.86997024102917986 0.66078200475650628
vt 0.92456932669558356 0.80848022846017353
vt 0.92923433803233435 0.78921576178036279
vt 0.93687124162066249 0.79416434591876972
vt 0.14100578620982848 0.41290849270504731
vt 0.12749172655941937 0.39475475034503155
vt 0.14093991830145899 0.39839067429022085
vt 0.56170712058852523 0.72380140045839902
vt 0.56397165966334784 0.73540709101439272
vt 0.54530945786918372 0.73453272870662456
vt 0.73631788187598579 0.7539690180155757
vt 0.7341764528292587 0.77241542106171135
vt 0.72792637581328867 0.75795251503351735
vt 0.80875671579258679 0.20687340576942034
vt 0.80182828211257884 0.22127044388924488
vt 0.81254081846411674 0.21920710903612972
vt 0.80460878967862781 0.60176740098826897
vt 0.80514212527109619 0.61102264115486993
vt 0.79325386312105683 0.61520780449033907
vt 0.58210306739205442 0.58774802993148656
vt 0.58221439397673502 0.59089297706772481
vt 0.55656268483832805 0.60015734362677442
vt 0.47761869701301263 0.37362695928627759
vt 0.45115096516413644 0.37507193291600949
vt 0.47023540701399841 0.36566959224664825
vt 0.22562244306979495 0.28439292546702483
vt 0.20686456818685922 0.28769660251749801
vt 0.20706918036524052 0.27421823014220231
vt 0.90379234338032333 0.15967937674056093
vt 0.89670849147279175 0.14984503424130027
vt 0.89639241793178237 0.16584794197924882
vt 0.54961792377267349 0.54311823799783121
vt 0.56854325062845035 0.52684853731269721
vt 0.57533775353657335 0.53363187290516556
vt 0.22341969005693021 0.73295274608142746
vt 0.24934116688436514 0.71743633859917189
vt 0.22672985570287854 0.73458794915713721
vt 0.41296024743690851 0.25178395942182569
vt 0.44385701369035885 0.26267883108241324
vt 0.43464513351488565 0.26421643567010056
vt 0.58223892356319007 0.42840753308606072
vt 0.56584145338377367 0.42362926976537857
vt 0.57487792968749996 0.4193201107181585
vt 0.84111551471313095 0.32205059641167194
vt 0.84642376343158521 0.29789640504855086
vt 0.8345884882689274 0.30571333346682766
vt 0.7200161425473186 0.55040772254534698
vt 0.71436332437894323 0.53590338192527598
vt 0.72195355628943214 0.53317335832758284
vt 0.37141617735853705 0.70336875554514988
vt 0.36550081174832411 0.70106613207314672
vt 0.39621300922959385 0.68904832906151414
vt 0.37383717437647873 0.33619638918326106
vt 0.39819193457955443 0.33402384568464116
vt 0.39078600188535095 0.34114512735360802
vt 0.091918637248619872 0.17933526746106074
vt 0.10572957420950808 0.17681058769346411
vt 0.10706106480739846 0.19395869402479299
vt 0.84254962909108833 0.7306721491768533
vt 0.83503579702287067 0.74683726217468449
vt 0.828447157802642 0.73399030522969244
vt 0.89544928036277605 0.79649045926163253
vt 0.88698923008675079 0.79466063682965304
vt 0.89721548760350944 0.77792807016462939
vt 0.080570622874359232 0.35382896447407336
vt 0.063865642367101239 0.34056723802247635
vt 0.068600444613194991 0.33884092505421926
vt 0.62782752581575318 0.72937866596017353
vt 0.64218522802888411 0.73100062228903784
vt 0.63057788162953465 0.74262772328470028
vt 0.76668058088525237 0.81140052001182961
vt 0.77399879238958991 0.82536582585764984
vt 0.76206254929022077 0.82984338032334382
vt 0.76391686280067039 0.20362200330860608
vt 0.75202736839511042 0.19803917340299684
vt 0.75641242668079656 0.21409026425719638
vt 0.86257786314570184 0.58573109720031546
vt 0.87716368666206623 0.58836338753203865
vt 0.85886684862973184 0.60199498317971212
vt 0.46898563036031149 0.041837212114304023
vt 0.46069990573245267 0.041095654219859029
vt 0.47551639207906149 0.030872051347317381
vt 0.39549360305352915 0.41024008188337935
vt 0.37387044527553231 0.42005195497338327
vt 0.3726850924807768 0.41018705638801262
vt 0.21617835974467667 0.33304485718158516
vt 0.21201803405954259 0.34272256845179416
vt 0.19723701356713327 0.3386316341556585
vt 0.92231060232649842 0.11384315851735016
vt 0.93572663027405367 0.10592417431178529
vt 0.91571649497239749 0.10512174492002661
vt 0.53022333861149451 0.5128628222348186
vt 0.52778351118888012 0.50392920075906944
vt 0.54888900612430991 0.49251551101636437
vt 0.32994103657334384 0.65554052888406944
vt 0.35937553911179021 0.6324566862184543
vt 0.35712316856023263 0.63908267818414821
vt 0.32040293600280956 0.62534102671529967
vt 0.32704800867507888 0.62456632307275239
vt 0.2973940683840201 0.64632002291995272
vt 0.50329428110212937 0.46347517621253942
vt 0.48540974806535886 0.48328033350995664
vt 0.48143580102770112 0.48206995052494084
vt 0.88049062253548893 0.27155353534108834
vt 0.88728743592271297 0.25836077669065455
vt 0.87980718281742898 0.25101085386065652
vt 0.66986110939964516 0.53955470906447156
vt 0.64870936637421139 0.53798342924388798
vt 0.66345931092271293 0.5313441520233636
vt 0.54101932176656153 0.40536720444351343
vt 0.57095292629879735 0.39628829234029966
vt 0.54320010597397472 0.40765565697703077
vt 0.38839816024250789 0.30306209720647675
vt 0.38747323695041402 0.2936960503129929
vt 0.41002443716729103 0.29993401656767549
vt 0.086840117541773468 0.10725467332906151
vt 0.086682706526025236 0.089669039271983442
vt 0.097238804188436515 0.10611521242544854
vt 0.81048603238367511 0.69208429860015774
vt 0.80062136484621449 0.68539761805007882
vt 0.81791376059739751 0.68000003080638804
vt 0.93930941319992112 0.73141612344735807
vt 0.95128385622042588 0.71641972779475549
vt 0.94903291046431393 0.73575859190161674
vt 0.09086631028810134 0.34551547558901813
vt 0.093221266111740933 0.33713825598876185
vt 0.10527370705589512 0.35374066566443219
vt 0.57647589554169953 0.76818701325906935
vt 0.56195272451695588 0.77426157087933756
vt 0.55656126004288253 0.76544008465595426
vt 0.71942620021687698 0.83239476537854895
vt 0.70780803307373819 0.84032802641955839
vt 0.71489111482156942 0.81904327681388012
vt 0.77897710469242898 0.26514526752267348
vt 0.78175098888505523 0.27997326775680204
vt 0.78975934049684537 0.26604063593626776
vt 0.79559445546628549 0.64203046443710565
vt 0.77891164111790223 0.65321256715792586
vt 0.78464232243197951 0.64406337798205837
vt 0.57702059098974767 0.04318052466359424
vt 0.60598275458399053 0.05663374169767843
vt 0.60030101691886828 0.057697784712638013
vt 0.37565332647377758 0.37757063904771293
vt 0.36739636731072556 0.37154779765132095
vt 0.39211460438436513 0.3707968919435134
vt 0.155363170732083 0.29944835386065655
vt 0.14039664764885645 0.28706210644839314
vt 0.15606833858068808 0.2835674297922417
vt 0.87271901801557572 0.11235713537559149
vt 0.86649620465299682 0.11611095151690655
vt 0.87431224738761826 0.12979437891241127
vt 0.61164585438436514 0.47899227683852524
vt 0.6292976066517153 0.47377363620120266
vt 0.61877707111346614 0.48815694622436906
vt 0.33769481189619477 0.66863763369972395
vt 0.34705194419114749 0.66863678652405367
vt 0.31322291040270112 0.68504018693316249
vt 0.53230092141906549 0.2879314434641167
vt 0.55951944345179416 0.29549329498964905
vt 0.52658279370810335 0.29105788751355482
vt 0.48945085302888408 0.46009328944449923
vt 0.48192338913397081 0.46223899287756309
vt 0.50555019438830839 0.4432573288397082
vt 0.85716795334680596 0.22959793042685331
vt 0.85332008145208993 0.21744538797565063
vt 0.849758323886041 0.23932158172318613
vt 0.69888018779574135 0.49964149065950314
vt 0.70321079579061518 0.4856950537263407
vt 0.70727562167291014 0.49575299284059543
vt 0.36153753142251577 0.69119152947555207
vt 0.39324369701301259 0.67380363392152998
vt 0.39094854409010255 0.67881198245268137
vt 0.47584540430303629 0.32874728903785488
vt 0.49631262938682963 0.33343625234128549
vt 0.46928210333694798 0.33741917173945191
vt 0.14625802506407728 0.17276861630027601
vt 0.16357319828839709 0.18787805214289235
vt 0.14880837040368691 0.18853532568513406
vt 0.87721197567527598 0.6697013012618297
vt 0.89222901160784696 0.66614901666009463
vt 0.88325611198738174 0.68031333177247633
vt 0.92456932669558356 0.80848022846017353
vt 0.91960564742705042 0.82739750714708205
vt 0.91279859091581228 0.82357443439471612
vt 0.14100578620982848 0.41290849270504731
vt 0.16023082071298306 0.43731339030461358
vt 0.1360351369960075 0.41581264941098184
vt 0.56170712058852523 0.72380140045839902
vt 0.56040008256111984 0.71167354162559149
vt 0.57758407833448344 0.71213979630816249
vt 0.73631788187598579 0.7539690180155757
vt 0.738264075438683 0.73806783874704263
vt 0.74697111593059939 0.75106913569597789
vt 0.80875671579258679 0.20687340576942034
vt 0.81511284379929017 0.19306378770701893
vt 0.80450928504534702 0.19522048516980481
vt 0.94919025409108837 0.30008506413889985
vt 0.94068938535094637 0.29883985068143731
vt 0.9369427124408517 0.31320356014023065
vt 0.58210306739205442 0.58774802993148656
vt 0.58308232545100547 0.58343236303479895
vt 0.60761788064373023 0.57718944850404175
vt 0.47761869701301263 0.37362695928627759
vt 0.50483683396589119 0.37282487646638407
vt 0.48303041668720426 0.38152067262667588
vt 0.22562244306979495 0.28439292546702483
vt 0.24480752553849566 0.28133017362480284
vt 0.24430626709754535 0.29346365462342272
vt 0.90379234338032333 0.15967937674056093
vt 0.91241528243296532 0.16881871749926064
vt 0.91448485557965298 0.15406233249026519
vt 0.54961792377267349 0.54311823799783121
vt 0.52983945250887221 0.55908938627513804
vt 0.52346006567921921 0.55370589295396289
vt 0.22341969005693021 0.73295274608142746
vt 0.19806699542217074 0.74672065999605675
vt 0.22290849655584583 0.72939684172910091
vt 0.41296024743690851 0.25178395942182569
vt 0.38257802487923898 0.24095647673501577
vt 0.38834320934789041 0.23776248967986002
vt 0.58223892356319007 0.42840753308606072
vt 0.5998502039382887 0.43689072666108042
vt 0.58631006475502756 0.435065871759168
vt 0.84111551471313095 0.32205059641167194
vt 0.83592502341285491 0.34626938491965692
vt 0.85009134094045746 0.33859786265279967
vt 0.69450082869183749 0.67028662263406935
vt 0.68387917118493691 0.67728691221411674
vt 0.68104197986494475 0.66961134660883281
vt 0.37141617735853705 0.70336875554514988
vt 0.37981080256802052 0.7058091605875394
vt 0.34844223648215694 0.71691886829652995
vt 0.37383717437647873 0.33619638918326106
vt 0.35001621186169163 0.33842758034305992
vt 0.35636213525236593 0.33114148449822556
vt 0.091918637248619872 0.17933526746106074
vt 0.078126342965977424 0.1823100670655067
vt 0.077301068712108137 0.16494681662189473
vt 0.84254962909108833 0.7306721491768533
vt 0.85056029118197951 0.71477266425966091
vt 0.85611691640378551 0.72808957265378549
vt 0.89544928036277605 0.79649045926163253
vt 0.90319662485212937 0.79868456723186121
vt 0.89279184431683756 0.8152207431733044
vt 0.080570622874359232 0.35382896447407336
vt 0.097211521281052843 0.36844351494725947
vt 0.087749926449748619 0.36932765828322162
vt 0.62782752581575318 0.72937866596017353
vt 0.61277155831033125 0.72820648289629342
vt 0.62560126367803626 0.71522135930106467
vt 0.76668058088525237 0.81140052001182961
vt 0.75932378437992898 0.79751577287066244
vt 0.77119756752760249 0.79354844920642742
vt 0.76391686280067039 0.20362200330860608
vt 0.77558978829850156 0.20694510763751972
vt 0.7711174709187697 0.19260084471115932
vt 0.86257786314570184 0.58573109720031546
vt 0.84705691172121456 0.58675494750591484
vt 0.86451943575019718 0.56787575321618688
vt 0.46898563036031149 0.041837212114304023
vt 0.48633070503499604 0.04037503022876824
vt 0.46725180833497632 0.048304204609867903
vt 0.39549360305352915 0.41024008188337935
vt 0.41650051754731859 0.40080065802444798
vt 0.41801014608389198 0.40956030042389591
vt 0.21617835974467667 0.33304485718158516
vt 0.22002280442872635 0.3216359424290221
vt 0.2366999773573048 0.32727339591137616
vt 0.92231060232649842 0.11384315851735016
vt 0.91516513764294161 0.12213167497412264
vt 0.93177278440457412 0.12014346919977327
vt 0.53022333861149451 0.5128628222348186
vt 0.53360287639244874 0.521379479248817
vt 0.510146584495761 0.53284257473629737
vt 0.32994103657334384 0.65554052888406944
vt 0.301419693137569 0.67748769284798893
vt 0.30439972982797714 0.6710557041108044
vt 0.32040293600280956 0.62534102671529967
vt 0.31575529176730088 0.62424632171727135
vt 0.34385035180895113 0.60331187925128149
vt 0.50329428110212937 0.46347517621253942
vt 0.52221025051754733 0.4455107776148462
vt 0.52467233555550075 0.44781559604199528
vt 0.88049062253548893 0.27155353534108834
vt 0.87295530301163249 0.28539950494134464
vt 0.88158216987874605 0.29245414854224172
vt 0.66986110939964516 0.53955470906447156
vt 0.68430337514787065 0.54332983937549295
vt 0.67386755717665614 0.54926164789530763
vt 0.54101932176656153 0.40536720444351343
vt 0.51252710962145109 0.41653532876577287
vt 0.53473793775877365 0.40310932725009857
vt 0.38839816024250789 0.30306209720647675
vt 0.38729024700561909 0.31180265889934938
vt 0.36679317823343849 0.30610307278317234
vt 0.086840117541773468 0.10725467332906151
vt 0.088302053938904765 0.12551424525889687
vt 0.075886217953654869 0.11054370771823245
vt 0.85814798156545746 0.79160425805895107
vt 0.85575817601537851 0.77542928701695579
vt 0.86675374605678235 0.77504975231664042
vt 0.85870634734818607 0.86130448109720037
vt 0.86686780670839902 0.84558167081526026
vt 0.8650136472298896 0.86455332277701102
vt 0.8272429360952287 0.912629386829653
vt 0.83507753967862774 0.92199907272772086
vt 0.82510504978312305 0.93070588217172712
vt 0.79606756457018923 0.86635588155559939
vt 0.791672263160489 0.88455891413643528
vt 0.784147956920347 0.87168831328864349
vt 0.81522159034897479 0.79694639380421928
vt 0.80316397008083595 0.79997697222496056
vt 0.8086868623077681 0.78311640501774449
vt 0.038989890787503693 0.19445344461627564
vt 0.024252622586319498 0.18227904888357649
vt 0.036899862680525433 0.17739658295544164
vt 0.35631646478213724 0.879941421653194
vt 0.37208078667192429 0.89151376429416407
vt 0.37838816356959781 0.86688243974270507
vt 0.65984225589018142 0.69306987196865144
vt 0.64530433630717665 0.69866454307965298
vt 0.64749012655264193 0.69375639232551267
vt 0.41812659423057963 0.71428184148264984
vt 0.40909543202878551 0.72623025310528388
vt 0.39153032272772081 0.72412294213328077
vt 0.28205354612332412 0.34612024349369086
vt 0.26575163350872438 0.343271422762224
vt 0.28773591917019914 0.33966953987578863
vt 0.5254206227203273 0.47655164074822554
vt 0.54258332357797712 0.45684656570386434
vt 0.54343943310084775 0.4639123573664235
vt 0.44118733210518535 0.56325575771391956
vt 0.46307966069844242 0.55010416409946772
vt 0.43910327995613169 0.57174064564027993
vt 0.36317223389442033 0.60952094526320977
vt 0.3505817786376183 0.62452130723826893
vt 0.33246796905806386 0.63427164456821772
vt 0.4297968241694598 0.53996324027750398
vt 0.40437997523166402 0.56038918480136046
vt 0.42387880150828078 0.5411784367606467
vt 0.99431837785883281 0.05906804322444302
vt 0.99508068193020505 0.055570314810479103
vt 0.9733969895997634 0.075346716270085767
vt 0.91898397451695579 0.28090013570213918
vt 0.9080044237973186 0.28311369020480087
vt 0.91322456624605675 0.29582869953913643
vt 0.58826369035883286 0.57164668615684144
vt 0.61204876343158521 0.5607086470450513
vt 0.61205276826202681 0.56333812629386826
vt 0.60159064933704653 0.37660316443217667
vt 0.60096035063830833 0.37813809271490534
vt 0.56853793652651818 0.37763598709828472
vt 0.30111497945213922 0.27352433550621058
vt 0.32267534996056785 0.2817850877057867
vt 0.30368609984966483 0.28470780526049883
vt 0.052248745987467961 0.073228931126158317
vt 0.060611260350946369 0.078185573060429808
vt 0.04741908894728411 0.084461123108487773
vt 0.74733108857452679 0.70734208645504737
vt 0.76230799918671133 0.70438806190851733
vt 0.75734408887026816 0.71377137963328074
vt 0.93470000739353309 0.66277032605481068
vt 0.93788831452089905 0.67815642251577291
vt 0.92489741472791798 0.67717970598383281
vt 0.040701727160143926 0.27810493733980679
vt 0.053175575424820092 0.29415485370046335
vt 0.037305055732606715 0.28460876272303826
vt 0.59488486882639979 0.79868626158320188
vt 0.59190677678923498 0.79186357083004733
vt 0.60810566128992505 0.79876019691443223
vt 0.6854329683803233 0.91921671677839112
vt 0.69530710888209779 0.89784370687105675
vt 0.70068374778194009 0.91111171012421133
vt 0.742932244430205 0.30886973672860807
vt 0.75257456686218449 0.29925059610360805
vt 0.74075469489353307 0.29296251170642745
vt 0.77038481799585967 0.67653485126675872
vt 0.77701127205737386 0.66890588032334386
vt 0.78764386583201895 0.66958377489156151
vt 0.67003123767744477 0.87302931535883277
vt 0.66739136127267351 0.86358723444893537
vt 0.68084659034897477 0.84938841618197947
vt 0.28268750308063878 0.3756452012889393
vt 0.30460081852572951 0.37659811988613962
vt 0.28865321788125986 0.38160754664087143
vt 0.097432104646219445 0.3040107414173403
vt 0.11105206125542193 0.30533206590718653
vt 0.10999459347890378 0.31878259700931583
vt 0.8525789567724763 0.073564046865758084
vt 0.85560984325709777 0.078077375249531747
vt 0.85660850934049682 0.059481484205564865
vt 0.94240576325906944 0.19183168621845426
vt 0.95471237615832016 0.18423939413076695
vt 0.94512951005520507 0.17686567336602918
vt 0.46813144623669162 0.60511563177740535
vt 0.43771387334877759 0.61911848290861593
vt 0.45948902214363169 0.60345609165516556
vt 0.12048576667857847 0.76332006604889591
vt 0.13156801819425276 0.74753025187302835
vt 0.15389504417636041 0.75034241300276028
vt 0.29847400556979498 0.21225345262593651
vt 0.27556312151887813 0.19800164737159898
vt 0.30168435851858244 0.20715628542734621
vt 0.86082105185331226 0.14372409375308065
vt 0.86169140933063881 0.16439942561489551
vt 0.8643571631013407 0.15381386934394717
vt 0.6737542666847397 0.46168301458990535
vt 0.68074785587539433 0.47088669256457016
vt 0.66700266167192424 0.47467160390378549
vt 0.39503208485311514 0.65758522587243695
vt 0.38210075691295348 0.66809967714905361
vt 0.3600791570139984 0.67516104039333591
vt 0.59593471202188486 0.30644005616004533
vt 0.56202708343602126 0.31567756339954656
vt 0.56351999950709775 0.31012120773363566
vt 0.21034361060109424 0.18315629929022081
vt 0.19263170886114944 0.1783869890760548
vt 0.18928496062943612 0.16764799773881112
vt 0.91090700167586747 0.6129060281940063
vt 0.90297943981664042 0.62759513012618295
vt 0.8948470154771293 0.61872778089264591
vt 0.95354350478115146 0.83215185700906935
vt 0.9463897993888013 0.82517521133182181
vt 0.9598388671875 0.81456710863564674
vt 0.2011294006925276 0.36587414666305207
vt 0.18666820826966679 0.37506923735705838
vt 0.18802684699699329 0.36638356879682571
vt 0.48688059906102127 0.72086647587243691
vt 0.50577219292192432 0.72179782999802844
vt 0.48598097551508279 0.73220854076301267
vt 0.69618770948343844 0.71621432620268144
vt 0.70830062721805997 0.72309123619873816
vt 0.69910422725256305 0.72637850884759458
vt 0.84372258231466879 0.18565230986297318
vt 0.83656348580441642 0.1933449345056191
vt 0.83975949452878551 0.20366750049290222
vt 0.96561483389195579 0.25675258696643338
vt 0.96141938892448742 0.26633327736839513
vt 0.97364629029475547 0.25953973715989748
vt 0.484255355690556 0.62514317268828867
vt 0.50841264694647081 0.61549002951251974
vt 0.48056363367507887 0.63019588241817825
vt 0.55013004146539823 0.34382458996697557
vt 0.53438732255520505 0.34969366897919951
vt 0.51966814588673105 0.34594299123866323
vt 0.22035801643828865 0.23074034681831623
vt 0.22266551117039629 0.2442223774521885
vt 0.20336844748126973 0.23147278794730874
vt 0.90717819647082021 0.22423619411721216
vt 0.90589364710666409 0.20819840777183557
vt 0.89895281385548109 0.21754379513135844
vt 0.57970686951646289 0.56120851919854098
vt 0.57191370052494084 0.55778685368197944
vt 0.59820052186021289 0.54871260104495267
vt 0.15172844053442922 0.81283810010843849
vt 0.16408317878795348 0.78922130693020509
vt 0.1777463317293474 0.78838260301656149
vt 0.36685698596460964 0.26205873699970428
vt 0.38086588284946765 0.25935520689570191
vt 0.39361067811021294 0.27016572681511236
vt 0.10174392074440557 0.049035721547220031
vt 0.11318058050017252 0.046208975518163449
vt 0.10583167813177741 0.059956494641228805
vt 0.78985152861297314 0.32781354741719243
vt 0.80178669348876186 0.32968045303874211
vt 0.79858583275828077 0.31327543529426261
vt 0.72653793190555993 0.67522981565457418
vt 0.71613191911474761 0.67533178479889588
vt 0.73461837046529965 0.67002238084089116
vt 0.48421384408270901 0.66005951794164042
vt 0.45883361623866326 0.67003917032235805
vt 0.48098167636041012 0.65533366398856463
vt 0.33673619411721212 0.35879179656693611
vt 0.34776491953371452 0.35417476617951499
vt 0.36029788236888799 0.35762881691147475
vt 0.09727207508749014 0.24635094483192035
vt 0.09589808130113861 0.23045442502957414
vt 0.11068660122362974 0.24408804234646095
vt 0.81048603238367511 0.69208429860015774
vt 0.81966579689964514 0.69990111149447953
vt 0.80350099196569402 0.704431190851735
vt 0.93930941319992112 0.73141612344735807
vt 0.92773352782432961 0.74714979298107254
vt 0.92911904512519716 0.72827156139097005
vt 0.09086631028810134 0.34551547558901813
vt 0.088917835127291997 0.34858194345179416
vt 0.076332689158923994 0.33239264743937302
vt 0.57647589554169953 0.76818701325906935
vt 0.59037866441985409 0.76131703470031542
vt 0.59470357323294554 0.77066068920051267
vt 0.71942620021687698 0.83239476537854895
vt 0.73093076880421926 0.82598164555402209
vt 0.72473984005323344 0.84675647242212149
vt 0.77897710469242898 0.26514526752267348
vt 0.77581837169755519 0.24966463395849764
vt 0.767939483931388 0.26224305546998228
vt 0.79559445546628549 0.64203046443710565
vt 0.81193963180205042 0.62939637963328077
vt 0.80685781003548895 0.64033788446372242
vt 0.57702059098974767 0.04318052466359424
vt 0.54695509660883279 0.030781492600305601
vt 0.55624734294903388 0.030240886218916355
vt 0.37565332647377758 0.37757063904771293
vt 0.38284430759562305 0.38463030794065456
vt 0.35842389127809543 0.38437573165171529
vt 0.155363170732083 0.29944835386065655
vt 0.17032189594834385 0.31010969384611592
vt 0.15403289313572063 0.3153226930636337
vt 0.87271901801557572 0.11235713537559149
vt 0.88117783603608046 0.11115437697160883
vt 0.87324911893730284 0.097752442946569401
vt 0.61164585438436514 0.47899227683852524
vt 0.59276689114254733 0.48531571156595033
vt 0.60512984122387614 0.46934799049930992
vt 0.33769481189619477 0.66863763369972395
vt 0.3320056806979495 0.66723124507097786
vt 0.36439736543769718 0.65004112652799684
vt 0.21557626814496253 0.69979436736001577
vt 0.24100060688584385 0.68374747387618295
vt 0.21661041933655362 0.70314040319400628
vt 0.48945085302888408 0.46009328944449923
vt 0.49565167833201895 0.45758611155609225
vt 0.47106671739451894 0.47890863749507095
vt 0.85716795334680596 0.22959793042685331
vt 0.86159159663347795 0.24176757042340299
vt 0.86373972606959781 0.21924530895726538
vt 0.69888018779574135 0.49964149065950314
vt 0.69353728189077291 0.512583138739649
vt 0.68840624691936125 0.50263941430895109
vt 0.36153753142251577 0.69119152947555207
vt 0.33151362566541798 0.70698681178529177
vt 0.33329693045149844 0.70220589141364353
vt 0.47584540430303629 0.32874728903785488
vt 0.45331734738515378 0.32137972955071964
vt 0.47939514737776023 0.31895214766734031
vt 0.14625802506407728 0.17276861630027601
vt 0.13000013670334681 0.15735533320189274
vt 0.14325357431116917 0.15777311595832511
vt 0.85814798156545746 0.79160425805895107
vt 0.84795229938880123 0.79184755150828079
vt 0.85575817601537851 0.77542928701695579
vt 0.85870634734818607 0.86130448109720037
vt 0.859704628351735 0.84276773831821772
vt 0.86686780670839902 0.84558167081526026
vt 0.8272429360952287 0.912629386829653
vt 0.83650456858734223 0.90330876010449523
vt 0.83507753967862774 0.92199907272772086
vt 0.79606756457018923 0.86635588155559939
vt 0.80323135905461351 0.87869568833793377
vt 0.791672263160489 0.88455891413643528
vt 0.81522159034897479 0.79694639380421928
vt 0.80978079714609619 0.81377553849566242
vt 0.80316397008083595 0.79997697222496056
vt 0.038989890787503693 0.19445344461627564
vt 0.027670952348679022 0.19922184989279376
vt 0.024252622586319498 0.18227904888357649
vt 0.35631646478213724 0.879941421653194
vt 0.3523659305993691 0.89973260055205051
vt 0.37208078667192429 0.89151376429416407
vt 0.65984225589018142 0.69306987196865144
vt 0.66025174980283907 0.69623492027306777
vt 0.64530433630717665 0.69866454307965298
vt 0.41812659423057963 0.71428184148264984
vt 0.43418634938140771 0.71662951929712149
vt 0.40909543202878551 0.72623025310528388
vt 0.28205354612332412 0.34612024349369086
vt 0.26061511114944796 0.34936007430500787
vt 0.26575163350872438 0.343271422762224
vt 0.5254206227203273 0.47655164074822554
vt 0.52481377538446372 0.47055067188732258
vt 0.54258332357797712 0.45684656570386434
vt 0.44118733210518535 0.56325575771391956
vt 0.46451435269617508 0.54157522303824923
vt 0.46307966069844242 0.55010416409946772
vt 0.36317223389442033 0.60952094526320977
vt 0.38065050768927444 0.59979552259956626
vt 0.3505817786376183 0.62452130723826893
vt 0.4297968241694598 0.53996324027750398
vt 0.41173642516512227 0.55808444339018137
vt 0.40437997523166402 0.56038918480136046
vt 0.51890014263357653 0.46532779537164826
vt 0.49829020695731469 0.48279798248964906
vt 0.51569150329012226 0.46578292124654969
vt 0.91898397451695579 0.28090013570213918
vt 0.91412195632886439 0.26907156092887419
vt 0.9080044237973186 0.28311369020480087
vt 0.58826369035883286 0.57164668615684144
vt 0.58866813972545351 0.56874715040910884
vt 0.61204876343158521 0.5607086470450513
vt 0.60159064933704653 0.37660316443217667
vt 0.64411794379682574 0.39339765193710569
vt 0.60096035063830833 0.37813809271490534
vt 0.30111497945213922 0.27352433550621058
vt 0.31868006949921135 0.27069378681363365
vt 0.32267534996056785 0.2817850877057867
vt 0.052248745987467961 0.073228931126158317
vt 0.065598602776271692 0.066673230673612485
vt 0.060611260350946369 0.078185573060429808
vt 0.74733108857452679 0.70734208645504737
vt 0.75229946581723184 0.69918309160587544
vt 0.76230799918671133 0.70438806190851733
vt 0.93470000739353309 0.66277032605481068
vt 0.94811410994183754 0.66434468651419554
vt 0.93788831452089905 0.67815642251577291
vt 0.040701727160143926 0.27810493733980679
vt 0.055876530307324528 0.28658818867680402
vt 0.053175575424820092 0.29415485370046335
vt 0.59488486882639979 0.79868626158320188
vt 0.57750706236445193 0.79349939003351733
vt 0.59190677678923498 0.79186357083004733
vt 0.6854329683803233 0.91921671677839112
vt 0.68088779389294163 0.90658671382097789
vt 0.69530710888209779 0.89784370687105675
vt 0.742932244430205 0.30886973672860807
vt 0.75456781718257093 0.314696052623472
vt 0.75257456686218449 0.29925059610360805
vt 0.77038481799585967 0.67653485126675872
vt 0.75959033665220821 0.6755770036474763
vt 0.77701127205737386 0.66890588032334386
vt 0.67003123767744477 0.87302931535883277
vt 0.65547344797417195 0.88737092123422712
vt 0.66739136127267351 0.86358723444893537
vt 0.28268750308063878 0.3756452012889393
vt 0.2977463971929219 0.37148325826843454
vt 0.30460081852572951 0.37659811988613962
vt 0.097432104646219445 0.3040107414173403
vt 0.097970658070657538 0.29082214162928827
vt 0.11105206125542193 0.30533206590718653
vt 0.8525789567724763 0.073564046865758084
vt 0.85387875529869872 0.089127588121672915
vt 0.85560984325709777 0.078077375249531747
vt 0.94240576325906944 0.19183168621845426
vt 0.95158521971115928 0.19901739174635252
vt 0.95471237615832016 0.18423939413076695
vt 0.46813144623669162 0.60511563177740535
vt 0.44794351956821765 0.61929527306782339
vt 0.43771387334877759 0.61911848290861593
vt 0.12048576667857847 0.76332006604889591
vt 0.085488958990536282 0.75501851463919556
vt 0.13156801819425276 0.74753025187302835
vt 0.29847400556979498 0.21225345262593651
vt 0.27378002852671529 0.2039116026099172
vt 0.27556312151887813 0.19800164737159898
vt 0.86082105185331226 0.14372409375308065
vt 0.8584357132294953 0.1550900624753549
vt 0.86169140933063881 0.16439942561489551
vt 0.6737542666847397 0.46168301458990535
vt 0.68602760868493695 0.45792063042192427
vt 0.68074785587539433 0.47088669256457016
vt 0.39503208485311514 0.65758522587243695
vt 0.41582624272969243 0.65083469908320191
vt 0.38210075691295348 0.66809967714905361
vt 0.59593471202188486 0.30644005616004533
vt 0.58835657161869082 0.31673786151296335
vt 0.56202708343602126 0.31567756339954656
vt 0.21034361060109424 0.18315629929022081
vt 0.21281965478361592 0.19341711772353115
vt 0.19263170886114944 0.1783869890760548
vt 0.91090700167586747 0.6129060281940063
vt 0.91854821815851739 0.62349999845968063
vt 0.90297943981664042 0.62759513012618295
vt 0.95354350478115146 0.83215185700906935
vt 0.940461418079653 0.84246129177346218
vt 0.9463897993888013 0.82517521133182181
vt 0.2011294006925276 0.36587414666305207
vt 0.20122515079726933 0.37102986525285886
vt 0.18666820826966679 0.37506923735705838
vt 0.48688059906102127 0.72086647587243691
vt 0.50684614211602919 0.70999243703174286
vt 0.50577219292192432 0.72179782999802844
vt 0.69618770948343844 0.71621432620268144
vt 0.70765669669262621 0.71381535575216881
vt 0.70830062721805997 0.72309123619873816
vt 0.84372258231466879 0.18565230986297318
vt 0.84008627328962937 0.17691407790319399
vt 0.83656348580441642 0.1933449345056191
vt 0.96561483389195579 0.25675258696643338
vt 0.95373365721115932 0.26301731627070191
vt 0.96141938892448742 0.26633327736839513
vt 0.484255355690556 0.62514317268828867
vt 0.51173396065408128 0.61078989889343449
vt 0.50841264694647081 0.61549002951251974
vt 0.55013004146539823 0.34382458996697557
vt 0.56534034897476337 0.3493293449329653
vt 0.53438732255520505 0.34969366897919951
vt 0.22035801643828865 0.23074034681831623
vt 0.23986698956895702 0.2430131689607157
vt 0.22266551117039629 0.2442223774521885
vt 0.90717819647082021 0.22423619411721216
vt 0.91452759944302053 0.21500866044583006
vt 0.90589364710666409 0.20819840777183557
vt 0.57970686951646289 0.56120851919854098
vt 0.55256963784010249 0.5707655849516956
vt 0.57191370052494084 0.55778685368197944
vt 0.15172844053442922 0.81283810010843849
vt 0.1381200074397427 0.80561939323738174
vt 0.16408317878795348 0.78922130693020509
vt 0.36685698596460964 0.26205873699970428
vt 0.35409043369233045 0.25095544087021887
vt 0.38086588284946765 0.25935520689570191
vt 0.10174392074440557 0.049035721547220031
vt 0.10920397641154869 0.034331387300220575
vt 0.11318058050017252 0.046208975518163449
vt 0.78985152861297314 0.32781354741719243
vt 0.79224171924290221 0.34433316492507887
vt 0.80178669348876186 0.32968045303874211
vt 0.72653793190555993 0.67522981565457418
vt 0.70803076325906944 0.67985547183063877
vt 0.71613191911474761 0.67533178479889588
vt 0.48421384408270901 0.66005951794164042
vt 0.46431237831476735 0.67434659651025242
vt 0.45883361623866326 0.67003917032235805
vt 0.33673619411721212 0.35879179656693611
vt 0.3247202009808754 0.35551361180254337
vt 0.34776491953371452 0.35417476617951499
vt 0.09727207508749014 0.24635094483192035
vt 0.08293295297712934 0.23302209896244086
vt 0.09589808130113861 0.23045442502957414
vt 0.81048603238367511 0.69208429860015774
vt 0.82731910488958993 0.68674370317429023
vt 0.81966579689964514 0.69990111149447953
vt 0.93930941319992112 0.73141612344735807
vt 0.93674154672712939 0.75057577139195586
vt 0.92773352782432961 0.74714979298107254
vt 0.09086631028810134 0.34551547558901813
vt 0.1033001631968405 0.36252518422220031
vt 0.088917835127291997 0.34858194345179416
vt 0.57647589554169953 0.76818701325906935
vt 0.57141694751823735 0.75793865215891165
vt 0.59037866441985409 0.76131703470031542
vt 0.71942620021687698 0.83239476537854895
vt 0.72555651739944793 0.81217761114944798
vt 0.73093076880421926 0.82598164555402209
vt 0.77897710469242898 0.26514526752267348
vt 0.78686569647082016 0.25100007162485211
vt 0.77581837169755519 0.24966463395849764
vt 0.79559445546628549 0.64203046443710565
vt 0.80044915713722398 0.63171043997683363
vt 0.81193963180205042 0.62939637963328077
vt 0.57702059098974767 0.04318052466359424
vt 0.570334526567429 0.042560016620046333
vt 0.54695509660883279 0.030781492600305601
vt 0.37565332647377758 0.37757063904771293
vt 0.4004265144420347 0.37706965016265775
vt 0.38284430759562305 0.38463030794065456
vt 0.155363170732083 0.29944835386065655
vt 0.17170964671234226 0.2951594307595623
vt 0.17032189594834385 0.31010969384611592
vt 0.87271901801557572 0.11235713537559149
vt 0.88063248595228705 0.12585920941566442
vt 0.88117783603608046 0.11115437697160883
vt 0.61164585438436514 0.47899227683852524
vt 0.59908770732699135 0.49462732742261434
vt 0.59276689114254733 0.48531571156595033
vt 0.33769481189619477 0.66863763369972395
vt 0.30619635837687303 0.68484033049093063
vt 0.3320056806979495 0.66723124507097786
vt 0.53230092141906549 0.2879314434641167
vt 0.50260656699773265 0.28104228792882491
vt 0.50570387975650632 0.27840451020923701
vt 0.48945085302888408 0.46009328944449923
vt 0.51370418319942823 0.44056365677986986
vt 0.49565167833201895 0.45758611155609225
vt 0.85716795334680596 0.22959793042685331
vt 0.85411126651222402 0.25214358549388799
vt 0.86159159663347795 0.24176757042340299
vt 0.69888018779574135 0.49964149065950314
vt 0.70319577767645902 0.51021324181782335
vt 0.69353728189077291 0.512583138739649
vt 0.36153753142251577 0.69119152947555207
vt 0.36070583596214512 0.69540276271687695
vt 0.33151362566541798 0.70698681178529177
vt 0.47584540430303629 0.32874728903785488
vt 0.44892223851537855 0.33051977308014591
vt 0.45331734738515378 0.32137972955071964
vt 0.14625802506407728 0.17276861630027601
vt 0.13254163483339906 0.17344999584113763
vt 0.13000013670334681 0.15735533320189274
vt 0.85814798156545746 0.79160425805895107
vt 0.85032285094637228 0.80748756962243695
vt 0.84795229938880123 0.79184755150828079
vt 0.85870634734818607 0.86130448109720037
vt 0.85181765390871456 0.85746238540023656
vt 0.859704628351735 0.84276773831821772
vt 0.8272429360952287 0.912629386829653
vt 0.82819901234720028 0.89306009094045746
vt 0.83650456858734223 0.90330876010449523
vt 0.79606756457018923 0.86635588155559939
vt 0.8070302487923896 0.86094273708596214
vt 0.80323135905461351 0.87869568833793377
vt 0.81522159034897479 0.79694639380421928
vt 0.82081957314668774 0.8108751170642744
vt 0.80978079714609619 0.81377553849566242
vt 0.038989890787503693 0.19445344461627564
vt 0.042422615316011929 0.21111242252193416
vt 0.027670952348679022 0.19922184989279376
vt 0.94575965472200318 0.544794952681388
vt 0.95330906816837535 0.56475117680402209
vt 0.93538198380816251 0.56317912682373816
vt 0.65984225589018142 0.69306987196865144
vt 0.6727164764885647 0.69172332474861986
vt 0.66025174980283907 0.69623492027306777
vt 0.41812659423057963 0.71428184148264984
vt 0.44360859867902208 0.7043670365486987
vt 0.43418634938140771 0.71662951929712149
vt 0.28205354612332412 0.34612024349369086
vt 0.27615031052839117 0.3515724735681191
vt 0.26061511114944796 0.34936007430500787
vt 0.5254206227203273 0.47655164074822554
vt 0.50652964498718456 0.49082142923156546
vt 0.52481377538446372 0.47055067188732258
vt 0.44118733210518535 0.56325575771391956
vt 0.44440521336504335 0.55425031884611597
vt 0.46451435269617508 0.54157522303824923
vt 0.36317223389442033 0.60952094526320977
vt 0.39210686427937697 0.5856768779574133
vt 0.38065050768927444 0.59979552259956626
vt 0.4297968241694598 0.53996324027750398
vt 0.43638365351439273 0.53784711097693216
vt 0.41173642516512227 0.55808444339018137
vt 0.51890014263357653 0.46532779537164826
vt 0.50162014645356856 0.48241902540910886
vt 0.49829020695731469 0.48279798248964906
vt 0.91898397451695579 0.28090013570213918
vt 0.92418008798304419 0.26818581951153392
vt 0.91412195632886439 0.26907156092887419
vt 0.58826369035883286 0.57164668615684144
vt 0.56505107699132495 0.58074662361987384
vt 0.58866813972545351 0.56874715040910884
vt 0.60159064933704653 0.37660316443217667
vt 0.62939014133970816 0.37537214116719242
vt 0.64411794379682574 0.39339765193710569
vt 0.30111497945213922 0.27352433550621058
vt 0.29700429055969046 0.26204882119356271
vt 0.31868006949921135 0.27069378681363365
vt 0.82661856762618302 0.15636612082881507
vt 0.83272200623521297 0.14945747062610903
vt 0.82719587933753946 0.14512805637877071
vt 0.74733108857452679 0.70734208645504737
vt 0.73725331784798898 0.70206341186908516
vt 0.75229946581723184 0.69918309160587544
vt 0.93470000739353309 0.66277032605481068
vt 0.94463291108044167 0.64896821704948737
vt 0.94811410994183754 0.66434468651419554
vt 0.040701727160143926 0.27810493733980679
vt 0.044225905746315554 0.27083880788520309
vt 0.055876530307324528 0.28658818867680402
vt 0.59488486882639979 0.79868626158320188
vt 0.57897849097988963 0.79795075906940061
vt 0.57750706236445193 0.79349939003351733
vt 0.6854329683803233 0.91921671677839112
vt 0.67024418683458198 0.92766783320189272
vt 0.68088779389294163 0.90658671382097789
vt 0.742932244430205 0.30886973672860807
vt 0.74517055956723188 0.32402197419656942
vt 0.75456781718257093 0.314696052623472
vt 0.77038481799585967 0.67653485126675872
vt 0.7534463876429417 0.68198943032827286
vt 0.75959033665220821 0.6755770036474763
vt 0.67003123767744477 0.87302931535883277
vt 0.65897605727523656 0.89590275039432177
vt 0.65547344797417195 0.88737092123422712
vt 0.28268750308063878 0.3756452012889393
vt 0.27658502717123423 0.37068880002957411
vt 0.2977463971929219 0.37148325826843454
vt 0.097432104646219445 0.3040107414173403
vt 0.085006145874408523 0.28806192777134265
vt 0.097970658070657538 0.29082214162928827
vt 0.8525789567724763 0.073564046865758084
vt 0.85111164851143528 0.087241235967690262
vt 0.85387875529869872 0.089127588121672915
vt 0.94240576325906944 0.19183168621845426
vt 0.94050416194302056 0.20618338118592272
vt 0.95158521971115928 0.19901739174635252
vt 0.46813144623669162 0.60511563177740535
vt 0.47765508705885251 0.60584019802346212
vt 0.44794351956821765 0.61929527306782339
vt 0.12048576667857847 0.76332006604889591
vt 0.091480878474960572 0.77982782309739751
vt 0.085488958990536282 0.75501851463919556
vt 0.29847400556979498 0.21225345262593651
vt 0.29445708362085959 0.2176399303159503
vt 0.27378002852671529 0.2039116026099172
vt 0.86082105185331226 0.14372409375308065
vt 0.85767803011632493 0.13535924484301065
vt 0.8584357132294953 0.1550900624753549
vt 0.97861020061119874 0.21755484692305796
vt 0.96715877304317821 0.22361369328543967
vt 0.97568374778194011 0.22882130138505521
vt 0.39503208485311514 0.65758522587243695
vt 0.42822812438387226 0.64091708306634465
vt 0.41582624272969243 0.65083469908320191
vt 0.59593471202188486 0.30644005616004533
vt 0.62332786776666005 0.30218690697703077
vt 0.58835657161869082 0.31673786151296335
vt 0.21034361060109424 0.18315629929022081
vt 0.23100766925029576 0.19809004245120268
vt 0.21281965478361592 0.19341711772353115
vt 0.91090700167586747 0.6129060281940063
vt 0.92644867039629342 0.60908757639984223
vt 0.91854821815851739 0.62349999845968063
vt 0.95354350478115146 0.83215185700906935
vt 0.94712560996648265 0.84868348900828072
vt 0.940461418079653 0.84246129177346218
vt 0.2011294006925276 0.36587414666305207
vt 0.21763045735163644 0.3632643449945781
vt 0.20122515079726933 0.37102986525285886
vt 0.48688059906102127 0.72086647587243691
vt 0.48939297552740535 0.70930545457906147
vt 0.50684614211602919 0.70999243703174286
vt 0.69618770948343844 0.71621432620268144
vt 0.69595219464708202 0.70737589646589116
vt 0.70765669669262621 0.71381535575216881
vt 0.84372258231466879 0.18565230986297318
vt 0.84629175805895107 0.16851175109670741
vt 0.84008627328962937 0.17691407790319399
vt 0.96561483389195579 0.25675258696643338
vt 0.95784854347397475 0.25300002233463131
vt 0.95373365721115932 0.26301731627070191
vt 0.484255355690556 0.62514317268828867
vt 0.48896623003746059 0.61975070700660484
vt 0.51173396065408128 0.61078989889343449
vt 0.55013004146539823 0.34382458996697557
vt 0.581408575882295 0.34187901253203862
vt 0.56534034897476337 0.3493293449329653
vt 0.22035801643828865 0.23074034681831623
vt 0.2371669636915911 0.23057110422417193
vt 0.23986698956895702 0.2430131689607157
vt 0.90717819647082021 0.22423619411721216
vt 0.91559326942034702 0.2297712163594243
vt 0.91452759944302053 0.21500866044583006
vt 0.57970686951646289 0.56120851919854098
vt 0.55948790541206628 0.57338874889097002
vt 0.55256963784010249 0.5707655849516956
vt 0.15172844053442922 0.81283810010843849
vt 0.12488120286622634 0.83328198935331232
vt 0.1381200074397427 0.80561939323738174
vt 0.36685698596460964 0.26205873699970428
vt 0.34159339880717665 0.25416858564791994
vt 0.35409043369233045 0.25095544087021887
vt 0.10174392074440557 0.049035721547220031
vt 0.096347055525433753 0.04087292884802593
vt 0.10920397641154869 0.034331387300220575
vt 0.78985152861297314 0.32781354741719243
vt 0.78036285304120667 0.34008457893828864
vt 0.79224171924290221 0.34433316492507887
vt 0.72653793190555993 0.67522981565457418
vt 0.71937344427740535 0.67971260720623028
vt 0.70803076325906944 0.67985547183063877
vt 0.48421384408270901 0.66005951794164042
vt 0.48832006604889588 0.66503405646194791
vt 0.46431237831476735 0.67434659651025242
vt 0.33673619411721212 0.35879179656693611
vt 0.3143588767066739 0.35975619054367114
vt 0.3247202009808754 0.35551361180254337
vt 0.09727207508749014 0.24635094483192035
vt 0.084520598691344637 0.24804194597791798
vt 0.08293295297712934 0.23302209896244086
vt 0.81048603238367511 0.69208429860015774
vt 0.81791376059739751 0.68000003080638804
vt 0.82731910488958993 0.68674370317429023
vt 0.93930941319992112 0.73141612344735807
vt 0.94903291046431393 0.73575859190161674
vt 0.93674154672712939 0.75057577139195586
vt 0.09086631028810134 0.34551547558901813
vt 0.10527370705589512 0.35374066566443219
vt 0.1033001631968405 0.36252518422220031
vt 0.57647589554169953 0.76818701325906935
vt 0.55656126004288253 0.76544008465595426
vt 0.57141694751823735 0.75793865215891165
vt 0.71942620021687698 0.83239476537854895
vt 0.71489111482156942 0.81904327681388012
vt 0.72555651739944793 0.81217761114944798
vt 0.77897710469242898 0.26514526752267348
vt 0.78975934049684537 0.26604063593626776
vt 0.78686569647082016 0.25100007162485211
vt 0.79559445546628549 0.64203046443710565
vt 0.78464232243197951 0.64406337798205837
vt 0.80044915713722398 0.63171043997683363
vt 0.57702059098974767 0.04318052466359424
vt 0.60030101691886828 0.057697784712638013
vt 0.570334526567429 0.042560016620046333
vt 0.37565332647377758 0.37757063904771293
vt 0.39211460438436513 0.3707968919435134
vt 0.4004265144420347 0.37706965016265775
vt 0.155363170732083 0.29944835386065655
vt 0.15606833858068808 0.2835674297922417
vt 0.17170964671234226 0.2951594307595623
vt 0.87271901801557572 0.11235713537559149
vt 0.87431224738761826 0.12979437891241127
vt 0.88063248595228705 0.12585920941566442
vt 0.61164585438436514 0.47899227683852524
vt 0.61877707111346614 0.48815694622436906
vt 0.59908770732699135 0.49462732742261434
vt 0.33769481189619477 0.66863763369972395
vt 0.31322291040270112 0.68504018693316249
vt 0.30619635837687303 0.68484033049093063
vt 0.53230092141906549 0.2879314434641167
vt 0.52658279370810335 0.29105788751355482
vt 0.50260656699773265 0.28104228792882491
vt 0.48945085302888408 0.46009328944449923
vt 0.50555019438830839 0.4432573288397082
vt 0.51370418319942823 0.44056365677986986
vt 0.85716795334680596 0.22959793042685331
vt 0.849758323886041 0.23932158172318613
vt 0.85411126651222402 0.25214358549388799
vt 0.69888018779574135 0.49964149065950314
vt 0.70727562167291014 0.49575299284059543
vt 0.70319577767645902 0.51021324181782335
vt 0.36153753142251577 0.69119152947555207
vt 0.39094854409010255 0.67881198245268137
vt 0.36070583596214512 0.69540276271687695
vt 0.47584540430303629 0.32874728903785488
vt 0.46928210333694798 0.33741917173945191
vt 0.44892223851537855 0.33051977308014591
vt 0.14625802506407728 0.17276861630027601
vt 0.14880837040368691 0.18853532568513406
vt 0.13254163483339906 0.17344999584113763
vt 0.81522159034897479 0.79694639380421928
vt 0.8086868623077681 0.78311640501774449
vt 0.82126333916600947 0.78035769297121449
vt 0.85814798156545746 0.79160425805895107
vt 0.86675374605678235 0.77504975231664042
vt 0.86839873016068614 0.79217178874211358
vt 0.85870634734818607 0.86130448109720037
vt 0.8650136472298896 0.86455332277701102
vt 0.85743689311415616 0.88100709163052049
vt 0.8272429360952287 0.912629386829653
vt 0.82510504978312305 0.93070588217172712
vt 0.81649920827582811 0.92024903884069398
vt 0.79606756457018923 0.86635588155559939
vt 0.784147956920347 0.87168831328864349
vt 0.78873202447259461 0.85315372695682179
vt 0.71695999482452677 0.17234907180352918
vt 0.72086832425571767 0.18864141518385252
vt 0.72816743579948739 0.18199331963475945
vt 0.91090700167586747 0.6129060281940063
vt 0.8948470154771293 0.61872778089264591
vt 0.90205170544164037 0.60307366885597402
vt 0.69618770948343844 0.71621432620268144
vt 0.69910422725256305 0.72637850884759458
vt 0.68533662140181384 0.71936535760055209
vt 0.48688059906102127 0.72086647587243691
vt 0.48598097551508279 0.73220854076301267
vt 0.46576736402060331 0.73130853213722402
vt 0.2011294006925276 0.36587414666305207
vt 0.18802684699699329 0.36638356879682571
vt 0.20410743496771491 0.35853198319203472
vt 0.99431837785883281 0.05906804322444302
vt 0.9733969895997634 0.075346716270085767
vt 0.97321230530362779 0.077987102905658523
vt 0.5254206227203273 0.47655164074822554
vt 0.54343943310084775 0.4639123573664235
vt 0.52550480117557175 0.48540605129879733
vt 0.44118733210518535 0.56325575771391956
vt 0.43910327995613169 0.57174064564027993
vt 0.41593109997289041 0.58557452373324137
vt 0.36317223389442033 0.60952094526320977
vt 0.33246796905806386 0.63427164456821772
vt 0.34848809949231074 0.61686468756161272
vt 0.4297968241694598 0.53996324027750398
vt 0.42387880150828078 0.5411784367606467
vt 0.44834330946865142 0.5214836818562697
vt 0.90717819647082021 0.22423619411721216
vt 0.89895281385548109 0.21754379513135844
vt 0.90027910587539428 0.23463086630643731
vt 0.57970686951646289 0.56120851919854098
vt 0.59820052186021289 0.54871260104495267
vt 0.60414064810479096 0.55176782457610407
vt 0.15172844053442922 0.81283810010843849
vt 0.1777463317293474 0.78838260301656149
vt 0.1710813311748324 0.80911160538249216
vt 0.36685698596460964 0.26205873699970428
vt 0.39361067811021294 0.27016572681511236
vt 0.37692116337243692 0.27270126583448345
vt 0.10174392074440557 0.049035721547220031
vt 0.10583167813177741 0.059956494641228805
vt 0.095394146555229695 0.062085389338833299
vt 0.77038481799585967 0.67653485126675872
vt 0.78764386583201895 0.66958377489156151
vt 0.78078905941936116 0.67825192231861198
vt 0.742932244430205 0.30886973672860807
vt 0.74075469489353307 0.29296251170642745
vt 0.73094971473284698 0.30149865376084384
vt 0.097432104646219445 0.3040107414173403
vt 0.10999459347890378 0.31878259700931583
vt 0.096326559650409108 0.31570910143927444
vt 0.28268750308063878 0.3756452012889393
vt 0.28865321788125986 0.38160754664087143
vt 0.2669470561415615 0.3799114239328667
vt 0.67003123767744477 0.87302931535883277
vt 0.68084659034897477 0.84938841618197947
vt 0.68353629608635647 0.86032568513406937
vt 0.78985152861297314 0.32781354741719243
vt 0.79858583275828077 0.31327543529426261
vt 0.78733980678233439 0.31176923396835565
vt 0.72653793190555993 0.67522981565457418
vt 0.73461837046529965 0.67002238084089116
vt 0.74468897870662465 0.66967242027306784
vt 0.48421384408270901 0.66005951794164042
vt 0.48098167636041012 0.65533366398856463
vt 0.50560017775285881 0.64536340755619082
vt 0.33673619411721212 0.35879179656693611
vt 0.36029788236888799 0.35762881691147475
vt 0.34779541785784701 0.36231727961110016
vt 0.09727207508749014 0.24635094483192035
vt 0.11068660122362974 0.24408804234646095
vt 0.11151652531668967 0.25978137476587143
vt 0.86082105185331226 0.14372409375308065
vt 0.8643571631013407 0.15381386934394717
vt 0.8623322592172713 0.13286625714708203
vt 0.6737542666847397 0.46168301458990535
vt 0.66700266167192424 0.47467160390378549
vt 0.66016780239550477 0.4654196754238959
vt 0.39503208485311514 0.65758522587243695
vt 0.3600791570139984 0.67516104039333591
vt 0.37620445275532333 0.66289655522969237
vt 0.59593471202188486 0.30644005616004533
vt 0.56351999950709775 0.31012120773363566
vt 0.59488459927050474 0.30394897460937498
vt 0.21034361060109424 0.18315629929022081
vt 0.18928496062943612 0.16764799773881112
vt 0.20784588642300866 0.17391856100280953
vt 0.84372258231466879 0.18565230986297318
vt 0.83975949452878551 0.20366750049290222
vt 0.84691920716679814 0.19529486334286278
vt 0.96561483389195579 0.25675258696643338
vt 0.97364629029475547 0.25953973715989748
vt 0.97760629744183758 0.25093853586479692
vt 0.484255355690556 0.62514317268828867
vt 0.48056363367507887 0.63019588241817825
vt 0.45533524281595034 0.6403619519543573
vt 0.55013004146539823 0.34382458996697557
vt 0.51966814588673105 0.34594299123866323
vt 0.53355135270849763 0.34022871432620266
vt 0.22035801643828865 0.23074034681831623
vt 0.20336844748126973 0.23147278794730874
vt 0.2010395808174783 0.21735283403366523
vt 0.93470000739353309 0.66277032605481068
vt 0.92489741472791798 0.67717970598383281
vt 0.92101257516758672 0.66271849430697949
vt 0.90313439594834388 0.87936896194794956
vt 0.89652203580934542 0.87726827434936905
vt 0.90868847964313881 0.86296633169854098
vt 0.59488486882639979 0.79868626158320188
vt 0.60810566128992505 0.79876019691443223
vt 0.61052419379682576 0.8073427025828076
vt 0.56082705909897479 0.67289245798008679
vt 0.57674880163150632 0.67212129707216084
vt 0.56010842308261044 0.68568689003351735
vt 0.74733108857452679 0.70734208645504737
vt 0.75734408887026816 0.71377137963328074
vt 0.74319071002563086 0.71606745674783123
vt 0.82661856762618302 0.15636612082881507
vt 0.8194449921135647 0.16147686209212342
vt 0.82434328482354102 0.16785780849516957
vt 0.91898397451695579 0.28090013570213918
vt 0.91322456624605675 0.29582869953913643
vt 0.9253474190408123 0.28983092684098977
vt 0.58826369035883286 0.57164668615684144
vt 0.61205276826202681 0.56333812629386826
vt 0.58685795636583205 0.5746329803948147
vt 0.60159064933704653 0.37660316443217667
vt 0.56853793652651818 0.37763598709828472
vt 0.56645353780559937 0.3722282722545347
vt 0.30111497945213922 0.27352433550621058
vt 0.30368609984966483 0.28470780526049883
vt 0.28282753736814864 0.27618034675670344
vt 0.94240576325906944 0.19183168621845426
vt 0.94512951005520507 0.17686567336602918
vt 0.93315876380126184 0.18437457641216481
vt 0.46813144623669162 0.60511563177740535
vt 0.45948902214363169 0.60345609165516556
vt 0.4887957166798107 0.59022008853755914
vt 0.12048576667857847 0.76332006604889591
vt 0.15389504417636041 0.75034241300276028
vt 0.14724722781015873 0.76355619701301258
vt 0.29847400556979498 0.21225345262593651
vt 0.30168435851858244 0.20715628542734621
vt 0.32496626700512621 0.22116641456772476
vt 0.76334247769617503 0.0070400478712015725
vt 0.76246056782334382 0.022665739811557326
vt 0.76806140021194791 0.023482092246648264
vt 0.30694006309148264 0.80536277602523665
vt 0.30525891998964905 0.77964822185528393
vt 0.28864882797096808 0.79978866817823346
vt 0.65984225589018142 0.69306987196865144
vt 0.64749012655264193 0.69375639232551267
vt 0.66463634599270505 0.68900797269321767
vt 0.41812659423057963 0.71428184148264984
vt 0.39153032272772081 0.72412294213328077
vt 0.40352887174684543 0.71158913212243691
vt 0.28205354612332412 0.34612024349369086
vt 0.28773591917019914 0.33966953987578863
vt 0.30405412066246057 0.34332872264392744
vt 0.038989890787503693 0.19445344461627564
vt 0.036899862680525433 0.17739658295544164
vt 0.051357045459446471 0.18978999285291798
vt 0.87721197567527598 0.6697013012618297
vt 0.88325611198738174 0.68031333177247633
vt 0.86803043979199523 0.68434542586750791
vt 0.92456932669558356 0.80848022846017353
vt 0.91279859091581228 0.82357443439471612
vt 0.91741947210173502 0.80453470031545737
vt 0.14100578620982848 0.41290849270504731
vt 0.1360351369960075 0.41581264941098184
vt 0.12651383553393633 0.39900583935084777
vt 0.56170712058852523 0.72380140045839902
vt 0.57758407833448344 0.71213979630816249
vt 0.57931920963130912 0.72458457585764979
vt 0.73631788187598579 0.7539690180155757
vt 0.74697111593059939 0.75106913569597789
vt 0.74431814681092268 0.76901832363958988
vt 0.80875671579258679 0.20687340576942034
vt 0.80450928504534702 0.19522048516980481
vt 0.79786111248028391 0.20822986879559346
vt 0.80460878967862781 0.60176740098826897
vt 0.81486870317429017 0.5869175282186514
vt 0.81750249531742902 0.59620592376035098
vt 0.58210306739205442 0.58774802993148656
vt 0.60761788064373023 0.57718944850404175
vt 0.60727200192231856 0.58073768976735018
vt 0.47761869701301263 0.37362695928627759
vt 0.48303041668720426 0.38152067262667588
vt 0.4569964002735607 0.382954170876873
vt 0.22562244306979495 0.28439292546702483
vt 0.24430626709754535 0.29346365462342272
vt 0.22469732723777602 0.29711405757097792
vt 0.90379234338032333 0.15967937674056093
vt 0.91448485557965298 0.15406233249026519
vt 0.90608911363860412 0.14544048128819992
vt 0.54961792377267349 0.54311823799783121
vt 0.52346006567921921 0.55370589295396289
vt 0.54340315857896293 0.53663761367557172
vt 0.22341969005693021 0.73295274608142746
vt 0.22290849655584583 0.72939684172910091
vt 0.24800723102942626 0.71548760350946372
vt 0.41296024743690851 0.25178395942182569
vt 0.38834320934789041 0.23776248967986002
vt 0.41886525439915223 0.24921143348284699
vt 0.58223892356319007 0.42840753308606072
vt 0.58631006475502756 0.435065871759168
vt 0.56772441683507491 0.43071666440753154
vt 0.84111551471313095 0.32205059641167194
vt 0.85009134094045746 0.33859786265279967
vt 0.85367004201991326 0.31208461436563484
vt 0.69450082869183749 0.67028662263406935
vt 0.68104197986494475 0.66961134660883281
vt 0.69154056585173507 0.66144241669952686
vt 0.37141617735853705 0.70336875554514988
vt 0.34844223648215694 0.71691886829652995
vt 0.34007664629337542 0.71484359596805991
vt 0.37383717437647873 0.33619638918326106
vt 0.35636213525236593 0.33114148449822556
vt 0.37992463217172712 0.32862729815654573
vt 0.091918637248619872 0.17933526746106074
vt 0.077301068712108137 0.16494681662189473
vt 0.090872779629583997 0.16190397340792587
vt 0.84254962909108833 0.7306721491768533
vt 0.85611691640378551 0.72808957265378549
vt 0.84802438633675081 0.74456151727622244
vt 0.89544928036277605 0.79649045926163253
vt 0.89279184431683756 0.8152207431733044
vt 0.88528224812697165 0.81306552826794165
vt 0.080570622874359232 0.35382896447407336
vt 0.087749926449748619 0.36932765828322162
vt 0.07186558479766364 0.35514123958744087
vt 0.77810405165615137 0.93956356590102519
vt 0.76887153120070983 0.92757171727129339
vt 0.78280110163643535 0.92144378758379342
vt 0.76668058088525237 0.81140052001182961
vt 0.77119756752760249 0.79354844920642742
vt 0.77862152195879342 0.80726707290023658
vt 0.76391686280067039 0.20362200330860608
vt 0.7711174709187697 0.19260084471115932
vt 0.7594056523560726 0.18837983044164039
vt 0.86257786314570184 0.58573109720031546
vt 0.86451943575019718 0.56787575321618688
vt 0.88105168387716881 0.56931756919114751
vt 0.46898563036031149 0.041837212114304023
vt 0.46725180833497632 0.048304204609867903
vt 0.45166146552149056 0.05560775901240881
vt 0.39549360305352915 0.41024008188337935
vt 0.41801014608389198 0.40956030042389591
vt 0.39535012230136041 0.42021726975305601
vt 0.21617835974467667 0.33304485718158516
vt 0.2366999773573048 0.32727339591137616
vt 0.23213635754510056 0.33745979766364353
vt 0.92231060232649842 0.11384315851735016
vt 0.93177278440457412 0.12014346919977327
vt 0.94331478275335179 0.11114709896244085
vt 0.53022333861149451 0.5128628222348186
vt 0.510146584495761 0.53284257473629737
vt 0.50785208620859623 0.52462589492557177
vt 0.32994103657334384 0.65554052888406944
vt 0.30439972982797714 0.6710557041108044
vt 0.33399577336356467 0.6478410113121057
vt 0.32040293600280956 0.62534102671529967
vt 0.34385035180895113 0.60331187925128149
vt 0.3494472563830836 0.60343768483832805
vt 0.50329428110212937 0.46347517621253942
vt 0.52467233555550075 0.44781559604199528
vt 0.50738771841729102 0.46498884808753943
vt 0.88049062253548893 0.27155353534108834
vt 0.88158216987874605 0.29245414854224172
vt 0.88893850428824916 0.2775983840509168
vt 0.66986110939964516 0.53955470906447156
vt 0.67386755717665614 0.54926164789530763
vt 0.65316497128844642 0.54529101254436119
vt 0.54101932176656153 0.40536720444351343
vt 0.53473793775877365 0.40310932725009857
vt 0.5671083275828076 0.39353997744972397
vt 0.38839816024250789 0.30306209720647675
vt 0.36679317823343849 0.30610307278317234
vt 0.36657314360705834 0.29682669173279769
vt 0.086840117541773468 0.10725467332906151
vt 0.075886217953654869 0.11054370771823245
vt 0.076349401624420846 0.093139215222668575
vt 0.81048603238367511 0.69208429860015774
vt 0.80350099196569402 0.704431190851735
vt 0.79382162485212937 0.69653127772574919
vt 0.93930941319992112 0.73141612344735807
vt 0.92911904512519716 0.72827156139097005
vt 0.94026317897279177 0.71259557681880914
vt 0.09086631028810134 0.34551547558901813
vt 0.076332689158923994 0.33239264743937302
vt 0.078653353621907035 0.32879761897427051
vt 0.57647589554169953 0.76818701325906935
vt 0.59470357323294554 0.77066068920051267
vt 0.58167401142300867 0.77678030116324925
vt 0.71942620021687698 0.83239476537854895
vt 0.72473984005323344 0.84675647242212149
vt 0.71224276666009467 0.85395199748619877
vt 0.77897710469242898 0.26514526752267348
vt 0.767939483931388 0.26224305546998228
vt 0.77129306733044167 0.27737729045494874
vt 0.79559445546628549 0.64203046443710565
vt 0.80685781003548895 0.64033788446372242
vt 0.78983643348284704 0.65172069080244477
vt 0.57702059098974767 0.04318052466359424
vt 0.55624734294903388 0.030240886218916355
vt 0.58472068618148665 0.04303989831581477
vt 0.37565332647377758 0.37757063904771293
vt 0.35842389127809543 0.38437573165171529
vt 0.35125085487726737 0.37753809980037462
vt 0.155363170732083 0.29944835386065655
vt 0.15403289313572063 0.3153226930636337
vt 0.13974868341199231 0.30313607104569201
vt 0.87271901801557572 0.11235713537559149
vt 0.87324911893730284 0.097752442946569401
vt 0.86493755545149842 0.098890132482871651
vt 0.61164585438436514 0.47899227683852524
vt 0.60512984122387614 0.46934799049930992
vt 0.6219768536203667 0.46442678553824923
vt 0.33769481189619477 0.66863763369972395
vt 0.36439736543769718 0.65004112652799684
vt 0.37196776573590301 0.65128185380520509
vt 0.53230092141906549 0.2879314434641167
vt 0.5338514454357256 0.28505277904426263
vt 0.56301797090644712 0.29217508117483243
vt 0.48945085302888408 0.46009328944449923
vt 0.47106671739451894 0.47890863749507095
vt 0.46545032777996848 0.47918262180845822
vt 0.85716795334680596 0.22959793042685331
vt 0.86373972606959781 0.21924530895726538
vt 0.85978487899250788 0.20728859886386042
vt 0.69888018779574135 0.49964149065950314
vt 0.68840624691936125 0.50263941430895109
vt 0.69399783739156151 0.48971259180303628
vt 0.36153753142251577 0.69119152947555207
vt 0.33329693045149844 0.70220589141364353
vt 0.36554532697900238 0.68482377205737377
vt 0.47584540430303629 0.32874728903785488
vt 0.47939514737776023 0.31895214766734031
vt 0.50237397876823742 0.32455542531299292
vt 0.14625802506407728 0.17276861630027601
vt 0.14325357431116917 0.15777311595832511
vt 0.16050266783320188 0.17310900763382295
vt 0.87721197567527598 0.6697013012618297
vt 0.86997024102917986 0.66078200475650628
vt 0.88589829887125393 0.65591767608931384
vt 0.92456932669558356 0.80848022846017353
vt 0.93687124162066249 0.79416434591876972
vt 0.93181290972496056 0.81326099479988168
vt 0.14100578620982848 0.41290849270504731
vt 0.14093991830145899 0.39839067429022085
vt 0.15662517367101242 0.40994237665122241
vt 0.56170712058852523 0.72380140045839902
vt 0.54530945786918372 0.73453272870662456
vt 0.54345791693365542 0.72321338352720821
vt 0.73631788187598579 0.7539690180155757
vt 0.72792637581328867 0.75795251503351735
vt 0.72885903921037065 0.74129580909897475
vt 0.80875671579258679 0.20687340576942034
vt 0.81254081846411674 0.21920710903612972
vt 0.81924513567133284 0.20402146589116718
vt 0.80460878967862781 0.60176740098826897
vt 0.79325386312105683 0.61520780449033907
vt 0.7925163581920347 0.60672299357994874
vt 0.58210306739205442 0.58774802993148656
vt 0.55656268483832805 0.60015734362677442
vt 0.55738317447505914 0.59631266789481463
vt 0.47761869701301263 0.37362695928627759
vt 0.47023540701399841 0.36566959224664825
vt 0.49777015661967666 0.36473877723284698
vt 0.22562244306979495 0.28439292546702483
vt 0.20706918036524052 0.27421823014220231
vt 0.22553705161302248 0.27142597764072357
vt 0.90379234338032333 0.15967937674056093
vt 0.89639241793178237 0.16584794197924882
vt 0.90366880976439279 0.17559598808408911
vt 0.54961792377267349 0.54311823799783121
vt 0.57533775353657335 0.53363187290516556
vt 0.556562607822358 0.54878468799290225
vt 0.22341969005693021 0.73295274608142746
vt 0.22672985570287854 0.73458794915713721
vt 0.20068875381999213 0.75040094513998423
vt 0.41296024743690851 0.25178395942182569
vt 0.43464513351488565 0.26421643567010056
vt 0.40451317435183359 0.25430553929662852
vt 0.58223892356319007 0.42840753308606072
vt 0.57487792968749996 0.4193201107181585
vt 0.58900839628105284 0.42429553492212146
vt 0.84111551471313095 0.32205059641167194
vt 0.8345884882689274 0.30571333346682766
vt 0.82817136361395904 0.3277360693513407
vt 0.69450082869183749 0.67028662263406935
vt 0.71030034687992905 0.66718619072850949
vt 0.69969447764688486 0.67417862467961354
vt 0.37141617735853705 0.70336875554514988
vt 0.39621300922959385 0.68904832906151414
vt 0.40200491823984619 0.69190931831624602
vt 0.37383717437647873 0.33619638918326106
vt 0.39078600188535095 0.34114512735360802
vt 0.36638957604248817 0.34304118351981466
vt 0.091918637248619872 0.17933526746106074
vt 0.10706106480739846 0.19395869402479299
vt 0.093164389817872631 0.19659641398240338
vt 0.84254962909108833 0.7306721491768533
vt 0.828447157802642 0.73399030522969244
vt 0.83582521071569404 0.71862061317034698
vt 0.89544928036277605 0.79649045926163253
vt 0.89721548760350944 0.77792807016462939
vt 0.90589641968158519 0.77986725527405365
vt 0.080570622874359232 0.35382896447407336
vt 0.068600444613194991 0.33884092505421926
vt 0.084330224840422907 0.35237205336898658
vt 0.62782752581575318 0.72937866596017353
vt 0.63057788162953465 0.74262772328470028
vt 0.61544308827878547 0.74099621697555207
vt 0.76668058088525237 0.81140052001182961
vt 0.76206254929022077 0.82984338032334382
vt 0.7548089541847397 0.81576817268828861
vt 0.76391686280067039 0.20362200330860608
vt 0.75641242668079656 0.21409026425719638
vt 0.76830862147574919 0.21886635187672515
vt 0.86257786314570184 0.58573109720031546
vt 0.85886684862973184 0.60199498317971212
vt 0.8447768539284306 0.60139356546973577
vt 0.46898563036031149 0.041837212114304023
vt 0.47551639207906149 0.030872051347317381
vt 0.48860698904524841 0.031932953554749115
vt 0.39549360305352915 0.41024008188337935
vt 0.3726850924807768 0.41018705638801262
vt 0.39318204572900234 0.40127326652454653
vt 0.21617835974467667 0.33304485718158516
vt 0.19723701356713327 0.3386316341556585
vt 0.20061660911006507 0.32742685023166401
vt 0.92231060232649842 0.11384315851735016
vt 0.91571649497239749 0.10512174492002661
vt 0.90672488047121447 0.11296644722249606
vt 0.53022333861149451 0.5128628222348186
vt 0.54888900612430991 0.49251551101636437
vt 0.5524406360902997 0.50193556535883277
vt 0.32994103657334384 0.65554052888406944
vt 0.35712316856023263 0.63908267818414821
vt 0.32853657334384856 0.66076575438682961
vt 0.32040293600280956 0.62534102671529967
vt 0.2973940683840201 0.64632002291995272
vt 0.29219418113540024 0.64604322752365928
vt 0.50329428110212937 0.46347517621253942
vt 0.48143580102770112 0.48206995052494084
vt 0.50038253832314672 0.46135392534996056
vt 0.88049062253548893 0.27155353534108834
vt 0.87980718281742898 0.25101085386065652
vt 0.87307698824428237 0.26339169090102521
vt 0.66986110939964516 0.53955470906447156
vt 0.66345931092271293 0.5313441520233636
vt 0.67966508835272077 0.53295609627612384
vt 0.54101932176656153 0.40536720444351343
vt 0.54320010597397472 0.40765565697703077
vt 0.51594554046727126 0.41869316221411673
vt 0.38839816024250789 0.30306209720647675
vt 0.41002443716729103 0.29993401656767549
vt 0.40991715392103706 0.3089518935146392
vt 0.086840117541773468 0.10725467332906151
vt 0.097238804188436515 0.10611521242544854
vt 0.09970357515834484 0.12377010309357749
vt 0.81522159034897479 0.79694639380421928
vt 0.82126333916600947 0.78035769297121449
vt 0.82664945103016563 0.79456521404278391
vt 0.85814798156545746 0.79160425805895107
vt 0.86839873016068614 0.79217178874211358
vt 0.85970678479889595 0.80822399632787856
vt 0.85870634734818607 0.86130448109720037
vt 0.85743689311415616 0.88100709163052049
vt 0.85112705170544167 0.87638259069400626
vt 0.8272429360952287 0.912629386829653
vt 0.81649920827582811 0.92024903884069398
vt 0.81861475995662458 0.90146931067626179
vt 0.79606756457018923 0.86635588155559939
vt 0.78873202447259461 0.85315372695682179
vt 0.80039501491029175 0.84843334113761826
vt 0.71695999482452677 0.17234907180352918
vt 0.72816743579948739 0.18199331963475945
vt 0.72371783813091484 0.16621151511977525
vt 0.91090700167586747 0.6129060281940063
vt 0.90205170544164037 0.60307366885597402
vt 0.91876655843355681 0.59714328513160486
vt 0.69618770948343844 0.71621432620268144
vt 0.68533662140181384 0.71936535760055209
vt 0.68237735976932179 0.70900609350354893
vt 0.48688059906102127 0.72086647587243691
vt 0.46576736402060331 0.73130853213722402
vt 0.46837681911721213 0.72000736272673505
vt 0.2011294006925276 0.36587414666305207
vt 0.20410743496771491 0.35853198319203472
vt 0.21926856778021492 0.35833701726389983
vt 0.99431837785883281 0.05906804322444302
vt 0.97321230530362779 0.077987102905658523
vt 0.99441903773166407 0.061962938759981268
vt 0.5254206227203273 0.47655164074822554
vt 0.52550480117557175 0.48540605129879733
vt 0.50630818556535884 0.49839891499901418
vt 0.44118733210518535 0.56325575771391956
vt 0.41593109997289041 0.58557452373324137
vt 0.42001544940358831 0.57621061403292584
vt 0.36317223389442033 0.60952094526320977
vt 0.34848809949231074 0.61686468756161272
vt 0.37817891117902208 0.59297444918178233
vt 0.4297968241694598 0.53996324027750398
vt 0.44834330946865142 0.5214836818562697
vt 0.45373693038988566 0.52033518120317424
vt 0.90717819647082021 0.22423619411721216
vt 0.90027910587539428 0.23463086630643731
vt 0.90876880729988174 0.23983196655658517
vt 0.57970686951646289 0.56120851919854098
vt 0.60414064810479096 0.55176782457610407
vt 0.58497780399743693 0.56366475102277214
vt 0.15172844053442922 0.81283810010843849
vt 0.1710813311748324 0.80911160538249216
vt 0.14461925999975356 0.84826498422712937
vt 0.36685698596460964 0.26205873699970428
vt 0.37692116337243692 0.27270126583448345
vt 0.3517118724738762 0.26499267963204848
vt 0.10174392074440557 0.049035721547220031
vt 0.095394146555229695 0.062085389338833299
vt 0.090034653335715698 0.053691943436390971
vt 0.77038481799585967 0.67653485126675872
vt 0.78078905941936116 0.67825192231861198
vt 0.76394158492705044 0.68398206452089905
vt 0.742932244430205 0.30886973672860807
vt 0.73094971473284698 0.30149865376084384
vt 0.73318702866226337 0.31750401638283715
vt 0.097432104646219445 0.3040107414173403
vt 0.096326559650409108 0.31570910143927444
vt 0.083978887612135247 0.29989878176138607
vt 0.28268750308063878 0.3756452012889393
vt 0.2669470561415615 0.3799114239328667
vt 0.26142210373743097 0.37413114433408912
vt 0.67003123767744477 0.87302931535883277
vt 0.68353629608635647 0.86032568513406937
vt 0.67325235360804414 0.88325695916305202
vt 0.78985152861297314 0.32781354741719243
vt 0.78733980678233439 0.31176923396835565
vt 0.7784685682423107 0.32438749199033912
vt 0.72653793190555993 0.67522981565457418
vt 0.74468897870662465 0.66967242027306784
vt 0.73748390366226335 0.67507601476242118
vt 0.48421384408270901 0.66005951794164042
vt 0.50560017775285881 0.64536340755619082
vt 0.50752496087588728 0.65085903612973184
vt 0.33673619411721212 0.35879179656693611
vt 0.34779541785784701 0.36231727961110016
vt 0.32473999408517351 0.36311123724615535
vt 0.09727207508749014 0.24635094483192035
vt 0.11151652531668967 0.25978137476587143
vt 0.098130995693266956 0.26133650048674095
vt 0.86082105185331226 0.14372409375308065
vt 0.8623322592172713 0.13286625714708203
vt 0.85882872572456626 0.12368048538544953
vt 0.97861020061119874 0.21755484692305796
vt 0.98194229655461351 0.20495139522131309
vt 0.96987104445977923 0.21192463294188682
vt 0.39503208485311514 0.65758522587243695
vt 0.37620445275532333 0.66289655522969237
vt 0.41096988521539829 0.64562141105579651
vt 0.59593471202188486 0.30644005616004533
vt 0.59488459927050474 0.30394897460937498
vt 0.63514558328815063 0.28202006343035291
vt 0.21034361060109424 0.18315629929022081
vt 0.20784588642300866 0.17391856100280953
vt 0.22984578707240733 0.18927086670692034
vt 0.84372258231466879 0.18565230986297318
vt 0.84691920716679814 0.19529486334286278
vt 0.84989056030658516 0.17654417019913249
vt 0.96561483389195579 0.25675258696643338
vt 0.97760629744183758 0.25093853586479692
vt 0.96943151431880914 0.24759074791748817
vt 0.484255355690556 0.62514317268828867
vt 0.45533524281595034 0.6403619519543573
vt 0.46063448066591089 0.63442255736149444
vt 0.55013004146539823 0.34382458996697557
vt 0.53355135270849763 0.34022871432620266
vt 0.56443136798846605 0.33678663957758281
vt 0.22035801643828865 0.23074034681831623
vt 0.2010395808174783 0.21735283403366523
vt 0.21785118512174684 0.21755554006678826
vt 0.93470000739353309 0.66277032605481068
vt 0.92101257516758672 0.66271849430697949
vt 0.93057395381506314 0.64868194868888007
vt 0.90313439594834388 0.87936896194794956
vt 0.90868847964313881 0.86296633169854098
vt 0.91554159170445581 0.86608224381407728
vt 0.59488486882639979 0.79868626158320188
vt 0.61052419379682576 0.8073427025828076
vt 0.59515611907285093 0.80287685454455837
vt 0.56082705909897479 0.67289245798008679
vt 0.56010842308261044 0.68568689003351735
vt 0.5436553858808163 0.68599980591975551
vt 0.74733108857452679 0.70734208645504737
vt 0.74319071002563086 0.71606745674783123
vt 0.73295266906545742 0.70972827225453472
vt 0.82661856762618302 0.15636612082881507
vt 0.82434328482354102 0.16785780849516957
vt 0.83145524756013411 0.16216136077977128
vt 0.91898397451695579 0.28090013570213918
vt 0.9253474190408123 0.28983092684098977
vt 0.93030847976636433 0.27614930932078074
vt 0.58826369035883286 0.57164668615684144
vt 0.58685795636583205 0.5746329803948147
vt 0.56351753499605683 0.5839809092813486
vt 0.60159064933704653 0.37660316443217667
vt 0.56645353780559937 0.3722282722545347
vt 0.5922620899669756 0.36736752482994872
vt 0.30111497945213922 0.27352433550621058
vt 0.28282753736814864 0.27618034675670344
vt 0.28005305630175475 0.26433253724492312
vt 0.94240576325906944 0.19183168621845426
vt 0.93315876380126184 0.18437457641216481
vt 0.93170501035094633 0.19929002828026421
vt 0.46813144623669162 0.60511563177740535
vt 0.4887957166798107 0.59022008853755914
vt 0.49713015390871451 0.59240753462638007
vt 0.12048576667857847 0.76332006604889591
vt 0.14724722781015873 0.76355619701301258
vt 0.12130755595980383 0.78045719760449528
vt 0.29847400556979498 0.21225345262593651
vt 0.32496626700512621 0.22116641456772476
vt 0.3194682316825217 0.22582324295765971
vt 0.76334247769617503 0.0070400478712015725
vt 0.76806140021194791 0.023482092246648264
vt 0.76876971608832811 0.0053627760252365929
vt 0.80370893508477914 0.40138944511533914
vt 0.8176890279968454 0.38906631229051658
vt 0.79917600613663253 0.38132624581033125
vt 0.65984225589018142 0.69306987196865144
vt 0.66463634599270505 0.68900797269321767
vt 0.67474268964412465 0.68854110188288642
vt 0.41812659423057963 0.71428184148264984
vt 0.40352887174684543 0.71158913212243691
vt 0.43054056739205443 0.70143758009660884
vt 0.28205354612332412 0.34612024349369086
vt 0.30405412066246057 0.34332872264392744
vt 0.29738392152996845 0.3491872504682571
vt 0.038989890787503693 0.19445344461627564
vt 0.051357045459446471 0.18978999285291798
vt 0.053789902936772972 0.20709159201251973
vt 0.87721197567527598 0.6697013012618297
vt 0.86803043979199523 0.68434542586750791
vt 0.86117725071470819 0.67481269716088332
vt 0.92456932669558356 0.80848022846017353
vt 0.91741947210173502 0.80453470031545737
vt 0.92923433803233435 0.78921576178036279
vt 0.14100578620982848 0.41290849270504731
vt 0.12651383553393633 0.39900583935084777
vt 0.12749172655941937 0.39475475034503155
vt 0.56170712058852523 0.72380140045839902
vt 0.57931920963130912 0.72458457585764979
vt 0.56397165966334784 0.73540709101439272
vt 0.73631788187598579 0.7539690180155757
vt 0.74431814681092268 0.76901832363958988
vt 0.7341764528292587 0.77241542106171135
vt 0.80875671579258679 0.20687340576942034
vt 0.79786111248028391 0.20822986879559346
vt 0.80182828211257884 0.22127044388924488
vt 0.80460878967862781 0.60176740098826897
vt 0.81750249531742902 0.59620592376035098
vt 0.80514212527109619 0.61102264115486993
vt 0.58210306739205442 0.58774802993148656
vt 0.60727200192231856 0.58073768976735018
vt 0.58221439397673502 0.59089297706772481
vt 0.47761869701301263 0.37362695928627759
vt 0.4569964002735607 0.382954170876873
vt 0.45115096516413644 0.37507193291600949
vt 0.22562244306979495 0.28439292546702483
vt 0.22469732723777602 0.29711405757097792
vt 0.20686456818685922 0.28769660251749801
vt 0.90379234338032333 0.15967937674056093
vt 0.90608911363860412 0.14544048128819992
vt 0.89670849147279175 0.14984503424130027
vt 0.54961792377267349 0.54311823799783121
vt 0.54340315857896293 0.53663761367557172
vt 0.56854325062845035 0.52684853731269721
vt 0.22341969005693021 0.73295274608142746
vt 0.24800723102942626 0.71548760350946372
vt 0.24934116688436514 0.71743633859917189
vt 0.41296024743690851 0.25178395942182569
vt 0.41886525439915223 0.24921143348284699
vt 0.44385701369035885 0.26267883108241324
vt 0.58223892356319007 0.42840753308606072
vt 0.56772441683507491 0.43071666440753154
vt 0.56584145338377367 0.42362926976537857
vt 0.84111551471313095 0.32205059641167194
vt 0.85367004201991326 0.31208461436563484
vt 0.84642376343158521 0.29789640504855086
vt 0.7200161425473186 0.55040772254534698
vt 0.70995184961553626 0.55000550664185721
vt 0.71436332437894323 0.53590338192527598
vt 0.37141617735853705 0.70336875554514988
vt 0.34007664629337542 0.71484359596805991
vt 0.36550081174832411 0.70106613207314672
vt 0.37383717437647873 0.33619638918326106
vt 0.37992463217172712 0.32862729815654573
vt 0.39819193457955443 0.33402384568464116
vt 0.091918637248619872 0.17933526746106074
vt 0.090872779629583997 0.16190397340792587
vt 0.10572957420950808 0.17681058769346411
vt 0.83748043794361193 0.79285561354002365
vt 0.840871451104101 0.80761225847791795
vt 0.83108564791995265 0.80876726698048107
vt 0.86011335210469242 0.82517860003450316
vt 0.85212594883675075 0.83990490068020507
vt 0.85172816135153784 0.82340546135646686
vt 0.84387815457413251 0.89056377230382489
vt 0.83661731996746846 0.88300480887716881
vt 0.84425006469341479 0.87097152565555991
vt 0.81075451005520505 0.89041844316837537
vt 0.8136310565358833 0.87243428997436911
vt 0.82062980579653 0.88305217369873812
vt 0.80491854791009465 0.83093277121944009
vt 0.81563116127760249 0.82729014688485802
vt 0.81105695176951897 0.84389032309739742
vt 0.01678591827488848 0.20433422774546531
vt 0.03211824675839782 0.21546472976636435
vt 0.022657845674629092 0.22040430303627762
vt 0.92656789111790216 0.58063136922072156
vt 0.94313186982452679 0.57905516037805604
vt 0.93432532469932961 0.59396056166206623
vt 0.66903973407925865 0.70209298600157732
vt 0.67590501466384068 0.695544318069795
vt 0.68357765366226342 0.70040649028982649
vt 0.45090925054219244 0.71861614624408521
vt 0.45768507707758282 0.70677586504337542
vt 0.47285529777454655 0.708442336602918
vt 0.23960082237652799 0.35321768871993298
vt 0.25578694148018533 0.35437215811070583
vt 0.23610192909601735 0.35793480136041012
vt 0.52348917771589121 0.46726343774645113
vt 0.50585652540910886 0.48568654346165219
vt 0.50424500474418377 0.48308529056585175
vt 0.48606927432472397 0.52009323553332021
vt 0.46663152171234229 0.53307797404869872
vt 0.48716424887864745 0.51208719440063089
vt 0.39976718072259465 0.58851306806979498
vt 0.40795771361149447 0.57663038957758284
vt 0.42541923643286672 0.56608709582018923
vt 0.39446855900039435 0.575761610927642
vt 0.42012538970080837 0.55463778619134463
vt 0.40531217653292589 0.57059441695830049
vt 0.47645987621993297 0.50130326424487381
vt 0.4808884485286869 0.50031453322160879
vt 0.45929417173945192 0.51869008157531549
vt 0.91088197148560723 0.25501993943464119
vt 0.91998287164826498 0.25686062111839508
vt 0.91733675694992112 0.24373153542118495
vt 0.58768129559345428 0.56605012815457412
vt 0.56538886903588326 0.57792953346805997
vt 0.56377519192379733 0.57555235853706621
vt 0.71766561514195581 0.4413249211356467
vt 0.67549667599073349 0.3893080654204456
vt 0.71318459495761044 0.38409308304169953
vt 0.33555769574378941 0.26787650412189473
vt 0.31299748465841876 0.25969390387790814
vt 0.32780719359966481 0.2569975362591187
vt 0.077982741876355482 0.06014804779919164
vt 0.071029783423390669 0.055448437037904183
vt 0.083849260107575901 0.047937237953161967
vt 0.75788551113958991 0.69151099171924291
vt 0.74230964732847005 0.69508314644124602
vt 0.74773349701794167 0.68842950574231077
vt 0.72300882911080444 0.32506014947259465
vt 0.72562213500591488 0.34034697234818612
vt 0.73554887741522079 0.33242591833842666
vt 0.070319287032359026 0.29412949619233042
vt 0.058541114397981563 0.27794932657235805
vt 0.072030004266684738 0.28379743798674095
vt 0.5575277334508083 0.791208627020899
vt 0.56109026117655758 0.79553353583399056
vt 0.54223856158813089 0.79452216211553628
vt 0.67687888160488963 0.89455250640772865
vt 0.66641918868296535 0.91606483820485018
vt 0.66269569757985014 0.90535045347003151
vt 0.76633601143533125 0.31977331119380914
vt 0.75684810602326502 0.32972358198195978
vt 0.7685215706328864 0.33512136176557572
vt 0.74857320213919554 0.6750888764294164
vt 0.74249772032728711 0.68067800239057574
vt 0.73113039419854098 0.67996799216285486
vt 0.63965991287953472 0.90346479445977923
vt 0.64383025064077282 0.91008739772279179
vt 0.62744479495268135 0.92601044952681388
vt 0.31175076938954061 0.36729116349566249
vt 0.29048086461208594 0.36719905239550471
vt 0.30299553615437697 0.36358538606565455
vt 0.098388604486026224 0.27613013234424288
vt 0.085508636570879343 0.27567779829825512
vt 0.085404645757344244 0.26226571741916405
vt 0.85627626244578081 0.10523406308532138
vt 0.85355867692724763 0.10097159496993297
vt 0.85600054527306779 0.1169379875110903
vt 0.96075435602326498 0.20585529315358833
vt 0.9494221491768533 0.21243168683458202
vt 0.95839643508477923 0.21817800239057572
vt 0.42869599640181388 0.63286202126873026
vt 0.45934076640132099 0.61839969286031149
vt 0.44279415479593848 0.63010030559936914
vt 0.70022919952681384 0.22215687845031545
vt 0.70267853842172712 0.27760221559542586
vt 0.66566004226636433 0.27970713907235806
vt 0.25095730850749209 0.19620259281964708
vt 0.27152503943217665 0.21019471947703075
vt 0.25044118598432569 0.20367610702755323
vt 0.854821815851735 0.16623381124309936
vt 0.85519950216876972 0.14744909629460765
vt 0.85138282174191637 0.15863246977893336
vt 0.97278910254830442 0.23875838318833795
vt 0.96441846781348584 0.2342275336713821
vt 0.96141561514195584 0.24358148905757099
vt 0.43776882424339508 0.64304607403391167
vt 0.44704539783369479 0.63502000874901421
vt 0.46729955823639591 0.62791767300867507
vt 0.57690679989402605 0.32739192348925472
vt 0.60906543430845816 0.31907040568932371
vt 0.59538393231220421 0.3320998327213131
vt 0.21524910430426852 0.20493926520603312
vt 0.23256027269814669 0.20791960996032138
vt 0.23464794459779179 0.21877306628302445
vt 0.92517736777898263 0.63559631925276028
vt 0.93379514676163244 0.62149165300916798
vt 0.93983450808359625 0.63480517270061121
vt 0.92788247671037061 0.85378002082511828
vt 0.93462915270110414 0.85852127797220035
vt 0.92258932312204256 0.86945947111593058
vt 0.54914905054712149 0.89123173181190851
vt 0.53288335469242898 0.89322875591482653
vt 0.53280757097791798 0.89452932460074919
vt 0.52573677327730683 0.69832929256210563
vt 0.50905103232206228 0.69819297429514982
vt 0.52737813763061914 0.68654407777996851
vt 0.71957022008083593 0.71186816098186123
vt 0.70925531718257095 0.70593577484227132
vt 0.72260565050768932 0.70416748817034702
vt 0.83593141573836749 0.16910111580737383
vt 0.84220182497042584 0.16143001712835173
vt 0.83767328593257095 0.15508636570879339
vt 0.94190931831624602 0.26990308310331229
vt 0.94643154204455837 0.25865636398363567
vt 0.93505289456821772 0.26427061640501776
vt 0.53805258958497637 0.59710627895800472
vt 0.51548891278095421 0.60606427598826895
vt 0.54070567422860805 0.59315173994479498
vt 0.57902019512766167 0.35788373977227916
vt 0.59710462311464907 0.34993392029771292
vt 0.61283686785291802 0.36085505440408122
vt 0.25971645030313484 0.25421858826646293
vt 0.25652985678110213 0.2422343642177642
vt 0.27632453990659506 0.252647751287707
vt 0.92260634365141958 0.20681306375690064
vt 0.92288375517547316 0.22102936464905362
vt 0.93087631851340691 0.21358854372042588
vt 0.52507743955786668 0.58105337822850944
vt 0.53276401844686516 0.58317740166600951
vt 0.50568812999063484 0.59385936267744477
vt 0.1270591182287559 0.79471855283911674
vt 0.11134322013012618 0.81669844859029972
vt 0.10029400846559543 0.80051469772772077
vt 0.33825706698541008 0.23881125465176459
vt 0.3286615702632098 0.24285064600995662
vt 0.31286047324773264 0.23054761435331231
vt 0.11737963559123619 0.017292674934074329
vt 0.10297520393828864 0.02615505663754436
vt 0.107542732310972 0.013441123120040172
vt 0.79518449945780756 0.36198187506161278
vt 0.78185249593355677 0.3561721368542981
vt 0.78329238650926658 0.37329663779081229
vt 0.69066504830441644 0.68428920420938488
vt 0.70169766302740533 0.68370696347594639
vt 0.68626805254337542 0.68756007245662465
vt 0.44616468170839907 0.68814570189274449
vt 0.47097025489205441 0.6785675337638013
vt 0.45595237178381309 0.691630982600552
vt 0.311605286222151 0.35238495354396687
vt 0.30292387279426264 0.35677786745859619
vt 0.29024619695139986 0.35407302808310331
vt 0.068490114422626674 0.21998762738441444
vt 0.070771288946976041 0.23536771659971412
vt 0.056792298325980872 0.22317441344637223
vt 0.84433093146194793 0.6807039567724763
vt 0.83533731454554416 0.67373354938880126
vt 0.85292529758970825 0.66706365832018932
vt 0.9332889207906151 0.7697037657728707
vt 0.94562210419952686 0.75521375012322556
vt 0.94145415393335963 0.77467129583990535
vt 0.11559015027356073 0.378559639626873
vt 0.11705989416465398 0.37012735360804416
vt 0.12873191472483733 0.38512517405609226
vt 0.56716893915122235 0.74672697530559939
vt 0.55187402959877763 0.7556193932373817
vt 0.54813066837539437 0.745244109818612
vt 0.73053352043079656 0.79227083127957409
vt 0.72087163594242898 0.79812897402405358
vt 0.72530282679416402 0.77725957154475556
vt 0.7945936329357256 0.23621830022673501
vt 0.79782198836750784 0.25059317700118294
vt 0.8053909638702681 0.2348012448861396
vt 0.80373835518533121 0.62114881641857256
vt 0.78920282309739742 0.63431315617606465
vt 0.79207975465792591 0.6244810278859424
vt 0.56756657260449528 0.044895217847372833
vt 0.59608058026912458 0.058855767957043573
vt 0.59322328778095423 0.060612689959890081
vt 0.4254753810750197 0.37634027041847395
vt 0.41725681437302842 0.36949455189027997
vt 0.44318239230086753 0.36788641992803628
vt 0.1888322800115832 0.29139670001971607
vt 0.17227457810651617 0.28031743287288052
vt 0.18925197854027012 0.27727716969390775
vt 0.88917864008280756 0.13869625055451498
vt 0.88204095401222393 0.1430523604624655
vt 0.88943926212539437 0.15510124904500197
vt 0.58480147593404963 0.51066617273757886
vt 0.60608249026518135 0.50328804280855677
vt 0.59155000030806393 0.51854063208546919
vt 0.27684364679860018 0.70117695805402214
vt 0.28196584418745069 0.70145852844045742
vt 0.25309294210247435 0.71810191061218454
vt 0.47365672595869479 0.2726288708226538
vt 0.49552456347348184 0.28370987082881505
vt 0.46540538896145506 0.2742092000197161
vt 0.53887689151222395 0.42712175146638409
vt 0.52849829640674295 0.42640889164777207
vt 0.55433642270061123 0.41776265526419559
vt 0.85061366324921139 0.27477388111198736
vt 0.84562210419952677 0.26136880868616919
vt 0.84069184986198742 0.28341285874038841
vt 0.70834491140082811 0.52222295815260256
vt 0.71141484498225549 0.506811484929515
vt 0.71619129842764195 0.51920200672811512
vt 0.36193940075414038 0.69854170260745263
vt 0.39097565371155363 0.68247062610902998
vt 0.39278995742557177 0.68572801656151416
vt 0.42312227363466087 0.3319929345549093
vt 0.44203027189718058 0.33809371611297317
vt 0.41589883028144714 0.33924213975009859
vt 0.11925971094366128 0.1748325095191739
vt 0.13486973133749014 0.18979280393582412
vt 0.12107262837021884 0.19159761543153589
vt 0.82801286474763403 0.76360502513801265
vt 0.81492253733734232 0.76651946347594635
vt 0.82160136225847791 0.74986576116423498
vt 0.87811722138702686 0.79325447924881698
vt 0.87776795396293372 0.77549536671924291
vt 0.88782092554712144 0.77655179478016556
vt 0.85579622190457416 0.90099165763012623
vt 0.8627232692971214 0.88401495034010258
vt 0.86013414641660091 0.90315133946175075
vt 0.80508883021983435 0.92761330589511037
vt 0.81367395443119084 0.93809972335863567
vt 0.80120391364353316 0.94479495268138802
vt 0.78129905917291009 0.83927075118296535
vt 0.7766057829751577 0.85795590373619879
vt 0.76907747190457409 0.84378897008083598
vt 0.73997714166009465 0.19068884623915616
vt 0.73240554761435328 0.19848700201473776
vt 0.74440163212243693 0.2071247473876183
vt 0.89071757319597789 0.59439643354445981
vt 0.88486928849566249 0.61125561446421528
vt 0.87216935503746051 0.60509414432176656
vt 0.67599088747042591 0.72350019099960572
vt 0.69132184049684542 0.73054022082018932
vt 0.6859047682127366 0.73496478829850154
vt 0.44423635585074922 0.74084172293966877
vt 0.46543018810380521 0.74205795913840689
vt 0.44441626515674293 0.75134362061317039
vt 0.20796601208226537 0.35084555833497633
vt 0.19076208842665615 0.35713506752760255
vt 0.19388758903046135 0.34801572204012227
vt 0.95307116583694795 0.094198541009463718
vt 0.94963409712638014 0.090120940103139785
vt 0.92713842542389591 0.099235626124433166
vt 0.52624885246204656 0.49471766715546134
vt 0.54434910723087537 0.47333965121007493
vt 0.54619648930402209 0.48301258749014198
vt 0.38855739076054813 0.6087563307127366
vt 0.41346250708546922 0.59385843848580444
vt 0.38598039789530758 0.6163923101094243
vt 0.33645674166995271 0.62179809955392351
vt 0.31807135452607455 0.6405818325487973
vt 0.30580357692971216 0.64478332326991328
vt 0.46698625727030757 0.50266275014787065
vt 0.4433296468355678 0.5218637556683754
vt 0.4625278797811514 0.50225891690901026
vt 0.89377433704652998 0.24601459683680008
vt 0.89239790763012616 0.2278901397993888
vt 0.88613219637223972 0.23913616577533517
vt 0.62667063042192428 0.54340007794016165
vt 0.62157987480283916 0.54031855345524449
vt 0.64313749199033909 0.5336903665344046
vt 0.19520111565334189 0.79243056240141951
vt 0.19699695478854495 0.78081578396096218
vt 0.22053896545987775 0.76705364624408512
vt 0.38364924000640771 0.28316396237923896
vt 0.40253532722545349 0.28058165541206626
vt 0.40779948430106466 0.29049089594218258
vt 0.090148973916231265 0.075460858751170645
vt 0.10011205823639589 0.073519839698959977
vt 0.096727995767202285 0.088320942105555009
vt 0.79079851698048109 0.68094486272673505
vt 0.79788021244085172 0.67135221559542591
vt 0.80801936489550474 0.67474099529278386
vt 0.96326707906151421 0.70279837527109623
vt 0.97444794952681391 0.7092389127809543
vt 0.96161585666403782 0.72192852609917191
vt 0.094893099908196971 0.32624969963771688
vt 0.10879248008367015 0.32984996518878157
vt 0.10720930129571668 0.34215573091236201
vt 0.54663043578716486 0.77974156521096216
vt 0.52550414653982647 0.77883077434936909
vt 0.5412148653144716 0.77237105986297316
vt 0.69600841630520505 0.84959350971017356
vt 0.69297144555895107 0.83747173513899842
vt 0.70419875665417986 0.82746851587145109
vt 0.78441119750591481 0.29536069274324722
vt 0.79548532383675075 0.29702770341458007
vt 0.79255378795346998 0.2811726759660883
vt 0.7620546166453076 0.66244570374112777
vt 0.75209737591186909 0.66346832179120663
vt 0.76858734227129333 0.65480849208891956
vt 0.52837229827977128 0.6303404028859424
vt 0.50429352480530365 0.64031015871451102
vt 0.52882981164974374 0.62518660969538642
vt 0.35800765846805993 0.36643459187697158
vt 0.37186633570337146 0.36133143668671136
vt 0.38252511490782731 0.36564583281989355
vt 0.12594012431917884 0.27333585817355088
vt 0.12559222392855382 0.25759489137667585
vt 0.1406960472323541 0.27087596809074332
vt 0.86353178295051258 0.12321598281619676
vt 0.866662636164235 0.14403674971041996
vt 0.86950829924093065 0.13565694044817134
vt 0.64569973629731858 0.46928314305254337
vt 0.65235976932176654 0.47860758206821769
vt 0.63733145054958595 0.48277083436021295
vt 0.35989054490339117 0.66676653070780756
vt 0.3408092992162855 0.68036285304120658
vt 0.32495298175029574 0.68366229421332803
vt 0.58812567774053626 0.30089301942650826
vt 0.56016198768976733 0.30683489778440459
vt 0.54856068704406546 0.30036542152380719
vt 0.47372168892941641 0.46341109892547316
vt 0.4864750714708202 0.44898689342222003
vt 0.49606502304317823 0.44705706575315457
vt 0.85001640440161674 0.205898460604791
vt 0.84284013333004737 0.21479449828716482
vt 0.84614750714708198 0.22677067416699526
vt 0.70691387766167191 0.47129818889244873
vt 0.71490043375394319 0.46577198497880523
vt 0.71106619368592272 0.48081127852671529
vt 0.42495020917537463 0.65655991226340693
vt 0.45159681061464907 0.6456574545297713
vt 0.42158337902947557 0.66194964387815458
vt 0.5157732557423107 0.33742421628548896
vt 0.50387721497929816 0.34324596898412857
vt 0.48690840182620271 0.34042518206575317
vt 0.18199572638382294 0.20297814979914236
vt 0.18457537630002957 0.2178732694511534
vt 0.16635505363392153 0.2033893765711258
vt 0.90671679379436121 0.66382921862677446
vt 0.91155847976636439 0.67698031163742112
vt 0.89767950882294956 0.67792914838820983
vt 0.91427614230086751 0.84559514861001572
vt 0.90226873644518923 0.86010341704455839
vt 0.9077644420347003 0.84213674647574921
vt 0.62742280689323737 0.82232754583990542
vt 0.62452947093109223 0.80906878450315456
vt 0.64434456328864353 0.82543668055007891
vt 0.55984129319055598 0.69867178258083595
vt 0.57652403052296919 0.68564599455343056
vt 0.57670694345179419 0.69910646071569404
vt 0.74010175349960572 0.7260783776123817
vt 0.75304028243296528 0.72380039925078865
vt 0.74962616448146691 0.73588158640575707
vt 0.82044196384562307 0.18008852215595425
vt 0.81601893668671133 0.17207462539432178
vt 0.81070260129140381 0.18313789247338327
vt 0.93269728410883279 0.29558115095746251
vt 0.92005603681979498 0.30500765538742114
vt 0.92806153884069398 0.31035466239279375
vt 0.5848381740437697 0.57858740388406937
vt 0.61107978700463328 0.56670253043671137
vt 0.60951127975897079 0.57224490770406156
vt 0.53430433784749609 0.37196195103016561
vt 0.53807442361248026 0.3788910778539038
vt 0.50952622085715693 0.38040182312204257
vt 0.26396055010967073 0.27865225133083599
vt 0.28420186809936909 0.28739510424881703
vt 0.26429452986371255 0.29018254325216875
vt 0.92312011718749998 0.17683875628450316
vt 0.93482015230678228 0.16951496112233833
vt 0.92442068587342274 0.16201558880249409
vt 0.50946938307127365 0.57480992458596214
vt 0.48125273406693614 0.58714661222151021
vt 0.50266332776764588 0.57054813036031149
vt 0.1731416046431388 0.7570296326646293
vt 0.17600363361346608 0.74748296406742898
vt 0.19872426896441245 0.74083540763012623
vt 0.35312962095820188 0.23073445509660884
vt 0.32932849005569798 0.21672064844366129
vt 0.35825930815013801 0.22684759386706427
vt 0.61748786228312302 0.44392340145652603
vt 0.6218206267251577 0.44923199674684544
vt 0.60535168572555209 0.44284121155362777
vt 0.26639835586307176 0.80214589597298891
vt 0.2831996592813486 0.77641794102425077
vt 0.25331230283911671 0.78913273856466881
vt 0.6734454326449133 0.68376873028391172
vt 0.6586142362480284 0.68592309801360407
vt 0.66978802124408521 0.67793238305895109
vt 0.39078068778341879 0.70868408973284702
vt 0.37547337865979891 0.72164995933556786
vt 0.36072666878203863 0.71916711849369086
vt 0.32673528532876578 0.34082119818365536
vt 0.31013297192305794 0.33659641013160491
vt 0.33304947813978708 0.33383819868888015
vt 0.06449149339357009 0.18584271259488366
vt 0.049925915450327783 0.17249311092148067
vt 0.063589891499901421 0.16844811665146886
vt 0.85906839942330437 0.69931517399447951
vt 0.87381056535883284 0.69579508206821772
vt 0.86475564373028391 0.711811400211948
vt 0.91034416896687698 0.80130757713919554
vt 0.90621873151616716 0.82037272648856463
vt 0.89971365462342268 0.81763088093947156
vt 0.11261909557065754 0.38395895972988958
vt 0.12011478075093651 0.39993642331673895
vt 0.10371665593577484 0.38467578587095819
vt 0.59635737566541802 0.72596269962539428
vt 0.59428191079702286 0.71281822998817035
vt 0.610376015070485 0.71391894223186125
vt 0.75191923797318616 0.7835977548304417
vt 0.75563702989451897 0.76601023388209777
vt 0.76365624075808358 0.77997007159404574
vt 0.78691221411671919 0.20836520510893139
vt 0.79360274546529963 0.19575341642843061
vt 0.78248641438288646 0.19487895785069992
vt 0.83183077743000788 0.59073528686908516
vt 0.82997269013702679 0.5794303051680797
vt 0.84717497720327284 0.57201643982896289
vt 0.51254682570977916 0.036161327662904183
vt 0.51266962767399449 0.037127952696021045
vt 0.48718161597988957 0.041634592724147282
vt 0.43666387612135255 0.39194794182521686
vt 0.4611140206033123 0.39077633638111198
vt 0.43944915867754336 0.4001350475034503
vt 0.22275352117014985 0.31000185223407928
vt 0.24266370899669756 0.30549793905264194
vt 0.2400905861839511 0.31697175901394914
vt 0.90952287066246051 0.13290193479519913
vt 0.91811369405559939 0.1414230972434444
vt 0.92377513801261835 0.13021692703198937
vt 0.53797853872979096 0.52932571748077684
vt 0.51794167888653386 0.54750275717172714
vt 0.51347201855776814 0.54051756272180596
vt 0.27401639053874211 0.69736235705835958
vt 0.24869525319770308 0.71176950352425084
vt 0.27576823430106467 0.69265929983241326
vt 0.31220027309862974 0.62175215952779972
vt 0.33627390575709781 0.59867717369873819
vt 0.33897666570139984 0.60196983746549682
vt 0.41452116860952287 0.79405475219341481
vt 0.4210788474097989 0.81779207536474763
vt 0.41564017214609622 0.79345202521194791
vt 0.86415923205835965 0.29942397830614154
vt 0.86250662337342276 0.32526270147377762
vt 0.87295684333103307 0.308743911887569
vt 0.69843649879238956 0.54758759026271686
vt 0.70342536228312302 0.56101151234720037
vt 0.6893731824231073 0.55506241374211351
vt 0.48520230555007887 0.42951698664235016
vt 0.47735187518483835 0.42875364285538248
vt 0.5052913437130323 0.41505796992064276
vt 0.38442694727178628 0.32042074594587933
vt 0.36143979815654576 0.32334846953864355
vt 0.36491421961257886 0.31480699412830243
vt 0.089768534278267947 0.14422623787768632
vt 0.076945856617828268 0.14763030524509563
vt 0.076479187974418369 0.12960259952003647
vt 0.8524652041847397 0.75963130914826493
vt 0.86076205762026814 0.74282796480678237
vt 0.86429139146293377 0.75857079924093063
vt 0.87570800781250002 0.8294490585567823
vt 0.88275881986888804 0.83167559025039428
vt 0.87349541600946368 0.84814884414432179
vt 0.063205514420470232 0.35623451979002368
vt 0.076521277202040619 0.36989865468503547
vt 0.065892149146046922 0.3701596618074724
vt 0.78730846128253151 0.90302249174388804
vt 0.7741546727129337 0.90898021613761826
vt 0.77929933951104102 0.89035367273757882
vt 0.7907999032679417 0.8033977905658517
vt 0.78342408381802053 0.78963234116226344
vt 0.79597214178332021 0.78618718577484226
vt 0.0087766111837200567 0.1704462574859523
vt 0.0073196356980958568 0.15405335050276026
vt 0.022271685194141858 0.16551636897427049
vt 0.38440788581920349 0.91064006432373812
vt 0.40272413187598582 0.91308871007492109
vt 0.39487485675029577 0.88358735767448737
vt 0.5893025972865733 0.010410094637223975
vt 0.61167192429022077 0.012302839116719243
vt 0.58769716088328072 0.012302839116719243
vt 0.39284652565555994 0.43100897852178627
vt 0.4166066455540221 0.41983835118050078
vt 0.41288850706082414 0.43075274638949135
vt 0.24893248163939274 0.34052907660932569
vt 0.25370439114254734 0.33191745890427837
vt 0.27084781875369679 0.33592356010942431
vt 0.96302832955441642 0.099614631339954657
vt 0.94976294484424295 0.11359329945657531
vt 0.96896009956624607 0.10145660304120663
vt 0.4853932666477721 0.53711657599319795
vt 0.4864687561612776 0.54520598691344635
vt 0.46274772186760649 0.55824155596904579
vt 0.34076848075216876 0.63745040171529965
vt 0.3103466912398955 0.66180115708793374
vt 0.31981649789900435 0.64931178529179812
vt 0.37759412891857258 0.58158910131604891
vt 0.37150178060922712 0.58224520036474758
vt 0.39823683489008282 0.56146105456427442
vt 0.51163822980333207 0.46559800590250394
vt 0.52808137045297709 0.44974819628598184
vt 0.53211092302099761 0.45035696902109623
vt 0.89807205922220035 0.28171552303085567
vt 0.89136312105678228 0.29649384796431388
vt 0.90187526185429812 0.29804244658172319
vt 0.63380150057916007 0.55160978780559933
vt 0.65783606688682961 0.55310582302346212
vt 0.63656098278539042 0.55674344131999209
vt 0.59419176360410098 0.38275392935479102
vt 0.5554754118814077 0.39025617051951894
vt 0.5656925430057177 0.38170339301557571
vt 0.34456744750591484 0.28959520021071572
vt 0.34592681788495661 0.30013495123348777
vt 0.32474969809739745 0.29269482344859032
vt 0.068526249353065852 0.084378658258576503
vt 0.065371059092813488 0.098090754848925474
vt 0.056474684465570781 0.090045156388628741
vt 0.77776602856368293 0.70071501626577282
vt 0.78753180759562302 0.70797523474467661
vt 0.77210188904771293 0.71103669656940061
vt 0.9397208325118297 0.69456960395307576
vt 0.92901545864550472 0.71004242039629339
vt 0.92760860792093847 0.69287386632492109
vt 0.066010758553393625 0.3112046491460469
vt 0.06353410787010795 0.31653996897796727
vt 0.050443140264565263 0.30019015243000791
vt 0.58694606263554816 0.78443545753647481
vt 0.59938522001922323 0.77976805870465304
vt 0.60414407531545744 0.78919481343651421
vt 0.70424180858142749 0.87598811489550477
vt 0.71760931646786275 0.86815304921628544
vt 0.70969107354100947 0.88970404303036277
vt 0.76215797207708991 0.28862888083472987
vt 0.75961475071470819 0.2730641843392646
vt 0.75035858635646691 0.28325796037066248
vt 0.78358851291403786 0.66070306338722395
vt 0.80094999199033912 0.6507389682324527
vt 0.79447756986888807 0.66047586627563093
vt 0.59304476476242118 0.042074921905806389
vt 0.56593163908468058 0.031415692639275683
vt 0.57572410415023656 0.030802108812783419
vt 0.32739646743148659 0.3769941360040418
vt 0.33442325050522476 0.38351288323146687
vt 0.31091791868961949 0.38263659552444795
vt 0.125212410045347 0.30457066677346212
vt 0.13905991996500394 0.31824013502439868
vt 0.12421443710567823 0.32017982073762813
vt 0.85880092295938482 0.087061403677666599
vt 0.86611759414432177 0.084487886158073733
vt 0.859946150433754 0.070767414080983831
vt 0.96806540504238958 0.17654530618469047
vt 0.97286003425670342 0.16119646619923106
vt 0.95822699995070981 0.16926315740832018
vt 0.40569086405757099 0.6345615326794164
vt 0.39738557737332414 0.63339605000492905
vt 0.42909424598284701 0.61776827743000784
vt 0.15634596189865932 0.73272639614550472
vt 0.19081274568094439 0.72088611494479493
vt 0.16809012716876973 0.73660615265181384
vt 0.2507189825882295 0.1829863057903687
vt 0.24999200959310922 0.17744718244775237
vt 0.27672646700019715 0.19258295775211948
vt 0.86137679909305997 0.18554094477030758
vt 0.86513425423895896 0.19692067047022871
vt 0.86531662805599374 0.17510662861050869
vt 0.68775923575512621 0.4801987705170544
vt 0.68216017473383284 0.49308288766758673
vt 0.67469101192823344 0.48379780381259857
vt 0.37228703543966879 0.67711485853706621
vt 0.33861303479889587 0.69488845006900635
vt 0.34759733278292587 0.6857944813436514
vt 0.53138635677494084 0.32069615505471216
vt 0.50608661061957805 0.31611289617014982
vt 0.53385571982206226 0.31339473303184151
vt 0.1760165915504239 0.1750048712601045
vt 0.15723388864414925 0.15945579937955934
vt 0.17257965761780364 0.16282196526271689
vt 0.89467811945485021 0.64196966032876579
vt 0.87825007393533128 0.64724683310331232
vt 0.88684490215891165 0.63314821261336751
vt 0.93911217530067037 0.81883440950315456
vt 0.94449898030855683 0.79999699637716881
vt 0.95214058187105677 0.80678433680007888
vt 0.17196281745982847 0.38896649959335566
vt 0.15648493721658124 0.38989550473186119
vt 0.1727402359153194 0.37649226143533121
vt 0.52471380865536277 0.72249936846904572
vt 0.52602250252612381 0.73386546234227135
vt 0.50616501287707016 0.73301035402701109
vt 0.71908093762322556 0.73076626269223188
vt 0.72085500049290219 0.74497347569992112
vt 0.71070383354692424 0.73403027651813879
vt 0.82847449847200316 0.19948834440309543
vt 0.82283854680106472 0.21574572253302446
vt 0.83184980037460565 0.21052373170100552
vt 0.95702585888209779 0.27647591479569206
vt 0.96478367754337535 0.27803514161696569
vt 0.96926246426458995 0.26846527195879338
vt 0.53284180457659702 0.60573638049585965
vt 0.53121056782334386 0.6098612018188091
vt 0.50587373847841088 0.61996076806486589
vt 0.5170867246032137 0.35624272199083201
vt 0.48784017953962933 0.35831445158468062
vt 0.50445945571273665 0.35164983611001577
vt 0.22450775242754337 0.25794710466162263
vt 0.20645767356319006 0.26026126127513799
vt 0.20519551659232058 0.24577130338747041
vt 0.90461086910981858 0.19188490425374605
vt 0.89670209914727916 0.18291102267966286
vt 0.89759109448935326 0.2003435297343257
vt 0.56385659780412067 0.55368856436070579
vt 0.58246588962687307 0.53963407402158914
vt 0.59030650045593458 0.54469406176064672
vt 0.18113212705786672 0.768708488392153
vt 0.20723591994035884 0.75181619060528393
vt 0.19066173661770505 0.76970391980481068
vt 0.39357694511533914 0.25672784558606071
vt 0.42260376361642349 0.26582943889244876
vt 0.40870141832610413 0.26797394857797713
vt 0.1240502968195485 0.045520640472508381
vt 0.12317256506309149 0.061737623726155856
vt 0.11521365770406151 0.059963065066172119
vt 0.81469218257097786 0.3299381869824527
vt 0.82240771946470825 0.31066031952385648
vt 0.81036842899743688 0.31300091186908519
vt 0.70715925054219242 0.67524213820977919
vt 0.71704579061514195 0.66915664432176658
vt 0.72522273018533123 0.66986973518828863
vt 0.43133556474270507 0.68069664025532339
vt 0.42628917032235802 0.67703052604988168
vt 0.454523956587638 0.66587206723186121
vt 0.35769997966778388 0.3489138052666601
vt 0.38192500646934147 0.34733524743690852
vt 0.37175054219242903 0.35271669983487774
vt 0.094421251940802448 0.21376697046899645
vt 0.10842461330281447 0.21091780316566444
vt 0.10956753992507887 0.22766534943685923
vt 0.82811537300374605 0.7086443494923107
vt 0.82076196520110412 0.72304656693611991
vt 0.81245379041798105 0.7133340059394716
vt 0.91660225564373032 0.76331860274546526
vt 0.9076838063140773 0.76131903711553628
vt 0.9183184795199133 0.74460711073048103
vt 0.086912416283640576 0.35074143274349368
vt 0.071731114913988564 0.33689014904130521
vt 0.07417616016857255 0.33481275877365929
vt 0.60306993358142746 0.75244217640970035
vt 0.61888223642054419 0.75355367088919556
vt 0.60709243918819011 0.76329141610804419
vt 0.74284282888899844 0.82055556240141958
vt 0.74971434776715296 0.8349208891955836
vt 0.73719732723777598 0.84056223198442426
vt 0.77237822234818609 0.23436298550867507
vt 0.760471168301459 0.23022274173772672
vt 0.76436317034700318 0.24642593913273855
vt 0.82811568106762623 0.61585057977622237
vt 0.84091488811119874 0.61534135018237379
vt 0.82374356146490535 0.62811390970031544
vt 0.51913346251478709 0.025371676664623175
vt 0.50038669718552842 0.023275068505705342
vt 0.52807440050768928 0.022356388320682177
vt 0.38873622184296136 0.39263176662312699
vt 0.36945488866571374 0.40093277892103707
vt 0.36454666089560334 0.39206562222742508
vt 0.18532125671579258 0.31974608604840299
vt 0.18243608444647083 0.33298878955540223
vt 0.16819248139294163 0.32478859116226338
vt 0.89283859301064672 0.11168274503401025
vt 0.89920065124704263 0.10224957872264392
vt 0.88501230715201107 0.099319361737849957
vt 0.57327102998077684 0.49277401511977525
vt 0.56888620274300084 0.48309872985262226
vt 0.58721554151468847 0.4757011533911672
vt 0.32931489673698738 0.66450564989156147
vt 0.3573122042586751 0.64389787066246051
vt 0.35961798538544953 0.64757630742310723
vt 0.26607666015624998 0.66564471608832809
vt 0.26941237585025629 0.6668680377563091
vt 0.2432651074526814 0.68589159848186121
vt 0.49836537454406543 0.4589687792660686
vt 0.47803030886484621 0.48026881654179809
vt 0.47506931437302841 0.47890929213081623
vt 0.8667888653391167 0.25322487045913838
vt 0.87342409922121456 0.241788345481319
vt 0.86814604076301261 0.23097079785464314
vt 0.68712462416206621 0.52381314539382884
vt 0.67370351316048893 0.52343981047910093
vt 0.68163885363268928 0.51407101026468849
vt 0.30275884682447751 0.72144417266364358
vt 0.27464705506333792 0.7336260967074133
vt 0.30308803233438486 0.71791930574723972
vt 0.43168514023067822 0.3150750097040122
vt 0.43332384753302444 0.30640641943513408
vt 0.45596403970327287 0.31257324218749999
vt 0.11435627741768534 0.14096623850921727
vt 0.11064280801767054 0.12363365967567035
vt 0.12638393847348187 0.14121065831710863
vt 0.83748043794361193 0.79285561354002365
vt 0.83321098062894317 0.77810197222496058
vt 0.84458862689767356 0.77645013369972393
vt 0.86011335210469242 0.82517860003450316
vt 0.86880706883379333 0.80957015846805991
vt 0.86817561489550477 0.82727974972890383
vt 0.84387815457413251 0.89056377230382489
vt 0.85042451202681391 0.89680737997831228
vt 0.84329945657531546 0.91067533763801267
vt 0.81075451005520505 0.89041844316837537
vt 0.80781966248521297 0.90873854002365928
vt 0.79968777725749207 0.8970498262519716
vt 0.80491854791009465 0.83093277121944009
vt 0.79332186822259465 0.83494276173107251
vt 0.79807999186711354 0.81727337280658519
vt 0.01678591827488848 0.20433422774546531
vt 0.00031545741324921138 0.19314821646416602
vt 0.012002368529888358 0.18744156413273858
vt 0.92656789111790216 0.58063136922072156
vt 0.90916343713032333 0.5859562148807177
vt 0.91617651136139588 0.56687273573048103
vt 0.66903973407925865 0.70209298600157732
vt 0.66895324514491328 0.71214788298501575
vt 0.64865730357847007 0.70316165960173505
vt 0.45090925054219244 0.71861614624408521
vt 0.44639888727326499 0.73006572542882497
vt 0.42759794120908912 0.72830721978509461
vt 0.23960082237652799 0.35321768871993298
vt 0.22307887513554811 0.35226141992803628
vt 0.2440800711935627 0.34750117834434147
vt 0.99612463340398261 0.064349057170494869
vt 0.97529327681388012 0.080801381974566253
vt 0.97863138000295746 0.082926541397624218
vt 0.48606927432472397 0.52009323553332021
vt 0.50610313054514988 0.50709436458744084
vt 0.48533966353263014 0.52865818156052835
vt 0.39976718072259465 0.58851306806979498
vt 0.39320588217172714 0.59934228361593056
vt 0.3712702706033123 0.61256792808556781
vt 0.39446855900039435 0.575761610927642
vt 0.36635203075709777 0.59838043116620665
vt 0.38518020196667979 0.5794660405781743
vt 0.47645987621993297 0.50130326424487381
vt 0.4717275529253746 0.50224767257738567
vt 0.49431310226488567 0.48344345333448346
vt 0.91088197148560723 0.25501993943464119
vt 0.90211139281841479 0.25128866971855285
vt 0.90462134328174293 0.26750440146268728
vt 0.58768129559345428 0.56605012815457412
vt 0.60798651758428623 0.55434897630372637
vt 0.61059574163298502 0.55712432379978316
vt 0.29242902208201893 0.58312980579652995
vt 0.22637877840348974 0.51609753148412851
vt 0.22630915596658124 0.50635608949871846
vt 0.33555769574378941 0.26787650412189473
vt 0.35914526136139591 0.27570968290984821
vt 0.34108432324526816 0.27872308676927249
vt 0.077982741876355482 0.06014804779919164
vt 0.084218898255742317 0.06664040261638654
vt 0.072794310753277802 0.072155318876922322
vt 0.75788551113958991 0.69151099171924291
vt 0.77411439336060728 0.68676349627858835
vt 0.76790505779278395 0.69542448122042588
vt 0.96131703470031549 0.66748354938880128
vt 0.96291550115832014 0.68454227868690853
vt 0.95044184062007098 0.68052358537066249
vt 0.070319287032359026 0.29412949619233042
vt 0.082590000862578866 0.31062824237233833
vt 0.068244924455034994 0.30346729747880519
vt 0.5575277334508083 0.791208627020899
vt 0.55231694844242907 0.78597724024053628
vt 0.57320772285341093 0.78785196298304416
vt 0.67687888160488963 0.89455250640772865
vt 0.68677851439274451 0.87214101316048898
vt 0.6907088703913643 0.88474036376182963
vt 0.76633601143533125 0.31977331119380914
vt 0.77568844575611196 0.30833364781521094
vt 0.7640559536425473 0.30425307216704456
vt 0.74857320213919554 0.6750888764294164
vt 0.75518617840595426 0.66914555402208198
vt 0.76606822690753151 0.66886305944400626
vt 0.63965991287953472 0.90346479445977923
vt 0.636215912731664 0.89747772698146688
vt 0.65255215521490539 0.87967263591778388
vt 0.31175076938954061 0.36729116349566249
vt 0.33427707419410491 0.36701613946667982
vt 0.31984707323910688 0.37173517750640772
vt 0.098388604486026224 0.27613013234424288
vt 0.11184688532013999 0.27518241232501972
vt 0.11162301914925078 0.29094860185208005
vt 0.85627626244578081 0.10523406308532138
vt 0.85933572185528395 0.11280891105579653
vt 0.85680567022377763 0.094816497899004343
vt 0.96075435602326498 0.20585529315358833
vt 0.9730831495218849 0.1986218377242705
vt 0.96405718589806777 0.19161265279968454
vt 0.42869599640181388 0.63286202126873026
vt 0.3953781946224369 0.64913742113564665
vt 0.41619861494479493 0.63439902898264988
vt 0.053943217665615141 0.58993362763702684
vt 0.11633295005052248 0.50901441122831226
vt 0.11699513336085371 0.5188199690087737
vt 0.25095730850749209 0.19620259281964708
vt 0.22847600028341877 0.18121959794583004
vt 0.25112121774571178 0.18931455401592073
vt 0.854821815851735 0.16623381124309936
vt 0.85303828001774451 0.18568613912780954
vt 0.85801212539432181 0.17522024642029771
vt 0.97278910254830442 0.23875838318833795
vt 0.98113278169361196 0.24265779802099763
vt 0.98440041527011046 0.23419129765748226
vt 0.43776882424339508 0.64304607403391167
vt 0.43037328870514591 0.65023536080441635
vt 0.40583858068809148 0.65960835838919563
vt 0.57690679989402605 0.32739192348925472
vt 0.54572068464116719 0.33319723327829259
vt 0.55565162442083993 0.32429518835025634
vt 0.21524910430426852 0.20493926520603312
vt 0.19842167321815851 0.2033879517756802
vt 0.19558850598260055 0.1900271057706526
vt 0.92517736777898263 0.63559631925276028
vt 0.91589748250197156 0.64991405017744475
vt 0.90980990918276816 0.63804662084729891
vt 0.92788247671037061 0.85378002082511828
vt 0.92103937672515768 0.84947652245169558
vt 0.93349647882985021 0.83684174450414039
vt 0.54914905054712149 0.89123173181190851
vt 0.56716169965003949 0.89173148844144323
vt 0.56704509747141163 0.88947907938190063
vt 0.52573677327730683 0.69832929256210563
vt 0.54279746648264982 0.69841809197555205
vt 0.52473021305697953 0.71058114710666409
vt 0.71957022008083593 0.71186816098186123
vt 0.73000958078667189 0.71842899743690847
vt 0.71856924351833595 0.72063920174487384
vt 0.83593141573836749 0.16910111580737383
vt 0.82872618666206621 0.17535096177543374
vt 0.83283159996056777 0.18390535661474763
vt 0.94190931831624602 0.26990308310331229
vt 0.93740265181388016 0.28178635846929218
vt 0.9493621537361987 0.27380113090250396
vt 0.53805258958497637 0.59710627895800472
vt 0.56128892387125395 0.58773659305993686
vt 0.53523372806585179 0.6013759288125986
vt 0.57902019512766167 0.35788373977227916
vt 0.55880165461110021 0.36403084643631706
vt 0.54760522691985414 0.35587889854840299
vt 0.25971645030313484 0.25421858826646293
vt 0.26237407888899844 0.26658546616226342
vt 0.24235655005421924 0.25597158726833596
vt 0.92260634365141958 0.20681306375690064
vt 0.92265386250492898 0.19191178282728708
vt 0.91369790639787063 0.19970826350552051
vt 0.52507743955786668 0.58105337822850944
vt 0.51704864020603314 0.5782656311612776
vt 0.54464985459384863 0.56753630532827282
vt 0.1270591182287559 0.79471855283911674
vt 0.14717840441393928 0.7757284170445583
vt 0.15353164432176655 0.78432386139589905
vt 0.33825706698541008 0.23881125465176459
vt 0.34641814126577286 0.23477762023733242
vt 0.36521385024398662 0.24762858201276616
vt 0.11737963559123619 0.017292674934074329
vt 0.13379364495021687 0.012334597373986469
vt 0.12283371404894519 0.029544676290325561
vt 0.79518449945780756 0.36198187506161278
vt 0.81034732662164821 0.36708626250739351
vt 0.8054166101882887 0.34754550103509463
vt 0.69066504830441644 0.68428920420938488
vt 0.68085128832314668 0.68481969021096212
vt 0.69803901937105683 0.68019734572160884
vt 0.44616468170839907 0.68814570189274449
vt 0.41935703987578865 0.69832305426853314
vt 0.4379689502415221 0.68451024004337535
vt 0.311605286222151 0.35238495354396687
vt 0.31962399648191048 0.34707839917685329
vt 0.33416536252957413 0.3506369990881309
vt 0.068490114422626674 0.21998762738441444
vt 0.066256179568895401 0.20327458426779377
vt 0.081126023542241715 0.21686339754411474
vt 0.84433093146194793 0.6807039567724763
vt 0.85237309308458198 0.68910585999112772
vt 0.83606111063190058 0.69454495884266565
vt 0.9332889207906151 0.7697037657728707
vt 0.92154175189767351 0.78514046172614349
vt 0.92501455601833593 0.76595362714412463
vt 0.11559015027356073 0.378559639626873
vt 0.1146666421499162 0.38245537694696374
vt 0.10180164421394421 0.36536318420987773
vt 0.56716893915122235 0.74672697530559939
vt 0.58196332191443223 0.73686215373619879
vt 0.58561399441788253 0.74915759931979498
vt 0.73053352043079656 0.79227083127957409
vt 0.74085242815950314 0.78757301113958988
vt 0.73639035390378549 0.80655228768237386
vt 0.7945936329357256 0.23621830022673501
vt 0.79092705663446372 0.22208340521490536
vt 0.78359151653686909 0.23626181424980283
vt 0.80373835518533121 0.62114881641857256
vt 0.81764335752661677 0.60678229587687305
vt 0.81568129867409311 0.61806078408418774
vt 0.56756657260449528 0.044895217847372833
vt 0.5399601596387027 0.036598460681806978
vt 0.54157830367705051 0.032887694060990486
vt 0.4254753810750197 0.37634027041847395
vt 0.43196936766807964 0.38389145523215695
vt 0.40733045704357257 0.38451070213919558
vt 0.1888322800115832 0.29139670001971607
vt 0.20572398092468455 0.30124577182324525
vt 0.18757757433581426 0.30548155390501774
vt 0.88917864008280756 0.13869625055451498
vt 0.89748381124309939 0.13529410858635646
vt 0.88939759648560723 0.12384636815790122
vt 0.58480147593404963 0.51066617273757886
vt 0.56218562081033119 0.51919865653341879
vt 0.57854596929219237 0.50207404007294953
vt 0.27684364679860018 0.70117695805402214
vt 0.27444159570928628 0.69991897919952684
vt 0.30253109134710171 0.68355169928036275
vt 0.47365672595869479 0.2726288708226538
vt 0.44926261059493294 0.26048256666502367
vt 0.47745484553677048 0.26990123472003152
vt 0.53887689151222395 0.42712175146638409
vt 0.54467249728903788 0.432126480246944
vt 0.52097006235212939 0.4416347948910686
vt 0.85061366324921139 0.27477388111198736
vt 0.85674005261731068 0.2876579982625197
vt 0.85922666724171926 0.26447667263283714
vt 0.70834491140082811 0.52222295815260256
vt 0.70460694129534696 0.53641958146441249
vt 0.69875095499802842 0.52369819905855675
vt 0.36193940075414038 0.69854170260745263
vt 0.33438408788446372 0.71295385511139586
vt 0.33191476334532727 0.7102154752809543
vt 0.42312227363466087 0.3319929345549093
vt 0.4038358959113762 0.32609632233339908
vt 0.42825819912016955 0.32370798008675078
vt 0.11925971094366128 0.1748325095191739
vt 0.10416754593232452 0.15961796613145701
vt 0.11709860431659108 0.15801072947986494
vt 0.82550830540220821 0.82426804022082023
vt 0.83461274829948739 0.8225331784798896
vt 0.82936102930303623 0.83643802678923507
vt 0.84323591840003942 0.82236251109029967
vt 0.84445176951892742 0.83733364550473188
vt 0.83700709779179816 0.83568966260843847
vt 0.84465355136041009 0.85334403341876974
vt 0.83728404722003158 0.86499762790812307
vt 0.83777255951794161 0.84936199970425863
vt 0.82942210296727126 0.8747517005126183
vt 0.82285287177149058 0.86579173957511835
vt 0.83085336775433749 0.85855616620662456
vt 0.81685602326498419 0.85554622806585179
vt 0.82074132492113561 0.83966830762026812
vt 0.82552925374605679 0.850361204899448
vt 0.94098127587736591 0.86388644149250793
vt 0.94651471929219244 0.87011610927641958
vt 0.93546801064668772 0.877329039949724
vt 0.94122549351833595 0.6072842089535686
vt 0.9494987800670347 0.59354533005964116
vt 0.95535214782137223 0.606997054909306
vt 0.69832274620465296 0.69993284207413253
vt 0.68974948245268142 0.69473565038446372
vt 0.70328388394617503 0.69436743703174286
vt 0.49333488392152997 0.69793165910883281
vt 0.47920426329603705 0.69688832376281551
vt 0.49810471399349371 0.68740465422910091
vt 0.23432116583694795 0.36146425072703076
vt 0.25178232283246255 0.35828506999211357
vt 0.24921068257713919 0.36117108943710569
vt 0.48461906360902995 0.49997327545839904
vt 0.48702608222841087 0.50137870138751972
vt 0.46892120650138014 0.51653409651025239
vt 0.48771129331378155 0.50548773443661277
vt 0.46885250825611197 0.52520594070386439
vt 0.470268600897082 0.51908224689471605
vt 0.44835116509759465 0.545136711048403
vt 0.43196778884069403 0.55554472625443607
vt 0.4525918184394716 0.53656294669262616
vt 0.41775210407630126 0.56391385917783909
vt 0.4294374676532926 0.55020628727572951
vt 0.43973592764195585 0.54469787405116321
vt 0.44339376263061908 0.53511185029327679
vt 0.46461289462983046 0.51709923969834382
vt 0.45041469249063487 0.53220861777898265
vt 0.92366369590398267 0.23440501697431979
vt 0.92606651715299682 0.24590336652208203
vt 0.93165957092862772 0.23755379565506704
vt 0.53894370286622639 0.58492635732945586
vt 0.54221095136287456 0.58692630803923507
vt 0.51967553941985412 0.59560716310134065
vt 0.700747054909306 0.35364112252316643
vt 0.6821710339856073 0.36426732397229888
vt 0.68313565901025242 0.34335987560380521
vt 0.31789446809690458 0.24621100681437302
vt 0.3057224020972989 0.24897281875369676
vt 0.29690016496820781 0.23873907143385253
vt 0.8386209674438091 0.11488253716790714
vt 0.83865138875197165 0.12845597613121057
vt 0.84401339461750791 0.11953988541563978
vt 0.7371536591827681 0.68611409761928233
vt 0.73218166218947156 0.69165809222200314
vt 0.72189679551951891 0.68899772956920347
vt 0.74757638443907726 0.33847656250000002
vt 0.73819291268237386 0.34650428362825314
vt 0.74965766401320977 0.35164621635942428
vt 0.073243371620539233 0.27301009987430996
vt 0.060909836826264295 0.26899400584705246
vt 0.062530373173181192 0.25989809246845424
vt 0.27063394540491914 0.3667182031866128
vt 0.25225308294928034 0.36594646465891167
vt 0.2651198137445781 0.36374365388406937
vt 0.64813952521194795 0.91743926520603314
vt 0.65197869430205047 0.92608623324132489
vt 0.63795377809542586 0.93673746488071763
vt 0.77006242914530754 0.35021587576399843
vt 0.75889203285193219 0.3441279173649448
vt 0.75998912534503149 0.3577722206476735
vt 0.71383468676064665 0.68377489156151416
vt 0.72590077878548898 0.68454512827779967
vt 0.71037435922712933 0.68742244491817828
vt 0.49308739310183358 0.67010078309838328
vt 0.51274117551015375 0.66300499371549682
vt 0.49816320762273264 0.67505398819499207
vt 0.2935488535402701 0.36052658129189669
vt 0.28294308057718848 0.36378354815654573
vt 0.27500277257492112 0.36117470918769717
vt 0.072695316350798497 0.24924874772032729
vt 0.073580441640378552 0.26168060784084185
vt 0.06218893249704259 0.24982825438682965
vt 0.85466447222496056 0.1292724609375
vt 0.85278905633872237 0.11359096972348186
vt 0.85113051742409307 0.1260088129374507
vt 0.95612261558556777 0.22936434098974764
vt 0.94778956464412456 0.22424817010055206
vt 0.94622983721904574 0.23465612754460766
vt 0.45816723555796529 0.62620183421234232
vt 0.47150686366324923 0.6165474972890379
vt 0.48433179404081228 0.61362081341186914
vt 0.64300841322456626 0.30905263040344044
vt 0.67677028908714509 0.30420514897969242
vt 0.65564396133182179 0.32305457659700315
vt 0.25026788079776224 0.21186950876133676
vt 0.26915200410957218 0.21678713247979101
vt 0.26757550645701894 0.22374011500024646
vt 0.84747048748028386 0.15235568747535488
vt 0.85167340299684546 0.14161917990314471
vt 0.84766895763505523 0.13748031279266068
vt 0.95041788865339116 0.24865782343626774
vt 0.95350230123718449 0.23946781579628351
vt 0.94362353977720825 0.24393699477523659
vt 0.49430597828765771 0.61416323688880126
vt 0.47516250369676655 0.62096259180303626
vt 0.49977958029376973 0.60870526912460565
vt 0.6122081094735804 0.33977062333645502
vt 0.6262709945534306 0.32679000517547319
vt 0.64091196150433749 0.33754474627858833
vt 0.25346548760350945 0.2310073226784306
vt 0.25124565629929024 0.22085652155831034
vt 0.26863705607994876 0.23182723469538644
vt 0.72845524447949528 0.35467929779919166
vt 0.73187074871845426 0.3680995616250986
vt 0.74096656582708986 0.35926378893927446
vt 0.91799262495070977 0.88377104076301261
vt 0.92942641586159302 0.87313975625985807
vt 0.92526347163347789 0.88592194277405367
vt 0.56322190919509074 0.79856380619085177
vt 0.5640445937869677 0.8006654179810726
vt 0.54924096910735409 0.80023135597397477
vt 0.52921566165960177 0.67565941073541014
vt 0.511916604027011 0.68718993370465298
vt 0.51450241522082019 0.6774716735262224
vt 0.72726419250295737 0.69760865413052053
vt 0.71276408776123812 0.69923238182669556
vt 0.71762703014097007 0.69371488071766563
vt 0.8384189545544164 0.14167470841753746
vt 0.84315150889688484 0.1468474282827287
vt 0.84343477363466091 0.13309620757960372
vt 0.92970544472101735 0.256134033203125
vt 0.93993555303627763 0.25305158452656745
vt 0.9345930322111593 0.24645264442034701
vt 0.5424300232896293 0.58966588161721212
vt 0.51904269919410484 0.60158290923205837
vt 0.52130920217616328 0.59776692194893533
vt 0.64788683581427442 0.36501137525877364
vt 0.62837041138850547 0.35048839677395505
vt 0.65785031484128553 0.34944502291995266
vt 0.29182259833399055 0.25105111395899055
vt 0.27224854670864551 0.24169559899940851
vt 0.28609830934542585 0.2408818290060627
vt 0.93945505039925081 0.21906871133798306
vt 0.93090797207708986 0.22627230382492114
vt 0.93889013825906942 0.23033847748669165
vt 0.48749237541896689 0.60576040947850951
vt 0.51368777879781147 0.59475813904771291
vt 0.49689128887766165 0.60507827903194011
vt 0.70011629411474763 0.31204175497831232
vt 0.69831612283123023 0.33357792321815849
vt 0.68177755939471607 0.32528700001232258
vt 0.28981716023634663 0.22307756586405758
vt 0.30530857603632688 0.23497302900729494
vt 0.28501249969193609 0.22834428372067231
vt 0.84990634858044167 0.10099362153736199
vt 0.84494821446175084 0.10556800433137815
vt 0.84883790602819398 0.11408615352979594
vt 0.76902248250197158 0.38065104680106465
vt 0.77040137642941642 0.36512154660390378
vt 0.75871782272772081 0.37055729526074527
vt 0.68597485274546532 0.6909462336110016
vt 0.69820776136139595 0.68714911524053623
vt 0.69834253930895107 0.69053804896983439
vt 0.46691979248817034 0.69472540726044951
vt 0.47862579634513014 0.68262411893730279
vt 0.48720887963328074 0.68595043868296535
vt 0.27032726781225352 0.35597374371549684
vt 0.28285844002612381 0.35801158628253155
vt 0.264980491854791 0.35938820823886042
vt 0.046374117011903589 0.22652724593971807
vt 0.059832903263320684 0.23754877036302247
vt 0.05047571320639048 0.23988963226414628
vt 0.86118641561514198 0.65367165935528393
vt 0.84329768520800474 0.66100843170839907
vt 0.85119613503055991 0.64810979704751581
vt 0.949558082363959 0.78060953519321763
vt 0.95432044188682963 0.76114790763012619
vt 0.96277741152405361 0.76796428307373821
vt 0.14302870693266956 0.38278331094735807
vt 0.13072058259500691 0.3721355065186317
vt 0.14575855724443021 0.36813618271884857
vt 0.5284659496993297 0.74435534552444793
vt 0.53184063547417193 0.75431412657728703
vt 0.51113785704603709 0.75371602055402209
vt 0.72072507455145896 0.76298358327582805
vt 0.7173148073984621 0.78325033578962933
vt 0.71447207092862774 0.7695712983044164
vt 0.81596656582708993 0.23222717862776024
vt 0.80866660710764982 0.2488701179576597
vt 0.81916742655757102 0.24581757073146687
vt 0.78104228792882491 0.6277034145800473
vt 0.77836629103410881 0.63685337391561514
vt 0.76843870144913251 0.63914213451301261
vt 0.53029769753055989 0.61358996851587144
vt 0.52985577989451893 0.61709816147476337
vt 0.50347869584236993 0.62791289801853312
vt 0.46002628555057179 0.36030365856664037
vt 0.43331410501281548 0.36235586461208596
vt 0.4483369556511238 0.35618010800719635
vt 0.18868679684419362 0.2628437415282433
vt 0.17204711143902798 0.26549759633157533
vt 0.17133723598925474 0.25022817906521094
vt 0.88987963944203474 0.17263637987973185
vt 0.88312256629534702 0.16126450980875395
vt 0.88397289962046532 0.18034490832018926
vt 0.59891546111001581 0.5255740770406151
vt 0.61370649367852914 0.51130324884167977
vt 0.62277192798698733 0.51862061317034702
vt 0.2334677903810134 0.73452487307768144
vt 0.26117486321963723 0.71730464129041793
vt 0.24475598260055206 0.73257251823738168
vt 0.45270972988958991 0.27543279124359227
vt 0.48315352671529971 0.28498814339141365
vt 0.46605794527553235 0.28563467320583596
vt 0.12414198433187106 0.082140853352351148
vt 0.13383500252612382 0.1080569968238614
vt 0.1246427999309937 0.099883445956353512
vt 0.82980702878548895 0.28991360348481859
vt 0.83618063941738963 0.26898374346904574
vt 0.82585772685824133 0.27470674244011239
vt 0.72238099492310726 0.51436987073639595
vt 0.71853189077287061 0.50222703229741716
vt 0.72471049696865142 0.49637955626478708
vt 0.42274501090546135 0.67348124507097795
vt 0.42079377279672714 0.66991555969045746
vt 0.44949654660390381 0.65805733376873032
vt 0.40678603115141954 0.34559472502218058
vt 0.4327030988145702 0.34412514479002365
vt 0.42181904789777208 0.34963586849369083
vt 0.12253611471374705 0.20845075059764392
vt 0.13675843247855876 0.20626846457881506
vt 0.13819304746032138 0.2227736801003056
vt 0.81398894974861991 0.73773582290023665
vt 0.80757467468454258 0.75330929921628553
vt 0.79957810651616723 0.74154495576202684
vt 0.89795522599566246 0.7597711701498423
vt 0.88724869688978703 0.75860445521983444
vt 0.89716981713328081 0.74161665763012619
vt 0.8639288772919953 0.90502221140575712
vt 0.86736717825808363 0.88616885597397477
vt 0.87156878450315456 0.88802093602129339
vt 0.63389365018730282 0.75490237455638798
vt 0.64826744873817033 0.75622027183556784
vt 0.63774186865388405 0.76696399965496842
vt 0.75673751109029963 0.8489170014294164
vt 0.76402060331230282 0.86308070041403784
vt 0.75091579689964516 0.86872612504929025
vt 0.74859954160094633 0.22390373542857847
vt 0.73652128105283909 0.21571695706821767
vt 0.74043091975552056 0.23316161339215299
vt 0.85365656422515768 0.61684924585962142
vt 0.86608093454258672 0.62057585610952282
vt 0.84750137088426658 0.63074723974763403
vt 0.69560924253253154 0.75193648955047321
vt 0.69877305858142746 0.74453340644716093
vt 0.70447709236987377 0.76488125677740537
vt 0.34944267393286671 0.40935597705540222
vt 0.32903775476882885 0.41795927703568614
vt 0.32621777651813882 0.40785289487628157
vt 0.17992445888579456 0.34347874975354892
vt 0.17738861180254337 0.3536894500443612
vt 0.16407397537953469 0.34793054237726734
vt 0.90889033850059153 0.095588005378795346
vt 0.92087209803824921 0.090741120828815067
vt 0.90376492569499212 0.085572348032087936
vt 0.56490193556535884 0.47318558076202683
vt 0.56231312074871842 0.46266889602227917
vt 0.57882680802691244 0.45464598839215298
vt 0.38553886533911674 0.622519392621254
vt 0.41280606146490534 0.60094452385646691
vt 0.41398945035242507 0.60682446212046526
vt 0.27592265132097793 0.66654102794755521
vt 0.28744460626355484 0.66367942256506307
vt 0.25775360203691838 0.6852420457906151
vt 0.45858004115733436 0.50126113650926651
vt 0.4388431970253352 0.5214443266955836
vt 0.43487371691393928 0.52039348229248816
vt 0.87949326572358044 0.23052217982920939
vt 0.88537281890772868 0.21965955860607256
vt 0.87939260585074919 0.2098081378154574
vt 0.65661505569794953 0.52468338734720033
vt 0.63707225330244477 0.52947570608241323
vt 0.64985397772082021 0.51901119966236198
vt 0.24790337499383872 0.74665411819794958
vt 0.22367571039530756 0.7586635264688486
vt 0.25235782466852325 0.73898694733339909
vt 0.43251194517695191 0.29743421295839906
vt 0.42822446612529574 0.28828173134981272
vt 0.45357442669311909 0.29553438300966089
vt 0.10721762864747635 0.10656681481972102
vt 0.1059432165103756 0.08905421115622536
vt 0.11733324309628845 0.10940709640551065
vt 0.825571227449724 0.66813233192034704
vt 0.81547990191246056 0.6639411228312303
vt 0.83322268705638802 0.65615835099566244
vt 0.71399680537756305 0.25492752027060334
vt 0.72599928221115928 0.2666494279253746
vt 0.72292157001675872 0.24871579720770898
vt 0.11905517578124999 0.35734046911967665
vt 0.12125808282605481 0.34352942626182964
vt 0.13357089551089313 0.35606250462095818
vt 0.26014463984251773 0.40116871734522869
vt 0.27711612930057178 0.39475475034503155
vt 0.28128217342148065 0.40387536659601736
vt 0.71144788483339905 0.80548161166699528
vt 0.7017229242655757 0.81451643212736591
vt 0.70951439890575707 0.79113638604100944
vt 0.80087328408418768 0.26542327592049486
vt 0.80382361186415618 0.28085629436119874
vt 0.81179322444302049 0.26346235305352916
vt 0.77416345253351737 0.64609752378253149
vt 0.75897051212539435 0.65622111901123814
vt 0.76439651826202681 0.64785387297910091
vt 0.52937754922860802 0.62080975361050872
vt 0.5035655313485804 0.63578654869873819
vt 0.503281149879239 0.63170809098974767
vt 0.40763166650236593 0.36430868154820584
vt 0.39670394753055993 0.36004823510203077
vt 0.4221381250616128 0.35841445682176654
vt 0.15607169840238072 0.26815018037140181
vt 0.14022543152048009 0.25519076085617115
vt 0.15540762820078372 0.25268290907802643
vt 0.8763420802937697 0.14884059196014884
vt 0.87193869220721609 0.15627902539370564
vt 0.87778743900335177 0.16864094538643534
vt 0.62669866423501575 0.49690014571421531
vt 0.64384072481269716 0.49188159256703468
vt 0.63391040116078468 0.50520820497338326
vt 0.29166974088747044 0.70049074576104098
vt 0.30647378915491919 0.69754134217271291
vt 0.27452920137519715 0.71504237418671135
vt 0.51433452040615146 0.29398202986371252
vt 0.52734328790417984 0.30256497837391561
vt 0.49633196039530758 0.29448711984917192
vt 0.15382028092345229 0.13004696241312599
vt 0.16102198651912461 0.1399138152787362
vt 0.13993479250357355 0.12136060070916305
vt 0.84156205330737377 0.24791113435281939
vt 0.83810727092369874 0.23480374790516562
vt 0.83241124679613565 0.25484590259636236
vt 0.71477381949921137 0.49103249149743688
vt 0.71848675941443219 0.47519916329850159
vt 0.72172497289037851 0.48536850601340692
vt 0.42035790091433362 0.6661659601735016
vt 0.44946797367902208 0.65021318020504737
vt 0.44884021650729494 0.65423841987874609
vt 0.4593629855086751 0.34262452712194402
vt 0.47532427574181785 0.34556900168819005
vt 0.44811846134414435 0.34765983124260647
vt 0.15126509320472692 0.20455757405855679
vt 0.16847212638012618 0.21898898055500787
vt 0.15299690318784503 0.22075378225428824
vt 0.88845792463525242 0.69303937364451895
vt 0.9020389207906151 0.69203747289037854
vt 0.89248062278194007 0.70777707265378553
vt 0.90152876700512619 0.83908822333399058
vt 0.89630592899743688 0.85748133132886439
vt 0.89071996069104886 0.85506241374211356
vt 0.11762241880976439 0.41382871802296922
vt 0.10371793632627661 0.42735133607304809
vt 0.097293803218035296 0.41270016450611197
vt 0.59311665917044554 0.699548378351735
vt 0.59272919182521688 0.685751814496254
vt 0.6082160251749803 0.68592633268434544
vt 0.75908549696865146 0.74935753277799688
vt 0.76257485952287063 0.73411137433458207
vt 0.77200269247831232 0.74746278588328074
vt 0.013471183415843109 0.10968032981319006
vt 0.028920110467856613 0.10430317105555008
vt 0.025653348134519173 0.11887624842887422
vt 0.92380440408123032 0.32811275446076499
vt 0.91473022846017349 0.32155499864451892
vt 0.90882549105382493 0.34343908652898264
vt 0.64217902824329653 0.60849851975305602
vt 0.64811765267645904 0.60860075845327288
vt 0.65244071310626972 0.63274353219883672
vt 0.48619808353460175 0.38894624439323738
vt 0.51120909681831628 0.38739579739254731
vt 0.48581985810577683 0.3969240206649251
vt 0.26314980299314866 0.30155968891709384
vt 0.28399910430426856 0.29831806748447359
vt 0.28214163313904772 0.30881401567429023
vt 0.9269743814077287 0.14820633656595031
vt 0.9369026641364353 0.1549806997979101
vt 0.9412144802346214 0.14160493194868887
vt 0.49684419361198739 0.56542541311366323
vt 0.47486529906841485 0.5831584942453667
vt 0.46974835801951892 0.57822346491768528
vt 0.22529525997510844 0.72334022882985016
vt 0.20417095388899842 0.7311390970031546
vt 0.23148154851389985 0.71404979236494481
vt 0.36185911160538248 0.22309027349911278
vt 0.33245472231121848 0.21252872695682176
vt 0.33438701449132491 0.20841786477844046
vt 0.42113141080934541 0.83983081131703474
vt 0.41890950007393535 0.86296579258675077
vt 0.42517205367705047 0.83934684296135642
vt 0.8614949415910883 0.35397879904376972
vt 0.86066293806683758 0.38845399682078074
vt 0.87512291748817039 0.36082590385942431
vt 0.66960102646884856 0.66683160920248419
vt 0.65802683544459784 0.6748743869528786
vt 0.66102252563091479 0.66007815580638807
vt 0.46437441467862778 0.42911484775483044
vt 0.44862410969538641 0.42982558963426654
vt 0.47551843300226737 0.41663009691689668
vt 0.3384167981072555 0.32622990653341877
vt 0.31552197188609032 0.32908627482994873
vt 0.31998937949773265 0.32078254771909503
vt 0.063603975795420944 0.15177233963734721
vt 0.049803513006457016 0.15599421070953273
vt 0.05058040197715398 0.13979835871266266
vt 0.86957869183753944 0.72601645677247639
vt 0.87879657925867505 0.70941173661770507
vt 0.88270544780165616 0.72450309296135651
vt 0.88932558655362781 0.83399361691640383
vt 0.89548447666108044 0.83643271268730279
vt 0.88526083768730279 0.8527750394321767
vt 0.089995269294040808 0.38435347403637621
vt 0.10410111965817231 0.39926881038052048
vt 0.087738470324206425 0.39829694585469244
vt 0.76036003425670351 0.91527611765575712
vt 0.74568664358241321 0.9219398474467666
vt 0.75235083546924286 0.9023520677247634
vt 0.77582830675768932 0.77648117113564674
vt 0.76779176730086751 0.7632284940605284
vt 0.78052366238663251 0.7602620699428233
vt 0.77814109633773665 0.18182342240486987
vt 0.78930825796037063 0.18372377221140576
vt 0.78503856959779184 0.17158118407432965
vt 0.91896009956624602 0.37407349788052052
vt 0.92017487246155361 0.35004547793030361
vt 0.90322589092074135 0.37039429096017351
vt 0.46752086362628154 0.049172492282999802
vt 0.48752645498570585 0.043150218879386831
vt 0.46950787565309543 0.053235200226118891
vt 0.43985734331871057 0.40897547965546138
vt 0.46266897303824922 0.39882115505471216
vt 0.46110762827779966 0.40788978552592664
vt 0.25775208097151026 0.32250098580441638
vt 0.26088938427272279 0.31251524916206624
vt 0.27924115394568216 0.31857014845598386
vt 0.93982387987973182 0.12531501457142152
vt 0.93224774189175863 0.13649726169718554
vt 0.94766849553923505 0.12930696409207412
vt 0.48870949730136043 0.55269078396096216
vt 0.49214252267350156 0.55943761398363567
vt 0.46598119886139588 0.57240379165023658
vt 0.28067022377760253 0.68466773770208988
vt 0.25226078454628353 0.70518171147969244
vt 0.25980051323442427 0.69481536191344639
vt 0.36657426033862384 0.581533264737776
vt 0.36267409460025629 0.57952607452681393
vt 0.38875840244233045 0.5601700743666207
vt 0.41862827625936516 0.79337539432176651
vt 0.42301614562795742 0.81738935885745267
vt 0.42681388012618299 0.81747168892941635
vt 0.88325757529081228 0.31407299342591682
vt 0.87317333522279184 0.33448185965841876
vt 0.88609584483438486 0.33621868530658516
vt 0.67767291625591486 0.55934419361198739
vt 0.69346149817626179 0.56739713747042586
vt 0.68036185183359621 0.56934179071372237
vt 0.52226805100305596 0.40222356657876579
vt 0.49274382485952289 0.41507568359375002
vt 0.50356522328470033 0.40382072376527994
vt 0.34514745477622238 0.30913047429514984
vt 0.34256653409651028 0.31782779152084978
vt 0.32334623607551261 0.31219979174881701
vt 0.064282289137975651 0.11603808478226045
vt 0.063922046938153093 0.13460555693328569
vt 0.05172649588118592 0.12288537251084385
vt 0.875971710493888 0.75817093232452681
vt 0.87324164838820983 0.74158053714018135
vt 0.88547902393040223 0.74110334618986595
vt 0.87067863392153 0.86715861901123814
vt 0.87959069092567033 0.85051030781742898
vt 0.87581067010055202 0.86938153095425863
vt 0.065204165485755125 0.38383226845918772
vt 0.07708566467092616 0.38405842585518535
vt 0.075272703922885445 0.39779037331180994
vt 0.77172828457708986 0.87711886336750788
vt 0.76621240080343056 0.89616298735705835
vt 0.75837425448541007 0.8827518114156151
vt 0.80149464893040223 0.76961843207807568
vt 0.78846439397673507 0.77294737036671923
vt 0.79376417093848584 0.75689847446766556
vt 0.036134121771490536 0.16066093565161671
vt 0.02199640123626035 0.14942745365178922
vt 0.036549760114507342 0.14474271659971411
vt 0.868386176557571 0.43627760252365932
vt 0.89910368814077291 0.40204153933359621
vt 0.88274796061711358 0.38883460974467665
vt 0.64355792217074137 0.6834716796875
vt 0.63889383502563091 0.66892621253943219
vt 0.65006754300571767 0.66565465114846212
vt 0.431477120095623 0.43024455651123816
vt 0.43719667260203077 0.41905590743296528
vt 0.4567095157851932 0.41791992187499999
vt 0.29298186196889786 0.33225424974122636
vt 0.2754414362862283 0.32758180636336753
vt 0.29749881010326301 0.3239997550892153
vt 0.97756909872831232 0.10365624653428135
vt 0.95683894112283119 0.11635636290541207
vt 0.9666347563830836 0.11937704477400433
vt 0.43849435318907731 0.57950373989550474
vt 0.46367976913692821 0.56572373447358049
vt 0.43941785168572556 0.58630671456033123
vt 0.30204694970549095 0.6580942244183754
vt 0.28939855918523266 0.67309678134858042
vt 0.27185135609720029 0.68083834964018142
vt 0.41867618019272479 0.54143282050966091
vt 0.39305546998225555 0.56136902048008674
vt 0.41417763887519715 0.54077895492409311
vt 0.94652657975157728 0.081530087829012221
vt 0.94622706464412465 0.075122744202237773
vt 0.91887422675966091 0.082221720120884273
vt 0.9074982748422713 0.31099104535316441
vt 0.894997504682571 0.31456554906225354
vt 0.90058177863761835 0.33093993370465302
vt 0.63844329160094637 0.56142400988268926
vt 0.66317496796135644 0.5606316695830047
vt 0.6662459027503943 0.56807753505766956
vt 0.53798481553134858 0.38453958312795744
vt 0.53356775711011439 0.39157037103213721
vt 0.5095794003844637 0.39447398862628152
vt 0.30448225243986593 0.29544806736124801
vt 0.32516038575759071 0.30309323091236201
vt 0.30362389019987185 0.30575983185873423
vt 0.043374667483549387 0.09749550804354791
vt 0.053501078608660289 0.10522641925029574
vt 0.040186278526715302 0.11291649273893435
vt 0.76694767226932181 0.72196726513209775
vt 0.78168159749605681 0.71983061107551261
vt 0.7765568778341877 0.73302283061415618
vt 0.91511715669361193 0.69206851032630123
vt 0.91744296197259467 0.70846120551557568
vt 0.90528591408714509 0.70755911745859623
vt 0.89065565235607258 0.8753089880717666
vt 0.87981850416502361 0.89118852585272079
vt 0.88545306954850156 0.87334831550670344
vt 0.62025785716926263 0.79569773388209775
vt 0.61576054810725556 0.78399099837342268
vt 0.63154820583596216 0.78873256358438482
vt 0.71605682854396691 0.90336559789037851
vt 0.72396213278785493 0.88211935626971605
vt 0.73074284983734228 0.89583759488367509
vt 0.73831274953174286 0.27622957921554614
vt 0.74747980641265777 0.26693521493616917
vt 0.73522333090989744 0.2588964805242015
vt 0.80507496734522865 0.66138480875394323
vt 0.81193316246056779 0.65096423994479491
vt 0.82269930192724761 0.65270526296332809
vt 0.56129077225453472 0.0208268102411216
vt 0.5495319354421333 0.021936092918227523
vt 0.53617081988121051 0.013564668769716088
vt 0.29418229063978707 0.38841491121598976
vt 0.31692424016043969 0.39004495422170743
vt 0.29916004457684348 0.39676559881457019
vt 0.12296589270751183 0.33202782278933357
vt 0.1376805350607502 0.33121857748422712
vt 0.13585836609079258 0.34258574958103311
vt 0.86577233155067035 0.054743163292340302
vt 0.8722613891216483 0.072101012991053828
vt 0.8831013869035883 0.065017892735237573
vt 0.94841069844242898 0.16201984393483831
vt 0.96274814545544163 0.15425820335604792
vt 0.952658745317429 0.14753933975749212
vt 0.45212960709532729 0.60081105518040223
vt 0.42225468873225552 0.6151837369997043
vt 0.446357375665418 0.59690881001084384
vt 0.18481501149078272 0.73576706365832023
vt 0.20003893157285094 0.72190711565950316
vt 0.21401396068488762 0.7195637507393533
vt 0.30404792087687305 0.20241431588254141
vt 0.2773722651629042 0.18773229941960765
vt 0.30553384774866915 0.19801862939299092
vt 0.86851887507393533 0.1652131571002563
vt 0.86941310750197165 0.1867882954209385
vt 0.873313042192429 0.17724043307620269
vt 0.65980059025039428 0.48759796431388014
vt 0.66812332105185335 0.49634713254140378
vt 0.65218417291009467 0.50024953174290221
vt 0.32551242575660488 0.6926283394124606
vt 0.31365102292611396 0.70391179514984226
vt 0.29191981174216286 0.71066424733832811
vt 0.53283086830885251 0.30817085530855676
vt 0.50667077675226735 0.30899494544188683
vt 0.50402269814668765 0.30247452311711359
vt 0.16749333041699527 0.15073911263739648
vt 0.15261654056585172 0.14606428176446667
vt 0.14645612939299094 0.13314794305747241
vt 0.87756270640279965 0.62617934554909305
vt 0.869365357600552 0.64018581643089512
vt 0.85890643483832807 0.63472773314274444
vt 0.72457494886139595 0.20581616904081229
vt 0.71632869491817819 0.21260693667438879
vt 0.72815056930205047 0.22373905603065852
vt 0.17485804031323934 0.36464127501478705
vt 0.15896047116830145 0.3739245104864945
vt 0.16157773375887224 0.36015039678627758
vt 0.4868215278120071 0.74290852351143533
vt 0.50804682108882093 0.74366451227326502
vt 0.48938003684444004 0.753110366965694
vt 0.70394244750591484 0.73895205909897477
vt 0.71427121327878551 0.74997666416108044
vt 0.70890574169459775 0.75652533209286277
vt 0.83492381580244479 0.22230035920248423
vt 0.82591864649053626 0.22811966664407532
vt 0.82906782950512614 0.24118246084508083
vt 0.98191356959779175 0.26144923261287462
vt 0.97729253437992902 0.26966924336430403
vt 0.99056431141561518 0.26239356392941643
vt 0.47805087212884462 0.63478688140772865
vt 0.50427192182570979 0.62408243173304412
vt 0.47673516980481073 0.63891201079455839
vt 0.49041386071815851 0.34852868690851735
vt 0.47572021484374999 0.35406725188535093
vt 0.4624098913150631 0.35082333922762227
vt 0.18641863801877959 0.23282649765255323
vt 0.18781674743074725 0.2478737816073541
vt 0.17003591639762422 0.23469215176458991
vt 0.89137721497929812 0.2095268369849172
vt 0.89046403662263407 0.19100004852006111
vt 0.88477686933162458 0.19993746303233439
vt 0.61528582166798107 0.53652605604298109
vt 0.60738764140132095 0.53158917833201891
vt 0.63007827903194003 0.52455846744380918
vt 0.20511690254091089 0.76615109609128551
vt 0.21752825715940458 0.75061705195189277
vt 0.23236609618370466 0.74646504399152214
vt 0.42032139534453866 0.27849974045618098
vt 0.43697009161819794 0.27671947780091682
vt 0.44721379325216876 0.28656957006604888
vt 0.10901747261312106 0.073970094313756896
vt 0.11748911379263605 0.077415331530646198
vt 0.1154239594372289 0.093345618022353111
vt 0.80702524275433751 0.29673076834212342
vt 0.81843469661869084 0.29431175448541008
vt 0.81504453063387228 0.27868045842986
vt 0.73220284158123028 0.50017447968010642
vt 0.72742430870465302 0.507802603447851
vt 0.7302866842468454 0.48943344741965694
vt 0.47860742803627759 0.65086874014195584
vt 0.45139090841876972 0.66188448836750791
vt 0.4771025359818612 0.64672913175276026
vt 0.38471756703470034 0.35636063344095031
vt 0.39641382837145112 0.35134492988466087
vt 0.40977378869282333 0.35490110379288248
vt 0.12477785706144026 0.24151409161203669
vt 0.12375562409121155 0.22506324936538841
vt 0.1393063710691049 0.2390583218836258
vt 0.79696718811612777 0.71714498718454256
vt 0.80575987036671926 0.7271783967123423
vt 0.7909804287016956 0.73057033406447158
vt 0.9186045938485804 0.72614299401123816
vt 0.9082410938732256 0.74283743777109623
vt 0.90729248817034702 0.72462701165713728
vt 0.061128798042562105 0.31979581911105087
vt 0.058648503541194302 0.32254950586553627
vt 0.044889980761410687 0.30863387532038644
vt 0.61131264479002367 0.77322147020406151
vt 0.62267635116817821 0.76483666453075705
vt 0.62691546419065458 0.7762638320682177
vt 0.73087647254534704 0.8611412072407334
vt 0.74389586824723974 0.8547184604199527
vt 0.73762569006309153 0.8750447462785883
vt 0.75623197826301258 0.25725944831920344
vt 0.75248430414530754 0.24089988925103509
vt 0.74418814385350951 0.25031848029007298
vt 0.8182339930007887 0.63982788471017349
vt 0.83569674807768135 0.62851728084335567
vt 0.82953554749112779 0.64093799290220821
vt 0.53858211288692825 0.020495562147266857
vt 0.51204240961405756 0.014718368000788644
vt 0.52399948553332021 0.013807998320281694
vt 0.34050323775138014 0.39116345715447554
vt 0.34558690790122237 0.39992556406496449
vt 0.32202179243888013 0.39836448886041009
vt 0.15261341179206919 0.32810486032383673
vt 0.16623816264540614 0.33661966895455442
vt 0.15085490614833891 0.33990124242162856
vt 0.87837830552543372 0.086564236710124212
vt 0.89314827422614351 0.091014720062352131
vt 0.88799205503253154 0.078798600927888401
vt 0.59934397796727135 0.45923148073984621
vt 0.58244432515526423 0.46555014047712934
vt 0.59419734726192819 0.4490680682546333
vt 0.39129831211800081 0.63082229181042981
vt 0.3871669829455836 0.627255874778194
vt 0.41717891271934149 0.61152867458596216
vt 0.22076412164826498 0.70489767658221614
vt 0.2482527001799093 0.6865959095277997
vt 0.22930292075364747 0.70446908270899056
vt 0.45138817435183359 0.49879697204012224
vt 0.45504057971460959 0.49997547041354495
vt 0.43121360995416008 0.51885682115043374
vt 0.8692854150236593 0.20882554881580245
vt 0.87399648191048895 0.22029438199305007
vt 0.87408920913840693 0.1986545695115339
vt 0.6756942219538643 0.50526750727030756
vt 0.66718688387223979 0.51564991466630516
vt 0.66026160784700316 0.50822495902750398
vt 0.30619581926508282 0.71255622165812305
vt 0.27632921862677445 0.7289825728263013
vt 0.28192003893927448 0.721376937721806
vt 0.48129944425276028 0.31057013382294951
vt 0.45671402121944005 0.30416708383650432
vt 0.48058057718848579 0.30285727323417783
vt 0.13898920005052248 0.14286750288039729
vt 0.12153855573491719 0.12511593791588624
vt 0.1336630836270209 0.12825722679354792
vt 0.8524652041847397 0.75963130914826493
vt 0.84035313362578867 0.76131657260449526
vt 0.84802438633675081 0.74456151727622244
vt 0.87570800781250002 0.8294490585567823
vt 0.87727227917981077 0.81119442527602525
vt 0.88528224812697165 0.81306552826794165
vt 0.063205514420470232 0.35623451979002368
vt 0.05772670420938486 0.34228765926902605
vt 0.07186558479766364 0.35514123958744087
vt 0.78730846128253151 0.90302249174388804
vt 0.79589566492507891 0.9153818605826104
vt 0.78280110163643535 0.92144378758379342
vt 0.7907999032679417 0.8033977905658517
vt 0.78593195485015777 0.82114535069992112
vt 0.77862152195879342 0.80726707290023658
vt 0.75460393767251577 0.17351016456772475
vt 0.74734233290615137 0.18235490961405756
vt 0.7594056523560726 0.18837983044164039
vt 0.38440788581920349 0.91064006432373812
vt 0.37735988484572158 0.9314469298353707
vt 0.39349230456427448 0.93337340730973972
vt 0.43236807934493299 0.072269398782531552
vt 0.44338479027011041 0.053598080222915026
vt 0.45166146552149056 0.05560775901240881
vt 0.39284652565555994 0.43100897852178627
vt 0.37277146589116722 0.43045588833300474
vt 0.39535012230136041 0.42021726975305601
vt 0.24893248163939274 0.34052907660932569
vt 0.22763138539407532 0.34545451744873817
vt 0.23213635754510056 0.33745979766364353
vt 0.96302832955441642 0.099614631339954657
vt 0.95815252550768926 0.097932140458645511
vt 0.94331478275335179 0.11114709896244085
vt 0.4853932666477721 0.53711657599319795
vt 0.50654019617507884 0.5159709172293967
vt 0.50785208620859623 0.52462589492557177
vt 0.34076848075216876 0.63745040171529965
vt 0.36409677210666402 0.62361602301853314
vt 0.33399577336356467 0.6478410113121057
vt 0.37759412891857258 0.58158910131604891
vt 0.35684098204603709 0.60180949021589114
vt 0.3494472563830836 0.60343768483832805
vt 0.51163822980333207 0.46559800590250394
vt 0.48989211602917981 0.48374951479938882
vt 0.50738771841729102 0.46498884808753943
vt 0.89807205922220035 0.28171552303085567
vt 0.89563712231368298 0.26386497329086162
vt 0.88893850428824916 0.2775983840509168
vt 0.63380150057916007 0.55160978780559933
vt 0.63059120539235014 0.54629021773955044
vt 0.65316497128844642 0.54529101254436119
vt 0.59419176360410098 0.38275392935479102
vt 0.60190595271835567 0.38767667463525235
vt 0.5671083275828076 0.39353997744972397
vt 0.34456744750591484 0.28959520021071572
vt 0.36394008311563486 0.2862944112591187
vt 0.36657314360705834 0.29682669173279769
vt 0.068526249353065852 0.084378658258576503
vt 0.079556900168819 0.079349573177494082
vt 0.076349401624420846 0.093139215222668575
vt 0.77776602856368293 0.70071501626577282
vt 0.78396127020899053 0.69067028539037856
vt 0.79382162485212937 0.69653127772574919
vt 0.9397208325118297 0.69456960395307576
vt 0.95172731417586753 0.69775467640970035
vt 0.94026317897279177 0.71259557681880914
vt 0.066010758553393625 0.3112046491460469
vt 0.080789107554342474 0.32014337292981071
vt 0.078653353621907035 0.32879761897427051
vt 0.58694606263554816 0.78443545753647481
vt 0.56749094292192426 0.78157754892054421
vt 0.58167401142300867 0.77678030116324925
vt 0.70424180858142749 0.87598811489550477
vt 0.69964002735607256 0.86243445940950314
vt 0.71224276666009467 0.85395199748619877
vt 0.76215797207708991 0.28862888083472987
vt 0.77338212551754737 0.29250135933187105
vt 0.77129306733044167 0.27737729045494874
vt 0.78358851291403786 0.66070306338722395
vt 0.77261081057768144 0.66148754805796528
vt 0.78983643348284704 0.65172069080244477
vt 0.59304476476242118 0.042074921905806389
vt 0.61271271810922712 0.05487920237640477
vt 0.58472068618148665 0.04303989831581477
vt 0.32739646743148659 0.3769941360040418
vt 0.34310880354150236 0.37170414007048502
vt 0.35125085487726737 0.37753809980037462
vt 0.125212410045347 0.30457066677346212
vt 0.12575374567170247 0.28924498934098974
vt 0.13974868341199231 0.30313607104569201
vt 0.85880092295938482 0.087061403677666599
vt 0.86035425805895105 0.10399797602030757
vt 0.86493755545149842 0.098890132482871651
vt 0.96806540504238958 0.17654530618469047
vt 0.97709183076202677 0.18407835373743101
vt 0.98238259685528395 0.16830255646810924
vt 0.40569086405757099 0.6345615326794164
vt 0.38232853164432179 0.65109193242310726
vt 0.37196776573590301 0.65128185380520509
vt 0.59578919034651023 0.29297521934148263
vt 0.5944862341655166 0.29554703288273859
vt 0.56301797090644712 0.29217508117483243
vt 0.44206762464264587 0.49633330817478311
vt 0.45883739002119478 0.47921878080638802
vt 0.46545032777996848 0.47918262180845822
vt 0.86137679909305997 0.18554094477030758
vt 0.85625015403194005 0.19592025227351142
vt 0.85978487899250788 0.20728859886386042
vt 0.68775923575512621 0.4801987705170544
vt 0.69852599134956628 0.47612793738909698
vt 0.69399783739156151 0.48971259180303628
vt 0.37228703543966879 0.67711485853706621
vt 0.39820032932028787 0.66735085087243695
vt 0.36554532697900238 0.68482377205737377
vt 0.53138635677494084 0.32069615505471216
vt 0.52567585364501179 0.33008155221066643
vt 0.50237397876823742 0.32455542531299292
vt 0.1760165915504239 0.1750048712601045
vt 0.17909636392202288 0.18837309154426263
vt 0.16050266783320188 0.17310900763382295
vt 0.89467811945485021 0.64196966032876579
vt 0.90106074095524447 0.65224116472791793
vt 0.88589829887125393 0.65591767608931384
vt 0.93911217530067037 0.81883440950315456
vt 0.92655125566837537 0.831831162509858
vt 0.93181290972496056 0.81326099479988168
vt 0.58270641050128158 0.88494938510449528
vt 0.58880515113613963 0.89385135301656149
vt 0.60769235508675079 0.88968609830934542
vt 0.52471380865536277 0.72249936846904572
vt 0.54256988429120667 0.71092841211553626
vt 0.54345791693365542 0.72321338352720821
vt 0.71908093762322556 0.73076626269223188
vt 0.72894822370366719 0.72841203852030756
vt 0.72885903921037065 0.74129580909897475
vt 0.82847449847200316 0.19948834440309543
vt 0.82457217628647472 0.18932816658862381
vt 0.81924513567133284 0.20402146589116718
vt 0.95702585888209779 0.27647591479569206
vt 0.94498733857452677 0.28567179490339117
vt 0.95288933113170349 0.28772584933211753
vt 0.53284180457659702 0.60573638049585965
vt 0.55903890230678233 0.59198953044903391
vt 0.55738317447505914 0.59631266789481463
vt 0.5170867246032137 0.35624272199083201
vt 0.52699217209680604 0.36399091365585567
vt 0.49777015661967666 0.36473877723284698
vt 0.22450775242754337 0.25794710466162263
vt 0.2441911667303332 0.26894032571594045
vt 0.22553705161302248 0.27142597764072357
vt 0.90461086910981858 0.19188490425374605
vt 0.9124405436711357 0.18426842915146885
vt 0.90366880976439279 0.17559598808408911
vt 0.56385659780412067 0.55368856436070579
vt 0.53695472693217661 0.5636704116965694
vt 0.556562607822358 0.54878468799290225
vt 0.18113212705786672 0.768708488392153
vt 0.17511536992310725 0.76405541453075709
vt 0.20068875381999213 0.75040094513998423
vt 0.39357694511533914 0.25672784558606071
vt 0.37496927062795743 0.24431525871204654
vt 0.40451317435183359 0.25430553929662852
vt 0.1240502968195485 0.045520640472508381
vt 0.13668822279487874 0.028141397181369529
vt 0.13323193859978805 0.047721275546197262
vt 0.81469218257097786 0.3299381869824527
vt 0.82045536462440849 0.34859553677050475
vt 0.82817136361395904 0.3277360693513407
vt 0.70715925054219242 0.67524213820977919
vt 0.68973623570583598 0.67993449021589114
vt 0.69969447764688486 0.67417862467961354
vt 0.43133556474270507 0.68069664025532339
vt 0.40969207474861985 0.695048951350552
vt 0.40200491823984619 0.69190931831624602
vt 0.35769997966778388 0.3489138052666601
vt 0.3425989193119085 0.34496030596904576
vt 0.36638957604248817 0.34304118351981466
vt 0.094421251940802448 0.21376697046899645
vt 0.079407686540381009 0.19977994611962738
vt 0.093164389817872631 0.19659641398240338
vt 0.82811537300374605 0.7086443494923107
vt 0.84382193291600949 0.70359487443316249
vt 0.83582521071569404 0.71862061317034698
vt 0.91660225564373032 0.76331860274546526
vt 0.91382975773856467 0.78212366916403786
vt 0.90589641968158519 0.77986725527405365
vt 0.086912416283640576 0.35074143274349368
vt 0.099955032300497834 0.36738435281940063
vt 0.084330224840422907 0.35237205336898658
vt 0.60306993358142746 0.75244217640970035
vt 0.59927015815999607 0.73910855555007882
vt 0.61544308827878547 0.74099621697555207
vt 0.74284282888899844 0.82055556240141958
vt 0.74767750640772868 0.80173062586257882
vt 0.7548089541847397 0.81576817268828861
vt 0.77237822234818609 0.23436298550867507
vt 0.77988358265970037 0.22161137433458203
vt 0.76830862147574919 0.21886635187672515
vt 0.82811568106762623 0.61585057977622237
vt 0.83094771231762621 0.60321006413889988
vt 0.8447768539284306 0.60139356546973577
vt 0.51913346251478709 0.025371676664623175
vt 0.51324239544311911 0.032718485161333057
vt 0.48860698904524841 0.031932953554749115
vt 0.38873622184296136 0.39263176662312699
vt 0.41271137032975158 0.39250580700414039
vt 0.39318204572900234 0.40127326652454653
vt 0.18532125671579258 0.31974608604840299
vt 0.20355825333941246 0.31478666191221411
vt 0.20061660911006507 0.32742685023166401
vt 0.89283859301064672 0.11168274503401025
vt 0.90058046936612779 0.12279934567231861
vt 0.90672488047121447 0.11296644722249606
vt 0.57327102998077684 0.49277401511977525
vt 0.55676877957413251 0.51085590157975158
vt 0.5524406360902997 0.50193556535883277
vt 0.32931489673698738 0.66450564989156147
vt 0.30103326550793574 0.68126247658714512
vt 0.32853657334384856 0.66076575438682961
vt 0.26607666015624998 0.66564471608832809
vt 0.28897196772722794 0.64425699613071763
vt 0.29219418113540024 0.64604322752365928
vt 0.49836537454406543 0.4589687792660686
vt 0.52147513308359617 0.44366089252267349
vt 0.50038253832314672 0.46135392534996056
vt 0.8667888653391167 0.25322487045913838
vt 0.86553134858044167 0.27580543301458993
vt 0.87307698824428237 0.26339169090102521
vt 0.68712462416206621 0.52381314539382884
vt 0.69241639146293377 0.5348028622215103
vt 0.67966508835272077 0.53295609627612384
vt 0.30275884682447751 0.72144417266364358
vt 0.30445100321002561 0.72422198467074128
vt 0.27555118404352325 0.73643625542192426
vt 0.43168514023067822 0.3150750097040122
vt 0.40773844914481466 0.31754054120662462
vt 0.40991715392103706 0.3089518935146392
vt 0.11435627741768534 0.14096623850921727
vt 0.10222169894149251 0.14199133069733341
vt 0.09970357515834484 0.12377010309357749
vt 0.83748043794361193 0.79285561354002365
vt 0.83108564791995265 0.80876726698048107
vt 0.82664945103016563 0.79456521404278391
vt 0.86011335210469242 0.82517860003450316
vt 0.85172816135153784 0.82340546135646686
vt 0.85970678479889595 0.80822399632787856
vt 0.84387815457413251 0.89056377230382489
vt 0.84425006469341479 0.87097152565555991
vt 0.85112705170544167 0.87638259069400626
vt 0.81075451005520505 0.89041844316837537
vt 0.82062980579653 0.88305217369873812
vt 0.81861475995662458 0.90146931067626179
vt 0.80491854791009465 0.83093277121944009
vt 0.81105695176951897 0.84389032309739742
vt 0.80039501491029175 0.84843334113761826
vt 0.01678591827488848 0.20433422774546531
vt 0.022657845674629092 0.22040430303627762
vt 0.0065911855607378748 0.21002803766388997
vt 0.92656789111790216 0.58063136922072156
vt 0.93432532469932961 0.59396056166206623
vt 0.91876655843355681 0.59714328513160486
vt 0.66903973407925865 0.70209298600157732
vt 0.68357765366226342 0.70040649028982649
vt 0.68237735976932179 0.70900609350354893
vt 0.45090925054219244 0.71861614624408521
vt 0.47285529777454655 0.708442336602918
vt 0.46837681911721213 0.72000736272673505
vt 0.23960082237652799 0.35321768871993298
vt 0.23610192909601735 0.35793480136041012
vt 0.21926856778021492 0.35833701726389983
vt 0.52348917771589121 0.46726343774645113
vt 0.50424500474418377 0.48308529056585175
vt 0.52149169151715302 0.46559696618690849
vt 0.48606927432472397 0.52009323553332021
vt 0.48716424887864745 0.51208719440063089
vt 0.50630818556535884 0.49839891499901418
vt 0.39976718072259465 0.58851306806979498
vt 0.42541923643286672 0.56608709582018923
vt 0.42001544940358831 0.57621061403292584
vt 0.39446855900039435 0.575761610927642
vt 0.40531217653292589 0.57059441695830049
vt 0.37817891117902208 0.59297444918178233
vt 0.47645987621993297 0.50130326424487381
vt 0.45929417173945192 0.51869008157531549
vt 0.45373693038988566 0.52033518120317424
vt 0.91088197148560723 0.25501993943464119
vt 0.91733675694992112 0.24373153542118495
vt 0.90876880729988174 0.23983196655658517
vt 0.58768129559345428 0.56605012815457412
vt 0.56377519192379733 0.57555235853706621
vt 0.58497780399743693 0.56366475102277214
vt 0.29242902208201893 0.58312980579652995
vt 0.23094382301113958 0.59022082018927446
vt 0.22775181911721215 0.54796292759266563
vt 0.33555769574378941 0.26787650412189473
vt 0.32780719359966481 0.2569975362591187
vt 0.3517118724738762 0.26499267963204848
vt 0.077982741876355482 0.06014804779919164
vt 0.083849260107575901 0.047937237953161967
vt 0.090034653335715698 0.053691943436390971
vt 0.75788551113958991 0.69151099171924291
vt 0.74773349701794167 0.68842950574231077
vt 0.76394158492705044 0.68398206452089905
vt 0.72300882911080444 0.32506014947259465
vt 0.73554887741522079 0.33242591833842666
vt 0.73318702866226337 0.31750401638283715
vt 0.070319287032359026 0.29412949619233042
vt 0.072030004266684738 0.28379743798674095
vt 0.083978887612135247 0.29989878176138607
vt 0.5575277334508083 0.791208627020899
vt 0.54223856158813089 0.79452216211553628
vt 0.53708642424093056 0.7902936002809543
vt 0.67687888160488963 0.89455250640772865
vt 0.66269569757985014 0.90535045347003151
vt 0.67325235360804414 0.88325695916305202
vt 0.76633601143533125 0.31977331119380914
vt 0.7685215706328864 0.33512136176557572
vt 0.7784685682423107 0.32438749199033912
vt 0.74857320213919554 0.6750888764294164
vt 0.73113039419854098 0.67996799216285486
vt 0.73748390366226335 0.67507601476242118
vt 0.52893081809444009 0.6426154007294953
vt 0.50999143582413253 0.65676277232847002
vt 0.50752496087588728 0.65085903612973184
vt 0.31175076938954061 0.36729116349566249
vt 0.30299553615437697 0.36358538606565455
vt 0.32473999408517351 0.36311123724615535
vt 0.098388604486026224 0.27613013234424288
vt 0.085404645757344244 0.26226571741916405
vt 0.098130995693266956 0.26133650048674095
vt 0.85627626244578081 0.10523406308532138
vt 0.85600054527306779 0.1169379875110903
vt 0.85882872572456626 0.12368048538544953
vt 0.96075435602326498 0.20585529315358833
vt 0.95839643508477923 0.21817800239057572
vt 0.96987104445977923 0.21192463294188682
vt 0.42869599640181388 0.63286202126873026
vt 0.44279415479593848 0.63010030559936914
vt 0.41096988521539829 0.64562141105579651
vt 0.70022919952681384 0.22215687845031545
vt 0.66566004226636433 0.27970713907235806
vt 0.63514558328815063 0.28202006343035291
vt 0.25095730850749209 0.19620259281964708
vt 0.25044118598432569 0.20367610702755323
vt 0.22984578707240733 0.18927086670692034
vt 0.854821815851735 0.16623381124309936
vt 0.85138282174191637 0.15863246977893336
vt 0.84989056030658516 0.17654417019913249
vt 0.97278910254830442 0.23875838318833795
vt 0.96141561514195584 0.24358148905757099
vt 0.96943151431880914 0.24759074791748817
vt 0.43776882424339508 0.64304607403391167
vt 0.46729955823639591 0.62791767300867507
vt 0.46063448066591089 0.63442255736149444
vt 0.57690679989402605 0.32739192348925472
vt 0.59538393231220421 0.3320998327213131
vt 0.56443136798846605 0.33678663957758281
vt 0.21524910430426852 0.20493926520603312
vt 0.23464794459779179 0.21877306628302445
vt 0.21785118512174684 0.21755554006678826
vt 0.92517736777898263 0.63559631925276028
vt 0.93983450808359625 0.63480517270061121
vt 0.93057395381506314 0.64868194868888007
vt 0.92788247671037061 0.85378002082511828
vt 0.92258932312204256 0.86945947111593058
vt 0.91554159170445581 0.86608224381407728
vt 0.59485625739353309 0.8040806141561514
vt 0.57923487714412458 0.800312376774448
vt 0.59515611907285093 0.80287685454455837
vt 0.52573677327730683 0.69832929256210563
vt 0.52737813763061914 0.68654407777996851
vt 0.5436553858808163 0.68599980591975551
vt 0.71957022008083593 0.71186816098186123
vt 0.72260565050768932 0.70416748817034702
vt 0.73295266906545742 0.70972827225453472
vt 0.83593141573836749 0.16910111580737383
vt 0.83767328593257095 0.15508636570879339
vt 0.83145524756013411 0.16216136077977128
vt 0.94190931831624602 0.26990308310331229
vt 0.93505289456821772 0.26427061640501776
vt 0.93030847976636433 0.27614930932078074
vt 0.53805258958497637 0.59710627895800472
vt 0.54070567422860805 0.59315173994479498
vt 0.56351753499605683 0.5839809092813486
vt 0.57902019512766167 0.35788373977227916
vt 0.61283686785291802 0.36085505440408122
vt 0.5922620899669756 0.36736752482994872
vt 0.25971645030313484 0.25421858826646293
vt 0.27632453990659506 0.252647751287707
vt 0.28005305630175475 0.26433253724492312
vt 0.92260634365141958 0.20681306375690064
vt 0.93087631851340691 0.21358854372042588
vt 0.93170501035094633 0.19929002828026421
vt 0.52507743955786668 0.58105337822850944
vt 0.50568812999063484 0.59385936267744477
vt 0.49713015390871451 0.59240753462638007
vt 0.1270591182287559 0.79471855283911674
vt 0.10029400846559543 0.80051469772772077
vt 0.12130755595980383 0.78045719760449528
vt 0.33825706698541008 0.23881125465176459
vt 0.31286047324773264 0.23054761435331231
vt 0.3194682316825217 0.22582324295765971
vt 0.11737963559123619 0.017292674934074329
vt 0.107542732310972 0.013441123120040172
vt 0.12263254833522279 0.0057316392002045545
vt 0.79518449945780756 0.36198187506161278
vt 0.78329238650926658 0.37329663779081229
vt 0.79917600613663253 0.38132624581033125
vt 0.69066504830441644 0.68428920420938488
vt 0.68626805254337542 0.68756007245662465
vt 0.67474268964412465 0.68854110188288642
vt 0.44616468170839907 0.68814570189274449
vt 0.45595237178381309 0.691630982600552
vt 0.43054056739205443 0.70143758009660884
vt 0.311605286222151 0.35238495354396687
vt 0.29024619695139986 0.35407302808310331
vt 0.29738392152996845 0.3491872504682571
vt 0.068490114422626674 0.21998762738441444
vt 0.056792298325980872 0.22317441344637223
vt 0.053789902936772972 0.20709159201251973
vt 0.84433093146194793 0.6807039567724763
vt 0.85292529758970825 0.66706365832018932
vt 0.86117725071470819 0.67481269716088332
vt 0.9332889207906151 0.7697037657728707
vt 0.94145415393335963 0.77467129583990535
vt 0.92923433803233435 0.78921576178036279
vt 0.11559015027356073 0.378559639626873
vt 0.12873191472483733 0.38512517405609226
vt 0.12749172655941937 0.39475475034503155
vt 0.56716893915122235 0.74672697530559939
vt 0.54813066837539437 0.745244109818612
vt 0.56397165966334784 0.73540709101439272
vt 0.73053352043079656 0.79227083127957409
vt 0.72530282679416402 0.77725957154475556
vt 0.7341764528292587 0.77241542106171135
vt 0.7945936329357256 0.23621830022673501
vt 0.8053909638702681 0.2348012448861396
vt 0.80182828211257884 0.22127044388924488
vt 0.80373835518533121 0.62114881641857256
vt 0.79207975465792591 0.6244810278859424
vt 0.80514212527109619 0.61102264115486993
vt 0.56756657260449528 0.044895217847372833
vt 0.59322328778095423 0.060612689959890081
vt 0.56619953913643528 0.047268137646022279
vt 0.4254753810750197 0.37634027041847395
vt 0.44318239230086753 0.36788641992803628
vt 0.45115096516413644 0.37507193291600949
vt 0.1888322800115832 0.29139670001971607
vt 0.18925197854027012 0.27727716969390775
vt 0.20686456818685922 0.28769660251749801
vt 0.88917864008280756 0.13869625055451498
vt 0.88943926212539437 0.15510124904500197
vt 0.89670849147279175 0.14984503424130027
vt 0.58480147593404963 0.51066617273757886
vt 0.59155000030806393 0.51854063208546919
vt 0.56854325062845035 0.52684853731269721
vt 0.27684364679860018 0.70117695805402214
vt 0.25309294210247435 0.71810191061218454
vt 0.24934116688436514 0.71743633859917189
vt 0.47365672595869479 0.2726288708226538
vt 0.46540538896145506 0.2742092000197161
vt 0.44385701369035885 0.26267883108241324
vt 0.53887689151222395 0.42712175146638409
vt 0.55433642270061123 0.41776265526419559
vt 0.56584145338377367 0.42362926976537857
vt 0.85061366324921139 0.27477388111198736
vt 0.84069184986198742 0.28341285874038841
vt 0.84642376343158521 0.29789640504855086
vt 0.70834491140082811 0.52222295815260256
vt 0.71619129842764195 0.51920200672811512
vt 0.71436332437894323 0.53590338192527598
vt 0.36193940075414038 0.69854170260745263
vt 0.39278995742557177 0.68572801656151416
vt 0.36550081174832411 0.70106613207314672
vt 0.42312227363466087 0.3319929345549093
vt 0.41589883028144714 0.33924213975009859
vt 0.39819193457955443 0.33402384568464116
vt 0.11925971094366128 0.1748325095191739
vt 0.12107262837021884 0.19159761543153589
vt 0.10572957420950808 0.17681058769346411
vt 0.82801286474763403 0.76360502513801265
vt 0.82160136225847791 0.74986576116423498
vt 0.83503579702287067 0.74683726217468449
vt 0.87811722138702686 0.79325447924881698
vt 0.88782092554712144 0.77655179478016556
vt 0.88698923008675079 0.79466063682965304
vt 0.85579622190457416 0.90099165763012623
vt 0.86013414641660091 0.90315133946175075
vt 0.85367828272870661 0.91941634217271295
vt 0.80508883021983435 0.92761330589511037
vt 0.80120391364353316 0.94479495268138802
vt 0.79237426372732644 0.93401317897279179
vt 0.78129905917291009 0.83927075118296535
vt 0.76907747190457409 0.84378897008083598
vt 0.77399879238958991 0.82536582585764984
vt 0.73997714166009465 0.19068884623915616
vt 0.74440163212243693 0.2071247473876183
vt 0.75202736839511042 0.19803917340299684
vt 0.89071757319597789 0.59439643354445981
vt 0.87216935503746051 0.60509414432176656
vt 0.87716368666206623 0.58836338753203865
vt 0.45694094877513802 0.034600286152836654
vt 0.46996615918276813 0.027839022856029426
vt 0.46069990573245267 0.041095654219859029
vt 0.35215394414185724 0.42986459822308754
vt 0.3516173738786475 0.41938595937253548
vt 0.37387044527553231 0.42005195497338327
vt 0.20796601208226537 0.35084555833497633
vt 0.19388758903046135 0.34801572204012227
vt 0.21201803405954259 0.34272256845179416
vt 0.95307116583694795 0.094198541009463718
vt 0.92713842542389591 0.099235626124433166
vt 0.93572663027405367 0.10592417431178529
vt 0.52624885246204656 0.49471766715546134
vt 0.54619648930402209 0.48301258749014198
vt 0.52778351118888012 0.50392920075906944
vt 0.38855739076054813 0.6087563307127366
vt 0.38598039789530758 0.6163923101094243
vt 0.35937553911179021 0.6324566862184543
vt 0.33645674166995271 0.62179809955392351
vt 0.30580357692971216 0.64478332326991328
vt 0.32704800867507888 0.62456632307275239
vt 0.46698625727030757 0.50266275014787065
vt 0.4625278797811514 0.50225891690901026
vt 0.48540974806535886 0.48328033350995664
vt 0.89377433704652998 0.24601459683680008
vt 0.88613219637223972 0.23913616577533517
vt 0.88728743592271297 0.25836077669065455
vt 0.62667063042192428 0.54340007794016165
vt 0.64313749199033909 0.5336903665344046
vt 0.64870936637421139 0.53798342924388798
vt 0.19520111565334189 0.79243056240141951
vt 0.22053896545987775 0.76705364624408512
vt 0.22201409084187698 0.76962451633970819
vt 0.38364924000640771 0.28316396237923896
vt 0.40779948430106466 0.29049089594218258
vt 0.38747323695041402 0.2936960503129929
vt 0.090148973916231265 0.075460858751170645
vt 0.096727995767202285 0.088320942105555009
vt 0.086682706526025236 0.089669039271983442
vt 0.79079851698048109 0.68094486272673505
vt 0.80801936489550474 0.67474099529278386
vt 0.80062136484621449 0.68539761805007882
vt 0.96326707906151421 0.70279837527109623
vt 0.96161585666403782 0.72192852609917191
vt 0.95128385622042588 0.71641972779475549
vt 0.094893099908196971 0.32624969963771688
vt 0.10720930129571668 0.34215573091236201
vt 0.093221266111740933 0.33713825598876185
vt 0.54663043578716486 0.77974156521096216
vt 0.5412148653144716 0.77237105986297316
vt 0.56195272451695588 0.77426157087933756
vt 0.69600841630520505 0.84959350971017356
vt 0.70419875665417986 0.82746851587145109
vt 0.70780803307373819 0.84032802641955839
vt 0.78441119750591481 0.29536069274324722
vt 0.79255378795346998 0.2811726759660883
vt 0.78175098888505523 0.27997326775680204
vt 0.7620546166453076 0.66244570374112777
vt 0.76858734227129333 0.65480849208891956
vt 0.77891164111790223 0.65321256715792586
vt 0.634384858044164 0.06950626794472102
vt 0.62940469735804416 0.072086817985077392
vt 0.60598275458399053 0.05663374169767843
vt 0.35800765846805993 0.36643459187697158
vt 0.38252511490782731 0.36564583281989355
vt 0.36739636731072556 0.37154779765132095
vt 0.12594012431917884 0.27333585817355088
vt 0.1406960472323541 0.27087596809074332
vt 0.14039664764885645 0.28706210644839314
vt 0.86353178295051258 0.12321598281619676
vt 0.86950829924093065 0.13565694044817134
vt 0.86649620465299682 0.11611095151690655
vt 0.64569973629731858 0.46928314305254337
vt 0.63733145054958595 0.48277083436021295
vt 0.6292976066517153 0.47377363620120266
vt 0.35989054490339117 0.66676653070780756
vt 0.32495298175029574 0.68366229421332803
vt 0.34705194419114749 0.66863678652405367
vt 0.58812567774053626 0.30089301942650826
vt 0.54856068704406546 0.30036542152380719
vt 0.55951944345179416 0.29549329498964905
vt 0.47372168892941641 0.46341109892547316
vt 0.49606502304317823 0.44705706575315457
vt 0.48192338913397081 0.46223899287756309
vt 0.85001640440161674 0.205898460604791
vt 0.84614750714708198 0.22677067416699526
vt 0.85332008145208993 0.21744538797565063
vt 0.70691387766167191 0.47129818889244873
vt 0.71106619368592272 0.48081127852671529
vt 0.70321079579061518 0.4856950537263407
vt 0.42495020917537463 0.65655991226340693
vt 0.42158337902947557 0.66194964387815458
vt 0.39324369701301259 0.67380363392152998
vt 0.5157732557423107 0.33742421628548896
vt 0.48690840182620271 0.34042518206575317
vt 0.49631262938682963 0.33343625234128549
vt 0.18199572638382294 0.20297814979914236
vt 0.16635505363392153 0.2033893765711258
vt 0.16357319828839709 0.18787805214289235
vt 0.90671679379436121 0.66382921862677446
vt 0.89767950882294956 0.67792914838820983
vt 0.89222901160784696 0.66614901666009463
vt 0.91427614230086751 0.84559514861001572
vt 0.9077644420347003 0.84213674647574921
vt 0.91960564742705042 0.82739750714708205
vt 0.32397476340694004 0.52586750788643533
vt 0.31058549850897083 0.537732049117705
vt 0.32397476340694004 0.56498422712933749
vt 0.55984129319055598 0.69867178258083595
vt 0.57670694345179419 0.69910646071569404
vt 0.56040008256111984 0.71167354162559149
vt 0.74010175349960572 0.7260783776123817
vt 0.74962616448146691 0.73588158640575707
vt 0.738264075438683 0.73806783874704263
vt 0.82044196384562307 0.18008852215595425
vt 0.81070260129140381 0.18313789247338327
vt 0.81511284379929017 0.19306378770701893
vt 0.93269728410883279 0.29558115095746251
vt 0.92806153884069398 0.31035466239279375
vt 0.94068938535094637 0.29883985068143731
vt 0.5848381740437697 0.57858740388406937
vt 0.60951127975897079 0.57224490770406156
vt 0.58308232545100547 0.58343236303479895
vt 0.53430433784749609 0.37196195103016561
vt 0.50952622085715693 0.38040182312204257
vt 0.50483683396589119 0.37282487646638407
vt 0.26396055010967073 0.27865225133083599
vt 0.26429452986371255 0.29018254325216875
vt 0.24480752553849566 0.28133017362480284
vt 0.92312011718749998 0.17683875628450316
vt 0.92442068587342274 0.16201558880249409
vt 0.91241528243296532 0.16881871749926064
vt 0.50946938307127365 0.57480992458596214
vt 0.50266332776764588 0.57054813036031149
vt 0.52983945250887221 0.55908938627513804
vt 0.1731416046431388 0.7570296326646293
vt 0.19872426896441245 0.74083540763012623
vt 0.19806699542217074 0.74672065999605675
vt 0.35312962095820188 0.23073445509660884
vt 0.35825930815013801 0.22684759386706427
vt 0.38257802487923898 0.24095647673501577
vt 0.61748786228312302 0.44392340145652603
vt 0.60535168572555209 0.44284121155362777
vt 0.5998502039382887 0.43689072666108042
vt 0.82838115511632493 0.37004748804712145
vt 0.8465177229150237 0.3673516210321372
vt 0.83592502341285491 0.34626938491965692
vt 0.6734454326449133 0.68376873028391172
vt 0.66978802124408521 0.67793238305895109
vt 0.68387917118493691 0.67728691221411674
vt 0.39078068778341879 0.70868408973284702
vt 0.36072666878203863 0.71916711849369086
vt 0.37981080256802052 0.7058091605875394
vt 0.32673528532876578 0.34082119818365536
vt 0.33304947813978708 0.33383819868888015
vt 0.35001621186169163 0.33842758034305992
vt 0.06449149339357009 0.18584271259488366
vt 0.063589891499901421 0.16844811665146886
vt 0.078126342965977424 0.1823100670655067
vt 0.85906839942330437 0.69931517399447951
vt 0.86475564373028391 0.711811400211948
vt 0.85056029118197951 0.71477266425966091
vt 0.91034416896687698 0.80130757713919554
vt 0.89971365462342268 0.81763088093947156
vt 0.90319662485212937 0.79868456723186121
vt 0.11261909557065754 0.38395895972988958
vt 0.10371665593577484 0.38467578587095819
vt 0.097211521281052843 0.36844351494725947
vt 0.59635737566541802 0.72596269962539428
vt 0.610376015070485 0.71391894223186125
vt 0.61277155831033125 0.72820648289629342
vt 0.75191923797318616 0.7835977548304417
vt 0.76365624075808358 0.77997007159404574
vt 0.75932378437992898 0.79751577287066244
vt 0.78691221411671919 0.20836520510893139
vt 0.78248641438288646 0.19487895785069992
vt 0.77558978829850156 0.20694510763751972
vt 0.83183077743000788 0.59073528686908516
vt 0.84717497720327284 0.57201643982896289
vt 0.84705691172121456 0.58675494750591484
vt 0.51254682570977916 0.036161327662904183
vt 0.48718161597988957 0.041634592724147282
vt 0.48633070503499604 0.04037503022876824
vt 0.43666387612135255 0.39194794182521686
vt 0.43944915867754336 0.4001350475034503
vt 0.41650051754731859 0.40080065802444798
vt 0.22275352117014985 0.31000185223407928
vt 0.2400905861839511 0.31697175901394914
vt 0.22002280442872635 0.3216359424290221
vt 0.90952287066246051 0.13290193479519913
vt 0.92377513801261835 0.13021692703198937
vt 0.91516513764294161 0.12213167497412264
vt 0.53797853872979096 0.52932571748077684
vt 0.51347201855776814 0.54051756272180596
vt 0.53360287639244874 0.521379479248817
vt 0.27401639053874211 0.69736235705835958
vt 0.27576823430106467 0.69265929983241326
vt 0.301419693137569 0.67748769284798893
vt 0.31220027309862974 0.62175215952779972
vt 0.33897666570139984 0.60196983746549682
vt 0.31575529176730088 0.62424632171727135
vt 0.54462440081575314 0.43416120366719241
vt 0.54484077718355683 0.43527158141512223
vt 0.52221025051754733 0.4455107776148462
vt 0.86415923205835965 0.29942397830614154
vt 0.87295684333103307 0.308743911887569
vt 0.87295530301163249 0.28539950494134464
vt 0.69843649879238956 0.54758759026271686
vt 0.6893731824231073 0.55506241374211351
vt 0.68430337514787065 0.54332983937549295
vt 0.48520230555007887 0.42951698664235016
vt 0.5052913437130323 0.41505796992064276
vt 0.51252710962145109 0.41653532876577287
vt 0.38442694727178628 0.32042074594587933
vt 0.36491421961257886 0.31480699412830243
vt 0.38729024700561909 0.31180265889934938
vt 0.089768534278267947 0.14422623787768632
vt 0.076479187974418369 0.12960259952003647
vt 0.088302053938904765 0.12551424525889687
vt 0.8524652041847397 0.75963130914826493
vt 0.86429139146293377 0.75857079924093063
vt 0.85575817601537851 0.77542928701695579
vt 0.87570800781250002 0.8294490585567823
vt 0.87349541600946368 0.84814884414432179
vt 0.86686780670839902 0.84558167081526026
vt 0.063205514420470232 0.35623451979002368
vt 0.065892149146046922 0.3701596618074724
vt 0.054629848732933264 0.35677332351636437
vt 0.78730846128253151 0.90302249174388804
vt 0.77929933951104102 0.89035367273757882
vt 0.791672263160489 0.88455891413643528
vt 0.7907999032679417 0.8033977905658517
vt 0.79597214178332021 0.78618718577484226
vt 0.80316397008083595 0.79997697222496056
vt 0.0087766111837200567 0.1704462574859523
vt 0.022271685194141858 0.16551636897427049
vt 0.024252622586319498 0.18227904888357649
vt 0.38440788581920349 0.91064006432373812
vt 0.39487485675029577 0.88358735767448737
vt 0.37208078667192429 0.89151376429416407
vt 0.43236807934493299 0.072269398782531552
vt 0.43120394444992116 0.074132492113564666
vt 0.42302839116719243 0.06085171864987924
vt 0.40342366793178236 0.73734981885843853
vt 0.38311786832117506 0.7355329351094243
vt 0.40909543202878551 0.72623025310528388
vt 0.24893248163939274 0.34052907660932569
vt 0.27084781875369679 0.33592356010942431
vt 0.26575163350872438 0.343271422762224
vt 0.96302832955441642 0.099614631339954657
vt 0.96896009956624607 0.10145660304120663
vt 0.9833060183359621 0.08461944868888012
vt 0.4853932666477721 0.53711657599319795
vt 0.46274772186760649 0.55824155596904579
vt 0.46307966069844242 0.55010416409946772
vt 0.34076848075216876 0.63745040171529965
vt 0.31981649789900435 0.64931178529179812
vt 0.3505817786376183 0.62452130723826893
vt 0.37759412891857258 0.58158910131604891
vt 0.39823683489008282 0.56146105456427442
vt 0.40437997523166402 0.56038918480136046
vt 0.51163822980333207 0.46559800590250394
vt 0.53211092302099761 0.45035696902109623
vt 0.51569150329012226 0.46578292124654969
vt 0.89807205922220035 0.28171552303085567
vt 0.90187526185429812 0.29804244658172319
vt 0.9080044237973186 0.28311369020480087
vt 0.63380150057916007 0.55160978780559933
vt 0.63656098278539042 0.55674344131999209
vt 0.61204876343158521 0.5607086470450513
vt 0.59419176360410098 0.38275392935479102
vt 0.5656925430057177 0.38170339301557571
vt 0.60096035063830833 0.37813809271490534
vt 0.34456744750591484 0.28959520021071572
vt 0.32474969809739745 0.29269482344859032
vt 0.32267534996056785 0.2817850877057867
vt 0.068526249353065852 0.084378658258576503
vt 0.056474684465570781 0.090045156388628741
vt 0.060611260350946369 0.078185573060429808
vt 0.77776602856368293 0.70071501626577282
vt 0.77210188904771293 0.71103669656940061
vt 0.76230799918671133 0.70438806190851733
vt 0.9397208325118297 0.69456960395307576
vt 0.92760860792093847 0.69287386632492109
vt 0.93788831452089905 0.67815642251577291
vt 0.066010758553393625 0.3112046491460469
vt 0.050443140264565263 0.30019015243000791
vt 0.053175575424820092 0.29415485370046335
vt 0.58694606263554816 0.78443545753647481
vt 0.60414407531545744 0.78919481343651421
vt 0.59190677678923498 0.79186357083004733
vt 0.70424180858142749 0.87598811489550477
vt 0.70969107354100947 0.88970404303036277
vt 0.69530710888209779 0.89784370687105675
vt 0.76215797207708991 0.28862888083472987
vt 0.75035858635646691 0.28325796037066248
vt 0.75257456686218449 0.29925059610360805
vt 0.78358851291403786 0.66070306338722395
vt 0.79447756986888807 0.66047586627563093
vt 0.77701127205737386 0.66890588032334386
vt 0.66599128795347007 0.8546541520849763
vt 0.67943766019321772 0.8388347637766167
vt 0.66739136127267351 0.86358723444893537
vt 0.32739646743148659 0.3769941360040418
vt 0.31091791868961949 0.38263659552444795
vt 0.30460081852572951 0.37659811988613962
vt 0.125212410045347 0.30457066677346212
vt 0.12421443710567823 0.32017982073762813
vt 0.11105206125542193 0.30533206590718653
vt 0.85880092295938482 0.087061403677666599
vt 0.859946150433754 0.070767414080983831
vt 0.85560984325709777 0.078077375249531747
vt 0.96806540504238958 0.17654530618469047
vt 0.95822699995070981 0.16926315740832018
vt 0.95471237615832016 0.18423939413076695
vt 0.40569086405757099 0.6345615326794164
vt 0.42909424598284701 0.61776827743000784
vt 0.43771387334877759 0.61911848290861593
vt 0.15634596189865932 0.73272639614550472
vt 0.16809012716876973 0.73660615265181384
vt 0.13156801819425276 0.74753025187302835
vt 0.2507189825882295 0.1829863057903687
vt 0.27672646700019715 0.19258295775211948
vt 0.27556312151887813 0.19800164737159898
vt 0.86137679909305997 0.18554094477030758
vt 0.86531662805599374 0.17510662861050869
vt 0.86169140933063881 0.16439942561489551
vt 0.68775923575512621 0.4801987705170544
vt 0.67469101192823344 0.48379780381259857
vt 0.68074785587539433 0.47088669256457016
vt 0.37228703543966879 0.67711485853706621
vt 0.34759733278292587 0.6857944813436514
vt 0.38210075691295348 0.66809967714905361
vt 0.53138635677494084 0.32069615505471216
vt 0.53385571982206226 0.31339473303184151
vt 0.56202708343602126 0.31567756339954656
vt 0.1760165915504239 0.1750048712601045
vt 0.17257965761780364 0.16282196526271689
vt 0.19263170886114944 0.1783869890760548
vt 0.89467811945485021 0.64196966032876579
vt 0.88684490215891165 0.63314821261336751
vt 0.90297943981664042 0.62759513012618295
vt 0.93911217530067037 0.81883440950315456
vt 0.95214058187105677 0.80678433680007888
vt 0.9463897993888013 0.82517521133182181
vt 0.17196281745982847 0.38896649959335566
vt 0.1727402359153194 0.37649226143533121
vt 0.18666820826966679 0.37506923735705838
vt 0.52471380865536277 0.72249936846904572
vt 0.50616501287707016 0.73301035402701109
vt 0.50577219292192432 0.72179782999802844
vt 0.71908093762322556 0.73076626269223188
vt 0.71070383354692424 0.73403027651813879
vt 0.70830062721805997 0.72309123619873816
vt 0.82847449847200316 0.19948834440309543
vt 0.83184980037460565 0.21052373170100552
vt 0.83656348580441642 0.1933449345056191
vt 0.95702585888209779 0.27647591479569206
vt 0.96926246426458995 0.26846527195879338
vt 0.96141938892448742 0.26633327736839513
vt 0.53284180457659702 0.60573638049585965
vt 0.50587373847841088 0.61996076806486589
vt 0.50841264694647081 0.61549002951251974
vt 0.5170867246032137 0.35624272199083201
vt 0.50445945571273665 0.35164983611001577
vt 0.53438732255520505 0.34969366897919951
vt 0.22450775242754337 0.25794710466162263
vt 0.20519551659232058 0.24577130338747041
vt 0.22266551117039629 0.2442223774521885
vt 0.90461086910981858 0.19188490425374605
vt 0.89759109448935326 0.2003435297343257
vt 0.90589364710666409 0.20819840777183557
vt 0.56385659780412067 0.55368856436070579
vt 0.59030650045593458 0.54469406176064672
vt 0.57191370052494084 0.55778685368197944
vt 0.18113212705786672 0.768708488392153
vt 0.19066173661770505 0.76970391980481068
vt 0.16408317878795348 0.78922130693020509
vt 0.39357694511533914 0.25672784558606071
vt 0.40870141832610413 0.26797394857797713
vt 0.38086588284946765 0.25935520689570191
vt 0.1240502968195485 0.045520640472508381
vt 0.11521365770406151 0.059963065066172119
vt 0.11318058050017252 0.046208975518163449
vt 0.81469218257097786 0.3299381869824527
vt 0.81036842899743688 0.31300091186908519
vt 0.80178669348876186 0.32968045303874211
vt 0.70715925054219242 0.67524213820977919
vt 0.72522273018533123 0.66986973518828863
vt 0.71613191911474761 0.67533178479889588
vt 0.43133556474270507 0.68069664025532339
vt 0.454523956587638 0.66587206723186121
vt 0.45883361623866326 0.67003917032235805
vt 0.35769997966778388 0.3489138052666601
vt 0.37175054219242903 0.35271669983487774
vt 0.34776491953371452 0.35417476617951499
vt 0.094421251940802448 0.21376697046899645
vt 0.10956753992507887 0.22766534943685923
vt 0.09589808130113861 0.23045442502957414
vt 0.82811537300374605 0.7086443494923107
vt 0.81245379041798105 0.7133340059394716
vt 0.81966579689964514 0.69990111149447953
vt 0.91660225564373032 0.76331860274546526
vt 0.9183184795199133 0.74460711073048103
vt 0.92773352782432961 0.74714979298107254
vt 0.086912416283640576 0.35074143274349368
vt 0.07417616016857255 0.33481275877365929
vt 0.088917835127291997 0.34858194345179416
vt 0.60306993358142746 0.75244217640970035
vt 0.60709243918819011 0.76329141610804419
vt 0.59037866441985409 0.76131703470031542
vt 0.74284282888899844 0.82055556240141958
vt 0.73719732723777598 0.84056223198442426
vt 0.73093076880421926 0.82598164555402209
vt 0.77237822234818609 0.23436298550867507
vt 0.76436317034700318 0.24642593913273855
vt 0.77581837169755519 0.24966463395849764
vt 0.82811568106762623 0.61585057977622237
vt 0.82374356146490535 0.62811390970031544
vt 0.81193963180205042 0.62939637963328077
vt 0.51913346251478709 0.025371676664623175
vt 0.52807440050768928 0.022356388320682177
vt 0.54695509660883279 0.030781492600305601
vt 0.38873622184296136 0.39263176662312699
vt 0.36454666089560334 0.39206562222742508
vt 0.38284430759562305 0.38463030794065456
vt 0.18532125671579258 0.31974608604840299
vt 0.16819248139294163 0.32478859116226338
vt 0.17032189594834385 0.31010969384611592
vt 0.89283859301064672 0.11168274503401025
vt 0.88501230715201107 0.099319361737849957
vt 0.88117783603608046 0.11115437697160883
vt 0.57327102998077684 0.49277401511977525
vt 0.58721554151468847 0.4757011533911672
vt 0.59276689114254733 0.48531571156595033
vt 0.32931489673698738 0.66450564989156147
vt 0.35961798538544953 0.64757630742310723
vt 0.3320056806979495 0.66723124507097786
vt 0.26607666015624998 0.66564471608832809
vt 0.2432651074526814 0.68589159848186121
vt 0.24100060688584385 0.68374747387618295
vt 0.49836537454406543 0.4589687792660686
vt 0.47506931437302841 0.47890929213081623
vt 0.49565167833201895 0.45758611155609225
vt 0.8667888653391167 0.25322487045913838
vt 0.86814604076301261 0.23097079785464314
vt 0.86159159663347795 0.24176757042340299
vt 0.68712462416206621 0.52381314539382884
vt 0.68163885363268928 0.51407101026468849
vt 0.69353728189077291 0.512583138739649
vt 0.30275884682447751 0.72144417266364358
vt 0.30308803233438486 0.71791930574723972
vt 0.33151362566541798 0.70698681178529177
vt 0.43168514023067822 0.3150750097040122
vt 0.45596403970327287 0.31257324218749999
vt 0.45331734738515378 0.32137972955071964
vt 0.11435627741768534 0.14096623850921727
vt 0.12638393847348187 0.14121065831710863
vt 0.13000013670334681 0.15735533320189274
vt 0.83748043794361193 0.79285561354002365
vt 0.84458862689767356 0.77645013369972393
vt 0.84795229938880123 0.79184755150828079
vt 0.86011335210469242 0.82517860003450316
vt 0.86817561489550477 0.82727974972890383
vt 0.859704628351735 0.84276773831821772
vt 0.84387815457413251 0.89056377230382489
vt 0.84329945657531546 0.91067533763801267
vt 0.83650456858734223 0.90330876010449523
vt 0.81075451005520505 0.89041844316837537
vt 0.79968777725749207 0.8970498262519716
vt 0.80323135905461351 0.87869568833793377
vt 0.80491854791009465 0.83093277121944009
vt 0.79807999186711354 0.81727337280658519
vt 0.80978079714609619 0.81377553849566242
vt 0.01678591827488848 0.20433422774546531
vt 0.012002368529888358 0.18744156413273858
vt 0.027670952348679022 0.19922184989279376
vt 0.92656789111790216 0.58063136922072156
vt 0.91617651136139588 0.56687273573048103
vt 0.93538198380816251 0.56317912682373816
vt 0.66903973407925865 0.70209298600157732
vt 0.64865730357847007 0.70316165960173505
vt 0.66025174980283907 0.69623492027306777
vt 0.45090925054219244 0.71861614624408521
vt 0.42759794120908912 0.72830721978509461
vt 0.43418634938140771 0.71662951929712149
vt 0.23960082237652799 0.35321768871993298
vt 0.2440800711935627 0.34750117834434147
vt 0.26061511114944796 0.34936007430500787
vt 0.99612463340398261 0.064349057170494869
vt 0.97863138000295746 0.082926541397624218
vt 0.99968454258675077 0.066160058824797904
vt 0.48606927432472397 0.52009323553332021
vt 0.48533966353263014 0.52865818156052835
vt 0.46451435269617508 0.54157522303824923
vt 0.39976718072259465 0.58851306806979498
vt 0.3712702706033123 0.61256792808556781
vt 0.38065050768927444 0.59979552259956626
vt 0.39446855900039435 0.575761610927642
vt 0.38518020196667979 0.5794660405781743
vt 0.41173642516512227 0.55808444339018137
vt 0.47645987621993297 0.50130326424487381
vt 0.49431310226488567 0.48344345333448346
vt 0.49829020695731469 0.48279798248964906
vt 0.91088197148560723 0.25501993943464119
vt 0.90462134328174293 0.26750440146268728
vt 0.91412195632886439 0.26907156092887419
vt 0.58768129559345428 0.56605012815457412
vt 0.61059574163298502 0.55712432379978316
vt 0.58866813972545351 0.56874715040910884
vt 0.71766561514195581 0.4413249211356467
vt 0.63620420630421926 0.3945081067010055
vt 0.64411794379682574 0.39339765193710569
vt 0.33555769574378941 0.26787650412189473
vt 0.34108432324526816 0.27872308676927249
vt 0.31868006949921135 0.27069378681363365
vt 0.077982741876355482 0.06014804779919164
vt 0.072794310753277802 0.072155318876922322
vt 0.065598602776271692 0.066673230673612485
vt 0.75788551113958991 0.69151099171924291
vt 0.76790505779278395 0.69542448122042588
vt 0.75229946581723184 0.69918309160587544
vt 0.96131703470031549 0.66748354938880128
vt 0.95044184062007098 0.68052358537066249
vt 0.94811410994183754 0.66434468651419554
vt 0.070319287032359026 0.29412949619233042
vt 0.068244924455034994 0.30346729747880519
vt 0.055876530307324528 0.28658818867680402
vt 0.5575277334508083 0.791208627020899
vt 0.57320772285341093 0.78785196298304416
vt 0.57750706236445193 0.79349939003351733
vt 0.67687888160488963 0.89455250640772865
vt 0.6907088703913643 0.88474036376182963
vt 0.68088779389294163 0.90658671382097789
vt 0.76633601143533125 0.31977331119380914
vt 0.7640559536425473 0.30425307216704456
vt 0.75456781718257093 0.314696052623472
vt 0.74857320213919554 0.6750888764294164
vt 0.76606822690753151 0.66886305944400626
vt 0.75959033665220821 0.6755770036474763
vt 0.63965991287953472 0.90346479445977923
vt 0.65255215521490539 0.87967263591778388
vt 0.65547344797417195 0.88737092123422712
vt 0.31175076938954061 0.36729116349566249
vt 0.31984707323910688 0.37173517750640772
vt 0.2977463971929219 0.37148325826843454
vt 0.098388604486026224 0.27613013234424288
vt 0.11162301914925078 0.29094860185208005
vt 0.097970658070657538 0.29082214162928827
vt 0.85627626244578081 0.10523406308532138
vt 0.85680567022377763 0.094816497899004343
vt 0.85387875529869872 0.089127588121672915
vt 0.96075435602326498 0.20585529315358833
vt 0.96405718589806777 0.19161265279968454
vt 0.95158521971115928 0.19901739174635252
vt 0.42869599640181388 0.63286202126873026
vt 0.41619861494479493 0.63439902898264988
vt 0.44794351956821765 0.61929527306782339
vt 0.053943217665615141 0.58993362763702684
vt 0.11699513336085371 0.5188199690087737
vt 0.1167954116965694 0.54936692872634074
vt 0.25095730850749209 0.19620259281964708
vt 0.25112121774571178 0.18931455401592073
vt 0.27378002852671529 0.2039116026099172
vt 0.854821815851735 0.16623381124309936
vt 0.85801212539432181 0.17522024642029771
vt 0.8584357132294953 0.1550900624753549
vt 0.97278910254830442 0.23875838318833795
vt 0.98440041527011046 0.23419129765748226
vt 0.97568374778194011 0.22882130138505521
vt 0.43776882424339508 0.64304607403391167
vt 0.40583858068809148 0.65960835838919563
vt 0.41582624272969243 0.65083469908320191
vt 0.57690679989402605 0.32739192348925472
vt 0.55565162442083993 0.32429518835025634
vt 0.58835657161869082 0.31673786151296335
vt 0.21524910430426852 0.20493926520603312
vt 0.19558850598260055 0.1900271057706526
vt 0.21281965478361592 0.19341711772353115
vt 0.92517736777898263 0.63559631925276028
vt 0.90980990918276816 0.63804662084729891
vt 0.91854821815851739 0.62349999845968063
vt 0.92788247671037061 0.85378002082511828
vt 0.93349647882985021 0.83684174450414039
vt 0.940461418079653 0.84246129177346218
vt 0.54914905054712149 0.89123173181190851
vt 0.56704509747141163 0.88947907938190063
vt 0.54941429354791005 0.88957858401518142
vt 0.52573677327730683 0.69832929256210563
vt 0.52473021305697953 0.71058114710666409
vt 0.50684614211602919 0.70999243703174286
vt 0.71957022008083593 0.71186816098186123
vt 0.71856924351833595 0.72063920174487384
vt 0.70765669669262621 0.71381535575216881
vt 0.83593141573836749 0.16910111580737383
vt 0.83283159996056777 0.18390535661474763
vt 0.84008627328962937 0.17691407790319399
vt 0.94190931831624602 0.26990308310331229
vt 0.9493621537361987 0.27380113090250396
vt 0.95373365721115932 0.26301731627070191
vt 0.53805258958497637 0.59710627895800472
vt 0.53523372806585179 0.6013759288125986
vt 0.51173396065408128 0.61078989889343449
vt 0.57902019512766167 0.35788373977227916
vt 0.54760522691985414 0.35587889854840299
vt 0.56534034897476337 0.3493293449329653
vt 0.25971645030313484 0.25421858826646293
vt 0.24235655005421924 0.25597158726833596
vt 0.23986698956895702 0.2430131689607157
vt 0.92260634365141958 0.20681306375690064
vt 0.91369790639787063 0.19970826350552051
vt 0.91452759944302053 0.21500866044583006
vt 0.52507743955786668 0.58105337822850944
vt 0.54464985459384863 0.56753630532827282
vt 0.55256963784010249 0.5707655849516956
vt 0.1270591182287559 0.79471855283911674
vt 0.15353164432176655 0.78432386139589905
vt 0.1381200074397427 0.80561939323738174
vt 0.33825706698541008 0.23881125465176459
vt 0.36521385024398662 0.24762858201276616
vt 0.35409043369233045 0.25095544087021887
vt 0.11737963559123619 0.017292674934074329
vt 0.12283371404894519 0.029544676290325561
vt 0.10920397641154869 0.034331387300220575
vt 0.79518449945780756 0.36198187506161278
vt 0.8054166101882887 0.34754550103509463
vt 0.79224171924290221 0.34433316492507887
vt 0.69066504830441644 0.68428920420938488
vt 0.69803901937105683 0.68019734572160884
vt 0.70803076325906944 0.67985547183063877
vt 0.44616468170839907 0.68814570189274449
vt 0.4379689502415221 0.68451024004337535
vt 0.46431237831476735 0.67434659651025242
vt 0.311605286222151 0.35238495354396687
vt 0.33416536252957413 0.3506369990881309
vt 0.3247202009808754 0.35551361180254337
vt 0.068490114422626674 0.21998762738441444
vt 0.081126023542241715 0.21686339754411474
vt 0.08293295297712934 0.23302209896244086
vt 0.84433093146194793 0.6807039567724763
vt 0.83606111063190058 0.69454495884266565
vt 0.82731910488958993 0.68674370317429023
vt 0.9332889207906151 0.7697037657728707
vt 0.92501455601833593 0.76595362714412463
vt 0.93674154672712939 0.75057577139195586
vt 0.11559015027356073 0.378559639626873
vt 0.10180164421394421 0.36536318420987773
vt 0.1033001631968405 0.36252518422220031
vt 0.56716893915122235 0.74672697530559939
vt 0.58561399441788253 0.74915759931979498
vt 0.57141694751823735 0.75793865215891165
vt 0.73053352043079656 0.79227083127957409
vt 0.73639035390378549 0.80655228768237386
vt 0.72555651739944793 0.81217761114944798
vt 0.7945936329357256 0.23621830022673501
vt 0.78359151653686909 0.23626181424980283
vt 0.78686569647082016 0.25100007162485211
vt 0.80373835518533121 0.62114881641857256
vt 0.81568129867409311 0.61806078408418774
vt 0.80044915713722398 0.63171043997683363
vt 0.56756657260449528 0.044895217847372833
vt 0.54157830367705051 0.032887694060990486
vt 0.570334526567429 0.042560016620046333
vt 0.4254753810750197 0.37634027041847395
vt 0.40733045704357257 0.38451070213919558
vt 0.4004265144420347 0.37706965016265775
vt 0.1888322800115832 0.29139670001971607
vt 0.18757757433581426 0.30548155390501774
vt 0.17170964671234226 0.2951594307595623
vt 0.88917864008280756 0.13869625055451498
vt 0.88939759648560723 0.12384636815790122
vt 0.88063248595228705 0.12585920941566442
vt 0.58480147593404963 0.51066617273757886
vt 0.57854596929219237 0.50207404007294953
vt 0.59908770732699135 0.49462732742261434
vt 0.27684364679860018 0.70117695805402214
vt 0.30253109134710171 0.68355169928036275
vt 0.30619635837687303 0.68484033049093063
vt 0.47365672595869479 0.2726288708226538
vt 0.47745484553677048 0.26990123472003152
vt 0.50260656699773265 0.28104228792882491
vt 0.53887689151222395 0.42712175146638409
vt 0.52097006235212939 0.4416347948910686
vt 0.51370418319942823 0.44056365677986986
vt 0.85061366324921139 0.27477388111198736
vt 0.85922666724171926 0.26447667263283714
vt 0.85411126651222402 0.25214358549388799
vt 0.70834491140082811 0.52222295815260256
vt 0.69875095499802842 0.52369819905855675
vt 0.70319577767645902 0.51021324181782335
vt 0.36193940075414038 0.69854170260745263
vt 0.33191476334532727 0.7102154752809543
vt 0.36070583596214512 0.69540276271687695
vt 0.42312227363466087 0.3319929345549093
vt 0.42825819912016955 0.32370798008675078
vt 0.44892223851537855 0.33051977308014591
vt 0.11925971094366128 0.1748325095191739
vt 0.11709860431659108 0.15801072947986494
vt 0.13254163483339906 0.17344999584113763
vt 0.84323591840003942 0.82236251109029967
vt 0.840871451104101 0.80761225847791795
vt 0.85032285094637228 0.80748756962243695
vt 0.84465355136041009 0.85334403341876974
vt 0.85212594883675075 0.83990490068020507
vt 0.85181765390871456 0.85746238540023656
vt 0.82942210296727126 0.8747517005126183
vt 0.83661731996746846 0.88300480887716881
vt 0.82819901234720028 0.89306009094045746
vt 0.81685602326498419 0.85554622806585179
vt 0.8136310565358833 0.87243428997436911
vt 0.8070302487923896 0.86094273708596214
vt 0.82550830540220821 0.82426804022082023
vt 0.81563116127760249 0.82729014688485802
vt 0.82081957314668774 0.8108751170642744
vt 0.046374117011903589 0.22652724593971807
vt 0.03211824675839782 0.21546472976636435
vt 0.042422615316011929 0.21111242252193416
vt 0.95920186809936914 0.58176150156496453
vt 0.94313186982452679 0.57905516037805604
vt 0.95330906816837535 0.56475117680402209
vt 0.68597485274546532 0.6909462336110016
vt 0.67590501466384068 0.695544318069795
vt 0.6727164764885647 0.69172332474861986
vt 0.46691979248817034 0.69472540726044951
vt 0.45768507707758282 0.70677586504337542
vt 0.44360859867902208 0.7043670365486987
vt 0.27032726781225352 0.35597374371549684
vt 0.25578694148018533 0.35437215811070583
vt 0.27615031052839117 0.3515724735681191
vt 0.48771129331378155 0.50548773443661277
vt 0.50585652540910886 0.48568654346165219
vt 0.50652964498718456 0.49082142923156546
vt 0.44835116509759465 0.545136711048403
vt 0.46663152171234229 0.53307797404869872
vt 0.44440521336504335 0.55425031884611597
vt 0.41775210407630126 0.56391385917783909
vt 0.40795771361149447 0.57663038957758284
vt 0.39210686427937697 0.5856768779574133
vt 0.44339376263061908 0.53511185029327679
vt 0.42012538970080837 0.55463778619134463
vt 0.43638365351439273 0.53784711097693216
vt 0.48461906360902995 0.49997327545839904
vt 0.4808884485286869 0.50031453322160879
vt 0.50162014645356856 0.48241902540910886
vt 0.92970544472101735 0.256134033203125
vt 0.91998287164826498 0.25686062111839508
vt 0.92418008798304419 0.26818581951153392
vt 0.5424300232896293 0.58966588161721212
vt 0.56538886903588326 0.57792953346805997
vt 0.56505107699132495 0.58074662361987384
vt 0.64788683581427442 0.36501137525877364
vt 0.67549667599073349 0.3893080654204456
vt 0.62939014133970816 0.37537214116719242
vt 0.29182259833399055 0.25105111395899055
vt 0.31299748465841876 0.25969390387790814
vt 0.29700429055969046 0.26204882119356271
vt 0.8384189545544164 0.14167470841753746
vt 0.8331043905264196 0.13738728712785883
vt 0.83272200623521297 0.14945747062610903
vt 0.72726419250295737 0.69760865413052053
vt 0.74230964732847005 0.69508314644124602
vt 0.73725331784798898 0.70206341186908516
vt 0.72845524447949528 0.35467929779919166
vt 0.72562213500591488 0.34034697234818612
vt 0.71464458670149844 0.34826598543473974
vt 0.047781882301113958 0.26325760609720034
vt 0.058541114397981563 0.27794932657235805
vt 0.044225905746315554 0.27083880788520309
vt 0.56322190919509074 0.79856380619085177
vt 0.56109026117655758 0.79553353583399056
vt 0.57897849097988963 0.79795075906940061
vt 0.52921566165960177 0.67565941073541014
vt 0.54617311495711751 0.66288631210567828
vt 0.54487427913052056 0.67407827287066246
vt 0.74757638443907726 0.33847656250000002
vt 0.75684810602326502 0.32972358198195978
vt 0.74517055956723188 0.32402197419656942
vt 0.7371536591827681 0.68611409761928233
vt 0.74249772032728711 0.68067800239057574
vt 0.7534463876429417 0.68198943032827286
vt 0.64813952521194795 0.91743926520603314
vt 0.64383025064077282 0.91008739772279179
vt 0.65897605727523656 0.89590275039432177
vt 0.27063394540491914 0.3667182031866128
vt 0.29048086461208594 0.36719905239550471
vt 0.27658502717123423 0.37068880002957411
vt 0.073243371620539233 0.27301009987430996
vt 0.085508636570879343 0.27567779829825512
vt 0.085006145874408523 0.28806192777134265
vt 0.095455123949502174 0.015383723406385549
vt 0.09306682983783518 0.011975462278733117
vt 0.10825177021207118 0.0065925796701328991
vt 0.93945505039925081 0.21906871133798306
vt 0.9494221491768533 0.21243168683458202
vt 0.94050416194302056 0.20618338118592272
vt 0.48749237541896689 0.60576040947850951
vt 0.45934076640132099 0.61839969286031149
vt 0.47765508705885251 0.60584019802346212
vt 0.15060016620046332 0.58503325549585961
vt 0.11369347797959385 0.59022082018927446
vt 0.14076640132097792 0.55808937241226342
vt 0.28981716023634663 0.22307756586405758
vt 0.27152503943217665 0.21019471947703075
vt 0.29445708362085959 0.2176399303159503
vt 0.85466447222496056 0.1292724609375
vt 0.85519950216876972 0.14744909629460765
vt 0.85767803011632493 0.13535924484301065
vt 0.95612261558556777 0.22936434098974764
vt 0.96441846781348584 0.2342275336713821
vt 0.96715877304317821 0.22361369328543967
vt 0.45816723555796529 0.62620183421234232
vt 0.44704539783369479 0.63502000874901421
vt 0.42822812438387226 0.64091708306634465
vt 0.64300841322456626 0.30905263040344044
vt 0.60906543430845816 0.31907040568932371
vt 0.62332786776666005 0.30218690697703077
vt 0.25026788079776224 0.21186950876133676
vt 0.23256027269814669 0.20791960996032138
vt 0.23100766925029576 0.19809004245120268
vt 0.94122549351833595 0.6072842089535686
vt 0.93379514676163244 0.62149165300916798
vt 0.92644867039629342 0.60908757639984223
vt 0.94098127587736591 0.86388644149250793
vt 0.93462915270110414 0.85852127797220035
vt 0.94712560996648265 0.84868348900828072
vt 0.23432116583694795 0.36146425072703076
vt 0.21786882177888406 0.36590094822062302
vt 0.21763045735163644 0.3632643449945781
vt 0.49333488392152997 0.69793165910883281
vt 0.50905103232206228 0.69819297429514982
vt 0.48939297552740535 0.70930545457906147
vt 0.69832274620465296 0.69993284207413253
vt 0.70925531718257095 0.70593577484227132
vt 0.69595219464708202 0.70737589646589116
vt 0.84747048748028386 0.15235568747535488
vt 0.84220182497042584 0.16143001712835173
vt 0.84629175805895107 0.16851175109670741
vt 0.95041788865339116 0.24865782343626774
vt 0.94643154204455837 0.25865636398363567
vt 0.95784854347397475 0.25300002233463131
vt 0.49430597828765771 0.61416323688880126
vt 0.51548891278095421 0.60606427598826895
vt 0.48896623003746059 0.61975070700660484
vt 0.6122081094735804 0.33977062333645502
vt 0.59710462311464907 0.34993392029771292
vt 0.581408575882295 0.34187901253203862
vt 0.25346548760350945 0.2310073226784306
vt 0.25652985678110213 0.2422343642177642
vt 0.2371669636915911 0.23057110422417193
vt 0.92366369590398267 0.23440501697431979
vt 0.92288375517547316 0.22102936464905362
vt 0.91559326942034702 0.2297712163594243
vt 0.53894370286622639 0.58492635732945586
vt 0.53276401844686516 0.58317740166600951
vt 0.55948790541206628 0.57338874889097002
vt 0.19629757276468848 0.58174594433901816
vt 0.18296391339708201 0.56082128290122235
vt 0.20457174499704259 0.55787257245662458
vt 0.31789446809690458 0.24621100681437302
vt 0.3286615702632098 0.24285064600995662
vt 0.34159339880717665 0.25416858564791994
vt 0.089942272679662857 0.03510306565919509
vt 0.10297520393828864 0.02615505663754436
vt 0.096347055525433753 0.04087292884802593
vt 0.77006242914530754 0.35021587576399843
vt 0.78185249593355677 0.3561721368542981
vt 0.78036285304120667 0.34008457893828864
vt 0.71383468676064665 0.68377489156151416
vt 0.70169766302740533 0.68370696347594639
vt 0.71937344427740535 0.67971260720623028
vt 0.49308739310183358 0.67010078309838328
vt 0.47097025489205441 0.6785675337638013
vt 0.48832006604889588 0.66503405646194791
vt 0.2935488535402701 0.36052658129189669
vt 0.30292387279426264 0.35677786745859619
vt 0.3143588767066739 0.35975619054367114
vt 0.072695316350798497 0.24924874772032729
vt 0.070771288946976041 0.23536771659971412
vt 0.084520598691344637 0.24804194597791798
vt 0.825571227449724 0.66813233192034704
vt 0.83533731454554416 0.67373354938880126
vt 0.81791376059739751 0.68000003080638804
vt 0.95842947493592268 0.74144406484128544
vt 0.94562210419952686 0.75521375012322556
vt 0.94903291046431393 0.73575859190161674
vt 0.11905517578124999 0.35734046911967665
vt 0.11705989416465398 0.37012735360804416
vt 0.10527370705589512 0.35374066566443219
vt 0.53615021810922714 0.76372517005126184
vt 0.55187402959877763 0.7556193932373817
vt 0.55656126004288253 0.76544008465595426
vt 0.71144788483339905 0.80548161166699528
vt 0.72087163594242898 0.79812897402405358
vt 0.71489111482156942 0.81904327681388012
vt 0.80087328408418768 0.26542327592049486
vt 0.79782198836750784 0.25059317700118294
vt 0.78975934049684537 0.26604063593626776
vt 0.77416345253351737 0.64609752378253149
vt 0.78920282309739742 0.63431315617606465
vt 0.78464232243197951 0.64406337798205837
vt 0.62510736026222402 0.074132487300066538
vt 0.59608058026912458 0.058855767957043573
vt 0.60030101691886828 0.057697784712638013
vt 0.40763166650236593 0.36430868154820584
vt 0.41725681437302842 0.36949455189027997
vt 0.39211460438436513 0.3707968919435134
vt 0.15607169840238072 0.26815018037140181
vt 0.17227457810651617 0.28031743287288052
vt 0.15606833858068808 0.2835674297922417
vt 0.8763420802937697 0.14884059196014884
vt 0.88204095401222393 0.1430523604624655
vt 0.87431224738761826 0.12979437891241127
vt 0.62669866423501575 0.49690014571421531
vt 0.60608249026518135 0.50328804280855677
vt 0.61877707111346614 0.48815694622436906
vt 0.29166974088747044 0.70049074576104098
vt 0.28196584418745069 0.70145852844045742
vt 0.31322291040270112 0.68504018693316249
vt 0.51433452040615146 0.29398202986371252
vt 0.49552456347348184 0.28370987082881505
vt 0.52658279370810335 0.29105788751355482
vt 0.51778649170692037 0.43018151893976736
vt 0.52849829640674295 0.42640889164777207
vt 0.50555019438830839 0.4432573288397082
vt 0.84156205330737377 0.24791113435281939
vt 0.84562210419952677 0.26136880868616919
vt 0.849758323886041 0.23932158172318613
vt 0.71477381949921137 0.49103249149743688
vt 0.71141484498225549 0.506811484929515
vt 0.70727562167291014 0.49575299284059543
vt 0.42035790091433362 0.6661659601735016
vt 0.39097565371155363 0.68247062610902998
vt 0.39094854409010255 0.67881198245268137
vt 0.4593629855086751 0.34262452712194402
vt 0.44203027189718058 0.33809371611297317
vt 0.46928210333694798 0.33741917173945191
vt 0.15126509320472692 0.20455757405855679
vt 0.13486973133749014 0.18979280393582412
vt 0.14880837040368691 0.18853532568513406
vt 0.80149464893040223 0.76961843207807568
vt 0.81492253733734232 0.76651946347594635
vt 0.8086868623077681 0.78311640501774449
vt 0.875971710493888 0.75817093232452681
vt 0.87776795396293372 0.77549536671924291
vt 0.86675374605678235 0.77504975231664042
vt 0.87067863392153 0.86715861901123814
vt 0.8627232692971214 0.88401495034010258
vt 0.8650136472298896 0.86455332277701102
vt 0.66152205121253949 0.75525141093257098
vt 0.65824263419262619 0.74344193611987386
vt 0.67100133083596214 0.74185325069006314
vt 0.77172828457708986 0.87711886336750788
vt 0.7766057829751577 0.85795590373619879
vt 0.784147956920347 0.87168831328864349
vt 0.72457494886139595 0.20581616904081229
vt 0.73240554761435328 0.19848700201473776
vt 0.72086832425571767 0.18864141518385252
vt 0.87756270640279965 0.62617934554909305
vt 0.88486928849566249 0.61125561446421528
vt 0.8948470154771293 0.61872778089264591
vt 0.70394244750591484 0.73895205909897477
vt 0.69132184049684542 0.73054022082018932
vt 0.69910422725256305 0.72637850884759458
vt 0.4868215278120071 0.74290852351143533
vt 0.46543018810380521 0.74205795913840689
vt 0.48598097551508279 0.73220854076301267
vt 0.17485804031323934 0.36464127501478705
vt 0.19076208842665615 0.35713506752760255
vt 0.18802684699699329 0.36638356879682571
vt 0.94652657975157728 0.081530087829012221
vt 0.94963409712638014 0.090120940103139785
vt 0.9733969895997634 0.075346716270085767
vt 0.56053050910636826 0.45295548784996059
vt 0.54434910723087537 0.47333965121007493
vt 0.54343943310084775 0.4639123573664235
vt 0.43849435318907731 0.57950373989550474
vt 0.41346250708546922 0.59385843848580444
vt 0.43910327995613169 0.57174064564027993
vt 0.30204694970549095 0.6580942244183754
vt 0.31807135452607455 0.6405818325487973
vt 0.33246796905806386 0.63427164456821772
vt 0.41867618019272479 0.54143282050966091
vt 0.4433296468355678 0.5218637556683754
vt 0.42387880150828078 0.5411784367606467
vt 0.89137721497929812 0.2095268369849172
vt 0.89239790763012616 0.2278901397993888
vt 0.89895281385548109 0.21754379513135844
vt 0.61528582166798107 0.53652605604298109
vt 0.62157987480283916 0.54031855345524449
vt 0.59820052186021289 0.54871260104495267
vt 0.20511690254091089 0.76615109609128551
vt 0.19699695478854495 0.78081578396096218
vt 0.1777463317293474 0.78838260301656149
vt 0.42032139534453866 0.27849974045618098
vt 0.40253532722545349 0.28058165541206626
vt 0.39361067811021294 0.27016572681511236
vt 0.10901747261312106 0.073970094313756896
vt 0.10011205823639589 0.073519839698959977
vt 0.10583167813177741 0.059956494641228805
vt 0.80507496734522865 0.66138480875394323
vt 0.79788021244085172 0.67135221559542591
vt 0.78764386583201895 0.66958377489156151
vt 0.73831274953174286 0.27622957921554614
vt 0.72875691603410886 0.2848490718035292
vt 0.74075469489353307 0.29296251170642745
vt 0.12296589270751183 0.33202782278933357
vt 0.10879248008367015 0.32984996518878157
vt 0.10999459347890378 0.31878259700931583
vt 0.29418229063978707 0.38841491121598976
vt 0.27228410883280757 0.38676237954702286
vt 0.28865321788125986 0.38160754664087143
vt 0.69118667746944007 0.8255360311514196
vt 0.69297144555895107 0.83747173513899842
vt 0.68084659034897477 0.84938841618197947
vt 0.80702524275433751 0.29673076834212342
vt 0.79548532383675075 0.29702770341458007
vt 0.79858583275828077 0.31327543529426261
vt 0.74280740154278391 0.66396653810134065
vt 0.75209737591186909 0.66346832179120663
vt 0.73461837046529965 0.67002238084089116
vt 0.47860742803627759 0.65086874014195584
vt 0.50429352480530365 0.64031015871451102
vt 0.48098167636041012 0.65533366398856463
vt 0.38471756703470034 0.35636063344095031
vt 0.37186633570337146 0.36133143668671136
vt 0.36029788236888799 0.35762881691147475
vt 0.12477785706144026 0.24151409161203669
vt 0.12559222392855382 0.25759489137667585
vt 0.11068660122362974 0.24408804234646095
vt 0.86851887507393533 0.1652131571002563
vt 0.866662636164235 0.14403674971041996
vt 0.8643571631013407 0.15381386934394717
vt 0.65980059025039428 0.48759796431388014
vt 0.65235976932176654 0.47860758206821769
vt 0.66700266167192424 0.47467160390378549
vt 0.32551242575660488 0.6926283394124606
vt 0.3408092992162855 0.68036285304120658
vt 0.3600791570139984 0.67516104039333591
vt 0.53283086830885251 0.30817085530855676
vt 0.56016198768976733 0.30683489778440459
vt 0.56351999950709775 0.31012120773363566
vt 0.16749333041699527 0.15073911263739648
vt 0.18463791326769519 0.15741844778933359
vt 0.18928496062943612 0.16764799773881112
vt 0.83492381580244479 0.22230035920248423
vt 0.84284013333004737 0.21479449828716482
vt 0.83975949452878551 0.20366750049290222
vt 0.98191356959779175 0.26144923261287462
vt 0.98602452804613561 0.25349209662115535
vt 0.97364629029475547 0.25953973715989748
vt 0.47805087212884462 0.63478688140772865
vt 0.45159681061464907 0.6456574545297713
vt 0.48056363367507887 0.63019588241817825
vt 0.49041386071815851 0.34852868690851735
vt 0.50387721497929816 0.34324596898412857
vt 0.51966814588673105 0.34594299123866323
vt 0.18641863801877959 0.23282649765255323
vt 0.18457537630002957 0.2178732694511534
vt 0.20336844748126973 0.23147278794730874
vt 0.91511715669361193 0.69206851032630123
vt 0.91155847976636439 0.67698031163742112
vt 0.92489741472791798 0.67717970598383281
vt 0.89065565235607258 0.8753089880717666
vt 0.90226873644518923 0.86010341704455839
vt 0.89652203580934542 0.87726827434936905
vt 0.62025785716926263 0.79569773388209775
vt 0.62452947093109223 0.80906878450315456
vt 0.60810566128992505 0.79876019691443223
vt 0.59271117008822949 0.67183402750394317
vt 0.57652403052296919 0.68564599455343056
vt 0.57674880163150632 0.67212129707216084
vt 0.76694767226932181 0.72196726513209775
vt 0.75304028243296528 0.72380039925078865
vt 0.75734408887026816 0.71377137963328074
vt 0.81049935614649049 0.16531339338525236
vt 0.81601893668671133 0.17207462539432178
vt 0.8194449921135647 0.16147686209212342
vt 0.9074982748422713 0.31099104535316441
vt 0.92005603681979498 0.30500765538742114
vt 0.91322456624605675 0.29582869953913643
vt 0.63844329160094637 0.56142400988268926
vt 0.61107978700463328 0.56670253043671137
vt 0.61205276826202681 0.56333812629386826
vt 0.53798481553134858 0.38453958312795744
vt 0.53807442361248026 0.3788910778539038
vt 0.56853793652651818 0.37763598709828472
vt 0.30448225243986593 0.29544806736124801
vt 0.28420186809936909 0.28739510424881703
vt 0.30368609984966483 0.28470780526049883
vt 0.94841069844242898 0.16201984393483831
vt 0.93482015230678228 0.16951496112233833
vt 0.94512951005520507 0.17686567336602918
vt 0.45212960709532729 0.60081105518040223
vt 0.48125273406693614 0.58714661222151021
vt 0.45948902214363169 0.60345609165516556
vt 0.18481501149078272 0.73576706365832023
vt 0.17600363361346608 0.74748296406742898
vt 0.15389504417636041 0.75034241300276028
vt 0.30404792087687305 0.20241431588254141
vt 0.32932849005569798 0.21672064844366129
vt 0.30168435851858244 0.20715628542734621
vt 0.42294028489747632 0.87865564003351737
vt 0.41230283911671922 0.88025695608241328
vt 0.42681388012618299 0.88864353312302835
vt 0.30694006309148264 0.7441640378548896
vt 0.2831996592813486 0.77641794102425077
vt 0.30525891998964905 0.77964822185528393
vt 0.64355792217074137 0.6834716796875
vt 0.6586142362480284 0.68592309801360407
vt 0.64749012655264193 0.69375639232551267
vt 0.36413859177839114 0.73360437820386437
vt 0.37547337865979891 0.72164995933556786
vt 0.39153032272772081 0.72412294213328077
vt 0.29298186196889786 0.33225424974122636
vt 0.31013297192305794 0.33659641013160491
vt 0.28773591917019914 0.33966953987578863
vt 0.036134121771490536 0.16066093565161671
vt 0.049925915450327783 0.17249311092148067
vt 0.036899862680525433 0.17739658295544164
vt 0.88845792463525242 0.69303937364451895
vt 0.87381056535883284 0.69579508206821772
vt 0.88325611198738174 0.68031333177247633
vt 0.90152876700512619 0.83908822333399058
vt 0.90621873151616716 0.82037272648856463
vt 0.91279859091581228 0.82357443439471612
vt 0.11762241880976439 0.41382871802296922
vt 0.12011478075093651 0.39993642331673895
vt 0.1360351369960075 0.41581264941098184
vt 0.59311665917044554 0.699548378351735
vt 0.59428191079702286 0.71281822998817035
vt 0.57758407833448344 0.71213979630816249
vt 0.75908549696865146 0.74935753277799688
vt 0.75563702989451897 0.76601023388209777
vt 0.74697111593059939 0.75106913569597789
vt 0.80017983229002365 0.18441200617360015
vt 0.79360274546529963 0.19575341642843061
vt 0.80450928504534702 0.19522048516980481
vt 0.92380440408123032 0.32811275446076499
vt 0.93440049228608046 0.33017223851537852
vt 0.9369427124408517 0.31320356014023065
vt 0.51042056880914821 0.040760808036154374
vt 0.51266962767399449 0.037127952696021045
vt 0.53826284318316242 0.041112111569955145
vt 0.48619808353460175 0.38894624439323738
vt 0.4611140206033123 0.39077633638111198
vt 0.48303041668720426 0.38152067262667588
vt 0.26314980299314866 0.30155968891709384
vt 0.24266370899669756 0.30549793905264194
vt 0.24430626709754535 0.29346365462342272
vt 0.9269743814077287 0.14820633656595031
vt 0.91811369405559939 0.1414230972434444
vt 0.91448485557965298 0.15406233249026519
vt 0.49684419361198739 0.56542541311366323
vt 0.51794167888653386 0.54750275717172714
vt 0.52346006567921921 0.55370589295396289
vt 0.22529525997510844 0.72334022882985016
vt 0.24869525319770308 0.71176950352425084
vt 0.22290849655584583 0.72939684172910091
vt 0.36185911160538248 0.22309027349911278
vt 0.39208710968306387 0.23441635757590695
vt 0.38834320934789041 0.23776248967986002
vt 0.58652039536918377 0.436623481245071
vt 0.56705495551557572 0.43161093534355283
vt 0.58631006475502756 0.435065871759168
vt 0.8614949415910883 0.35397879904376972
vt 0.86250662337342276 0.32526270147377762
vt 0.85009134094045746 0.33859786265279967
vt 0.66960102646884856 0.66683160920248419
vt 0.67975481195780763 0.65953011016364349
vt 0.68104197986494475 0.66961134660883281
vt 0.33012548982156942 0.72981588562204258
vt 0.31658205820558949 0.72829859399645114
vt 0.34844223648215694 0.71691886829652995
vt 0.3384167981072555 0.32622990653341877
vt 0.36143979815654576 0.32334846953864355
vt 0.35636213525236593 0.33114148449822556
vt 0.063603975795420944 0.15177233963734721
vt 0.076945856617828268 0.14763030524509563
vt 0.077301068712108137 0.16494681662189473
vt 0.86957869183753944 0.72601645677247639
vt 0.86076205762026814 0.74282796480678237
vt 0.85611691640378551 0.72808957265378549
vt 0.88932558655362781 0.83399361691640383
vt 0.88275881986888804 0.83167559025039428
vt 0.89279184431683756 0.8152207431733044
vt 0.089995269294040808 0.38435347403637621
vt 0.076521277202040619 0.36989865468503547
vt 0.087749926449748619 0.36932765828322162
vt 0.76036003425670351 0.91527611765575712
vt 0.7741546727129337 0.90898021613761826
vt 0.76887153120070983 0.92757171727129339
vt 0.77582830675768932 0.77648117113564674
vt 0.78342408381802053 0.78963234116226344
vt 0.77119756752760249 0.79354844920642742
vt 0.77814109633773665 0.18182342240486987
vt 0.7666629442281151 0.17853014251035096
vt 0.7711174709187697 0.19260084471115932
vt 0.43153680747239748 0.15625266667796234
vt 0.41705487849960565 0.14267621446483142
vt 0.4451104100946372 0.14390031591950908
vt 0.4266013160488959 0.50532858093454258
vt 0.42007918011878942 0.48462418517103706
vt 0.42559606510005915 0.50565200950069011
vt 0.43985734331871057 0.40897547965546138
vt 0.4166066455540221 0.41983835118050078
vt 0.41801014608389198 0.40956030042389591
vt 0.25775208097151026 0.32250098580441638
vt 0.25370439114254734 0.33191745890427837
vt 0.2366999773573048 0.32727339591137616
vt 0.93982387987973182 0.12531501457142152
vt 0.94976294484424295 0.11359329945657531
vt 0.93177278440457412 0.12014346919977327
vt 0.48870949730136043 0.55269078396096216
vt 0.4864687561612776 0.54520598691344635
vt 0.510146584495761 0.53284257473629737
vt 0.28067022377760253 0.68466773770208988
vt 0.3103466912398955 0.66180115708793374
vt 0.30439972982797714 0.6710557041108044
vt 0.36657426033862384 0.581533264737776
vt 0.37150178060922712 0.58224520036474758
vt 0.34385035180895113 0.60331187925128149
vt 0.54688578223580442 0.43693601205145899
vt 0.52808137045297709 0.44974819628598184
vt 0.52467233555550075 0.44781559604199528
vt 0.88325757529081228 0.31407299342591682
vt 0.89136312105678228 0.29649384796431388
vt 0.88158216987874605 0.29245414854224172
vt 0.67767291625591486 0.55934419361198739
vt 0.65783606688682961 0.55310582302346212
vt 0.67386755717665614 0.54926164789530763
vt 0.52226805100305596 0.40222356657876579
vt 0.5554754118814077 0.39025617051951894
vt 0.53473793775877365 0.40310932725009857
vt 0.34514745477622238 0.30913047429514984
vt 0.34592681788495661 0.30013495123348777
vt 0.36679317823343849 0.30610307278317234
vt 0.064282289137975651 0.11603808478226045
vt 0.065371059092813488 0.098090754848925474
vt 0.075886217953654869 0.11054370771823245
vt 0.79696718811612777 0.71714498718454256
vt 0.78753180759562302 0.70797523474467661
vt 0.80350099196569402 0.704431190851735
vt 0.9186045938485804 0.72614299401123816
vt 0.92901545864550472 0.71004242039629339
vt 0.92911904512519716 0.72827156139097005
vt 0.061128798042562105 0.31979581911105087
vt 0.06353410787010795 0.31653996897796727
vt 0.076332689158923994 0.33239264743937302
vt 0.61131264479002367 0.77322147020406151
vt 0.59938522001922323 0.77976805870465304
vt 0.59470357323294554 0.77066068920051267
vt 0.73087647254534704 0.8611412072407334
vt 0.71760931646786275 0.86815304921628544
vt 0.72473984005323344 0.84675647242212149
vt 0.75623197826301258 0.25725944831920344
vt 0.75961475071470819 0.2730641843392646
vt 0.767939483931388 0.26224305546998228
vt 0.8182339930007887 0.63982788471017349
vt 0.80094999199033912 0.6507389682324527
vt 0.80685781003548895 0.64033788446372242
vt 0.53858211288692825 0.020495562147266857
vt 0.56593163908468058 0.031415692639275683
vt 0.55624734294903388 0.030240886218916355
vt 0.34050323775138014 0.39116345715447554
vt 0.33442325050522476 0.38351288323146687
vt 0.35842389127809543 0.38437573165171529
vt 0.15261341179206919 0.32810486032383673
vt 0.13905991996500394 0.31824013502439868
vt 0.15403289313572063 0.3153226930636337
vt 0.87837830552543372 0.086564236710124212
vt 0.86611759414432177 0.084487886158073733
vt 0.87324911893730284 0.097752442946569401
vt 0.59934397796727135 0.45923148073984621
vt 0.615532272772082 0.45436919299585959
vt 0.60512984122387614 0.46934799049930992
vt 0.39129831211800081 0.63082229181042981
vt 0.39738557737332414 0.63339605000492905
vt 0.36439736543769718 0.65004112652799684
vt 0.22076412164826498 0.70489767658221614
vt 0.19081274568094439 0.72088611494479493
vt 0.21661041933655362 0.70314040319400628
vt 0.45138817435183359 0.49879697204012224
vt 0.44709414894272476 0.49766726328371452
vt 0.47106671739451894 0.47890863749507095
vt 0.8692854150236593 0.20882554881580245
vt 0.86513425423895896 0.19692067047022871
vt 0.86373972606959781 0.21924530895726538
vt 0.6756942219538643 0.50526750727030756
vt 0.68216017473383284 0.49308288766758673
vt 0.68840624691936125 0.50263941430895109
vt 0.30619581926508282 0.71255622165812305
vt 0.33861303479889587 0.69488845006900635
vt 0.33329693045149844 0.70220589141364353
vt 0.48129944425276028 0.31057013382294951
vt 0.50608661061957805 0.31611289617014982
vt 0.47939514737776023 0.31895214766734031
vt 0.13898920005052248 0.14286750288039729
vt 0.15723388864414925 0.15945579937955934
vt 0.14325357431116917 0.15777311595832511
vt 0.86118641561514198 0.65367165935528393
vt 0.87825007393533128 0.64724683310331232
vt 0.86997024102917986 0.66078200475650628
vt 0.949558082363959 0.78060953519321763
vt 0.94449898030855683 0.79999699637716881
vt 0.93687124162066249 0.79416434591876972
vt 0.14302870693266956 0.38278331094735807
vt 0.15648493721658124 0.38989550473186119
vt 0.14093991830145899 0.39839067429022085
vt 0.5284659496993297 0.74435534552444793
vt 0.52602250252612381 0.73386546234227135
vt 0.54530945786918372 0.73453272870662456
vt 0.72072507455145896 0.76298358327582805
vt 0.72085500049290219 0.74497347569992112
vt 0.72792637581328867 0.75795251503351735
vt 0.81596656582708993 0.23222717862776024
vt 0.82283854680106472 0.21574572253302446
vt 0.81254081846411674 0.21920710903612972
vt 0.78104228792882491 0.6277034145800473
vt 0.7820059887618297 0.61909376078223577
vt 0.79325386312105683 0.61520780449033907
vt 0.53029769753055989 0.61358996851587144
vt 0.53121056782334386 0.6098612018188091
vt 0.55656268483832805 0.60015734362677442
vt 0.46002628555057179 0.36030365856664037
vt 0.48784017953962933 0.35831445158468062
vt 0.47023540701399841 0.36566959224664825
vt 0.18868679684419362 0.2628437415282433
vt 0.20645767356319006 0.26026126127513799
vt 0.20706918036524052 0.27421823014220231
vt 0.88987963944203474 0.17263637987973185
vt 0.89670209914727916 0.18291102267966286
vt 0.89639241793178237 0.16584794197924882
vt 0.59891546111001581 0.5255740770406151
vt 0.58246588962687307 0.53963407402158914
vt 0.57533775353657335 0.53363187290516556
vt 0.2334677903810134 0.73452487307768144
vt 0.20723591994035884 0.75181619060528393
vt 0.22672985570287854 0.73458794915713721
vt 0.45270972988958991 0.27543279124359227
vt 0.42260376361642349 0.26582943889244876
vt 0.43464513351488565 0.26421643567010056
vt 0.12414198433187106 0.082140853352351148
vt 0.12317256506309149 0.061737623726155856
vt 0.12933525783406447 0.065863999809000401
vt 0.82980702878548895 0.28991360348481859
vt 0.82240771946470825 0.31066031952385648
vt 0.8345884882689274 0.30571333346682766
vt 0.72238099492310726 0.51436987073639595
vt 0.72619990881309149 0.52688288643533121
vt 0.72195355628943214 0.53317335832758284
vt 0.42274501090546135 0.67348124507097795
vt 0.42628917032235802 0.67703052604988168
vt 0.39621300922959385 0.68904832906151414
vt 0.40678603115141954 0.34559472502218058
vt 0.38192500646934147 0.34733524743690852
vt 0.39078600188535095 0.34114512735360802
vt 0.12253611471374705 0.20845075059764392
vt 0.10842461330281447 0.21091780316566444
vt 0.10706106480739846 0.19395869402479299
vt 0.81398894974861991 0.73773582290023665
vt 0.82076196520110412 0.72304656693611991
vt 0.828447157802642 0.73399030522969244
vt 0.89795522599566246 0.7597711701498423
vt 0.9076838063140773 0.76131903711553628
vt 0.89721548760350944 0.77792807016462939
vt 0.055775249493234917 0.32510420260745271
vt 0.071731114913988564 0.33689014904130521
vt 0.068600444613194991 0.33884092505421926
vt 0.63389365018730282 0.75490237455638798
vt 0.61888223642054419 0.75355367088919556
vt 0.63057788162953465 0.74262772328470028
vt 0.75673751109029963 0.8489170014294164
vt 0.74971434776715296 0.8349208891955836
vt 0.76206254929022077 0.82984338032334382
vt 0.74859954160094633 0.22390373542857847
vt 0.760471168301459 0.23022274173772672
vt 0.75641242668079656 0.21409026425719638
vt 0.85365656422515768 0.61684924585962142
vt 0.84091488811119874 0.61534135018237379
vt 0.85886684862973184 0.60199498317971212
vt 0.48730753709089114 0.019937995405227227
vt 0.50038669718552842 0.023275068505705342
vt 0.47551639207906149 0.030872051347317381
vt 0.34944267393286671 0.40935597705540222
vt 0.36945488866571374 0.40093277892103707
vt 0.3726850924807768 0.41018705638801262
vt 0.17992445888579456 0.34347874975354892
vt 0.18243608444647083 0.33298878955540223
vt 0.19723701356713327 0.3386316341556585
vt 0.90889033850059153 0.095588005378795346
vt 0.89920065124704263 0.10224957872264392
vt 0.91571649497239749 0.10512174492002661
vt 0.56490193556535884 0.47318558076202683
vt 0.56888620274300084 0.48309872985262226
vt 0.54888900612430991 0.49251551101636437
vt 0.38553886533911674 0.622519392621254
vt 0.3573122042586751 0.64389787066246051
vt 0.35712316856023263 0.63908267818414821
vt 0.27592265132097793 0.66654102794755521
vt 0.26941237585025629 0.6668680377563091
vt 0.2973940683840201 0.64632002291995272
vt 0.45858004115733436 0.50126113650926651
vt 0.47803030886484621 0.48026881654179809
vt 0.48143580102770112 0.48206995052494084
vt 0.87949326572358044 0.23052217982920939
vt 0.87342409922121456 0.241788345481319
vt 0.87980718281742898 0.25101085386065652
vt 0.65661505569794953 0.52468338734720033
vt 0.67370351316048893 0.52343981047910093
vt 0.66345931092271293 0.5313441520233636
vt 0.24790337499383872 0.74665411819794958
vt 0.27464705506333792 0.7336260967074133
vt 0.24764999245243494 0.75059302296924291
vt 0.43251194517695191 0.29743421295839906
vt 0.43332384753302444 0.30640641943513408
vt 0.41002443716729103 0.29993401656767549
vt 0.10721762864747635 0.10656681481972102
vt 0.11064280801767054 0.12363365967567035
vt 0.097238804188436515 0.10611521242544854
vt 0.82801286474763403 0.76360502513801265
vt 0.83321098062894317 0.77810197222496058
vt 0.82126333916600947 0.78035769297121449
vt 0.87811722138702686 0.79325447924881698
vt 0.86880706883379333 0.80957015846805991
vt 0.86839873016068614 0.79217178874211358
vt 0.85579622190457416 0.90099165763012623
vt 0.85042451202681391 0.89680737997831228
vt 0.85743689311415616 0.88100709163052049
vt 0.80508883021983435 0.92761330589511037
vt 0.80781966248521297 0.90873854002365928
vt 0.81649920827582811 0.92024903884069398
vt 0.78129905917291009 0.83927075118296535
vt 0.79332186822259465 0.83494276173107251
vt 0.78873202447259461 0.85315372695682179
vt 0.73997714166009465 0.19068884623915616
vt 0.7353115141955836 0.17477983059567231
vt 0.72816743579948739 0.18199331963475945
vt 0.89071757319597789 0.59439643354445981
vt 0.90916343713032333 0.5859562148807177
vt 0.90205170544164037 0.60307366885597402
vt 0.67599088747042591 0.72350019099960572
vt 0.66895324514491328 0.71214788298501575
vt 0.68533662140181384 0.71936535760055209
vt 0.44423635585074922 0.74084172293966877
vt 0.44639888727326499 0.73006572542882497
vt 0.46576736402060331 0.73130853213722402
vt 0.20796601208226537 0.35084555833497633
vt 0.22307887513554811 0.35226141992803628
vt 0.20410743496771491 0.35853198319203472
vt 0.95307116583694795 0.094198541009463718
vt 0.97529327681388012 0.080801381974566253
vt 0.97321230530362779 0.077987102905658523
vt 0.52624885246204656 0.49471766715546134
vt 0.50610313054514988 0.50709436458744084
vt 0.52550480117557175 0.48540605129879733
vt 0.38855739076054813 0.6087563307127366
vt 0.39320588217172714 0.59934228361593056
vt 0.41593109997289041 0.58557452373324137
vt 0.33645674166995271 0.62179809955392351
vt 0.36635203075709777 0.59838043116620665
vt 0.34848809949231074 0.61686468756161272
vt 0.46698625727030757 0.50266275014787065
vt 0.4717275529253746 0.50224767257738567
vt 0.44834330946865142 0.5214836818562697
vt 0.89377433704652998 0.24601459683680008
vt 0.90211139281841479 0.25128866971855285
vt 0.90027910587539428 0.23463086630643731
vt 0.62667063042192428 0.54340007794016165
vt 0.60798651758428623 0.55434897630372637
vt 0.60414064810479096 0.55176782457610407
vt 0.19520111565334189 0.79243056240141951
vt 0.1716139928775631 0.83218528194006314
vt 0.1710813311748324 0.80911160538249216
vt 0.38364924000640771 0.28316396237923896
vt 0.35914526136139591 0.27570968290984821
vt 0.37692116337243692 0.27270126583448345
vt 0.090148973916231265 0.075460858751170645
vt 0.084218898255742317 0.06664040261638654
vt 0.095394146555229695 0.062085389338833299
vt 0.79079851698048109 0.68094486272673505
vt 0.77411439336060728 0.68676349627858835
vt 0.78078905941936116 0.67825192231861198
vt 0.71866150865043377 0.29173412623841682
vt 0.72068887704554419 0.3089142712132788
vt 0.73094971473284698 0.30149865376084384
vt 0.094893099908196971 0.32624969963771688
vt 0.082590000862578866 0.31062824237233833
vt 0.096326559650409108 0.31570910143927444
vt 0.54663043578716486 0.77974156521096216
vt 0.55231694844242907 0.78597724024053628
vt 0.53127603139787061 0.78507261065654577
vt 0.69600841630520505 0.84959350971017356
vt 0.68677851439274451 0.87214101316048898
vt 0.68353629608635647 0.86032568513406937
vt 0.78441119750591481 0.29536069274324722
vt 0.77568844575611196 0.30833364781521094
vt 0.78733980678233439 0.31176923396835565
vt 0.7620546166453076 0.66244570374112777
vt 0.75518617840595426 0.66914555402208198
vt 0.74468897870662465 0.66967242027306784
vt 0.52837229827977128 0.6303404028859424
vt 0.52835970616867112 0.63620959742212146
vt 0.50560017775285881 0.64536340755619082
vt 0.35800765846805993 0.36643459187697158
vt 0.33427707419410491 0.36701613946667982
vt 0.34779541785784701 0.36231727961110016
vt 0.12594012431917884 0.27333585817355088
vt 0.11184688532013999 0.27518241232501972
vt 0.11151652531668967 0.25978137476587143
vt 0.86353178295051258 0.12321598281619676
vt 0.85933572185528395 0.11280891105579653
vt 0.8623322592172713 0.13286625714708203
vt 0.98580025754140377 0.19134710173501576
vt 0.9730831495218849 0.1986218377242705
vt 0.98194229655461351 0.20495139522131309
vt 0.35989054490339117 0.66676653070780756
vt 0.3953781946224369 0.64913742113564665
vt 0.37620445275532333 0.66289655522969237
vt 0.58812567774053626 0.30089301942650826
vt 0.62690587570238565 0.28190577173082609
vt 0.59488459927050474 0.30394897460937498
vt 0.20431870902750393 0.16522426665393336
vt 0.22847600028341877 0.18121959794583004
vt 0.20784588642300866 0.17391856100280953
vt 0.85001640440161674 0.205898460604791
vt 0.85303828001774451 0.18568613912780954
vt 0.84691920716679814 0.19529486334286278
vt 0.98966884673205835 0.24575996278588327
vt 0.98113278169361196 0.24265779802099763
vt 0.97760629744183758 0.25093853586479692
vt 0.42495020917537463 0.65655991226340693
vt 0.43037328870514591 0.65023536080441635
vt 0.45533524281595034 0.6403619519543573
vt 0.5157732557423107 0.33742421628548896
vt 0.54572068464116719 0.33319723327829259
vt 0.53355135270849763 0.34022871432620266
vt 0.18199572638382294 0.20297814979914236
vt 0.19842167321815851 0.2033879517756802
vt 0.2010395808174783 0.21735283403366523
vt 0.90671679379436121 0.66382921862677446
vt 0.91589748250197156 0.64991405017744475
vt 0.92101257516758672 0.66271849430697949
vt 0.91427614230086751 0.84559514861001572
vt 0.92103937672515768 0.84947652245169558
vt 0.90868847964313881 0.86296633169854098
vt 0.62742280689323737 0.82232754583990542
vt 0.61066921486839509 0.81149694400630912
vt 0.61052419379682576 0.8073427025828076
vt 0.55984129319055598 0.69867178258083595
vt 0.54279746648264982 0.69841809197555205
vt 0.56010842308261044 0.68568689003351735
vt 0.74010175349960572 0.7260783776123817
vt 0.73000958078667189 0.71842899743690847
vt 0.74319071002563086 0.71606745674783123
vt 0.82044196384562307 0.18008852215595425
vt 0.82872618666206621 0.17535096177543374
vt 0.82434328482354102 0.16785780849516957
vt 0.93269728410883279 0.29558115095746251
vt 0.93740265181388016 0.28178635846929218
vt 0.9253474190408123 0.28983092684098977
vt 0.5848381740437697 0.57858740388406937
vt 0.56128892387125395 0.58773659305993686
vt 0.58685795636583205 0.5746329803948147
vt 0.53430433784749609 0.37196195103016561
vt 0.55880165461110021 0.36403084643631706
vt 0.56645353780559937 0.3722282722545347
vt 0.26396055010967073 0.27865225133083599
vt 0.26237407888899844 0.26658546616226342
vt 0.28282753736814864 0.27618034675670344
vt 0.92312011718749998 0.17683875628450316
vt 0.92265386250492898 0.19191178282728708
vt 0.93315876380126184 0.18437457641216481
vt 0.50946938307127365 0.57480992458596214
vt 0.51704864020603314 0.5782656311612776
vt 0.4887957166798107 0.59022008853755914
vt 0.1731416046431388 0.7570296326646293
vt 0.14717840441393928 0.7757284170445583
vt 0.14724722781015873 0.76355619701301258
vt 0.35312962095820188 0.23073445509660884
vt 0.34641814126577286 0.23477762023733242
vt 0.32496626700512621 0.22116641456772476
vt 0.15328827385646687 0.010186866254836602
vt 0.13379364495021687 0.012334597373986469
vt 0.14190546751774447 0.00031545741324921138
vt 0.82838115511632493 0.37004748804712145
vt 0.81034732662164821 0.36708626250739351
vt 0.8176890279968454 0.38906631229051658
vt 0.6734454326449133 0.68376873028391172
vt 0.68085128832314668 0.68481969021096212
vt 0.66463634599270505 0.68900797269321767
vt 0.39078068778341879 0.70868408973284702
vt 0.41935703987578865 0.69832305426853314
vt 0.40352887174684543 0.71158913212243691
vt 0.32673528532876578 0.34082119818365536
vt 0.31962399648191048 0.34707839917685329
vt 0.30405412066246057 0.34332872264392744
vt 0.06449149339357009 0.18584271259488366
vt 0.066256179568895401 0.20327458426779377
vt 0.051357045459446471 0.18978999285291798
vt 0.85906839942330437 0.69931517399447951
vt 0.85237309308458198 0.68910585999112772
vt 0.86803043979199523 0.68434542586750791
vt 0.91034416896687698 0.80130757713919554
vt 0.92154175189767351 0.78514046172614349
vt 0.91741947210173502 0.80453470031545737
vt 0.11261909557065754 0.38395895972988958
vt 0.1146666421499162 0.38245537694696374
vt 0.12651383553393633 0.39900583935084777
vt 0.59635737566541802 0.72596269962539428
vt 0.58196332191443223 0.73686215373619879
vt 0.57931920963130912 0.72458457585764979
vt 0.75191923797318616 0.7835977548304417
vt 0.74085242815950314 0.78757301113958988
vt 0.74431814681092268 0.76901832363958988
vt 0.78691221411671919 0.20836520510893139
vt 0.79092705663446372 0.22208340521490536
vt 0.79786111248028391 0.20822986879559346
vt 0.83183077743000788 0.59073528686908516
vt 0.81764335752661677 0.60678229587687305
vt 0.81750249531742902 0.59620592376035098
vt 0.51254682570977916 0.036161327662904183
vt 0.5399601596387027 0.036598460681806978
vt 0.53995161086602916 0.038022322308753943
vt 0.43666387612135255 0.39194794182521686
vt 0.43196936766807964 0.38389145523215695
vt 0.4569964002735607 0.382954170876873
vt 0.22275352117014985 0.31000185223407928
vt 0.20572398092468455 0.30124577182324525
vt 0.22469732723777602 0.29711405757097792
vt 0.90952287066246051 0.13290193479519913
vt 0.89748381124309939 0.13529410858635646
vt 0.90608911363860412 0.14544048128819992
vt 0.53797853872979096 0.52932571748077684
vt 0.56218562081033119 0.51919865653341879
vt 0.54340315857896293 0.53663761367557172
vt 0.27401639053874211 0.69736235705835958
vt 0.27444159570928628 0.69991897919952684
vt 0.24800723102942626 0.71548760350946372
vt 0.31220027309862974 0.62175215952779972
vt 0.28656949305007884 0.6410173963673107
vt 0.31079900603189076 0.61729693969341481
vt 0.54462440081575314 0.43416120366719241
vt 0.54467249728903788 0.432126480246944
vt 0.56772441683507491 0.43071666440753154
vt 0.86415923205835965 0.29942397830614154
vt 0.85674005261731068 0.2876579982625197
vt 0.85367004201991326 0.31208461436563484
vt 0.69843649879238956 0.54758759026271686
vt 0.70460694129534696 0.53641958146441249
vt 0.70995184961553626 0.55000550664185721
vt 0.30850136934394717 0.72646253327089905
vt 0.33438408788446372 0.71295385511139586
vt 0.34007664629337542 0.71484359596805991
vt 0.38442694727178628 0.32042074594587933
vt 0.4038358959113762 0.32609632233339908
vt 0.37992463217172712 0.32862729815654573
vt 0.089768534278267947 0.14422623787768632
vt 0.10416754593232452 0.15961796613145701
vt 0.090872779629583997 0.16190397340792587
vt 0.84323591840003942 0.82236251109029967
vt 0.83461274829948739 0.8225331784798896
vt 0.840871451104101 0.80761225847791795
vt 0.84465355136041009 0.85334403341876974
vt 0.84445176951892742 0.83733364550473188
vt 0.85212594883675075 0.83990490068020507
vt 0.82942210296727126 0.8747517005126183
vt 0.83728404722003158 0.86499762790812307
vt 0.83661731996746846 0.88300480887716881
vt 0.81685602326498419 0.85554622806585179
vt 0.82285287177149058 0.86579173957511835
vt 0.8136310565358833 0.87243428997436911
vt 0.82550830540220821 0.82426804022082023
vt 0.82074132492113561 0.83966830762026812
vt 0.81563116127760249 0.82729014688485802
vt 0.046374117011903589 0.22652724593971807
vt 0.037327183383496401 0.230467536998472
vt 0.03211824675839782 0.21546472976636435
vt 0.95920186809936914 0.58176150156496453
vt 0.9494987800670347 0.59354533005964116
vt 0.94313186982452679 0.57905516037805604
vt 0.68597485274546532 0.6909462336110016
vt 0.68974948245268142 0.69473565038446372
vt 0.67590501466384068 0.695544318069795
vt 0.46691979248817034 0.69472540726044951
vt 0.47920426329603705 0.69688832376281551
vt 0.45768507707758282 0.70677586504337542
vt 0.27032726781225352 0.35597374371549684
vt 0.25178232283246255 0.35828506999211357
vt 0.25578694148018533 0.35437215811070583
vt 0.48771129331378155 0.50548773443661277
vt 0.48702608222841087 0.50137870138751972
vt 0.50585652540910886 0.48568654346165219
vt 0.44835116509759465 0.545136711048403
vt 0.46885250825611197 0.52520594070386439
vt 0.46663152171234229 0.53307797404869872
vt 0.41775210407630126 0.56391385917783909
vt 0.43196778884069403 0.55554472625443607
vt 0.40795771361149447 0.57663038957758284
vt 0.44339376263061908 0.53511185029327679
vt 0.4294374676532926 0.55020628727572951
vt 0.42012538970080837 0.55463778619134463
vt 0.48461906360902995 0.49997327545839904
vt 0.46461289462983046 0.51709923969834382
vt 0.4808884485286869 0.50031453322160879
vt 0.92970544472101735 0.256134033203125
vt 0.92606651715299682 0.24590336652208203
vt 0.91998287164826498 0.25686062111839508
vt 0.5424300232896293 0.58966588161721212
vt 0.54221095136287456 0.58692630803923507
vt 0.56538886903588326 0.57792953346805997
vt 0.64788683581427442 0.36501137525877364
vt 0.6821710339856073 0.36426732397229888
vt 0.67549667599073349 0.3893080654204456
vt 0.29182259833399055 0.25105111395899055
vt 0.3057224020972989 0.24897281875369676
vt 0.31299748465841876 0.25969390387790814
vt 0.8384189545544164 0.14167470841753746
vt 0.83865138875197165 0.12845597613121057
vt 0.8331043905264196 0.13738728712785883
vt 0.72726419250295737 0.69760865413052053
vt 0.73218166218947156 0.69165809222200314
vt 0.74230964732847005 0.69508314644124602
vt 0.72845524447949528 0.35467929779919166
vt 0.73819291268237386 0.34650428362825314
vt 0.72562213500591488 0.34034697234818612
vt 0.047781882301113958 0.26325760609720034
vt 0.060909836826264295 0.26899400584705246
vt 0.058541114397981563 0.27794932657235805
vt 0.56322190919509074 0.79856380619085177
vt 0.54641590780264193 0.79779010375591486
vt 0.56109026117655758 0.79553353583399056
vt 0.65513296037066249 0.93645073442429017
vt 0.65197869430205047 0.92608623324132489
vt 0.66641918868296535 0.91606483820485018
vt 0.74757638443907726 0.33847656250000002
vt 0.75889203285193219 0.3441279173649448
vt 0.75684810602326502 0.32972358198195978
vt 0.7371536591827681 0.68611409761928233
vt 0.72590077878548898 0.68454512827779967
vt 0.74249772032728711 0.68067800239057574
vt 0.64813952521194795 0.91743926520603314
vt 0.63294038501823735 0.9310288871500394
vt 0.64383025064077282 0.91008739772279179
vt 0.27063394540491914 0.3667182031866128
vt 0.28294308057718848 0.36378354815654573
vt 0.29048086461208594 0.36719905239550471
vt 0.073243371620539233 0.27301009987430996
vt 0.073580441640378552 0.26168060784084185
vt 0.085508636570879343 0.27567779829825512
vt 0.84990634858044167 0.10099362153736199
vt 0.85278905633872237 0.11359096972348186
vt 0.85355867692724763 0.10097159496993297
vt 0.93945505039925081 0.21906871133798306
vt 0.94778956464412456 0.22424817010055206
vt 0.9494221491768533 0.21243168683458202
vt 0.48749237541896689 0.60576040947850951
vt 0.47150686366324923 0.6165474972890379
vt 0.45934076640132099 0.61839969286031149
vt 0.70011629411474763 0.31204175497831232
vt 0.67677028908714509 0.30420514897969242
vt 0.70267853842172712 0.27760221559542586
vt 0.28981716023634663 0.22307756586405758
vt 0.26915200410957218 0.21678713247979101
vt 0.27152503943217665 0.21019471947703075
vt 0.85466447222496056 0.1292724609375
vt 0.85167340299684546 0.14161917990314471
vt 0.85519950216876972 0.14744909629460765
vt 0.95612261558556777 0.22936434098974764
vt 0.95350230123718449 0.23946781579628351
vt 0.96441846781348584 0.2342275336713821
vt 0.45816723555796529 0.62620183421234232
vt 0.47516250369676655 0.62096259180303626
vt 0.44704539783369479 0.63502000874901421
vt 0.64300841322456626 0.30905263040344044
vt 0.6262709945534306 0.32679000517547319
vt 0.60906543430845816 0.31907040568932371
vt 0.25026788079776224 0.21186950876133676
vt 0.25124565629929024 0.22085652155831034
vt 0.23256027269814669 0.20791960996032138
vt 0.94122549351833595 0.6072842089535686
vt 0.94830225995662465 0.61988413717468449
vt 0.93379514676163244 0.62149165300916798
vt 0.94098127587736591 0.86388644149250793
vt 0.92942641586159302 0.87313975625985807
vt 0.93462915270110414 0.85852127797220035
vt 0.56350209329406542 0.8027867458596214
vt 0.5640445937869677 0.8006654179810726
vt 0.57952977129337535 0.80151798476932179
vt 0.49333488392152997 0.69793165910883281
vt 0.511916604027011 0.68718993370465298
vt 0.50905103232206228 0.69819297429514982
vt 0.69832274620465296 0.69993284207413253
vt 0.71276408776123812 0.69923238182669556
vt 0.70925531718257095 0.70593577484227132
vt 0.84747048748028386 0.15235568747535488
vt 0.84315150889688484 0.1468474282827287
vt 0.84220182497042584 0.16143001712835173
vt 0.95041788865339116 0.24865782343626774
vt 0.93993555303627763 0.25305158452656745
vt 0.94643154204455837 0.25865636398363567
vt 0.49430597828765771 0.61416323688880126
vt 0.51904269919410484 0.60158290923205837
vt 0.51548891278095421 0.60606427598826895
vt 0.6122081094735804 0.33977062333645502
vt 0.62837041138850547 0.35048839677395505
vt 0.59710462311464907 0.34993392029771292
vt 0.25346548760350945 0.2310073226784306
vt 0.27224854670864551 0.24169559899940851
vt 0.25652985678110213 0.2422343642177642
vt 0.92366369590398267 0.23440501697431979
vt 0.93090797207708986 0.22627230382492114
vt 0.92288375517547316 0.22102936464905362
vt 0.53894370286622639 0.58492635732945586
vt 0.51368777879781147 0.59475813904771291
vt 0.53276401844686516 0.58317740166600951
vt 0.19629757276468848 0.58174594433901816
vt 0.17400722563830837 0.58115923667931779
vt 0.18296391339708201 0.56082128290122235
vt 0.31789446809690458 0.24621100681437302
vt 0.30530857603632688 0.23497302900729494
vt 0.3286615702632098 0.24285064600995662
vt 0.089942272679662857 0.03510306565919509
vt 0.094488024786819794 0.023013693150661721
vt 0.10297520393828864 0.02615505663754436
vt 0.77006242914530754 0.35021587576399843
vt 0.77040137642941642 0.36512154660390378
vt 0.78185249593355677 0.3561721368542981
vt 0.71383468676064665 0.68377489156151416
vt 0.69820776136139595 0.68714911524053623
vt 0.70169766302740533 0.68370696347594639
vt 0.49308739310183358 0.67010078309838328
vt 0.47862579634513014 0.68262411893730279
vt 0.47097025489205441 0.6785675337638013
vt 0.2935488535402701 0.36052658129189669
vt 0.28285844002612381 0.35801158628253155
vt 0.30292387279426264 0.35677786745859619
vt 0.072695316350798497 0.24924874772032729
vt 0.059832903263320684 0.23754877036302247
vt 0.070771288946976041 0.23536771659971412
vt 0.825571227449724 0.66813233192034704
vt 0.84329768520800474 0.66100843170839907
vt 0.83533731454554416 0.67373354938880126
vt 0.95842947493592268 0.74144406484128544
vt 0.95432044188682963 0.76114790763012619
vt 0.94562210419952686 0.75521375012322556
vt 0.11905517578124999 0.35734046911967665
vt 0.13072058259500691 0.3721355065186317
vt 0.11705989416465398 0.37012735360804416
vt 0.53615021810922714 0.76372517005126184
vt 0.53184063547417193 0.75431412657728703
vt 0.55187402959877763 0.7556193932373817
vt 0.71144788483339905 0.80548161166699528
vt 0.7173148073984621 0.78325033578962933
vt 0.72087163594242898 0.79812897402405358
vt 0.80087328408418768 0.26542327592049486
vt 0.80866660710764982 0.2488701179576597
vt 0.79782198836750784 0.25059317700118294
vt 0.77416345253351737 0.64609752378253149
vt 0.77836629103410881 0.63685337391561514
vt 0.78920282309739742 0.63431315617606465
vt 0.52937754922860802 0.62080975361050872
vt 0.52985577989451893 0.61709816147476337
vt 0.55629393761090296 0.6065066942281151
vt 0.40763166650236593 0.36430868154820584
vt 0.43331410501281548 0.36235586461208596
vt 0.41725681437302842 0.36949455189027997
vt 0.15607169840238072 0.26815018037140181
vt 0.17204711143902798 0.26549759633157533
vt 0.17227457810651617 0.28031743287288052
vt 0.8763420802937697 0.14884059196014884
vt 0.88312256629534702 0.16126450980875395
vt 0.88204095401222393 0.1430523604624655
vt 0.62669866423501575 0.49690014571421531
vt 0.61370649367852914 0.51130324884167977
vt 0.60608249026518135 0.50328804280855677
vt 0.29166974088747044 0.70049074576104098
vt 0.26117486321963723 0.71730464129041793
vt 0.28196584418745069 0.70145852844045742
vt 0.51433452040615146 0.29398202986371252
vt 0.48315352671529971 0.28498814339141365
vt 0.49552456347348184 0.28370987082881505
vt 0.15382028092345229 0.13004696241312599
vt 0.13383500252612382 0.1080569968238614
vt 0.14670023151000591 0.11920430758021984
vt 0.84156205330737377 0.24791113435281939
vt 0.83618063941738963 0.26898374346904574
vt 0.84562210419952677 0.26136880868616919
vt 0.71477381949921137 0.49103249149743688
vt 0.71853189077287061 0.50222703229741716
vt 0.71141484498225549 0.506811484929515
vt 0.42035790091433362 0.6661659601735016
vt 0.42079377279672714 0.66991555969045746
vt 0.39097565371155363 0.68247062610902998
vt 0.4593629855086751 0.34262452712194402
vt 0.4327030988145702 0.34412514479002365
vt 0.44203027189718058 0.33809371611297317
vt 0.15126509320472692 0.20455757405855679
vt 0.13675843247855876 0.20626846457881506
vt 0.13486973133749014 0.18979280393582412
vt 0.80149464893040223 0.76961843207807568
vt 0.80757467468454258 0.75330929921628553
vt 0.81492253733734232 0.76651946347594635
vt 0.875971710493888 0.75817093232452681
vt 0.88724869688978703 0.75860445521983444
vt 0.87776795396293372 0.77549536671924291
vt 0.87067863392153 0.86715861901123814
vt 0.86736717825808363 0.88616885597397477
vt 0.8627232692971214 0.88401495034010258
vt 0.66152205121253949 0.75525141093257098
vt 0.64826744873817033 0.75622027183556784
vt 0.65824263419262619 0.74344193611987386
vt 0.77172828457708986 0.87711886336750788
vt 0.76402060331230282 0.86308070041403784
vt 0.7766057829751577 0.85795590373619879
vt 0.72457494886139595 0.20581616904081229
vt 0.73652128105283909 0.21571695706821767
vt 0.73240554761435328 0.19848700201473776
vt 0.87756270640279965 0.62617934554909305
vt 0.86608093454258672 0.62057585610952282
vt 0.88486928849566249 0.61125561446421528
vt 0.70394244750591484 0.73895205909897477
vt 0.69877305858142746 0.74453340644716093
vt 0.69132184049684542 0.73054022082018932
vt 0.4868215278120071 0.74290852351143533
vt 0.46696195873176261 0.75240536277602521
vt 0.46543018810380521 0.74205795913840689
vt 0.17485804031323934 0.36464127501478705
vt 0.17738861180254337 0.3536894500443612
vt 0.19076208842665615 0.35713506752760255
vt 0.94652657975157728 0.081530087829012221
vt 0.92087209803824921 0.090741120828815067
vt 0.94963409712638014 0.090120940103139785
vt 0.56053050910636826 0.45295548784996059
vt 0.56231312074871842 0.46266889602227917
vt 0.54434910723087537 0.47333965121007493
vt 0.43849435318907731 0.57950373989550474
vt 0.41280606146490534 0.60094452385646691
vt 0.41346250708546922 0.59385843848580444
vt 0.30204694970549095 0.6580942244183754
vt 0.28744460626355484 0.66367942256506307
vt 0.31807135452607455 0.6405818325487973
vt 0.41867618019272479 0.54143282050966091
vt 0.4388431970253352 0.5214443266955836
vt 0.4433296468355678 0.5218637556683754
vt 0.89137721497929812 0.2095268369849172
vt 0.88537281890772868 0.21965955860607256
vt 0.89239790763012616 0.2278901397993888
vt 0.61528582166798107 0.53652605604298109
vt 0.63707225330244477 0.52947570608241323
vt 0.62157987480283916 0.54031855345524449
vt 0.20511690254091089 0.76615109609128551
vt 0.22367571039530756 0.7586635264688486
vt 0.19699695478854495 0.78081578396096218
vt 0.42032139534453866 0.27849974045618098
vt 0.42822446612529574 0.28828173134981272
vt 0.40253532722545349 0.28058165541206626
vt 0.10901747261312106 0.073970094313756896
vt 0.1059432165103756 0.08905421115622536
vt 0.10011205823639589 0.073519839698959977
vt 0.80507496734522865 0.66138480875394323
vt 0.81547990191246056 0.6639411228312303
vt 0.79788021244085172 0.67135221559542591
vt 0.73831274953174286 0.27622957921554614
vt 0.72599928221115928 0.2666494279253746
vt 0.72875691603410886 0.2848490718035292
vt 0.12296589270751183 0.33202782278933357
vt 0.12125808282605481 0.34352942626182964
vt 0.10879248008367015 0.32984996518878157
vt 0.29418229063978707 0.38841491121598976
vt 0.27711612930057178 0.39475475034503155
vt 0.27228410883280757 0.38676237954702286
vt 0.69118667746944007 0.8255360311514196
vt 0.7017229242655757 0.81451643212736591
vt 0.69297144555895107 0.83747173513899842
vt 0.80702524275433751 0.29673076834212342
vt 0.80382361186415618 0.28085629436119874
vt 0.79548532383675075 0.29702770341458007
vt 0.74280740154278391 0.66396653810134065
vt 0.75897051212539435 0.65622111901123814
vt 0.75209737591186909 0.66346832179120663
vt 0.47860742803627759 0.65086874014195584
vt 0.5035655313485804 0.63578654869873819
vt 0.50429352480530365 0.64031015871451102
vt 0.38471756703470034 0.35636063344095031
vt 0.39670394753055993 0.36004823510203077
vt 0.37186633570337146 0.36133143668671136
vt 0.12477785706144026 0.24151409161203669
vt 0.14022543152048009 0.25519076085617115
vt 0.12559222392855382 0.25759489137667585
vt 0.86851887507393533 0.1652131571002563
vt 0.87193869220721609 0.15627902539370564
vt 0.866662636164235 0.14403674971041996
vt 0.65980059025039428 0.48759796431388014
vt 0.64384072481269716 0.49188159256703468
vt 0.65235976932176654 0.47860758206821769
vt 0.32551242575660488 0.6926283394124606
vt 0.30647378915491919 0.69754134217271291
vt 0.3408092992162855 0.68036285304120658
vt 0.53283086830885251 0.30817085530855676
vt 0.52734328790417984 0.30256497837391561
vt 0.56016198768976733 0.30683489778440459
vt 0.16749333041699527 0.15073911263739648
vt 0.16102198651912461 0.1399138152787362
vt 0.18463791326769519 0.15741844778933359
vt 0.83492381580244479 0.22230035920248423
vt 0.83810727092369874 0.23480374790516562
vt 0.84284013333004737 0.21479449828716482
vt 0.98191356959779175 0.26144923261287462
vt 0.9948040405658517 0.25503988657087934
vt 0.98602452804613561 0.25349209662115535
vt 0.47805087212884462 0.63478688140772865
vt 0.44946797367902208 0.65021318020504737
vt 0.45159681061464907 0.6456574545297713
vt 0.49041386071815851 0.34852868690851735
vt 0.47532427574181785 0.34556900168819005
vt 0.50387721497929816 0.34324596898412857
vt 0.18641863801877959 0.23282649765255323
vt 0.16847212638012618 0.21898898055500787
vt 0.18457537630002957 0.2178732694511534
vt 0.91511715669361193 0.69206851032630123
vt 0.9020389207906151 0.69203747289037854
vt 0.91155847976636439 0.67698031163742112
vt 0.89065565235607258 0.8753089880717666
vt 0.89630592899743688 0.85748133132886439
vt 0.90226873644518923 0.86010341704455839
vt 0.62025785716926263 0.79569773388209775
vt 0.63699327342517742 0.804240653341877
vt 0.62452947093109223 0.80906878450315456
vt 0.59271117008822949 0.67183402750394317
vt 0.59272919182521688 0.685751814496254
vt 0.57652403052296919 0.68564599455343056
vt 0.76694767226932181 0.72196726513209775
vt 0.76257485952287063 0.73411137433458207
vt 0.75304028243296528 0.72380039925078865
vt 0.043374667483549387 0.09749550804354791
vt 0.028920110467856613 0.10430317105555008
vt 0.033151230676693122 0.090737616602178633
vt 0.9074982748422713 0.31099104535316441
vt 0.91473022846017349 0.32155499864451892
vt 0.92005603681979498 0.30500765538742114
vt 0.63844329160094637 0.56142400988268926
vt 0.63851618721658121 0.56678678590792586
vt 0.61107978700463328 0.56670253043671137
vt 0.53798481553134858 0.38453958312795744
vt 0.51120909681831628 0.38739579739254731
vt 0.53807442361248026 0.3788910778539038
vt 0.30448225243986593 0.29544806736124801
vt 0.28399910430426856 0.29831806748447359
vt 0.28420186809936909 0.28739510424881703
vt 0.94841069844242898 0.16201984393483831
vt 0.9369026641364353 0.1549806997979101
vt 0.93482015230678228 0.16951496112233833
vt 0.45212960709532729 0.60081105518040223
vt 0.47486529906841485 0.5831584942453667
vt 0.48125273406693614 0.58714661222151021
vt 0.18481501149078272 0.73576706365832023
vt 0.20417095388899842 0.7311390970031546
vt 0.17600363361346608 0.74748296406742898
vt 0.30404792087687305 0.20241431588254141
vt 0.33245472231121848 0.21252872695682176
vt 0.32932849005569798 0.21672064844366129
vt 0.42294028489747632 0.87865564003351737
vt 0.41890950007393535 0.86296579258675077
vt 0.41230283911671922 0.88025695608241328
vt 0.29432176656151421 0.087381703470031546
vt 0.29432176656151421 0.040063091482649839
vt 0.27413249211356466 0.052458705962268336
vt 0.64355792217074137 0.6834716796875
vt 0.65802683544459784 0.6748743869528786
vt 0.6586142362480284 0.68592309801360407
vt 0.36413859177839114 0.73360437820386437
vt 0.34650617051951893 0.73148412854889588
vt 0.37547337865979891 0.72164995933556786
vt 0.29298186196889786 0.33225424974122636
vt 0.31552197188609032 0.32908627482994873
vt 0.31013297192305794 0.33659641013160491
vt 0.036134121771490536 0.16066093565161671
vt 0.049803513006457016 0.15599421070953273
vt 0.049925915450327783 0.17249311092148067
vt 0.88845792463525242 0.69303937364451895
vt 0.87879657925867505 0.70941173661770507
vt 0.87381056535883284 0.69579508206821772
vt 0.90152876700512619 0.83908822333399058
vt 0.89548447666108044 0.83643271268730279
vt 0.90621873151616716 0.82037272648856463
vt 0.11762241880976439 0.41382871802296922
vt 0.10410111965817231 0.39926881038052048
vt 0.12011478075093651 0.39993642331673895
vt 0.59311665917044554 0.699548378351735
vt 0.60898468306388009 0.70010836146983435
vt 0.59428191079702286 0.71281822998817035
vt 0.75908549696865146 0.74935753277799688
vt 0.76779176730086751 0.7632284940605284
vt 0.75563702989451897 0.76601023388209777
vt 0.80017983229002365 0.18441200617360015
vt 0.78930825796037063 0.18372377221140576
vt 0.79360274546529963 0.19575341642843061
vt 0.92380440408123032 0.32811275446076499
vt 0.92017487246155361 0.35004547793030361
vt 0.93440049228608046 0.33017223851537852
vt 0.51042056880914821 0.040760808036154374
vt 0.48752645498570585 0.043150218879386831
vt 0.51266962767399449 0.037127952696021045
vt 0.48619808353460175 0.38894624439323738
vt 0.46266897303824922 0.39882115505471216
vt 0.4611140206033123 0.39077633638111198
vt 0.26314980299314866 0.30155968891709384
vt 0.26088938427272279 0.31251524916206624
vt 0.24266370899669756 0.30549793905264194
vt 0.9269743814077287 0.14820633656595031
vt 0.93224774189175863 0.13649726169718554
vt 0.91811369405559939 0.1414230972434444
vt 0.49684419361198739 0.56542541311366323
vt 0.49214252267350156 0.55943761398363567
vt 0.51794167888653386 0.54750275717172714
vt 0.22529525997510844 0.72334022882985016
vt 0.25226078454628353 0.70518171147969244
vt 0.24869525319770308 0.71176950352425084
vt 0.36007700056683756 0.57597764072358049
vt 0.36267409460025629 0.57952607452681393
vt 0.33627390575709781 0.59867717369873819
vt 0.42113141080934541 0.83983081131703474
vt 0.42301614562795742 0.81738935885745267
vt 0.4210788474097989 0.81779207536474763
vt 0.8614949415910883 0.35397879904376972
vt 0.87317333522279184 0.33448185965841876
vt 0.86250662337342276 0.32526270147377762
vt 0.66960102646884856 0.66683160920248419
vt 0.67049602905658512 0.65367373878647472
vt 0.67975481195780763 0.65953011016364349
vt 0.46437441467862778 0.42911484775483044
vt 0.49274382485952289 0.41507568359375002
vt 0.47735187518483835 0.42875364285538248
vt 0.3384167981072555 0.32622990653341877
vt 0.34256653409651028 0.31782779152084978
vt 0.36143979815654576 0.32334846953864355
vt 0.063603975795420944 0.15177233963734721
vt 0.063922046938153093 0.13460555693328569
vt 0.076945856617828268 0.14763030524509563
vt 0.86957869183753944 0.72601645677247639
vt 0.87324164838820983 0.74158053714018135
vt 0.86076205762026814 0.74282796480678237
vt 0.88932558655362781 0.83399361691640383
vt 0.87959069092567033 0.85051030781742898
vt 0.88275881986888804 0.83167559025039428
vt 0.089995269294040808 0.38435347403637621
vt 0.07708566467092616 0.38405842585518535
vt 0.076521277202040619 0.36989865468503547
vt 0.76036003425670351 0.91527611765575712
vt 0.76621240080343056 0.89616298735705835
vt 0.7741546727129337 0.90898021613761826
vt 0.77582830675768932 0.77648117113564674
vt 0.78846439397673507 0.77294737036671923
vt 0.78342408381802053 0.78963234116226344
vt 0.77814109633773665 0.18182342240486987
vt 0.773605856910489 0.16862172990191246
vt 0.7666629442281151 0.17853014251035096
vt 0.43153680747239748 0.15625266667796234
vt 0.39841836153144716 0.15867507886435331
vt 0.41705487849960565 0.14267621446483142
vt 0.4266013160488959 0.50532858093454258
vt 0.42391315063091484 0.48335831217961356
vt 0.42007918011878942 0.48462418517103706
vt 0.43985734331871057 0.40897547965546138
vt 0.43719667260203077 0.41905590743296528
vt 0.4166066455540221 0.41983835118050078
vt 0.25775208097151026 0.32250098580441638
vt 0.2754414362862283 0.32758180636336753
vt 0.25370439114254734 0.33191745890427837
vt 0.93982387987973182 0.12531501457142152
vt 0.95683894112283119 0.11635636290541207
vt 0.94976294484424295 0.11359329945657531
vt 0.48870949730136043 0.55269078396096216
vt 0.46367976913692821 0.56572373447358049
vt 0.4864687561612776 0.54520598691344635
vt 0.28067022377760253 0.68466773770208988
vt 0.28939855918523266 0.67309678134858042
vt 0.3103466912398955 0.66180115708793374
vt 0.36657426033862384 0.581533264737776
vt 0.39305546998225555 0.56136902048008674
vt 0.37150178060922712 0.58224520036474758
vt 0.94748165479593849 0.070655351031089803
vt 0.94622706464412465 0.075122744202237773
vt 0.97306797737578865 0.064696240349898959
vt 0.88325757529081228 0.31407299342591682
vt 0.894997504682571 0.31456554906225354
vt 0.89136312105678228 0.29649384796431388
vt 0.67767291625591486 0.55934419361198739
vt 0.66317496796135644 0.5606316695830047
vt 0.65783606688682961 0.55310582302346212
vt 0.52226805100305596 0.40222356657876579
vt 0.53356775711011439 0.39157037103213721
vt 0.5554754118814077 0.39025617051951894
vt 0.34514745477622238 0.30913047429514984
vt 0.32516038575759071 0.30309323091236201
vt 0.34592681788495661 0.30013495123348777
vt 0.064282289137975651 0.11603808478226045
vt 0.053501078608660289 0.10522641925029574
vt 0.065371059092813488 0.098090754848925474
vt 0.79696718811612777 0.71714498718454256
vt 0.78168159749605681 0.71983061107551261
vt 0.78753180759562302 0.70797523474467661
vt 0.9186045938485804 0.72614299401123816
vt 0.91744296197259467 0.70846120551557568
vt 0.92901545864550472 0.71004242039629339
vt 0.061128798042562105 0.31979581911105087
vt 0.04765430053325858 0.30484328405338129
vt 0.06353410787010795 0.31653996897796727
vt 0.61131264479002367 0.77322147020406151
vt 0.61576054810725556 0.78399099837342268
vt 0.59938522001922323 0.77976805870465304
vt 0.73087647254534704 0.8611412072407334
vt 0.72396213278785493 0.88211935626971605
vt 0.71760931646786275 0.86815304921628544
vt 0.75623197826301258 0.25725944831920344
vt 0.74747980641265777 0.26693521493616917
vt 0.75961475071470819 0.2730641843392646
vt 0.8182339930007887 0.63982788471017349
vt 0.81193316246056779 0.65096423994479491
vt 0.80094999199033912 0.6507389682324527
vt 0.53858211288692825 0.020495562147266857
vt 0.5495319354421333 0.021936092918227523
vt 0.56593163908468058 0.031415692639275683
vt 0.34050323775138014 0.39116345715447554
vt 0.31692424016043969 0.39004495422170743
vt 0.33442325050522476 0.38351288323146687
vt 0.15261341179206919 0.32810486032383673
vt 0.1376805350607502 0.33121857748422712
vt 0.13905991996500394 0.31824013502439868
vt 0.87837830552543372 0.086564236710124212
vt 0.8722613891216483 0.072101012991053828
vt 0.86611759414432177 0.084487886158073733
vt 0.97945514281841484 0.14528563105345524
vt 0.96274814545544163 0.15425820335604792
vt 0.97286003425670342 0.16119646619923106
vt 0.39129831211800081 0.63082229181042981
vt 0.42225468873225552 0.6151837369997043
vt 0.39738557737332414 0.63339605000492905
vt 0.22076412164826498 0.70489767658221614
vt 0.20003893157285094 0.72190711565950316
vt 0.19081274568094439 0.72088611494479493
vt 0.45138817435183359 0.49879697204012224
vt 0.42752092523905755 0.51692137131555604
vt 0.44709414894272476 0.49766726328371452
vt 0.8692854150236593 0.20882554881580245
vt 0.86941310750197165 0.1867882954209385
vt 0.86513425423895896 0.19692067047022871
vt 0.6756942219538643 0.50526750727030756
vt 0.66812332105185335 0.49634713254140378
vt 0.68216017473383284 0.49308288766758673
vt 0.30619581926508282 0.71255622165812305
vt 0.31365102292611396 0.70391179514984226
vt 0.33861303479889587 0.69488845006900635
vt 0.48129944425276028 0.31057013382294951
vt 0.50667077675226735 0.30899494544188683
vt 0.50608661061957805 0.31611289617014982
vt 0.13898920005052248 0.14286750288039729
vt 0.15261654056585172 0.14606428176446667
vt 0.15723388864414925 0.15945579937955934
vt 0.86118641561514198 0.65367165935528393
vt 0.869365357600552 0.64018581643089512
vt 0.87825007393533128 0.64724683310331232
vt 0.949558082363959 0.78060953519321763
vt 0.95754648683951105 0.78756962243690853
vt 0.94449898030855683 0.79999699637716881
vt 0.14302870693266956 0.38278331094735807
vt 0.15896047116830145 0.3739245104864945
vt 0.15648493721658124 0.38989550473186119
vt 0.5284659496993297 0.74435534552444793
vt 0.50804682108882093 0.74366451227326502
vt 0.52602250252612381 0.73386546234227135
vt 0.72072507455145896 0.76298358327582805
vt 0.71427121327878551 0.74997666416108044
vt 0.72085500049290219 0.74497347569992112
vt 0.81596656582708993 0.23222717862776024
vt 0.82591864649053626 0.22811966664407532
vt 0.82283854680106472 0.21574572253302446
vt 0.78104228792882491 0.6277034145800473
vt 0.77072961849369082 0.63043763554810728
vt 0.7820059887618297 0.61909376078223577
vt 0.53029769753055989 0.61358996851587144
vt 0.50427192182570979 0.62408243173304412
vt 0.53121056782334386 0.6098612018188091
vt 0.46002628555057179 0.36030365856664037
vt 0.47572021484374999 0.35406725188535093
vt 0.48784017953962933 0.35831445158468062
vt 0.18868679684419362 0.2628437415282433
vt 0.18781674743074725 0.2478737816073541
vt 0.20645767356319006 0.26026126127513799
vt 0.88987963944203474 0.17263637987973185
vt 0.89046403662263407 0.19100004852006111
vt 0.89670209914727916 0.18291102267966286
vt 0.59891546111001581 0.5255740770406151
vt 0.60738764140132095 0.53158917833201891
vt 0.58246588962687307 0.53963407402158914
vt 0.2334677903810134 0.73452487307768144
vt 0.21752825715940458 0.75061705195189277
vt 0.20723591994035884 0.75181619060528393
vt 0.45270972988958991 0.27543279124359227
vt 0.43697009161819794 0.27671947780091682
vt 0.42260376361642349 0.26582943889244876
vt 0.12414198433187106 0.082140853352351148
vt 0.11748911379263605 0.077415331530646198
vt 0.12317256506309149 0.061737623726155856
vt 0.82980702878548895 0.28991360348481859
vt 0.81843469661869084 0.29431175448541008
vt 0.82240771946470825 0.31066031952385648
vt 0.72675588710074923 0.66139728534108833
vt 0.73431030658517349 0.66328502378253151
vt 0.71704579061514195 0.66915664432176658
vt 0.42274501090546135 0.67348124507097795
vt 0.45139090841876972 0.66188448836750791
vt 0.42628917032235802 0.67703052604988168
vt 0.40678603115141954 0.34559472502218058
vt 0.39641382837145112 0.35134492988466087
vt 0.38192500646934147 0.34733524743690852
vt 0.12253611471374705 0.20845075059764392
vt 0.12375562409121155 0.22506324936538841
vt 0.10842461330281447 0.21091780316566444
vt 0.81398894974861991 0.73773582290023665
vt 0.80575987036671926 0.7271783967123423
vt 0.82076196520110412 0.72304656693611991
vt 0.89795522599566246 0.7597711701498423
vt 0.9082410938732256 0.74283743777109623
vt 0.9076838063140773 0.76131903711553628
vt 0.055775249493234917 0.32510420260745271
vt 0.058648503541194302 0.32254950586553627
vt 0.071731114913988564 0.33689014904130521
vt 0.63389365018730282 0.75490237455638798
vt 0.62267635116817821 0.76483666453075705
vt 0.61888223642054419 0.75355367088919556
vt 0.75673751109029963 0.8489170014294164
vt 0.74389586824723974 0.8547184604199527
vt 0.74971434776715296 0.8349208891955836
vt 0.74859954160094633 0.22390373542857847
vt 0.75248430414530754 0.24089988925103509
vt 0.760471168301459 0.23022274173772672
vt 0.85365656422515768 0.61684924585962142
vt 0.83569674807768135 0.62851728084335567
vt 0.84091488811119874 0.61534135018237379
vt 0.48730753709089114 0.019937995405227227
vt 0.51204240961405756 0.014718368000788644
vt 0.50038669718552842 0.023275068505705342
vt 0.34944267393286671 0.40935597705540222
vt 0.34558690790122237 0.39992556406496449
vt 0.36945488866571374 0.40093277892103707
vt 0.17992445888579456 0.34347874975354892
vt 0.16623816264540614 0.33661966895455442
vt 0.18243608444647083 0.33298878955540223
vt 0.90889033850059153 0.095588005378795346
vt 0.89314827422614351 0.091014720062352131
vt 0.89920065124704263 0.10224957872264392
vt 0.56490193556535884 0.47318558076202683
vt 0.58244432515526423 0.46555014047712934
vt 0.56888620274300084 0.48309872985262226
vt 0.38553886533911674 0.622519392621254
vt 0.3871669829455836 0.627255874778194
vt 0.3573122042586751 0.64389787066246051
vt 0.27592265132097793 0.66654102794755521
vt 0.2482527001799093 0.6865959095277997
vt 0.26941237585025629 0.6668680377563091
vt 0.45858004115733436 0.50126113650926651
vt 0.45504057971460959 0.49997547041354495
vt 0.47803030886484621 0.48026881654179809
vt 0.87949326572358044 0.23052217982920939
vt 0.87399648191048895 0.22029438199305007
vt 0.87342409922121456 0.241788345481319
vt 0.65661505569794953 0.52468338734720033
vt 0.66718688387223979 0.51564991466630516
vt 0.67370351316048893 0.52343981047910093
vt 0.24790337499383872 0.74665411819794958
vt 0.27632921862677445 0.7289825728263013
vt 0.27464705506333792 0.7336260967074133
vt 0.43251194517695191 0.29743421295839906
vt 0.45671402121944005 0.30416708383650432
vt 0.43332384753302444 0.30640641943513408
vt 0.10721762864747635 0.10656681481972102
vt 0.12153855573491719 0.12511593791588624
vt 0.11064280801767054 0.12363365967567035
vt 0.82801286474763403 0.76360502513801265
vt 0.84035313362578867 0.76131657260449526
vt 0.83321098062894317 0.77810197222496058
vt 0.87811722138702686 0.79325447924881698
vt 0.87727227917981077 0.81119442527602525
vt 0.86880706883379333 0.80957015846805991
vt 0.85579622190457416 0.90099165763012623
vt 0.84875110902996842 0.91553034737283123
vt 0.85042451202681391 0.89680737997831228
vt 0.80508883021983435 0.92761330589511037
vt 0.79589566492507891 0.9153818605826104
vt 0.80781966248521297 0.90873854002365928
vt 0.78129905917291009 0.83927075118296535
vt 0.78593195485015777 0.82114535069992112
vt 0.79332186822259465 0.83494276173107251
vt 0.73997714166009465 0.19068884623915616
vt 0.74734233290615137 0.18235490961405756
vt 0.7353115141955836 0.17477983059567231
vt 0.89071757319597789 0.59439643354445981
vt 0.89610684271490537 0.57563403397328472
vt 0.90916343713032333 0.5859562148807177
vt 0.67599088747042591 0.72350019099960572
vt 0.65514466679810723 0.71571202804613565
vt 0.66895324514491328 0.71214788298501575
vt 0.44423635585074922 0.74084172293966877
vt 0.42358648739402605 0.73937734128548893
vt 0.44639888727326499 0.73006572542882497
vt 0.20796601208226537 0.35084555833497633
vt 0.22763138539407532 0.34545451744873817
vt 0.22307887513554811 0.35226141992803628
vt 0.95307116583694795 0.094198541009463718
vt 0.95815252550768926 0.097932140458645511
vt 0.97529327681388012 0.080801381974566253
vt 0.52624885246204656 0.49471766715546134
vt 0.50654019617507884 0.5159709172293967
vt 0.50610313054514988 0.50709436458744084
vt 0.38855739076054813 0.6087563307127366
vt 0.36409677210666402 0.62361602301853314
vt 0.39320588217172714 0.59934228361593056
vt 0.33645674166995271 0.62179809955392351
vt 0.35684098204603709 0.60180949021589114
vt 0.36635203075709777 0.59838043116620665
vt 0.46698625727030757 0.50266275014787065
vt 0.48989211602917981 0.48374951479938882
vt 0.4717275529253746 0.50224767257738567
vt 0.89377433704652998 0.24601459683680008
vt 0.89563712231368298 0.26386497329086162
vt 0.90211139281841479 0.25128866971855285
vt 0.62667063042192428 0.54340007794016165
vt 0.63059120539235014 0.54629021773955044
vt 0.60798651758428623 0.55434897630372637
vt 0.19520111565334189 0.79243056240141951
vt 0.19771913353953074 0.79343608290615142
vt 0.1716139928775631 0.83218528194006314
vt 0.38364924000640771 0.28316396237923896
vt 0.36394008311563486 0.2862944112591187
vt 0.35914526136139591 0.27570968290984821
vt 0.090148973916231265 0.075460858751170645
vt 0.079556900168819 0.079349573177494082
vt 0.084218898255742317 0.06664040261638654
vt 0.79079851698048109 0.68094486272673505
vt 0.78396127020899053 0.69067028539037856
vt 0.77411439336060728 0.68676349627858835
vt 0.96326707906151421 0.70279837527109623
vt 0.95172731417586753 0.69775467640970035
vt 0.96291550115832014 0.68454227868690853
vt 0.094893099908196971 0.32624969963771688
vt 0.080789107554342474 0.32014337292981071
vt 0.082590000862578866 0.31062824237233833
vt 0.54663043578716486 0.77974156521096216
vt 0.56749094292192426 0.78157754892054421
vt 0.55231694844242907 0.78597724024053628
vt 0.69600841630520505 0.84959350971017356
vt 0.69964002735607256 0.86243445940950314
vt 0.68677851439274451 0.87214101316048898
vt 0.78441119750591481 0.29536069274324722
vt 0.77338212551754737 0.29250135933187105
vt 0.77568844575611196 0.30833364781521094
vt 0.7620546166453076 0.66244570374112777
vt 0.77261081057768144 0.66148754805796528
vt 0.75518617840595426 0.66914555402208198
vt 0.63358161998472007 0.89177269198541009
vt 0.6507334230826104 0.87243498311809942
vt 0.636215912731664 0.89747772698146688
vt 0.35800765846805993 0.36643459187697158
vt 0.34310880354150236 0.37170414007048502
vt 0.33427707419410491 0.36701613946667982
vt 0.12594012431917884 0.27333585817355088
vt 0.12575374567170247 0.28924498934098974
vt 0.11184688532013999 0.27518241232501972
vt 0.86353178295051258 0.12321598281619676
vt 0.86035425805895105 0.10399797602030757
vt 0.85933572185528395 0.11280891105579653
vt 0.98580025754140377 0.19134710173501576
vt 0.97709183076202677 0.18407835373743101
vt 0.9730831495218849 0.1986218377242705
vt 0.35989054490339117 0.66676653070780756
vt 0.38232853164432179 0.65109193242310726
vt 0.3953781946224369 0.64913742113564665
vt 0.1395500303442922 0.46940336498176261
vt 0.14057551723925474 0.47810039339757493
vt 0.11633295005052248 0.50901441122831226
vt 0.20431870902750393 0.16522426665393336
vt 0.22639098543473976 0.17380721516413644
vt 0.22847600028341877 0.18121959794583004
vt 0.85001640440161674 0.205898460604791
vt 0.85625015403194005 0.19592025227351142
vt 0.85303828001774451 0.18568613912780954
vt 0.70691387766167191 0.47129818889244873
vt 0.69852599134956628 0.47612793738909698
vt 0.70204400384463728 0.46230118327336356
vt 0.42495020917537463 0.65655991226340693
vt 0.39820032932028787 0.66735085087243695
vt 0.43037328870514591 0.65023536080441635
vt 0.5157732557423107 0.33742421628548896
vt 0.52567585364501179 0.33008155221066643
vt 0.54572068464116719 0.33319723327829259
vt 0.18199572638382294 0.20297814979914236
vt 0.17909636392202288 0.18837309154426263
vt 0.19842167321815851 0.2033879517756802
vt 0.90671679379436121 0.66382921862677446
vt 0.90106074095524447 0.65224116472791793
vt 0.91589748250197156 0.64991405017744475
vt 0.91427614230086751 0.84559514861001572
vt 0.92655125566837537 0.831831162509858
vt 0.92103937672515768 0.84947652245169558
vt 0.62742280689323737 0.82232754583990542
vt 0.6258895344538643 0.82622825069006312
vt 0.61066921486839509 0.81149694400630912
vt 0.55984129319055598 0.69867178258083595
vt 0.54256988429120667 0.71092841211553626
vt 0.54279746648264982 0.69841809197555205
vt 0.74010175349960572 0.7260783776123817
vt 0.72894822370366719 0.72841203852030756
vt 0.73000958078667189 0.71842899743690847
vt 0.82044196384562307 0.18008852215595425
vt 0.82457217628647472 0.18932816658862381
vt 0.82872618666206621 0.17535096177543374
vt 0.93269728410883279 0.29558115095746251
vt 0.94498733857452677 0.28567179490339117
vt 0.93740265181388016 0.28178635846929218
vt 0.5848381740437697 0.57858740388406937
vt 0.55903890230678233 0.59198953044903391
vt 0.56128892387125395 0.58773659305993686
vt 0.53430433784749609 0.37196195103016561
vt 0.52699217209680604 0.36399091365585567
vt 0.55880165461110021 0.36403084643631706
vt 0.26396055010967073 0.27865225133083599
vt 0.2441911667303332 0.26894032571594045
vt 0.26237407888899844 0.26658546616226342
vt 0.92312011718749998 0.17683875628450316
vt 0.9124405436711357 0.18426842915146885
vt 0.92265386250492898 0.19191178282728708
vt 0.50946938307127365 0.57480992458596214
vt 0.53695472693217661 0.5636704116965694
vt 0.51704864020603314 0.5782656311612776
vt 0.1731416046431388 0.7570296326646293
vt 0.17511536992310725 0.76405541453075709
vt 0.14717840441393928 0.7757284170445583
vt 0.35312962095820188 0.23073445509660884
vt 0.37496927062795743 0.24431525871204654
vt 0.34641814126577286 0.23477762023733242
vt 0.15328827385646687 0.010186866254836602
vt 0.13668822279487874 0.028141397181369529
vt 0.13379364495021687 0.012334597373986469
vt 0.82838115511632493 0.37004748804712145
vt 0.82045536462440849 0.34859553677050475
vt 0.81034732662164821 0.36708626250739351
vt 0.6734454326449133 0.68376873028391172
vt 0.68973623570583598 0.67993449021589114
vt 0.68085128832314668 0.68481969021096212
vt 0.39078068778341879 0.70868408973284702
vt 0.40969207474861985 0.695048951350552
vt 0.41935703987578865 0.69832305426853314
vt 0.32673528532876578 0.34082119818365536
vt 0.3425989193119085 0.34496030596904576
vt 0.31962399648191048 0.34707839917685329
vt 0.06449149339357009 0.18584271259488366
vt 0.079407686540381009 0.19977994611962738
vt 0.066256179568895401 0.20327458426779377
vt 0.85906839942330437 0.69931517399447951
vt 0.84382193291600949 0.70359487443316249
vt 0.85237309308458198 0.68910585999112772
vt 0.91034416896687698 0.80130757713919554
vt 0.91382975773856467 0.78212366916403786
vt 0.92154175189767351 0.78514046172614349
vt 0.11261909557065754 0.38395895972988958
vt 0.099955032300497834 0.36738435281940063
vt 0.1146666421499162 0.38245537694696374
vt 0.59635737566541802 0.72596269962539428
vt 0.59927015815999607 0.73910855555007882
vt 0.58196332191443223 0.73686215373619879
vt 0.75191923797318616 0.7835977548304417
vt 0.74767750640772868 0.80173062586257882
vt 0.74085242815950314 0.78757301113958988
vt 0.78691221411671919 0.20836520510893139
vt 0.77988358265970037 0.22161137433458203
vt 0.79092705663446372 0.22208340521490536
vt 0.83183077743000788 0.59073528686908516
vt 0.83094771231762621 0.60321006413889988
vt 0.81764335752661677 0.60678229587687305
vt 0.51254682570977916 0.036161327662904183
vt 0.51324239544311911 0.032718485161333057
vt 0.5399601596387027 0.036598460681806978
vt 0.43666387612135255 0.39194794182521686
vt 0.41271137032975158 0.39250580700414039
vt 0.43196936766807964 0.38389145523215695
vt 0.22275352117014985 0.31000185223407928
vt 0.20355825333941246 0.31478666191221411
vt 0.20572398092468455 0.30124577182324525
vt 0.90952287066246051 0.13290193479519913
vt 0.90058046936612779 0.12279934567231861
vt 0.89748381124309939 0.13529410858635646
vt 0.53797853872979096 0.52932571748077684
vt 0.55676877957413251 0.51085590157975158
vt 0.56218562081033119 0.51919865653341879
vt 0.27401639053874211 0.69736235705835958
vt 0.30103326550793574 0.68126247658714512
vt 0.27444159570928628 0.69991897919952684
vt 0.31220027309862974 0.62175215952779972
vt 0.28897196772722794 0.64425699613071763
vt 0.28656949305007884 0.6410173963673107
vt 0.54462440081575314 0.43416120366719241
vt 0.52147513308359617 0.44366089252267349
vt 0.54467249728903788 0.432126480246944
vt 0.86415923205835965 0.29942397830614154
vt 0.86553134858044167 0.27580543301458993
vt 0.85674005261731068 0.2876579982625197
vt 0.69843649879238956 0.54758759026271686
vt 0.69241639146293377 0.5348028622215103
vt 0.70460694129534696 0.53641958146441249
vt 0.30850136934394717 0.72646253327089905
vt 0.30445100321002561 0.72422198467074128
vt 0.33438408788446372 0.71295385511139586
vt 0.38442694727178628 0.32042074594587933
vt 0.40773844914481466 0.31754054120662462
vt 0.4038358959113762 0.32609632233339908
vt 0.089768534278267947 0.14422623787768632
vt 0.10222169894149251 0.14199133069733341
vt 0.10416754593232452 0.15961796613145701
vt 0.84323591840003942 0.82236251109029967
vt 0.83700709779179816 0.83568966260843847
vt 0.83461274829948739 0.8225331784798896
vt 0.84465355136041009 0.85334403341876974
vt 0.83777255951794161 0.84936199970425863
vt 0.84445176951892742 0.83733364550473188
vt 0.82942210296727126 0.8747517005126183
vt 0.83085336775433749 0.85855616620662456
vt 0.83728404722003158 0.86499762790812307
vt 0.81685602326498419 0.85554622806585179
vt 0.82552925374605679 0.850361204899448
vt 0.82285287177149058 0.86579173957511835
vt 0.82550830540220821 0.82426804022082023
vt 0.82936102930303623 0.83643802678923507
vt 0.82074132492113561 0.83966830762026812
vt 0.046374117011903589 0.22652724593971807
vt 0.05047571320639048 0.23988963226414628
vt 0.037327183383496401 0.230467536998472
vt 0.95920186809936914 0.58176150156496453
vt 0.96375073935331235 0.59619772155954254
vt 0.9494987800670347 0.59354533005964116
vt 0.68597485274546532 0.6909462336110016
vt 0.69834253930895107 0.69053804896983439
vt 0.68974948245268142 0.69473565038446372
vt 0.46691979248817034 0.69472540726044951
vt 0.48720887963328074 0.68595043868296535
vt 0.47920426329603705 0.69688832376281551
vt 0.27032726781225352 0.35597374371549684
vt 0.264980491854791 0.35938820823886042
vt 0.25178232283246255 0.35828506999211357
vt 0.48771129331378155 0.50548773443661277
vt 0.470268600897082 0.51908224689471605
vt 0.48702608222841087 0.50137870138751972
vt 0.44835116509759465 0.545136711048403
vt 0.4525918184394716 0.53656294669262616
vt 0.46885250825611197 0.52520594070386439
vt 0.41775210407630126 0.56391385917783909
vt 0.43973592764195585 0.54469787405116321
vt 0.43196778884069403 0.55554472625443607
vt 0.44339376263061908 0.53511185029327679
vt 0.45041469249063487 0.53220861777898265
vt 0.4294374676532926 0.55020628727572951
vt 0.48461906360902995 0.49997327545839904
vt 0.46892120650138014 0.51653409651025239
vt 0.46461289462983046 0.51709923969834382
vt 0.92970544472101735 0.256134033203125
vt 0.9345930322111593 0.24645264442034701
vt 0.92606651715299682 0.24590336652208203
vt 0.5424300232896293 0.58966588161721212
vt 0.52130920217616328 0.59776692194893533
vt 0.54221095136287456 0.58692630803923507
vt 0.64788683581427442 0.36501137525877364
vt 0.65785031484128553 0.34944502291995266
vt 0.6821710339856073 0.36426732397229888
vt 0.29182259833399055 0.25105111395899055
vt 0.28609830934542585 0.2408818290060627
vt 0.3057224020972989 0.24897281875369676
vt 0.8384189545544164 0.14167470841753746
vt 0.84343477363466091 0.13309620757960372
vt 0.83865138875197165 0.12845597613121057
vt 0.72726419250295737 0.69760865413052053
vt 0.71762703014097007 0.69371488071766563
vt 0.73218166218947156 0.69165809222200314
vt 0.72845524447949528 0.35467929779919166
vt 0.74096656582708986 0.35926378893927446
vt 0.73819291268237386 0.34650428362825314
vt 0.047781882301113958 0.26325760609720034
vt 0.051171826865018727 0.25590791431511239
vt 0.060909836826264295 0.26899400584705246
vt 0.56322190919509074 0.79856380619085177
vt 0.54924096910735409 0.80023135597397477
vt 0.54641590780264193 0.79779010375591486
vt 0.65513296037066249 0.93645073442429017
vt 0.64109156274645107 0.94479495268138802
vt 0.65197869430205047 0.92608623324132489
vt 0.74757638443907726 0.33847656250000002
vt 0.74965766401320977 0.35164621635942428
vt 0.75889203285193219 0.3441279173649448
vt 0.7371536591827681 0.68611409761928233
vt 0.72189679551951891 0.68899772956920347
vt 0.72590077878548898 0.68454512827779967
vt 0.64813952521194795 0.91743926520603314
vt 0.63795377809542586 0.93673746488071763
vt 0.63294038501823735 0.9310288871500394
vt 0.27063394540491914 0.3667182031866128
vt 0.2651198137445781 0.36374365388406937
vt 0.28294308057718848 0.36378354815654573
vt 0.073243371620539233 0.27301009987430996
vt 0.062530373173181192 0.25989809246845424
vt 0.073580441640378552 0.26168060784084185
vt 0.84990634858044167 0.10099362153736199
vt 0.84883790602819398 0.11408615352979594
vt 0.85278905633872237 0.11359096972348186
vt 0.93945505039925081 0.21906871133798306
vt 0.93889013825906942 0.23033847748669165
vt 0.94778956464412456 0.22424817010055206
vt 0.48749237541896689 0.60576040947850951
vt 0.49689128887766165 0.60507827903194011
vt 0.47150686366324923 0.6165474972890379
vt 0.70011629411474763 0.31204175497831232
vt 0.68177755939471607 0.32528700001232258
vt 0.67677028908714509 0.30420514897969242
vt 0.28981716023634663 0.22307756586405758
vt 0.28501249969193609 0.22834428372067231
vt 0.26915200410957218 0.21678713247979101
vt 0.85466447222496056 0.1292724609375
vt 0.85113051742409307 0.1260088129374507
vt 0.85167340299684546 0.14161917990314471
vt 0.95612261558556777 0.22936434098974764
vt 0.94622983721904574 0.23465612754460766
vt 0.95350230123718449 0.23946781579628351
vt 0.45816723555796529 0.62620183421234232
vt 0.48433179404081228 0.61362081341186914
vt 0.47516250369676655 0.62096259180303626
vt 0.64300841322456626 0.30905263040344044
vt 0.65564396133182179 0.32305457659700315
vt 0.6262709945534306 0.32679000517547319
vt 0.25026788079776224 0.21186950876133676
vt 0.26757550645701894 0.22374011500024646
vt 0.25124565629929024 0.22085652155831034
vt 0.94122549351833595 0.6072842089535686
vt 0.95535214782137223 0.606997054909306
vt 0.94830225995662465 0.61988413717468449
vt 0.94098127587736591 0.86388644149250793
vt 0.93546801064668772 0.877329039949724
vt 0.92942641586159302 0.87313975625985807
vt 0.56350209329406542 0.8027867458596214
vt 0.54936812247387623 0.80240212810528388
vt 0.5640445937869677 0.8006654179810726
vt 0.49333488392152997 0.69793165910883281
vt 0.49810471399349371 0.68740465422910091
vt 0.511916604027011 0.68718993370465298
vt 0.69832274620465296 0.69993284207413253
vt 0.70328388394617503 0.69436743703174286
vt 0.71276408776123812 0.69923238182669556
vt 0.84747048748028386 0.15235568747535488
vt 0.84766895763505523 0.13748031279266068
vt 0.84315150889688484 0.1468474282827287
vt 0.95041788865339116 0.24865782343626774
vt 0.94362353977720825 0.24393699477523659
vt 0.93993555303627763 0.25305158452656745
vt 0.49430597828765771 0.61416323688880126
vt 0.49977958029376973 0.60870526912460565
vt 0.51904269919410484 0.60158290923205837
vt 0.6122081094735804 0.33977062333645502
vt 0.64091196150433749 0.33754474627858833
vt 0.62837041138850547 0.35048839677395505
vt 0.25346548760350945 0.2310073226784306
vt 0.26863705607994876 0.23182723469538644
vt 0.27224854670864551 0.24169559899940851
vt 0.92366369590398267 0.23440501697431979
vt 0.93165957092862772 0.23755379565506704
vt 0.93090797207708986 0.22627230382492114
vt 0.53894370286622639 0.58492635732945586
vt 0.51967553941985412 0.59560716310134065
vt 0.51368777879781147 0.59475813904771291
vt 0.700747054909306 0.35364112252316643
vt 0.68313565901025242 0.34335987560380521
vt 0.69831612283123023 0.33357792321815849
vt 0.31789446809690458 0.24621100681437302
vt 0.29690016496820781 0.23873907143385253
vt 0.30530857603632688 0.23497302900729494
vt 0.8386209674438091 0.11488253716790714
vt 0.84401339461750791 0.11953988541563978
vt 0.84494821446175084 0.10556800433137815
vt 0.77006242914530754 0.35021587576399843
vt 0.75998912534503149 0.3577722206476735
vt 0.77040137642941642 0.36512154660390378
vt 0.71383468676064665 0.68377489156151416
vt 0.71037435922712933 0.68742244491817828
vt 0.69820776136139595 0.68714911524053623
vt 0.49308739310183358 0.67010078309838328
vt 0.49816320762273264 0.67505398819499207
vt 0.47862579634513014 0.68262411893730279
vt 0.2935488535402701 0.36052658129189669
vt 0.27500277257492112 0.36117470918769717
vt 0.28285844002612381 0.35801158628253155
vt 0.072695316350798497 0.24924874772032729
vt 0.06218893249704259 0.24982825438682965
vt 0.059832903263320684 0.23754877036302247
vt 0.825571227449724 0.66813233192034704
vt 0.83322268705638802 0.65615835099566244
vt 0.84329768520800474 0.66100843170839907
vt 0.95842947493592268 0.74144406484128544
vt 0.96771259488367511 0.74867147451695581
vt 0.95432044188682963 0.76114790763012619
vt 0.11905517578124999 0.35734046911967665
vt 0.13357089551089313 0.35606250462095818
vt 0.13072058259500691 0.3721355065186317
vt 0.53615021810922714 0.76372517005126184
vt 0.51515859128548891 0.76302432472397475
vt 0.53184063547417193 0.75431412657728703
vt 0.71144788483339905 0.80548161166699528
vt 0.70951439890575707 0.79113638604100944
vt 0.7173148073984621 0.78325033578962933
vt 0.80087328408418768 0.26542327592049486
vt 0.81179322444302049 0.26346235305352916
vt 0.80866660710764982 0.2488701179576597
vt 0.77416345253351737 0.64609752378253149
vt 0.76439651826202681 0.64785387297910091
vt 0.77836629103410881 0.63685337391561514
vt 0.52937754922860802 0.62080975361050872
vt 0.503281149879239 0.63170809098974767
vt 0.52985577989451893 0.61709816147476337
vt 0.40763166650236593 0.36430868154820584
vt 0.4221381250616128 0.35841445682176654
vt 0.43331410501281548 0.36235586461208596
vt 0.15607169840238072 0.26815018037140181
vt 0.15540762820078372 0.25268290907802643
vt 0.17204711143902798 0.26549759633157533
vt 0.8763420802937697 0.14884059196014884
vt 0.87778743900335177 0.16864094538643534
vt 0.88312256629534702 0.16126450980875395
vt 0.62669866423501575 0.49690014571421531
vt 0.63391040116078468 0.50520820497338326
vt 0.61370649367852914 0.51130324884167977
vt 0.29166974088747044 0.70049074576104098
vt 0.27452920137519715 0.71504237418671135
vt 0.26117486321963723 0.71730464129041793
vt 0.51433452040615146 0.29398202986371252
vt 0.49633196039530758 0.29448711984917192
vt 0.48315352671529971 0.28498814339141365
vt 0.15382028092345229 0.13004696241312599
vt 0.13993479250357355 0.12136060070916305
vt 0.13383500252612382 0.1080569968238614
vt 0.84156205330737377 0.24791113435281939
vt 0.83241124679613565 0.25484590259636236
vt 0.83618063941738963 0.26898374346904574
vt 0.71477381949921137 0.49103249149743688
vt 0.72172497289037851 0.48536850601340692
vt 0.71853189077287061 0.50222703229741716
vt 0.42035790091433362 0.6661659601735016
vt 0.44884021650729494 0.65423841987874609
vt 0.42079377279672714 0.66991555969045746
vt 0.4593629855086751 0.34262452712194402
vt 0.44811846134414435 0.34765983124260647
vt 0.4327030988145702 0.34412514479002365
vt 0.15126509320472692 0.20455757405855679
vt 0.15299690318784503 0.22075378225428824
vt 0.13675843247855876 0.20626846457881506
vt 0.80149464893040223 0.76961843207807568
vt 0.79376417093848584 0.75689847446766556
vt 0.80757467468454258 0.75330929921628553
vt 0.875971710493888 0.75817093232452681
vt 0.88547902393040223 0.74110334618986595
vt 0.88724869688978703 0.75860445521983444
vt 0.87067863392153 0.86715861901123814
vt 0.87581067010055202 0.86938153095425863
vt 0.86736717825808363 0.88616885597397477
vt 0.66152205121253949 0.75525141093257098
vt 0.65218863983635644 0.76859227129337537
vt 0.64826744873817033 0.75622027183556784
vt 0.77172828457708986 0.87711886336750788
vt 0.75837425448541007 0.8827518114156151
vt 0.76402060331230282 0.86308070041403784
vt 0.72457494886139595 0.20581616904081229
vt 0.72815056930205047 0.22373905603065852
vt 0.73652128105283909 0.21571695706821767
vt 0.87756270640279965 0.62617934554909305
vt 0.85890643483832807 0.63472773314274444
vt 0.86608093454258672 0.62057585610952282
vt 0.70394244750591484 0.73895205909897477
vt 0.70890574169459775 0.75652533209286277
vt 0.69877305858142746 0.74453340644716093
vt 0.4868215278120071 0.74290852351143533
vt 0.48938003684444004 0.753110366965694
vt 0.46696195873176261 0.75240536277602521
vt 0.17485804031323934 0.36464127501478705
vt 0.16157773375887224 0.36015039678627758
vt 0.17738861180254337 0.3536894500443612
vt 0.94652657975157728 0.081530087829012221
vt 0.91887422675966091 0.082221720120884273
vt 0.92087209803824921 0.090741120828815067
vt 0.56053050910636826 0.45295548784996059
vt 0.57612096744380914 0.4441524084434148
vt 0.56231312074871842 0.46266889602227917
vt 0.43849435318907731 0.57950373989550474
vt 0.43941785168572556 0.58630671456033123
vt 0.41280606146490534 0.60094452385646691
vt 0.30204694970549095 0.6580942244183754
vt 0.27185135609720029 0.68083834964018142
vt 0.28744460626355484 0.66367942256506307
vt 0.41867618019272479 0.54143282050966091
vt 0.41417763887519715 0.54077895492409311
vt 0.4388431970253352 0.5214443266955836
vt 0.89137721497929812 0.2095268369849172
vt 0.88477686933162458 0.19993746303233439
vt 0.88537281890772868 0.21965955860607256
vt 0.61528582166798107 0.53652605604298109
vt 0.63007827903194003 0.52455846744380918
vt 0.63707225330244477 0.52947570608241323
vt 0.20511690254091089 0.76615109609128551
vt 0.23236609618370466 0.74646504399152214
vt 0.22367571039530756 0.7586635264688486
vt 0.42032139534453866 0.27849974045618098
vt 0.44721379325216876 0.28656957006604888
vt 0.42822446612529574 0.28828173134981272
vt 0.10901747261312106 0.073970094313756896
vt 0.1154239594372289 0.093345618022353111
vt 0.1059432165103756 0.08905421115622536
vt 0.80507496734522865 0.66138480875394323
vt 0.82269930192724761 0.65270526296332809
vt 0.81547990191246056 0.6639411228312303
vt 0.73831274953174286 0.27622957921554614
vt 0.73522333090989744 0.2588964805242015
vt 0.72599928221115928 0.2666494279253746
vt 0.12296589270751183 0.33202782278933357
vt 0.13585836609079258 0.34258574958103311
vt 0.12125808282605481 0.34352942626182964
vt 0.29418229063978707 0.38841491121598976
vt 0.29916004457684348 0.39676559881457019
vt 0.27711612930057178 0.39475475034503155
vt 0.69118667746944007 0.8255360311514196
vt 0.70099589350847791 0.80111380495859619
vt 0.7017229242655757 0.81451643212736591
vt 0.80702524275433751 0.29673076834212342
vt 0.81504453063387228 0.27868045842986
vt 0.80382361186415618 0.28085629436119874
vt 0.74280740154278391 0.66396653810134065
vt 0.75001501811415616 0.65643075648166405
vt 0.75897051212539435 0.65622111901123814
vt 0.47860742803627759 0.65086874014195584
vt 0.4771025359818612 0.64672913175276026
vt 0.5035655313485804 0.63578654869873819
vt 0.38471756703470034 0.35636063344095031
vt 0.40977378869282333 0.35490110379288248
vt 0.39670394753055993 0.36004823510203077
vt 0.12477785706144026 0.24151409161203669
vt 0.1393063710691049 0.2390583218836258
vt 0.14022543152048009 0.25519076085617115
vt 0.86851887507393533 0.1652131571002563
vt 0.873313042192429 0.17724043307620269
vt 0.87193869220721609 0.15627902539370564
vt 0.65980059025039428 0.48759796431388014
vt 0.65218417291009467 0.50024953174290221
vt 0.64384072481269716 0.49188159256703468
vt 0.32551242575660488 0.6926283394124606
vt 0.29191981174216286 0.71066424733832811
vt 0.30647378915491919 0.69754134217271291
vt 0.53283086830885251 0.30817085530855676
vt 0.50402269814668765 0.30247452311711359
vt 0.52734328790417984 0.30256497837391561
vt 0.16749333041699527 0.15073911263739648
vt 0.14645612939299094 0.13314794305747241
vt 0.16102198651912461 0.1399138152787362
vt 0.83492381580244479 0.22230035920248423
vt 0.82906782950512614 0.24118246084508083
vt 0.83810727092369874 0.23480374790516562
vt 0.98191356959779175 0.26144923261287462
vt 0.99056431141561518 0.26239356392941643
vt 0.9948040405658517 0.25503988657087934
vt 0.47805087212884462 0.63478688140772865
vt 0.47673516980481073 0.63891201079455839
vt 0.44946797367902208 0.65021318020504737
vt 0.49041386071815851 0.34852868690851735
vt 0.4624098913150631 0.35082333922762227
vt 0.47532427574181785 0.34556900168819005
vt 0.18641863801877959 0.23282649765255323
vt 0.17003591639762422 0.23469215176458991
vt 0.16847212638012618 0.21898898055500787
vt 0.91511715669361193 0.69206851032630123
vt 0.90528591408714509 0.70755911745859623
vt 0.9020389207906151 0.69203747289037854
vt 0.89065565235607258 0.8753089880717666
vt 0.88545306954850156 0.87334831550670344
vt 0.89630592899743688 0.85748133132886439
vt 0.62025785716926263 0.79569773388209775
vt 0.63154820583596216 0.78873256358438482
vt 0.63699327342517742 0.804240653341877
vt 0.71605682854396691 0.90336559789037851
vt 0.73074284983734228 0.89583759488367509
vt 0.72270222853410881 0.91671269654475551
vt 0.76694767226932181 0.72196726513209775
vt 0.7765568778341877 0.73302283061415618
vt 0.76257485952287063 0.73411137433458207
vt 0.043374667483549387 0.09749550804354791
vt 0.040186278526715302 0.11291649273893435
vt 0.028920110467856613 0.10430317105555008
vt 0.9074982748422713 0.31099104535316441
vt 0.90058177863761835 0.33093993370465302
vt 0.91473022846017349 0.32155499864451892
vt 0.63844329160094637 0.56142400988268926
vt 0.6662459027503943 0.56807753505766956
vt 0.63851618721658121 0.56678678590792586
vt 0.53798481553134858 0.38453958312795744
vt 0.5095794003844637 0.39447398862628152
vt 0.51120909681831628 0.38739579739254731
vt 0.30448225243986593 0.29544806736124801
vt 0.30362389019987185 0.30575983185873423
vt 0.28399910430426856 0.29831806748447359
vt 0.94841069844242898 0.16201984393483831
vt 0.952658745317429 0.14753933975749212
vt 0.9369026641364353 0.1549806997979101
vt 0.45212960709532729 0.60081105518040223
vt 0.446357375665418 0.59690881001084384
vt 0.47486529906841485 0.5831584942453667
vt 0.18481501149078272 0.73576706365832023
vt 0.21401396068488762 0.7195637507393533
vt 0.20417095388899842 0.7311390970031546
vt 0.30404792087687305 0.20241431588254141
vt 0.30553384774866915 0.19801862939299092
vt 0.33245472231121848 0.21252872695682176
vt 0.86577233155067035 0.054743163292340302
vt 0.8831013869035883 0.065017892735237573
vt 0.8813263228263013 0.053943217665615141
vt 0.868386176557571 0.43627760252365932
vt 0.88274796061711358 0.38883460974467665
vt 0.86066293806683758 0.38845399682078074
vt 0.64355792217074137 0.6834716796875
vt 0.65006754300571767 0.66565465114846212
vt 0.65802683544459784 0.6748743869528786
vt 0.431477120095623 0.43024455651123816
vt 0.4567095157851932 0.41791992187499999
vt 0.44862410969538641 0.42982558963426654
vt 0.29298186196889786 0.33225424974122636
vt 0.29749881010326301 0.3239997550892153
vt 0.31552197188609032 0.32908627482994873
vt 0.036134121771490536 0.16066093565161671
vt 0.036549760114507342 0.14474271659971411
vt 0.049803513006457016 0.15599421070953273
vt 0.88845792463525242 0.69303937364451895
vt 0.89248062278194007 0.70777707265378553
vt 0.87879657925867505 0.70941173661770507
vt 0.90152876700512619 0.83908822333399058
vt 0.89071996069104886 0.85506241374211356
vt 0.89548447666108044 0.83643271268730279
vt 0.11762241880976439 0.41382871802296922
vt 0.097293803218035296 0.41270016450611197
vt 0.10410111965817231 0.39926881038052048
vt 0.59311665917044554 0.699548378351735
vt 0.6082160251749803 0.68592633268434544
vt 0.60898468306388009 0.70010836146983435
vt 0.75908549696865146 0.74935753277799688
vt 0.77200269247831232 0.74746278588328074
vt 0.76779176730086751 0.7632284940605284
vt 0.80017983229002365 0.18441200617360015
vt 0.7961611389737776 0.17352797451079455
vt 0.78930825796037063 0.18372377221140576
vt 0.92380440408123032 0.32811275446076499
vt 0.90882549105382493 0.34343908652898264
vt 0.92017487246155361 0.35004547793030361
vt 0.51042056880914821 0.040760808036154374
vt 0.48583283529672711 0.050519496785353411
vt 0.48752645498570585 0.043150218879386831
vt 0.48619808353460175 0.38894624439323738
vt 0.48581985810577683 0.3969240206649251
vt 0.46266897303824922 0.39882115505471216
vt 0.26314980299314866 0.30155968891709384
vt 0.28214163313904772 0.30881401567429023
vt 0.26088938427272279 0.31251524916206624
vt 0.9269743814077287 0.14820633656595031
vt 0.9412144802346214 0.14160493194868887
vt 0.93224774189175863 0.13649726169718554
vt 0.49684419361198739 0.56542541311366323
vt 0.46974835801951892 0.57822346491768528
vt 0.49214252267350156 0.55943761398363567
vt 0.22529525997510844 0.72334022882985016
vt 0.23148154851389985 0.71404979236494481
vt 0.25226078454628353 0.70518171147969244
vt 0.36185911160538248 0.22309027349911278
vt 0.33438701449132491 0.20841786477844046
vt 0.36383780590743298 0.21917168168991522
vt 0.42113141080934541 0.83983081131703474
vt 0.42517205367705047 0.83934684296135642
vt 0.42301614562795742 0.81738935885745267
vt 0.8614949415910883 0.35397879904376972
vt 0.87512291748817039 0.36082590385942431
vt 0.87317333522279184 0.33448185965841876
vt 0.66960102646884856 0.66683160920248419
vt 0.66102252563091479 0.66007815580638807
vt 0.67049602905658512 0.65367373878647472
vt 0.46437441467862778 0.42911484775483044
vt 0.47551843300226737 0.41663009691689668
vt 0.49274382485952289 0.41507568359375002
vt 0.3384167981072555 0.32622990653341877
vt 0.31998937949773265 0.32078254771909503
vt 0.34256653409651028 0.31782779152084978
vt 0.063603975795420944 0.15177233963734721
vt 0.05058040197715398 0.13979835871266266
vt 0.063922046938153093 0.13460555693328569
vt 0.86957869183753944 0.72601645677247639
vt 0.88270544780165616 0.72450309296135651
vt 0.87324164838820983 0.74158053714018135
vt 0.88932558655362781 0.83399361691640383
vt 0.88526083768730279 0.8527750394321767
vt 0.87959069092567033 0.85051030781742898
vt 0.089995269294040808 0.38435347403637621
vt 0.087738470324206425 0.39829694585469244
vt 0.07708566467092616 0.38405842585518535
vt 0.76036003425670351 0.91527611765575712
vt 0.75235083546924286 0.9023520677247634
vt 0.76621240080343056 0.89616298735705835
vt 0.77582830675768932 0.77648117113564674
vt 0.78052366238663251 0.7602620699428233
vt 0.78846439397673507 0.77294737036671923
vt 0.0077008430890104368 0.1383726775834237
vt 0.023282774916206624 0.13395915226981467
vt 0.02199640123626035 0.14942745365178922
vt 0.91896009956624602 0.37407349788052052
vt 0.90322589092074135 0.37039429096017351
vt 0.89910368814077291 0.40204153933359621
vt 0.4266013160488959 0.50532858093454258
vt 0.43186119873817036 0.50567823343848584
vt 0.42391315063091484 0.48335831217961356
vt 0.43985734331871057 0.40897547965546138
vt 0.46110762827779966 0.40788978552592664
vt 0.43719667260203077 0.41905590743296528
vt 0.25775208097151026 0.32250098580441638
vt 0.27924115394568216 0.31857014845598386
vt 0.2754414362862283 0.32758180636336753
vt 0.93982387987973182 0.12531501457142152
vt 0.94766849553923505 0.12930696409207412
vt 0.95683894112283119 0.11635636290541207
vt 0.48870949730136043 0.55269078396096216
vt 0.46598119886139588 0.57240379165023658
vt 0.46367976913692821 0.56572373447358049
vt 0.28067022377760253 0.68466773770208988
vt 0.25980051323442427 0.69481536191344639
vt 0.28939855918523266 0.67309678134858042
vt 0.36657426033862384 0.581533264737776
vt 0.38875840244233045 0.5601700743666207
vt 0.39305546998225555 0.56136902048008674
vt 0.94748165479593849 0.070655351031089803
vt 0.92178065543671139 0.074135688276320971
vt 0.94622706464412465 0.075122744202237773
vt 0.88325757529081228 0.31407299342591682
vt 0.88609584483438486 0.33621868530658516
vt 0.894997504682571 0.31456554906225354
vt 0.67767291625591486 0.55934419361198739
vt 0.68036185183359621 0.56934179071372237
vt 0.66317496796135644 0.5606316695830047
vt 0.52226805100305596 0.40222356657876579
vt 0.50356522328470033 0.40382072376527994
vt 0.53356775711011439 0.39157037103213721
vt 0.34514745477622238 0.30913047429514984
vt 0.32334623607551261 0.31219979174881701
vt 0.32516038575759071 0.30309323091236201
vt 0.064282289137975651 0.11603808478226045
vt 0.05172649588118592 0.12288537251084385
vt 0.053501078608660289 0.10522641925029574
vt 0.79696718811612777 0.71714498718454256
vt 0.7909804287016956 0.73057033406447158
vt 0.78168159749605681 0.71983061107551261
vt 0.9186045938485804 0.72614299401123816
vt 0.90729248817034702 0.72462701165713728
vt 0.91744296197259467 0.70846120551557568
vt 0.061128798042562105 0.31979581911105087
vt 0.044889980761410687 0.30863387532038644
vt 0.04765430053325858 0.30484328405338129
vt 0.61131264479002367 0.77322147020406151
vt 0.62691546419065458 0.7762638320682177
vt 0.61576054810725556 0.78399099837342268
vt 0.73087647254534704 0.8611412072407334
vt 0.73762569006309153 0.8750447462785883
vt 0.72396213278785493 0.88211935626971605
vt 0.75623197826301258 0.25725944831920344
vt 0.74418814385350951 0.25031848029007298
vt 0.74747980641265777 0.26693521493616917
vt 0.8182339930007887 0.63982788471017349
vt 0.82953554749112779 0.64093799290220821
vt 0.81193316246056779 0.65096423994479491
vt 0.53858211288692825 0.020495562147266857
vt 0.52399948553332021 0.013807998320281694
vt 0.5495319354421333 0.021936092918227523
vt 0.34050323775138014 0.39116345715447554
vt 0.32202179243888013 0.39836448886041009
vt 0.31692424016043969 0.39004495422170743
vt 0.15261341179206919 0.32810486032383673
vt 0.15085490614833891 0.33990124242162856
vt 0.1376805350607502 0.33121857748422712
vt 0.87837830552543372 0.086564236710124212
vt 0.88799205503253154 0.078798600927888401
vt 0.8722613891216483 0.072101012991053828
vt 0.97945514281841484 0.14528563105345524
vt 0.96963152479298109 0.13888718277121945
vt 0.96274814545544163 0.15425820335604792
vt 0.39129831211800081 0.63082229181042981
vt 0.41717891271934149 0.61152867458596216
vt 0.42225468873225552 0.6151837369997043
vt 0.22076412164826498 0.70489767658221614
vt 0.22930292075364747 0.70446908270899056
vt 0.20003893157285094 0.72190711565950316
vt 0.45138817435183359 0.49879697204012224
vt 0.43121360995416008 0.51885682115043374
vt 0.42752092523905755 0.51692137131555604
vt 0.8692854150236593 0.20882554881580245
vt 0.87408920913840693 0.1986545695115339
vt 0.86941310750197165 0.1867882954209385
vt 0.6756942219538643 0.50526750727030756
vt 0.66026160784700316 0.50822495902750398
vt 0.66812332105185335 0.49634713254140378
vt 0.30619581926508282 0.71255622165812305
vt 0.28192003893927448 0.721376937721806
vt 0.31365102292611396 0.70391179514984226
vt 0.48129944425276028 0.31057013382294951
vt 0.48058057718848579 0.30285727323417783
vt 0.50667077675226735 0.30899494544188683
vt 0.13898920005052248 0.14286750288039729
vt 0.1336630836270209 0.12825722679354792
vt 0.15261654056585172 0.14606428176446667
vt 0.86118641561514198 0.65367165935528393
vt 0.85119613503055991 0.64810979704751581
vt 0.869365357600552 0.64018581643089512
vt 0.949558082363959 0.78060953519321763
vt 0.96277741152405361 0.76796428307373821
vt 0.95754648683951105 0.78756962243690853
vt 0.14302870693266956 0.38278331094735807
vt 0.14575855724443021 0.36813618271884857
vt 0.15896047116830145 0.3739245104864945
vt 0.5284659496993297 0.74435534552444793
vt 0.51113785704603709 0.75371602055402209
vt 0.50804682108882093 0.74366451227326502
vt 0.72072507455145896 0.76298358327582805
vt 0.71447207092862774 0.7695712983044164
vt 0.71427121327878551 0.74997666416108044
vt 0.81596656582708993 0.23222717862776024
vt 0.81916742655757102 0.24581757073146687
vt 0.82591864649053626 0.22811966664407532
vt 0.78104228792882491 0.6277034145800473
vt 0.76843870144913251 0.63914213451301261
vt 0.77072961849369082 0.63043763554810728
vt 0.53029769753055989 0.61358996851587144
vt 0.50347869584236993 0.62791289801853312
vt 0.50427192182570979 0.62408243173304412
vt 0.46002628555057179 0.36030365856664037
vt 0.4483369556511238 0.35618010800719635
vt 0.47572021484374999 0.35406725188535093
vt 0.18868679684419362 0.2628437415282433
vt 0.17133723598925474 0.25022817906521094
vt 0.18781674743074725 0.2478737816073541
vt 0.88987963944203474 0.17263637987973185
vt 0.88397289962046532 0.18034490832018926
vt 0.89046403662263407 0.19100004852006111
vt 0.59891546111001581 0.5255740770406151
vt 0.62277192798698733 0.51862061317034702
vt 0.60738764140132095 0.53158917833201891
vt 0.2334677903810134 0.73452487307768144
vt 0.24475598260055206 0.73257251823738168
vt 0.21752825715940458 0.75061705195189277
vt 0.45270972988958991 0.27543279124359227
vt 0.46605794527553235 0.28563467320583596
vt 0.43697009161819794 0.27671947780091682
vt 0.12414198433187106 0.082140853352351148
vt 0.1246427999309937 0.099883445956353512
vt 0.11748911379263605 0.077415331530646198
vt 0.82980702878548895 0.28991360348481859
vt 0.82585772685824133 0.27470674244011239
vt 0.81843469661869084 0.29431175448541008
vt 0.72238099492310726 0.51436987073639595
vt 0.72471049696865142 0.49637955626478708
vt 0.72742430870465302 0.507802603447851
vt 0.42274501090546135 0.67348124507097795
vt 0.44949654660390381 0.65805733376873032
vt 0.45139090841876972 0.66188448836750791
vt 0.40678603115141954 0.34559472502218058
vt 0.42181904789777208 0.34963586849369083
vt 0.39641382837145112 0.35134492988466087
vt 0.12253611471374705 0.20845075059764392
vt 0.13819304746032138 0.2227736801003056
vt 0.12375562409121155 0.22506324936538841
vt 0.81398894974861991 0.73773582290023665
vt 0.79957810651616723 0.74154495576202684
vt 0.80575987036671926 0.7271783967123423
vt 0.89795522599566246 0.7597711701498423
vt 0.89716981713328081 0.74161665763012619
vt 0.9082410938732256 0.74283743777109623
vt 0.8639288772919953 0.90502221140575712
vt 0.87156878450315456 0.88802093602129339
vt 0.86734769321766558 0.90653434296135649
vt 0.63389365018730282 0.75490237455638798
vt 0.63774186865388405 0.76696399965496842
vt 0.62267635116817821 0.76483666453075705
vt 0.75673751109029963 0.8489170014294164
vt 0.75091579689964516 0.86872612504929025
vt 0.74389586824723974 0.8547184604199527
vt 0.74859954160094633 0.22390373542857847
vt 0.74043091975552056 0.23316161339215299
vt 0.75248430414530754 0.24089988925103509
vt 0.85365656422515768 0.61684924585962142
vt 0.84750137088426658 0.63074723974763403
vt 0.83569674807768135 0.62851728084335567
vt 0.69560924253253154 0.75193648955047321
vt 0.70447709236987377 0.76488125677740537
vt 0.70152530128647472 0.77711624482452679
vt 0.34944267393286671 0.40935597705540222
vt 0.32621777651813882 0.40785289487628157
vt 0.34558690790122237 0.39992556406496449
vt 0.17992445888579456 0.34347874975354892
vt 0.16407397537953469 0.34793054237726734
vt 0.16623816264540614 0.33661966895455442
vt 0.90889033850059153 0.095588005378795346
vt 0.90376492569499212 0.085572348032087936
vt 0.89314827422614351 0.091014720062352131
vt 0.56490193556535884 0.47318558076202683
vt 0.57882680802691244 0.45464598839215298
vt 0.58244432515526423 0.46555014047712934
vt 0.38553886533911674 0.622519392621254
vt 0.41398945035242507 0.60682446212046526
vt 0.3871669829455836 0.627255874778194
vt 0.27592265132097793 0.66654102794755521
vt 0.25775360203691838 0.6852420457906151
vt 0.2482527001799093 0.6865959095277997
vt 0.45858004115733436 0.50126113650926651
vt 0.43487371691393928 0.52039348229248816
vt 0.45504057971460959 0.49997547041354495
vt 0.87949326572358044 0.23052217982920939
vt 0.87939260585074919 0.2098081378154574
vt 0.87399648191048895 0.22029438199305007
vt 0.65661505569794953 0.52468338734720033
vt 0.64985397772082021 0.51901119966236198
vt 0.66718688387223979 0.51564991466630516
vt 0.24790337499383872 0.74665411819794958
vt 0.25235782466852325 0.73898694733339909
vt 0.27632921862677445 0.7289825728263013
vt 0.43251194517695191 0.29743421295839906
vt 0.45357442669311909 0.29553438300966089
vt 0.45671402121944005 0.30416708383650432
vt 0.10721762864747635 0.10656681481972102
vt 0.11733324309628845 0.10940709640551065
vt 0.12153855573491719 0.12511593791588624
vt 0.82801286474763403 0.76360502513801265
vt 0.83503579702287067 0.74683726217468449
vt 0.84035313362578867 0.76131657260449526
vt 0.87811722138702686 0.79325447924881698
vt 0.88698923008675079 0.79466063682965304
vt 0.87727227917981077 0.81119442527602525
vt 0.85579622190457416 0.90099165763012623
vt 0.85367828272870661 0.91941634217271295
vt 0.84875110902996842 0.91553034737283123
vt 0.80508883021983435 0.92761330589511037
vt 0.79237426372732644 0.93401317897279179
vt 0.79589566492507891 0.9153818605826104
vt 0.78129905917291009 0.83927075118296535
vt 0.77399879238958991 0.82536582585764984
vt 0.78593195485015777 0.82114535069992112
vt 0.73997714166009465 0.19068884623915616
vt 0.75202736839511042 0.19803917340299684
vt 0.74734233290615137 0.18235490961405756
vt 0.89071757319597789 0.59439643354445981
vt 0.87716368666206623 0.58836338753203865
vt 0.89610684271490537 0.57563403397328472
vt 0.45694094877513802 0.034600286152836654
vt 0.46069990573245267 0.041095654219859029
vt 0.44338479027011041 0.053598080222915026
vt 0.35215394414185724 0.42986459822308754
vt 0.37387044527553231 0.42005195497338327
vt 0.37277146589116722 0.43045588833300474
vt 0.20796601208226537 0.35084555833497633
vt 0.21201803405954259 0.34272256845179416
vt 0.22763138539407532 0.34545451744873817
vt 0.95307116583694795 0.094198541009463718
vt 0.93572663027405367 0.10592417431178529
vt 0.95815252550768926 0.097932140458645511
vt 0.52624885246204656 0.49471766715546134
vt 0.52778351118888012 0.50392920075906944
vt 0.50654019617507884 0.5159709172293967
vt 0.38855739076054813 0.6087563307127366
vt 0.35937553911179021 0.6324566862184543
vt 0.36409677210666402 0.62361602301853314
vt 0.33645674166995271 0.62179809955392351
vt 0.32704800867507888 0.62456632307275239
vt 0.35684098204603709 0.60180949021589114
vt 0.46698625727030757 0.50266275014787065
vt 0.48540974806535886 0.48328033350995664
vt 0.48989211602917981 0.48374951479938882
vt 0.89377433704652998 0.24601459683680008
vt 0.88728743592271297 0.25836077669065455
vt 0.89563712231368298 0.26386497329086162
vt 0.62667063042192428 0.54340007794016165
vt 0.64870936637421139 0.53798342924388798
vt 0.63059120539235014 0.54629021773955044
vt 0.19520111565334189 0.79243056240141951
vt 0.22201409084187698 0.76962451633970819
vt 0.19771913353953074 0.79343608290615142
vt 0.38364924000640771 0.28316396237923896
vt 0.38747323695041402 0.2936960503129929
vt 0.36394008311563486 0.2862944112591187
vt 0.090148973916231265 0.075460858751170645
vt 0.086682706526025236 0.089669039271983442
vt 0.079556900168819 0.079349573177494082
vt 0.79079851698048109 0.68094486272673505
vt 0.80062136484621449 0.68539761805007882
vt 0.78396127020899053 0.69067028539037856
vt 0.96326707906151421 0.70279837527109623
vt 0.95128385622042588 0.71641972779475549
vt 0.95172731417586753 0.69775467640970035
vt 0.094893099908196971 0.32624969963771688
vt 0.093221266111740933 0.33713825598876185
vt 0.080789107554342474 0.32014337292981071
vt 0.54663043578716486 0.77974156521096216
vt 0.56195272451695588 0.77426157087933756
vt 0.56749094292192426 0.78157754892054421
vt 0.69600841630520505 0.84959350971017356
vt 0.70780803307373819 0.84032802641955839
vt 0.69964002735607256 0.86243445940950314
vt 0.78441119750591481 0.29536069274324722
vt 0.78175098888505523 0.27997326775680204
vt 0.77338212551754737 0.29250135933187105
vt 0.7620546166453076 0.66244570374112777
vt 0.77891164111790223 0.65321256715792586
vt 0.77261081057768144 0.66148754805796528
vt 0.634384858044164 0.06950626794472102
vt 0.60598275458399053 0.05663374169767843
vt 0.61271271810922712 0.05487920237640477
vt 0.35800765846805993 0.36643459187697158
vt 0.36739636731072556 0.37154779765132095
vt 0.34310880354150236 0.37170414007048502
vt 0.12594012431917884 0.27333585817355088
vt 0.14039664764885645 0.28706210644839314
vt 0.12575374567170247 0.28924498934098974
vt 0.86353178295051258 0.12321598281619676
vt 0.86649620465299682 0.11611095151690655
vt 0.86035425805895105 0.10399797602030757
vt 0.64569973629731858 0.46928314305254337
vt 0.6292976066517153 0.47377363620120266
vt 0.63834228515625002 0.46002771034601736
vt 0.35989054490339117 0.66676653070780756
vt 0.34705194419114749 0.66863678652405367
vt 0.38232853164432179 0.65109193242310726
vt 0.58812567774053626 0.30089301942650826
vt 0.55951944345179416 0.29549329498964905
vt 0.5944862341655166 0.29554703288273859
vt 0.47372168892941641 0.46341109892547316
vt 0.48192338913397081 0.46223899287756309
vt 0.45883739002119478 0.47921878080638802
vt 0.85001640440161674 0.205898460604791
vt 0.85332008145208993 0.21744538797565063
vt 0.85625015403194005 0.19592025227351142
vt 0.70691387766167191 0.47129818889244873
vt 0.70321079579061518 0.4856950537263407
vt 0.69852599134956628 0.47612793738909698
vt 0.42495020917537463 0.65655991226340693
vt 0.39324369701301259 0.67380363392152998
vt 0.39820032932028787 0.66735085087243695
vt 0.5157732557423107 0.33742421628548896
vt 0.49631262938682963 0.33343625234128549
vt 0.52567585364501179 0.33008155221066643
vt 0.18199572638382294 0.20297814979914236
vt 0.16357319828839709 0.18787805214289235
vt 0.17909636392202288 0.18837309154426263
vt 0.90671679379436121 0.66382921862677446
vt 0.89222901160784696 0.66614901666009463
vt 0.90106074095524447 0.65224116472791793
vt 0.91427614230086751 0.84559514861001572
vt 0.91960564742705042 0.82739750714708205
vt 0.92655125566837537 0.831831162509858
vt 0.62742280689323737 0.82232754583990542
vt 0.654658233931388 0.84826498422712937
vt 0.6258895344538643 0.82622825069006312
vt 0.55984129319055598 0.69867178258083595
vt 0.56040008256111984 0.71167354162559149
vt 0.54256988429120667 0.71092841211553626
vt 0.74010175349960572 0.7260783776123817
vt 0.738264075438683 0.73806783874704263
vt 0.72894822370366719 0.72841203852030756
vt 0.82044196384562307 0.18008852215595425
vt 0.81511284379929017 0.19306378770701893
vt 0.82457217628647472 0.18932816658862381
vt 0.93269728410883279 0.29558115095746251
vt 0.94068938535094637 0.29883985068143731
vt 0.94498733857452677 0.28567179490339117
vt 0.5848381740437697 0.57858740388406937
vt 0.58308232545100547 0.58343236303479895
vt 0.55903890230678233 0.59198953044903391
vt 0.53430433784749609 0.37196195103016561
vt 0.50483683396589119 0.37282487646638407
vt 0.52699217209680604 0.36399091365585567
vt 0.26396055010967073 0.27865225133083599
vt 0.24480752553849566 0.28133017362480284
vt 0.2441911667303332 0.26894032571594045
vt 0.92312011718749998 0.17683875628450316
vt 0.91241528243296532 0.16881871749926064
vt 0.9124405436711357 0.18426842915146885
vt 0.50946938307127365 0.57480992458596214
vt 0.52983945250887221 0.55908938627513804
vt 0.53695472693217661 0.5636704116965694
vt 0.1731416046431388 0.7570296326646293
vt 0.19806699542217074 0.74672065999605675
vt 0.17511536992310725 0.76405541453075709
vt 0.35312962095820188 0.23073445509660884
vt 0.38257802487923898 0.24095647673501577
vt 0.37496927062795743 0.24431525871204654
vt 0.61748786228312302 0.44392340145652603
vt 0.5998502039382887 0.43689072666108042
vt 0.60457447906397865 0.42872741891758676
vt 0.82838115511632493 0.37004748804712145
vt 0.83592502341285491 0.34626938491965692
vt 0.82045536462440849 0.34859553677050475
vt 0.6734454326449133 0.68376873028391172
vt 0.68387917118493691 0.67728691221411674
vt 0.68973623570583598 0.67993449021589114
vt 0.39078068778341879 0.70868408973284702
vt 0.37981080256802052 0.7058091605875394
vt 0.40969207474861985 0.695048951350552
vt 0.32673528532876578 0.34082119818365536
vt 0.35001621186169163 0.33842758034305992
vt 0.3425989193119085 0.34496030596904576
vt 0.06449149339357009 0.18584271259488366
vt 0.078126342965977424 0.1823100670655067
vt 0.079407686540381009 0.19977994611962738
vt 0.85906839942330437 0.69931517399447951
vt 0.85056029118197951 0.71477266425966091
vt 0.84382193291600949 0.70359487443316249
vt 0.91034416896687698 0.80130757713919554
vt 0.90319662485212937 0.79868456723186121
vt 0.91382975773856467 0.78212366916403786
vt 0.11261909557065754 0.38395895972988958
vt 0.097211521281052843 0.36844351494725947
vt 0.099955032300497834 0.36738435281940063
vt 0.59635737566541802 0.72596269962539428
vt 0.61277155831033125 0.72820648289629342
vt 0.59927015815999607 0.73910855555007882
vt 0.75191923797318616 0.7835977548304417
vt 0.75932378437992898 0.79751577287066244
vt 0.74767750640772868 0.80173062586257882
vt 0.78691221411671919 0.20836520510893139
vt 0.77558978829850156 0.20694510763751972
vt 0.77988358265970037 0.22161137433458203
vt 0.83183077743000788 0.59073528686908516
vt 0.84705691172121456 0.58675494750591484
vt 0.83094771231762621 0.60321006413889988
vt 0.51254682570977916 0.036161327662904183
vt 0.48633070503499604 0.04037503022876824
vt 0.51324239544311911 0.032718485161333057
vt 0.43666387612135255 0.39194794182521686
vt 0.41650051754731859 0.40080065802444798
vt 0.41271137032975158 0.39250580700414039
vt 0.22275352117014985 0.31000185223407928
vt 0.22002280442872635 0.3216359424290221
vt 0.20355825333941246 0.31478666191221411
vt 0.90952287066246051 0.13290193479519913
vt 0.91516513764294161 0.12213167497412264
vt 0.90058046936612779 0.12279934567231861
vt 0.53797853872979096 0.52932571748077684
vt 0.53360287639244874 0.521379479248817
vt 0.55676877957413251 0.51085590157975158
vt 0.27401639053874211 0.69736235705835958
vt 0.301419693137569 0.67748769284798893
vt 0.30103326550793574 0.68126247658714512
vt 0.31220027309862974 0.62175215952779972
vt 0.31575529176730088 0.62424632171727135
vt 0.28897196772722794 0.64425699613071763
vt 0.54462440081575314 0.43416120366719241
vt 0.52221025051754733 0.4455107776148462
vt 0.52147513308359617 0.44366089252267349
vt 0.86415923205835965 0.29942397830614154
vt 0.87295530301163249 0.28539950494134464
vt 0.86553134858044167 0.27580543301458993
vt 0.69843649879238956 0.54758759026271686
vt 0.68430337514787065 0.54332983937549295
vt 0.69241639146293377 0.5348028622215103
vt 0.30850136934394717 0.72646253327089905
vt 0.27916269392621251 0.73872208941246054
vt 0.30445100321002561 0.72422198467074128
vt 0.38442694727178628 0.32042074594587933
vt 0.38729024700561909 0.31180265889934938
vt 0.40773844914481466 0.31754054120662462
vt 0.089768534278267947 0.14422623787768632
vt 0.088302053938904765 0.12551424525889687
vt 0.10222169894149251 0.14199133069733341
vt 0.82550830540220821 0.82426804022082023
vt 0.82081957314668774 0.8108751170642744
vt 0.83108564791995265 0.80876726698048107
vt 0.84323591840003942 0.82236251109029967
vt 0.85032285094637228 0.80748756962243695
vt 0.85172816135153784 0.82340546135646686
vt 0.84465355136041009 0.85334403341876974
vt 0.85181765390871456 0.85746238540023656
vt 0.84425006469341479 0.87097152565555991
vt 0.82942210296727126 0.8747517005126183
vt 0.82819901234720028 0.89306009094045746
vt 0.82062980579653 0.88305217369873812
vt 0.81685602326498419 0.85554622806585179
vt 0.8070302487923896 0.86094273708596214
vt 0.81105695176951897 0.84389032309739742
vt 0.94098127587736591 0.86388644149250793
vt 0.94712560996648265 0.84868348900828072
vt 0.95341334779179809 0.8555729526074527
vt 0.94122549351833595 0.6072842089535686
vt 0.92644867039629342 0.60908757639984223
vt 0.93432532469932961 0.59396056166206623
vt 0.69832274620465296 0.69993284207413253
vt 0.69595219464708202 0.70737589646589116
vt 0.68357765366226342 0.70040649028982649
vt 0.49333488392152997 0.69793165910883281
vt 0.48939297552740535 0.70930545457906147
vt 0.47285529777454655 0.708442336602918
vt 0.23432116583694795 0.36146425072703076
vt 0.21763045735163644 0.3632643449945781
vt 0.23610192909601735 0.35793480136041012
vt 0.48461906360902995 0.49997327545839904
vt 0.50162014645356856 0.48241902540910886
vt 0.50424500474418377 0.48308529056585175
vt 0.48771129331378155 0.50548773443661277
vt 0.50652964498718456 0.49082142923156546
vt 0.48716424887864745 0.51208719440063089
vt 0.44835116509759465 0.545136711048403
vt 0.44440521336504335 0.55425031884611597
vt 0.42541923643286672 0.56608709582018923
vt 0.41775210407630126 0.56391385917783909
vt 0.39210686427937697 0.5856768779574133
vt 0.40531217653292589 0.57059441695830049
vt 0.44339376263061908 0.53511185029327679
vt 0.43638365351439273 0.53784711097693216
vt 0.45929417173945192 0.51869008157531549
vt 0.92366369590398267 0.23440501697431979
vt 0.91559326942034702 0.2297712163594243
vt 0.91733675694992112 0.24373153542118495
vt 0.53894370286622639 0.58492635732945586
vt 0.55948790541206628 0.57338874889097002
vt 0.56377519192379733 0.57555235853706621
vt 0.19629757276468848 0.58174594433901816
vt 0.20457174499704259 0.55787257245662458
vt 0.23094382301113958 0.59022082018927446
vt 0.31789446809690458 0.24621100681437302
vt 0.34159339880717665 0.25416858564791994
vt 0.32780719359966481 0.2569975362591187
vt 0.089942272679662857 0.03510306565919509
vt 0.096347055525433753 0.04087292884802593
vt 0.083849260107575901 0.047937237953161967
vt 0.7371536591827681 0.68611409761928233
vt 0.7534463876429417 0.68198943032827286
vt 0.74773349701794167 0.68842950574231077
vt 0.74757638443907726 0.33847656250000002
vt 0.74517055956723188 0.32402197419656942
vt 0.73554887741522079 0.33242591833842666
vt 0.073243371620539233 0.27301009987430996
vt 0.085006145874408523 0.28806192777134265
vt 0.072030004266684738 0.28379743798674095
vt 0.27063394540491914 0.3667182031866128
vt 0.27658502717123423 0.37068880002957411
vt 0.25641261922072162 0.36947672269321769
vt 0.64813952521194795 0.91743926520603314
vt 0.65897605727523656 0.89590275039432177
vt 0.66269569757985014 0.90535045347003151
vt 0.77006242914530754 0.35021587576399843
vt 0.78036285304120667 0.34008457893828864
vt 0.7685215706328864 0.33512136176557572
vt 0.71383468676064665 0.68377489156151416
vt 0.71937344427740535 0.67971260720623028
vt 0.73113039419854098 0.67996799216285486
vt 0.49308739310183358 0.67010078309838328
vt 0.48832006604889588 0.66503405646194791
vt 0.50999143582413253 0.65676277232847002
vt 0.2935488535402701 0.36052658129189669
vt 0.3143588767066739 0.35975619054367114
vt 0.30299553615437697 0.36358538606565455
vt 0.072695316350798497 0.24924874772032729
vt 0.084520598691344637 0.24804194597791798
vt 0.085404645757344244 0.26226571741916405
vt 0.85466447222496056 0.1292724609375
vt 0.85767803011632493 0.13535924484301065
vt 0.85600054527306779 0.1169379875110903
vt 0.95612261558556777 0.22936434098974764
vt 0.96715877304317821 0.22361369328543967
vt 0.95839643508477923 0.21817800239057572
vt 0.45816723555796529 0.62620183421234232
vt 0.42822812438387226 0.64091708306634465
vt 0.44279415479593848 0.63010030559936914
vt 0.64300841322456626 0.30905263040344044
vt 0.62332786776666005 0.30218690697703077
vt 0.66566004226636433 0.27970713907235806
vt 0.25026788079776224 0.21186950876133676
vt 0.23100766925029576 0.19809004245120268
vt 0.25044118598432569 0.20367610702755323
vt 0.84747048748028386 0.15235568747535488
vt 0.84629175805895107 0.16851175109670741
vt 0.85138282174191637 0.15863246977893336
vt 0.95041788865339116 0.24865782343626774
vt 0.95784854347397475 0.25300002233463131
vt 0.96141561514195584 0.24358148905757099
vt 0.49430597828765771 0.61416323688880126
vt 0.48896623003746059 0.61975070700660484
vt 0.46729955823639591 0.62791767300867507
vt 0.6122081094735804 0.33977062333645502
vt 0.581408575882295 0.34187901253203862
vt 0.59538393231220421 0.3320998327213131
vt 0.25346548760350945 0.2310073226784306
vt 0.2371669636915911 0.23057110422417193
vt 0.23464794459779179 0.21877306628302445
vt 0.95377755631407724 0.63601775064077282
vt 0.94463291108044167 0.64896821704948737
vt 0.93983450808359625 0.63480517270061121
vt 0.91799262495070977 0.88377104076301261
vt 0.91043635708300474 0.88154558729298105
vt 0.92258932312204256 0.86945947111593058
vt 0.56322190919509074 0.79856380619085177
vt 0.57897849097988963 0.79795075906940061
vt 0.57923487714412458 0.800312376774448
vt 0.52921566165960177 0.67565941073541014
vt 0.54487427913052056 0.67407827287066246
vt 0.52737813763061914 0.68654407777996851
vt 0.72726419250295737 0.69760865413052053
vt 0.73725331784798898 0.70206341186908516
vt 0.72260565050768932 0.70416748817034702
vt 0.8384189545544164 0.14167470841753746
vt 0.83272200623521297 0.14945747062610903
vt 0.83767328593257095 0.15508636570879339
vt 0.92970544472101735 0.256134033203125
vt 0.92418008798304419 0.26818581951153392
vt 0.93505289456821772 0.26427061640501776
vt 0.5424300232896293 0.58966588161721212
vt 0.56505107699132495 0.58074662361987384
vt 0.54070567422860805 0.59315173994479498
vt 0.64788683581427442 0.36501137525877364
vt 0.62939014133970816 0.37537214116719242
vt 0.61283686785291802 0.36085505440408122
vt 0.29182259833399055 0.25105111395899055
vt 0.29700429055969046 0.26204882119356271
vt 0.27632453990659506 0.252647751287707
vt 0.93945505039925081 0.21906871133798306
vt 0.94050416194302056 0.20618338118592272
vt 0.93087631851340691 0.21358854372042588
vt 0.48749237541896689 0.60576040947850951
vt 0.47765508705885251 0.60584019802346212
vt 0.50568812999063484 0.59385936267744477
vt 0.15060016620046332 0.58503325549585961
vt 0.14076640132097792 0.55808937241226342
vt 0.16309606510005914 0.56167773899595819
vt 0.28981716023634663 0.22307756586405758
vt 0.29445708362085959 0.2176399303159503
vt 0.31286047324773264 0.23054761435331231
vt 0.095455123949502174 0.015383723406385549
vt 0.10825177021207118 0.0065925796701328991
vt 0.107542732310972 0.013441123120040172
vt 0.95920186809936914 0.58176150156496453
vt 0.95330906816837535 0.56475117680402209
vt 0.97180137273264988 0.57055498478164435
vt 0.68597485274546532 0.6909462336110016
vt 0.6727164764885647 0.69172332474861986
vt 0.68626805254337542 0.68756007245662465
vt 0.46691979248817034 0.69472540726044951
vt 0.44360859867902208 0.7043670365486987
vt 0.45595237178381309 0.691630982600552
vt 0.27032726781225352 0.35597374371549684
vt 0.27615031052839117 0.3515724735681191
vt 0.29024619695139986 0.35407302808310331
vt 0.046374117011903589 0.22652724593971807
vt 0.042422615316011929 0.21111242252193416
vt 0.056792298325980872 0.22317441344637223
vt 0.86118641561514198 0.65367165935528393
vt 0.86997024102917986 0.66078200475650628
vt 0.85292529758970825 0.66706365832018932
vt 0.949558082363959 0.78060953519321763
vt 0.93687124162066249 0.79416434591876972
vt 0.94145415393335963 0.77467129583990535
vt 0.14302870693266956 0.38278331094735807
vt 0.14093991830145899 0.39839067429022085
vt 0.12873191472483733 0.38512517405609226
vt 0.5284659496993297 0.74435534552444793
vt 0.54530945786918372 0.73453272870662456
vt 0.54813066837539437 0.745244109818612
vt 0.72072507455145896 0.76298358327582805
vt 0.72792637581328867 0.75795251503351735
vt 0.72530282679416402 0.77725957154475556
vt 0.81596656582708993 0.23222717862776024
vt 0.81254081846411674 0.21920710903612972
vt 0.8053909638702681 0.2348012448861396
vt 0.78104228792882491 0.6277034145800473
vt 0.79325386312105683 0.61520780449033907
vt 0.79207975465792591 0.6244810278859424
vt 0.53029769753055989 0.61358996851587144
vt 0.55656268483832805 0.60015734362677442
vt 0.55647184450167586 0.6033307866719243
vt 0.46002628555057179 0.36030365856664037
vt 0.47023540701399841 0.36566959224664825
vt 0.44318239230086753 0.36788641992803628
vt 0.18868679684419362 0.2628437415282433
vt 0.20706918036524052 0.27421823014220231
vt 0.18925197854027012 0.27727716969390775
vt 0.88987963944203474 0.17263637987973185
vt 0.89639241793178237 0.16584794197924882
vt 0.88943926212539437 0.15510124904500197
vt 0.59891546111001581 0.5255740770406151
vt 0.57533775353657335 0.53363187290516556
vt 0.59155000030806393 0.51854063208546919
vt 0.2334677903810134 0.73452487307768144
vt 0.22672985570287854 0.73458794915713721
vt 0.25309294210247435 0.71810191061218454
vt 0.45270972988958991 0.27543279124359227
vt 0.43464513351488565 0.26421643567010056
vt 0.46540538896145506 0.2742092000197161
vt 0.56232698362332412 0.41293375394321769
vt 0.57487792968749996 0.4193201107181585
vt 0.55433642270061123 0.41776265526419559
vt 0.82980702878548895 0.28991360348481859
vt 0.8345884882689274 0.30571333346682766
vt 0.84069184986198742 0.28341285874038841
vt 0.72238099492310726 0.51436987073639595
vt 0.72195355628943214 0.53317335832758284
vt 0.71619129842764195 0.51920200672811512
vt 0.42274501090546135 0.67348124507097795
vt 0.39621300922959385 0.68904832906151414
vt 0.39278995742557177 0.68572801656151416
vt 0.40678603115141954 0.34559472502218058
vt 0.39078600188535095 0.34114512735360802
vt 0.41589883028144714 0.33924213975009859
vt 0.12253611471374705 0.20845075059764392
vt 0.10706106480739846 0.19395869402479299
vt 0.12107262837021884 0.19159761543153589
vt 0.81398894974861991 0.73773582290023665
vt 0.828447157802642 0.73399030522969244
vt 0.82160136225847791 0.74986576116423498
vt 0.89795522599566246 0.7597711701498423
vt 0.89721548760350944 0.77792807016462939
vt 0.88782092554712144 0.77655179478016556
vt 0.8639288772919953 0.90502221140575712
vt 0.85774110619578081 0.92223420248422716
vt 0.86013414641660091 0.90315133946175075
vt 0.63389365018730282 0.75490237455638798
vt 0.63057788162953465 0.74262772328470028
vt 0.64489515045839907 0.74388955293769721
vt 0.75673751109029963 0.8489170014294164
vt 0.76206254929022077 0.82984338032334382
vt 0.76907747190457409 0.84378897008083598
vt 0.74859954160094633 0.22390373542857847
vt 0.75641242668079656 0.21409026425719638
vt 0.74440163212243693 0.2071247473876183
vt 0.85365656422515768 0.61684924585962142
vt 0.85886684862973184 0.60199498317971212
vt 0.87216935503746051 0.60509414432176656
vt 0.48730753709089114 0.019937995405227227
vt 0.47551639207906149 0.030872051347317381
vt 0.46996615918276813 0.027839022856029426
vt 0.34944267393286671 0.40935597705540222
vt 0.3726850924807768 0.41018705638801262
vt 0.3516173738786475 0.41938595937253548
vt 0.17992445888579456 0.34347874975354892
vt 0.19723701356713327 0.3386316341556585
vt 0.19388758903046135 0.34801572204012227
vt 0.90889033850059153 0.095588005378795346
vt 0.91571649497239749 0.10512174492002661
vt 0.92713842542389591 0.099235626124433166
vt 0.56490193556535884 0.47318558076202683
vt 0.54888900612430991 0.49251551101636437
vt 0.54619648930402209 0.48301258749014198
vt 0.38553886533911674 0.622519392621254
vt 0.35712316856023263 0.63908267818414821
vt 0.38598039789530758 0.6163923101094243
vt 0.27592265132097793 0.66654102794755521
vt 0.2973940683840201 0.64632002291995272
vt 0.30580357692971216 0.64478332326991328
vt 0.45858004115733436 0.50126113650926651
vt 0.48143580102770112 0.48206995052494084
vt 0.4625278797811514 0.50225891690901026
vt 0.87949326572358044 0.23052217982920939
vt 0.87980718281742898 0.25101085386065652
vt 0.88613219637223972 0.23913616577533517
vt 0.65661505569794953 0.52468338734720033
vt 0.66345931092271293 0.5313441520233636
vt 0.64313749199033909 0.5336903665344046
vt 0.24790337499383872 0.74665411819794958
vt 0.24764999245243494 0.75059302296924291
vt 0.22053896545987775 0.76705364624408512
vt 0.43251194517695191 0.29743421295839906
vt 0.41002443716729103 0.29993401656767549
vt 0.40779948430106466 0.29049089594218258
vt 0.10721762864747635 0.10656681481972102
vt 0.097238804188436515 0.10611521242544854
vt 0.096727995767202285 0.088320942105555009
vt 0.825571227449724 0.66813233192034704
vt 0.81791376059739751 0.68000003080638804
vt 0.80801936489550474 0.67474099529278386
vt 0.95842947493592268 0.74144406484128544
vt 0.94903291046431393 0.73575859190161674
vt 0.96161585666403782 0.72192852609917191
vt 0.11905517578124999 0.35734046911967665
vt 0.10527370705589512 0.35374066566443219
vt 0.10720930129571668 0.34215573091236201
vt 0.53615021810922714 0.76372517005126184
vt 0.55656126004288253 0.76544008465595426
vt 0.5412148653144716 0.77237105986297316
vt 0.71144788483339905 0.80548161166699528
vt 0.71489111482156942 0.81904327681388012
vt 0.70419875665417986 0.82746851587145109
vt 0.80087328408418768 0.26542327592049486
vt 0.78975934049684537 0.26604063593626776
vt 0.79255378795346998 0.2811726759660883
vt 0.77416345253351737 0.64609752378253149
vt 0.78464232243197951 0.64406337798205837
vt 0.76858734227129333 0.65480849208891956
vt 0.62510736026222402 0.074132487300066538
vt 0.60030101691886828 0.057697784712638013
vt 0.62940469735804416 0.072086817985077392
vt 0.40763166650236593 0.36430868154820584
vt 0.39211460438436513 0.3707968919435134
vt 0.38252511490782731 0.36564583281989355
vt 0.15607169840238072 0.26815018037140181
vt 0.15606833858068808 0.2835674297922417
vt 0.1406960472323541 0.27087596809074332
vt 0.8763420802937697 0.14884059196014884
vt 0.87431224738761826 0.12979437891241127
vt 0.86950829924093065 0.13565694044817134
vt 0.62669866423501575 0.49690014571421531
vt 0.61877707111346614 0.48815694622436906
vt 0.63733145054958595 0.48277083436021295
vt 0.29166974088747044 0.70049074576104098
vt 0.31322291040270112 0.68504018693316249
vt 0.32495298175029574 0.68366229421332803
vt 0.51433452040615146 0.29398202986371252
vt 0.52658279370810335 0.29105788751355482
vt 0.54856068704406546 0.30036542152380719
vt 0.51778649170692037 0.43018151893976736
vt 0.50555019438830839 0.4432573288397082
vt 0.49606502304317823 0.44705706575315457
vt 0.84156205330737377 0.24791113435281939
vt 0.849758323886041 0.23932158172318613
vt 0.84614750714708198 0.22677067416699526
vt 0.71477381949921137 0.49103249149743688
vt 0.70727562167291014 0.49575299284059543
vt 0.71106619368592272 0.48081127852671529
vt 0.42035790091433362 0.6661659601735016
vt 0.39094854409010255 0.67881198245268137
vt 0.42158337902947557 0.66194964387815458
vt 0.4593629855086751 0.34262452712194402
vt 0.46928210333694798 0.33741917173945191
vt 0.48690840182620271 0.34042518206575317
vt 0.15126509320472692 0.20455757405855679
vt 0.14880837040368691 0.18853532568513406
vt 0.16635505363392153 0.2033893765711258
vt 0.88845792463525242 0.69303937364451895
vt 0.88325611198738174 0.68031333177247633
vt 0.89767950882294956 0.67792914838820983
vt 0.90152876700512619 0.83908822333399058
vt 0.91279859091581228 0.82357443439471612
vt 0.9077644420347003 0.84213674647574921
vt 0.11762241880976439 0.41382871802296922
vt 0.1360351369960075 0.41581264941098184
vt 0.12766925799733833 0.43087319936662066
vt 0.59311665917044554 0.699548378351735
vt 0.57758407833448344 0.71213979630816249
vt 0.57670694345179419 0.69910646071569404
vt 0.75908549696865146 0.74935753277799688
vt 0.74697111593059939 0.75106913569597789
vt 0.74962616448146691 0.73588158640575707
vt 0.80017983229002365 0.18441200617360015
vt 0.80450928504534702 0.19522048516980481
vt 0.81070260129140381 0.18313789247338327
vt 0.92380440408123032 0.32811275446076499
vt 0.9369427124408517 0.31320356014023065
vt 0.92806153884069398 0.31035466239279375
vt 0.63571034139639193 0.57257214856072558
vt 0.60761788064373023 0.57718944850404175
vt 0.60951127975897079 0.57224490770406156
vt 0.48619808353460175 0.38894624439323738
vt 0.48303041668720426 0.38152067262667588
vt 0.50952622085715693 0.38040182312204257
vt 0.26314980299314866 0.30155968891709384
vt 0.24430626709754535 0.29346365462342272
vt 0.26429452986371255 0.29018254325216875
vt 0.9269743814077287 0.14820633656595031
vt 0.91448485557965298 0.15406233249026519
vt 0.92442068587342274 0.16201558880249409
vt 0.49684419361198739 0.56542541311366323
vt 0.52346006567921921 0.55370589295396289
vt 0.50266332776764588 0.57054813036031149
vt 0.22529525997510844 0.72334022882985016
vt 0.22290849655584583 0.72939684172910091
vt 0.19872426896441245 0.74083540763012623
vt 0.36185911160538248 0.22309027349911278
vt 0.38834320934789041 0.23776248967986002
vt 0.35825930815013801 0.22684759386706427
vt 0.58652039536918377 0.436623481245071
vt 0.58631006475502756 0.435065871759168
vt 0.60535168572555209 0.44284121155362777
vt 0.8614949415910883 0.35397879904376972
vt 0.85009134094045746 0.33859786265279967
vt 0.8465177229150237 0.3673516210321372
vt 0.66960102646884856 0.66683160920248419
vt 0.68104197986494475 0.66961134660883281
vt 0.66978802124408521 0.67793238305895109
vt 0.33012548982156942 0.72981588562204258
vt 0.34844223648215694 0.71691886829652995
vt 0.36072666878203863 0.71916711849369086
vt 0.3384167981072555 0.32622990653341877
vt 0.35636213525236593 0.33114148449822556
vt 0.33304947813978708 0.33383819868888015
vt 0.063603975795420944 0.15177233963734721
vt 0.077301068712108137 0.16494681662189473
vt 0.063589891499901421 0.16844811665146886
vt 0.86957869183753944 0.72601645677247639
vt 0.85611691640378551 0.72808957265378549
vt 0.86475564373028391 0.711811400211948
vt 0.88932558655362781 0.83399361691640383
vt 0.89279184431683756 0.8152207431733044
vt 0.89971365462342268 0.81763088093947156
vt 0.089995269294040808 0.38435347403637621
vt 0.087749926449748619 0.36932765828322162
vt 0.10371665593577484 0.38467578587095819
vt 0.62414924308704656 0.70113521539826495
vt 0.62560126367803626 0.71522135930106467
vt 0.610376015070485 0.71391894223186125
vt 0.77582830675768932 0.77648117113564674
vt 0.77119756752760249 0.79354844920642742
vt 0.76365624075808358 0.77997007159404574
vt 0.77814109633773665 0.18182342240486987
vt 0.7711174709187697 0.19260084471115932
vt 0.78248641438288646 0.19487895785069992
vt 0.86353031964708205 0.54968562081033123
vt 0.86451943575019718 0.56787575321618688
vt 0.84717497720327284 0.57201643982896289
vt 0.46752086362628154 0.049172492282999802
vt 0.46725180833497632 0.048304204609867903
vt 0.48718161597988957 0.041634592724147282
vt 0.43985734331871057 0.40897547965546138
vt 0.41801014608389198 0.40956030042389591
vt 0.43944915867754336 0.4001350475034503
vt 0.25775208097151026 0.32250098580441638
vt 0.2366999773573048 0.32727339591137616
vt 0.2400905861839511 0.31697175901394914
vt 0.93982387987973182 0.12531501457142152
vt 0.93177278440457412 0.12014346919977327
vt 0.92377513801261835 0.13021692703198937
vt 0.48870949730136043 0.55269078396096216
vt 0.510146584495761 0.53284257473629737
vt 0.51347201855776814 0.54051756272180596
vt 0.28067022377760253 0.68466773770208988
vt 0.30439972982797714 0.6710557041108044
vt 0.27576823430106467 0.69265929983241326
vt 0.36657426033862384 0.581533264737776
vt 0.34385035180895113 0.60331187925128149
vt 0.33897666570139984 0.60196983746549682
vt 0.54688578223580442 0.43693601205145899
vt 0.52467233555550075 0.44781559604199528
vt 0.54484077718355683 0.43527158141512223
vt 0.88325757529081228 0.31407299342591682
vt 0.88158216987874605 0.29245414854224172
vt 0.87295684333103307 0.308743911887569
vt 0.67767291625591486 0.55934419361198739
vt 0.67386755717665614 0.54926164789530763
vt 0.6893731824231073 0.55506241374211351
vt 0.52226805100305596 0.40222356657876579
vt 0.53473793775877365 0.40310932725009857
vt 0.5052913437130323 0.41505796992064276
vt 0.34514745477622238 0.30913047429514984
vt 0.36679317823343849 0.30610307278317234
vt 0.36491421961257886 0.31480699412830243
vt 0.064282289137975651 0.11603808478226045
vt 0.075886217953654869 0.11054370771823245
vt 0.076479187974418369 0.12960259952003647
vt 0.875971710493888 0.75817093232452681
vt 0.86675374605678235 0.77504975231664042
vt 0.86429139146293377 0.75857079924093063
vt 0.87067863392153 0.86715861901123814
vt 0.8650136472298896 0.86455332277701102
vt 0.87349541600946368 0.84814884414432179
vt 0.065204165485755125 0.38383226845918772
vt 0.054566791907469936 0.37006797429514982
vt 0.065892149146046922 0.3701596618074724
vt 0.77172828457708986 0.87711886336750788
vt 0.784147956920347 0.87168831328864349
vt 0.77929933951104102 0.89035367273757882
vt 0.80149464893040223 0.76961843207807568
vt 0.8086868623077681 0.78311640501774449
vt 0.79597214178332021 0.78618718577484226
vt 0.036134121771490536 0.16066093565161671
vt 0.036899862680525433 0.17739658295544164
vt 0.022271685194141858 0.16551636897427049
vt 0.40851735015772872 0.84826498422712937
vt 0.37838816356959781 0.86688243974270507
vt 0.39487485675029577 0.88358735767448737
vt 0.42954093860902998 0.46724815007639986
vt 0.43186119873817036 0.455205047318612
vt 0.41293375394321769 0.46187948232945586
vt 0.36413859177839114 0.73360437820386437
vt 0.39153032272772081 0.72412294213328077
vt 0.38311786832117506 0.7355329351094243
vt 0.29298186196889786 0.33225424974122636
vt 0.28773591917019914 0.33966953987578863
vt 0.27084781875369679 0.33592356010942431
vt 0.97756909872831232 0.10365624653428135
vt 0.99085088784010256 0.08625627872695682
vt 0.96896009956624607 0.10145660304120663
vt 0.43849435318907731 0.57950373989550474
vt 0.43910327995613169 0.57174064564027993
vt 0.46274772186760649 0.55824155596904579
vt 0.30204694970549095 0.6580942244183754
vt 0.33246796905806386 0.63427164456821772
vt 0.31981649789900435 0.64931178529179812
vt 0.41867618019272479 0.54143282050966091
vt 0.42387880150828078 0.5411784367606467
vt 0.39823683489008282 0.56146105456427442
vt 0.94652657975157728 0.081530087829012221
vt 0.9733969895997634 0.075346716270085767
vt 0.97242720450512621 0.069286026337921428
vt 0.9074982748422713 0.31099104535316441
vt 0.91322456624605675 0.29582869953913643
vt 0.90187526185429812 0.29804244658172319
vt 0.63844329160094637 0.56142400988268926
vt 0.61205276826202681 0.56333812629386826
vt 0.63656098278539042 0.55674344131999209
vt 0.53798481553134858 0.38453958312795744
vt 0.56853793652651818 0.37763598709828472
vt 0.5656925430057177 0.38170339301557571
vt 0.30448225243986593 0.29544806736124801
vt 0.30368609984966483 0.28470780526049883
vt 0.32474969809739745 0.29269482344859032
vt 0.043374667483549387 0.09749550804354791
vt 0.04741908894728411 0.084461123108487773
vt 0.056474684465570781 0.090045156388628741
vt 0.76694767226932181 0.72196726513209775
vt 0.75734408887026816 0.71377137963328074
vt 0.77210188904771293 0.71103669656940061
vt 0.91511715669361193 0.69206851032630123
vt 0.92489741472791798 0.67717970598383281
vt 0.92760860792093847 0.69287386632492109
vt 0.89065565235607258 0.8753089880717666
vt 0.89652203580934542 0.87726827434936905
vt 0.88479627735607258 0.89264451276616719
vt 0.62025785716926263 0.79569773388209775
vt 0.60810566128992505 0.79876019691443223
vt 0.60414407531545744 0.78919481343651421
vt 0.71605682854396691 0.90336559789037851
vt 0.70068374778194009 0.91111171012421133
vt 0.70969107354100947 0.88970404303036277
vt 0.73831274953174286 0.27622957921554614
vt 0.74075469489353307 0.29296251170642745
vt 0.75035858635646691 0.28325796037066248
vt 0.80507496734522865 0.66138480875394323
vt 0.78764386583201895 0.66958377489156151
vt 0.79447756986888807 0.66047586627563093
vt 0.69118667746944007 0.8255360311514196
vt 0.68084659034897477 0.84938841618197947
vt 0.67943766019321772 0.8388347637766167
vt 0.29418229063978707 0.38841491121598976
vt 0.28865321788125986 0.38160754664087143
vt 0.31091791868961949 0.38263659552444795
vt 0.12296589270751183 0.33202782278933357
vt 0.10999459347890378 0.31878259700931583
vt 0.12421443710567823 0.32017982073762813
vt 0.86577233155067035 0.054743163292340302
vt 0.85660850934049682 0.059481484205564865
vt 0.859946150433754 0.070767414080983831
vt 0.94841069844242898 0.16201984393483831
vt 0.94512951005520507 0.17686567336602918
vt 0.95822699995070981 0.16926315740832018
vt 0.45212960709532729 0.60081105518040223
vt 0.45948902214363169 0.60345609165516556
vt 0.42909424598284701 0.61776827743000784
vt 0.18481501149078272 0.73576706365832023
vt 0.15389504417636041 0.75034241300276028
vt 0.16809012716876973 0.73660615265181384
vt 0.30404792087687305 0.20241431588254141
vt 0.30168435851858244 0.20715628542734621
vt 0.27672646700019715 0.19258295775211948
vt 0.86851887507393533 0.1652131571002563
vt 0.8643571631013407 0.15381386934394717
vt 0.86531662805599374 0.17510662861050869
vt 0.65980059025039428 0.48759796431388014
vt 0.66700266167192424 0.47467160390378549
vt 0.67469101192823344 0.48379780381259857
vt 0.32551242575660488 0.6926283394124606
vt 0.3600791570139984 0.67516104039333591
vt 0.34759733278292587 0.6857944813436514
vt 0.53283086830885251 0.30817085530855676
vt 0.56351999950709775 0.31012120773363566
vt 0.53385571982206226 0.31339473303184151
vt 0.16749333041699527 0.15073911263739648
vt 0.18928496062943612 0.16764799773881112
vt 0.17257965761780364 0.16282196526271689
vt 0.87756270640279965 0.62617934554909305
vt 0.8948470154771293 0.61872778089264591
vt 0.88684490215891165 0.63314821261336751
vt 0.72457494886139595 0.20581616904081229
vt 0.72086832425571767 0.18864141518385252
vt 0.71324921135646691 0.19486499870613169
vt 0.17485804031323934 0.36464127501478705
vt 0.18802684699699329 0.36638356879682571
vt 0.1727402359153194 0.37649226143533121
vt 0.4868215278120071 0.74290852351143533
vt 0.48598097551508279 0.73220854076301267
vt 0.50616501287707016 0.73301035402701109
vt 0.70394244750591484 0.73895205909897477
vt 0.69910422725256305 0.72637850884759458
vt 0.71070383354692424 0.73403027651813879
vt 0.83492381580244479 0.22230035920248423
vt 0.83975949452878551 0.20366750049290222
vt 0.83184980037460565 0.21052373170100552
vt 0.98191356959779175 0.26144923261287462
vt 0.97364629029475547 0.25953973715989748
vt 0.96926246426458995 0.26846527195879338
vt 0.47805087212884462 0.63478688140772865
vt 0.48056363367507887 0.63019588241817825
vt 0.50587373847841088 0.61996076806486589
vt 0.49041386071815851 0.34852868690851735
vt 0.51966814588673105 0.34594299123866323
vt 0.50445945571273665 0.35164983611001577
vt 0.18641863801877959 0.23282649765255323
vt 0.20336844748126973 0.23147278794730874
vt 0.20519551659232058 0.24577130338747041
vt 0.89137721497929812 0.2095268369849172
vt 0.89895281385548109 0.21754379513135844
vt 0.89759109448935326 0.2003435297343257
vt 0.61528582166798107 0.53652605604298109
vt 0.59820052186021289 0.54871260104495267
vt 0.59030650045593458 0.54469406176064672
vt 0.20511690254091089 0.76615109609128551
vt 0.1777463317293474 0.78838260301656149
vt 0.19066173661770505 0.76970391980481068
vt 0.42032139534453866 0.27849974045618098
vt 0.39361067811021294 0.27016572681511236
vt 0.40870141832610413 0.26797394857797713
vt 0.10901747261312106 0.073970094313756896
vt 0.10583167813177741 0.059956494641228805
vt 0.11521365770406151 0.059963065066172119
vt 0.80702524275433751 0.29673076834212342
vt 0.79858583275828077 0.31327543529426261
vt 0.81036842899743688 0.31300091186908519
vt 0.74280740154278391 0.66396653810134065
vt 0.73461837046529965 0.67002238084089116
vt 0.72522273018533123 0.66986973518828863
vt 0.47860742803627759 0.65086874014195584
vt 0.48098167636041012 0.65533366398856463
vt 0.454523956587638 0.66587206723186121
vt 0.38471756703470034 0.35636063344095031
vt 0.36029788236888799 0.35762881691147475
vt 0.37175054219242903 0.35271669983487774
vt 0.12477785706144026 0.24151409161203669
vt 0.11068660122362974 0.24408804234646095
vt 0.10956753992507887 0.22766534943685923
vt 0.79696718811612777 0.71714498718454256
vt 0.80350099196569402 0.704431190851735
vt 0.81245379041798105 0.7133340059394716
vt 0.9186045938485804 0.72614299401123816
vt 0.92911904512519716 0.72827156139097005
vt 0.9183184795199133 0.74460711073048103
vt 0.061128798042562105 0.31979581911105087
vt 0.076332689158923994 0.33239264743937302
vt 0.07417616016857255 0.33481275877365929
vt 0.61131264479002367 0.77322147020406151
vt 0.59470357323294554 0.77066068920051267
vt 0.60709243918819011 0.76329141610804419
vt 0.73087647254534704 0.8611412072407334
vt 0.72473984005323344 0.84675647242212149
vt 0.73719732723777598 0.84056223198442426
vt 0.75623197826301258 0.25725944831920344
vt 0.767939483931388 0.26224305546998228
vt 0.76436317034700318 0.24642593913273855
vt 0.8182339930007887 0.63982788471017349
vt 0.80685781003548895 0.64033788446372242
vt 0.82374356146490535 0.62811390970031544
vt 0.53858211288692825 0.020495562147266857
vt 0.55624734294903388 0.030240886218916355
vt 0.52807440050768928 0.022356388320682177
vt 0.34050323775138014 0.39116345715447554
vt 0.35842389127809543 0.38437573165171529
vt 0.36454666089560334 0.39206562222742508
vt 0.15261341179206919 0.32810486032383673
vt 0.15403289313572063 0.3153226930636337
vt 0.16819248139294163 0.32478859116226338
vt 0.87837830552543372 0.086564236710124212
vt 0.87324911893730284 0.097752442946569401
vt 0.88501230715201107 0.099319361737849957
vt 0.59934397796727135 0.45923148073984621
vt 0.60512984122387614 0.46934799049930992
vt 0.58721554151468847 0.4757011533911672
vt 0.39129831211800081 0.63082229181042981
vt 0.36439736543769718 0.65004112652799684
vt 0.35961798538544953 0.64757630742310723
vt 0.22076412164826498 0.70489767658221614
vt 0.21661041933655362 0.70314040319400628
vt 0.2432651074526814 0.68589159848186121
vt 0.45138817435183359 0.49879697204012224
vt 0.47106671739451894 0.47890863749507095
vt 0.47506931437302841 0.47890929213081623
vt 0.8692854150236593 0.20882554881580245
vt 0.86373972606959781 0.21924530895726538
vt 0.86814604076301261 0.23097079785464314
vt 0.6756942219538643 0.50526750727030756
vt 0.68840624691936125 0.50263941430895109
vt 0.68163885363268928 0.51407101026468849
vt 0.30619581926508282 0.71255622165812305
vt 0.33329693045149844 0.70220589141364353
vt 0.30308803233438486 0.71791930574723972
vt 0.48129944425276028 0.31057013382294951
vt 0.47939514737776023 0.31895214766734031
vt 0.45596403970327287 0.31257324218749999
vt 0.13898920005052248 0.14286750288039729
vt 0.14325357431116917 0.15777311595832511
vt 0.12638393847348187 0.14121065831710863
vt 0.8524652041847397 0.75963130914826493
vt 0.85575817601537851 0.77542928701695579
vt 0.84458862689767356 0.77645013369972393
vt 0.87570800781250002 0.8294490585567823
vt 0.86686780670839902 0.84558167081526026
vt 0.86817561489550477 0.82727974972890383
vt 0.84103226044952684 0.92811267744479498
vt 0.83507753967862774 0.92199907272772086
vt 0.84329945657531546 0.91067533763801267
vt 0.78730846128253151 0.90302249174388804
vt 0.791672263160489 0.88455891413643528
vt 0.79968777725749207 0.8970498262519716
vt 0.7907999032679417 0.8033977905658517
vt 0.80316397008083595 0.79997697222496056
vt 0.79807999186711354 0.81727337280658519
vt 0.0087766111837200567 0.1704462574859523
vt 0.024252622586319498 0.18227904888357649
vt 0.012002368529888358 0.18744156413273858
vt 0.38440788581920349 0.91064006432373812
vt 0.37208078667192429 0.89151376429416407
vt 0.36551113188830836 0.91345499802839114
vt 0.43236807934493299 0.072269398782531552
vt 0.42302839116719243 0.06085171864987924
vt 0.4281206100897082 0.057436589863774153
vt 0.40342366793178236 0.73734981885843853
vt 0.40909543202878551 0.72623025310528388
vt 0.42759794120908912 0.72830721978509461
vt 0.24893248163939274 0.34052907660932569
vt 0.26575163350872438 0.343271422762224
vt 0.2440800711935627 0.34750117834434147
vt 0.96302832955441642 0.099614631339954657
vt 0.9833060183359621 0.08461944868888012
vt 0.97863138000295746 0.082926541397624218
vt 0.4853932666477721 0.53711657599319795
vt 0.46307966069844242 0.55010416409946772
vt 0.48533966353263014 0.52865818156052835
vt 0.34076848075216876 0.63745040171529965
vt 0.3505817786376183 0.62452130723826893
vt 0.3712702706033123 0.61256792808556781
vt 0.37759412891857258 0.58158910131604891
vt 0.40437997523166402 0.56038918480136046
vt 0.38518020196667979 0.5794660405781743
vt 0.51163822980333207 0.46559800590250394
vt 0.51569150329012226 0.46578292124654969
vt 0.49431310226488567 0.48344345333448346
vt 0.89807205922220035 0.28171552303085567
vt 0.9080044237973186 0.28311369020480087
vt 0.90462134328174293 0.26750440146268728
vt 0.63380150057916007 0.55160978780559933
vt 0.61204876343158521 0.5607086470450513
vt 0.61059574163298502 0.55712432379978316
vt 0.59419176360410098 0.38275392935479102
vt 0.60096035063830833 0.37813809271490534
vt 0.63620420630421926 0.3945081067010055
vt 0.34456744750591484 0.28959520021071572
vt 0.32267534996056785 0.2817850877057867
vt 0.34108432324526816 0.27872308676927249
vt 0.068526249353065852 0.084378658258576503
vt 0.060611260350946369 0.078185573060429808
vt 0.072794310753277802 0.072155318876922322
vt 0.77776602856368293 0.70071501626577282
vt 0.76230799918671133 0.70438806190851733
vt 0.76790505779278395 0.69542448122042588
vt 0.9397208325118297 0.69456960395307576
vt 0.93788831452089905 0.67815642251577291
vt 0.95044184062007098 0.68052358537066249
vt 0.066010758553393625 0.3112046491460469
vt 0.053175575424820092 0.29415485370046335
vt 0.068244924455034994 0.30346729747880519
vt 0.58694606263554816 0.78443545753647481
vt 0.59190677678923498 0.79186357083004733
vt 0.57320772285341093 0.78785196298304416
vt 0.70424180858142749 0.87598811489550477
vt 0.69530710888209779 0.89784370687105675
vt 0.6907088703913643 0.88474036376182963
vt 0.76215797207708991 0.28862888083472987
vt 0.75257456686218449 0.29925059610360805
vt 0.7640559536425473 0.30425307216704456
vt 0.78358851291403786 0.66070306338722395
vt 0.77701127205737386 0.66890588032334386
vt 0.76606822690753151 0.66886305944400626
vt 0.66599128795347007 0.8546541520849763
vt 0.66739136127267351 0.86358723444893537
vt 0.65255215521490539 0.87967263591778388
vt 0.32739646743148659 0.3769941360040418
vt 0.30460081852572951 0.37659811988613962
vt 0.31984707323910688 0.37173517750640772
vt 0.125212410045347 0.30457066677346212
vt 0.11105206125542193 0.30533206590718653
vt 0.11162301914925078 0.29094860185208005
vt 0.85880092295938482 0.087061403677666599
vt 0.85560984325709777 0.078077375249531747
vt 0.85680567022377763 0.094816497899004343
vt 0.96806540504238958 0.17654530618469047
vt 0.95471237615832016 0.18423939413076695
vt 0.96405718589806777 0.19161265279968454
vt 0.40569086405757099 0.6345615326794164
vt 0.43771387334877759 0.61911848290861593
vt 0.41619861494479493 0.63439902898264988
vt 0.14261442840287361 0.48031933901813878
vt 0.13763568288520309 0.50829639133970816
vt 0.11699513336085371 0.5188199690087737
vt 0.2507189825882295 0.1829863057903687
vt 0.27556312151887813 0.19800164737159898
vt 0.25112121774571178 0.18931455401592073
vt 0.86137679909305997 0.18554094477030758
vt 0.86169140933063881 0.16439942561489551
vt 0.85801212539432181 0.17522024642029771
vt 0.68775923575512621 0.4801987705170544
vt 0.68074785587539433 0.47088669256457016
vt 0.69296397500985807 0.46702661363860409
vt 0.37228703543966879 0.67711485853706621
vt 0.38210075691295348 0.66809967714905361
vt 0.40583858068809148 0.65960835838919563
vt 0.53138635677494084 0.32069615505471216
vt 0.56202708343602126 0.31567756339954656
vt 0.55565162442083993 0.32429518835025634
vt 0.1760165915504239 0.1750048712601045
vt 0.19263170886114944 0.1783869890760548
vt 0.19558850598260055 0.1900271057706526
vt 0.89467811945485021 0.64196966032876579
vt 0.90297943981664042 0.62759513012618295
vt 0.90980990918276816 0.63804662084729891
vt 0.93911217530067037 0.81883440950315456
vt 0.9463897993888013 0.82517521133182181
vt 0.93349647882985021 0.83684174450414039
vt 0.58270641050128158 0.88494938510449528
vt 0.56307442361248028 0.88420725921727128
vt 0.56704509747141163 0.88947907938190063
vt 0.52471380865536277 0.72249936846904572
vt 0.50577219292192432 0.72179782999802844
vt 0.52473021305697953 0.71058114710666409
vt 0.71908093762322556 0.73076626269223188
vt 0.70830062721805997 0.72309123619873816
vt 0.71856924351833595 0.72063920174487384
vt 0.82847449847200316 0.19948834440309543
vt 0.83656348580441642 0.1933449345056191
vt 0.83283159996056777 0.18390535661474763
vt 0.95702585888209779 0.27647591479569206
vt 0.96141938892448742 0.26633327736839513
vt 0.9493621537361987 0.27380113090250396
vt 0.53284180457659702 0.60573638049585965
vt 0.50841264694647081 0.61549002951251974
vt 0.53523372806585179 0.6013759288125986
vt 0.5170867246032137 0.35624272199083201
vt 0.53438732255520505 0.34969366897919951
vt 0.54760522691985414 0.35587889854840299
vt 0.22450775242754337 0.25794710466162263
vt 0.22266551117039629 0.2442223774521885
vt 0.24235655005421924 0.25597158726833596
vt 0.90461086910981858 0.19188490425374605
vt 0.90589364710666409 0.20819840777183557
vt 0.91369790639787063 0.19970826350552051
vt 0.56385659780412067 0.55368856436070579
vt 0.57191370052494084 0.55778685368197944
vt 0.54464985459384863 0.56753630532827282
vt 0.18113212705786672 0.768708488392153
vt 0.16408317878795348 0.78922130693020509
vt 0.15353164432176655 0.78432386139589905
vt 0.39357694511533914 0.25672784558606071
vt 0.38086588284946765 0.25935520689570191
vt 0.36521385024398662 0.24762858201276616
vt 0.1240502968195485 0.045520640472508381
vt 0.11318058050017252 0.046208975518163449
vt 0.12283371404894519 0.029544676290325561
vt 0.81469218257097786 0.3299381869824527
vt 0.80178669348876186 0.32968045303874211
vt 0.8054166101882887 0.34754550103509463
vt 0.70715925054219242 0.67524213820977919
vt 0.71613191911474761 0.67533178479889588
vt 0.69803901937105683 0.68019734572160884
vt 0.43133556474270507 0.68069664025532339
vt 0.45883361623866326 0.67003917032235805
vt 0.4379689502415221 0.68451024004337535
vt 0.35769997966778388 0.3489138052666601
vt 0.34776491953371452 0.35417476617951499
vt 0.33416536252957413 0.3506369990881309
vt 0.094421251940802448 0.21376697046899645
vt 0.09589808130113861 0.23045442502957414
vt 0.081126023542241715 0.21686339754411474
vt 0.82811537300374605 0.7086443494923107
vt 0.81966579689964514 0.69990111149447953
vt 0.83606111063190058 0.69454495884266565
vt 0.91660225564373032 0.76331860274546526
vt 0.92773352782432961 0.74714979298107254
vt 0.92501455601833593 0.76595362714412463
vt 0.086912416283640576 0.35074143274349368
vt 0.088917835127291997 0.34858194345179416
vt 0.10180164421394421 0.36536318420987773
vt 0.60306993358142746 0.75244217640970035
vt 0.59037866441985409 0.76131703470031542
vt 0.58561399441788253 0.74915759931979498
vt 0.74284282888899844 0.82055556240141958
vt 0.73093076880421926 0.82598164555402209
vt 0.73639035390378549 0.80655228768237386
vt 0.77237822234818609 0.23436298550867507
vt 0.77581837169755519 0.24966463395849764
vt 0.78359151653686909 0.23626181424980283
vt 0.82811568106762623 0.61585057977622237
vt 0.81193963180205042 0.62939637963328077
vt 0.81568129867409311 0.61806078408418774
vt 0.51913346251478709 0.025371676664623175
vt 0.54695509660883279 0.030781492600305601
vt 0.54157830367705051 0.032887694060990486
vt 0.38873622184296136 0.39263176662312699
vt 0.38284430759562305 0.38463030794065456
vt 0.40733045704357257 0.38451070213919558
vt 0.18532125671579258 0.31974608604840299
vt 0.17032189594834385 0.31010969384611592
vt 0.18757757433581426 0.30548155390501774
vt 0.89283859301064672 0.11168274503401025
vt 0.88117783603608046 0.11115437697160883
vt 0.88939759648560723 0.12384636815790122
vt 0.57327102998077684 0.49277401511977525
vt 0.59276689114254733 0.48531571156595033
vt 0.57854596929219237 0.50207404007294953
vt 0.32931489673698738 0.66450564989156147
vt 0.3320056806979495 0.66723124507097786
vt 0.30253109134710171 0.68355169928036275
vt 0.26607666015624998 0.66564471608832809
vt 0.24100060688584385 0.68374747387618295
vt 0.26422128767621256 0.66289054798403002
vt 0.49836537454406543 0.4589687792660686
vt 0.49565167833201895 0.45758611155609225
vt 0.52097006235212939 0.4416347948910686
vt 0.8667888653391167 0.25322487045913838
vt 0.86159159663347795 0.24176757042340299
vt 0.85922666724171926 0.26447667263283714
vt 0.68712462416206621 0.52381314539382884
vt 0.69353728189077291 0.512583138739649
vt 0.69875095499802842 0.52369819905855675
vt 0.30275884682447751 0.72144417266364358
vt 0.33151362566541798 0.70698681178529177
vt 0.33191476334532727 0.7102154752809543
vt 0.43168514023067822 0.3150750097040122
vt 0.45331734738515378 0.32137972955071964
vt 0.42825819912016955 0.32370798008675078
vt 0.11435627741768534 0.14096623850921727
vt 0.13000013670334681 0.15735533320189274
vt 0.11709860431659108 0.15801072947986494
vt 0.83748043794361193 0.79285561354002365
vt 0.84795229938880123 0.79184755150828079
vt 0.840871451104101 0.80761225847791795
vt 0.86011335210469242 0.82517860003450316
vt 0.859704628351735 0.84276773831821772
vt 0.85212594883675075 0.83990490068020507
vt 0.84387815457413251 0.89056377230382489
vt 0.83650456858734223 0.90330876010449523
vt 0.83661731996746846 0.88300480887716881
vt 0.81075451005520505 0.89041844316837537
vt 0.80323135905461351 0.87869568833793377
vt 0.8136310565358833 0.87243428997436911
vt 0.80491854791009465 0.83093277121944009
vt 0.80978079714609619 0.81377553849566242
vt 0.81563116127760249 0.82729014688485802
vt 0.01678591827488848 0.20433422774546531
vt 0.027670952348679022 0.19922184989279376
vt 0.03211824675839782 0.21546472976636435
vt 0.92656789111790216 0.58063136922072156
vt 0.93538198380816251 0.56317912682373816
vt 0.94313186982452679 0.57905516037805604
vt 0.66903973407925865 0.70209298600157732
vt 0.66025174980283907 0.69623492027306777
vt 0.67590501466384068 0.695544318069795
vt 0.45090925054219244 0.71861614624408521
vt 0.43418634938140771 0.71662951929712149
vt 0.45768507707758282 0.70677586504337542
vt 0.23960082237652799 0.35321768871993298
vt 0.26061511114944796 0.34936007430500787
vt 0.25578694148018533 0.35437215811070583
vt 0.52348917771589121 0.46726343774645113
vt 0.52481377538446372 0.47055067188732258
vt 0.50585652540910886 0.48568654346165219
vt 0.48606927432472397 0.52009323553332021
vt 0.46451435269617508 0.54157522303824923
vt 0.46663152171234229 0.53307797404869872
vt 0.39976718072259465 0.58851306806979498
vt 0.38065050768927444 0.59979552259956626
vt 0.40795771361149447 0.57663038957758284
vt 0.39446855900039435 0.575761610927642
vt 0.41173642516512227 0.55808444339018137
vt 0.42012538970080837 0.55463778619134463
vt 0.47645987621993297 0.50130326424487381
vt 0.49829020695731469 0.48279798248964906
vt 0.4808884485286869 0.50031453322160879
vt 0.91088197148560723 0.25501993943464119
vt 0.91412195632886439 0.26907156092887419
vt 0.91998287164826498 0.25686062111839508
vt 0.58768129559345428 0.56605012815457412
vt 0.58866813972545351 0.56874715040910884
vt 0.56538886903588326 0.57792953346805997
vt 0.71766561514195581 0.4413249211356467
vt 0.64411794379682574 0.39339765193710569
vt 0.67549667599073349 0.3893080654204456
vt 0.33555769574378941 0.26787650412189473
vt 0.31868006949921135 0.27069378681363365
vt 0.31299748465841876 0.25969390387790814
vt 0.077982741876355482 0.06014804779919164
vt 0.065598602776271692 0.066673230673612485
vt 0.071029783423390669 0.055448437037904183
vt 0.75788551113958991 0.69151099171924291
vt 0.75229946581723184 0.69918309160587544
vt 0.74230964732847005 0.69508314644124602
vt 0.96131703470031549 0.66748354938880128
vt 0.94811410994183754 0.66434468651419554
vt 0.95842339067429017 0.65155502945090693
vt 0.070319287032359026 0.29412949619233042
vt 0.055876530307324528 0.28658818867680402
vt 0.058541114397981563 0.27794932657235805
vt 0.5575277334508083 0.791208627020899
vt 0.57750706236445193 0.79349939003351733
vt 0.56109026117655758 0.79553353583399056
vt 0.67687888160488963 0.89455250640772865
vt 0.68088779389294163 0.90658671382097789
vt 0.66641918868296535 0.91606483820485018
vt 0.76633601143533125 0.31977331119380914
vt 0.75456781718257093 0.314696052623472
vt 0.75684810602326502 0.32972358198195978
vt 0.74857320213919554 0.6750888764294164
vt 0.75959033665220821 0.6755770036474763
vt 0.74249772032728711 0.68067800239057574
vt 0.63965991287953472 0.90346479445977923
vt 0.65547344797417195 0.88737092123422712
vt 0.64383025064077282 0.91008739772279179
vt 0.31175076938954061 0.36729116349566249
vt 0.2977463971929219 0.37148325826843454
vt 0.29048086461208594 0.36719905239550471
vt 0.098388604486026224 0.27613013234424288
vt 0.097970658070657538 0.29082214162928827
vt 0.085508636570879343 0.27567779829825512
vt 0.85627626244578081 0.10523406308532138
vt 0.85387875529869872 0.089127588121672915
vt 0.85355867692724763 0.10097159496993297
vt 0.96075435602326498 0.20585529315358833
vt 0.95158521971115928 0.19901739174635252
vt 0.9494221491768533 0.21243168683458202
vt 0.42869599640181388 0.63286202126873026
vt 0.44794351956821765 0.61929527306782339
vt 0.45934076640132099 0.61839969286031149
vt 0.053943217665615141 0.58993362763702684
vt 0.1167954116965694 0.54936692872634074
vt 0.11369347797959385 0.59022082018927446
vt 0.25095730850749209 0.19620259281964708
vt 0.27378002852671529 0.2039116026099172
vt 0.27152503943217665 0.21019471947703075
vt 0.854821815851735 0.16623381124309936
vt 0.8584357132294953 0.1550900624753549
vt 0.85519950216876972 0.14744909629460765
vt 0.97278910254830442 0.23875838318833795
vt 0.97568374778194011 0.22882130138505521
vt 0.96441846781348584 0.2342275336713821
vt 0.43776882424339508 0.64304607403391167
vt 0.41582624272969243 0.65083469908320191
vt 0.44704539783369479 0.63502000874901421
vt 0.57690679989402605 0.32739192348925472
vt 0.58835657161869082 0.31673786151296335
vt 0.60906543430845816 0.31907040568932371
vt 0.21524910430426852 0.20493926520603312
vt 0.21281965478361592 0.19341711772353115
vt 0.23256027269814669 0.20791960996032138
vt 0.92517736777898263 0.63559631925276028
vt 0.91854821815851739 0.62349999845968063
vt 0.93379514676163244 0.62149165300916798
vt 0.92788247671037061 0.85378002082511828
vt 0.940461418079653 0.84246129177346218
vt 0.93462915270110414 0.85852127797220035
vt 0.54914905054712149 0.89123173181190851
vt 0.54941429354791005 0.88957858401518142
vt 0.53288335469242898 0.89322875591482653
vt 0.52573677327730683 0.69832929256210563
vt 0.50684614211602919 0.70999243703174286
vt 0.50905103232206228 0.69819297429514982
vt 0.71957022008083593 0.71186816098186123
vt 0.70765669669262621 0.71381535575216881
vt 0.70925531718257095 0.70593577484227132
vt 0.83593141573836749 0.16910111580737383
vt 0.84008627328962937 0.17691407790319399
vt 0.84220182497042584 0.16143001712835173
vt 0.94190931831624602 0.26990308310331229
vt 0.95373365721115932 0.26301731627070191
vt 0.94643154204455837 0.25865636398363567
vt 0.53805258958497637 0.59710627895800472
vt 0.51173396065408128 0.61078989889343449
vt 0.51548891278095421 0.60606427598826895
vt 0.57902019512766167 0.35788373977227916
vt 0.56534034897476337 0.3493293449329653
vt 0.59710462311464907 0.34993392029771292
vt 0.25971645030313484 0.25421858826646293
vt 0.23986698956895702 0.2430131689607157
vt 0.25652985678110213 0.2422343642177642
vt 0.92260634365141958 0.20681306375690064
vt 0.91452759944302053 0.21500866044583006
vt 0.92288375517547316 0.22102936464905362
vt 0.52507743955786668 0.58105337822850944
vt 0.55256963784010249 0.5707655849516956
vt 0.53276401844686516 0.58317740166600951
vt 0.1270591182287559 0.79471855283911674
vt 0.1381200074397427 0.80561939323738174
vt 0.11134322013012618 0.81669844859029972
vt 0.33825706698541008 0.23881125465176459
vt 0.35409043369233045 0.25095544087021887
vt 0.3286615702632098 0.24285064600995662
vt 0.11737963559123619 0.017292674934074329
vt 0.10920397641154869 0.034331387300220575
vt 0.10297520393828864 0.02615505663754436
vt 0.79518449945780756 0.36198187506161278
vt 0.79224171924290221 0.34433316492507887
vt 0.78185249593355677 0.3561721368542981
vt 0.69066504830441644 0.68428920420938488
vt 0.70803076325906944 0.67985547183063877
vt 0.70169766302740533 0.68370696347594639
vt 0.44616468170839907 0.68814570189274449
vt 0.46431237831476735 0.67434659651025242
vt 0.47097025489205441 0.6785675337638013
vt 0.311605286222151 0.35238495354396687
vt 0.3247202009808754 0.35551361180254337
vt 0.30292387279426264 0.35677786745859619
vt 0.068490114422626674 0.21998762738441444
vt 0.08293295297712934 0.23302209896244086
vt 0.070771288946976041 0.23536771659971412
vt 0.84433093146194793 0.6807039567724763
vt 0.82731910488958993 0.68674370317429023
vt 0.83533731454554416 0.67373354938880126
vt 0.9332889207906151 0.7697037657728707
vt 0.93674154672712939 0.75057577139195586
vt 0.94562210419952686 0.75521375012322556
vt 0.11559015027356073 0.378559639626873
vt 0.1033001631968405 0.36252518422220031
vt 0.11705989416465398 0.37012735360804416
vt 0.56716893915122235 0.74672697530559939
vt 0.57141694751823735 0.75793865215891165
vt 0.55187402959877763 0.7556193932373817
vt 0.73053352043079656 0.79227083127957409
vt 0.72555651739944793 0.81217761114944798
vt 0.72087163594242898 0.79812897402405358
vt 0.7945936329357256 0.23621830022673501
vt 0.78686569647082016 0.25100007162485211
vt 0.79782198836750784 0.25059317700118294
vt 0.80373835518533121 0.62114881641857256
vt 0.80044915713722398 0.63171043997683363
vt 0.78920282309739742 0.63431315617606465
vt 0.56756657260449528 0.044895217847372833
vt 0.570334526567429 0.042560016620046333
vt 0.59608058026912458 0.058855767957043573
vt 0.4254753810750197 0.37634027041847395
vt 0.4004265144420347 0.37706965016265775
vt 0.41725681437302842 0.36949455189027997
vt 0.1888322800115832 0.29139670001971607
vt 0.17170964671234226 0.2951594307595623
vt 0.17227457810651617 0.28031743287288052
vt 0.88917864008280756 0.13869625055451498
vt 0.88063248595228705 0.12585920941566442
vt 0.88204095401222393 0.1430523604624655
vt 0.58480147593404963 0.51066617273757886
vt 0.59908770732699135 0.49462732742261434
vt 0.60608249026518135 0.50328804280855677
vt 0.27684364679860018 0.70117695805402214
vt 0.30619635837687303 0.68484033049093063
vt 0.28196584418745069 0.70145852844045742
vt 0.47365672595869479 0.2726288708226538
vt 0.50260656699773265 0.28104228792882491
vt 0.49552456347348184 0.28370987082881505
vt 0.53887689151222395 0.42712175146638409
vt 0.51370418319942823 0.44056365677986986
vt 0.52849829640674295 0.42640889164777207
vt 0.85061366324921139 0.27477388111198736
vt 0.85411126651222402 0.25214358549388799
vt 0.84562210419952677 0.26136880868616919
vt 0.70834491140082811 0.52222295815260256
vt 0.70319577767645902 0.51021324181782335
vt 0.71141484498225549 0.506811484929515
vt 0.36193940075414038 0.69854170260745263
vt 0.36070583596214512 0.69540276271687695
vt 0.39097565371155363 0.68247062610902998
vt 0.42312227363466087 0.3319929345549093
vt 0.44892223851537855 0.33051977308014591
vt 0.44203027189718058 0.33809371611297317
vt 0.11925971094366128 0.1748325095191739
vt 0.13254163483339906 0.17344999584113763
vt 0.13486973133749014 0.18979280393582412
vt 0.82801286474763403 0.76360502513801265
vt 0.82126333916600947 0.78035769297121449
vt 0.81492253733734232 0.76651946347594635
vt 0.87811722138702686 0.79325447924881698
vt 0.86839873016068614 0.79217178874211358
vt 0.87776795396293372 0.77549536671924291
vt 0.85579622190457416 0.90099165763012623
vt 0.85743689311415616 0.88100709163052049
vt 0.8627232692971214 0.88401495034010258
vt 0.80508883021983435 0.92761330589511037
vt 0.81649920827582811 0.92024903884069398
vt 0.81367395443119084 0.93809972335863567
vt 0.78129905917291009 0.83927075118296535
vt 0.78873202447259461 0.85315372695682179
vt 0.7766057829751577 0.85795590373619879
vt 0.73997714166009465 0.19068884623915616
vt 0.72816743579948739 0.18199331963475945
vt 0.73240554761435328 0.19848700201473776
vt 0.89071757319597789 0.59439643354445981
vt 0.90205170544164037 0.60307366885597402
vt 0.88486928849566249 0.61125561446421528
vt 0.67599088747042591 0.72350019099960572
vt 0.68533662140181384 0.71936535760055209
vt 0.69132184049684542 0.73054022082018932
vt 0.44423635585074922 0.74084172293966877
vt 0.46576736402060331 0.73130853213722402
vt 0.46543018810380521 0.74205795913840689
vt 0.20796601208226537 0.35084555833497633
vt 0.20410743496771491 0.35853198319203472
vt 0.19076208842665615 0.35713506752760255
vt 0.95307116583694795 0.094198541009463718
vt 0.97321230530362779 0.077987102905658523
vt 0.94963409712638014 0.090120940103139785
vt 0.52624885246204656 0.49471766715546134
vt 0.52550480117557175 0.48540605129879733
vt 0.54434910723087537 0.47333965121007493
vt 0.38855739076054813 0.6087563307127366
vt 0.41593109997289041 0.58557452373324137
vt 0.41346250708546922 0.59385843848580444
vt 0.33645674166995271 0.62179809955392351
vt 0.34848809949231074 0.61686468756161272
vt 0.31807135452607455 0.6405818325487973
vt 0.46698625727030757 0.50266275014787065
vt 0.44834330946865142 0.5214836818562697
vt 0.4433296468355678 0.5218637556683754
vt 0.89377433704652998 0.24601459683680008
vt 0.90027910587539428 0.23463086630643731
vt 0.89239790763012616 0.2278901397993888
vt 0.62667063042192428 0.54340007794016165
vt 0.60414064810479096 0.55176782457610407
vt 0.62157987480283916 0.54031855345524449
vt 0.19520111565334189 0.79243056240141951
vt 0.1710813311748324 0.80911160538249216
vt 0.19699695478854495 0.78081578396096218
vt 0.38364924000640771 0.28316396237923896
vt 0.37692116337243692 0.27270126583448345
vt 0.40253532722545349 0.28058165541206626
vt 0.090148973916231265 0.075460858751170645
vt 0.095394146555229695 0.062085389338833299
vt 0.10011205823639589 0.073519839698959977
vt 0.79079851698048109 0.68094486272673505
vt 0.78078905941936116 0.67825192231861198
vt 0.79788021244085172 0.67135221559542591
vt 0.71866150865043377 0.29173412623841682
vt 0.73094971473284698 0.30149865376084384
vt 0.72875691603410886 0.2848490718035292
vt 0.094893099908196971 0.32624969963771688
vt 0.096326559650409108 0.31570910143927444
vt 0.10879248008367015 0.32984996518878157
vt 0.54663043578716486 0.77974156521096216
vt 0.53127603139787061 0.78507261065654577
vt 0.52550414653982647 0.77883077434936909
vt 0.69600841630520505 0.84959350971017356
vt 0.68353629608635647 0.86032568513406937
vt 0.69297144555895107 0.83747173513899842
vt 0.78441119750591481 0.29536069274324722
vt 0.78733980678233439 0.31176923396835565
vt 0.79548532383675075 0.29702770341458007
vt 0.7620546166453076 0.66244570374112777
vt 0.74468897870662465 0.66967242027306784
vt 0.75209737591186909 0.66346832179120663
vt 0.52837229827977128 0.6303404028859424
vt 0.50560017775285881 0.64536340755619082
vt 0.50429352480530365 0.64031015871451102
vt 0.35800765846805993 0.36643459187697158
vt 0.34779541785784701 0.36231727961110016
vt 0.37186633570337146 0.36133143668671136
vt 0.12594012431917884 0.27333585817355088
vt 0.11151652531668967 0.25978137476587143
vt 0.12559222392855382 0.25759489137667585
vt 0.86353178295051258 0.12321598281619676
vt 0.8623322592172713 0.13286625714708203
vt 0.866662636164235 0.14403674971041996
vt 0.64569973629731858 0.46928314305254337
vt 0.66016780239550477 0.4654196754238959
vt 0.65235976932176654 0.47860758206821769
vt 0.35989054490339117 0.66676653070780756
vt 0.37620445275532333 0.66289655522969237
vt 0.3408092992162855 0.68036285304120658
vt 0.58812567774053626 0.30089301942650826
vt 0.59488459927050474 0.30394897460937498
vt 0.56016198768976733 0.30683489778440459
vt 0.20431870902750393 0.16522426665393336
vt 0.20784588642300866 0.17391856100280953
vt 0.18463791326769519 0.15741844778933359
vt 0.85001640440161674 0.205898460604791
vt 0.84691920716679814 0.19529486334286278
vt 0.84284013333004737 0.21479449828716482
vt 0.98966884673205835 0.24575996278588327
vt 0.97760629744183758 0.25093853586479692
vt 0.98602452804613561 0.25349209662115535
vt 0.42495020917537463 0.65655991226340693
vt 0.45533524281595034 0.6403619519543573
vt 0.45159681061464907 0.6456574545297713
vt 0.5157732557423107 0.33742421628548896
vt 0.53355135270849763 0.34022871432620266
vt 0.50387721497929816 0.34324596898412857
vt 0.18199572638382294 0.20297814979914236
vt 0.2010395808174783 0.21735283403366523
vt 0.18457537630002957 0.2178732694511534
vt 0.90671679379436121 0.66382921862677446
vt 0.92101257516758672 0.66271849430697949
vt 0.91155847976636439 0.67698031163742112
vt 0.91427614230086751 0.84559514861001572
vt 0.90868847964313881 0.86296633169854098
vt 0.90226873644518923 0.86010341704455839
vt 0.62742280689323737 0.82232754583990542
vt 0.61052419379682576 0.8073427025828076
vt 0.62452947093109223 0.80906878450315456
vt 0.55984129319055598 0.69867178258083595
vt 0.56010842308261044 0.68568689003351735
vt 0.57652403052296919 0.68564599455343056
vt 0.74010175349960572 0.7260783776123817
vt 0.74319071002563086 0.71606745674783123
vt 0.75304028243296528 0.72380039925078865
vt 0.82044196384562307 0.18008852215595425
vt 0.82434328482354102 0.16785780849516957
vt 0.81601893668671133 0.17207462539432178
vt 0.93269728410883279 0.29558115095746251
vt 0.9253474190408123 0.28983092684098977
vt 0.92005603681979498 0.30500765538742114
vt 0.5848381740437697 0.57858740388406937
vt 0.58685795636583205 0.5746329803948147
vt 0.61107978700463328 0.56670253043671137
vt 0.53430433784749609 0.37196195103016561
vt 0.56645353780559937 0.3722282722545347
vt 0.53807442361248026 0.3788910778539038
vt 0.26396055010967073 0.27865225133083599
vt 0.28282753736814864 0.27618034675670344
vt 0.28420186809936909 0.28739510424881703
vt 0.92312011718749998 0.17683875628450316
vt 0.93315876380126184 0.18437457641216481
vt 0.93482015230678228 0.16951496112233833
vt 0.50946938307127365 0.57480992458596214
vt 0.4887957166798107 0.59022008853755914
vt 0.48125273406693614 0.58714661222151021
vt 0.1731416046431388 0.7570296326646293
vt 0.14724722781015873 0.76355619701301258
vt 0.17600363361346608 0.74748296406742898
vt 0.35312962095820188 0.23073445509660884
vt 0.32496626700512621 0.22116641456772476
vt 0.32932849005569798 0.21672064844366129
vt 0.15328827385646687 0.010186866254836602
vt 0.14190546751774447 0.00031545741324921138
vt 0.15789335714153688 0.0031417386388929106
vt 0.26639835586307176 0.80214589597298891
vt 0.28864882797096808 0.79978866817823346
vt 0.2831996592813486 0.77641794102425077
vt 0.6734454326449133 0.68376873028391172
vt 0.66463634599270505 0.68900797269321767
vt 0.6586142362480284 0.68592309801360407
vt 0.39078068778341879 0.70868408973284702
vt 0.40352887174684543 0.71158913212243691
vt 0.37547337865979891 0.72164995933556786
vt 0.32673528532876578 0.34082119818365536
vt 0.30405412066246057 0.34332872264392744
vt 0.31013297192305794 0.33659641013160491
vt 0.06449149339357009 0.18584271259488366
vt 0.051357045459446471 0.18978999285291798
vt 0.049925915450327783 0.17249311092148067
vt 0.85906839942330437 0.69931517399447951
vt 0.86803043979199523 0.68434542586750791
vt 0.87381056535883284 0.69579508206821772
vt 0.91034416896687698 0.80130757713919554
vt 0.91741947210173502 0.80453470031545737
vt 0.90621873151616716 0.82037272648856463
vt 0.11261909557065754 0.38395895972988958
vt 0.12651383553393633 0.39900583935084777
vt 0.12011478075093651 0.39993642331673895
vt 0.59635737566541802 0.72596269962539428
vt 0.57931920963130912 0.72458457585764979
vt 0.59428191079702286 0.71281822998817035
vt 0.75191923797318616 0.7835977548304417
vt 0.74431814681092268 0.76901832363958988
vt 0.75563702989451897 0.76601023388209777
vt 0.78691221411671919 0.20836520510893139
vt 0.79786111248028391 0.20822986879559346
vt 0.79360274546529963 0.19575341642843061
vt 0.83183077743000788 0.59073528686908516
vt 0.81750249531742902 0.59620592376035098
vt 0.82997269013702679 0.5794303051680797
vt 0.51254682570977916 0.036161327662904183
vt 0.53995161086602916 0.038022322308753943
vt 0.51266962767399449 0.037127952696021045
vt 0.43666387612135255 0.39194794182521686
vt 0.4569964002735607 0.382954170876873
vt 0.4611140206033123 0.39077633638111198
vt 0.22275352117014985 0.31000185223407928
vt 0.22469732723777602 0.29711405757097792
vt 0.24266370899669756 0.30549793905264194
vt 0.90952287066246051 0.13290193479519913
vt 0.90608911363860412 0.14544048128819992
vt 0.91811369405559939 0.1414230972434444
vt 0.53797853872979096 0.52932571748077684
vt 0.54340315857896293 0.53663761367557172
vt 0.51794167888653386 0.54750275717172714
vt 0.27401639053874211 0.69736235705835958
vt 0.24800723102942626 0.71548760350946372
vt 0.24869525319770308 0.71176950352425084
vt 0.31220027309862974 0.62175215952779972
vt 0.31079900603189076 0.61729693969341481
vt 0.33627390575709781 0.59867717369873819
vt 0.54462440081575314 0.43416120366719241
vt 0.56772441683507491 0.43071666440753154
vt 0.56705495551557572 0.43161093534355283
vt 0.86415923205835965 0.29942397830614154
vt 0.85367004201991326 0.31208461436563484
vt 0.86250662337342276 0.32526270147377762
vt 0.69843649879238956 0.54758759026271686
vt 0.70995184961553626 0.55000550664185721
vt 0.70342536228312302 0.56101151234720037
vt 0.30850136934394717 0.72646253327089905
vt 0.34007664629337542 0.71484359596805991
vt 0.31658205820558949 0.72829859399645114
vt 0.38442694727178628 0.32042074594587933
vt 0.37992463217172712 0.32862729815654573
vt 0.36143979815654576 0.32334846953864355
vt 0.089768534278267947 0.14422623787768632
vt 0.090872779629583997 0.16190397340792587
vt 0.076945856617828268 0.14763030524509563
vt 0.8524652041847397 0.75963130914826493
vt 0.84802438633675081 0.74456151727622244
vt 0.86076205762026814 0.74282796480678237
vt 0.87570800781250002 0.8294490585567823
vt 0.88528224812697165 0.81306552826794165
vt 0.88275881986888804 0.83167559025039428
vt 0.063205514420470232 0.35623451979002368
vt 0.07186558479766364 0.35514123958744087
vt 0.076521277202040619 0.36989865468503547
vt 0.78730846128253151 0.90302249174388804
vt 0.78280110163643535 0.92144378758379342
vt 0.7741546727129337 0.90898021613761826
vt 0.7907999032679417 0.8033977905658517
vt 0.77862152195879342 0.80726707290023658
vt 0.78342408381802053 0.78963234116226344
vt 0.75460393767251577 0.17351016456772475
vt 0.7594056523560726 0.18837983044164039
vt 0.7666629442281151 0.17853014251035096
vt 0.38440788581920349 0.91064006432373812
vt 0.39349230456427448 0.93337340730973972
vt 0.40272413187598582 0.91308871007492109
vt 0.43236807934493299 0.072269398782531552
vt 0.45166146552149056 0.05560775901240881
vt 0.45040541206624607 0.06021588442829505
vt 0.39284652565555994 0.43100897852178627
vt 0.39535012230136041 0.42021726975305601
vt 0.4166066455540221 0.41983835118050078
vt 0.24893248163939274 0.34052907660932569
vt 0.23213635754510056 0.33745979766364353
vt 0.25370439114254734 0.33191745890427837
vt 0.96302832955441642 0.099614631339954657
vt 0.94331478275335179 0.11114709896244085
vt 0.94976294484424295 0.11359329945657531
vt 0.4853932666477721 0.53711657599319795
vt 0.50785208620859623 0.52462589492557177
vt 0.4864687561612776 0.54520598691344635
vt 0.34076848075216876 0.63745040171529965
vt 0.33399577336356467 0.6478410113121057
vt 0.3103466912398955 0.66180115708793374
vt 0.37759412891857258 0.58158910131604891
vt 0.3494472563830836 0.60343768483832805
vt 0.37150178060922712 0.58224520036474758
vt 0.51163822980333207 0.46559800590250394
vt 0.50738771841729102 0.46498884808753943
vt 0.52808137045297709 0.44974819628598184
vt 0.89807205922220035 0.28171552303085567
vt 0.88893850428824916 0.2775983840509168
vt 0.89136312105678228 0.29649384796431388
vt 0.63380150057916007 0.55160978780559933
vt 0.65316497128844642 0.54529101254436119
vt 0.65783606688682961 0.55310582302346212
vt 0.59419176360410098 0.38275392935479102
vt 0.5671083275828076 0.39353997744972397
vt 0.5554754118814077 0.39025617051951894
vt 0.34456744750591484 0.28959520021071572
vt 0.36657314360705834 0.29682669173279769
vt 0.34592681788495661 0.30013495123348777
vt 0.068526249353065852 0.084378658258576503
vt 0.076349401624420846 0.093139215222668575
vt 0.065371059092813488 0.098090754848925474
vt 0.77776602856368293 0.70071501626577282
vt 0.79382162485212937 0.69653127772574919
vt 0.78753180759562302 0.70797523474467661
vt 0.9397208325118297 0.69456960395307576
vt 0.94026317897279177 0.71259557681880914
vt 0.92901545864550472 0.71004242039629339
vt 0.066010758553393625 0.3112046491460469
vt 0.078653353621907035 0.32879761897427051
vt 0.06353410787010795 0.31653996897796727
vt 0.58694606263554816 0.78443545753647481
vt 0.58167401142300867 0.77678030116324925
vt 0.59938522001922323 0.77976805870465304
vt 0.70424180858142749 0.87598811489550477
vt 0.71224276666009467 0.85395199748619877
vt 0.71760931646786275 0.86815304921628544
vt 0.76215797207708991 0.28862888083472987
vt 0.77129306733044167 0.27737729045494874
vt 0.75961475071470819 0.2730641843392646
vt 0.78358851291403786 0.66070306338722395
vt 0.78983643348284704 0.65172069080244477
vt 0.80094999199033912 0.6507389682324527
vt 0.59304476476242118 0.042074921905806389
vt 0.58472068618148665 0.04303989831581477
vt 0.56593163908468058 0.031415692639275683
vt 0.32739646743148659 0.3769941360040418
vt 0.35125085487726737 0.37753809980037462
vt 0.33442325050522476 0.38351288323146687
vt 0.125212410045347 0.30457066677346212
vt 0.13974868341199231 0.30313607104569201
vt 0.13905991996500394 0.31824013502439868
vt 0.85880092295938482 0.087061403677666599
vt 0.86493755545149842 0.098890132482871651
vt 0.86611759414432177 0.084487886158073733
vt 0.96806540504238958 0.17654530618469047
vt 0.98238259685528395 0.16830255646810924
vt 0.97286003425670342 0.16119646619923106
vt 0.40569086405757099 0.6345615326794164
vt 0.37196776573590301 0.65128185380520509
vt 0.39738557737332414 0.63339605000492905
vt 0.15634596189865932 0.73272639614550472
vt 0.18796155670839906 0.71776820041403788
vt 0.19081274568094439 0.72088611494479493
vt 0.44206762464264587 0.49633330817478311
vt 0.46545032777996848 0.47918262180845822
vt 0.44709414894272476 0.49766726328371452
vt 0.86137679909305997 0.18554094477030758
vt 0.85978487899250788 0.20728859886386042
vt 0.86513425423895896 0.19692067047022871
vt 0.68775923575512621 0.4801987705170544
vt 0.69399783739156151 0.48971259180303628
vt 0.68216017473383284 0.49308288766758673
vt 0.37228703543966879 0.67711485853706621
vt 0.36554532697900238 0.68482377205737377
vt 0.33861303479889587 0.69488845006900635
vt 0.53138635677494084 0.32069615505471216
vt 0.50237397876823742 0.32455542531299292
vt 0.50608661061957805 0.31611289617014982
vt 0.1760165915504239 0.1750048712601045
vt 0.16050266783320188 0.17310900763382295
vt 0.15723388864414925 0.15945579937955934
vt 0.89467811945485021 0.64196966032876579
vt 0.88589829887125393 0.65591767608931384
vt 0.87825007393533128 0.64724683310331232
vt 0.93911217530067037 0.81883440950315456
vt 0.93181290972496056 0.81326099479988168
vt 0.94449898030855683 0.79999699637716881
vt 0.17196281745982847 0.38896649959335566
vt 0.15662517367101242 0.40994237665122241
vt 0.15648493721658124 0.38989550473186119
vt 0.52471380865536277 0.72249936846904572
vt 0.54345791693365542 0.72321338352720821
vt 0.52602250252612381 0.73386546234227135
vt 0.71908093762322556 0.73076626269223188
vt 0.72885903921037065 0.74129580909897475
vt 0.72085500049290219 0.74497347569992112
vt 0.82847449847200316 0.19948834440309543
vt 0.81924513567133284 0.20402146589116718
vt 0.82283854680106472 0.21574572253302446
vt 0.78094809739747639 0.61090064785833986
vt 0.7925163581920347 0.60672299357994874
vt 0.7820059887618297 0.61909376078223577
vt 0.53284180457659702 0.60573638049585965
vt 0.55738317447505914 0.59631266789481463
vt 0.53121056782334386 0.6098612018188091
vt 0.5170867246032137 0.35624272199083201
vt 0.49777015661967666 0.36473877723284698
vt 0.48784017953962933 0.35831445158468062
vt 0.22450775242754337 0.25794710466162263
vt 0.22553705161302248 0.27142597764072357
vt 0.20645767356319006 0.26026126127513799
vt 0.90461086910981858 0.19188490425374605
vt 0.90366880976439279 0.17559598808408911
vt 0.89670209914727916 0.18291102267966286
vt 0.56385659780412067 0.55368856436070579
vt 0.556562607822358 0.54878468799290225
vt 0.58246588962687307 0.53963407402158914
vt 0.18113212705786672 0.768708488392153
vt 0.20068875381999213 0.75040094513998423
vt 0.20723591994035884 0.75181619060528393
vt 0.39357694511533914 0.25672784558606071
vt 0.40451317435183359 0.25430553929662852
vt 0.42260376361642349 0.26582943889244876
vt 0.1240502968195485 0.045520640472508381
vt 0.13323193859978805 0.047721275546197262
vt 0.12317256506309149 0.061737623726155856
vt 0.81469218257097786 0.3299381869824527
vt 0.82817136361395904 0.3277360693513407
vt 0.82240771946470825 0.31066031952385648
vt 0.70715925054219242 0.67524213820977919
vt 0.69969447764688486 0.67417862467961354
vt 0.71704579061514195 0.66915664432176658
vt 0.43133556474270507 0.68069664025532339
vt 0.40200491823984619 0.69190931831624602
vt 0.42628917032235802 0.67703052604988168
vt 0.35769997966778388 0.3489138052666601
vt 0.36638957604248817 0.34304118351981466
vt 0.38192500646934147 0.34733524743690852
vt 0.094421251940802448 0.21376697046899645
vt 0.093164389817872631 0.19659641398240338
vt 0.10842461330281447 0.21091780316566444
vt 0.82811537300374605 0.7086443494923107
vt 0.83582521071569404 0.71862061317034698
vt 0.82076196520110412 0.72304656693611991
vt 0.91660225564373032 0.76331860274546526
vt 0.90589641968158519 0.77986725527405365
vt 0.9076838063140773 0.76131903711553628
vt 0.086912416283640576 0.35074143274349368
vt 0.084330224840422907 0.35237205336898658
vt 0.071731114913988564 0.33689014904130521
vt 0.60306993358142746 0.75244217640970035
vt 0.61544308827878547 0.74099621697555207
vt 0.61888223642054419 0.75355367088919556
vt 0.74284282888899844 0.82055556240141958
vt 0.7548089541847397 0.81576817268828861
vt 0.74971434776715296 0.8349208891955836
vt 0.77237822234818609 0.23436298550867507
vt 0.76830862147574919 0.21886635187672515
vt 0.760471168301459 0.23022274173772672
vt 0.82811568106762623 0.61585057977622237
vt 0.8447768539284306 0.60139356546973577
vt 0.84091488811119874 0.61534135018237379
vt 0.51913346251478709 0.025371676664623175
vt 0.48860698904524841 0.031932953554749115
vt 0.50038669718552842 0.023275068505705342
vt 0.38873622184296136 0.39263176662312699
vt 0.39318204572900234 0.40127326652454653
vt 0.36945488866571374 0.40093277892103707
vt 0.18532125671579258 0.31974608604840299
vt 0.20061660911006507 0.32742685023166401
vt 0.18243608444647083 0.33298878955540223
vt 0.89283859301064672 0.11168274503401025
vt 0.90672488047121447 0.11296644722249606
vt 0.89920065124704263 0.10224957872264392
vt 0.57327102998077684 0.49277401511977525
vt 0.5524406360902997 0.50193556535883277
vt 0.56888620274300084 0.48309872985262226
vt 0.32931489673698738 0.66450564989156147
vt 0.32853657334384856 0.66076575438682961
vt 0.3573122042586751 0.64389787066246051
vt 0.26607666015624998 0.66564471608832809
vt 0.29219418113540024 0.64604322752365928
vt 0.26941237585025629 0.6668680377563091
vt 0.49836537454406543 0.4589687792660686
vt 0.50038253832314672 0.46135392534996056
vt 0.47803030886484621 0.48026881654179809
vt 0.8667888653391167 0.25322487045913838
vt 0.87307698824428237 0.26339169090102521
vt 0.87342409922121456 0.241788345481319
vt 0.68712462416206621 0.52381314539382884
vt 0.67966508835272077 0.53295609627612384
vt 0.67370351316048893 0.52343981047910093
vt 0.30275884682447751 0.72144417266364358
vt 0.27555118404352325 0.73643625542192426
vt 0.27464705506333792 0.7336260967074133
vt 0.43168514023067822 0.3150750097040122
vt 0.40991715392103706 0.3089518935146392
vt 0.43332384753302444 0.30640641943513408
vt 0.11435627741768534 0.14096623850921727
vt 0.09970357515834484 0.12377010309357749
vt 0.11064280801767054 0.12363365967567035
vt 0.83748043794361193 0.79285561354002365
vt 0.82664945103016563 0.79456521404278391
vt 0.83321098062894317 0.77810197222496058
vt 0.86011335210469242 0.82517860003450316
vt 0.85970678479889595 0.80822399632787856
vt 0.86880706883379333 0.80957015846805991
vt 0.84387815457413251 0.89056377230382489
vt 0.85112705170544167 0.87638259069400626
vt 0.85042451202681391 0.89680737997831228
vt 0.81075451005520505 0.89041844316837537
vt 0.81861475995662458 0.90146931067626179
vt 0.80781966248521297 0.90873854002365928
vt 0.80491854791009465 0.83093277121944009
vt 0.80039501491029175 0.84843334113761826
vt 0.79332186822259465 0.83494276173107251
vt 0.73038048969834379 0.1595246612837638
vt 0.72371783813091484 0.16621151511977525
vt 0.7353115141955836 0.17477983059567231
vt 0.92656789111790216 0.58063136922072156
vt 0.91876655843355681 0.59714328513160486
vt 0.90916343713032333 0.5859562148807177
vt 0.66903973407925865 0.70209298600157732
vt 0.68237735976932179 0.70900609350354893
vt 0.66895324514491328 0.71214788298501575
vt 0.45090925054219244 0.71861614624408521
vt 0.46837681911721213 0.72000736272673505
vt 0.44639888727326499 0.73006572542882497
vt 0.23960082237652799 0.35321768871993298
vt 0.21926856778021492 0.35833701726389983
vt 0.22307887513554811 0.35226141992803628
vt 0.99612463340398261 0.064349057170494869
vt 0.99441903773166407 0.061962938759981268
vt 0.97529327681388012 0.080801381974566253
vt 0.48606927432472397 0.52009323553332021
vt 0.50630818556535884 0.49839891499901418
vt 0.50610313054514988 0.50709436458744084
vt 0.39976718072259465 0.58851306806979498
vt 0.42001544940358831 0.57621061403292584
vt 0.39320588217172714 0.59934228361593056
vt 0.39446855900039435 0.575761610927642
vt 0.37817891117902208 0.59297444918178233
vt 0.36635203075709777 0.59838043116620665
vt 0.47645987621993297 0.50130326424487381
vt 0.45373693038988566 0.52033518120317424
vt 0.4717275529253746 0.50224767257738567
vt 0.91088197148560723 0.25501993943464119
vt 0.90876880729988174 0.23983196655658517
vt 0.90211139281841479 0.25128866971855285
vt 0.58768129559345428 0.56605012815457412
vt 0.58497780399743693 0.56366475102277214
vt 0.60798651758428623 0.55434897630372637
vt 0.29242902208201893 0.58312980579652995
vt 0.22775181911721215 0.54796292759266563
vt 0.22637877840348974 0.51609753148412851
vt 0.33555769574378941 0.26787650412189473
vt 0.3517118724738762 0.26499267963204848
vt 0.35914526136139591 0.27570968290984821
vt 0.077982741876355482 0.06014804779919164
vt 0.090034653335715698 0.053691943436390971
vt 0.084218898255742317 0.06664040261638654
vt 0.75788551113958991 0.69151099171924291
vt 0.76394158492705044 0.68398206452089905
vt 0.77411439336060728 0.68676349627858835
vt 0.72300882911080444 0.32506014947259465
vt 0.73318702866226337 0.31750401638283715
vt 0.72068887704554419 0.3089142712132788
vt 0.070319287032359026 0.29412949619233042
vt 0.083978887612135247 0.29989878176138607
vt 0.082590000862578866 0.31062824237233833
vt 0.5575277334508083 0.791208627020899
vt 0.53708642424093056 0.7902936002809543
vt 0.55231694844242907 0.78597724024053628
vt 0.67687888160488963 0.89455250640772865
vt 0.67325235360804414 0.88325695916305202
vt 0.68677851439274451 0.87214101316048898
vt 0.76633601143533125 0.31977331119380914
vt 0.7784685682423107 0.32438749199033912
vt 0.77568844575611196 0.30833364781521094
vt 0.74857320213919554 0.6750888764294164
vt 0.73748390366226335 0.67507601476242118
vt 0.75518617840595426 0.66914555402208198
vt 0.52893081809444009 0.6426154007294953
vt 0.50752496087588728 0.65085903612973184
vt 0.52835970616867112 0.63620959742212146
vt 0.31175076938954061 0.36729116349566249
vt 0.32473999408517351 0.36311123724615535
vt 0.33427707419410491 0.36701613946667982
vt 0.098388604486026224 0.27613013234424288
vt 0.098130995693266956 0.26133650048674095
vt 0.11184688532013999 0.27518241232501972
vt 0.85627626244578081 0.10523406308532138
vt 0.85882872572456626 0.12368048538544953
vt 0.85933572185528395 0.11280891105579653
vt 0.96075435602326498 0.20585529315358833
vt 0.96987104445977923 0.21192463294188682
vt 0.9730831495218849 0.1986218377242705
vt 0.42869599640181388 0.63286202126873026
vt 0.41096988521539829 0.64562141105579651
vt 0.3953781946224369 0.64913742113564665
vt 0.70022919952681384 0.22215687845031545
vt 0.63514558328815063 0.28202006343035291
vt 0.62690587570238565 0.28190577173082609
vt 0.25095730850749209 0.19620259281964708
vt 0.22984578707240733 0.18927086670692034
vt 0.22847600028341877 0.18121959794583004
vt 0.854821815851735 0.16623381124309936
vt 0.84989056030658516 0.17654417019913249
vt 0.85303828001774451 0.18568613912780954
vt 0.97278910254830442 0.23875838318833795
vt 0.96943151431880914 0.24759074791748817
vt 0.98113278169361196 0.24265779802099763
vt 0.43776882424339508 0.64304607403391167
vt 0.46063448066591089 0.63442255736149444
vt 0.43037328870514591 0.65023536080441635
vt 0.57690679989402605 0.32739192348925472
vt 0.56443136798846605 0.33678663957758281
vt 0.54572068464116719 0.33319723327829259
vt 0.21524910430426852 0.20493926520603312
vt 0.21785118512174684 0.21755554006678826
vt 0.19842167321815851 0.2033879517756802
vt 0.92517736777898263 0.63559631925276028
vt 0.93057395381506314 0.64868194868888007
vt 0.91589748250197156 0.64991405017744475
vt 0.92788247671037061 0.85378002082511828
vt 0.91554159170445581 0.86608224381407728
vt 0.92103937672515768 0.84947652245169558
vt 0.59485625739353309 0.8040806141561514
vt 0.59515611907285093 0.80287685454455837
vt 0.61066921486839509 0.81149694400630912
vt 0.52573677327730683 0.69832929256210563
vt 0.5436553858808163 0.68599980591975551
vt 0.54279746648264982 0.69841809197555205
vt 0.71957022008083593 0.71186816098186123
vt 0.73295266906545742 0.70972827225453472
vt 0.73000958078667189 0.71842899743690847
vt 0.83593141573836749 0.16910111580737383
vt 0.83145524756013411 0.16216136077977128
vt 0.82872618666206621 0.17535096177543374
vt 0.94190931831624602 0.26990308310331229
vt 0.93030847976636433 0.27614930932078074
vt 0.93740265181388016 0.28178635846929218
vt 0.53805258958497637 0.59710627895800472
vt 0.56351753499605683 0.5839809092813486
vt 0.56128892387125395 0.58773659305993686
vt 0.57902019512766167 0.35788373977227916
vt 0.5922620899669756 0.36736752482994872
vt 0.55880165461110021 0.36403084643631706
vt 0.25971645030313484 0.25421858826646293
vt 0.28005305630175475 0.26433253724492312
vt 0.26237407888899844 0.26658546616226342
vt 0.92260634365141958 0.20681306375690064
vt 0.93170501035094633 0.19929002828026421
vt 0.92265386250492898 0.19191178282728708
vt 0.52507743955786668 0.58105337822850944
vt 0.49713015390871451 0.59240753462638007
vt 0.51704864020603314 0.5782656311612776
vt 0.1270591182287559 0.79471855283911674
vt 0.12130755595980383 0.78045719760449528
vt 0.14717840441393928 0.7757284170445583
vt 0.33825706698541008 0.23881125465176459
vt 0.3194682316825217 0.22582324295765971
vt 0.34641814126577286 0.23477762023733242
vt 0.11737963559123619 0.017292674934074329
vt 0.12263254833522279 0.0057316392002045545
vt 0.13379364495021687 0.012334597373986469
vt 0.79518449945780756 0.36198187506161278
vt 0.79917600613663253 0.38132624581033125
vt 0.81034732662164821 0.36708626250739351
vt 0.69066504830441644 0.68428920420938488
vt 0.67474268964412465 0.68854110188288642
vt 0.68085128832314668 0.68481969021096212
vt 0.44616468170839907 0.68814570189274449
vt 0.43054056739205443 0.70143758009660884
vt 0.41935703987578865 0.69832305426853314
vt 0.311605286222151 0.35238495354396687
vt 0.29738392152996845 0.3491872504682571
vt 0.31962399648191048 0.34707839917685329
vt 0.068490114422626674 0.21998762738441444
vt 0.053789902936772972 0.20709159201251973
vt 0.066256179568895401 0.20327458426779377
vt 0.84433093146194793 0.6807039567724763
vt 0.86117725071470819 0.67481269716088332
vt 0.85237309308458198 0.68910585999112772
vt 0.9332889207906151 0.7697037657728707
vt 0.92923433803233435 0.78921576178036279
vt 0.92154175189767351 0.78514046172614349
vt 0.11559015027356073 0.378559639626873
vt 0.12749172655941937 0.39475475034503155
vt 0.1146666421499162 0.38245537694696374
vt 0.56716893915122235 0.74672697530559939
vt 0.56397165966334784 0.73540709101439272
vt 0.58196332191443223 0.73686215373619879
vt 0.73053352043079656 0.79227083127957409
vt 0.7341764528292587 0.77241542106171135
vt 0.74085242815950314 0.78757301113958988
vt 0.7945936329357256 0.23621830022673501
vt 0.80182828211257884 0.22127044388924488
vt 0.79092705663446372 0.22208340521490536
vt 0.80373835518533121 0.62114881641857256
vt 0.80514212527109619 0.61102264115486993
vt 0.81764335752661677 0.60678229587687305
vt 0.56756657260449528 0.044895217847372833
vt 0.56619953913643528 0.047268137646022279
vt 0.5399601596387027 0.036598460681806978
vt 0.4254753810750197 0.37634027041847395
vt 0.45115096516413644 0.37507193291600949
vt 0.43196936766807964 0.38389145523215695
vt 0.1888322800115832 0.29139670001971607
vt 0.20686456818685922 0.28769660251749801
vt 0.20572398092468455 0.30124577182324525
vt 0.88917864008280756 0.13869625055451498
vt 0.89670849147279175 0.14984503424130027
vt 0.89748381124309939 0.13529410858635646
vt 0.58480147593404963 0.51066617273757886
vt 0.56854325062845035 0.52684853731269721
vt 0.56218562081033119 0.51919865653341879
vt 0.27684364679860018 0.70117695805402214
vt 0.24934116688436514 0.71743633859917189
vt 0.27444159570928628 0.69991897919952684
vt 0.47365672595869479 0.2726288708226538
vt 0.44385701369035885 0.26267883108241324
vt 0.44926261059493294 0.26048256666502367
vt 0.53887689151222395 0.42712175146638409
vt 0.56584145338377367 0.42362926976537857
vt 0.54467249728903788 0.432126480246944
vt 0.85061366324921139 0.27477388111198736
vt 0.84642376343158521 0.29789640504855086
vt 0.85674005261731068 0.2876579982625197
vt 0.70834491140082811 0.52222295815260256
vt 0.71436332437894323 0.53590338192527598
vt 0.70460694129534696 0.53641958146441249
vt 0.36193940075414038 0.69854170260745263
vt 0.36550081174832411 0.70106613207314672
vt 0.33438408788446372 0.71295385511139586
vt 0.42312227363466087 0.3319929345549093
vt 0.39819193457955443 0.33402384568464116
vt 0.4038358959113762 0.32609632233339908
vt 0.11925971094366128 0.1748325095191739
vt 0.10572957420950808 0.17681058769346411
vt 0.10416754593232452 0.15961796613145701
vt 0.82550830540220821 0.82426804022082023
vt 0.83108564791995265 0.80876726698048107
vt 0.83461274829948739 0.8225331784798896
vt 0.84323591840003942 0.82236251109029967
vt 0.85172816135153784 0.82340546135646686
vt 0.84445176951892742 0.83733364550473188
vt 0.84465355136041009 0.85334403341876974
vt 0.84425006469341479 0.87097152565555991
vt 0.83728404722003158 0.86499762790812307
vt 0.82942210296727126 0.8747517005126183
vt 0.82062980579653 0.88305217369873812
vt 0.82285287177149058 0.86579173957511835
vt 0.81685602326498419 0.85554622806585179
vt 0.81105695176951897 0.84389032309739742
vt 0.82074132492113561 0.83966830762026812
vt 0.94098127587736591 0.86388644149250793
vt 0.95341334779179809 0.8555729526074527
vt 0.94651471929219244 0.87011610927641958
vt 0.94122549351833595 0.6072842089535686
vt 0.93432532469932961 0.59396056166206623
vt 0.9494987800670347 0.59354533005964116
vt 0.69832274620465296 0.69993284207413253
vt 0.68357765366226342 0.70040649028982649
vt 0.68974948245268142 0.69473565038446372
vt 0.49333488392152997 0.69793165910883281
vt 0.47285529777454655 0.708442336602918
vt 0.47920426329603705 0.69688832376281551
vt 0.23432116583694795 0.36146425072703076
vt 0.23610192909601735 0.35793480136041012
vt 0.25178232283246255 0.35828506999211357
vt 0.48461906360902995 0.49997327545839904
vt 0.50424500474418377 0.48308529056585175
vt 0.48702608222841087 0.50137870138751972
vt 0.48771129331378155 0.50548773443661277
vt 0.48716424887864745 0.51208719440063089
vt 0.46885250825611197 0.52520594070386439
vt 0.44835116509759465 0.545136711048403
vt 0.42541923643286672 0.56608709582018923
vt 0.43196778884069403 0.55554472625443607
vt 0.41775210407630126 0.56391385917783909
vt 0.40531217653292589 0.57059441695830049
vt 0.4294374676532926 0.55020628727572951
vt 0.44339376263061908 0.53511185029327679
vt 0.45929417173945192 0.51869008157531549
vt 0.46461289462983046 0.51709923969834382
vt 0.92366369590398267 0.23440501697431979
vt 0.91733675694992112 0.24373153542118495
vt 0.92606651715299682 0.24590336652208203
vt 0.53894370286622639 0.58492635732945586
vt 0.56377519192379733 0.57555235853706621
vt 0.54221095136287456 0.58692630803923507
vt 0.700747054909306 0.35364112252316643
vt 0.71318459495761044 0.38409308304169953
vt 0.6821710339856073 0.36426732397229888
vt 0.31789446809690458 0.24621100681437302
vt 0.32780719359966481 0.2569975362591187
vt 0.3057224020972989 0.24897281875369676
vt 0.089942272679662857 0.03510306565919509
vt 0.083849260107575901 0.047937237953161967
vt 0.076893707179120668 0.044032470510585078
vt 0.7371536591827681 0.68611409761928233
vt 0.74773349701794167 0.68842950574231077
vt 0.73218166218947156 0.69165809222200314
vt 0.74757638443907726 0.33847656250000002
vt 0.73554887741522079 0.33242591833842666
vt 0.73819291268237386 0.34650428362825314
vt 0.073243371620539233 0.27301009987430996
vt 0.072030004266684738 0.28379743798674095
vt 0.060909836826264295 0.26899400584705246
vt 0.27063394540491914 0.3667182031866128
vt 0.25641261922072162 0.36947672269321769
vt 0.25225308294928034 0.36594646465891167
vt 0.64813952521194795 0.91743926520603314
vt 0.66269569757985014 0.90535045347003151
vt 0.65197869430205047 0.92608623324132489
vt 0.77006242914530754 0.35021587576399843
vt 0.7685215706328864 0.33512136176557572
vt 0.75889203285193219 0.3441279173649448
vt 0.71383468676064665 0.68377489156151416
vt 0.73113039419854098 0.67996799216285486
vt 0.72590077878548898 0.68454512827779967
vt 0.49308739310183358 0.67010078309838328
vt 0.50999143582413253 0.65676277232847002
vt 0.51274117551015375 0.66300499371549682
vt 0.2935488535402701 0.36052658129189669
vt 0.30299553615437697 0.36358538606565455
vt 0.28294308057718848 0.36378354815654573
vt 0.072695316350798497 0.24924874772032729
vt 0.085404645757344244 0.26226571741916405
vt 0.073580441640378552 0.26168060784084185
vt 0.85466447222496056 0.1292724609375
vt 0.85600054527306779 0.1169379875110903
vt 0.85278905633872237 0.11359096972348186
vt 0.95612261558556777 0.22936434098974764
vt 0.95839643508477923 0.21817800239057572
vt 0.94778956464412456 0.22424817010055206
vt 0.45816723555796529 0.62620183421234232
vt 0.44279415479593848 0.63010030559936914
vt 0.47150686366324923 0.6165474972890379
vt 0.64300841322456626 0.30905263040344044
vt 0.66566004226636433 0.27970713907235806
vt 0.67677028908714509 0.30420514897969242
vt 0.25026788079776224 0.21186950876133676
vt 0.25044118598432569 0.20367610702755323
vt 0.26915200410957218 0.21678713247979101
vt 0.84747048748028386 0.15235568747535488
vt 0.85138282174191637 0.15863246977893336
vt 0.85167340299684546 0.14161917990314471
vt 0.95041788865339116 0.24865782343626774
vt 0.96141561514195584 0.24358148905757099
vt 0.95350230123718449 0.23946781579628351
vt 0.49430597828765771 0.61416323688880126
vt 0.46729955823639591 0.62791767300867507
vt 0.47516250369676655 0.62096259180303626
vt 0.6122081094735804 0.33977062333645502
vt 0.59538393231220421 0.3320998327213131
vt 0.6262709945534306 0.32679000517547319
vt 0.25346548760350945 0.2310073226784306
vt 0.23464794459779179 0.21877306628302445
vt 0.25124565629929024 0.22085652155831034
vt 0.72845524447949528 0.35467929779919166
vt 0.71784298292093851 0.3630871312475355
vt 0.73187074871845426 0.3680995616250986
vt 0.91799262495070977 0.88377104076301261
vt 0.92258932312204256 0.86945947111593058
vt 0.92942641586159302 0.87313975625985807
vt 0.56322190919509074 0.79856380619085177
vt 0.57923487714412458 0.800312376774448
vt 0.5640445937869677 0.8006654179810726
vt 0.52921566165960177 0.67565941073541014
vt 0.52737813763061914 0.68654407777996851
vt 0.511916604027011 0.68718993370465298
vt 0.72726419250295737 0.69760865413052053
vt 0.72260565050768932 0.70416748817034702
vt 0.71276408776123812 0.69923238182669556
vt 0.8384189545544164 0.14167470841753746
vt 0.83767328593257095 0.15508636570879339
vt 0.84315150889688484 0.1468474282827287
vt 0.92970544472101735 0.256134033203125
vt 0.93505289456821772 0.26427061640501776
vt 0.93993555303627763 0.25305158452656745
vt 0.5424300232896293 0.58966588161721212
vt 0.54070567422860805 0.59315173994479498
vt 0.51904269919410484 0.60158290923205837
vt 0.64788683581427442 0.36501137525877364
vt 0.61283686785291802 0.36085505440408122
vt 0.62837041138850547 0.35048839677395505
vt 0.29182259833399055 0.25105111395899055
vt 0.27632453990659506 0.252647751287707
vt 0.27224854670864551 0.24169559899940851
vt 0.93945505039925081 0.21906871133798306
vt 0.93087631851340691 0.21358854372042588
vt 0.93090797207708986 0.22627230382492114
vt 0.48749237541896689 0.60576040947850951
vt 0.50568812999063484 0.59385936267744477
vt 0.51368777879781147 0.59475813904771291
vt 0.15060016620046332 0.58503325549585961
vt 0.16309606510005914 0.56167773899595819
vt 0.17400722563830837 0.58115923667931779
vt 0.28981716023634663 0.22307756586405758
vt 0.31286047324773264 0.23054761435331231
vt 0.30530857603632688 0.23497302900729494
vt 0.095455123949502174 0.015383723406385549
vt 0.107542732310972 0.013441123120040172
vt 0.094488024786819794 0.023013693150661721
vt 0.76902248250197158 0.38065104680106465
vt 0.78329238650926658 0.37329663779081229
vt 0.77040137642941642 0.36512154660390378
vt 0.68597485274546532 0.6909462336110016
vt 0.68626805254337542 0.68756007245662465
vt 0.69820776136139595 0.68714911524053623
vt 0.46691979248817034 0.69472540726044951
vt 0.45595237178381309 0.691630982600552
vt 0.47862579634513014 0.68262411893730279
vt 0.27032726781225352 0.35597374371549684
vt 0.29024619695139986 0.35407302808310331
vt 0.28285844002612381 0.35801158628253155
vt 0.046374117011903589 0.22652724593971807
vt 0.056792298325980872 0.22317441344637223
vt 0.059832903263320684 0.23754877036302247
vt 0.86118641561514198 0.65367165935528393
vt 0.85292529758970825 0.66706365832018932
vt 0.84329768520800474 0.66100843170839907
vt 0.949558082363959 0.78060953519321763
vt 0.94145415393335963 0.77467129583990535
vt 0.95432044188682963 0.76114790763012619
vt 0.14302870693266956 0.38278331094735807
vt 0.12873191472483733 0.38512517405609226
vt 0.13072058259500691 0.3721355065186317
vt 0.5284659496993297 0.74435534552444793
vt 0.54813066837539437 0.745244109818612
vt 0.53184063547417193 0.75431412657728703
vt 0.72072507455145896 0.76298358327582805
vt 0.72530282679416402 0.77725957154475556
vt 0.7173148073984621 0.78325033578962933
vt 0.81596656582708993 0.23222717862776024
vt 0.8053909638702681 0.2348012448861396
vt 0.80866660710764982 0.2488701179576597
vt 0.78104228792882491 0.6277034145800473
vt 0.79207975465792591 0.6244810278859424
vt 0.77836629103410881 0.63685337391561514
vt 0.53029769753055989 0.61358996851587144
vt 0.55647184450167586 0.6033307866719243
vt 0.52985577989451893 0.61709816147476337
vt 0.46002628555057179 0.36030365856664037
vt 0.44318239230086753 0.36788641992803628
vt 0.43331410501281548 0.36235586461208596
vt 0.18868679684419362 0.2628437415282433
vt 0.18925197854027012 0.27727716969390775
vt 0.17204711143902798 0.26549759633157533
vt 0.88987963944203474 0.17263637987973185
vt 0.88943926212539437 0.15510124904500197
vt 0.88312256629534702 0.16126450980875395
vt 0.59891546111001581 0.5255740770406151
vt 0.59155000030806393 0.51854063208546919
vt 0.61370649367852914 0.51130324884167977
vt 0.2334677903810134 0.73452487307768144
vt 0.25309294210247435 0.71810191061218454
vt 0.26117486321963723 0.71730464129041793
vt 0.45270972988958991 0.27543279124359227
vt 0.46540538896145506 0.2742092000197161
vt 0.48315352671529971 0.28498814339141365
vt 0.12414198433187106 0.082140853352351148
vt 0.13126597118678529 0.090816124756629535
vt 0.13383500252612382 0.1080569968238614
vt 0.82980702878548895 0.28991360348481859
vt 0.84069184986198742 0.28341285874038841
vt 0.83618063941738963 0.26898374346904574
vt 0.72238099492310726 0.51436987073639595
vt 0.71619129842764195 0.51920200672811512
vt 0.71853189077287061 0.50222703229741716
vt 0.42274501090546135 0.67348124507097795
vt 0.39278995742557177 0.68572801656151416
vt 0.42079377279672714 0.66991555969045746
vt 0.40678603115141954 0.34559472502218058
vt 0.41589883028144714 0.33924213975009859
vt 0.4327030988145702 0.34412514479002365
vt 0.12253611471374705 0.20845075059764392
vt 0.12107262837021884 0.19159761543153589
vt 0.13675843247855876 0.20626846457881506
vt 0.81398894974861991 0.73773582290023665
vt 0.82160136225847791 0.74986576116423498
vt 0.80757467468454258 0.75330929921628553
vt 0.89795522599566246 0.7597711701498423
vt 0.88782092554712144 0.77655179478016556
vt 0.88724869688978703 0.75860445521983444
vt 0.8639288772919953 0.90502221140575712
vt 0.86013414641660091 0.90315133946175075
vt 0.86736717825808363 0.88616885597397477
vt 0.63389365018730282 0.75490237455638798
vt 0.64489515045839907 0.74388955293769721
vt 0.64826744873817033 0.75622027183556784
vt 0.75673751109029963 0.8489170014294164
vt 0.76907747190457409 0.84378897008083598
vt 0.76402060331230282 0.86308070041403784
vt 0.74859954160094633 0.22390373542857847
vt 0.74440163212243693 0.2071247473876183
vt 0.73652128105283909 0.21571695706821767
vt 0.85365656422515768 0.61684924585962142
vt 0.87216935503746051 0.60509414432176656
vt 0.86608093454258672 0.62057585610952282
vt 0.69560924253253154 0.75193648955047321
vt 0.6859047682127366 0.73496478829850154
vt 0.69877305858142746 0.74453340644716093
vt 0.34944267393286671 0.40935597705540222
vt 0.3516173738786475 0.41938595937253548
vt 0.32903775476882885 0.41795927703568614
vt 0.17992445888579456 0.34347874975354892
vt 0.19388758903046135 0.34801572204012227
vt 0.17738861180254337 0.3536894500443612
vt 0.90889033850059153 0.095588005378795346
vt 0.92713842542389591 0.099235626124433166
vt 0.92087209803824921 0.090741120828815067
vt 0.56490193556535884 0.47318558076202683
vt 0.54619648930402209 0.48301258749014198
vt 0.56231312074871842 0.46266889602227917
vt 0.38553886533911674 0.622519392621254
vt 0.38598039789530758 0.6163923101094243
vt 0.41280606146490534 0.60094452385646691
vt 0.27592265132097793 0.66654102794755521
vt 0.30580357692971216 0.64478332326991328
vt 0.28744460626355484 0.66367942256506307
vt 0.45858004115733436 0.50126113650926651
vt 0.4625278797811514 0.50225891690901026
vt 0.4388431970253352 0.5214443266955836
vt 0.87949326572358044 0.23052217982920939
vt 0.88613219637223972 0.23913616577533517
vt 0.88537281890772868 0.21965955860607256
vt 0.65661505569794953 0.52468338734720033
vt 0.64313749199033909 0.5336903665344046
vt 0.63707225330244477 0.52947570608241323
vt 0.24790337499383872 0.74665411819794958
vt 0.22053896545987775 0.76705364624408512
vt 0.22367571039530756 0.7586635264688486
vt 0.43251194517695191 0.29743421295839906
vt 0.40779948430106466 0.29049089594218258
vt 0.42822446612529574 0.28828173134981272
vt 0.10721762864747635 0.10656681481972102
vt 0.096727995767202285 0.088320942105555009
vt 0.1059432165103756 0.08905421115622536
vt 0.825571227449724 0.66813233192034704
vt 0.80801936489550474 0.67474099529278386
vt 0.81547990191246056 0.6639411228312303
vt 0.95842947493592268 0.74144406484128544
vt 0.96161585666403782 0.72192852609917191
vt 0.97173098013604098 0.72911742778982647
vt 0.11905517578124999 0.35734046911967665
vt 0.10720930129571668 0.34215573091236201
vt 0.12125808282605481 0.34352942626182964
vt 0.53615021810922714 0.76372517005126184
vt 0.5412148653144716 0.77237105986297316
vt 0.52009323553332021 0.77144263234424293
vt 0.71144788483339905 0.80548161166699528
vt 0.70419875665417986 0.82746851587145109
vt 0.7017229242655757 0.81451643212736591
vt 0.80087328408418768 0.26542327592049486
vt 0.79255378795346998 0.2811726759660883
vt 0.80382361186415618 0.28085629436119874
vt 0.77416345253351737 0.64609752378253149
vt 0.76858734227129333 0.65480849208891956
vt 0.75897051212539435 0.65622111901123814
vt 0.52937754922860802 0.62080975361050872
vt 0.52882981164974374 0.62518660969538642
vt 0.5035655313485804 0.63578654869873819
vt 0.40763166650236593 0.36430868154820584
vt 0.38252511490782731 0.36564583281989355
vt 0.39670394753055993 0.36004823510203077
vt 0.15607169840238072 0.26815018037140181
vt 0.1406960472323541 0.27087596809074332
vt 0.14022543152048009 0.25519076085617115
vt 0.8763420802937697 0.14884059196014884
vt 0.86950829924093065 0.13565694044817134
vt 0.87193869220721609 0.15627902539370564
vt 0.62669866423501575 0.49690014571421531
vt 0.63733145054958595 0.48277083436021295
vt 0.64384072481269716 0.49188159256703468
vt 0.29166974088747044 0.70049074576104098
vt 0.32495298175029574 0.68366229421332803
vt 0.30647378915491919 0.69754134217271291
vt 0.51433452040615146 0.29398202986371252
vt 0.54856068704406546 0.30036542152380719
vt 0.52734328790417984 0.30256497837391561
vt 0.51778649170692037 0.43018151893976736
vt 0.49606502304317823 0.44705706575315457
vt 0.50762411893730286 0.43384035513604102
vt 0.84156205330737377 0.24791113435281939
vt 0.84614750714708198 0.22677067416699526
vt 0.83810727092369874 0.23480374790516562
vt 0.71477381949921137 0.49103249149743688
vt 0.71106619368592272 0.48081127852671529
vt 0.71848675941443219 0.47519916329850159
vt 0.42035790091433362 0.6661659601735016
vt 0.42158337902947557 0.66194964387815458
vt 0.44946797367902208 0.65021318020504737
vt 0.4593629855086751 0.34262452712194402
vt 0.48690840182620271 0.34042518206575317
vt 0.47532427574181785 0.34556900168819005
vt 0.15126509320472692 0.20455757405855679
vt 0.16635505363392153 0.2033893765711258
vt 0.16847212638012618 0.21898898055500787
vt 0.88845792463525242 0.69303937364451895
vt 0.89767950882294956 0.67792914838820983
vt 0.9020389207906151 0.69203747289037854
vt 0.90152876700512619 0.83908822333399058
vt 0.9077644420347003 0.84213674647574921
vt 0.89630592899743688 0.85748133132886439
vt 0.11762241880976439 0.41382871802296922
vt 0.12766925799733833 0.43087319936662066
vt 0.10371793632627661 0.42735133607304809
vt 0.59311665917044554 0.699548378351735
vt 0.57670694345179419 0.69910646071569404
vt 0.59272919182521688 0.685751814496254
vt 0.75908549696865146 0.74935753277799688
vt 0.74962616448146691 0.73588158640575707
vt 0.76257485952287063 0.73411137433458207
vt 0.80017983229002365 0.18441200617360015
vt 0.81070260129140381 0.18313789247338327
vt 0.80593615992212142 0.17398735551804023
vt 0.92380440408123032 0.32811275446076499
vt 0.92806153884069398 0.31035466239279375
vt 0.91473022846017349 0.32155499864451892
vt 0.63571034139639193 0.57257214856072558
vt 0.60951127975897079 0.57224490770406156
vt 0.63851618721658121 0.56678678590792586
vt 0.48619808353460175 0.38894624439323738
vt 0.50952622085715693 0.38040182312204257
vt 0.51120909681831628 0.38739579739254731
vt 0.26314980299314866 0.30155968891709384
vt 0.26429452986371255 0.29018254325216875
vt 0.28399910430426856 0.29831806748447359
vt 0.9269743814077287 0.14820633656595031
vt 0.92442068587342274 0.16201558880249409
vt 0.9369026641364353 0.1549806997979101
vt 0.49684419361198739 0.56542541311366323
vt 0.50266332776764588 0.57054813036031149
vt 0.47486529906841485 0.5831584942453667
vt 0.22529525997510844 0.72334022882985016
vt 0.19872426896441245 0.74083540763012623
vt 0.20417095388899842 0.7311390970031546
vt 0.36185911160538248 0.22309027349911278
vt 0.35825930815013801 0.22684759386706427
vt 0.33245472231121848 0.21252872695682176
vt 0.42113141080934541 0.83983081131703474
vt 0.4154438584384858 0.86098602006111991
vt 0.41890950007393535 0.86296579258675077
vt 0.8614949415910883 0.35397879904376972
vt 0.8465177229150237 0.3673516210321372
vt 0.86066293806683758 0.38845399682078074
vt 0.66960102646884856 0.66683160920248419
vt 0.66978802124408521 0.67793238305895109
vt 0.65802683544459784 0.6748743869528786
vt 0.33012548982156942 0.72981588562204258
vt 0.36072666878203863 0.71916711849369086
vt 0.34650617051951893 0.73148412854889588
vt 0.3384167981072555 0.32622990653341877
vt 0.33304947813978708 0.33383819868888015
vt 0.31552197188609032 0.32908627482994873
vt 0.063603975795420944 0.15177233963734721
vt 0.063589891499901421 0.16844811665146886
vt 0.049803513006457016 0.15599421070953273
vt 0.86957869183753944 0.72601645677247639
vt 0.86475564373028391 0.711811400211948
vt 0.87879657925867505 0.70941173661770507
vt 0.88932558655362781 0.83399361691640383
vt 0.89971365462342268 0.81763088093947156
vt 0.89548447666108044 0.83643271268730279
vt 0.089995269294040808 0.38435347403637621
vt 0.10371665593577484 0.38467578587095819
vt 0.10410111965817231 0.39926881038052048
vt 0.62414924308704656 0.70113521539826495
vt 0.610376015070485 0.71391894223186125
vt 0.60898468306388009 0.70010836146983435
vt 0.77582830675768932 0.77648117113564674
vt 0.76365624075808358 0.77997007159404574
vt 0.76779176730086751 0.7632284940605284
vt 0.77814109633773665 0.18182342240486987
vt 0.78248641438288646 0.19487895785069992
vt 0.78930825796037063 0.18372377221140576
vt 0.91896009956624602 0.37407349788052052
vt 0.93382448984621447 0.34948422404869872
vt 0.92017487246155361 0.35004547793030361
vt 0.46752086362628154 0.049172492282999802
vt 0.48718161597988957 0.041634592724147282
vt 0.48752645498570585 0.043150218879386831
vt 0.43985734331871057 0.40897547965546138
vt 0.43944915867754336 0.4001350475034503
vt 0.46266897303824922 0.39882115505471216
vt 0.25775208097151026 0.32250098580441638
vt 0.2400905861839511 0.31697175901394914
vt 0.26088938427272279 0.31251524916206624
vt 0.93982387987973182 0.12531501457142152
vt 0.92377513801261835 0.13021692703198937
vt 0.93224774189175863 0.13649726169718554
vt 0.48870949730136043 0.55269078396096216
vt 0.51347201855776814 0.54051756272180596
vt 0.49214252267350156 0.55943761398363567
vt 0.28067022377760253 0.68466773770208988
vt 0.27576823430106467 0.69265929983241326
vt 0.25226078454628353 0.70518171147969244
vt 0.36657426033862384 0.581533264737776
vt 0.33897666570139984 0.60196983746549682
vt 0.36267409460025629 0.57952607452681393
vt 0.41862827625936516 0.79337539432176651
vt 0.41564017214609622 0.79345202521194791
vt 0.42301614562795742 0.81738935885745267
vt 0.88325757529081228 0.31407299342591682
vt 0.87295684333103307 0.308743911887569
vt 0.87317333522279184 0.33448185965841876
vt 0.67767291625591486 0.55934419361198739
vt 0.6893731824231073 0.55506241374211351
vt 0.69346149817626179 0.56739713747042586
vt 0.52226805100305596 0.40222356657876579
vt 0.5052913437130323 0.41505796992064276
vt 0.49274382485952289 0.41507568359375002
vt 0.34514745477622238 0.30913047429514984
vt 0.36491421961257886 0.31480699412830243
vt 0.34256653409651028 0.31782779152084978
vt 0.064282289137975651 0.11603808478226045
vt 0.076479187974418369 0.12960259952003647
vt 0.063922046938153093 0.13460555693328569
vt 0.875971710493888 0.75817093232452681
vt 0.86429139146293377 0.75857079924093063
vt 0.87324164838820983 0.74158053714018135
vt 0.87067863392153 0.86715861901123814
vt 0.87349541600946368 0.84814884414432179
vt 0.87959069092567033 0.85051030781742898
vt 0.065204165485755125 0.38383226845918772
vt 0.065892149146046922 0.3701596618074724
vt 0.07708566467092616 0.38405842585518535
vt 0.77172828457708986 0.87711886336750788
vt 0.77929933951104102 0.89035367273757882
vt 0.76621240080343056 0.89616298735705835
vt 0.80149464893040223 0.76961843207807568
vt 0.79597214178332021 0.78618718577484226
vt 0.78846439397673507 0.77294737036671923
vt 0.036134121771490536 0.16066093565161671
vt 0.022271685194141858 0.16551636897427049
vt 0.02199640123626035 0.14942745365178922
vt 0.35362776025236592 0.15867507886435331
vt 0.38660122362973187 0.13974763406940063
vt 0.39841836153144716 0.15867507886435331
vt 0.42954093860902998 0.46724815007639986
vt 0.41293375394321769 0.46187948232945586
vt 0.42391315063091484 0.48335831217961356
vt 0.431477120095623 0.43024455651123816
vt 0.41288850706082414 0.43075274638949135
vt 0.43719667260203077 0.41905590743296528
vt 0.29298186196889786 0.33225424974122636
vt 0.27084781875369679 0.33592356010942431
vt 0.2754414362862283 0.32758180636336753
vt 0.97756909872831232 0.10365624653428135
vt 0.96896009956624607 0.10145660304120663
vt 0.95683894112283119 0.11635636290541207
vt 0.43849435318907731 0.57950373989550474
vt 0.46274772186760649 0.55824155596904579
vt 0.46367976913692821 0.56572373447358049
vt 0.30204694970549095 0.6580942244183754
vt 0.31981649789900435 0.64931178529179812
vt 0.28939855918523266 0.67309678134858042
vt 0.41867618019272479 0.54143282050966091
vt 0.39823683489008282 0.56146105456427442
vt 0.39305546998225555 0.56136902048008674
vt 0.94652657975157728 0.081530087829012221
vt 0.97242720450512621 0.069286026337921428
vt 0.94622706464412465 0.075122744202237773
vt 0.9074982748422713 0.31099104535316441
vt 0.90187526185429812 0.29804244658172319
vt 0.894997504682571 0.31456554906225354
vt 0.63844329160094637 0.56142400988268926
vt 0.63656098278539042 0.55674344131999209
vt 0.66317496796135644 0.5606316695830047
vt 0.53798481553134858 0.38453958312795744
vt 0.5656925430057177 0.38170339301557571
vt 0.53356775711011439 0.39157037103213721
vt 0.30448225243986593 0.29544806736124801
vt 0.32474969809739745 0.29269482344859032
vt 0.32516038575759071 0.30309323091236201
vt 0.043374667483549387 0.09749550804354791
vt 0.056474684465570781 0.090045156388628741
vt 0.053501078608660289 0.10522641925029574
vt 0.76694767226932181 0.72196726513209775
vt 0.77210188904771293 0.71103669656940061
vt 0.78168159749605681 0.71983061107551261
vt 0.91511715669361193 0.69206851032630123
vt 0.92760860792093847 0.69287386632492109
vt 0.91744296197259467 0.70846120551557568
vt 0.89065565235607258 0.8753089880717666
vt 0.88479627735607258 0.89264451276616719
vt 0.87981850416502361 0.89118852585272079
vt 0.62025785716926263 0.79569773388209775
vt 0.60414407531545744 0.78919481343651421
vt 0.61576054810725556 0.78399099837342268
vt 0.71605682854396691 0.90336559789037851
vt 0.70969107354100947 0.88970404303036277
vt 0.72396213278785493 0.88211935626971605
vt 0.73831274953174286 0.27622957921554614
vt 0.75035858635646691 0.28325796037066248
vt 0.74747980641265777 0.26693521493616917
vt 0.80507496734522865 0.66138480875394323
vt 0.79447756986888807 0.66047586627563093
vt 0.81193316246056779 0.65096423994479491
vt 0.56129077225453472 0.0208268102411216
vt 0.57572410415023656 0.030802108812783419
vt 0.5495319354421333 0.021936092918227523
vt 0.29418229063978707 0.38841491121598976
vt 0.31091791868961949 0.38263659552444795
vt 0.31692424016043969 0.39004495422170743
vt 0.12296589270751183 0.33202782278933357
vt 0.12421443710567823 0.32017982073762813
vt 0.1376805350607502 0.33121857748422712
vt 0.86577233155067035 0.054743163292340302
vt 0.859946150433754 0.070767414080983831
vt 0.8722613891216483 0.072101012991053828
vt 0.94841069844242898 0.16201984393483831
vt 0.95822699995070981 0.16926315740832018
vt 0.96274814545544163 0.15425820335604792
vt 0.45212960709532729 0.60081105518040223
vt 0.42909424598284701 0.61776827743000784
vt 0.42225468873225552 0.6151837369997043
vt 0.18481501149078272 0.73576706365832023
vt 0.16809012716876973 0.73660615265181384
vt 0.20003893157285094 0.72190711565950316
vt 0.30404792087687305 0.20241431588254141
vt 0.27672646700019715 0.19258295775211948
vt 0.2773722651629042 0.18773229941960765
vt 0.86851887507393533 0.1652131571002563
vt 0.86531662805599374 0.17510662861050869
vt 0.86941310750197165 0.1867882954209385
vt 0.65980059025039428 0.48759796431388014
vt 0.67469101192823344 0.48379780381259857
vt 0.66812332105185335 0.49634713254140378
vt 0.32551242575660488 0.6926283394124606
vt 0.34759733278292587 0.6857944813436514
vt 0.31365102292611396 0.70391179514984226
vt 0.53283086830885251 0.30817085530855676
vt 0.53385571982206226 0.31339473303184151
vt 0.50667077675226735 0.30899494544188683
vt 0.16749333041699527 0.15073911263739648
vt 0.17257965761780364 0.16282196526271689
vt 0.15261654056585172 0.14606428176446667
vt 0.87756270640279965 0.62617934554909305
vt 0.88684490215891165 0.63314821261336751
vt 0.869365357600552 0.64018581643089512
vt 0.96586459668276814 0.79592138825906944
vt 0.95214058187105677 0.80678433680007888
vt 0.95754648683951105 0.78756962243690853
vt 0.17485804031323934 0.36464127501478705
vt 0.1727402359153194 0.37649226143533121
vt 0.15896047116830145 0.3739245104864945
vt 0.4868215278120071 0.74290852351143533
vt 0.50616501287707016 0.73301035402701109
vt 0.50804682108882093 0.74366451227326502
vt 0.70394244750591484 0.73895205909897477
vt 0.71070383354692424 0.73403027651813879
vt 0.71427121327878551 0.74997666416108044
vt 0.83492381580244479 0.22230035920248423
vt 0.83184980037460565 0.21052373170100552
vt 0.82591864649053626 0.22811966664407532
vt 0.98191356959779175 0.26144923261287462
vt 0.96926246426458995 0.26846527195879338
vt 0.97729253437992902 0.26966924336430403
vt 0.47805087212884462 0.63478688140772865
vt 0.50587373847841088 0.61996076806486589
vt 0.50427192182570979 0.62408243173304412
vt 0.49041386071815851 0.34852868690851735
vt 0.50445945571273665 0.35164983611001577
vt 0.47572021484374999 0.35406725188535093
vt 0.18641863801877959 0.23282649765255323
vt 0.20519551659232058 0.24577130338747041
vt 0.18781674743074725 0.2478737816073541
vt 0.89137721497929812 0.2095268369849172
vt 0.89759109448935326 0.2003435297343257
vt 0.89046403662263407 0.19100004852006111
vt 0.61528582166798107 0.53652605604298109
vt 0.59030650045593458 0.54469406176064672
vt 0.60738764140132095 0.53158917833201891
vt 0.20511690254091089 0.76615109609128551
vt 0.19066173661770505 0.76970391980481068
vt 0.21752825715940458 0.75061705195189277
vt 0.42032139534453866 0.27849974045618098
vt 0.40870141832610413 0.26797394857797713
vt 0.43697009161819794 0.27671947780091682
vt 0.10901747261312106 0.073970094313756896
vt 0.11521365770406151 0.059963065066172119
vt 0.11748911379263605 0.077415331530646198
vt 0.80702524275433751 0.29673076834212342
vt 0.81036842899743688 0.31300091186908519
vt 0.81843469661869084 0.29431175448541008
vt 0.74280740154278391 0.66396653810134065
vt 0.72522273018533123 0.66986973518828863
vt 0.73431030658517349 0.66328502378253151
vt 0.47860742803627759 0.65086874014195584
vt 0.454523956587638 0.66587206723186121
vt 0.45139090841876972 0.66188448836750791
vt 0.38471756703470034 0.35636063344095031
vt 0.37175054219242903 0.35271669983487774
vt 0.39641382837145112 0.35134492988466087
vt 0.12477785706144026 0.24151409161203669
vt 0.10956753992507887 0.22766534943685923
vt 0.12375562409121155 0.22506324936538841
vt 0.79696718811612777 0.71714498718454256
vt 0.81245379041798105 0.7133340059394716
vt 0.80575987036671926 0.7271783967123423
vt 0.9186045938485804 0.72614299401123816
vt 0.9183184795199133 0.74460711073048103
vt 0.9082410938732256 0.74283743777109623
vt 0.061128798042562105 0.31979581911105087
vt 0.07417616016857255 0.33481275877365929
vt 0.058648503541194302 0.32254950586553627
vt 0.61131264479002367 0.77322147020406151
vt 0.60709243918819011 0.76329141610804419
vt 0.62267635116817821 0.76483666453075705
vt 0.73087647254534704 0.8611412072407334
vt 0.73719732723777598 0.84056223198442426
vt 0.74389586824723974 0.8547184604199527
vt 0.75623197826301258 0.25725944831920344
vt 0.76436317034700318 0.24642593913273855
vt 0.75248430414530754 0.24089988925103509
vt 0.8182339930007887 0.63982788471017349
vt 0.82374356146490535 0.62811390970031544
vt 0.83569674807768135 0.62851728084335567
vt 0.53858211288692825 0.020495562147266857
vt 0.52807440050768928 0.022356388320682177
vt 0.51204240961405756 0.014718368000788644
vt 0.34050323775138014 0.39116345715447554
vt 0.36454666089560334 0.39206562222742508
vt 0.34558690790122237 0.39992556406496449
vt 0.15261341179206919 0.32810486032383673
vt 0.16819248139294163 0.32478859116226338
vt 0.16623816264540614 0.33661966895455442
vt 0.87837830552543372 0.086564236710124212
vt 0.88501230715201107 0.099319361737849957
vt 0.89314827422614351 0.091014720062352131
vt 0.59934397796727135 0.45923148073984621
vt 0.58721554151468847 0.4757011533911672
vt 0.58244432515526423 0.46555014047712934
vt 0.39129831211800081 0.63082229181042981
vt 0.35961798538544953 0.64757630742310723
vt 0.3871669829455836 0.627255874778194
vt 0.22076412164826498 0.70489767658221614
vt 0.2432651074526814 0.68589159848186121
vt 0.2482527001799093 0.6865959095277997
vt 0.45138817435183359 0.49879697204012224
vt 0.47506931437302841 0.47890929213081623
vt 0.45504057971460959 0.49997547041354495
vt 0.8692854150236593 0.20882554881580245
vt 0.86814604076301261 0.23097079785464314
vt 0.87399648191048895 0.22029438199305007
vt 0.6756942219538643 0.50526750727030756
vt 0.68163885363268928 0.51407101026468849
vt 0.66718688387223979 0.51564991466630516
vt 0.30619581926508282 0.71255622165812305
vt 0.30308803233438486 0.71791930574723972
vt 0.27632921862677445 0.7289825728263013
vt 0.48129944425276028 0.31057013382294951
vt 0.45596403970327287 0.31257324218749999
vt 0.45671402121944005 0.30416708383650432
vt 0.13898920005052248 0.14286750288039729
vt 0.12638393847348187 0.14121065831710863
vt 0.12153855573491719 0.12511593791588624
vt 0.8524652041847397 0.75963130914826493
vt 0.84458862689767356 0.77645013369972393
vt 0.84035313362578867 0.76131657260449526
vt 0.87570800781250002 0.8294490585567823
vt 0.86817561489550477 0.82727974972890383
vt 0.87727227917981077 0.81119442527602525
vt 0.84103226044952684 0.92811267744479498
vt 0.84329945657531546 0.91067533763801267
vt 0.84875110902996842 0.91553034737283123
vt 0.78730846128253151 0.90302249174388804
vt 0.79968777725749207 0.8970498262519716
vt 0.79589566492507891 0.9153818605826104
vt 0.7907999032679417 0.8033977905658517
vt 0.79807999186711354 0.81727337280658519
vt 0.78593195485015777 0.82114535069992112
vt 0.75460393767251577 0.17351016456772475
vt 0.74236016980481068 0.16706997362973186
vt 0.74734233290615137 0.18235490961405756
vt 0.38440788581920349 0.91064006432373812
vt 0.36551113188830836 0.91345499802839114
vt 0.37735988484572158 0.9314469298353707
vt 0.43236807934493299 0.072269398782531552
vt 0.4281206100897082 0.057436589863774153
vt 0.44338479027011041 0.053598080222915026
vt 0.40342366793178236 0.73734981885843853
vt 0.42759794120908912 0.72830721978509461
vt 0.42358648739402605 0.73937734128548893
vt 0.24893248163939274 0.34052907660932569
vt 0.2440800711935627 0.34750117834434147
vt 0.22763138539407532 0.34545451744873817
vt 0.96302832955441642 0.099614631339954657
vt 0.97863138000295746 0.082926541397624218
vt 0.95815252550768926 0.097932140458645511
vt 0.4853932666477721 0.53711657599319795
vt 0.48533966353263014 0.52865818156052835
vt 0.50654019617507884 0.5159709172293967
vt 0.34076848075216876 0.63745040171529965
vt 0.3712702706033123 0.61256792808556781
vt 0.36409677210666402 0.62361602301853314
vt 0.37759412891857258 0.58158910131604891
vt 0.38518020196667979 0.5794660405781743
vt 0.35684098204603709 0.60180949021589114
vt 0.51163822980333207 0.46559800590250394
vt 0.49431310226488567 0.48344345333448346
vt 0.48989211602917981 0.48374951479938882
vt 0.89807205922220035 0.28171552303085567
vt 0.90462134328174293 0.26750440146268728
vt 0.89563712231368298 0.26386497329086162
vt 0.63380150057916007 0.55160978780559933
vt 0.61059574163298502 0.55712432379978316
vt 0.63059120539235014 0.54629021773955044
vt 0.19853307681880916 0.46845425867507884
vt 0.22630915596658124 0.50635608949871846
vt 0.19792977221756702 0.47827733758872237
vt 0.34456744750591484 0.28959520021071572
vt 0.34108432324526816 0.27872308676927249
vt 0.36394008311563486 0.2862944112591187
vt 0.068526249353065852 0.084378658258576503
vt 0.072794310753277802 0.072155318876922322
vt 0.079556900168819 0.079349573177494082
vt 0.77776602856368293 0.70071501626577282
vt 0.76790505779278395 0.69542448122042588
vt 0.78396127020899053 0.69067028539037856
vt 0.9397208325118297 0.69456960395307576
vt 0.95044184062007098 0.68052358537066249
vt 0.95172731417586753 0.69775467640970035
vt 0.066010758553393625 0.3112046491460469
vt 0.068244924455034994 0.30346729747880519
vt 0.080789107554342474 0.32014337292981071
vt 0.58694606263554816 0.78443545753647481
vt 0.57320772285341093 0.78785196298304416
vt 0.56749094292192426 0.78157754892054421
vt 0.70424180858142749 0.87598811489550477
vt 0.6907088703913643 0.88474036376182963
vt 0.69964002735607256 0.86243445940950314
vt 0.76215797207708991 0.28862888083472987
vt 0.7640559536425473 0.30425307216704456
vt 0.77338212551754737 0.29250135933187105
vt 0.78358851291403786 0.66070306338722395
vt 0.76606822690753151 0.66886305944400626
vt 0.77261081057768144 0.66148754805796528
vt 0.66599128795347007 0.8546541520849763
vt 0.65255215521490539 0.87967263591778388
vt 0.6507334230826104 0.87243498311809942
vt 0.32739646743148659 0.3769941360040418
vt 0.31984707323910688 0.37173517750640772
vt 0.34310880354150236 0.37170414007048502
vt 0.125212410045347 0.30457066677346212
vt 0.11162301914925078 0.29094860185208005
vt 0.12575374567170247 0.28924498934098974
vt 0.85880092295938482 0.087061403677666599
vt 0.85680567022377763 0.094816497899004343
vt 0.86035425805895105 0.10399797602030757
vt 0.96806540504238958 0.17654530618469047
vt 0.96405718589806777 0.19161265279968454
vt 0.97709183076202677 0.18407835373743101
vt 0.40569086405757099 0.6345615326794164
vt 0.41619861494479493 0.63439902898264988
vt 0.38232853164432179 0.65109193242310726
vt 0.14261442840287361 0.48031933901813878
vt 0.11699513336085371 0.5188199690087737
vt 0.14057551723925474 0.47810039339757493
vt 0.2507189825882295 0.1829863057903687
vt 0.25112121774571178 0.18931455401592073
vt 0.22639098543473976 0.17380721516413644
vt 0.86137679909305997 0.18554094477030758
vt 0.85801212539432181 0.17522024642029771
vt 0.85625015403194005 0.19592025227351142
vt 0.68775923575512621 0.4801987705170544
vt 0.69296397500985807 0.46702661363860409
vt 0.69852599134956628 0.47612793738909698
vt 0.37228703543966879 0.67711485853706621
vt 0.40583858068809148 0.65960835838919563
vt 0.39820032932028787 0.66735085087243695
vt 0.53138635677494084 0.32069615505471216
vt 0.55565162442083993 0.32429518835025634
vt 0.52567585364501179 0.33008155221066643
vt 0.1760165915504239 0.1750048712601045
vt 0.19558850598260055 0.1900271057706526
vt 0.17909636392202288 0.18837309154426263
vt 0.89467811945485021 0.64196966032876579
vt 0.90980990918276816 0.63804662084729891
vt 0.90106074095524447 0.65224116472791793
vt 0.93911217530067037 0.81883440950315456
vt 0.93349647882985021 0.83684174450414039
vt 0.92655125566837537 0.831831162509858
vt 0.58270641050128158 0.88494938510449528
vt 0.56704509747141163 0.88947907938190063
vt 0.58880515113613963 0.89385135301656149
vt 0.52471380865536277 0.72249936846904572
vt 0.52473021305697953 0.71058114710666409
vt 0.54256988429120667 0.71092841211553626
vt 0.71908093762322556 0.73076626269223188
vt 0.71856924351833595 0.72063920174487384
vt 0.72894822370366719 0.72841203852030756
vt 0.82847449847200316 0.19948834440309543
vt 0.83283159996056777 0.18390535661474763
vt 0.82457217628647472 0.18932816658862381
vt 0.95702585888209779 0.27647591479569206
vt 0.9493621537361987 0.27380113090250396
vt 0.94498733857452677 0.28567179490339117
vt 0.53284180457659702 0.60573638049585965
vt 0.53523372806585179 0.6013759288125986
vt 0.55903890230678233 0.59198953044903391
vt 0.5170867246032137 0.35624272199083201
vt 0.54760522691985414 0.35587889854840299
vt 0.52699217209680604 0.36399091365585567
vt 0.22450775242754337 0.25794710466162263
vt 0.24235655005421924 0.25597158726833596
vt 0.2441911667303332 0.26894032571594045
vt 0.90461086910981858 0.19188490425374605
vt 0.91369790639787063 0.19970826350552051
vt 0.9124405436711357 0.18426842915146885
vt 0.56385659780412067 0.55368856436070579
vt 0.54464985459384863 0.56753630532827282
vt 0.53695472693217661 0.5636704116965694
vt 0.18113212705786672 0.768708488392153
vt 0.15353164432176655 0.78432386139589905
vt 0.17511536992310725 0.76405541453075709
vt 0.39357694511533914 0.25672784558606071
vt 0.36521385024398662 0.24762858201276616
vt 0.37496927062795743 0.24431525871204654
vt 0.1240502968195485 0.045520640472508381
vt 0.12283371404894519 0.029544676290325561
vt 0.13668822279487874 0.028141397181369529
vt 0.81469218257097786 0.3299381869824527
vt 0.8054166101882887 0.34754550103509463
vt 0.82045536462440849 0.34859553677050475
vt 0.70715925054219242 0.67524213820977919
vt 0.69803901937105683 0.68019734572160884
vt 0.68973623570583598 0.67993449021589114
vt 0.43133556474270507 0.68069664025532339
vt 0.4379689502415221 0.68451024004337535
vt 0.40969207474861985 0.695048951350552
vt 0.35769997966778388 0.3489138052666601
vt 0.33416536252957413 0.3506369990881309
vt 0.3425989193119085 0.34496030596904576
vt 0.094421251940802448 0.21376697046899645
vt 0.081126023542241715 0.21686339754411474
vt 0.079407686540381009 0.19977994611962738
vt 0.82811537300374605 0.7086443494923107
vt 0.83606111063190058 0.69454495884266565
vt 0.84382193291600949 0.70359487443316249
vt 0.91660225564373032 0.76331860274546526
vt 0.92501455601833593 0.76595362714412463
vt 0.91382975773856467 0.78212366916403786
vt 0.086912416283640576 0.35074143274349368
vt 0.10180164421394421 0.36536318420987773
vt 0.099955032300497834 0.36738435281940063
vt 0.60306993358142746 0.75244217640970035
vt 0.58561399441788253 0.74915759931979498
vt 0.59927015815999607 0.73910855555007882
vt 0.74284282888899844 0.82055556240141958
vt 0.73639035390378549 0.80655228768237386
vt 0.74767750640772868 0.80173062586257882
vt 0.77237822234818609 0.23436298550867507
vt 0.78359151653686909 0.23626181424980283
vt 0.77988358265970037 0.22161137433458203
vt 0.82811568106762623 0.61585057977622237
vt 0.81568129867409311 0.61806078408418774
vt 0.83094771231762621 0.60321006413889988
vt 0.51913346251478709 0.025371676664623175
vt 0.54157830367705051 0.032887694060990486
vt 0.51324239544311911 0.032718485161333057
vt 0.38873622184296136 0.39263176662312699
vt 0.40733045704357257 0.38451070213919558
vt 0.41271137032975158 0.39250580700414039
vt 0.18532125671579258 0.31974608604840299
vt 0.18757757433581426 0.30548155390501774
vt 0.20355825333941246 0.31478666191221411
vt 0.89283859301064672 0.11168274503401025
vt 0.88939759648560723 0.12384636815790122
vt 0.90058046936612779 0.12279934567231861
vt 0.57327102998077684 0.49277401511977525
vt 0.57854596929219237 0.50207404007294953
vt 0.55676877957413251 0.51085590157975158
vt 0.32931489673698738 0.66450564989156147
vt 0.30253109134710171 0.68355169928036275
vt 0.30103326550793574 0.68126247658714512
vt 0.26607666015624998 0.66564471608832809
vt 0.26422128767621256 0.66289054798403002
vt 0.28897196772722794 0.64425699613071763
vt 0.49836537454406543 0.4589687792660686
vt 0.52097006235212939 0.4416347948910686
vt 0.52147513308359617 0.44366089252267349
vt 0.8667888653391167 0.25322487045913838
vt 0.85922666724171926 0.26447667263283714
vt 0.86553134858044167 0.27580543301458993
vt 0.68712462416206621 0.52381314539382884
vt 0.69875095499802842 0.52369819905855675
vt 0.69241639146293377 0.5348028622215103
vt 0.30275884682447751 0.72144417266364358
vt 0.33191476334532727 0.7102154752809543
vt 0.30445100321002561 0.72422198467074128
vt 0.43168514023067822 0.3150750097040122
vt 0.42825819912016955 0.32370798008675078
vt 0.40773844914481466 0.31754054120662462
vt 0.11435627741768534 0.14096623850921727
vt 0.11709860431659108 0.15801072947986494
vt 0.10222169894149251 0.14199133069733341
vt 0.83461274829948739 0.8225331784798896
vt 0.83700709779179816 0.83568966260843847
vt 0.82936102930303623 0.83643802678923507
vt 0.84445176951892742 0.83733364550473188
vt 0.83777255951794161 0.84936199970425863
vt 0.83700709779179816 0.83568966260843847
vt 0.83728404722003158 0.86499762790812307
vt 0.83085336775433749 0.85855616620662456
vt 0.83777255951794161 0.84936199970425863
vt 0.82285287177149058 0.86579173957511835
vt 0.82552925374605679 0.850361204899448
vt 0.83085336775433749 0.85855616620662456
vt 0.82074132492113561 0.83966830762026812
vt 0.82936102930303623 0.83643802678923507
vt 0.82552925374605679 0.850361204899448
vt 0.94651471929219244 0.87011610927641958
vt 0.93981225046825712 0.88322068464116721
vt 0.93546801064668772 0.877329039949724
vt 0.9494987800670347 0.59354533005964116
vt 0.96375073935331235 0.59619772155954254
vt 0.95535214782137223 0.606997054909306
vt 0.68974948245268142 0.69473565038446372
vt 0.69834253930895107 0.69053804896983439
vt 0.70328388394617503 0.69436743703174286
vt 0.47920426329603705 0.69688832376281551
vt 0.48720887963328074 0.68595043868296535
vt 0.49810471399349371 0.68740465422910091
vt 0.25178232283246255 0.35828506999211357
vt 0.264980491854791 0.35938820823886042
vt 0.24921068257713919 0.36117108943710569
vt 0.48702608222841087 0.50137870138751972
vt 0.470268600897082 0.51908224689471605
vt 0.46892120650138014 0.51653409651025239
vt 0.46885250825611197 0.52520594070386439
vt 0.4525918184394716 0.53656294669262616
vt 0.470268600897082 0.51908224689471605
vt 0.43196778884069403 0.55554472625443607
vt 0.43973592764195585 0.54469787405116321
vt 0.4525918184394716 0.53656294669262616
vt 0.4294374676532926 0.55020628727572951
vt 0.45041469249063487 0.53220861777898265
vt 0.43973592764195585 0.54469787405116321
vt 0.46461289462983046 0.51709923969834382
vt 0.46892120650138014 0.51653409651025239
vt 0.45041469249063487 0.53220861777898265
vt 0.92606651715299682 0.24590336652208203
vt 0.9345930322111593 0.24645264442034701
vt 0.93165957092862772 0.23755379565506704
vt 0.54221095136287456 0.58692630803923507
vt 0.52130920217616328 0.59776692194893533
vt 0.51967553941985412 0.59560716310134065
vt 0.6821710339856073 0.36426732397229888
vt 0.65785031484128553 0.34944502291995266
vt 0.68313565901025242 0.34335987560380521
vt 0.3057224020972989 0.24897281875369676
vt 0.28609830934542585 0.2408818290060627
vt 0.29690016496820781 0.23873907143385253
vt 0.83865138875197165 0.12845597613121057
vt 0.84343477363466091 0.13309620757960372
vt 0.84401339461750791 0.11953988541563978
vt 0.73218166218947156 0.69165809222200314
vt 0.71762703014097007 0.69371488071766563
vt 0.72189679551951891 0.68899772956920347
vt 0.73819291268237386 0.34650428362825314
vt 0.74096656582708986 0.35926378893927446
vt 0.74965766401320977 0.35164621635942428
vt 0.060909836826264295 0.26899400584705246
vt 0.051171826865018727 0.25590791431511239
vt 0.062530373173181192 0.25989809246845424
vt 0.25225308294928034 0.36594646465891167
vt 0.24937153043055008 0.36338995804169955
vt 0.2651198137445781 0.36374365388406937
vt 0.65197869430205047 0.92608623324132489
vt 0.64109156274645107 0.94479495268138802
vt 0.63795377809542586 0.93673746488071763
vt 0.75889203285193219 0.3441279173649448
vt 0.74965766401320977 0.35164621635942428
vt 0.75998912534503149 0.3577722206476735
vt 0.72590077878548898 0.68454512827779967
vt 0.72189679551951891 0.68899772956920347
vt 0.71037435922712933 0.68742244491817828
vt 0.51274117551015375 0.66300499371549682
vt 0.51483600989501188 0.66962158973284702
vt 0.49816320762273264 0.67505398819499207
vt 0.28294308057718848 0.36378354815654573
vt 0.2651198137445781 0.36374365388406937
vt 0.27500277257492112 0.36117470918769717
vt 0.073580441640378552 0.26168060784084185
vt 0.062530373173181192 0.25989809246845424
vt 0.06218893249704259 0.24982825438682965
vt 0.85278905633872237 0.11359096972348186
vt 0.84883790602819398 0.11408615352979594
vt 0.85113051742409307 0.1260088129374507
vt 0.94778956464412456 0.22424817010055206
vt 0.93889013825906942 0.23033847748669165
vt 0.94622983721904574 0.23465612754460766
vt 0.47150686366324923 0.6165474972890379
vt 0.49689128887766165 0.60507827903194011
vt 0.48433179404081228 0.61362081341186914
vt 0.67677028908714509 0.30420514897969242
vt 0.68177755939471607 0.32528700001232258
vt 0.65564396133182179 0.32305457659700315
vt 0.26915200410957218 0.21678713247979101
vt 0.28501249969193609 0.22834428372067231
vt 0.26757550645701894 0.22374011500024646
vt 0.85167340299684546 0.14161917990314471
vt 0.85113051742409307 0.1260088129374507
vt 0.84766895763505523 0.13748031279266068
vt 0.95350230123718449 0.23946781579628351
vt 0.94622983721904574 0.23465612754460766
vt 0.94362353977720825 0.24393699477523659
vt 0.47516250369676655 0.62096259180303626
vt 0.48433179404081228 0.61362081341186914
vt 0.49977958029376973 0.60870526912460565
vt 0.6262709945534306 0.32679000517547319
vt 0.65564396133182179 0.32305457659700315
vt 0.64091196150433749 0.33754474627858833
vt 0.25124565629929024 0.22085652155831034
vt 0.26757550645701894 0.22374011500024646
vt 0.26863705607994876 0.23182723469538644
vt 0.73187074871845426 0.3680995616250986
vt 0.74556919422811518 0.37121042919459779
vt 0.74096656582708986 0.35926378893927446
vt 0.92942641586159302 0.87313975625985807
vt 0.93546801064668772 0.877329039949724
vt 0.92526347163347789 0.88592194277405367
vt 0.5640445937869677 0.8006654179810726
vt 0.54936812247387623 0.80240212810528388
vt 0.54924096910735409 0.80023135597397477
vt 0.511916604027011 0.68718993370465298
vt 0.49810471399349371 0.68740465422910091
vt 0.51450241522082019 0.6774716735262224
vt 0.71276408776123812 0.69923238182669556
vt 0.70328388394617503 0.69436743703174286
vt 0.71762703014097007 0.69371488071766563
vt 0.84315150889688484 0.1468474282827287
vt 0.84766895763505523 0.13748031279266068
vt 0.84343477363466091 0.13309620757960372
vt 0.93993555303627763 0.25305158452656745
vt 0.94362353977720825 0.24393699477523659
vt 0.9345930322111593 0.24645264442034701
vt 0.51904269919410484 0.60158290923205837
vt 0.49977958029376973 0.60870526912460565
vt 0.52130920217616328 0.59776692194893533
vt 0.62837041138850547 0.35048839677395505
vt 0.64091196150433749 0.33754474627858833
vt 0.65785031484128553 0.34944502291995266
vt 0.27224854670864551 0.24169559899940851
vt 0.26863705607994876 0.23182723469538644
vt 0.28609830934542585 0.2408818290060627
vt 0.93090797207708986 0.22627230382492114
vt 0.93165957092862772 0.23755379565506704
vt 0.93889013825906942 0.23033847748669165
vt 0.51368777879781147 0.59475813904771291
vt 0.51967553941985412 0.59560716310134065
vt 0.49689128887766165 0.60507827903194011
vt 0.69831612283123023 0.33357792321815849
vt 0.68313565901025242 0.34335987560380521
vt 0.68177755939471607 0.32528700001232258
vt 0.30530857603632688 0.23497302900729494
vt 0.29690016496820781 0.23873907143385253
vt 0.28501249969193609 0.22834428372067231
vt 0.84494821446175084 0.10556800433137815
vt 0.84401339461750791 0.11953988541563978
vt 0.84883790602819398 0.11408615352979594
vt 0.77040137642941642 0.36512154660390378
vt 0.75998912534503149 0.3577722206476735
vt 0.75871782272772081 0.37055729526074527
vt 0.69820776136139595 0.68714911524053623
vt 0.71037435922712933 0.68742244491817828
vt 0.69834253930895107 0.69053804896983439
vt 0.47862579634513014 0.68262411893730279
vt 0.49816320762273264 0.67505398819499207
vt 0.48720887963328074 0.68595043868296535
vt 0.28285844002612381 0.35801158628253155
vt 0.27500277257492112 0.36117470918769717
vt 0.264980491854791 0.35938820823886042
vt 0.059832903263320684 0.23754877036302247
vt 0.06218893249704259 0.24982825438682965
vt 0.05047571320639048 0.23988963226414628
vt 0.84329768520800474 0.66100843170839907
vt 0.83322268705638802 0.65615835099566244
vt 0.85119613503055991 0.64810979704751581
vt 0.95432044188682963 0.76114790763012619
vt 0.96771259488367511 0.74867147451695581
vt 0.96277741152405361 0.76796428307373821
vt 0.13072058259500691 0.3721355065186317
vt 0.13357089551089313 0.35606250462095818
vt 0.14575855724443021 0.36813618271884857
vt 0.53184063547417193 0.75431412657728703
vt 0.51515859128548891 0.76302432472397475
vt 0.51113785704603709 0.75371602055402209
vt 0.7173148073984621 0.78325033578962933
vt 0.70951439890575707 0.79113638604100944
vt 0.71447207092862774 0.7695712983044164
vt 0.80866660710764982 0.2488701179576597
vt 0.81179322444302049 0.26346235305352916
vt 0.81916742655757102 0.24581757073146687
vt 0.77836629103410881 0.63685337391561514
vt 0.76439651826202681 0.64785387297910091
vt 0.76843870144913251 0.63914213451301261
vt 0.52985577989451893 0.61709816147476337
vt 0.503281149879239 0.63170809098974767
vt 0.50347869584236993 0.62791289801853312
vt 0.43331410501281548 0.36235586461208596
vt 0.4221381250616128 0.35841445682176654
vt 0.4483369556511238 0.35618010800719635
vt 0.17204711143902798 0.26549759633157533
vt 0.15540762820078372 0.25268290907802643
vt 0.17133723598925474 0.25022817906521094
vt 0.88312256629534702 0.16126450980875395
vt 0.87778743900335177 0.16864094538643534
vt 0.88397289962046532 0.18034490832018926
vt 0.61370649367852914 0.51130324884167977
vt 0.63391040116078468 0.50520820497338326
vt 0.62277192798698733 0.51862061317034702
vt 0.26117486321963723 0.71730464129041793
vt 0.27452920137519715 0.71504237418671135
vt 0.24475598260055206 0.73257251823738168
vt 0.48315352671529971 0.28498814339141365
vt 0.49633196039530758 0.29448711984917192
vt 0.46605794527553235 0.28563467320583596
vt 0.13383500252612382 0.1080569968238614
vt 0.13993479250357355 0.12136060070916305
vt 0.1246427999309937 0.099883445956353512
vt 0.83618063941738963 0.26898374346904574
vt 0.83241124679613565 0.25484590259636236
vt 0.82585772685824133 0.27470674244011239
vt 0.71853189077287061 0.50222703229741716
vt 0.72172497289037851 0.48536850601340692
vt 0.72471049696865142 0.49637955626478708
vt 0.42079377279672714 0.66991555969045746
vt 0.44884021650729494 0.65423841987874609
vt 0.44949654660390381 0.65805733376873032
vt 0.4327030988145702 0.34412514479002365
vt 0.44811846134414435 0.34765983124260647
vt 0.42181904789777208 0.34963586849369083
vt 0.13675843247855876 0.20626846457881506
vt 0.15299690318784503 0.22075378225428824
vt 0.13819304746032138 0.2227736801003056
vt 0.80757467468454258 0.75330929921628553
vt 0.79376417093848584 0.75689847446766556
vt 0.79957810651616723 0.74154495576202684
vt 0.88724869688978703 0.75860445521983444
vt 0.88547902393040223 0.74110334618986595
vt 0.89716981713328081 0.74161665763012619
vt 0.86736717825808363 0.88616885597397477
vt 0.87581067010055202 0.86938153095425863
vt 0.87156878450315456 0.88802093602129339
vt 0.64826744873817033 0.75622027183556784
vt 0.65218863983635644 0.76859227129337537
vt 0.63774186865388405 0.76696399965496842
vt 0.76402060331230282 0.86308070041403784
vt 0.75837425448541007 0.8827518114156151
vt 0.75091579689964516 0.86872612504929025
vt 0.73652128105283909 0.21571695706821767
vt 0.72815056930205047 0.22373905603065852
vt 0.74043091975552056 0.23316161339215299
vt 0.86608093454258672 0.62057585610952282
vt 0.85890643483832807 0.63472773314274444
vt 0.84750137088426658 0.63074723974763403
vt 0.69877305858142746 0.74453340644716093
vt 0.70890574169459775 0.75652533209286277
vt 0.70447709236987377 0.76488125677740537
vt 0.32903775476882885 0.41795927703568614
vt 0.30655898807176657 0.41604234954160096
vt 0.32621777651813882 0.40785289487628157
vt 0.17738861180254337 0.3536894500443612
vt 0.16157773375887224 0.36015039678627758
vt 0.16407397537953469 0.34793054237726734
vt 0.92087209803824921 0.090741120828815067
vt 0.91887422675966091 0.082221720120884273
vt 0.90376492569499212 0.085572348032087936
vt 0.56231312074871842 0.46266889602227917
vt 0.57612096744380914 0.4441524084434148
vt 0.57882680802691244 0.45464598839215298
vt 0.41280606146490534 0.60094452385646691
vt 0.43941785168572556 0.58630671456033123
vt 0.41398945035242507 0.60682446212046526
vt 0.28744460626355484 0.66367942256506307
vt 0.27185135609720029 0.68083834964018142
vt 0.25775360203691838 0.6852420457906151
vt 0.4388431970253352 0.5214443266955836
vt 0.41417763887519715 0.54077895492409311
vt 0.43487371691393928 0.52039348229248816
vt 0.88537281890772868 0.21965955860607256
vt 0.88477686933162458 0.19993746303233439
vt 0.87939260585074919 0.2098081378154574
vt 0.63707225330244477 0.52947570608241323
vt 0.63007827903194003 0.52455846744380918
vt 0.64985397772082021 0.51901119966236198
vt 0.22367571039530756 0.7586635264688486
vt 0.23236609618370466 0.74646504399152214
vt 0.25235782466852325 0.73898694733339909
vt 0.42822446612529574 0.28828173134981272
vt 0.44721379325216876 0.28656957006604888
vt 0.45357442669311909 0.29553438300966089
vt 0.1059432165103756 0.08905421115622536
vt 0.1154239594372289 0.093345618022353111
vt 0.11733324309628845 0.10940709640551065
vt 0.81547990191246056 0.6639411228312303
vt 0.82269930192724761 0.65270526296332809
vt 0.83322268705638802 0.65615835099566244
vt 0.72599928221115928 0.2666494279253746
vt 0.73522333090989744 0.2588964805242015
vt 0.72292157001675872 0.24871579720770898
vt 0.12125808282605481 0.34352942626182964
vt 0.13585836609079258 0.34258574958103311
vt 0.13357089551089313 0.35606250462095818
vt 0.27711612930057178 0.39475475034503155
vt 0.29916004457684348 0.39676559881457019
vt 0.28128217342148065 0.40387536659601736
vt 0.7017229242655757 0.81451643212736591
vt 0.70099589350847791 0.80111380495859619
vt 0.70951439890575707 0.79113638604100944
vt 0.80382361186415618 0.28085629436119874
vt 0.81504453063387228 0.27868045842986
vt 0.81179322444302049 0.26346235305352916
vt 0.73596214511041014 0.48188299425768927
vt 0.7302866842468454 0.48943344741965694
vt 0.73440626848383284 0.47142457209927052
vt 0.5035655313485804 0.63578654869873819
vt 0.4771025359818612 0.64672913175276026
vt 0.503281149879239 0.63170809098974767
vt 0.39670394753055993 0.36004823510203077
vt 0.40977378869282333 0.35490110379288248
vt 0.4221381250616128 0.35841445682176654
vt 0.14022543152048009 0.25519076085617115
vt 0.1393063710691049 0.2390583218836258
vt 0.15540762820078372 0.25268290907802643
vt 0.87193869220721609 0.15627902539370564
vt 0.873313042192429 0.17724043307620269
vt 0.87778743900335177 0.16864094538643534
vt 0.64384072481269716 0.49188159256703468
vt 0.65218417291009467 0.50024953174290221
vt 0.63391040116078468 0.50520820497338326
vt 0.30647378915491919 0.69754134217271291
vt 0.29191981174216286 0.71066424733832811
vt 0.27452920137519715 0.71504237418671135
vt 0.52734328790417984 0.30256497837391561
vt 0.50402269814668765 0.30247452311711359
vt 0.49633196039530758 0.29448711984917192
vt 0.16102198651912461 0.1399138152787362
vt 0.14645612939299094 0.13314794305747241
vt 0.13993479250357355 0.12136060070916305
vt 0.83810727092369874 0.23480374790516562
vt 0.82906782950512614 0.24118246084508083
vt 0.83241124679613565 0.25484590259636236
vt 0.71848675941443219 0.47519916329850159
vt 0.72567057805106472 0.46871253173057964
vt 0.72172497289037851 0.48536850601340692
vt 0.44946797367902208 0.65021318020504737
vt 0.47673516980481073 0.63891201079455839
vt 0.44884021650729494 0.65423841987874609
vt 0.47532427574181785 0.34556900168819005
vt 0.4624098913150631 0.35082333922762227
vt 0.44811846134414435 0.34765983124260647
vt 0.16847212638012618 0.21898898055500787
vt 0.17003591639762422 0.23469215176458991
vt 0.15299690318784503 0.22075378225428824
vt 0.9020389207906151 0.69203747289037854
vt 0.90528591408714509 0.70755911745859623
vt 0.89248062278194007 0.70777707265378553
vt 0.89630592899743688 0.85748133132886439
vt 0.88545306954850156 0.87334831550670344
vt 0.89071996069104886 0.85506241374211356
vt 0.63699327342517742 0.804240653341877
vt 0.63154820583596216 0.78873256358438482
vt 0.64726731935134074 0.79304707524152207
vt 0.59272919182521688 0.685751814496254
vt 0.60817589985459386 0.67172728336947951
vt 0.6082160251749803 0.68592633268434544
vt 0.76257485952287063 0.73411137433458207
vt 0.7765568778341877 0.73302283061415618
vt 0.77200269247831232 0.74746278588328074
vt 0.028920110467856613 0.10430317105555008
vt 0.040186278526715302 0.11291649273893435
vt 0.025653348134519173 0.11887624842887422
vt 0.91473022846017349 0.32155499864451892
vt 0.90058177863761835 0.33093993370465302
vt 0.90882549105382493 0.34343908652898264
vt 0.64811765267645904 0.60860075845327288
vt 0.65856178837243695 0.63184852961110016
vt 0.65244071310626972 0.63274353219883672
vt 0.51120909681831628 0.38739579739254731
vt 0.5095794003844637 0.39447398862628152
vt 0.48581985810577683 0.3969240206649251
vt 0.28399910430426856 0.29831806748447359
vt 0.30362389019987185 0.30575983185873423
vt 0.28214163313904772 0.30881401567429023
vt 0.9369026641364353 0.1549806997979101
vt 0.952658745317429 0.14753933975749212
vt 0.9412144802346214 0.14160493194868887
vt 0.47486529906841485 0.5831584942453667
vt 0.446357375665418 0.59690881001084384
vt 0.46974835801951892 0.57822346491768528
vt 0.20417095388899842 0.7311390970031546
vt 0.21401396068488762 0.7195637507393533
vt 0.23148154851389985 0.71404979236494481
vt 0.33245472231121848 0.21252872695682176
vt 0.30553384774866915 0.19801862939299092
vt 0.33438701449132491 0.20841786477844046
vt 0.8813263228263013 0.053943217665615141
vt 0.8831013869035883 0.065017892735237573
vt 0.90129733401518142 0.066633745548476939
vt 0.86066293806683758 0.38845399682078074
vt 0.88274796061711358 0.38883460974467665
vt 0.87512291748817039 0.36082590385942431
vt 0.65802683544459784 0.6748743869528786
vt 0.65006754300571767 0.66565465114846212
vt 0.66102252563091479 0.66007815580638807
vt 0.44862410969538641 0.42982558963426654
vt 0.4567095157851932 0.41791992187499999
vt 0.47551843300226737 0.41663009691689668
vt 0.31552197188609032 0.32908627482994873
vt 0.29749881010326301 0.3239997550892153
vt 0.31998937949773265 0.32078254771909503
vt 0.049803513006457016 0.15599421070953273
vt 0.036549760114507342 0.14474271659971411
vt 0.05058040197715398 0.13979835871266266
vt 0.87879657925867505 0.70941173661770507
vt 0.89248062278194007 0.70777707265378553
vt 0.88270544780165616 0.72450309296135651
vt 0.89548447666108044 0.83643271268730279
vt 0.89071996069104886 0.85506241374211356
vt 0.88526083768730279 0.8527750394321767
vt 0.10410111965817231 0.39926881038052048
vt 0.097293803218035296 0.41270016450611197
vt 0.087738470324206425 0.39829694585469244
vt 0.74568664358241321 0.9219398474467666
vt 0.73783347915023656 0.90912061625098584
vt 0.75235083546924286 0.9023520677247634
vt 0.76779176730086751 0.7632284940605284
vt 0.77200269247831232 0.74746278588328074
vt 0.78052366238663251 0.7602620699428233
vt 0.010173161022294583 0.12369739039087145
vt 0.025653348134519173 0.11887624842887422
vt 0.023282774916206624 0.13395915226981467
vt 0.92017487246155361 0.35004547793030361
vt 0.90882549105382493 0.34343908652898264
vt 0.90322589092074135 0.37039429096017351
vt 0.48752645498570585 0.043150218879386831
vt 0.48583283529672711 0.050519496785353411
vt 0.46950787565309543 0.053235200226118891
vt 0.46266897303824922 0.39882115505471216
vt 0.48581985810577683 0.3969240206649251
vt 0.46110762827779966 0.40788978552592664
vt 0.26088938427272279 0.31251524916206624
vt 0.28214163313904772 0.30881401567429023
vt 0.27924115394568216 0.31857014845598386
vt 0.93224774189175863 0.13649726169718554
vt 0.9412144802346214 0.14160493194868887
vt 0.94766849553923505 0.12930696409207412
vt 0.49214252267350156 0.55943761398363567
vt 0.46974835801951892 0.57822346491768528
vt 0.46598119886139588 0.57240379165023658
vt 0.25226078454628353 0.70518171147969244
vt 0.23148154851389985 0.71404979236494481
vt 0.25980051323442427 0.69481536191344639
vt 0.36267409460025629 0.57952607452681393
vt 0.38531732890132098 0.55779678874211358
vt 0.38875840244233045 0.5601700743666207
vt 0.42301614562795742 0.81738935885745267
vt 0.42517205367705047 0.83934684296135642
vt 0.42681388012618299 0.81747168892941635
vt 0.87317333522279184 0.33448185965841876
vt 0.87512291748817039 0.36082590385942431
vt 0.88609584483438486 0.33621868530658516
vt 0.67049602905658512 0.65367373878647472
vt 0.66102252563091479 0.66007815580638807
vt 0.66344236740930596 0.64384688609029972
vt 0.49274382485952289 0.41507568359375002
vt 0.47551843300226737 0.41663009691689668
vt 0.50356522328470033 0.40382072376527994
vt 0.34256653409651028 0.31782779152084978
vt 0.31998937949773265 0.32078254771909503
vt 0.32334623607551261 0.31219979174881701
vt 0.063922046938153093 0.13460555693328569
vt 0.05058040197715398 0.13979835871266266
vt 0.05172649588118592 0.12288537251084385
vt 0.87324164838820983 0.74158053714018135
vt 0.88270544780165616 0.72450309296135651
vt 0.88547902393040223 0.74110334618986595
vt 0.87959069092567033 0.85051030781742898
vt 0.88526083768730279 0.8527750394321767
vt 0.87581067010055202 0.86938153095425863
vt 0.07708566467092616 0.38405842585518535
vt 0.087738470324206425 0.39829694585469244
vt 0.075272703922885445 0.39779037331180994
vt 0.76621240080343056 0.89616298735705835
vt 0.75235083546924286 0.9023520677247634
vt 0.75837425448541007 0.8827518114156151
vt 0.78846439397673507 0.77294737036671923
vt 0.78052366238663251 0.7602620699428233
vt 0.79376417093848584 0.75689847446766556
vt 0.02199640123626035 0.14942745365178922
vt 0.023282774916206624 0.13395915226981467
vt 0.036549760114507342 0.14474271659971411
vt 0.89910368814077291 0.40204153933359621
vt 0.90322589092074135 0.37039429096017351
vt 0.88274796061711358 0.38883460974467665
vt 0.63889383502563091 0.66892621253943219
vt 0.64757199452878544 0.64943470277996851
vt 0.65006754300571767 0.66565465114846212
vt 0.43719667260203077 0.41905590743296528
vt 0.46110762827779966 0.40788978552592664
vt 0.4567095157851932 0.41791992187499999
vt 0.2754414362862283 0.32758180636336753
vt 0.27924115394568216 0.31857014845598386
vt 0.29749881010326301 0.3239997550892153
vt 0.95683894112283119 0.11635636290541207
vt 0.94766849553923505 0.12930696409207412
vt 0.9666347563830836 0.11937704477400433
vt 0.46367976913692821 0.56572373447358049
vt 0.46598119886139588 0.57240379165023658
vt 0.43941785168572556 0.58630671456033123
vt 0.28939855918523266 0.67309678134858042
vt 0.25980051323442427 0.69481536191344639
vt 0.27185135609720029 0.68083834964018142
vt 0.39305546998225555 0.56136902048008674
vt 0.38875840244233045 0.5601700743666207
vt 0.41417763887519715 0.54077895492409311
vt 0.94622706464412465 0.075122744202237773
vt 0.92178065543671139 0.074135688276320971
vt 0.91887422675966091 0.082221720120884273
vt 0.894997504682571 0.31456554906225354
vt 0.88609584483438486 0.33621868530658516
vt 0.90058177863761835 0.33093993370465302
vt 0.66317496796135644 0.5606316695830047
vt 0.68036185183359621 0.56934179071372237
vt 0.6662459027503943 0.56807753505766956
vt 0.53356775711011439 0.39157037103213721
vt 0.50356522328470033 0.40382072376527994
vt 0.5095794003844637 0.39447398862628152
vt 0.32516038575759071 0.30309323091236201
vt 0.32334623607551261 0.31219979174881701
vt 0.30362389019987185 0.30575983185873423
vt 0.053501078608660289 0.10522641925029574
vt 0.05172649588118592 0.12288537251084385
vt 0.040186278526715302 0.11291649273893435
vt 0.78168159749605681 0.71983061107551261
vt 0.7909804287016956 0.73057033406447158
vt 0.7765568778341877 0.73302283061415618
vt 0.91744296197259467 0.70846120551557568
vt 0.90729248817034702 0.72462701165713728
vt 0.90528591408714509 0.70755911745859623
vt 0.87981850416502361 0.89118852585272079
vt 0.87560157174191644 0.88963596091285491
vt 0.88545306954850156 0.87334831550670344
vt 0.61576054810725556 0.78399099837342268
vt 0.62691546419065458 0.7762638320682177
vt 0.63154820583596216 0.78873256358438482
vt 0.72396213278785493 0.88211935626971605
vt 0.73762569006309153 0.8750447462785883
vt 0.73074284983734228 0.89583759488367509
vt 0.74747980641265777 0.26693521493616917
vt 0.74418814385350951 0.25031848029007298
vt 0.73522333090989744 0.2588964805242015
vt 0.81193316246056779 0.65096423994479491
vt 0.82953554749112779 0.64093799290220821
vt 0.82269930192724761 0.65270526296332809
vt 0.5495319354421333 0.021936092918227523
vt 0.52399948553332021 0.013807998320281694
vt 0.53617081988121051 0.013564668769716088
vt 0.31692424016043969 0.39004495422170743
vt 0.32202179243888013 0.39836448886041009
vt 0.29916004457684348 0.39676559881457019
vt 0.1376805350607502 0.33121857748422712
vt 0.15085490614833891 0.33990124242162856
vt 0.13585836609079258 0.34258574958103311
vt 0.8722613891216483 0.072101012991053828
vt 0.88799205503253154 0.078798600927888401
vt 0.8831013869035883 0.065017892735237573
vt 0.96274814545544163 0.15425820335604792
vt 0.96963152479298109 0.13888718277121945
vt 0.952658745317429 0.14753933975749212
vt 0.42225468873225552 0.6151837369997043
vt 0.41717891271934149 0.61152867458596216
vt 0.446357375665418 0.59690881001084384
vt 0.20003893157285094 0.72190711565950316
vt 0.22930292075364747 0.70446908270899056
vt 0.21401396068488762 0.7195637507393533
vt 0.2773722651629042 0.18773229941960765
vt 0.27765123626035093 0.1833561942404377
vt 0.30553384774866915 0.19801862939299092
vt 0.86941310750197165 0.1867882954209385
vt 0.87408920913840693 0.1986545695115339
vt 0.873313042192429 0.17724043307620269
vt 0.66812332105185335 0.49634713254140378
vt 0.66026160784700316 0.50822495902750398
vt 0.65218417291009467 0.50024953174290221
vt 0.31365102292611396 0.70391179514984226
vt 0.28192003893927448 0.721376937721806
vt 0.29191981174216286 0.71066424733832811
vt 0.50667077675226735 0.30899494544188683
vt 0.48058057718848579 0.30285727323417783
vt 0.50402269814668765 0.30247452311711359
vt 0.15261654056585172 0.14606428176446667
vt 0.1336630836270209 0.12825722679354792
vt 0.14645612939299094 0.13314794305747241
vt 0.869365357600552 0.64018581643089512
vt 0.85119613503055991 0.64810979704751581
vt 0.85890643483832807 0.63472773314274444
vt 0.71632869491817819 0.21260693667438879
vt 0.71956975798501577 0.23077623626035096
vt 0.72815056930205047 0.22373905603065852
vt 0.15896047116830145 0.3739245104864945
vt 0.14575855724443021 0.36813618271884857
vt 0.16157773375887224 0.36015039678627758
vt 0.50804682108882093 0.74366451227326502
vt 0.51113785704603709 0.75371602055402209
vt 0.48938003684444004 0.753110366965694
vt 0.71427121327878551 0.74997666416108044
vt 0.71447207092862774 0.7695712983044164
vt 0.70890574169459775 0.75652533209286277
vt 0.82591864649053626 0.22811966664407532
vt 0.81916742655757102 0.24581757073146687
vt 0.82906782950512614 0.24118246084508083
vt 0.97729253437992902 0.26966924336430403
vt 0.98580264503647475 0.26990822391931191
vt 0.99056431141561518 0.26239356392941643
vt 0.50427192182570979 0.62408243173304412
vt 0.50347869584236993 0.62791289801853312
vt 0.47673516980481073 0.63891201079455839
vt 0.47572021484374999 0.35406725188535093
vt 0.4483369556511238 0.35618010800719635
vt 0.4624098913150631 0.35082333922762227
vt 0.18781674743074725 0.2478737816073541
vt 0.17133723598925474 0.25022817906521094
vt 0.17003591639762422 0.23469215176458991
vt 0.89046403662263407 0.19100004852006111
vt 0.88397289962046532 0.18034490832018926
vt 0.88477686933162458 0.19993746303233439
vt 0.60738764140132095 0.53158917833201891
vt 0.62277192798698733 0.51862061317034702
vt 0.63007827903194003 0.52455846744380918
vt 0.21752825715940458 0.75061705195189277
vt 0.24475598260055206 0.73257251823738168
vt 0.23236609618370466 0.74646504399152214
vt 0.43697009161819794 0.27671947780091682
vt 0.46605794527553235 0.28563467320583596
vt 0.44721379325216876 0.28656957006604888
vt 0.11748911379263605 0.077415331530646198
vt 0.1246427999309937 0.099883445956353512
vt 0.1154239594372289 0.093345618022353111
vt 0.81843469661869084 0.29431175448541008
vt 0.82585772685824133 0.27470674244011239
vt 0.81504453063387228 0.27868045842986
vt 0.72742430870465302 0.507802603447851
vt 0.72471049696865142 0.49637955626478708
vt 0.7302866842468454 0.48943344741965694
vt 0.45139090841876972 0.66188448836750791
vt 0.44949654660390381 0.65805733376873032
vt 0.4771025359818612 0.64672913175276026
vt 0.39641382837145112 0.35134492988466087
vt 0.42181904789777208 0.34963586849369083
vt 0.40977378869282333 0.35490110379288248
vt 0.12375562409121155 0.22506324936538841
vt 0.13819304746032138 0.2227736801003056
vt 0.1393063710691049 0.2390583218836258
vt 0.80575987036671926 0.7271783967123423
vt 0.79957810651616723 0.74154495576202684
vt 0.7909804287016956 0.73057033406447158
vt 0.9082410938732256 0.74283743777109623
vt 0.89716981713328081 0.74161665763012619
vt 0.90729248817034702 0.72462701165713728
vt 0.86734769321766558 0.90653434296135649
vt 0.87156878450315456 0.88802093602129339
vt 0.87560157174191644 0.88963596091285491
vt 0.62267635116817821 0.76483666453075705
vt 0.63774186865388405 0.76696399965496842
vt 0.62691546419065458 0.7762638320682177
vt 0.74389586824723974 0.8547184604199527
vt 0.75091579689964516 0.86872612504929025
vt 0.73762569006309153 0.8750447462785883
vt 0.75248430414530754 0.24089988925103509
vt 0.74043091975552056 0.23316161339215299
vt 0.74418814385350951 0.25031848029007298
vt 0.83569674807768135 0.62851728084335567
vt 0.84750137088426658 0.63074723974763403
vt 0.82953554749112779 0.64093799290220821
vt 0.70152530128647472 0.77711624482452679
vt 0.70447709236987377 0.76488125677740537
vt 0.70172592788840693 0.78904185972003149
vt 0.34558690790122237 0.39992556406496449
vt 0.32621777651813882 0.40785289487628157
vt 0.32202179243888013 0.39836448886041009
vt 0.16623816264540614 0.33661966895455442
vt 0.16407397537953469 0.34793054237726734
vt 0.15085490614833891 0.33990124242162856
vt 0.89314827422614351 0.091014720062352131
vt 0.90376492569499212 0.085572348032087936
vt 0.88799205503253154 0.078798600927888401
vt 0.58244432515526423 0.46555014047712934
vt 0.57882680802691244 0.45464598839215298
vt 0.59419734726192819 0.4490680682546333
vt 0.3871669829455836 0.627255874778194
vt 0.41398945035242507 0.60682446212046526
vt 0.41717891271934149 0.61152867458596216
vt 0.2482527001799093 0.6865959095277997
vt 0.25775360203691838 0.6852420457906151
vt 0.22930292075364747 0.70446908270899056
vt 0.45504057971460959 0.49997547041354495
vt 0.43487371691393928 0.52039348229248816
vt 0.43121360995416008 0.51885682115043374
vt 0.87399648191048895 0.22029438199305007
vt 0.87939260585074919 0.2098081378154574
vt 0.87408920913840693 0.1986545695115339
vt 0.66718688387223979 0.51564991466630516
vt 0.64985397772082021 0.51901119966236198
vt 0.66026160784700316 0.50822495902750398
vt 0.27632921862677445 0.7289825728263013
vt 0.25235782466852325 0.73898694733339909
vt 0.28192003893927448 0.721376937721806
vt 0.45671402121944005 0.30416708383650432
vt 0.45357442669311909 0.29553438300966089
vt 0.48058057718848579 0.30285727323417783
vt 0.12153855573491719 0.12511593791588624
vt 0.11733324309628845 0.10940709640551065
vt 0.1336630836270209 0.12825722679354792
vt 0.84035313362578867 0.76131657260449526
vt 0.83503579702287067 0.74683726217468449
vt 0.84802438633675081 0.74456151727622244
vt 0.87727227917981077 0.81119442527602525
vt 0.88698923008675079 0.79466063682965304
vt 0.88528224812697165 0.81306552826794165
vt 0.05772670420938486 0.34228765926902605
vt 0.063865642367101239 0.34056723802247635
vt 0.07186558479766364 0.35514123958744087
vt 0.79589566492507891 0.9153818605826104
vt 0.79237426372732644 0.93401317897279179
vt 0.78280110163643535 0.92144378758379342
vt 0.78593195485015777 0.82114535069992112
vt 0.77399879238958991 0.82536582585764984
vt 0.77862152195879342 0.80726707290023658
vt 0.74734233290615137 0.18235490961405756
vt 0.75202736839511042 0.19803917340299684
vt 0.7594056523560726 0.18837983044164039
vt 0.89610684271490537 0.57563403397328472
vt 0.87716368666206623 0.58836338753203865
vt 0.88105168387716881 0.56931756919114751
vt 0.44338479027011041 0.053598080222915026
vt 0.46069990573245267 0.041095654219859029
vt 0.45166146552149056 0.05560775901240881
vt 0.37277146589116722 0.43045588833300474
vt 0.37387044527553231 0.42005195497338327
vt 0.39535012230136041 0.42021726975305601
vt 0.22763138539407532 0.34545451744873817
vt 0.21201803405954259 0.34272256845179416
vt 0.23213635754510056 0.33745979766364353
vt 0.95815252550768926 0.097932140458645511
vt 0.93572663027405367 0.10592417431178529
vt 0.94331478275335179 0.11114709896244085
vt 0.50654019617507884 0.5159709172293967
vt 0.52778351118888012 0.50392920075906944
vt 0.50785208620859623 0.52462589492557177
vt 0.36409677210666402 0.62361602301853314
vt 0.35937553911179021 0.6324566862184543
vt 0.33399577336356467 0.6478410113121057
vt 0.35684098204603709 0.60180949021589114
vt 0.32704800867507888 0.62456632307275239
vt 0.3494472563830836 0.60343768483832805
vt 0.48989211602917981 0.48374951479938882
vt 0.48540974806535886 0.48328033350995664
vt 0.50738771841729102 0.46498884808753943
vt 0.89563712231368298 0.26386497329086162
vt 0.88728743592271297 0.25836077669065455
vt 0.88893850428824916 0.2775983840509168
vt 0.63059120539235014 0.54629021773955044
vt 0.64870936637421139 0.53798342924388798
vt 0.65316497128844642 0.54529101254436119
vt 0.60190595271835567 0.38767667463525235
vt 0.57095292629879735 0.39628829234029966
vt 0.5671083275828076 0.39353997744972397
vt 0.36394008311563486 0.2862944112591187
vt 0.38747323695041402 0.2936960503129929
vt 0.36657314360705834 0.29682669173279769
vt 0.079556900168819 0.079349573177494082
vt 0.086682706526025236 0.089669039271983442
vt 0.076349401624420846 0.093139215222668575
vt 0.78396127020899053 0.69067028539037856
vt 0.80062136484621449 0.68539761805007882
vt 0.79382162485212937 0.69653127772574919
vt 0.95172731417586753 0.69775467640970035
vt 0.95128385622042588 0.71641972779475549
vt 0.94026317897279177 0.71259557681880914
vt 0.080789107554342474 0.32014337292981071
vt 0.093221266111740933 0.33713825598876185
vt 0.078653353621907035 0.32879761897427051
vt 0.56749094292192426 0.78157754892054421
vt 0.56195272451695588 0.77426157087933756
vt 0.58167401142300867 0.77678030116324925
vt 0.69964002735607256 0.86243445940950314
vt 0.70780803307373819 0.84032802641955839
vt 0.71224276666009467 0.85395199748619877
vt 0.77338212551754737 0.29250135933187105
vt 0.78175098888505523 0.27997326775680204
vt 0.77129306733044167 0.27737729045494874
vt 0.77261081057768144 0.66148754805796528
vt 0.77891164111790223 0.65321256715792586
vt 0.78983643348284704 0.65172069080244477
vt 0.61271271810922712 0.05487920237640477
vt 0.60598275458399053 0.05663374169767843
vt 0.58472068618148665 0.04303989831581477
vt 0.34310880354150236 0.37170414007048502
vt 0.36739636731072556 0.37154779765132095
vt 0.35125085487726737 0.37753809980037462
vt 0.12575374567170247 0.28924498934098974
vt 0.14039664764885645 0.28706210644839314
vt 0.13974868341199231 0.30313607104569201
vt 0.86035425805895105 0.10399797602030757
vt 0.86649620465299682 0.11611095151690655
vt 0.86493755545149842 0.098890132482871651
vt 0.63834228515625002 0.46002771034601736
vt 0.6292976066517153 0.47377363620120266
vt 0.6219768536203667 0.46442678553824923
vt 0.38232853164432179 0.65109193242310726
vt 0.34705194419114749 0.66863678652405367
vt 0.37196776573590301 0.65128185380520509
vt 0.5944862341655166 0.29554703288273859
vt 0.55951944345179416 0.29549329498964905
vt 0.56301797090644712 0.29217508117483243
vt 0.45883739002119478 0.47921878080638802
vt 0.48192338913397081 0.46223899287756309
vt 0.46545032777996848 0.47918262180845822
vt 0.85625015403194005 0.19592025227351142
vt 0.85332008145208993 0.21744538797565063
vt 0.85978487899250788 0.20728859886386042
vt 0.69852599134956628 0.47612793738909698
vt 0.70321079579061518 0.4856950537263407
vt 0.69399783739156151 0.48971259180303628
vt 0.39820032932028787 0.66735085087243695
vt 0.39324369701301259 0.67380363392152998
vt 0.36554532697900238 0.68482377205737377
vt 0.52567585364501179 0.33008155221066643
vt 0.49631262938682963 0.33343625234128549
vt 0.50237397876823742 0.32455542531299292
vt 0.17909636392202288 0.18837309154426263
vt 0.16357319828839709 0.18787805214289235
vt 0.16050266783320188 0.17310900763382295
vt 0.90106074095524447 0.65224116472791793
vt 0.89222901160784696 0.66614901666009463
vt 0.88589829887125393 0.65591767608931384
vt 0.92655125566837537 0.831831162509858
vt 0.91960564742705042 0.82739750714708205
vt 0.93181290972496056 0.81326099479988168
vt 0.58880515113613963 0.89385135301656149
vt 0.62113564668769716 0.91261829652996851
vt 0.60769235508675079 0.88968609830934542
vt 0.54256988429120667 0.71092841211553626
vt 0.56040008256111984 0.71167354162559149
vt 0.54345791693365542 0.72321338352720821
vt 0.72894822370366719 0.72841203852030756
vt 0.738264075438683 0.73806783874704263
vt 0.72885903921037065 0.74129580909897475
vt 0.82457217628647472 0.18932816658862381
vt 0.81511284379929017 0.19306378770701893
vt 0.81924513567133284 0.20402146589116718
vt 0.94498733857452677 0.28567179490339117
vt 0.94068938535094637 0.29883985068143731
vt 0.95288933113170349 0.28772584933211753
vt 0.55903890230678233 0.59198953044903391
vt 0.58308232545100547 0.58343236303479895
vt 0.55738317447505914 0.59631266789481463
vt 0.52699217209680604 0.36399091365585567
vt 0.50483683396589119 0.37282487646638407
vt 0.49777015661967666 0.36473877723284698
vt 0.2441911667303332 0.26894032571594045
vt 0.24480752553849566 0.28133017362480284
vt 0.22553705161302248 0.27142597764072357
vt 0.9124405436711357 0.18426842915146885
vt 0.91241528243296532 0.16881871749926064
vt 0.90366880976439279 0.17559598808408911
vt 0.53695472693217661 0.5636704116965694
vt 0.52983945250887221 0.55908938627513804
vt 0.556562607822358 0.54878468799290225
vt 0.17511536992310725 0.76405541453075709
vt 0.19806699542217074 0.74672065999605675
vt 0.20068875381999213 0.75040094513998423
vt 0.37496927062795743 0.24431525871204654
vt 0.38257802487923898 0.24095647673501577
vt 0.40451317435183359 0.25430553929662852
vt 0.60457447906397865 0.42872741891758676
vt 0.5998502039382887 0.43689072666108042
vt 0.58900839628105284 0.42429553492212146
vt 0.82045536462440849 0.34859553677050475
vt 0.83592502341285491 0.34626938491965692
vt 0.82817136361395904 0.3277360693513407
vt 0.68973623570583598 0.67993449021589114
vt 0.68387917118493691 0.67728691221411674
vt 0.69969447764688486 0.67417862467961354
vt 0.40969207474861985 0.695048951350552
vt 0.37981080256802052 0.7058091605875394
vt 0.40200491823984619 0.69190931831624602
vt 0.3425989193119085 0.34496030596904576
vt 0.35001621186169163 0.33842758034305992
vt 0.36638957604248817 0.34304118351981466
vt 0.079407686540381009 0.19977994611962738
vt 0.078126342965977424 0.1823100670655067
vt 0.093164389817872631 0.19659641398240338
vt 0.84382193291600949 0.70359487443316249
vt 0.85056029118197951 0.71477266425966091
vt 0.83582521071569404 0.71862061317034698
vt 0.91382975773856467 0.78212366916403786
vt 0.90319662485212937 0.79868456723186121
vt 0.90589641968158519 0.77986725527405365
vt 0.099955032300497834 0.36738435281940063
vt 0.097211521281052843 0.36844351494725947
vt 0.084330224840422907 0.35237205336898658
vt 0.59927015815999607 0.73910855555007882
vt 0.61277155831033125 0.72820648289629342
vt 0.61544308827878547 0.74099621697555207
vt 0.74767750640772868 0.80173062586257882
vt 0.75932378437992898 0.79751577287066244
vt 0.7548089541847397 0.81576817268828861
vt 0.77988358265970037 0.22161137433458203
vt 0.77558978829850156 0.20694510763751972
vt 0.76830862147574919 0.21886635187672515
vt 0.83094771231762621 0.60321006413889988
vt 0.84705691172121456 0.58675494750591484
vt 0.8447768539284306 0.60139356546973577
vt 0.51324239544311911 0.032718485161333057
vt 0.48633070503499604 0.04037503022876824
vt 0.48860698904524841 0.031932953554749115
vt 0.41271137032975158 0.39250580700414039
vt 0.41650051754731859 0.40080065802444798
vt 0.39318204572900234 0.40127326652454653
vt 0.20355825333941246 0.31478666191221411
vt 0.22002280442872635 0.3216359424290221
vt 0.20061660911006507 0.32742685023166401
vt 0.90058046936612779 0.12279934567231861
vt 0.91516513764294161 0.12213167497412264
vt 0.90672488047121447 0.11296644722249606
vt 0.55676877957413251 0.51085590157975158
vt 0.53360287639244874 0.521379479248817
vt 0.5524406360902997 0.50193556535883277
vt 0.30103326550793574 0.68126247658714512
vt 0.301419693137569 0.67748769284798893
vt 0.32853657334384856 0.66076575438682961
vt 0.28897196772722794 0.64425699613071763
vt 0.31575529176730088 0.62424632171727135
vt 0.29219418113540024 0.64604322752365928
vt 0.52147513308359617 0.44366089252267349
vt 0.52221025051754733 0.4455107776148462
vt 0.50038253832314672 0.46135392534996056
vt 0.86553134858044167 0.27580543301458993
vt 0.87295530301163249 0.28539950494134464
vt 0.87307698824428237 0.26339169090102521
vt 0.69241639146293377 0.5348028622215103
vt 0.68430337514787065 0.54332983937549295
vt 0.67966508835272077 0.53295609627612384
vt 0.30445100321002561 0.72422198467074128
vt 0.27916269392621251 0.73872208941246054
vt 0.27555118404352325 0.73643625542192426
vt 0.40773844914481466 0.31754054120662462
vt 0.38729024700561909 0.31180265889934938
vt 0.40991715392103706 0.3089518935146392
vt 0.10222169894149251 0.14199133069733341
vt 0.088302053938904765 0.12551424525889687
vt 0.09970357515834484 0.12377010309357749
vt 0.83108564791995265 0.80876726698048107
vt 0.82081957314668774 0.8108751170642744
vt 0.82664945103016563 0.79456521404278391
vt 0.85172816135153784 0.82340546135646686
vt 0.85032285094637228 0.80748756962243695
vt 0.85970678479889595 0.80822399632787856
vt 0.84425006469341479 0.87097152565555991
vt 0.85181765390871456 0.85746238540023656
vt 0.85112705170544167 0.87638259069400626
vt 0.82062980579653 0.88305217369873812
vt 0.82819901234720028 0.89306009094045746
vt 0.81861475995662458 0.90146931067626179
vt 0.81105695176951897 0.84389032309739742
vt 0.8070302487923896 0.86094273708596214
vt 0.80039501491029175 0.84843334113761826
vt 0.022657845674629092 0.22040430303627762
vt 0.01397525534644864 0.22600530871081428
vt 0.0065911855607378748 0.21002803766388997
vt 0.93432532469932961 0.59396056166206623
vt 0.92644867039629342 0.60908757639984223
vt 0.91876655843355681 0.59714328513160486
vt 0.68357765366226342 0.70040649028982649
vt 0.69595219464708202 0.70737589646589116
vt 0.68237735976932179 0.70900609350354893
vt 0.47285529777454655 0.708442336602918
vt 0.48939297552740535 0.70930545457906147
vt 0.46837681911721213 0.72000736272673505
vt 0.23610192909601735 0.35793480136041012
vt 0.21763045735163644 0.3632643449945781
vt 0.21926856778021492 0.35833701726389983
vt 0.50424500474418377 0.48308529056585175
vt 0.50162014645356856 0.48241902540910886
vt 0.52149169151715302 0.46559696618690849
vt 0.48716424887864745 0.51208719440063089
vt 0.50652964498718456 0.49082142923156546
vt 0.50630818556535884 0.49839891499901418
vt 0.42541923643286672 0.56608709582018923
vt 0.44440521336504335 0.55425031884611597
vt 0.42001544940358831 0.57621061403292584
vt 0.40531217653292589 0.57059441695830049
vt 0.39210686427937697 0.5856768779574133
vt 0.37817891117902208 0.59297444918178233
vt 0.45929417173945192 0.51869008157531549
vt 0.43638365351439273 0.53784711097693216
vt 0.45373693038988566 0.52033518120317424
vt 0.91733675694992112 0.24373153542118495
vt 0.91559326942034702 0.2297712163594243
vt 0.90876880729988174 0.23983196655658517
vt 0.56377519192379733 0.57555235853706621
vt 0.55948790541206628 0.57338874889097002
vt 0.58497780399743693 0.56366475102277214
vt 0.23094382301113958 0.59022082018927446
vt 0.20457174499704259 0.55787257245662458
vt 0.22775181911721215 0.54796292759266563
vt 0.32780719359966481 0.2569975362591187
vt 0.34159339880717665 0.25416858564791994
vt 0.3517118724738762 0.26499267963204848
vt 0.083849260107575901 0.047937237953161967
vt 0.096347055525433753 0.04087292884802593
vt 0.090034653335715698 0.053691943436390971
vt 0.74773349701794167 0.68842950574231077
vt 0.7534463876429417 0.68198943032827286
vt 0.76394158492705044 0.68398206452089905
vt 0.73554887741522079 0.33242591833842666
vt 0.74517055956723188 0.32402197419656942
vt 0.73318702866226337 0.31750401638283715
vt 0.072030004266684738 0.28379743798674095
vt 0.085006145874408523 0.28806192777134265
vt 0.083978887612135247 0.29989878176138607
vt 0.25641261922072162 0.36947672269321769
vt 0.27658502717123423 0.37068880002957411
vt 0.26142210373743097 0.37413114433408912
vt 0.66269569757985014 0.90535045347003151
vt 0.65897605727523656 0.89590275039432177
vt 0.67325235360804414 0.88325695916305202
vt 0.7685215706328864 0.33512136176557572
vt 0.78036285304120667 0.34008457893828864
vt 0.7784685682423107 0.32438749199033912
vt 0.73113039419854098 0.67996799216285486
vt 0.71937344427740535 0.67971260720623028
vt 0.73748390366226335 0.67507601476242118
vt 0.50999143582413253 0.65676277232847002
vt 0.48832006604889588 0.66503405646194791
vt 0.50752496087588728 0.65085903612973184
vt 0.30299553615437697 0.36358538606565455
vt 0.3143588767066739 0.35975619054367114
vt 0.32473999408517351 0.36311123724615535
vt 0.085404645757344244 0.26226571741916405
vt 0.084520598691344637 0.24804194597791798
vt 0.098130995693266956 0.26133650048674095
vt 0.85600054527306779 0.1169379875110903
vt 0.85767803011632493 0.13535924484301065
vt 0.85882872572456626 0.12368048538544953
vt 0.95839643508477923 0.21817800239057572
vt 0.96715877304317821 0.22361369328543967
vt 0.96987104445977923 0.21192463294188682
vt 0.44279415479593848 0.63010030559936914
vt 0.42822812438387226 0.64091708306634465
vt 0.41096988521539829 0.64562141105579651
vt 0.66566004226636433 0.27970713907235806
vt 0.62332786776666005 0.30218690697703077
vt 0.63514558328815063 0.28202006343035291
vt 0.25044118598432569 0.20367610702755323
vt 0.23100766925029576 0.19809004245120268
vt 0.22984578707240733 0.18927086670692034
vt 0.85138282174191637 0.15863246977893336
vt 0.84629175805895107 0.16851175109670741
vt 0.84989056030658516 0.17654417019913249
vt 0.96141561514195584 0.24358148905757099
vt 0.95784854347397475 0.25300002233463131
vt 0.96943151431880914 0.24759074791748817
vt 0.46729955823639591 0.62791767300867507
vt 0.48896623003746059 0.61975070700660484
vt 0.46063448066591089 0.63442255736149444
vt 0.59538393231220421 0.3320998327213131
vt 0.581408575882295 0.34187901253203862
vt 0.56443136798846605 0.33678663957758281
vt 0.23464794459779179 0.21877306628302445
vt 0.2371669636915911 0.23057110422417193
vt 0.21785118512174684 0.21755554006678826
vt 0.93983450808359625 0.63480517270061121
vt 0.94463291108044167 0.64896821704948737
vt 0.93057395381506314 0.64868194868888007
vt 0.92258932312204256 0.86945947111593058
vt 0.91043635708300474 0.88154558729298105
vt 0.91554159170445581 0.86608224381407728
vt 0.57923487714412458 0.800312376774448
vt 0.57897849097988963 0.79795075906940061
vt 0.59515611907285093 0.80287685454455837
vt 0.52737813763061914 0.68654407777996851
vt 0.54487427913052056 0.67407827287066246
vt 0.5436553858808163 0.68599980591975551
vt 0.72260565050768932 0.70416748817034702
vt 0.73725331784798898 0.70206341186908516
vt 0.73295266906545742 0.70972827225453472
vt 0.83767328593257095 0.15508636570879339
vt 0.83272200623521297 0.14945747062610903
vt 0.83145524756013411 0.16216136077977128
vt 0.93505289456821772 0.26427061640501776
vt 0.92418008798304419 0.26818581951153392
vt 0.93030847976636433 0.27614930932078074
vt 0.54070567422860805 0.59315173994479498
vt 0.56505107699132495 0.58074662361987384
vt 0.56351753499605683 0.5839809092813486
vt 0.61283686785291802 0.36085505440408122
vt 0.62939014133970816 0.37537214116719242
vt 0.5922620899669756 0.36736752482994872
vt 0.27632453990659506 0.252647751287707
vt 0.29700429055969046 0.26204882119356271
vt 0.28005305630175475 0.26433253724492312
vt 0.93087631851340691 0.21358854372042588
vt 0.94050416194302056 0.20618338118592272
vt 0.93170501035094633 0.19929002828026421
vt 0.50568812999063484 0.59385936267744477
vt 0.47765508705885251 0.60584019802346212
vt 0.49713015390871451 0.59240753462638007
vt 0.10029400846559543 0.80051469772772077
vt 0.091480878474960572 0.77982782309739751
vt 0.12130755595980383 0.78045719760449528
vt 0.31286047324773264 0.23054761435331231
vt 0.29445708362085959 0.2176399303159503
vt 0.3194682316825217 0.22582324295765971
vt 0.84575980875394319 0.089719658018286672
vt 0.85111164851143528 0.087241235967690262
vt 0.84783200044361196 0.075364786142054413
vt 0.78329238650926658 0.37329663779081229
vt 0.78447958768730286 0.39166040270110408
vt 0.79917600613663253 0.38132624581033125
vt 0.68626805254337542 0.68756007245662465
vt 0.6727164764885647 0.69172332474861986
vt 0.67474268964412465 0.68854110188288642
vt 0.45595237178381309 0.691630982600552
vt 0.44360859867902208 0.7043670365486987
vt 0.43054056739205443 0.70143758009660884
vt 0.29024619695139986 0.35407302808310331
vt 0.27615031052839117 0.3515724735681191
vt 0.29738392152996845 0.3491872504682571
vt 0.056792298325980872 0.22317441344637223
vt 0.042422615316011929 0.21111242252193416
vt 0.053789902936772972 0.20709159201251973
vt 0.85292529758970825 0.66706365832018932
vt 0.86997024102917986 0.66078200475650628
vt 0.86117725071470819 0.67481269716088332
vt 0.94145415393335963 0.77467129583990535
vt 0.93687124162066249 0.79416434591876972
vt 0.92923433803233435 0.78921576178036279
vt 0.12873191472483733 0.38512517405609226
vt 0.14093991830145899 0.39839067429022085
vt 0.12749172655941937 0.39475475034503155
vt 0.54813066837539437 0.745244109818612
vt 0.54530945786918372 0.73453272870662456
vt 0.56397165966334784 0.73540709101439272
vt 0.72530282679416402 0.77725957154475556
vt 0.72792637581328867 0.75795251503351735
vt 0.7341764528292587 0.77241542106171135
vt 0.8053909638702681 0.2348012448861396
vt 0.81254081846411674 0.21920710903612972
vt 0.80182828211257884 0.22127044388924488
vt 0.79207975465792591 0.6244810278859424
vt 0.79325386312105683 0.61520780449033907
vt 0.80514212527109619 0.61102264115486993
vt 0.55647184450167586 0.6033307866719243
vt 0.55656268483832805 0.60015734362677442
vt 0.58221439397673502 0.59089297706772481
vt 0.44318239230086753 0.36788641992803628
vt 0.47023540701399841 0.36566959224664825
vt 0.45115096516413644 0.37507193291600949
vt 0.18925197854027012 0.27727716969390775
vt 0.20706918036524052 0.27421823014220231
vt 0.20686456818685922 0.28769660251749801
vt 0.88943926212539437 0.15510124904500197
vt 0.89639241793178237 0.16584794197924882
vt 0.89670849147279175 0.14984503424130027
vt 0.59155000030806393 0.51854063208546919
vt 0.57533775353657335 0.53363187290516556
vt 0.56854325062845035 0.52684853731269721
vt 0.25309294210247435 0.71810191061218454
vt 0.22672985570287854 0.73458794915713721
vt 0.24934116688436514 0.71743633859917189
vt 0.46540538896145506 0.2742092000197161
vt 0.43464513351488565 0.26421643567010056
vt 0.44385701369035885 0.26267883108241324
vt 0.55433642270061123 0.41776265526419559
vt 0.57487792968749996 0.4193201107181585
vt 0.56584145338377367 0.42362926976537857
vt 0.84069184986198742 0.28341285874038841
vt 0.8345884882689274 0.30571333346682766
vt 0.84642376343158521 0.29789640504855086
vt 0.71619129842764195 0.51920200672811512
vt 0.72195355628943214 0.53317335832758284
vt 0.71436332437894323 0.53590338192527598
vt 0.39278995742557177 0.68572801656151416
vt 0.39621300922959385 0.68904832906151414
vt 0.36550081174832411 0.70106613207314672
vt 0.41589883028144714 0.33924213975009859
vt 0.39078600188535095 0.34114512735360802
vt 0.39819193457955443 0.33402384568464116
vt 0.12107262837021884 0.19159761543153589
vt 0.10706106480739846 0.19395869402479299
vt 0.10572957420950808 0.17681058769346411
vt 0.82160136225847791 0.74986576116423498
vt 0.828447157802642 0.73399030522969244
vt 0.83503579702287067 0.74683726217468449
vt 0.88782092554712144 0.77655179478016556
vt 0.89721548760350944 0.77792807016462939
vt 0.88698923008675079 0.79466063682965304
vt 0.86013414641660091 0.90315133946175075
vt 0.85774110619578081 0.92223420248422716
vt 0.85367828272870661 0.91941634217271295
vt 0.64489515045839907 0.74388955293769721
vt 0.63057788162953465 0.74262772328470028
vt 0.64218522802888411 0.73100062228903784
vt 0.76907747190457409 0.84378897008083598
vt 0.76206254929022077 0.82984338032334382
vt 0.77399879238958991 0.82536582585764984
vt 0.74440163212243693 0.2071247473876183
vt 0.75641242668079656 0.21409026425719638
vt 0.75202736839511042 0.19803917340299684
vt 0.87216935503746051 0.60509414432176656
vt 0.85886684862973184 0.60199498317971212
vt 0.87716368666206623 0.58836338753203865
vt 0.46996615918276813 0.027839022856029426
vt 0.47551639207906149 0.030872051347317381
vt 0.46069990573245267 0.041095654219859029
vt 0.3516173738786475 0.41938595937253548
vt 0.3726850924807768 0.41018705638801262
vt 0.37387044527553231 0.42005195497338327
vt 0.19388758903046135 0.34801572204012227
vt 0.19723701356713327 0.3386316341556585
vt 0.21201803405954259 0.34272256845179416
vt 0.92713842542389591 0.099235626124433166
vt 0.91571649497239749 0.10512174492002661
vt 0.93572663027405367 0.10592417431178529
vt 0.54619648930402209 0.48301258749014198
vt 0.54888900612430991 0.49251551101636437
vt 0.52778351118888012 0.50392920075906944
vt 0.38598039789530758 0.6163923101094243
vt 0.35712316856023263 0.63908267818414821
vt 0.35937553911179021 0.6324566862184543
vt 0.30580357692971216 0.64478332326991328
vt 0.2973940683840201 0.64632002291995272
vt 0.32704800867507888 0.62456632307275239
vt 0.4625278797811514 0.50225891690901026
vt 0.48143580102770112 0.48206995052494084
vt 0.48540974806535886 0.48328033350995664
vt 0.88613219637223972 0.23913616577533517
vt 0.87980718281742898 0.25101085386065652
vt 0.88728743592271297 0.25836077669065455
vt 0.64313749199033909 0.5336903665344046
vt 0.66345931092271293 0.5313441520233636
vt 0.64870936637421139 0.53798342924388798
vt 0.57152838962687302 0.39900576233487778
vt 0.54320010597397472 0.40765565697703077
vt 0.57095292629879735 0.39628829234029966
vt 0.40779948430106466 0.29049089594218258
vt 0.41002443716729103 0.29993401656767549
vt 0.38747323695041402 0.2936960503129929
vt 0.096727995767202285 0.088320942105555009
vt 0.097238804188436515 0.10611521242544854
vt 0.086682706526025236 0.089669039271983442
vt 0.80801936489550474 0.67474099529278386
vt 0.81791376059739751 0.68000003080638804
vt 0.80062136484621449 0.68539761805007882
vt 0.96161585666403782 0.72192852609917191
vt 0.94903291046431393 0.73575859190161674
vt 0.95128385622042588 0.71641972779475549
vt 0.10720930129571668 0.34215573091236201
vt 0.10527370705589512 0.35374066566443219
vt 0.093221266111740933 0.33713825598876185
vt 0.5412148653144716 0.77237105986297316
vt 0.55656126004288253 0.76544008465595426
vt 0.56195272451695588 0.77426157087933756
vt 0.70419875665417986 0.82746851587145109
vt 0.71489111482156942 0.81904327681388012
vt 0.70780803307373819 0.84032802641955839
vt 0.79255378795346998 0.2811726759660883
vt 0.78975934049684537 0.26604063593626776
vt 0.78175098888505523 0.27997326775680204
vt 0.76858734227129333 0.65480849208891956
vt 0.78464232243197951 0.64406337798205837
vt 0.77891164111790223 0.65321256715792586
vt 0.62940469735804416 0.072086817985077392
vt 0.60030101691886828 0.057697784712638013
vt 0.60598275458399053 0.05663374169767843
vt 0.38252511490782731 0.36564583281989355
vt 0.39211460438436513 0.3707968919435134
vt 0.36739636731072556 0.37154779765132095
vt 0.1406960472323541 0.27087596809074332
vt 0.15606833858068808 0.2835674297922417
vt 0.14039664764885645 0.28706210644839314
vt 0.86950829924093065 0.13565694044817134
vt 0.87431224738761826 0.12979437891241127
vt 0.86649620465299682 0.11611095151690655
vt 0.63733145054958595 0.48277083436021295
vt 0.61877707111346614 0.48815694622436906
vt 0.6292976066517153 0.47377363620120266
vt 0.32495298175029574 0.68366229421332803
vt 0.31322291040270112 0.68504018693316249
vt 0.34705194419114749 0.66863678652405367
vt 0.54856068704406546 0.30036542152380719
vt 0.52658279370810335 0.29105788751355482
vt 0.55951944345179416 0.29549329498964905
vt 0.49606502304317823 0.44705706575315457
vt 0.50555019438830839 0.4432573288397082
vt 0.48192338913397081 0.46223899287756309
vt 0.84614750714708198 0.22677067416699526
vt 0.849758323886041 0.23932158172318613
vt 0.85332008145208993 0.21744538797565063
vt 0.71106619368592272 0.48081127852671529
vt 0.70727562167291014 0.49575299284059543
vt 0.70321079579061518 0.4856950537263407
vt 0.42158337902947557 0.66194964387815458
vt 0.39094854409010255 0.67881198245268137
vt 0.39324369701301259 0.67380363392152998
vt 0.48690840182620271 0.34042518206575317
vt 0.46928210333694798 0.33741917173945191
vt 0.49631262938682963 0.33343625234128549
vt 0.16635505363392153 0.2033893765711258
vt 0.14880837040368691 0.18853532568513406
vt 0.16357319828839709 0.18787805214289235
vt 0.89767950882294956 0.67792914838820983
vt 0.88325611198738174 0.68031333177247633
vt 0.89222901160784696 0.66614901666009463
vt 0.9077644420347003 0.84213674647574921
vt 0.91279859091581228 0.82357443439471612
vt 0.91960564742705042 0.82739750714708205
vt 0.31058549850897083 0.537732049117705
vt 0.29684542586750789 0.54797686748324137
vt 0.32397476340694004 0.56498422712933749
vt 0.57670694345179419 0.69910646071569404
vt 0.57758407833448344 0.71213979630816249
vt 0.56040008256111984 0.71167354162559149
vt 0.74962616448146691 0.73588158640575707
vt 0.74697111593059939 0.75106913569597789
vt 0.738264075438683 0.73806783874704263
vt 0.81070260129140381 0.18313789247338327
vt 0.80450928504534702 0.19522048516980481
vt 0.81511284379929017 0.19306378770701893
vt 0.92806153884069398 0.31035466239279375
vt 0.9369427124408517 0.31320356014023065
vt 0.94068938535094637 0.29883985068143731
vt 0.60951127975897079 0.57224490770406156
vt 0.60761788064373023 0.57718944850404175
vt 0.58308232545100547 0.58343236303479895
vt 0.50952622085715693 0.38040182312204257
vt 0.48303041668720426 0.38152067262667588
vt 0.50483683396589119 0.37282487646638407
vt 0.26429452986371255 0.29018254325216875
vt 0.24430626709754535 0.29346365462342272
vt 0.24480752553849566 0.28133017362480284
vt 0.92442068587342274 0.16201558880249409
vt 0.91448485557965298 0.15406233249026519
vt 0.91241528243296532 0.16881871749926064
vt 0.50266332776764588 0.57054813036031149
vt 0.52346006567921921 0.55370589295396289
vt 0.52983945250887221 0.55908938627513804
vt 0.19872426896441245 0.74083540763012623
vt 0.22290849655584583 0.72939684172910091
vt 0.19806699542217074 0.74672065999605675
vt 0.35825930815013801 0.22684759386706427
vt 0.38834320934789041 0.23776248967986002
vt 0.38257802487923898 0.24095647673501577
vt 0.60535168572555209 0.44284121155362777
vt 0.58631006475502756 0.435065871759168
vt 0.5998502039382887 0.43689072666108042
vt 0.8465177229150237 0.3673516210321372
vt 0.85009134094045746 0.33859786265279967
vt 0.83592502341285491 0.34626938491965692
vt 0.66978802124408521 0.67793238305895109
vt 0.68104197986494475 0.66961134660883281
vt 0.68387917118493691 0.67728691221411674
vt 0.36072666878203863 0.71916711849369086
vt 0.34844223648215694 0.71691886829652995
vt 0.37981080256802052 0.7058091605875394
vt 0.33304947813978708 0.33383819868888015
vt 0.35636213525236593 0.33114148449822556
vt 0.35001621186169163 0.33842758034305992
vt 0.063589891499901421 0.16844811665146886
vt 0.077301068712108137 0.16494681662189473
vt 0.078126342965977424 0.1823100670655067
vt 0.86475564373028391 0.711811400211948
vt 0.85611691640378551 0.72808957265378549
vt 0.85056029118197951 0.71477266425966091
vt 0.89971365462342268 0.81763088093947156
vt 0.89279184431683756 0.8152207431733044
vt 0.90319662485212937 0.79868456723186121
vt 0.10371665593577484 0.38467578587095819
vt 0.087749926449748619 0.36932765828322162
vt 0.097211521281052843 0.36844351494725947
vt 0.610376015070485 0.71391894223186125
vt 0.62560126367803626 0.71522135930106467
vt 0.61277155831033125 0.72820648289629342
vt 0.76365624075808358 0.77997007159404574
vt 0.77119756752760249 0.79354844920642742
vt 0.75932378437992898 0.79751577287066244
vt 0.78248641438288646 0.19487895785069992
vt 0.7711174709187697 0.19260084471115932
vt 0.77558978829850156 0.20694510763751972
vt 0.84717497720327284 0.57201643982896289
vt 0.86451943575019718 0.56787575321618688
vt 0.84705691172121456 0.58675494750591484
vt 0.48718161597988957 0.041634592724147282
vt 0.46725180833497632 0.048304204609867903
vt 0.48633070503499604 0.04037503022876824
vt 0.43944915867754336 0.4001350475034503
vt 0.41801014608389198 0.40956030042389591
vt 0.41650051754731859 0.40080065802444798
vt 0.2400905861839511 0.31697175901394914
vt 0.2366999773573048 0.32727339591137616
vt 0.22002280442872635 0.3216359424290221
vt 0.92377513801261835 0.13021692703198937
vt 0.93177278440457412 0.12014346919977327
vt 0.91516513764294161 0.12213167497412264
vt 0.51347201855776814 0.54051756272180596
vt 0.510146584495761 0.53284257473629737
vt 0.53360287639244874 0.521379479248817
vt 0.27576823430106467 0.69265929983241326
vt 0.30439972982797714 0.6710557041108044
vt 0.301419693137569 0.67748769284798893
vt 0.33897666570139984 0.60196983746549682
vt 0.34385035180895113 0.60331187925128149
vt 0.31575529176730088 0.62424632171727135
vt 0.54484077718355683 0.43527158141512223
vt 0.52467233555550075 0.44781559604199528
vt 0.52221025051754733 0.4455107776148462
vt 0.87295684333103307 0.308743911887569
vt 0.88158216987874605 0.29245414854224172
vt 0.87295530301163249 0.28539950494134464
vt 0.6893731824231073 0.55506241374211351
vt 0.67386755717665614 0.54926164789530763
vt 0.68430337514787065 0.54332983937549295
vt 0.5052913437130323 0.41505796992064276
vt 0.53473793775877365 0.40310932725009857
vt 0.51252710962145109 0.41653532876577287
vt 0.36491421961257886 0.31480699412830243
vt 0.36679317823343849 0.30610307278317234
vt 0.38729024700561909 0.31180265889934938
vt 0.076479187974418369 0.12960259952003647
vt 0.075886217953654869 0.11054370771823245
vt 0.088302053938904765 0.12551424525889687
vt 0.86429139146293377 0.75857079924093063
vt 0.86675374605678235 0.77504975231664042
vt 0.85575817601537851 0.77542928701695579
vt 0.87349541600946368 0.84814884414432179
vt 0.8650136472298896 0.86455332277701102
vt 0.86686780670839902 0.84558167081526026
vt 0.065892149146046922 0.3701596618074724
vt 0.054566791907469936 0.37006797429514982
vt 0.054629848732933264 0.35677332351636437
vt 0.77929933951104102 0.89035367273757882
vt 0.784147956920347 0.87168831328864349
vt 0.791672263160489 0.88455891413643528
vt 0.79597214178332021 0.78618718577484226
vt 0.8086868623077681 0.78311640501774449
vt 0.80316397008083595 0.79997697222496056
vt 0.022271685194141858 0.16551636897427049
vt 0.036899862680525433 0.17739658295544164
vt 0.024252622586319498 0.18227904888357649
vt 0.39487485675029577 0.88358735767448737
vt 0.37838816356959781 0.86688243974270507
vt 0.37208078667192429 0.89151376429416407
vt 0.63145424635252367 0.7008608074970426
vt 0.64749012655264193 0.69375639232551267
vt 0.64530433630717665 0.69866454307965298
vt 0.38311786832117506 0.7355329351094243
vt 0.39153032272772081 0.72412294213328077
vt 0.40909543202878551 0.72623025310528388
vt 0.27084781875369679 0.33592356010942431
vt 0.28773591917019914 0.33966953987578863
vt 0.26575163350872438 0.343271422762224
vt 0.96896009956624607 0.10145660304120663
vt 0.99085088784010256 0.08625627872695682
vt 0.9833060183359621 0.08461944868888012
vt 0.46274772186760649 0.55824155596904579
vt 0.43910327995613169 0.57174064564027993
vt 0.46307966069844242 0.55010416409946772
vt 0.31981649789900435 0.64931178529179812
vt 0.33246796905806386 0.63427164456821772
vt 0.3505817786376183 0.62452130723826893
vt 0.39823683489008282 0.56146105456427442
vt 0.42387880150828078 0.5411784367606467
vt 0.40437997523166402 0.56038918480136046
vt 0.97242720450512621 0.069286026337921428
vt 0.9733969895997634 0.075346716270085767
vt 0.99508068193020505 0.055570314810479103
vt 0.90187526185429812 0.29804244658172319
vt 0.91322456624605675 0.29582869953913643
vt 0.9080044237973186 0.28311369020480087
vt 0.63656098278539042 0.55674344131999209
vt 0.61205276826202681 0.56333812629386826
vt 0.61204876343158521 0.5607086470450513
vt 0.5656925430057177 0.38170339301557571
vt 0.56853793652651818 0.37763598709828472
vt 0.60096035063830833 0.37813809271490534
vt 0.32474969809739745 0.29269482344859032
vt 0.30368609984966483 0.28470780526049883
vt 0.32267534996056785 0.2817850877057867
vt 0.056474684465570781 0.090045156388628741
vt 0.04741908894728411 0.084461123108487773
vt 0.060611260350946369 0.078185573060429808
vt 0.77210188904771293 0.71103669656940061
vt 0.75734408887026816 0.71377137963328074
vt 0.76230799918671133 0.70438806190851733
vt 0.92760860792093847 0.69287386632492109
vt 0.92489741472791798 0.67717970598383281
vt 0.93788831452089905 0.67815642251577291
vt 0.050443140264565263 0.30019015243000791
vt 0.037305055732606715 0.28460876272303826
vt 0.053175575424820092 0.29415485370046335
vt 0.60414407531545744 0.78919481343651421
vt 0.60810566128992505 0.79876019691443223
vt 0.59190677678923498 0.79186357083004733
vt 0.70969107354100947 0.88970404303036277
vt 0.70068374778194009 0.91111171012421133
vt 0.69530710888209779 0.89784370687105675
vt 0.75035858635646691 0.28325796037066248
vt 0.74075469489353307 0.29296251170642745
vt 0.75257456686218449 0.29925059610360805
vt 0.79447756986888807 0.66047586627563093
vt 0.78764386583201895 0.66958377489156151
vt 0.77701127205737386 0.66890588032334386
vt 0.67943766019321772 0.8388347637766167
vt 0.68084659034897477 0.84938841618197947
vt 0.66739136127267351 0.86358723444893537
vt 0.31091791868961949 0.38263659552444795
vt 0.28865321788125986 0.38160754664087143
vt 0.30460081852572951 0.37659811988613962
vt 0.12421443710567823 0.32017982073762813
vt 0.10999459347890378 0.31878259700931583
vt 0.11105206125542193 0.30533206590718653
vt 0.859946150433754 0.070767414080983831
vt 0.85660850934049682 0.059481484205564865
vt 0.85560984325709777 0.078077375249531747
vt 0.95822699995070981 0.16926315740832018
vt 0.94512951005520507 0.17686567336602918
vt 0.95471237615832016 0.18423939413076695
vt 0.42909424598284701 0.61776827743000784
vt 0.45948902214363169 0.60345609165516556
vt 0.43771387334877759 0.61911848290861593
vt 0.16809012716876973 0.73660615265181384
vt 0.15389504417636041 0.75034241300276028
vt 0.13156801819425276 0.74753025187302835
vt 0.27672646700019715 0.19258295775211948
vt 0.30168435851858244 0.20715628542734621
vt 0.27556312151887813 0.19800164737159898
vt 0.86531662805599374 0.17510662861050869
vt 0.8643571631013407 0.15381386934394717
vt 0.86169140933063881 0.16439942561489551
vt 0.67469101192823344 0.48379780381259857
vt 0.66700266167192424 0.47467160390378549
vt 0.68074785587539433 0.47088669256457016
vt 0.34759733278292587 0.6857944813436514
vt 0.3600791570139984 0.67516104039333591
vt 0.38210075691295348 0.66809967714905361
vt 0.53385571982206226 0.31339473303184151
vt 0.56351999950709775 0.31012120773363566
vt 0.56202708343602126 0.31567756339954656
vt 0.17257965761780364 0.16282196526271689
vt 0.18928496062943612 0.16764799773881112
vt 0.19263170886114944 0.1783869890760548
vt 0.88684490215891165 0.63314821261336751
vt 0.8948470154771293 0.61872778089264591
vt 0.90297943981664042 0.62759513012618295
vt 0.95214058187105677 0.80678433680007888
vt 0.9598388671875 0.81456710863564674
vt 0.9463897993888013 0.82517521133182181
vt 0.1727402359153194 0.37649226143533121
vt 0.18802684699699329 0.36638356879682571
vt 0.18666820826966679 0.37506923735705838
vt 0.50616501287707016 0.73301035402701109
vt 0.48598097551508279 0.73220854076301267
vt 0.50577219292192432 0.72179782999802844
vt 0.71070383354692424 0.73403027651813879
vt 0.69910422725256305 0.72637850884759458
vt 0.70830062721805997 0.72309123619873816
vt 0.83184980037460565 0.21052373170100552
vt 0.83975949452878551 0.20366750049290222
vt 0.83656348580441642 0.1933449345056191
vt 0.96926246426458995 0.26846527195879338
vt 0.97364629029475547 0.25953973715989748
vt 0.96141938892448742 0.26633327736839513
vt 0.50587373847841088 0.61996076806486589
vt 0.48056363367507887 0.63019588241817825
vt 0.50841264694647081 0.61549002951251974
vt 0.50445945571273665 0.35164983611001577
vt 0.51966814588673105 0.34594299123866323
vt 0.53438732255520505 0.34969366897919951
vt 0.20519551659232058 0.24577130338747041
vt 0.20336844748126973 0.23147278794730874
vt 0.22266551117039629 0.2442223774521885
vt 0.89759109448935326 0.2003435297343257
vt 0.89895281385548109 0.21754379513135844
vt 0.90589364710666409 0.20819840777183557
vt 0.59030650045593458 0.54469406176064672
vt 0.59820052186021289 0.54871260104495267
vt 0.57191370052494084 0.55778685368197944
vt 0.19066173661770505 0.76970391980481068
vt 0.1777463317293474 0.78838260301656149
vt 0.16408317878795348 0.78922130693020509
vt 0.40870141832610413 0.26797394857797713
vt 0.39361067811021294 0.27016572681511236
vt 0.38086588284946765 0.25935520689570191
vt 0.11521365770406151 0.059963065066172119
vt 0.10583167813177741 0.059956494641228805
vt 0.11318058050017252 0.046208975518163449
vt 0.81036842899743688 0.31300091186908519
vt 0.79858583275828077 0.31327543529426261
vt 0.80178669348876186 0.32968045303874211
vt 0.72522273018533123 0.66986973518828863
vt 0.73461837046529965 0.67002238084089116
vt 0.71613191911474761 0.67533178479889588
vt 0.454523956587638 0.66587206723186121
vt 0.48098167636041012 0.65533366398856463
vt 0.45883361623866326 0.67003917032235805
vt 0.37175054219242903 0.35271669983487774
vt 0.36029788236888799 0.35762881691147475
vt 0.34776491953371452 0.35417476617951499
vt 0.10956753992507887 0.22766534943685923
vt 0.11068660122362974 0.24408804234646095
vt 0.09589808130113861 0.23045442502957414
vt 0.81245379041798105 0.7133340059394716
vt 0.80350099196569402 0.704431190851735
vt 0.81966579689964514 0.69990111149447953
vt 0.9183184795199133 0.74460711073048103
vt 0.92911904512519716 0.72827156139097005
vt 0.92773352782432961 0.74714979298107254
vt 0.07417616016857255 0.33481275877365929
vt 0.076332689158923994 0.33239264743937302
vt 0.088917835127291997 0.34858194345179416
vt 0.60709243918819011 0.76329141610804419
vt 0.59470357323294554 0.77066068920051267
vt 0.59037866441985409 0.76131703470031542
vt 0.73719732723777598 0.84056223198442426
vt 0.72473984005323344 0.84675647242212149
vt 0.73093076880421926 0.82598164555402209
vt 0.76436317034700318 0.24642593913273855
vt 0.767939483931388 0.26224305546998228
vt 0.77581837169755519 0.24966463395849764
vt 0.82374356146490535 0.62811390970031544
vt 0.80685781003548895 0.64033788446372242
vt 0.81193963180205042 0.62939637963328077
vt 0.52807440050768928 0.022356388320682177
vt 0.55624734294903388 0.030240886218916355
vt 0.54695509660883279 0.030781492600305601
vt 0.36454666089560334 0.39206562222742508
vt 0.35842389127809543 0.38437573165171529
vt 0.38284430759562305 0.38463030794065456
vt 0.16819248139294163 0.32478859116226338
vt 0.15403289313572063 0.3153226930636337
vt 0.17032189594834385 0.31010969384611592
vt 0.88501230715201107 0.099319361737849957
vt 0.87324911893730284 0.097752442946569401
vt 0.88117783603608046 0.11115437697160883
vt 0.58721554151468847 0.4757011533911672
vt 0.60512984122387614 0.46934799049930992
vt 0.59276689114254733 0.48531571156595033
vt 0.35961798538544953 0.64757630742310723
vt 0.36439736543769718 0.65004112652799684
vt 0.3320056806979495 0.66723124507097786
vt 0.2432651074526814 0.68589159848186121
vt 0.21661041933655362 0.70314040319400628
vt 0.24100060688584385 0.68374747387618295
vt 0.47506931437302841 0.47890929213081623
vt 0.47106671739451894 0.47890863749507095
vt 0.49565167833201895 0.45758611155609225
vt 0.86814604076301261 0.23097079785464314
vt 0.86373972606959781 0.21924530895726538
vt 0.86159159663347795 0.24176757042340299
vt 0.68163885363268928 0.51407101026468849
vt 0.68840624691936125 0.50263941430895109
vt 0.69353728189077291 0.512583138739649
vt 0.30308803233438486 0.71791930574723972
vt 0.33329693045149844 0.70220589141364353
vt 0.33151362566541798 0.70698681178529177
vt 0.45596403970327287 0.31257324218749999
vt 0.47939514737776023 0.31895214766734031
vt 0.45331734738515378 0.32137972955071964
vt 0.12638393847348187 0.14121065831710863
vt 0.14325357431116917 0.15777311595832511
vt 0.13000013670334681 0.15735533320189274
vt 0.84458862689767356 0.77645013369972393
vt 0.85575817601537851 0.77542928701695579
vt 0.84795229938880123 0.79184755150828079
vt 0.86817561489550477 0.82727974972890383
vt 0.86686780670839902 0.84558167081526026
vt 0.859704628351735 0.84276773831821772
vt 0.84329945657531546 0.91067533763801267
vt 0.83507753967862774 0.92199907272772086
vt 0.83650456858734223 0.90330876010449523
vt 0.79968777725749207 0.8970498262519716
vt 0.791672263160489 0.88455891413643528
vt 0.80323135905461351 0.87869568833793377
vt 0.79807999186711354 0.81727337280658519
vt 0.80316397008083595 0.79997697222496056
vt 0.80978079714609619 0.81377553849566242
vt 0.012002368529888358 0.18744156413273858
vt 0.024252622586319498 0.18227904888357649
vt 0.027670952348679022 0.19922184989279376
vt 0.36551113188830836 0.91345499802839114
vt 0.37208078667192429 0.89151376429416407
vt 0.3523659305993691 0.89973260055205051
vt 0.64865730357847007 0.70316165960173505
vt 0.64530433630717665 0.69866454307965298
vt 0.66025174980283907 0.69623492027306777
vt 0.42759794120908912 0.72830721978509461
vt 0.40909543202878551 0.72623025310528388
vt 0.43418634938140771 0.71662951929712149
vt 0.2440800711935627 0.34750117834434147
vt 0.26575163350872438 0.343271422762224
vt 0.26061511114944796 0.34936007430500787
vt 0.97863138000295746 0.082926541397624218
vt 0.9833060183359621 0.08461944868888012
vt 0.99968454258675077 0.066160058824797904
vt 0.48533966353263014 0.52865818156052835
vt 0.46307966069844242 0.55010416409946772
vt 0.46451435269617508 0.54157522303824923
vt 0.3712702706033123 0.61256792808556781
vt 0.3505817786376183 0.62452130723826893
vt 0.38065050768927444 0.59979552259956626
vt 0.38518020196667979 0.5794660405781743
vt 0.40437997523166402 0.56038918480136046
vt 0.41173642516512227 0.55808444339018137
vt 0.49431310226488567 0.48344345333448346
vt 0.51569150329012226 0.46578292124654969
vt 0.49829020695731469 0.48279798248964906
vt 0.90462134328174293 0.26750440146268728
vt 0.9080044237973186 0.28311369020480087
vt 0.91412195632886439 0.26907156092887419
vt 0.61059574163298502 0.55712432379978316
vt 0.61204876343158521 0.5607086470450513
vt 0.58866813972545351 0.56874715040910884
vt 0.63620420630421926 0.3945081067010055
vt 0.60096035063830833 0.37813809271490534
vt 0.64411794379682574 0.39339765193710569
vt 0.34108432324526816 0.27872308676927249
vt 0.32267534996056785 0.2817850877057867
vt 0.31868006949921135 0.27069378681363365
vt 0.072794310753277802 0.072155318876922322
vt 0.060611260350946369 0.078185573060429808
vt 0.065598602776271692 0.066673230673612485
vt 0.76790505779278395 0.69542448122042588
vt 0.76230799918671133 0.70438806190851733
vt 0.75229946581723184 0.69918309160587544
vt 0.95044184062007098 0.68052358537066249
vt 0.93788831452089905 0.67815642251577291
vt 0.94811410994183754 0.66434468651419554
vt 0.068244924455034994 0.30346729747880519
vt 0.053175575424820092 0.29415485370046335
vt 0.055876530307324528 0.28658818867680402
vt 0.57320772285341093 0.78785196298304416
vt 0.59190677678923498 0.79186357083004733
vt 0.57750706236445193 0.79349939003351733
vt 0.6907088703913643 0.88474036376182963
vt 0.69530710888209779 0.89784370687105675
vt 0.68088779389294163 0.90658671382097789
vt 0.7640559536425473 0.30425307216704456
vt 0.75257456686218449 0.29925059610360805
vt 0.75456781718257093 0.314696052623472
vt 0.76606822690753151 0.66886305944400626
vt 0.77701127205737386 0.66890588032334386
vt 0.75959033665220821 0.6755770036474763
vt 0.65255215521490539 0.87967263591778388
vt 0.66739136127267351 0.86358723444893537
vt 0.65547344797417195 0.88737092123422712
vt 0.31984707323910688 0.37173517750640772
vt 0.30460081852572951 0.37659811988613962
vt 0.2977463971929219 0.37148325826843454
vt 0.11162301914925078 0.29094860185208005
vt 0.11105206125542193 0.30533206590718653
vt 0.097970658070657538 0.29082214162928827
vt 0.85680567022377763 0.094816497899004343
vt 0.85560984325709777 0.078077375249531747
vt 0.85387875529869872 0.089127588121672915
vt 0.96405718589806777 0.19161265279968454
vt 0.95471237615832016 0.18423939413076695
vt 0.95158521971115928 0.19901739174635252
vt 0.41619861494479493 0.63439902898264988
vt 0.43771387334877759 0.61911848290861593
vt 0.44794351956821765 0.61929527306782339
vt 0.11699513336085371 0.5188199690087737
vt 0.13763568288520309 0.50829639133970816
vt 0.1167954116965694 0.54936692872634074
vt 0.25112121774571178 0.18931455401592073
vt 0.27556312151887813 0.19800164737159898
vt 0.27378002852671529 0.2039116026099172
vt 0.85801212539432181 0.17522024642029771
vt 0.86169140933063881 0.16439942561489551
vt 0.8584357132294953 0.1550900624753549
vt 0.69296397500985807 0.46702661363860409
vt 0.68074785587539433 0.47088669256457016
vt 0.68602760868493695 0.45792063042192427
vt 0.40583858068809148 0.65960835838919563
vt 0.38210075691295348 0.66809967714905361
vt 0.41582624272969243 0.65083469908320191
vt 0.55565162442083993 0.32429518835025634
vt 0.56202708343602126 0.31567756339954656
vt 0.58835657161869082 0.31673786151296335
vt 0.19558850598260055 0.1900271057706526
vt 0.19263170886114944 0.1783869890760548
vt 0.21281965478361592 0.19341711772353115
vt 0.90980990918276816 0.63804662084729891
vt 0.90297943981664042 0.62759513012618295
vt 0.91854821815851739 0.62349999845968063
vt 0.93349647882985021 0.83684174450414039
vt 0.9463897993888013 0.82517521133182181
vt 0.940461418079653 0.84246129177346218
vt 0.56704509747141163 0.88947907938190063
vt 0.56307442361248028 0.88420725921727128
vt 0.54941429354791005 0.88957858401518142
vt 0.52473021305697953 0.71058114710666409
vt 0.50577219292192432 0.72179782999802844
vt 0.50684614211602919 0.70999243703174286
vt 0.71856924351833595 0.72063920174487384
vt 0.70830062721805997 0.72309123619873816
vt 0.70765669669262621 0.71381535575216881
vt 0.83283159996056777 0.18390535661474763
vt 0.83656348580441642 0.1933449345056191
vt 0.84008627328962937 0.17691407790319399
vt 0.9493621537361987 0.27380113090250396
vt 0.96141938892448742 0.26633327736839513
vt 0.95373365721115932 0.26301731627070191
vt 0.53523372806585179 0.6013759288125986
vt 0.50841264694647081 0.61549002951251974
vt 0.51173396065408128 0.61078989889343449
vt 0.54760522691985414 0.35587889854840299
vt 0.53438732255520505 0.34969366897919951
vt 0.56534034897476337 0.3493293449329653
vt 0.24235655005421924 0.25597158726833596
vt 0.22266551117039629 0.2442223774521885
vt 0.23986698956895702 0.2430131689607157
vt 0.91369790639787063 0.19970826350552051
vt 0.90589364710666409 0.20819840777183557
vt 0.91452759944302053 0.21500866044583006
vt 0.54464985459384863 0.56753630532827282
vt 0.57191370052494084 0.55778685368197944
vt 0.55256963784010249 0.5707655849516956
vt 0.15353164432176655 0.78432386139589905
vt 0.16408317878795348 0.78922130693020509
vt 0.1381200074397427 0.80561939323738174
vt 0.36521385024398662 0.24762858201276616
vt 0.38086588284946765 0.25935520689570191
vt 0.35409043369233045 0.25095544087021887
vt 0.12283371404894519 0.029544676290325561
vt 0.11318058050017252 0.046208975518163449
vt 0.10920397641154869 0.034331387300220575
vt 0.8054166101882887 0.34754550103509463
vt 0.80178669348876186 0.32968045303874211
vt 0.79224171924290221 0.34433316492507887
vt 0.69803901937105683 0.68019734572160884
vt 0.71613191911474761 0.67533178479889588
vt 0.70803076325906944 0.67985547183063877
vt 0.4379689502415221 0.68451024004337535
vt 0.45883361623866326 0.67003917032235805
vt 0.46431237831476735 0.67434659651025242
vt 0.33416536252957413 0.3506369990881309
vt 0.34776491953371452 0.35417476617951499
vt 0.3247202009808754 0.35551361180254337
vt 0.081126023542241715 0.21686339754411474
vt 0.09589808130113861 0.23045442502957414
vt 0.08293295297712934 0.23302209896244086
vt 0.83606111063190058 0.69454495884266565
vt 0.81966579689964514 0.69990111149447953
vt 0.82731910488958993 0.68674370317429023
vt 0.92501455601833593 0.76595362714412463
vt 0.92773352782432961 0.74714979298107254
vt 0.93674154672712939 0.75057577139195586
vt 0.10180164421394421 0.36536318420987773
vt 0.088917835127291997 0.34858194345179416
vt 0.1033001631968405 0.36252518422220031
vt 0.58561399441788253 0.74915759931979498
vt 0.59037866441985409 0.76131703470031542
vt 0.57141694751823735 0.75793865215891165
vt 0.73639035390378549 0.80655228768237386
vt 0.73093076880421926 0.82598164555402209
vt 0.72555651739944793 0.81217761114944798
vt 0.78359151653686909 0.23626181424980283
vt 0.77581837169755519 0.24966463395849764
vt 0.78686569647082016 0.25100007162485211
vt 0.81568129867409311 0.61806078408418774
vt 0.81193963180205042 0.62939637963328077
vt 0.80044915713722398 0.63171043997683363
vt 0.54157830367705051 0.032887694060990486
vt 0.54695509660883279 0.030781492600305601
vt 0.570334526567429 0.042560016620046333
vt 0.40733045704357257 0.38451070213919558
vt 0.38284430759562305 0.38463030794065456
vt 0.4004265144420347 0.37706965016265775
vt 0.18757757433581426 0.30548155390501774
vt 0.17032189594834385 0.31010969384611592
vt 0.17170964671234226 0.2951594307595623
vt 0.88939759648560723 0.12384636815790122
vt 0.88117783603608046 0.11115437697160883
vt 0.88063248595228705 0.12585920941566442
vt 0.57854596929219237 0.50207404007294953
vt 0.59276689114254733 0.48531571156595033
vt 0.59908770732699135 0.49462732742261434
vt 0.30253109134710171 0.68355169928036275
vt 0.3320056806979495 0.66723124507097786
vt 0.30619635837687303 0.68484033049093063
vt 0.47745484553677048 0.26990123472003152
vt 0.50570387975650632 0.27840451020923701
vt 0.50260656699773265 0.28104228792882491
vt 0.52097006235212939 0.4416347948910686
vt 0.49565167833201895 0.45758611155609225
vt 0.51370418319942823 0.44056365677986986
vt 0.85922666724171926 0.26447667263283714
vt 0.86159159663347795 0.24176757042340299
vt 0.85411126651222402 0.25214358549388799
vt 0.69875095499802842 0.52369819905855675
vt 0.69353728189077291 0.512583138739649
vt 0.70319577767645902 0.51021324181782335
vt 0.33191476334532727 0.7102154752809543
vt 0.33151362566541798 0.70698681178529177
vt 0.36070583596214512 0.69540276271687695
vt 0.42825819912016955 0.32370798008675078
vt 0.45331734738515378 0.32137972955071964
vt 0.44892223851537855 0.33051977308014591
vt 0.11709860431659108 0.15801072947986494
vt 0.13000013670334681 0.15735533320189274
vt 0.13254163483339906 0.17344999584113763
vt 0.840871451104101 0.80761225847791795
vt 0.84795229938880123 0.79184755150828079
vt 0.85032285094637228 0.80748756962243695
vt 0.85212594883675075 0.83990490068020507
vt 0.859704628351735 0.84276773831821772
vt 0.85181765390871456 0.85746238540023656
vt 0.83661731996746846 0.88300480887716881
vt 0.83650456858734223 0.90330876010449523
vt 0.82819901234720028 0.89306009094045746
vt 0.8136310565358833 0.87243428997436911
vt 0.80323135905461351 0.87869568833793377
vt 0.8070302487923896 0.86094273708596214
vt 0.81563116127760249 0.82729014688485802
vt 0.80978079714609619 0.81377553849566242
vt 0.82081957314668774 0.8108751170642744
vt 0.03211824675839782 0.21546472976636435
vt 0.027670952348679022 0.19922184989279376
vt 0.042422615316011929 0.21111242252193416
vt 0.94313186982452679 0.57905516037805604
vt 0.93538198380816251 0.56317912682373816
vt 0.95330906816837535 0.56475117680402209
vt 0.67590501466384068 0.695544318069795
vt 0.66025174980283907 0.69623492027306777
vt 0.6727164764885647 0.69172332474861986
vt 0.45768507707758282 0.70677586504337542
vt 0.43418634938140771 0.71662951929712149
vt 0.44360859867902208 0.7043670365486987
vt 0.25578694148018533 0.35437215811070583
vt 0.26061511114944796 0.34936007430500787
vt 0.27615031052839117 0.3515724735681191
vt 0.50585652540910886 0.48568654346165219
vt 0.52481377538446372 0.47055067188732258
vt 0.50652964498718456 0.49082142923156546
vt 0.46663152171234229 0.53307797404869872
vt 0.46451435269617508 0.54157522303824923
vt 0.44440521336504335 0.55425031884611597
vt 0.40795771361149447 0.57663038957758284
vt 0.38065050768927444 0.59979552259956626
vt 0.39210686427937697 0.5856768779574133
vt 0.42012538970080837 0.55463778619134463
vt 0.41173642516512227 0.55808444339018137
vt 0.43638365351439273 0.53784711097693216
vt 0.4808884485286869 0.50031453322160879
vt 0.49829020695731469 0.48279798248964906
vt 0.50162014645356856 0.48241902540910886
vt 0.91998287164826498 0.25686062111839508
vt 0.91412195632886439 0.26907156092887419
vt 0.92418008798304419 0.26818581951153392
vt 0.56538886903588326 0.57792953346805997
vt 0.58866813972545351 0.56874715040910884
vt 0.56505107699132495 0.58074662361987384
vt 0.67549667599073349 0.3893080654204456
vt 0.64411794379682574 0.39339765193710569
vt 0.62939014133970816 0.37537214116719242
vt 0.31299748465841876 0.25969390387790814
vt 0.31868006949921135 0.27069378681363365
vt 0.29700429055969046 0.26204882119356271
vt 0.8331043905264196 0.13738728712785883
vt 0.82719587933753946 0.14512805637877071
vt 0.83272200623521297 0.14945747062610903
vt 0.74230964732847005 0.69508314644124602
vt 0.75229946581723184 0.69918309160587544
vt 0.73725331784798898 0.70206341186908516
vt 0.95842339067429017 0.65155502945090693
vt 0.94811410994183754 0.66434468651419554
vt 0.94463291108044167 0.64896821704948737
vt 0.058541114397981563 0.27794932657235805
vt 0.055876530307324528 0.28658818867680402
vt 0.044225905746315554 0.27083880788520309
vt 0.56109026117655758 0.79553353583399056
vt 0.57750706236445193 0.79349939003351733
vt 0.57897849097988963 0.79795075906940061
vt 0.66641918868296535 0.91606483820485018
vt 0.68088779389294163 0.90658671382097789
vt 0.67024418683458198 0.92766783320189272
vt 0.75684810602326502 0.32972358198195978
vt 0.75456781718257093 0.314696052623472
vt 0.74517055956723188 0.32402197419656942
vt 0.74249772032728711 0.68067800239057574
vt 0.75959033665220821 0.6755770036474763
vt 0.7534463876429417 0.68198943032827286
vt 0.64383025064077282 0.91008739772279179
vt 0.65547344797417195 0.88737092123422712
vt 0.65897605727523656 0.89590275039432177
vt 0.29048086461208594 0.36719905239550471
vt 0.2977463971929219 0.37148325826843454
vt 0.27658502717123423 0.37068880002957411
vt 0.085508636570879343 0.27567779829825512
vt 0.097970658070657538 0.29082214162928827
vt 0.085006145874408523 0.28806192777134265
vt 0.85355867692724763 0.10097159496993297
vt 0.85387875529869872 0.089127588121672915
vt 0.85111164851143528 0.087241235967690262
vt 0.9494221491768533 0.21243168683458202
vt 0.95158521971115928 0.19901739174635252
vt 0.94050416194302056 0.20618338118592272
vt 0.45934076640132099 0.61839969286031149
vt 0.44794351956821765 0.61929527306782339
vt 0.47765508705885251 0.60584019802346212
vt 0.11369347797959385 0.59022082018927446
vt 0.1167954116965694 0.54936692872634074
vt 0.14076640132097792 0.55808937241226342
vt 0.27152503943217665 0.21019471947703075
vt 0.27378002852671529 0.2039116026099172
vt 0.29445708362085959 0.2176399303159503
vt 0.85519950216876972 0.14744909629460765
vt 0.8584357132294953 0.1550900624753549
vt 0.85767803011632493 0.13535924484301065
vt 0.96441846781348584 0.2342275336713821
vt 0.97568374778194011 0.22882130138505521
vt 0.96715877304317821 0.22361369328543967
vt 0.44704539783369479 0.63502000874901421
vt 0.41582624272969243 0.65083469908320191
vt 0.42822812438387226 0.64091708306634465
vt 0.60906543430845816 0.31907040568932371
vt 0.58835657161869082 0.31673786151296335
vt 0.62332786776666005 0.30218690697703077
vt 0.23256027269814669 0.20791960996032138
vt 0.21281965478361592 0.19341711772353115
vt 0.23100766925029576 0.19809004245120268
vt 0.93379514676163244 0.62149165300916798
vt 0.91854821815851739 0.62349999845968063
vt 0.92644867039629342 0.60908757639984223
vt 0.93462915270110414 0.85852127797220035
vt 0.940461418079653 0.84246129177346218
vt 0.94712560996648265 0.84868348900828072
vt 0.21786882177888406 0.36590094822062302
vt 0.20122515079726933 0.37102986525285886
vt 0.21763045735163644 0.3632643449945781
vt 0.50905103232206228 0.69819297429514982
vt 0.50684614211602919 0.70999243703174286
vt 0.48939297552740535 0.70930545457906147
vt 0.70925531718257095 0.70593577484227132
vt 0.70765669669262621 0.71381535575216881
vt 0.69595219464708202 0.70737589646589116
vt 0.84220182497042584 0.16143001712835173
vt 0.84008627328962937 0.17691407790319399
vt 0.84629175805895107 0.16851175109670741
vt 0.94643154204455837 0.25865636398363567
vt 0.95373365721115932 0.26301731627070191
vt 0.95784854347397475 0.25300002233463131
vt 0.51548891278095421 0.60606427598826895
vt 0.51173396065408128 0.61078989889343449
vt 0.48896623003746059 0.61975070700660484
vt 0.59710462311464907 0.34993392029771292
vt 0.56534034897476337 0.3493293449329653
vt 0.581408575882295 0.34187901253203862
vt 0.25652985678110213 0.2422343642177642
vt 0.23986698956895702 0.2430131689607157
vt 0.2371669636915911 0.23057110422417193
vt 0.92288375517547316 0.22102936464905362
vt 0.91452759944302053 0.21500866044583006
vt 0.91559326942034702 0.2297712163594243
vt 0.53276401844686516 0.58317740166600951
vt 0.55256963784010249 0.5707655849516956
vt 0.55948790541206628 0.57338874889097002
vt 0.11134322013012618 0.81669844859029972
vt 0.1381200074397427 0.80561939323738174
vt 0.12488120286622634 0.83328198935331232
vt 0.3286615702632098 0.24285064600995662
vt 0.35409043369233045 0.25095544087021887
vt 0.34159339880717665 0.25416858564791994
vt 0.10297520393828864 0.02615505663754436
vt 0.10920397641154869 0.034331387300220575
vt 0.096347055525433753 0.04087292884802593
vt 0.78185249593355677 0.3561721368542981
vt 0.79224171924290221 0.34433316492507887
vt 0.78036285304120667 0.34008457893828864
vt 0.70169766302740533 0.68370696347594639
vt 0.70803076325906944 0.67985547183063877
vt 0.71937344427740535 0.67971260720623028
vt 0.47097025489205441 0.6785675337638013
vt 0.46431237831476735 0.67434659651025242
vt 0.48832006604889588 0.66503405646194791
vt 0.30292387279426264 0.35677786745859619
vt 0.3247202009808754 0.35551361180254337
vt 0.3143588767066739 0.35975619054367114
vt 0.070771288946976041 0.23536771659971412
vt 0.08293295297712934 0.23302209896244086
vt 0.084520598691344637 0.24804194597791798
vt 0.83533731454554416 0.67373354938880126
vt 0.82731910488958993 0.68674370317429023
vt 0.81791376059739751 0.68000003080638804
vt 0.94562210419952686 0.75521375012322556
vt 0.93674154672712939 0.75057577139195586
vt 0.94903291046431393 0.73575859190161674
vt 0.11705989416465398 0.37012735360804416
vt 0.1033001631968405 0.36252518422220031
vt 0.10527370705589512 0.35374066566443219
vt 0.55187402959877763 0.7556193932373817
vt 0.57141694751823735 0.75793865215891165
vt 0.55656126004288253 0.76544008465595426
vt 0.72087163594242898 0.79812897402405358
vt 0.72555651739944793 0.81217761114944798
vt 0.71489111482156942 0.81904327681388012
vt 0.79782198836750784 0.25059317700118294
vt 0.78686569647082016 0.25100007162485211
vt 0.78975934049684537 0.26604063593626776
vt 0.78920282309739742 0.63431315617606465
vt 0.80044915713722398 0.63171043997683363
vt 0.78464232243197951 0.64406337798205837
vt 0.59608058026912458 0.058855767957043573
vt 0.570334526567429 0.042560016620046333
vt 0.60030101691886828 0.057697784712638013
vt 0.41725681437302842 0.36949455189027997
vt 0.4004265144420347 0.37706965016265775
vt 0.39211460438436513 0.3707968919435134
vt 0.17227457810651617 0.28031743287288052
vt 0.17170964671234226 0.2951594307595623
vt 0.15606833858068808 0.2835674297922417
vt 0.88204095401222393 0.1430523604624655
vt 0.88063248595228705 0.12585920941566442
vt 0.87431224738761826 0.12979437891241127
vt 0.60608249026518135 0.50328804280855677
vt 0.59908770732699135 0.49462732742261434
vt 0.61877707111346614 0.48815694622436906
vt 0.28196584418745069 0.70145852844045742
vt 0.30619635837687303 0.68484033049093063
vt 0.31322291040270112 0.68504018693316249
vt 0.49552456347348184 0.28370987082881505
vt 0.50260656699773265 0.28104228792882491
vt 0.52658279370810335 0.29105788751355482
vt 0.52849829640674295 0.42640889164777207
vt 0.51370418319942823 0.44056365677986986
vt 0.50555019438830839 0.4432573288397082
vt 0.84562210419952677 0.26136880868616919
vt 0.85411126651222402 0.25214358549388799
vt 0.849758323886041 0.23932158172318613
vt 0.71141484498225549 0.506811484929515
vt 0.70319577767645902 0.51021324181782335
vt 0.70727562167291014 0.49575299284059543
vt 0.39097565371155363 0.68247062610902998
vt 0.36070583596214512 0.69540276271687695
vt 0.39094854409010255 0.67881198245268137
vt 0.44203027189718058 0.33809371611297317
vt 0.44892223851537855 0.33051977308014591
vt 0.46928210333694798 0.33741917173945191
vt 0.13486973133749014 0.18979280393582412
vt 0.13254163483339906 0.17344999584113763
vt 0.14880837040368691 0.18853532568513406
vt 0.81492253733734232 0.76651946347594635
vt 0.82126333916600947 0.78035769297121449
vt 0.8086868623077681 0.78311640501774449
vt 0.87776795396293372 0.77549536671924291
vt 0.86839873016068614 0.79217178874211358
vt 0.86675374605678235 0.77504975231664042
vt 0.8627232692971214 0.88401495034010258
vt 0.85743689311415616 0.88100709163052049
vt 0.8650136472298896 0.86455332277701102
vt 0.81367395443119084 0.93809972335863567
vt 0.81649920827582811 0.92024903884069398
vt 0.82510504978312305 0.93070588217172712
vt 0.7766057829751577 0.85795590373619879
vt 0.78873202447259461 0.85315372695682179
vt 0.784147956920347 0.87168831328864349
vt 0.73240554761435328 0.19848700201473776
vt 0.72816743579948739 0.18199331963475945
vt 0.72086832425571767 0.18864141518385252
vt 0.88486928849566249 0.61125561446421528
vt 0.90205170544164037 0.60307366885597402
vt 0.8948470154771293 0.61872778089264591
vt 0.69132184049684542 0.73054022082018932
vt 0.68533662140181384 0.71936535760055209
vt 0.69910422725256305 0.72637850884759458
vt 0.46543018810380521 0.74205795913840689
vt 0.46576736402060331 0.73130853213722402
vt 0.48598097551508279 0.73220854076301267
vt 0.19076208842665615 0.35713506752760255
vt 0.20410743496771491 0.35853198319203472
vt 0.18802684699699329 0.36638356879682571
vt 0.94963409712638014 0.090120940103139785
vt 0.97321230530362779 0.077987102905658523
vt 0.9733969895997634 0.075346716270085767
vt 0.54434910723087537 0.47333965121007493
vt 0.52550480117557175 0.48540605129879733
vt 0.54343943310084775 0.4639123573664235
vt 0.41346250708546922 0.59385843848580444
vt 0.41593109997289041 0.58557452373324137
vt 0.43910327995613169 0.57174064564027993
vt 0.31807135452607455 0.6405818325487973
vt 0.34848809949231074 0.61686468756161272
vt 0.33246796905806386 0.63427164456821772
vt 0.4433296468355678 0.5218637556683754
vt 0.44834330946865142 0.5214836818562697
vt 0.42387880150828078 0.5411784367606467
vt 0.89239790763012616 0.2278901397993888
vt 0.90027910587539428 0.23463086630643731
vt 0.89895281385548109 0.21754379513135844
vt 0.62157987480283916 0.54031855345524449
vt 0.60414064810479096 0.55176782457610407
vt 0.59820052186021289 0.54871260104495267
vt 0.19699695478854495 0.78081578396096218
vt 0.1710813311748324 0.80911160538249216
vt 0.1777463317293474 0.78838260301656149
vt 0.40253532722545349 0.28058165541206626
vt 0.37692116337243692 0.27270126583448345
vt 0.39361067811021294 0.27016572681511236
vt 0.10011205823639589 0.073519839698959977
vt 0.095394146555229695 0.062085389338833299
vt 0.10583167813177741 0.059956494641228805
vt 0.79788021244085172 0.67135221559542591
vt 0.78078905941936116 0.67825192231861198
vt 0.78764386583201895 0.66958377489156151
vt 0.72875691603410886 0.2848490718035292
vt 0.73094971473284698 0.30149865376084384
vt 0.74075469489353307 0.29296251170642745
vt 0.10879248008367015 0.32984996518878157
vt 0.096326559650409108 0.31570910143927444
vt 0.10999459347890378 0.31878259700931583
vt 0.27228410883280757 0.38676237954702286
vt 0.2669470561415615 0.3799114239328667
vt 0.28865321788125986 0.38160754664087143
vt 0.69297144555895107 0.83747173513899842
vt 0.68353629608635647 0.86032568513406937
vt 0.68084659034897477 0.84938841618197947
vt 0.79548532383675075 0.29702770341458007
vt 0.78733980678233439 0.31176923396835565
vt 0.79858583275828077 0.31327543529426261
vt 0.75209737591186909 0.66346832179120663
vt 0.74468897870662465 0.66967242027306784
vt 0.73461837046529965 0.67002238084089116
vt 0.50429352480530365 0.64031015871451102
vt 0.50560017775285881 0.64536340755619082
vt 0.48098167636041012 0.65533366398856463
vt 0.37186633570337146 0.36133143668671136
vt 0.34779541785784701 0.36231727961110016
vt 0.36029788236888799 0.35762881691147475
vt 0.12559222392855382 0.25759489137667585
vt 0.11151652531668967 0.25978137476587143
vt 0.11068660122362974 0.24408804234646095
vt 0.866662636164235 0.14403674971041996
vt 0.8623322592172713 0.13286625714708203
vt 0.8643571631013407 0.15381386934394717
vt 0.65235976932176654 0.47860758206821769
vt 0.66016780239550477 0.4654196754238959
vt 0.66700266167192424 0.47467160390378549
vt 0.3408092992162855 0.68036285304120658
vt 0.37620445275532333 0.66289655522969237
vt 0.3600791570139984 0.67516104039333591
vt 0.56016198768976733 0.30683489778440459
vt 0.59488459927050474 0.30394897460937498
vt 0.56351999950709775 0.31012120773363566
vt 0.18463791326769519 0.15741844778933359
vt 0.20784588642300866 0.17391856100280953
vt 0.18928496062943612 0.16764799773881112
vt 0.84284013333004737 0.21479449828716482
vt 0.84691920716679814 0.19529486334286278
vt 0.83975949452878551 0.20366750049290222
vt 0.98602452804613561 0.25349209662115535
vt 0.97760629744183758 0.25093853586479692
vt 0.97364629029475547 0.25953973715989748
vt 0.45159681061464907 0.6456574545297713
vt 0.45533524281595034 0.6403619519543573
vt 0.48056363367507887 0.63019588241817825
vt 0.50387721497929816 0.34324596898412857
vt 0.53355135270849763 0.34022871432620266
vt 0.51966814588673105 0.34594299123866323
vt 0.18457537630002957 0.2178732694511534
vt 0.2010395808174783 0.21735283403366523
vt 0.20336844748126973 0.23147278794730874
vt 0.91155847976636439 0.67698031163742112
vt 0.92101257516758672 0.66271849430697949
vt 0.92489741472791798 0.67717970598383281
vt 0.90226873644518923 0.86010341704455839
vt 0.90868847964313881 0.86296633169854098
vt 0.89652203580934542 0.87726827434936905
vt 0.62452947093109223 0.80906878450315456
vt 0.61052419379682576 0.8073427025828076
vt 0.60810566128992505 0.79876019691443223
vt 0.57652403052296919 0.68564599455343056
vt 0.56010842308261044 0.68568689003351735
vt 0.57674880163150632 0.67212129707216084
vt 0.75304028243296528 0.72380039925078865
vt 0.74319071002563086 0.71606745674783123
vt 0.75734408887026816 0.71377137963328074
vt 0.81601893668671133 0.17207462539432178
vt 0.82434328482354102 0.16785780849516957
vt 0.8194449921135647 0.16147686209212342
vt 0.92005603681979498 0.30500765538742114
vt 0.9253474190408123 0.28983092684098977
vt 0.91322456624605675 0.29582869953913643
vt 0.61107978700463328 0.56670253043671137
vt 0.58685795636583205 0.5746329803948147
vt 0.61205276826202681 0.56333812629386826
vt 0.53807442361248026 0.3788910778539038
vt 0.56645353780559937 0.3722282722545347
vt 0.56853793652651818 0.37763598709828472
vt 0.28420186809936909 0.28739510424881703
vt 0.28282753736814864 0.27618034675670344
vt 0.30368609984966483 0.28470780526049883
vt 0.93482015230678228 0.16951496112233833
vt 0.93315876380126184 0.18437457641216481
vt 0.94512951005520507 0.17686567336602918
vt 0.48125273406693614 0.58714661222151021
vt 0.4887957166798107 0.59022008853755914
vt 0.45948902214363169 0.60345609165516556
vt 0.17600363361346608 0.74748296406742898
vt 0.14724722781015873 0.76355619701301258
vt 0.15389504417636041 0.75034241300276028
vt 0.32932849005569798 0.21672064844366129
vt 0.32496626700512621 0.22116641456772476
vt 0.30168435851858244 0.20715628542734621
vt 0.76876971608832811 0.038170347003154574
vt 0.76806140021194791 0.023482092246648264
vt 0.76246056782334382 0.022665739811557326
vt 0.2831996592813486 0.77641794102425077
vt 0.28864882797096808 0.79978866817823346
vt 0.30525891998964905 0.77964822185528393
vt 0.6586142362480284 0.68592309801360407
vt 0.66463634599270505 0.68900797269321767
vt 0.64749012655264193 0.69375639232551267
vt 0.37547337865979891 0.72164995933556786
vt 0.40352887174684543 0.71158913212243691
vt 0.39153032272772081 0.72412294213328077
vt 0.31013297192305794 0.33659641013160491
vt 0.30405412066246057 0.34332872264392744
vt 0.28773591917019914 0.33966953987578863
vt 0.049925915450327783 0.17249311092148067
vt 0.051357045459446471 0.18978999285291798
vt 0.036899862680525433 0.17739658295544164
vt 0.87381056535883284 0.69579508206821772
vt 0.86803043979199523 0.68434542586750791
vt 0.88325611198738174 0.68031333177247633
vt 0.90621873151616716 0.82037272648856463
vt 0.91741947210173502 0.80453470031545737
vt 0.91279859091581228 0.82357443439471612
vt 0.12011478075093651 0.39993642331673895
vt 0.12651383553393633 0.39900583935084777
vt 0.1360351369960075 0.41581264941098184
vt 0.59428191079702286 0.71281822998817035
vt 0.57931920963130912 0.72458457585764979
vt 0.57758407833448344 0.71213979630816249
vt 0.75563702989451897 0.76601023388209777
vt 0.74431814681092268 0.76901832363958988
vt 0.74697111593059939 0.75106913569597789
vt 0.79360274546529963 0.19575341642843061
vt 0.79786111248028391 0.20822986879559346
vt 0.80450928504534702 0.19522048516980481
vt 0.82997269013702679 0.5794303051680797
vt 0.81750249531742902 0.59620592376035098
vt 0.81486870317429017 0.5869175282186514
vt 0.51266962767399449 0.037127952696021045
vt 0.53995161086602916 0.038022322308753943
vt 0.53826284318316242 0.041112111569955145
vt 0.4611140206033123 0.39077633638111198
vt 0.4569964002735607 0.382954170876873
vt 0.48303041668720426 0.38152067262667588
vt 0.24266370899669756 0.30549793905264194
vt 0.22469732723777602 0.29711405757097792
vt 0.24430626709754535 0.29346365462342272
vt 0.91811369405559939 0.1414230972434444
vt 0.90608911363860412 0.14544048128819992
vt 0.91448485557965298 0.15406233249026519
vt 0.51794167888653386 0.54750275717172714
vt 0.54340315857896293 0.53663761367557172
vt 0.52346006567921921 0.55370589295396289
vt 0.24869525319770308 0.71176950352425084
vt 0.24800723102942626 0.71548760350946372
vt 0.22290849655584583 0.72939684172910091
vt 0.33627390575709781 0.59867717369873819
vt 0.31079900603189076 0.61729693969341481
vt 0.334956085493888 0.59374114316344639
vt 0.56705495551557572 0.43161093534355283
vt 0.56772441683507491 0.43071666440753154
vt 0.58631006475502756 0.435065871759168
vt 0.86250662337342276 0.32526270147377762
vt 0.85367004201991326 0.31208461436563484
vt 0.85009134094045746 0.33859786265279967
vt 0.67975481195780763 0.65953011016364349
vt 0.69154056585173507 0.66144241669952686
vt 0.68104197986494475 0.66961134660883281
vt 0.31658205820558949 0.72829859399645114
vt 0.34007664629337542 0.71484359596805991
vt 0.34844223648215694 0.71691886829652995
vt 0.36143979815654576 0.32334846953864355
vt 0.37992463217172712 0.32862729815654573
vt 0.35636213525236593 0.33114148449822556
vt 0.076945856617828268 0.14763030524509563
vt 0.090872779629583997 0.16190397340792587
vt 0.077301068712108137 0.16494681662189473
vt 0.86076205762026814 0.74282796480678237
vt 0.84802438633675081 0.74456151727622244
vt 0.85611691640378551 0.72808957265378549
vt 0.88275881986888804 0.83167559025039428
vt 0.88528224812697165 0.81306552826794165
vt 0.89279184431683756 0.8152207431733044
vt 0.076521277202040619 0.36989865468503547
vt 0.07186558479766364 0.35514123958744087
vt 0.087749926449748619 0.36932765828322162
vt 0.7741546727129337 0.90898021613761826
vt 0.78280110163643535 0.92144378758379342
vt 0.76887153120070983 0.92757171727129339
vt 0.78342408381802053 0.78963234116226344
vt 0.77862152195879342 0.80726707290023658
vt 0.77119756752760249 0.79354844920642742
vt 0.7666629442281151 0.17853014251035096
vt 0.7594056523560726 0.18837983044164039
vt 0.7711174709187697 0.19260084471115932
vt 0.40272413187598582 0.91308871007492109
vt 0.39349230456427448 0.93337340730973972
vt 0.40851735015772872 0.940378548895899
vt 0.45040541206624607 0.06021588442829505
vt 0.45166146552149056 0.05560775901240881
vt 0.46725180833497632 0.048304204609867903
vt 0.4166066455540221 0.41983835118050078
vt 0.39535012230136041 0.42021726975305601
vt 0.41801014608389198 0.40956030042389591
vt 0.25370439114254734 0.33191745890427837
vt 0.23213635754510056 0.33745979766364353
vt 0.2366999773573048 0.32727339591137616
vt 0.94976294484424295 0.11359329945657531
vt 0.94331478275335179 0.11114709896244085
vt 0.93177278440457412 0.12014346919977327
vt 0.4864687561612776 0.54520598691344635
vt 0.50785208620859623 0.52462589492557177
vt 0.510146584495761 0.53284257473629737
vt 0.3103466912398955 0.66180115708793374
vt 0.33399577336356467 0.6478410113121057
vt 0.30439972982797714 0.6710557041108044
vt 0.37150178060922712 0.58224520036474758
vt 0.3494472563830836 0.60343768483832805
vt 0.34385035180895113 0.60331187925128149
vt 0.52808137045297709 0.44974819628598184
vt 0.50738771841729102 0.46498884808753943
vt 0.52467233555550075 0.44781559604199528
vt 0.89136312105678228 0.29649384796431388
vt 0.88893850428824916 0.2775983840509168
vt 0.88158216987874605 0.29245414854224172
vt 0.65783606688682961 0.55310582302346212
vt 0.65316497128844642 0.54529101254436119
vt 0.67386755717665614 0.54926164789530763
vt 0.5554754118814077 0.39025617051951894
vt 0.5671083275828076 0.39353997744972397
vt 0.53473793775877365 0.40310932725009857
vt 0.34592681788495661 0.30013495123348777
vt 0.36657314360705834 0.29682669173279769
vt 0.36679317823343849 0.30610307278317234
vt 0.065371059092813488 0.098090754848925474
vt 0.076349401624420846 0.093139215222668575
vt 0.075886217953654869 0.11054370771823245
vt 0.78753180759562302 0.70797523474467661
vt 0.79382162485212937 0.69653127772574919
vt 0.80350099196569402 0.704431190851735
vt 0.92901545864550472 0.71004242039629339
vt 0.94026317897279177 0.71259557681880914
vt 0.92911904512519716 0.72827156139097005
vt 0.06353410787010795 0.31653996897796727
vt 0.078653353621907035 0.32879761897427051
vt 0.076332689158923994 0.33239264743937302
vt 0.59938522001922323 0.77976805870465304
vt 0.58167401142300867 0.77678030116324925
vt 0.59470357323294554 0.77066068920051267
vt 0.71760931646786275 0.86815304921628544
vt 0.71224276666009467 0.85395199748619877
vt 0.72473984005323344 0.84675647242212149
vt 0.75961475071470819 0.2730641843392646
vt 0.77129306733044167 0.27737729045494874
vt 0.767939483931388 0.26224305546998228
vt 0.80094999199033912 0.6507389682324527
vt 0.78983643348284704 0.65172069080244477
vt 0.80685781003548895 0.64033788446372242
vt 0.56593163908468058 0.031415692639275683
vt 0.58472068618148665 0.04303989831581477
vt 0.55624734294903388 0.030240886218916355
vt 0.33442325050522476 0.38351288323146687
vt 0.35125085487726737 0.37753809980037462
vt 0.35842389127809543 0.38437573165171529
vt 0.13905991996500394 0.31824013502439868
vt 0.13974868341199231 0.30313607104569201
vt 0.15403289313572063 0.3153226930636337
vt 0.86611759414432177 0.084487886158073733
vt 0.86493755545149842 0.098890132482871651
vt 0.87324911893730284 0.097752442946569401
vt 0.615532272772082 0.45436919299585959
vt 0.6219768536203667 0.46442678553824923
vt 0.60512984122387614 0.46934799049930992
vt 0.39738557737332414 0.63339605000492905
vt 0.37196776573590301 0.65128185380520509
vt 0.36439736543769718 0.65004112652799684
vt 0.19081274568094439 0.72088611494479493
vt 0.18796155670839906 0.71776820041403788
vt 0.21661041933655362 0.70314040319400628
vt 0.44709414894272476 0.49766726328371452
vt 0.46545032777996848 0.47918262180845822
vt 0.47106671739451894 0.47890863749507095
vt 0.86513425423895896 0.19692067047022871
vt 0.85978487899250788 0.20728859886386042
vt 0.86373972606959781 0.21924530895726538
vt 0.68216017473383284 0.49308288766758673
vt 0.69399783739156151 0.48971259180303628
vt 0.68840624691936125 0.50263941430895109
vt 0.33861303479889587 0.69488845006900635
vt 0.36554532697900238 0.68482377205737377
vt 0.33329693045149844 0.70220589141364353
vt 0.50608661061957805 0.31611289617014982
vt 0.50237397876823742 0.32455542531299292
vt 0.47939514737776023 0.31895214766734031
vt 0.15723388864414925 0.15945579937955934
vt 0.16050266783320188 0.17310900763382295
vt 0.14325357431116917 0.15777311595832511
vt 0.87825007393533128 0.64724683310331232
vt 0.88589829887125393 0.65591767608931384
vt 0.86997024102917986 0.66078200475650628
vt 0.94449898030855683 0.79999699637716881
vt 0.93181290972496056 0.81326099479988168
vt 0.93687124162066249 0.79416434591876972
vt 0.15648493721658124 0.38989550473186119
vt 0.15662517367101242 0.40994237665122241
vt 0.14093991830145899 0.39839067429022085
vt 0.52602250252612381 0.73386546234227135
vt 0.54345791693365542 0.72321338352720821
vt 0.54530945786918372 0.73453272870662456
vt 0.72085500049290219 0.74497347569992112
vt 0.72885903921037065 0.74129580909897475
vt 0.72792637581328867 0.75795251503351735
vt 0.82283854680106472 0.21574572253302446
vt 0.81924513567133284 0.20402146589116718
vt 0.81254081846411674 0.21920710903612972
vt 0.7820059887618297 0.61909376078223577
vt 0.7925163581920347 0.60672299357994874
vt 0.79325386312105683 0.61520780449033907
vt 0.53121056782334386 0.6098612018188091
vt 0.55738317447505914 0.59631266789481463
vt 0.55656268483832805 0.60015734362677442
vt 0.48784017953962933 0.35831445158468062
vt 0.49777015661967666 0.36473877723284698
vt 0.47023540701399841 0.36566959224664825
vt 0.20645767356319006 0.26026126127513799
vt 0.22553705161302248 0.27142597764072357
vt 0.20706918036524052 0.27421823014220231
vt 0.89670209914727916 0.18291102267966286
vt 0.90366880976439279 0.17559598808408911
vt 0.89639241793178237 0.16584794197924882
vt 0.58246588962687307 0.53963407402158914
vt 0.556562607822358 0.54878468799290225
vt 0.57533775353657335 0.53363187290516556
vt 0.20723591994035884 0.75181619060528393
vt 0.20068875381999213 0.75040094513998423
vt 0.22672985570287854 0.73458794915713721
vt 0.42260376361642349 0.26582943889244876
vt 0.40451317435183359 0.25430553929662852
vt 0.43464513351488565 0.26421643567010056
vt 0.5788128681363367 0.41471817546086359
vt 0.58900839628105284 0.42429553492212146
vt 0.57487792968749996 0.4193201107181585
vt 0.82240771946470825 0.31066031952385648
vt 0.82817136361395904 0.3277360693513407
vt 0.8345884882689274 0.30571333346682766
vt 0.71704579061514195 0.66915664432176658
vt 0.69969447764688486 0.67417862467961354
vt 0.71030034687992905 0.66718619072850949
vt 0.42628917032235802 0.67703052604988168
vt 0.40200491823984619 0.69190931831624602
vt 0.39621300922959385 0.68904832906151414
vt 0.38192500646934147 0.34733524743690852
vt 0.36638957604248817 0.34304118351981466
vt 0.39078600188535095 0.34114512735360802
vt 0.10842461330281447 0.21091780316566444
vt 0.093164389817872631 0.19659641398240338
vt 0.10706106480739846 0.19395869402479299
vt 0.82076196520110412 0.72304656693611991
vt 0.83582521071569404 0.71862061317034698
vt 0.828447157802642 0.73399030522969244
vt 0.9076838063140773 0.76131903711553628
vt 0.90589641968158519 0.77986725527405365
vt 0.89721548760350944 0.77792807016462939
vt 0.071731114913988564 0.33689014904130521
vt 0.084330224840422907 0.35237205336898658
vt 0.068600444613194991 0.33884092505421926
vt 0.61888223642054419 0.75355367088919556
vt 0.61544308827878547 0.74099621697555207
vt 0.63057788162953465 0.74262772328470028
vt 0.74971434776715296 0.8349208891955836
vt 0.7548089541847397 0.81576817268828861
vt 0.76206254929022077 0.82984338032334382
vt 0.760471168301459 0.23022274173772672
vt 0.76830862147574919 0.21886635187672515
vt 0.75641242668079656 0.21409026425719638
vt 0.84091488811119874 0.61534135018237379
vt 0.8447768539284306 0.60139356546973577
vt 0.85886684862973184 0.60199498317971212
vt 0.50038669718552842 0.023275068505705342
vt 0.48860698904524841 0.031932953554749115
vt 0.47551639207906149 0.030872051347317381
vt 0.36945488866571374 0.40093277892103707
vt 0.39318204572900234 0.40127326652454653
vt 0.3726850924807768 0.41018705638801262
vt 0.18243608444647083 0.33298878955540223
vt 0.20061660911006507 0.32742685023166401
vt 0.19723701356713327 0.3386316341556585
vt 0.89920065124704263 0.10224957872264392
vt 0.90672488047121447 0.11296644722249606
vt 0.91571649497239749 0.10512174492002661
vt 0.56888620274300084 0.48309872985262226
vt 0.5524406360902997 0.50193556535883277
vt 0.54888900612430991 0.49251551101636437
vt 0.3573122042586751 0.64389787066246051
vt 0.32853657334384856 0.66076575438682961
vt 0.35712316856023263 0.63908267818414821
vt 0.26941237585025629 0.6668680377563091
vt 0.29219418113540024 0.64604322752365928
vt 0.2973940683840201 0.64632002291995272
vt 0.47803030886484621 0.48026881654179809
vt 0.50038253832314672 0.46135392534996056
vt 0.48143580102770112 0.48206995052494084
vt 0.87342409922121456 0.241788345481319
vt 0.87307698824428237 0.26339169090102521
vt 0.87980718281742898 0.25101085386065652
vt 0.67370351316048893 0.52343981047910093
vt 0.67966508835272077 0.53295609627612384
vt 0.66345931092271293 0.5313441520233636
vt 0.27464705506333792 0.7336260967074133
vt 0.27555118404352325 0.73643625542192426
vt 0.24764999245243494 0.75059302296924291
vt 0.43332384753302444 0.30640641943513408
vt 0.40991715392103706 0.3089518935146392
vt 0.41002443716729103 0.29993401656767549
vt 0.11064280801767054 0.12363365967567035
vt 0.09970357515834484 0.12377010309357749
vt 0.097238804188436515 0.10611521242544854
vt 0.83321098062894317 0.77810197222496058
vt 0.82664945103016563 0.79456521404278391
vt 0.82126333916600947 0.78035769297121449
vt 0.86880706883379333 0.80957015846805991
vt 0.85970678479889595 0.80822399632787856
vt 0.86839873016068614 0.79217178874211358
vt 0.85042451202681391 0.89680737997831228
vt 0.85112705170544167 0.87638259069400626
vt 0.85743689311415616 0.88100709163052049
vt 0.80781966248521297 0.90873854002365928
vt 0.81861475995662458 0.90146931067626179
vt 0.81649920827582811 0.92024903884069398
vt 0.79332186822259465 0.83494276173107251
vt 0.80039501491029175 0.84843334113761826
vt 0.78873202447259461 0.85315372695682179
vt 0.7353115141955836 0.17477983059567231
vt 0.72371783813091484 0.16621151511977525
vt 0.72816743579948739 0.18199331963475945
vt 0.90916343713032333 0.5859562148807177
vt 0.91876655843355681 0.59714328513160486
vt 0.90205170544164037 0.60307366885597402
vt 0.66895324514491328 0.71214788298501575
vt 0.68237735976932179 0.70900609350354893
vt 0.68533662140181384 0.71936535760055209
vt 0.44639888727326499 0.73006572542882497
vt 0.46837681911721213 0.72000736272673505
vt 0.46576736402060331 0.73130853213722402
vt 0.22307887513554811 0.35226141992803628
vt 0.21926856778021492 0.35833701726389983
vt 0.20410743496771491 0.35853198319203472
vt 0.97529327681388012 0.080801381974566253
vt 0.99441903773166407 0.061962938759981268
vt 0.97321230530362779 0.077987102905658523
vt 0.50610313054514988 0.50709436458744084
vt 0.50630818556535884 0.49839891499901418
vt 0.52550480117557175 0.48540605129879733
vt 0.39320588217172714 0.59934228361593056
vt 0.42001544940358831 0.57621061403292584
vt 0.41593109997289041 0.58557452373324137
vt 0.36635203075709777 0.59838043116620665
vt 0.37817891117902208 0.59297444918178233
vt 0.34848809949231074 0.61686468756161272
vt 0.4717275529253746 0.50224767257738567
vt 0.45373693038988566 0.52033518120317424
vt 0.44834330946865142 0.5214836818562697
vt 0.90211139281841479 0.25128866971855285
vt 0.90876880729988174 0.23983196655658517
vt 0.90027910587539428 0.23463086630643731
vt 0.60798651758428623 0.55434897630372637
vt 0.58497780399743693 0.56366475102277214
vt 0.60414064810479096 0.55176782457610407
vt 0.1716139928775631 0.83218528194006314
vt 0.14461925999975356 0.84826498422712937
vt 0.1710813311748324 0.80911160538249216
vt 0.35914526136139591 0.27570968290984821
vt 0.3517118724738762 0.26499267963204848
vt 0.37692116337243692 0.27270126583448345
vt 0.084218898255742317 0.06664040261638654
vt 0.090034653335715698 0.053691943436390971
vt 0.095394146555229695 0.062085389338833299
vt 0.77411439336060728 0.68676349627858835
vt 0.76394158492705044 0.68398206452089905
vt 0.78078905941936116 0.67825192231861198
vt 0.72068887704554419 0.3089142712132788
vt 0.73318702866226337 0.31750401638283715
vt 0.73094971473284698 0.30149865376084384
vt 0.082590000862578866 0.31062824237233833
vt 0.083978887612135247 0.29989878176138607
vt 0.096326559650409108 0.31570910143927444
vt 0.55231694844242907 0.78597724024053628
vt 0.53708642424093056 0.7902936002809543
vt 0.53127603139787061 0.78507261065654577
vt 0.68677851439274451 0.87214101316048898
vt 0.67325235360804414 0.88325695916305202
vt 0.68353629608635647 0.86032568513406937
vt 0.77568844575611196 0.30833364781521094
vt 0.7784685682423107 0.32438749199033912
vt 0.78733980678233439 0.31176923396835565
vt 0.75518617840595426 0.66914555402208198
vt 0.73748390366226335 0.67507601476242118
vt 0.74468897870662465 0.66967242027306784
vt 0.52835970616867112 0.63620959742212146
vt 0.50752496087588728 0.65085903612973184
vt 0.50560017775285881 0.64536340755619082
vt 0.33427707419410491 0.36701613946667982
vt 0.32473999408517351 0.36311123724615535
vt 0.34779541785784701 0.36231727961110016
vt 0.11184688532013999 0.27518241232501972
vt 0.098130995693266956 0.26133650048674095
vt 0.11151652531668967 0.25978137476587143
vt 0.85933572185528395 0.11280891105579653
vt 0.85882872572456626 0.12368048538544953
vt 0.8623322592172713 0.13286625714708203
vt 0.9730831495218849 0.1986218377242705
vt 0.96987104445977923 0.21192463294188682
vt 0.98194229655461351 0.20495139522131309
vt 0.3953781946224369 0.64913742113564665
vt 0.41096988521539829 0.64562141105579651
vt 0.37620445275532333 0.66289655522969237
vt 0.62690587570238565 0.28190577173082609
vt 0.63514558328815063 0.28202006343035291
vt 0.59488459927050474 0.30394897460937498
vt 0.22847600028341877 0.18121959794583004
vt 0.22984578707240733 0.18927086670692034
vt 0.20784588642300866 0.17391856100280953
vt 0.85303828001774451 0.18568613912780954
vt 0.84989056030658516 0.17654417019913249
vt 0.84691920716679814 0.19529486334286278
vt 0.98113278169361196 0.24265779802099763
vt 0.96943151431880914 0.24759074791748817
vt 0.97760629744183758 0.25093853586479692
vt 0.43037328870514591 0.65023536080441635
vt 0.46063448066591089 0.63442255736149444
vt 0.45533524281595034 0.6403619519543573
vt 0.54572068464116719 0.33319723327829259
vt 0.56443136798846605 0.33678663957758281
vt 0.53355135270849763 0.34022871432620266
vt 0.19842167321815851 0.2033879517756802
vt 0.21785118512174684 0.21755554006678826
vt 0.2010395808174783 0.21735283403366523
vt 0.91589748250197156 0.64991405017744475
vt 0.93057395381506314 0.64868194868888007
vt 0.92101257516758672 0.66271849430697949
vt 0.92103937672515768 0.84947652245169558
vt 0.91554159170445581 0.86608224381407728
vt 0.90868847964313881 0.86296633169854098
vt 0.61066921486839509 0.81149694400630912
vt 0.59515611907285093 0.80287685454455837
vt 0.61052419379682576 0.8073427025828076
vt 0.54279746648264982 0.69841809197555205
vt 0.5436553858808163 0.68599980591975551
vt 0.56010842308261044 0.68568689003351735
vt 0.73000958078667189 0.71842899743690847
vt 0.73295266906545742 0.70972827225453472
vt 0.74319071002563086 0.71606745674783123
vt 0.82872618666206621 0.17535096177543374
vt 0.83145524756013411 0.16216136077977128
vt 0.82434328482354102 0.16785780849516957
vt 0.93740265181388016 0.28178635846929218
vt 0.93030847976636433 0.27614930932078074
vt 0.9253474190408123 0.28983092684098977
vt 0.56128892387125395 0.58773659305993686
vt 0.56351753499605683 0.5839809092813486
vt 0.58685795636583205 0.5746329803948147
vt 0.55880165461110021 0.36403084643631706
vt 0.5922620899669756 0.36736752482994872
vt 0.56645353780559937 0.3722282722545347
vt 0.26237407888899844 0.26658546616226342
vt 0.28005305630175475 0.26433253724492312
vt 0.28282753736814864 0.27618034675670344
vt 0.92265386250492898 0.19191178282728708
vt 0.93170501035094633 0.19929002828026421
vt 0.93315876380126184 0.18437457641216481
vt 0.51704864020603314 0.5782656311612776
vt 0.49713015390871451 0.59240753462638007
vt 0.4887957166798107 0.59022008853755914
vt 0.14717840441393928 0.7757284170445583
vt 0.12130755595980383 0.78045719760449528
vt 0.14724722781015873 0.76355619701301258
vt 0.34641814126577286 0.23477762023733242
vt 0.3194682316825217 0.22582324295765971
vt 0.32496626700512621 0.22116641456772476
vt 0.13379364495021687 0.012334597373986469
vt 0.12263254833522279 0.0057316392002045545
vt 0.14190546751774447 0.00031545741324921138
vt 0.81034732662164821 0.36708626250739351
vt 0.79917600613663253 0.38132624581033125
vt 0.8176890279968454 0.38906631229051658
vt 0.68085128832314668 0.68481969021096212
vt 0.67474268964412465 0.68854110188288642
vt 0.66463634599270505 0.68900797269321767
vt 0.41935703987578865 0.69832305426853314
vt 0.43054056739205443 0.70143758009660884
vt 0.40352887174684543 0.71158913212243691
vt 0.31962399648191048 0.34707839917685329
vt 0.29738392152996845 0.3491872504682571
vt 0.30405412066246057 0.34332872264392744
vt 0.066256179568895401 0.20327458426779377
vt 0.053789902936772972 0.20709159201251973
vt 0.051357045459446471 0.18978999285291798
vt 0.85237309308458198 0.68910585999112772
vt 0.86117725071470819 0.67481269716088332
vt 0.86803043979199523 0.68434542586750791
vt 0.92154175189767351 0.78514046172614349
vt 0.92923433803233435 0.78921576178036279
vt 0.91741947210173502 0.80453470031545737
vt 0.1146666421499162 0.38245537694696374
vt 0.12749172655941937 0.39475475034503155
vt 0.12651383553393633 0.39900583935084777
vt 0.58196332191443223 0.73686215373619879
vt 0.56397165966334784 0.73540709101439272
vt 0.57931920963130912 0.72458457585764979
vt 0.74085242815950314 0.78757301113958988
vt 0.7341764528292587 0.77241542106171135
vt 0.74431814681092268 0.76901832363958988
vt 0.79092705663446372 0.22208340521490536
vt 0.80182828211257884 0.22127044388924488
vt 0.79786111248028391 0.20822986879559346
vt 0.81764335752661677 0.60678229587687305
vt 0.80514212527109619 0.61102264115486993
vt 0.81750249531742902 0.59620592376035098
vt 0.5399601596387027 0.036598460681806978
vt 0.56619953913643528 0.047268137646022279
vt 0.53995161086602916 0.038022322308753943
vt 0.43196936766807964 0.38389145523215695
vt 0.45115096516413644 0.37507193291600949
vt 0.4569964002735607 0.382954170876873
vt 0.20572398092468455 0.30124577182324525
vt 0.20686456818685922 0.28769660251749801
vt 0.22469732723777602 0.29711405757097792
vt 0.89748381124309939 0.13529410858635646
vt 0.89670849147279175 0.14984503424130027
vt 0.90608911363860412 0.14544048128819992
vt 0.56218562081033119 0.51919865653341879
vt 0.56854325062845035 0.52684853731269721
vt 0.54340315857896293 0.53663761367557172
vt 0.27444159570928628 0.69991897919952684
vt 0.24934116688436514 0.71743633859917189
vt 0.24800723102942626 0.71548760350946372
vt 0.44926261059493294 0.26048256666502367
vt 0.44385701369035885 0.26267883108241324
vt 0.41886525439915223 0.24921143348284699
vt 0.54467249728903788 0.432126480246944
vt 0.56584145338377367 0.42362926976537857
vt 0.56772441683507491 0.43071666440753154
vt 0.85674005261731068 0.2876579982625197
vt 0.84642376343158521 0.29789640504855086
vt 0.85367004201991326 0.31208461436563484
vt 0.70460694129534696 0.53641958146441249
vt 0.71436332437894323 0.53590338192527598
vt 0.70995184961553626 0.55000550664185721
vt 0.33438408788446372 0.71295385511139586
vt 0.36550081174832411 0.70106613207314672
vt 0.34007664629337542 0.71484359596805991
vt 0.4038358959113762 0.32609632233339908
vt 0.39819193457955443 0.33402384568464116
vt 0.37992463217172712 0.32862729815654573
vt 0.10416754593232452 0.15961796613145701
vt 0.10572957420950808 0.17681058769346411
vt 0.090872779629583997 0.16190397340792587
vt 0.83461274829948739 0.8225331784798896
vt 0.83108564791995265 0.80876726698048107
vt 0.840871451104101 0.80761225847791795
vt 0.84445176951892742 0.83733364550473188
vt 0.85172816135153784 0.82340546135646686
vt 0.85212594883675075 0.83990490068020507
vt 0.83728404722003158 0.86499762790812307
vt 0.84425006469341479 0.87097152565555991
vt 0.83661731996746846 0.88300480887716881
vt 0.82285287177149058 0.86579173957511835
vt 0.82062980579653 0.88305217369873812
vt 0.8136310565358833 0.87243428997436911
vt 0.82074132492113561 0.83966830762026812
vt 0.81105695176951897 0.84389032309739742
vt 0.81563116127760249 0.82729014688485802
vt 0.037327183383496401 0.230467536998472
vt 0.022657845674629092 0.22040430303627762
vt 0.03211824675839782 0.21546472976636435
vt 0.9494987800670347 0.59354533005964116
vt 0.93432532469932961 0.59396056166206623
vt 0.94313186982452679 0.57905516037805604
vt 0.68974948245268142 0.69473565038446372
vt 0.68357765366226342 0.70040649028982649
vt 0.67590501466384068 0.695544318069795
vt 0.47920426329603705 0.69688832376281551
vt 0.47285529777454655 0.708442336602918
vt 0.45768507707758282 0.70677586504337542
vt 0.25178232283246255 0.35828506999211357
vt 0.23610192909601735 0.35793480136041012
vt 0.25578694148018533 0.35437215811070583
vt 0.48702608222841087 0.50137870138751972
vt 0.50424500474418377 0.48308529056585175
vt 0.50585652540910886 0.48568654346165219
vt 0.46885250825611197 0.52520594070386439
vt 0.48716424887864745 0.51208719440063089
vt 0.46663152171234229 0.53307797404869872
vt 0.43196778884069403 0.55554472625443607
vt 0.42541923643286672 0.56608709582018923
vt 0.40795771361149447 0.57663038957758284
vt 0.4294374676532926 0.55020628727572951
vt 0.40531217653292589 0.57059441695830049
vt 0.42012538970080837 0.55463778619134463
vt 0.46461289462983046 0.51709923969834382
vt 0.45929417173945192 0.51869008157531549
vt 0.4808884485286869 0.50031453322160879
vt 0.92606651715299682 0.24590336652208203
vt 0.91733675694992112 0.24373153542118495
vt 0.91998287164826498 0.25686062111839508
vt 0.54221095136287456 0.58692630803923507
vt 0.56377519192379733 0.57555235853706621
vt 0.56538886903588326 0.57792953346805997
vt 0.6821710339856073 0.36426732397229888
vt 0.71318459495761044 0.38409308304169953
vt 0.67549667599073349 0.3893080654204456
vt 0.3057224020972989 0.24897281875369676
vt 0.32780719359966481 0.2569975362591187
vt 0.31299748465841876 0.25969390387790814
vt 0.076893707179120668 0.044032470510585078
vt 0.083849260107575901 0.047937237953161967
vt 0.071029783423390669 0.055448437037904183
vt 0.73218166218947156 0.69165809222200314
vt 0.74773349701794167 0.68842950574231077
vt 0.74230964732847005 0.69508314644124602
vt 0.73819291268237386 0.34650428362825314
vt 0.73554887741522079 0.33242591833842666
vt 0.72562213500591488 0.34034697234818612
vt 0.060909836826264295 0.26899400584705246
vt 0.072030004266684738 0.28379743798674095
vt 0.058541114397981563 0.27794932657235805
vt 0.54641590780264193 0.79779010375591486
vt 0.54223856158813089 0.79452216211553628
vt 0.56109026117655758 0.79553353583399056
vt 0.65197869430205047 0.92608623324132489
vt 0.66269569757985014 0.90535045347003151
vt 0.66641918868296535 0.91606483820485018
vt 0.75889203285193219 0.3441279173649448
vt 0.7685215706328864 0.33512136176557572
vt 0.75684810602326502 0.32972358198195978
vt 0.72590077878548898 0.68454512827779967
vt 0.73113039419854098 0.67996799216285486
vt 0.74249772032728711 0.68067800239057574
vt 0.63294038501823735 0.9310288871500394
vt 0.62744479495268135 0.92601044952681388
vt 0.64383025064077282 0.91008739772279179
vt 0.28294308057718848 0.36378354815654573
vt 0.30299553615437697 0.36358538606565455
vt 0.29048086461208594 0.36719905239550471
vt 0.073580441640378552 0.26168060784084185
vt 0.085404645757344244 0.26226571741916405
vt 0.085508636570879343 0.27567779829825512
vt 0.85278905633872237 0.11359096972348186
vt 0.85600054527306779 0.1169379875110903
vt 0.85355867692724763 0.10097159496993297
vt 0.94778956464412456 0.22424817010055206
vt 0.95839643508477923 0.21817800239057572
vt 0.9494221491768533 0.21243168683458202
vt 0.47150686366324923 0.6165474972890379
vt 0.44279415479593848 0.63010030559936914
vt 0.45934076640132099 0.61839969286031149
vt 0.67677028908714509 0.30420514897969242
vt 0.66566004226636433 0.27970713907235806
vt 0.70267853842172712 0.27760221559542586
vt 0.26915200410957218 0.21678713247979101
vt 0.25044118598432569 0.20367610702755323
vt 0.27152503943217665 0.21019471947703075
vt 0.85167340299684546 0.14161917990314471
vt 0.85138282174191637 0.15863246977893336
vt 0.85519950216876972 0.14744909629460765
vt 0.95350230123718449 0.23946781579628351
vt 0.96141561514195584 0.24358148905757099
vt 0.96441846781348584 0.2342275336713821
vt 0.47516250369676655 0.62096259180303626
vt 0.46729955823639591 0.62791767300867507
vt 0.44704539783369479 0.63502000874901421
vt 0.6262709945534306 0.32679000517547319
vt 0.59538393231220421 0.3320998327213131
vt 0.60906543430845816 0.31907040568932371
vt 0.25124565629929024 0.22085652155831034
vt 0.23464794459779179 0.21877306628302445
vt 0.23256027269814669 0.20791960996032138
vt 0.73187074871845426 0.3680995616250986
vt 0.71784298292093851 0.3630871312475355
vt 0.72101573282235809 0.37682281397870665
vt 0.92942641586159302 0.87313975625985807
vt 0.92258932312204256 0.86945947111593058
vt 0.93462915270110414 0.85852127797220035
vt 0.5640445937869677 0.8006654179810726
vt 0.57923487714412458 0.800312376774448
vt 0.57952977129337535 0.80151798476932179
vt 0.511916604027011 0.68718993370465298
vt 0.52737813763061914 0.68654407777996851
vt 0.50905103232206228 0.69819297429514982
vt 0.71276408776123812 0.69923238182669556
vt 0.72260565050768932 0.70416748817034702
vt 0.70925531718257095 0.70593577484227132
vt 0.84315150889688484 0.1468474282827287
vt 0.83767328593257095 0.15508636570879339
vt 0.84220182497042584 0.16143001712835173
vt 0.93993555303627763 0.25305158452656745
vt 0.93505289456821772 0.26427061640501776
vt 0.94643154204455837 0.25865636398363567
vt 0.51904269919410484 0.60158290923205837
vt 0.54070567422860805 0.59315173994479498
vt 0.51548891278095421 0.60606427598826895
vt 0.62837041138850547 0.35048839677395505
vt 0.61283686785291802 0.36085505440408122
vt 0.59710462311464907 0.34993392029771292
vt 0.27224854670864551 0.24169559899940851
vt 0.27632453990659506 0.252647751287707
vt 0.25652985678110213 0.2422343642177642
vt 0.93090797207708986 0.22627230382492114
vt 0.93087631851340691 0.21358854372042588
vt 0.92288375517547316 0.22102936464905362
vt 0.51368777879781147 0.59475813904771291
vt 0.50568812999063484 0.59385936267744477
vt 0.53276401844686516 0.58317740166600951
vt 0.17400722563830837 0.58115923667931779
vt 0.16309606510005914 0.56167773899595819
vt 0.18296391339708201 0.56082128290122235
vt 0.30530857603632688 0.23497302900729494
vt 0.31286047324773264 0.23054761435331231
vt 0.3286615702632098 0.24285064600995662
vt 0.094488024786819794 0.023013693150661721
vt 0.107542732310972 0.013441123120040172
vt 0.10297520393828864 0.02615505663754436
vt 0.77040137642941642 0.36512154660390378
vt 0.78329238650926658 0.37329663779081229
vt 0.78185249593355677 0.3561721368542981
vt 0.69820776136139595 0.68714911524053623
vt 0.68626805254337542 0.68756007245662465
vt 0.70169766302740533 0.68370696347594639
vt 0.47862579634513014 0.68262411893730279
vt 0.45595237178381309 0.691630982600552
vt 0.47097025489205441 0.6785675337638013
vt 0.28285844002612381 0.35801158628253155
vt 0.29024619695139986 0.35407302808310331
vt 0.30292387279426264 0.35677786745859619
vt 0.059832903263320684 0.23754877036302247
vt 0.056792298325980872 0.22317441344637223
vt 0.070771288946976041 0.23536771659971412
vt 0.84329768520800474 0.66100843170839907
vt 0.85292529758970825 0.66706365832018932
vt 0.83533731454554416 0.67373354938880126
vt 0.95432044188682963 0.76114790763012619
vt 0.94145415393335963 0.77467129583990535
vt 0.94562210419952686 0.75521375012322556
vt 0.13072058259500691 0.3721355065186317
vt 0.12873191472483733 0.38512517405609226
vt 0.11705989416465398 0.37012735360804416
vt 0.53184063547417193 0.75431412657728703
vt 0.54813066837539437 0.745244109818612
vt 0.55187402959877763 0.7556193932373817
vt 0.7173148073984621 0.78325033578962933
vt 0.72530282679416402 0.77725957154475556
vt 0.72087163594242898 0.79812897402405358
vt 0.80866660710764982 0.2488701179576597
vt 0.8053909638702681 0.2348012448861396
vt 0.79782198836750784 0.25059317700118294
vt 0.77836629103410881 0.63685337391561514
vt 0.79207975465792591 0.6244810278859424
vt 0.78920282309739742 0.63431315617606465
vt 0.52985577989451893 0.61709816147476337
vt 0.55647184450167586 0.6033307866719243
vt 0.55629393761090296 0.6065066942281151
vt 0.43331410501281548 0.36235586461208596
vt 0.44318239230086753 0.36788641992803628
vt 0.41725681437302842 0.36949455189027997
vt 0.17204711143902798 0.26549759633157533
vt 0.18925197854027012 0.27727716969390775
vt 0.17227457810651617 0.28031743287288052
vt 0.88312256629534702 0.16126450980875395
vt 0.88943926212539437 0.15510124904500197
vt 0.88204095401222393 0.1430523604624655
vt 0.61370649367852914 0.51130324884167977
vt 0.59155000030806393 0.51854063208546919
vt 0.60608249026518135 0.50328804280855677
vt 0.26117486321963723 0.71730464129041793
vt 0.25309294210247435 0.71810191061218454
vt 0.28196584418745069 0.70145852844045742
vt 0.48315352671529971 0.28498814339141365
vt 0.46540538896145506 0.2742092000197161
vt 0.49552456347348184 0.28370987082881505
vt 0.53967419934197558 0.41737295445583594
vt 0.55433642270061123 0.41776265526419559
vt 0.52849829640674295 0.42640889164777207
vt 0.83618063941738963 0.26898374346904574
vt 0.84069184986198742 0.28341285874038841
vt 0.84562210419952677 0.26136880868616919
vt 0.71853189077287061 0.50222703229741716
vt 0.71619129842764195 0.51920200672811512
vt 0.71141484498225549 0.506811484929515
vt 0.42079377279672714 0.66991555969045746
vt 0.39278995742557177 0.68572801656151416
vt 0.39097565371155363 0.68247062610902998
vt 0.4327030988145702 0.34412514479002365
vt 0.41589883028144714 0.33924213975009859
vt 0.44203027189718058 0.33809371611297317
vt 0.13675843247855876 0.20626846457881506
vt 0.12107262837021884 0.19159761543153589
vt 0.13486973133749014 0.18979280393582412
vt 0.80757467468454258 0.75330929921628553
vt 0.82160136225847791 0.74986576116423498
vt 0.81492253733734232 0.76651946347594635
vt 0.88724869688978703 0.75860445521983444
vt 0.88782092554712144 0.77655179478016556
vt 0.87776795396293372 0.77549536671924291
vt 0.86736717825808363 0.88616885597397477
vt 0.86013414641660091 0.90315133946175075
vt 0.8627232692971214 0.88401495034010258
vt 0.64826744873817033 0.75622027183556784
vt 0.64489515045839907 0.74388955293769721
vt 0.65824263419262619 0.74344193611987386
vt 0.76402060331230282 0.86308070041403784
vt 0.76907747190457409 0.84378897008083598
vt 0.7766057829751577 0.85795590373619879
vt 0.73652128105283909 0.21571695706821767
vt 0.74440163212243693 0.2071247473876183
vt 0.73240554761435328 0.19848700201473776
vt 0.86608093454258672 0.62057585610952282
vt 0.87216935503746051 0.60509414432176656
vt 0.88486928849566249 0.61125561446421528
vt 0.69877305858142746 0.74453340644716093
vt 0.6859047682127366 0.73496478829850154
vt 0.69132184049684542 0.73054022082018932
vt 0.46696195873176261 0.75240536277602521
vt 0.44441626515674293 0.75134362061317039
vt 0.46543018810380521 0.74205795913840689
vt 0.17738861180254337 0.3536894500443612
vt 0.19388758903046135 0.34801572204012227
vt 0.19076208842665615 0.35713506752760255
vt 0.92087209803824921 0.090741120828815067
vt 0.92713842542389591 0.099235626124433166
vt 0.94963409712638014 0.090120940103139785
vt 0.56231312074871842 0.46266889602227917
vt 0.54619648930402209 0.48301258749014198
vt 0.54434910723087537 0.47333965121007493
vt 0.41280606146490534 0.60094452385646691
vt 0.38598039789530758 0.6163923101094243
vt 0.41346250708546922 0.59385843848580444
vt 0.28744460626355484 0.66367942256506307
vt 0.30580357692971216 0.64478332326991328
vt 0.31807135452607455 0.6405818325487973
vt 0.4388431970253352 0.5214443266955836
vt 0.4625278797811514 0.50225891690901026
vt 0.4433296468355678 0.5218637556683754
vt 0.88537281890772868 0.21965955860607256
vt 0.88613219637223972 0.23913616577533517
vt 0.89239790763012616 0.2278901397993888
vt 0.63707225330244477 0.52947570608241323
vt 0.64313749199033909 0.5336903665344046
vt 0.62157987480283916 0.54031855345524449
vt 0.22367571039530756 0.7586635264688486
vt 0.22053896545987775 0.76705364624408512
vt 0.19699695478854495 0.78081578396096218
vt 0.42822446612529574 0.28828173134981272
vt 0.40779948430106466 0.29049089594218258
vt 0.40253532722545349 0.28058165541206626
vt 0.1059432165103756 0.08905421115622536
vt 0.096727995767202285 0.088320942105555009
vt 0.10011205823639589 0.073519839698959977
vt 0.81547990191246056 0.6639411228312303
vt 0.80801936489550474 0.67474099529278386
vt 0.79788021244085172 0.67135221559542591
vt 0.72599928221115928 0.2666494279253746
vt 0.71648873410390379 0.27328493136336751
vt 0.72875691603410886 0.2848490718035292
vt 0.12125808282605481 0.34352942626182964
vt 0.10720930129571668 0.34215573091236201
vt 0.10879248008367015 0.32984996518878157
vt 0.52009323553332021 0.77144263234424293
vt 0.5412148653144716 0.77237105986297316
vt 0.52550414653982647 0.77883077434936909
vt 0.7017229242655757 0.81451643212736591
vt 0.70419875665417986 0.82746851587145109
vt 0.69297144555895107 0.83747173513899842
vt 0.80382361186415618 0.28085629436119874
vt 0.79255378795346998 0.2811726759660883
vt 0.79548532383675075 0.29702770341458007
vt 0.75897051212539435 0.65622111901123814
vt 0.76858734227129333 0.65480849208891956
vt 0.75209737591186909 0.66346832179120663
vt 0.5035655313485804 0.63578654869873819
vt 0.52882981164974374 0.62518660969538642
vt 0.50429352480530365 0.64031015871451102
vt 0.39670394753055993 0.36004823510203077
vt 0.38252511490782731 0.36564583281989355
vt 0.37186633570337146 0.36133143668671136
vt 0.14022543152048009 0.25519076085617115
vt 0.1406960472323541 0.27087596809074332
vt 0.12559222392855382 0.25759489137667585
vt 0.87193869220721609 0.15627902539370564
vt 0.86950829924093065 0.13565694044817134
vt 0.866662636164235 0.14403674971041996
vt 0.64384072481269716 0.49188159256703468
vt 0.63733145054958595 0.48277083436021295
vt 0.65235976932176654 0.47860758206821769
vt 0.30647378915491919 0.69754134217271291
vt 0.32495298175029574 0.68366229421332803
vt 0.3408092992162855 0.68036285304120658
vt 0.52734328790417984 0.30256497837391561
vt 0.54856068704406546 0.30036542152380719
vt 0.56016198768976733 0.30683489778440459
vt 0.16102198651912461 0.1399138152787362
vt 0.17892128736814866 0.14819553507615338
vt 0.18463791326769519 0.15741844778933359
vt 0.83810727092369874 0.23480374790516562
vt 0.84614750714708198 0.22677067416699526
vt 0.84284013333004737 0.21479449828716482
vt 0.71848675941443219 0.47519916329850159
vt 0.71106619368592272 0.48081127852671529
vt 0.71490043375394319 0.46577198497880523
vt 0.44946797367902208 0.65021318020504737
vt 0.42158337902947557 0.66194964387815458
vt 0.45159681061464907 0.6456574545297713
vt 0.47532427574181785 0.34556900168819005
vt 0.48690840182620271 0.34042518206575317
vt 0.50387721497929816 0.34324596898412857
vt 0.16847212638012618 0.21898898055500787
vt 0.16635505363392153 0.2033893765711258
vt 0.18457537630002957 0.2178732694511534
vt 0.9020389207906151 0.69203747289037854
vt 0.89767950882294956 0.67792914838820983
vt 0.91155847976636439 0.67698031163742112
vt 0.89630592899743688 0.85748133132886439
vt 0.9077644420347003 0.84213674647574921
vt 0.90226873644518923 0.86010341704455839
vt 0.10371793632627661 0.42735133607304809
vt 0.12766925799733833 0.43087319936662066
vt 0.10296903303368987 0.4413249211356467
vt 0.59272919182521688 0.685751814496254
vt 0.57670694345179419 0.69910646071569404
vt 0.57652403052296919 0.68564599455343056
vt 0.76257485952287063 0.73411137433458207
vt 0.74962616448146691 0.73588158640575707
vt 0.75304028243296528 0.72380039925078865
vt 0.80593615992212142 0.17398735551804023
vt 0.81070260129140381 0.18313789247338327
vt 0.81601893668671133 0.17207462539432178
vt 0.91473022846017349 0.32155499864451892
vt 0.92806153884069398 0.31035466239279375
vt 0.92005603681979498 0.30500765538742114
vt 0.63851618721658121 0.56678678590792586
vt 0.60951127975897079 0.57224490770406156
vt 0.61107978700463328 0.56670253043671137
vt 0.51120909681831628 0.38739579739254731
vt 0.50952622085715693 0.38040182312204257
vt 0.53807442361248026 0.3788910778539038
vt 0.28399910430426856 0.29831806748447359
vt 0.26429452986371255 0.29018254325216875
vt 0.28420186809936909 0.28739510424881703
vt 0.9369026641364353 0.1549806997979101
vt 0.92442068587342274 0.16201558880249409
vt 0.93482015230678228 0.16951496112233833
vt 0.47486529906841485 0.5831584942453667
vt 0.50266332776764588 0.57054813036031149
vt 0.48125273406693614 0.58714661222151021
vt 0.20417095388899842 0.7311390970031546
vt 0.19872426896441245 0.74083540763012623
vt 0.17600363361346608 0.74748296406742898
vt 0.33245472231121848 0.21252872695682176
vt 0.35825930815013801 0.22684759386706427
vt 0.32932849005569798 0.21672064844366129
vt 0.41890950007393535 0.86296579258675077
vt 0.4154438584384858 0.86098602006111991
vt 0.41230283911671922 0.88025695608241328
vt 0.26238239661376184 0.76597295815260258
vt 0.25331230283911671 0.78913273856466881
vt 0.2831996592813486 0.77641794102425077
vt 0.65802683544459784 0.6748743869528786
vt 0.66978802124408521 0.67793238305895109
vt 0.6586142362480284 0.68592309801360407
vt 0.34650617051951893 0.73148412854889588
vt 0.36072666878203863 0.71916711849369086
vt 0.37547337865979891 0.72164995933556786
vt 0.31552197188609032 0.32908627482994873
vt 0.33304947813978708 0.33383819868888015
vt 0.31013297192305794 0.33659641013160491
vt 0.049803513006457016 0.15599421070953273
vt 0.063589891499901421 0.16844811665146886
vt 0.049925915450327783 0.17249311092148067
vt 0.87879657925867505 0.70941173661770507
vt 0.86475564373028391 0.711811400211948
vt 0.87381056535883284 0.69579508206821772
vt 0.89548447666108044 0.83643271268730279
vt 0.89971365462342268 0.81763088093947156
vt 0.90621873151616716 0.82037272648856463
vt 0.10410111965817231 0.39926881038052048
vt 0.10371665593577484 0.38467578587095819
vt 0.12011478075093651 0.39993642331673895
vt 0.60898468306388009 0.70010836146983435
vt 0.610376015070485 0.71391894223186125
vt 0.59428191079702286 0.71281822998817035
vt 0.76779176730086751 0.7632284940605284
vt 0.76365624075808358 0.77997007159404574
vt 0.75563702989451897 0.76601023388209777
vt 0.78930825796037063 0.18372377221140576
vt 0.78248641438288646 0.19487895785069992
vt 0.79360274546529963 0.19575341642843061
vt 0.92017487246155361 0.35004547793030361
vt 0.93382448984621447 0.34948422404869872
vt 0.93440049228608046 0.33017223851537852
vt 0.48752645498570585 0.043150218879386831
vt 0.48718161597988957 0.041634592724147282
vt 0.51266962767399449 0.037127952696021045
vt 0.46266897303824922 0.39882115505471216
vt 0.43944915867754336 0.4001350475034503
vt 0.4611140206033123 0.39077633638111198
vt 0.26088938427272279 0.31251524916206624
vt 0.2400905861839511 0.31697175901394914
vt 0.24266370899669756 0.30549793905264194
vt 0.93224774189175863 0.13649726169718554
vt 0.92377513801261835 0.13021692703198937
vt 0.91811369405559939 0.1414230972434444
vt 0.49214252267350156 0.55943761398363567
vt 0.51347201855776814 0.54051756272180596
vt 0.51794167888653386 0.54750275717172714
vt 0.25226078454628353 0.70518171147969244
vt 0.27576823430106467 0.69265929983241326
vt 0.24869525319770308 0.71176950352425084
vt 0.36267409460025629 0.57952607452681393
vt 0.33897666570139984 0.60196983746549682
vt 0.33627390575709781 0.59867717369873819
vt 0.42301614562795742 0.81738935885745267
vt 0.41564017214609622 0.79345202521194791
vt 0.4210788474097989 0.81779207536474763
vt 0.87317333522279184 0.33448185965841876
vt 0.87295684333103307 0.308743911887569
vt 0.86250662337342276 0.32526270147377762
vt 0.69346149817626179 0.56739713747042586
vt 0.6893731824231073 0.55506241374211351
vt 0.70342536228312302 0.56101151234720037
vt 0.49274382485952289 0.41507568359375002
vt 0.5052913437130323 0.41505796992064276
vt 0.47735187518483835 0.42875364285538248
vt 0.34256653409651028 0.31782779152084978
vt 0.36491421961257886 0.31480699412830243
vt 0.36143979815654576 0.32334846953864355
vt 0.063922046938153093 0.13460555693328569
vt 0.076479187974418369 0.12960259952003647
vt 0.076945856617828268 0.14763030524509563
vt 0.87324164838820983 0.74158053714018135
vt 0.86429139146293377 0.75857079924093063
vt 0.86076205762026814 0.74282796480678237
vt 0.87959069092567033 0.85051030781742898
vt 0.87349541600946368 0.84814884414432179
vt 0.88275881986888804 0.83167559025039428
vt 0.07708566467092616 0.38405842585518535
vt 0.065892149146046922 0.3701596618074724
vt 0.076521277202040619 0.36989865468503547
vt 0.76621240080343056 0.89616298735705835
vt 0.77929933951104102 0.89035367273757882
vt 0.7741546727129337 0.90898021613761826
vt 0.78846439397673507 0.77294737036671923
vt 0.79597214178332021 0.78618718577484226
vt 0.78342408381802053 0.78963234116226344
vt 0.02199640123626035 0.14942745365178922
vt 0.022271685194141858 0.16551636897427049
vt 0.0073196356980958568 0.15405335050276026
vt 0.39841836153144716 0.15867507886435331
vt 0.38660122362973187 0.13974763406940063
vt 0.41705487849960565 0.14267621446483142
vt 0.42391315063091484 0.48335831217961356
vt 0.41293375394321769 0.46187948232945586
vt 0.42007918011878942 0.48462418517103706
vt 0.43719667260203077 0.41905590743296528
vt 0.41288850706082414 0.43075274638949135
vt 0.4166066455540221 0.41983835118050078
vt 0.2754414362862283 0.32758180636336753
vt 0.27084781875369679 0.33592356010942431
vt 0.25370439114254734 0.33191745890427837
vt 0.95683894112283119 0.11635636290541207
vt 0.96896009956624607 0.10145660304120663
vt 0.94976294484424295 0.11359329945657531
vt 0.46367976913692821 0.56572373447358049
vt 0.46274772186760649 0.55824155596904579
vt 0.4864687561612776 0.54520598691344635
vt 0.28939855918523266 0.67309678134858042
vt 0.31981649789900435 0.64931178529179812
vt 0.3103466912398955 0.66180115708793374
vt 0.39305546998225555 0.56136902048008674
vt 0.39823683489008282 0.56146105456427442
vt 0.37150178060922712 0.58224520036474758
vt 0.94622706464412465 0.075122744202237773
vt 0.97242720450512621 0.069286026337921428
vt 0.97306797737578865 0.064696240349898959
vt 0.894997504682571 0.31456554906225354
vt 0.90187526185429812 0.29804244658172319
vt 0.89136312105678228 0.29649384796431388
vt 0.66317496796135644 0.5606316695830047
vt 0.63656098278539042 0.55674344131999209
vt 0.65783606688682961 0.55310582302346212
vt 0.53356775711011439 0.39157037103213721
vt 0.5656925430057177 0.38170339301557571
vt 0.5554754118814077 0.39025617051951894
vt 0.32516038575759071 0.30309323091236201
vt 0.32474969809739745 0.29269482344859032
vt 0.34592681788495661 0.30013495123348777
vt 0.053501078608660289 0.10522641925029574
vt 0.056474684465570781 0.090045156388628741
vt 0.065371059092813488 0.098090754848925474
vt 0.78168159749605681 0.71983061107551261
vt 0.77210188904771293 0.71103669656940061
vt 0.78753180759562302 0.70797523474467661
vt 0.91744296197259467 0.70846120551557568
vt 0.92760860792093847 0.69287386632492109
vt 0.92901545864550472 0.71004242039629339
vt 0.04765430053325858 0.30484328405338129
vt 0.050443140264565263 0.30019015243000791
vt 0.06353410787010795 0.31653996897796727
vt 0.61576054810725556 0.78399099837342268
vt 0.60414407531545744 0.78919481343651421
vt 0.59938522001922323 0.77976805870465304
vt 0.72396213278785493 0.88211935626971605
vt 0.70969107354100947 0.88970404303036277
vt 0.71760931646786275 0.86815304921628544
vt 0.74747980641265777 0.26693521493616917
vt 0.75035858635646691 0.28325796037066248
vt 0.75961475071470819 0.2730641843392646
vt 0.81193316246056779 0.65096423994479491
vt 0.79447756986888807 0.66047586627563093
vt 0.80094999199033912 0.6507389682324527
vt 0.5495319354421333 0.021936092918227523
vt 0.57572410415023656 0.030802108812783419
vt 0.56593163908468058 0.031415692639275683
vt 0.31692424016043969 0.39004495422170743
vt 0.31091791868961949 0.38263659552444795
vt 0.33442325050522476 0.38351288323146687
vt 0.1376805350607502 0.33121857748422712
vt 0.12421443710567823 0.32017982073762813
vt 0.13905991996500394 0.31824013502439868
vt 0.8722613891216483 0.072101012991053828
vt 0.859946150433754 0.070767414080983831
vt 0.86611759414432177 0.084487886158073733
vt 0.96274814545544163 0.15425820335604792
vt 0.95822699995070981 0.16926315740832018
vt 0.97286003425670342 0.16119646619923106
vt 0.42225468873225552 0.6151837369997043
vt 0.42909424598284701 0.61776827743000784
vt 0.39738557737332414 0.63339605000492905
vt 0.20003893157285094 0.72190711565950316
vt 0.16809012716876973 0.73660615265181384
vt 0.19081274568094439 0.72088611494479493
vt 0.2773722651629042 0.18773229941960765
vt 0.27672646700019715 0.19258295775211948
vt 0.24999200959310922 0.17744718244775237
vt 0.86941310750197165 0.1867882954209385
vt 0.86531662805599374 0.17510662861050869
vt 0.86513425423895896 0.19692067047022871
vt 0.66812332105185335 0.49634713254140378
vt 0.67469101192823344 0.48379780381259857
vt 0.68216017473383284 0.49308288766758673
vt 0.31365102292611396 0.70391179514984226
vt 0.34759733278292587 0.6857944813436514
vt 0.33861303479889587 0.69488845006900635
vt 0.50667077675226735 0.30899494544188683
vt 0.53385571982206226 0.31339473303184151
vt 0.50608661061957805 0.31611289617014982
vt 0.15261654056585172 0.14606428176446667
vt 0.17257965761780364 0.16282196526271689
vt 0.15723388864414925 0.15945579937955934
vt 0.869365357600552 0.64018581643089512
vt 0.88684490215891165 0.63314821261336751
vt 0.87825007393533128 0.64724683310331232
vt 0.95754648683951105 0.78756962243690853
vt 0.95214058187105677 0.80678433680007888
vt 0.94449898030855683 0.79999699637716881
vt 0.15896047116830145 0.3739245104864945
vt 0.1727402359153194 0.37649226143533121
vt 0.15648493721658124 0.38989550473186119
vt 0.50804682108882093 0.74366451227326502
vt 0.50616501287707016 0.73301035402701109
vt 0.52602250252612381 0.73386546234227135
vt 0.71427121327878551 0.74997666416108044
vt 0.71070383354692424 0.73403027651813879
vt 0.72085500049290219 0.74497347569992112
vt 0.82591864649053626 0.22811966664407532
vt 0.83184980037460565 0.21052373170100552
vt 0.82283854680106472 0.21574572253302446
vt 0.77072961849369082 0.63043763554810728
vt 0.77132549105382497 0.62192498336455049
vt 0.7820059887618297 0.61909376078223577
vt 0.50427192182570979 0.62408243173304412
vt 0.50587373847841088 0.61996076806486589
vt 0.53121056782334386 0.6098612018188091
vt 0.47572021484374999 0.35406725188535093
vt 0.50445945571273665 0.35164983611001577
vt 0.48784017953962933 0.35831445158468062
vt 0.18781674743074725 0.2478737816073541
vt 0.20519551659232058 0.24577130338747041
vt 0.20645767356319006 0.26026126127513799
vt 0.89046403662263407 0.19100004852006111
vt 0.89759109448935326 0.2003435297343257
vt 0.89670209914727916 0.18291102267966286
vt 0.60738764140132095 0.53158917833201891
vt 0.59030650045593458 0.54469406176064672
vt 0.58246588962687307 0.53963407402158914
vt 0.21752825715940458 0.75061705195189277
vt 0.19066173661770505 0.76970391980481068
vt 0.20723591994035884 0.75181619060528393
vt 0.43697009161819794 0.27671947780091682
vt 0.40870141832610413 0.26797394857797713
vt 0.42260376361642349 0.26582943889244876
vt 0.11748911379263605 0.077415331530646198
vt 0.11521365770406151 0.059963065066172119
vt 0.12317256506309149 0.061737623726155856
vt 0.81843469661869084 0.29431175448541008
vt 0.81036842899743688 0.31300091186908519
vt 0.82240771946470825 0.31066031952385648
vt 0.73431030658517349 0.66328502378253151
vt 0.72522273018533123 0.66986973518828863
vt 0.71704579061514195 0.66915664432176658
vt 0.45139090841876972 0.66188448836750791
vt 0.454523956587638 0.66587206723186121
vt 0.42628917032235802 0.67703052604988168
vt 0.39641382837145112 0.35134492988466087
vt 0.37175054219242903 0.35271669983487774
vt 0.38192500646934147 0.34733524743690852
vt 0.12375562409121155 0.22506324936538841
vt 0.10956753992507887 0.22766534943685923
vt 0.10842461330281447 0.21091780316566444
vt 0.80575987036671926 0.7271783967123423
vt 0.81245379041798105 0.7133340059394716
vt 0.82076196520110412 0.72304656693611991
vt 0.9082410938732256 0.74283743777109623
vt 0.9183184795199133 0.74460711073048103
vt 0.9076838063140773 0.76131903711553628
vt 0.058648503541194302 0.32254950586553627
vt 0.07417616016857255 0.33481275877365929
vt 0.071731114913988564 0.33689014904130521
vt 0.62267635116817821 0.76483666453075705
vt 0.60709243918819011 0.76329141610804419
vt 0.61888223642054419 0.75355367088919556
vt 0.74389586824723974 0.8547184604199527
vt 0.73719732723777598 0.84056223198442426
vt 0.74971434776715296 0.8349208891955836
vt 0.75248430414530754 0.24089988925103509
vt 0.76436317034700318 0.24642593913273855
vt 0.760471168301459 0.23022274173772672
vt 0.83569674807768135 0.62851728084335567
vt 0.82374356146490535 0.62811390970031544
vt 0.84091488811119874 0.61534135018237379
vt 0.51204240961405756 0.014718368000788644
vt 0.52807440050768928 0.022356388320682177
vt 0.50038669718552842 0.023275068505705342
vt 0.34558690790122237 0.39992556406496449
vt 0.36454666089560334 0.39206562222742508
vt 0.36945488866571374 0.40093277892103707
vt 0.16623816264540614 0.33661966895455442
vt 0.16819248139294163 0.32478859116226338
vt 0.18243608444647083 0.33298878955540223
vt 0.89314827422614351 0.091014720062352131
vt 0.88501230715201107 0.099319361737849957
vt 0.89920065124704263 0.10224957872264392
vt 0.58244432515526423 0.46555014047712934
vt 0.58721554151468847 0.4757011533911672
vt 0.56888620274300084 0.48309872985262226
vt 0.3871669829455836 0.627255874778194
vt 0.35961798538544953 0.64757630742310723
vt 0.3573122042586751 0.64389787066246051
vt 0.2482527001799093 0.6865959095277997
vt 0.2432651074526814 0.68589159848186121
vt 0.26941237585025629 0.6668680377563091
vt 0.45504057971460959 0.49997547041354495
vt 0.47506931437302841 0.47890929213081623
vt 0.47803030886484621 0.48026881654179809
vt 0.87399648191048895 0.22029438199305007
vt 0.86814604076301261 0.23097079785464314
vt 0.87342409922121456 0.241788345481319
vt 0.66718688387223979 0.51564991466630516
vt 0.68163885363268928 0.51407101026468849
vt 0.67370351316048893 0.52343981047910093
vt 0.27632921862677445 0.7289825728263013
vt 0.30308803233438486 0.71791930574723972
vt 0.27464705506333792 0.7336260967074133
vt 0.45671402121944005 0.30416708383650432
vt 0.45596403970327287 0.31257324218749999
vt 0.43332384753302444 0.30640641943513408
vt 0.12153855573491719 0.12511593791588624
vt 0.12638393847348187 0.14121065831710863
vt 0.11064280801767054 0.12363365967567035
vt 0.84035313362578867 0.76131657260449526
vt 0.84458862689767356 0.77645013369972393
vt 0.83321098062894317 0.77810197222496058
vt 0.87727227917981077 0.81119442527602525
vt 0.86817561489550477 0.82727974972890383
vt 0.86880706883379333 0.80957015846805991
vt 0.84875110902996842 0.91553034737283123
vt 0.84329945657531546 0.91067533763801267
vt 0.85042451202681391 0.89680737997831228
vt 0.79589566492507891 0.9153818605826104
vt 0.79968777725749207 0.8970498262519716
vt 0.80781966248521297 0.90873854002365928
vt 0.78593195485015777 0.82114535069992112
vt 0.79807999186711354 0.81727337280658519
vt 0.79332186822259465 0.83494276173107251
vt 0.74734233290615137 0.18235490961405756
vt 0.74236016980481068 0.16706997362973186
vt 0.7353115141955836 0.17477983059567231
vt 0.89610684271490537 0.57563403397328472
vt 0.91617651136139588 0.56687273573048103
vt 0.90916343713032333 0.5859562148807177
vt 0.65514466679810723 0.71571202804613565
vt 0.64865730357847007 0.70316165960173505
vt 0.66895324514491328 0.71214788298501575
vt 0.42358648739402605 0.73937734128548893
vt 0.42759794120908912 0.72830721978509461
vt 0.44639888727326499 0.73006572542882497
vt 0.22763138539407532 0.34545451744873817
vt 0.2440800711935627 0.34750117834434147
vt 0.22307887513554811 0.35226141992803628
vt 0.95815252550768926 0.097932140458645511
vt 0.97863138000295746 0.082926541397624218
vt 0.97529327681388012 0.080801381974566253
vt 0.50654019617507884 0.5159709172293967
vt 0.48533966353263014 0.52865818156052835
vt 0.50610313054514988 0.50709436458744084
vt 0.36409677210666402 0.62361602301853314
vt 0.3712702706033123 0.61256792808556781
vt 0.39320588217172714 0.59934228361593056
vt 0.35684098204603709 0.60180949021589114
vt 0.38518020196667979 0.5794660405781743
vt 0.36635203075709777 0.59838043116620665
vt 0.48989211602917981 0.48374951479938882
vt 0.49431310226488567 0.48344345333448346
vt 0.4717275529253746 0.50224767257738567
vt 0.89563712231368298 0.26386497329086162
vt 0.90462134328174293 0.26750440146268728
vt 0.90211139281841479 0.25128866971855285
vt 0.63059120539235014 0.54629021773955044
vt 0.61059574163298502 0.55712432379978316
vt 0.60798651758428623 0.55434897630372637
vt 0.19792977221756702 0.47827733758872237
vt 0.22630915596658124 0.50635608949871846
vt 0.22637877840348974 0.51609753148412851
vt 0.36394008311563486 0.2862944112591187
vt 0.34108432324526816 0.27872308676927249
vt 0.35914526136139591 0.27570968290984821
vt 0.079556900168819 0.079349573177494082
vt 0.072794310753277802 0.072155318876922322
vt 0.084218898255742317 0.06664040261638654
vt 0.78396127020899053 0.69067028539037856
vt 0.76790505779278395 0.69542448122042588
vt 0.77411439336060728 0.68676349627858835
vt 0.95172731417586753 0.69775467640970035
vt 0.95044184062007098 0.68052358537066249
vt 0.96291550115832014 0.68454227868690853
vt 0.080789107554342474 0.32014337292981071
vt 0.068244924455034994 0.30346729747880519
vt 0.082590000862578866 0.31062824237233833
vt 0.56749094292192426 0.78157754892054421
vt 0.57320772285341093 0.78785196298304416
vt 0.55231694844242907 0.78597724024053628
vt 0.69964002735607256 0.86243445940950314
vt 0.6907088703913643 0.88474036376182963
vt 0.68677851439274451 0.87214101316048898
vt 0.77338212551754737 0.29250135933187105
vt 0.7640559536425473 0.30425307216704456
vt 0.77568844575611196 0.30833364781521094
vt 0.77261081057768144 0.66148754805796528
vt 0.76606822690753151 0.66886305944400626
vt 0.75518617840595426 0.66914555402208198
vt 0.6507334230826104 0.87243498311809942
vt 0.65255215521490539 0.87967263591778388
vt 0.636215912731664 0.89747772698146688
vt 0.34310880354150236 0.37170414007048502
vt 0.31984707323910688 0.37173517750640772
vt 0.33427707419410491 0.36701613946667982
vt 0.12575374567170247 0.28924498934098974
vt 0.11162301914925078 0.29094860185208005
vt 0.11184688532013999 0.27518241232501972
vt 0.86035425805895105 0.10399797602030757
vt 0.85680567022377763 0.094816497899004343
vt 0.85933572185528395 0.11280891105579653
vt 0.97709183076202677 0.18407835373743101
vt 0.96405718589806777 0.19161265279968454
vt 0.9730831495218849 0.1986218377242705
vt 0.38232853164432179 0.65109193242310726
vt 0.41619861494479493 0.63439902898264988
vt 0.3953781946224369 0.64913742113564665
vt 0.14057551723925474 0.47810039339757493
vt 0.11699513336085371 0.5188199690087737
vt 0.11633295005052248 0.50901441122831226
vt 0.22639098543473976 0.17380721516413644
vt 0.25112121774571178 0.18931455401592073
vt 0.22847600028341877 0.18121959794583004
vt 0.85625015403194005 0.19592025227351142
vt 0.85801212539432181 0.17522024642029771
vt 0.85303828001774451 0.18568613912780954
vt 0.69852599134956628 0.47612793738909698
vt 0.69296397500985807 0.46702661363860409
vt 0.70204400384463728 0.46230118327336356
vt 0.39820032932028787 0.66735085087243695
vt 0.40583858068809148 0.65960835838919563
vt 0.43037328870514591 0.65023536080441635
vt 0.52567585364501179 0.33008155221066643
vt 0.55565162442083993 0.32429518835025634
vt 0.54572068464116719 0.33319723327829259
vt 0.17909636392202288 0.18837309154426263
vt 0.19558850598260055 0.1900271057706526
vt 0.19842167321815851 0.2033879517756802
vt 0.90106074095524447 0.65224116472791793
vt 0.90980990918276816 0.63804662084729891
vt 0.91589748250197156 0.64991405017744475
vt 0.92655125566837537 0.831831162509858
vt 0.93349647882985021 0.83684174450414039
vt 0.92103937672515768 0.84947652245169558
vt 0.58880515113613963 0.89385135301656149
vt 0.56704509747141163 0.88947907938190063
vt 0.56716169965003949 0.89173148844144323
vt 0.54256988429120667 0.71092841211553626
vt 0.52473021305697953 0.71058114710666409
vt 0.54279746648264982 0.69841809197555205
vt 0.72894822370366719 0.72841203852030756
vt 0.71856924351833595 0.72063920174487384
vt 0.73000958078667189 0.71842899743690847
vt 0.82457217628647472 0.18932816658862381
vt 0.83283159996056777 0.18390535661474763
vt 0.82872618666206621 0.17535096177543374
vt 0.94498733857452677 0.28567179490339117
vt 0.9493621537361987 0.27380113090250396
vt 0.93740265181388016 0.28178635846929218
vt 0.55903890230678233 0.59198953044903391
vt 0.53523372806585179 0.6013759288125986
vt 0.56128892387125395 0.58773659305993686
vt 0.52699217209680604 0.36399091365585567
vt 0.54760522691985414 0.35587889854840299
vt 0.55880165461110021 0.36403084643631706
vt 0.2441911667303332 0.26894032571594045
vt 0.24235655005421924 0.25597158726833596
vt 0.26237407888899844 0.26658546616226342
vt 0.9124405436711357 0.18426842915146885
vt 0.91369790639787063 0.19970826350552051
vt 0.92265386250492898 0.19191178282728708
vt 0.53695472693217661 0.5636704116965694
vt 0.54464985459384863 0.56753630532827282
vt 0.51704864020603314 0.5782656311612776
vt 0.17511536992310725 0.76405541453075709
vt 0.15353164432176655 0.78432386139589905
vt 0.14717840441393928 0.7757284170445583
vt 0.37496927062795743 0.24431525871204654
vt 0.36521385024398662 0.24762858201276616
vt 0.34641814126577286 0.23477762023733242
vt 0.13668822279487874 0.028141397181369529
vt 0.12283371404894519 0.029544676290325561
vt 0.13379364495021687 0.012334597373986469
vt 0.82045536462440849 0.34859553677050475
vt 0.8054166101882887 0.34754550103509463
vt 0.81034732662164821 0.36708626250739351
vt 0.68973623570583598 0.67993449021589114
vt 0.69803901937105683 0.68019734572160884
vt 0.68085128832314668 0.68481969021096212
vt 0.40969207474861985 0.695048951350552
vt 0.4379689502415221 0.68451024004337535
vt 0.41935703987578865 0.69832305426853314
vt 0.3425989193119085 0.34496030596904576
vt 0.33416536252957413 0.3506369990881309
vt 0.31962399648191048 0.34707839917685329
vt 0.079407686540381009 0.19977994611962738
vt 0.081126023542241715 0.21686339754411474
vt 0.066256179568895401 0.20327458426779377
vt 0.84382193291600949 0.70359487443316249
vt 0.83606111063190058 0.69454495884266565
vt 0.85237309308458198 0.68910585999112772
vt 0.91382975773856467 0.78212366916403786
vt 0.92501455601833593 0.76595362714412463
vt 0.92154175189767351 0.78514046172614349
vt 0.099955032300497834 0.36738435281940063
vt 0.10180164421394421 0.36536318420987773
vt 0.1146666421499162 0.38245537694696374
vt 0.59927015815999607 0.73910855555007882
vt 0.58561399441788253 0.74915759931979498
vt 0.58196332191443223 0.73686215373619879
vt 0.74767750640772868 0.80173062586257882
vt 0.73639035390378549 0.80655228768237386
vt 0.74085242815950314 0.78757301113958988
vt 0.77988358265970037 0.22161137433458203
vt 0.78359151653686909 0.23626181424980283
vt 0.79092705663446372 0.22208340521490536
vt 0.83094771231762621 0.60321006413889988
vt 0.81568129867409311 0.61806078408418774
vt 0.81764335752661677 0.60678229587687305
vt 0.51324239544311911 0.032718485161333057
vt 0.54157830367705051 0.032887694060990486
vt 0.5399601596387027 0.036598460681806978
vt 0.41271137032975158 0.39250580700414039
vt 0.40733045704357257 0.38451070213919558
vt 0.43196936766807964 0.38389145523215695
vt 0.20355825333941246 0.31478666191221411
vt 0.18757757433581426 0.30548155390501774
vt 0.20572398092468455 0.30124577182324525
vt 0.90058046936612779 0.12279934567231861
vt 0.88939759648560723 0.12384636815790122
vt 0.89748381124309939 0.13529410858635646
vt 0.55676877957413251 0.51085590157975158
vt 0.57854596929219237 0.50207404007294953
vt 0.56218562081033119 0.51919865653341879
vt 0.30103326550793574 0.68126247658714512
vt 0.30253109134710171 0.68355169928036275
vt 0.27444159570928628 0.69991897919952684
vt 0.28897196772722794 0.64425699613071763
vt 0.26422128767621256 0.66289054798403002
vt 0.28656949305007884 0.6410173963673107
vt 0.52147513308359617 0.44366089252267349
vt 0.52097006235212939 0.4416347948910686
vt 0.54467249728903788 0.432126480246944
vt 0.86553134858044167 0.27580543301458993
vt 0.85922666724171926 0.26447667263283714
vt 0.85674005261731068 0.2876579982625197
vt 0.69241639146293377 0.5348028622215103
vt 0.69875095499802842 0.52369819905855675
vt 0.70460694129534696 0.53641958146441249
vt 0.30445100321002561 0.72422198467074128
vt 0.33191476334532727 0.7102154752809543
vt 0.33438408788446372 0.71295385511139586
vt 0.40773844914481466 0.31754054120662462
vt 0.42825819912016955 0.32370798008675078
vt 0.4038358959113762 0.32609632233339908
vt 0.10222169894149251 0.14199133069733341
vt 0.11709860431659108 0.15801072947986494
vt 0.10416754593232452 0.15961796613145701
usemtl atlas_checker
g chart_12
f 70/2326 1046/2327 1049/2328
f 487/3286 2113/3287 2121/3288
f 332/6166 2113/6167 1046/6168
f 487/10006 1049/10007 2113/10008
f 2113/13846 1049/13847 1046/13848
f 2111/14806 2121/14807 2113/14808
g chart_25
f 306/6262 2033/6263 1471/6264
f 306/7222 2022/7223 2033/7224
f 306/8182 786/8183 2022/8184
f 302/9142 1220/9143 2024/9144
f 302/11062 2024/11063 2022/11064
f 2022/14902 2024/14903 2033/14904
g chart_28
f 111/847 1294/848 1293/849
f 508/3007 1713/3008 1710/3009
f 508/3727 2428/3728 2429/3729
f 513/4687 2432/4688 1294/4689
f 508/5647 2429/5648 1101/5649
f 513/9487 1103/9488 2429/9489
f 508/9727 1101/9728 1713/9729
f 513/11407 2429/11408 2432/11409
f 2432/12367 1293/12368 1294/12369
f 2429/13327 1103/13328 1101/13329
f 2432/15247 2429/15248 2428/15249
g chart_29
f 70/1459 1050/1460 1046/1461
f 70/1699 1048/1700 1050/1701
f 488/3379 2123/3380 2114/3381
f 488/4579 2412/4580 1551/4581
f 488/5299 2114/5300 1050/5301
f 332/9139 1046/9140 2114/9141
f 488/9379 1050/9380 2409/9381
f 488/10099 1551/10100 2123/10101
f 488/11299 2409/11300 2412/11301
f 2114/12979 1046/12980 1050/12981
f 2409/13219 1050/13220 1048/13221
f 2123/13939 1551/13940 1549/13941
g chart_30
f 89/2323 1160/2324 1164/2325
f 89/2803 1164/2804 1162/2805
f 2096/13843 1164/13844 1160/13845
g chart_31
f 629/3343 2106/3344 2102/3345
f 330/4243 2094/4244 810/4245
f 328/4303 2100/4304 808/4305
f 326/6163 2096/6164 1160/6165
f 326/7123 2094/7124 2096/7125
f 330/7183 2100/7184 2106/7185
f 330/8143 810/8144 2100/8145
f 330/10963 2105/10964 2094/10965
f 328/11023 2102/11024 2100/11025
f 2100/11983 810/11984 808/11985
f 2094/14803 2105/14804 2096/14805
f 2100/14863 2102/14864 2106/14865
g chart_32
f 575/3382 2033/3383 2024/3384
g chart_33
f 494/3652 2415/3653 2416/3654
f 497/3700 2420/3701 2419/3702
f 494/4852 1696/4853 1066/4854
f 497/5620 2419/5621 1072/5622
f 194/5860 1699/5861 1069/5862
f 193/5917 1695/5918 1063/5919
f 193/6877 1693/6878 1695/6879
f 504/7540 2421/7541 2420/7542
f 193/8692 1063/8693 1696/8694
f 194/8797 1069/8798 1698/8799
f 499/9460 1074/9461 2419/9462
f 497/9700 1072/9701 1699/9702
f 494/10372 1066/10373 2415/10374
f 194/10717 1698/10718 1693/10719
f 506/11332 2416/11333 2418/11334
f 499/11380 2419/11381 2421/11382
f 1696/12532 1063/12533 1066/12534
f 2419/13300 1074/13301 1072/13302
f 1699/13540 1072/13541 1069/13542
f 1693/14557 1698/14558 1695/14559
f 2418/15172 2416/15173 2415/15174
f 2421/15220 2419/15221 2420/15222
g chart_34
f 510/5167 1833/5168 1293/5169
f 1833/12847 1291/12848 1293/12849
g chart_35
f 336/6259 2123/6260 1549/6261
f 336/7219 2112/7220 2123/7221
f 332/11059 2114/11060 2112/11061
f 2112/14899 2114/14900 2123/14901
g chart_36
f 332/7126 2111/7127 2113/7128
g chart_46
f 1/1 647/2 644/3
f 1/4 644/5 643/6
f 1/7 643/8 645/9
f 1/10 645/11 646/12
f 1/13 646/14 647/15
f 12/22 702/23 699/24
f 12/61 701/62 698/63
f 12/79 700/80 701/81
f 12/133 698/134 702/135
f 12/169 699/170 700/171
f 35/181 837/182 838/183
f 42/193 880/194 879/195
f 33/199 827/200 828/201
f 17/241 729/242 727/243
f 14/244 711/245 709/246
f 13/247 706/248 703/249
f 16/253 724/254 721/255
f 35/259 839/260 835/261
f 42/262 882/263 878/264
f 35/301 838/302 836/303
f 42/313 879/314 877/315
f 14/361 714/362 710/363
f 13/364 707/365 704/366
f 16/370 725/371 722/372
f 17/373 732/374 728/375
f 26/382 784/383 781/384
f 26/409 785/410 782/411
f 14/421 712/422 714/423
f 13/424 705/425 707/426
f 16/430 723/431 725/432
f 17/433 730/434 732/435
f 26/442 786/443 784/444
f 26/469 783/470 785/471
f 14/481 709/482 712/483
f 13/484 703/485 705/486
f 16/490 721/491 723/492
f 17/493 727/494 730/495
f 26/502 782/503 786/504
f 26/529 781/530 783/531
f 17/541 728/542 731/543
f 14/544 710/545 713/546
f 13/547 704/548 708/549
f 16/553 722/554 726/555
f 35/559 836/560 840/561
f 42/562 877/563 881/564
f 35/601 835/602 837/603
f 42/613 878/614 880/615
f 17/661 731/662 729/663
f 14/664 713/665 711/666
f 13/667 708/668 706/669
f 16/673 726/674 724/675
f 35/679 840/680 839/681
f 42/682 881/683 882/684
f 107/721 1269/722 1270/723
f 103/724 1245/725 1246/726
f 110/730 1288/731 1287/732
f 113/733 1306/734 1305/735
f 154/739 1551/740 1552/741
f 116/781 1323/782 1324/783
f 108/784 1275/785 1276/786
f 115/793 1317/794 1318/795
f 156/799 1564/800 1563/801
f 109/841 1282/842 1281/843
f 105/844 1258/845 1257/846
f 117/853 1330/854 1329/855
f 140/889 1468/890 1467/891
f 107/901 1272/902 1271/903
f 103/904 1248/905 1247/906
f 113/913 1307/914 1308/915
f 154/919 1554/920 1553/921
f 47/961 909/962 907/963
f 44/964 891/965 889/966
f 43/967 886/968 883/969
f 45/970 898/971 895/972
f 46/973 904/974 901/975
f 49/976 922/977 919/978
f 72/979 1060/980 1057/981
f 102/982 1240/983 1237/984
f 101/1021 1233/1022 1231/1023
f 97/1033 1209/1034 1207/1035
f 100/1039 1228/1040 1225/1041
f 68/1081 1036/1082 1033/1083
f 48/1084 915/1085 913/1086
f 98/1093 1216/1094 1213/1095
f 70/1126 1047/1127 1045/1128
f 99/1129 1221/1130 1219/1131
f 109/1141 1284/1142 1280/1143
f 105/1144 1260/1145 1256/1146
f 117/1153 1332/1154 1328/1155
f 152/1159 1542/1160 1538/1161
f 107/1201 1270/1202 1268/1203
f 103/1204 1246/1205 1244/1206
f 113/1213 1305/1214 1303/1215
f 154/1219 1552/1220 1550/1221
f 116/1261 1324/1262 1322/1263
f 108/1264 1276/1265 1274/1266
f 115/1273 1318/1274 1316/1275
f 156/1279 1563/1280 1561/1281
f 109/1321 1281/1322 1279/1323
f 105/1324 1257/1325 1255/1326
f 117/1333 1329/1334 1327/1335
f 140/1369 1467/1370 1465/1371
f 107/1381 1271/1382 1267/1383
f 103/1384 1247/1385 1243/1386
f 113/1393 1308/1394 1304/1395
f 154/1399 1553/1400 1549/1401
f 44/1441 894/1442 890/1443
f 43/1444 887/1445 884/1446
f 45/1447 899/1448 896/1449
f 46/1450 905/1451 902/1452
f 47/1453 912/1454 908/1455
f 99/1462 1224/1463 1220/1464
f 98/1501 1217/1502 1214/1503
f 68/1504 1037/1505 1034/1506
f 93/1513 1188/1514 1184/1515
f 101/1519 1236/1520 1232/1521
f 97/1522 1212/1523 1208/1524
f 72/1561 1061/1562 1058/1563
f 49/1564 923/1565 920/1566
f 102/1573 1241/1574 1238/1575
f 100/1609 1229/1610 1226/1611
f 116/1621 1325/1622 1321/1623
f 108/1624 1277/1625 1273/1626
f 115/1633 1319/1634 1315/1635
f 156/1639 1566/1640 1562/1641
f 44/1681 892/1682 894/1683
f 43/1684 885/1685 887/1686
f 45/1687 897/1688 899/1689
f 46/1690 903/1691 905/1692
f 47/1693 910/1694 912/1695
f 99/1702 1222/1703 1224/1704
f 98/1741 1215/1742 1217/1743
f 68/1744 1035/1745 1037/1746
f 93/1753 1186/1754 1188/1755
f 101/1759 1234/1760 1236/1761
f 97/1762 1210/1763 1212/1764
f 72/1801 1059/1802 1061/1803
f 49/1804 921/1805 923/1806
f 102/1813 1239/1814 1241/1815
f 100/1849 1227/1850 1229/1851
f 116/1861 1326/1862 1325/1863
f 108/1864 1278/1865 1277/1866
f 115/1873 1320/1874 1319/1875
f 156/1879 1565/1880 1566/1881
f 44/1921 889/1922 892/1923
f 43/1924 883/1925 885/1926
f 45/1927 895/1928 897/1929
f 46/1930 901/1931 903/1932
f 47/1933 907/1934 910/1935
f 70/1939 1045/1940 1048/1941
f 99/1942 1219/1943 1222/1944
f 98/1981 1213/1982 1215/1983
f 68/1984 1033/1985 1035/1986
f 93/1993 1183/1994 1186/1995
f 101/1999 1231/2000 1234/2001
f 97/2002 1207/2003 1210/2004
f 72/2041 1057/2042 1059/2043
f 49/2044 919/2045 921/2046
f 102/2053 1237/2054 1239/2055
f 100/2089 1225/2090 1227/2091
f 116/2101 1322/2102 1326/2103
f 108/2104 1274/2105 1278/2106
f 115/2113 1316/2114 1320/2115
f 156/2119 1561/2120 1565/2121
f 47/2161 908/2162 911/2163
f 44/2164 890/2165 893/2166
f 43/2167 884/2168 888/2169
f 45/2170 896/2171 900/2172
f 46/2173 902/2174 906/2175
f 72/2179 1058/2180 1062/2181
f 102/2182 1238/2183 1242/2184
f 101/2221 1232/2222 1235/2223
f 97/2233 1208/2234 1211/2235
f 100/2239 1226/2240 1230/2241
f 68/2281 1034/2282 1038/2283
f 48/2284 914/2285 917/2286
f 98/2293 1214/2294 1218/2295
f 99/2329 1220/2330 1223/2331
f 109/2341 1279/2342 1283/2343
f 105/2344 1255/2345 1259/2346
f 117/2353 1327/2354 1331/2355
f 152/2359 1537/2360 1541/2361
f 140/2389 1465/2390 1469/2391
f 107/2401 1267/2402 1269/2403
f 103/2404 1243/2405 1245/2406
f 110/2410 1286/2411 1288/2412
f 113/2413 1304/2414 1306/2415
f 154/2419 1549/2420 1551/2421
f 116/2461 1321/2462 1323/2463
f 108/2464 1273/2465 1275/2466
f 115/2473 1315/2474 1317/2475
f 156/2479 1562/2480 1564/2481
f 109/2521 1280/2522 1282/2523
f 105/2524 1256/2525 1258/2526
f 117/2533 1328/2534 1330/2535
f 152/2539 1538/2540 1540/2541
f 140/2569 1466/2570 1468/2571
f 107/2581 1268/2582 1272/2583
f 103/2584 1244/2585 1248/2586
f 113/2593 1303/2594 1307/2595
f 154/2599 1550/2600 1554/2601
f 47/2641 911/2642 909/2643
f 44/2644 893/2645 891/2646
f 43/2647 888/2648 886/2649
f 45/2650 900/2651 898/2652
f 46/2653 906/2654 904/2655
f 72/2659 1062/2660 1060/2661
f 102/2662 1242/2663 1240/2664
f 101/2701 1235/2702 1233/2703
f 97/2713 1211/2714 1209/2715
f 100/2719 1230/2720 1228/2721
f 68/2761 1038/2762 1036/2763
f 48/2764 917/2765 915/2766
f 98/2773 1218/2774 1216/2775
f 99/2809 1223/2810 1221/2811
f 109/2821 1283/2822 1284/2823
f 105/2824 1259/2825 1260/2826
f 117/2833 1331/2834 1332/2835
f 152/2839 1541/2840 1542/2841
f 407/2881 1609/2882 1616/2883
f 403/2884 1605/2885 1608/2886
f 404/2887 1611/2888 1606/2889
f 410/2890 1614/2891 1612/2892
f 413/2893 1617/2894 1615/2895
f 486/2899 1688/2900 1692/2901
f 573/2902 1775/2903 1782/2904
f 568/2941 1770/2942 1779/2943
f 554/2953 1756/2954 1766/2955
f 576/2959 1780/2960 1778/2961
f 558/2962 1767/2963 1760/2964
f 479/3001 1691/3002 1681/3003
f 418/3004 1623/3005 1620/3006
f 569/3013 1781/3014 1771/3015
f 572/3049 1777/3050 1774/3051
f 591/3061 2191/3062 2189/3063
f 587/3064 1885/3065 1883/3066
f 597/3073 2315/3074 2317/3075
f 634/3079 2160/3080 2158/3081
f 416/3121 1857/3122 1864/3123
f 408/3124 1803/3125 1810/3126
f 406/3127 1786/3128 1795/3129
f 412/3130 1822/3131 1831/3132
f 415/3133 1840/3134 1849/3135
f 492/3139 2182/3140 2193/3141
f 582/3142 2312/3143 2321/3144
f 579/3181 2185/3182 2190/3183
f 483/3184 1879/3185 1884/3186
f 566/3193 2307/3194 2314/3195
f 578/3199 2150/3200 2159/3201
f 481/3241 1808/3242 1817/3243
f 420/3244 1789/3245 1797/3246
f 571/3253 1862/3254 1871/3255
f 574/3289 2023/3290 2031/3291
f 589/3301 1818/3302 1814/3303
f 583/3304 1798/3305 1793/3306
f 596/3313 1872/3314 1868/3315
f 633/3319 2120/3320 2124/3321
f 409/3361 1813/3362 1804/3363
f 405/3364 1792/3365 1785/3366
f 414/3370 1846/3371 1839/3372
f 417/3373 1867/3374 1858/3375
f 570/3421 1869/3422 1861/3423
f 480/3424 1815/3425 1807/3426
f 556/3433 1853/3434 1844/3435
f 580/3439 2195/3440 2186/3441
f 491/3481 2188/3482 2181/3483
f 423/3484 1882/3485 1875/3486
f 581/3493 2316/3494 2311/3495
f 577/3529 2154/3530 2149/3531
f 590/3541 1865/3542 1870/3543
f 584/3544 1811/3545 1816/3546
f 595/3553 1850/3554 1854/3555
f 636/3559 2194/3560 2196/3561
f 407/3601 2330/3602 2329/3603
f 403/3604 2324/3605 2323/3606
f 404/3607 2325/3608 2326/3609
f 410/3610 2332/3611 2333/3612
f 413/3613 2335/3614 2336/3615
f 486/3619 2410/3620 2409/3621
f 573/3622 2497/3623 2496/3624
f 568/3661 2489/3662 2488/3663
f 478/3664 2399/3665 2398/3666
f 554/3673 2476/3674 2475/3675
f 576/3679 2500/3680 2501/3681
f 558/3682 2481/3683 2482/3684
f 479/3721 2400/3722 2401/3723
f 418/3724 2338/3725 2339/3726
f 569/3733 2490/3734 2491/3735
f 572/3769 2494/3770 2495/3771
f 591/3781 2510/3782 2511/3783
f 587/3784 2504/3785 2505/3786
f 597/3793 2517/3794 2516/3795
f 634/3799 2554/3800 2556/3801
f 167/3841 1607/3842 647/3843
f 164/3844 1603/3845 644/3846
f 163/3847 1604/3848 643/3849
f 165/3850 1610/3851 645/3852
f 166/3853 1613/3854 646/3855
f 169/3856 1622/3857 649/3858
f 192/3859 1686/3860 672/3861
f 222/3862 1773/3863 702/3864
f 221/3901 1768/3902 701/3903
f 217/3913 1754/3914 697/3915
f 220/3919 1776/3920 700/3921
f 168/3964 1618/3965 648/3966
f 218/3973 1769/3974 698/3975
f 219/4009 1772/4010 699/4011
f 357/4021 2187/4022 837/4023
f 255/4024 1881/4025 735/4026
f 400/4033 2313/4034 880/4035
f 347/4039 2156/4040 827/4041
f 249/4081 1855/4082 729/4083
f 231/4084 1801/4085 711/4086
f 226/4087 1784/4088 706/4089
f 244/4093 1838/4094 724/4095
f 359/4099 2180/4100 839/4101
f 402/4102 2310/4103 882/4104
f 358/4141 2183/4142 838/4143
f 399/4153 2305/4154 879/4155
f 348/4159 2148/4160 828/4161
f 234/4201 1806/4202 714/4203
f 227/4204 1787/4205 707/4206
f 252/4213 1860/4214 732/4215
f 304/4222 2018/4223 784/4224
f 305/4249 2021/4250 785/4251
f 232/4261 1812/4262 712/4263
f 225/4264 1791/4265 705/4266
f 243/4270 1845/4271 723/4272
f 250/4273 1866/4274 730/4275
f 229/4321 1802/4322 709/4323
f 223/4324 1783/4325 703/4326
f 241/4330 1837/4331 721/4332
f 247/4333 1856/4334 727/4335
f 302/4342 2022/4343 782/4344
f 248/4381 1859/4382 728/4383
f 230/4384 1805/4385 710/4386
f 224/4387 1788/4388 704/4389
f 242/4393 1842/4394 722/4395
f 356/4399 2184/4400 836/4401
f 355/4441 2179/4442 835/4443
f 398/4453 2309/4454 878/4455
f 251/4501 1863/4502 731/4503
f 233/4504 1809/4505 713/4506
f 246/4513 1848/4514 726/4515
f 360/4519 2192/4520 840/4521
f 409/4561 2331/4562 1269/4563
f 405/4564 2327/4565 1245/4566
f 414/4570 2334/4571 1288/4572
f 417/4573 2337/4574 1306/4575
f 570/4621 2492/4622 1323/4623
f 480/4624 2402/4625 1275/4626
f 556/4633 2478/4634 1317/4635
f 580/4639 2502/4640 1564/4641
f 491/4681 2403/4682 1282/4683
f 423/4684 2342/4685 1258/4686
f 581/4693 2493/4694 1330/4695
f 577/4729 2498/4730 1468/4731
f 590/4741 2509/4742 1272/4743
f 584/4744 2503/4745 1248/4746
f 595/4753 2515/4754 1307/4755
f 636/4759 2555/4760 1554/4761
f 407/4801 1616/4802 909/4803
f 403/4804 1608/4805 891/4806
f 404/4807 1606/4808 886/4809
f 410/4810 1612/4811 898/4812
f 413/4813 1615/4814 904/4815
f 486/4819 1692/4820 1060/4821
f 573/4822 1782/4823 1240/4824
f 568/4861 1779/4862 1233/4863
f 554/4873 1766/4874 1209/4875
f 576/4879 1778/4880 1228/4881
f 479/4921 1681/4922 1036/4923
f 418/4924 1620/4925 915/4926
f 569/4933 1771/4934 1216/4935
f 572/4969 1774/4970 1221/4971
f 591/4981 2189/4982 1284/4983
f 587/4984 1883/4985 1260/4986
f 597/4993 2317/4994 1332/4995
f 634/4999 2158/5000 1542/5001
f 416/5041 1864/5042 1270/5043
f 408/5044 1810/5045 1246/5046
f 406/5047 1795/5048 1251/5049
f 412/5050 1831/5051 1287/5052
f 415/5053 1849/5054 1305/5055
f 492/5059 2193/5060 1552/5061
f 579/5101 2190/5102 1324/5103
f 483/5104 1884/5105 1276/5106
f 566/5113 2314/5114 1318/5115
f 578/5119 2159/5120 1563/5121
f 481/5161 1817/5162 1281/5163
f 420/5164 1797/5165 1257/5166
f 571/5173 1871/5174 1329/5175
f 574/5209 2031/5210 1467/5211
f 589/5221 1814/5222 1271/5223
f 583/5224 1793/5225 1247/5226
f 596/5233 1868/5234 1308/5235
f 633/5239 2124/5240 1553/5241
f 409/5281 1804/5282 894/5283
f 405/5284 1785/5285 887/5286
f 414/5290 1839/5291 905/5292
f 417/5293 1858/5294 912/5295
f 570/5341 1861/5342 1217/5343
f 480/5344 1807/5345 1037/5346
f 556/5353 1844/5354 1188/5355
f 580/5359 2186/5360 1236/5361
f 567/5362 2308/5363 1212/5364
f 491/5401 2181/5402 1061/5403
f 423/5404 1875/5405 923/5406
f 581/5413 2311/5414 1241/5415
f 577/5449 2149/5450 1229/5451
f 590/5461 1870/5462 1325/5463
f 584/5464 1816/5465 1277/5466
f 595/5473 1854/5474 1319/5475
f 636/5479 2196/5480 1566/5481
f 407/5521 2329/5522 892/5523
f 403/5524 2323/5525 885/5526
f 404/5527 2326/5528 897/5529
f 410/5530 2333/5531 903/5532
f 413/5533 2336/5534 910/5535
f 486/5539 2409/5540 1048/5541
f 573/5542 2496/5543 1222/5544
f 568/5581 2488/5582 1215/5583
f 478/5584 2398/5585 1035/5586
f 554/5593 2475/5594 1186/5595
f 576/5599 2501/5600 1234/5601
f 558/5602 2482/5603 1210/5604
f 479/5641 2401/5642 1059/5643
f 418/5644 2339/5645 921/5646
f 569/5653 2491/5654 1239/5655
f 572/5689 2495/5690 1227/5691
f 591/5701 2511/5702 1326/5703
f 587/5704 2505/5705 1278/5706
f 597/5713 2516/5714 1320/5715
f 634/5719 2556/5720 1565/5721
f 164/5761 1609/5762 889/5763
f 163/5764 1605/5765 883/5766
f 165/5767 1611/5768 895/5769
f 166/5770 1614/5771 901/5772
f 167/5773 1617/5774 907/5775
f 190/5779 1688/5780 1045/5781
f 219/5782 1775/5783 1219/5784
f 218/5821 1770/5822 1213/5823
f 221/5839 1780/5840 1231/5841
f 217/5842 1767/5843 1207/5844
f 192/5881 1691/5882 1057/5883
f 169/5884 1623/5885 919/5886
f 222/5893 1781/5894 1237/5895
f 220/5929 1777/5930 1225/5931
f 358/5941 2191/5942 1322/5943
f 256/5944 1885/5945 1274/5946
f 399/5953 2315/5954 1316/5955
f 348/5959 2160/5960 1561/5961
f 247/6001 1857/6002 908/6003
f 229/6004 1803/6005 890/6006
f 223/6007 1786/6008 884/6009
f 241/6013 1840/6014 902/6015
f 355/6019 2182/6020 1058/6021
f 398/6022 2312/6023 1238/6024
f 356/6061 2185/6062 1232/6063
f 397/6073 2307/6074 1208/6075
f 344/6079 2150/6080 1226/6081
f 230/6121 1808/6122 1034/6123
f 224/6124 1789/6125 914/6126
f 248/6133 1862/6134 1214/6135
f 302/6169 2023/6170 1220/6171
f 234/6181 1818/6182 1279/6183
f 227/6184 1798/6185 1255/6186
f 252/6193 1872/6194 1327/6195
f 305/6229 2032/6230 1465/6231
f 232/6241 1813/6242 1267/6243
f 225/6244 1792/6245 1243/6246
f 243/6250 1846/6251 1286/6252
f 250/6253 1867/6254 1304/6255
f 251/6301 1869/6302 1321/6303
f 233/6304 1815/6305 1273/6306
f 246/6313 1853/6314 1315/6315
f 360/6319 2195/6320 1562/6321
f 357/6361 2188/6362 1280/6363
f 255/6364 1882/6365 1256/6366
f 400/6373 2316/6374 1328/6375
f 347/6379 2157/6380 1538/6381
f 249/6421 1865/6422 1268/6423
f 231/6424 1811/6425 1244/6426
f 244/6433 1850/6434 1303/6435
f 359/6439 2194/6440 1550/6441
f 416/6481 2330/6482 911/6483
f 408/6484 2324/6485 893/6486
f 406/6487 2325/6488 888/6489
f 412/6490 2332/6491 900/6492
f 415/6493 2335/6494 906/6495
f 492/6499 2410/6500 1062/6501
f 582/6502 2497/6503 1242/6504
f 579/6541 2489/6542 1235/6543
f 566/6553 2476/6554 1211/6555
f 578/6559 2500/6560 1230/6561
f 481/6601 2400/6602 1038/6603
f 420/6604 2338/6605 917/6606
f 571/6613 2490/6614 1218/6615
f 574/6649 2494/6650 1223/6651
f 589/6661 2510/6662 1283/6663
f 583/6664 2504/6665 1259/6666
f 596/6673 2517/6674 1331/6675
f 633/6679 2554/6680 1541/6681
f 164/6721 1607/6722 1609/6723
f 163/6724 1603/6725 1605/6726
f 165/6727 1604/6728 1611/6729
f 166/6730 1610/6731 1614/6732
f 167/6733 1613/6734 1617/6735
f 190/6739 1686/6740 1688/6741
f 219/6742 1773/6743 1775/6744
f 218/6781 1768/6782 1770/6783
f 213/6793 1754/6794 1756/6795
f 221/6799 1776/6800 1780/6801
f 217/6802 1758/6803 1767/6804
f 192/6841 1679/6842 1691/6843
f 169/6844 1618/6845 1623/6846
f 222/6853 1769/6854 1781/6855
f 220/6889 1772/6890 1777/6891
f 358/6901 2187/6902 2191/6903
f 256/6904 1881/6905 1885/6906
f 399/6913 2313/6914 2315/6915
f 348/6919 2156/6920 2160/6921
f 247/6961 1855/6962 1857/6963
f 229/6964 1801/6965 1803/6966
f 223/6967 1784/6968 1786/6969
f 241/6973 1838/6974 1840/6975
f 355/6979 2180/6980 2182/6981
f 398/6982 2310/6983 2312/6984
f 356/7021 2183/7022 2185/7023
f 397/7033 2305/7034 2307/7035
f 344/7039 2148/7040 2150/7041
f 230/7081 1806/7082 1808/7083
f 224/7084 1787/7085 1789/7086
f 248/7093 1860/7094 1862/7095
f 302/7129 2021/7130 2023/7131
f 234/7141 1812/7142 1818/7143
f 227/7144 1791/7145 1798/7146
f 252/7153 1866/7154 1872/7155
f 305/7189 2025/7190 2032/7191
f 232/7201 1802/7202 1813/7203
f 225/7204 1783/7205 1792/7206
f 243/7210 1837/7211 1846/7212
f 250/7213 1856/7214 1867/7215
f 251/7261 1859/7262 1869/7263
f 233/7264 1805/7265 1815/7266
f 246/7273 1842/7274 1853/7275
f 360/7279 2184/7280 2195/7281
f 357/7321 2179/7322 2188/7323
f 255/7324 1873/7325 1882/7326
f 400/7333 2309/7334 2316/7335
f 347/7339 2144/7340 2157/7341
f 346/7369 2147/7370 2154/7371
f 249/7381 1863/7382 1865/7383
f 231/7384 1809/7385 1811/7386
f 244/7393 1848/7394 1850/7395
f 359/7399 2192/7400 2194/7401
f 416/7441 2331/7442 2330/7443
f 408/7444 2327/7445 2324/7446
f 406/7447 2328/7448 2325/7449
f 412/7450 2334/7451 2332/7452
f 415/7453 2337/7454 2335/7455
f 492/7459 2412/7460 2410/7461
f 582/7462 2499/7463 2497/7464
f 579/7501 2492/7502 2489/7503
f 483/7504 2402/7505 2399/7506
f 566/7513 2478/7514 2476/7515
f 578/7519 2502/7520 2500/7521
f 560/7522 2484/7523 2481/7524
f 481/7561 2403/7562 2400/7563
f 420/7564 2342/7565 2338/7566
f 571/7573 2493/7574 2490/7575
f 574/7609 2498/7610 2494/7611
f 589/7621 2509/7622 2510/7623
f 583/7624 2503/7625 2504/7626
f 596/7633 2515/7634 2517/7635
f 633/7639 2555/7640 2554/7641
f 164/7681 644/7682 1607/7683
f 163/7684 643/7685 1603/7686
f 165/7687 645/7688 1604/7689
f 166/7690 646/7691 1610/7692
f 167/7693 647/7694 1613/7695
f 190/7699 670/7700 1686/7701
f 219/7702 699/7703 1773/7704
f 218/7741 698/7742 1768/7743
f 213/7753 693/7754 1754/7755
f 221/7759 701/7760 1776/7761
f 217/7762 697/7763 1758/7764
f 192/7801 672/7802 1679/7803
f 169/7804 649/7805 1618/7806
f 222/7813 702/7814 1769/7815
f 220/7849 700/7850 1772/7851
f 358/7861 838/7862 2187/7863
f 256/7864 736/7865 1881/7866
f 399/7873 879/7874 2313/7875
f 348/7879 828/7880 2156/7881
f 247/7921 727/7922 1855/7923
f 229/7924 709/7925 1801/7926
f 223/7927 703/7928 1784/7929
f 241/7933 721/7934 1838/7935
f 355/7939 835/7940 2180/7941
f 398/7942 878/7943 2310/7944
f 356/7981 836/7982 2183/7983
f 397/7993 877/7994 2305/7995
f 344/7999 824/8000 2148/8001
f 230/8041 710/8042 1806/8043
f 224/8044 704/8045 1787/8046
f 242/8050 722/8051 1841/8052
f 248/8053 728/8054 1860/8055
f 302/8089 782/8090 2021/8091
f 234/8101 714/8102 1812/8103
f 227/8104 707/8105 1791/8106
f 252/8113 732/8114 1866/8115
f 305/8149 785/8150 2025/8151
f 232/8161 712/8162 1802/8163
f 225/8164 705/8165 1783/8166
f 243/8170 723/8171 1837/8172
f 250/8173 730/8174 1856/8175
f 251/8221 731/8222 1859/8223
f 233/8224 713/8225 1805/8226
f 246/8233 726/8234 1842/8235
f 360/8239 840/8240 2184/8241
f 357/8281 837/8282 2179/8283
f 255/8284 735/8285 1873/8286
f 400/8293 880/8294 2309/8295
f 347/8299 827/8300 2144/8301
f 249/8341 729/8342 1863/8343
f 231/8344 711/8345 1809/8346
f 226/8347 706/8348 1794/8349
f 244/8353 724/8354 1848/8355
f 359/8359 839/8360 2192/8361
f 402/8362 882/8363 2318/8364
f 416/8401 1270/8402 2331/8403
f 408/8404 1246/8405 2327/8406
f 406/8407 1251/8408 2328/8409
f 412/8410 1287/8411 2334/8412
f 415/8413 1305/8414 2337/8415
f 492/8419 1552/8420 2412/8421
f 579/8461 1324/8462 2492/8463
f 483/8464 1276/8465 2402/8466
f 566/8473 1318/8474 2478/8475
f 578/8479 1563/8480 2502/8481
f 481/8521 1281/8522 2403/8523
f 420/8524 1257/8525 2342/8526
f 571/8533 1329/8534 2493/8535
f 574/8569 1467/8570 2498/8571
f 589/8581 1271/8582 2509/8583
f 583/8584 1247/8585 2503/8586
f 596/8593 1308/8594 2515/8595
f 633/8599 1553/8600 2555/8601
f 167/8641 907/8642 1616/8643
f 164/8644 889/8645 1608/8646
f 163/8647 883/8648 1606/8649
f 165/8650 895/8651 1612/8652
f 166/8653 901/8654 1615/8655
f 169/8656 919/8657 1624/8658
f 192/8659 1057/8660 1692/8661
f 222/8662 1237/8663 1782/8664
f 221/8701 1231/8702 1779/8703
f 217/8713 1207/8714 1766/8715
f 220/8719 1225/8720 1778/8721
f 188/8761 1033/8762 1681/8763
f 168/8764 913/8765 1620/8766
f 218/8773 1213/8774 1771/8775
f 190/8806 1045/8807 1687/8808
f 219/8809 1219/8810 1774/8811
f 357/8821 1280/8822 2189/8823
f 255/8824 1256/8825 1883/8826
f 400/8833 1328/8834 2317/8835
f 347/8839 1538/8840 2158/8841
f 249/8881 1268/8882 1864/8883
f 231/8884 1244/8885 1810/8886
f 226/8887 1249/8888 1795/8889
f 244/8893 1303/8894 1849/8895
f 359/8899 1550/8900 2193/8901
f 358/8941 1322/8942 2190/8943
f 256/8944 1274/8945 1884/8946
f 399/8953 1316/8954 2314/8955
f 348/8959 1561/8960 2159/8961
f 234/9001 1279/9002 1817/9003
f 227/9004 1255/9005 1797/9006
f 252/9013 1327/9014 1871/9015
f 305/9049 1465/9050 2031/9051
f 232/9061 1267/9062 1814/9063
f 225/9064 1243/9065 1793/9066
f 250/9073 1304/9074 1868/9075
f 336/9079 1549/9080 2124/9081
f 229/9121 890/9122 1804/9123
f 223/9124 884/9125 1785/9126
f 241/9130 902/9131 1839/9132
f 247/9133 908/9134 1858/9135
f 248/9181 1214/9182 1861/9183
f 230/9184 1034/9185 1807/9186
f 224/9187 914/9188 1790/9189
f 242/9193 1184/9194 1844/9195
f 356/9199 1232/9200 2186/9201
f 397/9202 1208/9203 2308/9204
f 355/9241 1058/9242 2181/9243
f 398/9253 1238/9254 2311/9255
f 344/9289 1226/9290 2149/9291
f 251/9301 1321/9302 1870/9303
f 233/9304 1273/9305 1816/9306
f 246/9313 1315/9314 1854/9315
f 360/9319 1562/9320 2196/9321
f 409/9361 894/9362 2329/9363
f 405/9364 887/9365 2323/9366
f 411/9367 899/9368 2326/9369
f 414/9370 905/9371 2333/9372
f 417/9373 912/9374 2336/9375
f 570/9421 1217/9422 2488/9423
f 480/9424 1037/9425 2398/9426
f 556/9433 1188/9434 2475/9435
f 580/9439 1236/9440 2501/9441
f 567/9442 1212/9443 2482/9444
f 491/9481 1061/9482 2401/9483
f 423/9484 923/9485 2339/9486
f 581/9493 1241/9494 2491/9495
f 577/9529 1229/9530 2495/9531
f 590/9541 1325/9542 2511/9543
f 584/9544 1277/9545 2505/9546
f 595/9553 1319/9554 2516/9555
f 636/9559 1566/9560 2556/9561
f 407/9601 892/9602 1609/9603
f 403/9604 885/9605 1605/9606
f 404/9607 897/9608 1611/9609
f 410/9610 903/9611 1614/9612
f 413/9613 910/9614 1617/9615
f 486/9619 1048/9620 1688/9621
f 573/9622 1222/9623 1775/9624
f 568/9661 1215/9662 1770/9663
f 478/9664 1035/9665 1680/9666
f 554/9673 1186/9674 1756/9675
f 576/9679 1234/9680 1780/9681
f 558/9682 1210/9683 1767/9684
f 479/9721 1059/9722 1691/9723
f 418/9724 921/9725 1623/9726
f 569/9733 1239/9734 1781/9735
f 572/9769 1227/9770 1777/9771
f 591/9781 1326/9782 2191/9783
f 587/9784 1278/9785 1885/9786
f 597/9793 1320/9794 2315/9795
f 634/9799 1565/9800 2160/9801
f 416/9841 911/9842 1857/9843
f 408/9844 893/9845 1803/9846
f 406/9847 888/9848 1786/9849
f 412/9850 900/9851 1822/9852
f 415/9853 906/9854 1840/9855
f 492/9859 1062/9860 2182/9861
f 582/9862 1242/9863 2312/9864
f 579/9901 1235/9902 2185/9903
f 566/9913 1211/9914 2307/9915
f 578/9919 1230/9920 2150/9921
f 481/9961 1038/9962 1808/9963
f 420/9964 917/9965 1789/9966
f 571/9973 1218/9974 1862/9975
f 574/10009 1223/10010 2023/10011
f 589/10021 1283/10022 1818/10023
f 583/10024 1259/10025 1798/10026
f 596/10033 1331/10034 1872/10035
f 633/10039 1541/10040 2120/10041
f 409/10081 1269/10082 1813/10083
f 405/10084 1245/10085 1792/10086
f 414/10090 1288/10091 1846/10092
f 417/10093 1306/10094 1867/10095
f 570/10141 1323/10142 1869/10143
f 480/10144 1275/10145 1815/10146
f 556/10153 1317/10154 1853/10155
f 580/10159 1564/10160 2195/10161
f 491/10201 1282/10202 2188/10203
f 423/10204 1258/10205 1882/10206
f 581/10213 1330/10214 2316/10215
f 477/10219 1540/10220 2157/10221
f 577/10249 1468/10250 2154/10251
f 590/10261 1272/10262 1865/10263
f 584/10264 1248/10265 1811/10266
f 595/10273 1307/10274 1850/10275
f 636/10279 1554/10280 2194/10281
f 407/10321 909/10322 2330/10323
f 403/10324 891/10325 2324/10326
f 404/10327 886/10328 2325/10329
f 410/10330 898/10331 2332/10332
f 413/10333 904/10334 2335/10335
f 486/10339 1060/10340 2410/10341
f 573/10342 1240/10343 2497/10344
f 568/10381 1233/10382 2489/10383
f 554/10393 1209/10394 2476/10395
f 576/10399 1228/10400 2500/10401
f 479/10441 1036/10442 2400/10443
f 418/10444 915/10445 2338/10446
f 569/10453 1216/10454 2490/10455
f 572/10489 1221/10490 2494/10491
f 591/10501 1284/10502 2510/10503
f 587/10504 1260/10505 2504/10506
f 597/10513 1332/10514 2517/10515
f 634/10519 1542/10520 2554/10521
f 167/10561 1616/10562 1607/10563
f 164/10564 1608/10565 1603/10566
f 163/10567 1606/10568 1604/10569
f 165/10570 1612/10571 1610/10572
f 166/10573 1615/10574 1613/10575
f 169/10576 1624/10577 1622/10578
f 192/10579 1692/10580 1686/10581
f 222/10582 1782/10583 1773/10584
f 221/10621 1779/10622 1768/10623
f 217/10633 1766/10634 1754/10635
f 220/10639 1778/10640 1776/10641
f 168/10684 1620/10685 1618/10686
f 218/10693 1771/10694 1769/10695
f 219/10729 1774/10730 1772/10731
f 357/10741 2189/10742 2187/10743
f 255/10744 1883/10745 1881/10746
f 400/10753 2317/10754 2313/10755
f 347/10759 2158/10760 2156/10761
f 249/10801 1864/10802 1855/10803
f 231/10804 1810/10805 1801/10806
f 226/10807 1795/10808 1784/10809
f 244/10813 1849/10814 1838/10815
f 359/10819 2193/10820 2180/10821
f 402/10822 2321/10823 2310/10824
f 358/10861 2190/10862 2183/10863
f 256/10864 1884/10865 1877/10866
f 399/10873 2314/10874 2305/10875
f 348/10879 2159/10880 2148/10881
f 234/10921 1817/10922 1806/10923
f 227/10924 1797/10925 1787/10926
f 252/10933 1871/10934 1860/10935
f 305/10969 2031/10970 2021/10971
f 232/10981 1814/10982 1812/10983
f 225/10984 1793/10985 1791/10986
f 250/10993 1868/10994 1866/10995
f 229/11041 1804/11042 1802/11043
f 223/11044 1785/11045 1783/11046
f 241/11050 1839/11051 1837/11052
f 247/11053 1858/11054 1856/11055
f 248/11101 1861/11102 1859/11103
f 230/11104 1807/11105 1805/11106
f 224/11107 1790/11108 1788/11109
f 242/11113 1844/11114 1842/11115
f 356/11119 2186/11120 2184/11121
f 355/11161 2181/11162 2179/11163
f 253/11164 1875/11165 1873/11166
f 398/11173 2311/11174 2309/11175
f 344/11209 2149/11210 2147/11211
f 251/11221 1870/11222 1863/11223
f 233/11224 1816/11225 1809/11226
f 246/11233 1854/11234 1848/11235
f 360/11239 2196/11240 2192/11241
f 409/11281 2329/11282 2331/11283
f 405/11284 2323/11285 2327/11286
f 411/11287 2326/11288 2328/11289
f 414/11290 2333/11291 2334/11292
f 417/11293 2336/11294 2337/11295
f 570/11341 2488/11342 2492/11343
f 480/11344 2398/11345 2402/11346
f 556/11353 2475/11354 2478/11355
f 580/11359 2501/11360 2502/11361
f 567/11362 2482/11363 2484/11364
f 491/11401 2401/11402 2403/11403
f 423/11404 2339/11405 2342/11406
f 581/11413 2491/11414 2493/11415
f 577/11449 2495/11450 2498/11451
f 590/11461 2511/11462 2509/11463
f 584/11464 2505/11465 2503/11466
f 595/11473 2516/11474 2515/11475
f 636/11479 2556/11480 2555/11481
f 1607/11521 644/11522 647/11523
f 1603/11524 643/11525 644/11526
f 1604/11527 645/11528 643/11529
f 1610/11530 646/11531 645/11532
f 1613/11533 647/11534 646/11535
f 1622/11536 652/11537 649/11538
f 1686/11539 670/11540 672/11541
f 1773/11542 699/11543 702/11544
f 1768/11581 698/11582 701/11583
f 1754/11593 693/11594 697/11595
f 1776/11599 701/11600 700/11601
f 1618/11644 649/11645 648/11646
f 1769/11653 702/11654 698/11655
f 1772/11689 700/11690 699/11691
f 2187/11701 838/11702 837/11703
f 1881/11704 736/11705 735/11706
f 2313/11713 879/11714 880/11715
f 2156/11719 828/11720 827/11721
f 1855/11761 727/11762 729/11763
f 1801/11764 709/11765 711/11766
f 1784/11767 703/11768 706/11769
f 1838/11773 721/11774 724/11775
f 2180/11779 835/11780 839/11781
f 2310/11782 878/11783 882/11784
f 2183/11821 836/11822 838/11823
f 2305/11833 877/11834 879/11835
f 1806/11881 710/11882 714/11883
f 1787/11884 704/11885 707/11886
f 1860/11893 728/11894 732/11895
f 2018/11902 781/11903 784/11904
f 2021/11929 782/11930 785/11931
f 1812/11941 714/11942 712/11943
f 1791/11944 707/11945 705/11946
f 1845/11950 725/11951 723/11952
f 1866/11953 732/11954 730/11955
f 2025/11989 785/11990 783/11991
f 1802/12001 712/12002 709/12003
f 1783/12004 705/12005 703/12006
f 1837/12010 723/12011 721/12012
f 1856/12013 730/12014 727/12015
f 2022/12022 786/12023 782/12024
f 1859/12061 731/12062 728/12063
f 1805/12064 713/12065 710/12066
f 1788/12067 708/12068 704/12069
f 1842/12073 726/12074 722/12075
f 2184/12079 840/12080 836/12081
f 2179/12121 837/12122 835/12123
f 2309/12133 880/12134 878/12135
f 1863/12181 729/12182 731/12183
f 1809/12184 711/12185 713/12186
f 1794/12187 706/12188 708/12189
f 1848/12193 724/12194 726/12195
f 2192/12199 839/12200 840/12201
f 2318/12202 882/12203 881/12204
f 2331/12241 1270/12242 1269/12243
f 2327/12244 1246/12245 1245/12246
f 2334/12250 1287/12251 1288/12252
f 2337/12253 1305/12254 1306/12255
f 2412/12259 1552/12260 1551/12261
f 2492/12301 1324/12302 1323/12303
f 2402/12304 1276/12305 1275/12306
f 2478/12313 1318/12314 1317/12315
f 2502/12319 1563/12320 1564/12321
f 2403/12361 1281/12362 1282/12363
f 2342/12364 1257/12365 1258/12366
f 2493/12373 1329/12374 1330/12375
f 2498/12409 1467/12410 1468/12411
f 2509/12421 1271/12422 1272/12423
f 2503/12424 1247/12425 1248/12426
f 2515/12433 1308/12434 1307/12435
f 2555/12439 1553/12440 1554/12441
f 1616/12481 907/12482 909/12483
f 1608/12484 889/12485 891/12486
f 1606/12487 883/12488 886/12489
f 1612/12490 895/12491 898/12492
f 1615/12493 901/12494 904/12495
f 1692/12499 1057/12500 1060/12501
f 1782/12502 1237/12503 1240/12504
f 1779/12541 1231/12542 1233/12543
f 1766/12553 1207/12554 1209/12555
f 1778/12559 1225/12560 1228/12561
f 1681/12601 1033/12602 1036/12603
f 1620/12604 913/12605 915/12606
f 1771/12613 1213/12614 1216/12615
f 1774/12649 1219/12650 1221/12651
f 2189/12661 1280/12662 1284/12663
f 1883/12664 1256/12665 1260/12666
f 2317/12673 1328/12674 1332/12675
f 2158/12679 1538/12680 1542/12681
f 1864/12721 1268/12722 1270/12723
f 1810/12724 1244/12725 1246/12726
f 1795/12727 1249/12728 1251/12729
f 1849/12733 1303/12734 1305/12735
f 2193/12739 1550/12740 1552/12741
f 2190/12781 1322/12782 1324/12783
f 1884/12784 1274/12785 1276/12786
f 2314/12793 1316/12794 1318/12795
f 2159/12799 1561/12800 1563/12801
f 1817/12841 1279/12842 1281/12843
f 1797/12844 1255/12845 1257/12846
f 1871/12853 1327/12854 1329/12855
f 2031/12889 1465/12890 1467/12891
f 1814/12901 1267/12902 1271/12903
f 1793/12904 1243/12905 1247/12906
f 1868/12913 1304/12914 1308/12915
f 2124/12919 1549/12920 1553/12921
f 1804/12961 890/12962 894/12963
f 1785/12964 884/12965 887/12966
f 1839/12970 902/12971 905/12972
f 1858/12973 908/12974 912/12975
f 2024/12982 1220/12983 1224/12984
f 1861/13021 1214/13022 1217/13023
f 1807/13024 1034/13025 1037/13026
f 1844/13033 1184/13034 1188/13035
f 2186/13039 1232/13040 1236/13041
f 2308/13042 1208/13043 1212/13044
f 2181/13081 1058/13082 1061/13083
f 1875/13084 920/13085 923/13086
f 2311/13093 1238/13094 1241/13095
f 2149/13129 1226/13130 1229/13131
f 1870/13141 1321/13142 1325/13143
f 1816/13144 1273/13145 1277/13146
f 1854/13153 1315/13154 1319/13155
f 2196/13159 1562/13160 1566/13161
f 2329/13201 894/13202 892/13203
f 2323/13204 887/13205 885/13206
f 2326/13207 899/13208 897/13209
f 2333/13210 905/13211 903/13212
f 2336/13213 912/13214 910/13215
f 2496/13222 1224/13223 1222/13224
f 2488/13261 1217/13262 1215/13263
f 2398/13264 1037/13265 1035/13266
f 2475/13273 1188/13274 1186/13275
f 2501/13279 1236/13280 1234/13281
f 2482/13282 1212/13283 1210/13284
f 2401/13321 1061/13322 1059/13323
f 2339/13324 923/13325 921/13326
f 2491/13333 1241/13334 1239/13335
f 2495/13369 1229/13370 1227/13371
f 2511/13381 1325/13382 1326/13383
f 2505/13384 1277/13385 1278/13386
f 2516/13393 1319/13394 1320/13395
f 2556/13399 1566/13400 1565/13401
f 1609/13441 892/13442 889/13443
f 1605/13444 885/13445 883/13446
f 1611/13447 897/13448 895/13449
f 1614/13450 903/13451 901/13452
f 1617/13453 910/13454 907/13455
f 1688/13459 1048/13460 1045/13461
f 1775/13462 1222/13463 1219/13464
f 1770/13501 1215/13502 1213/13503
f 1680/13504 1035/13505 1033/13506
f 1756/13513 1186/13514 1183/13515
f 1780/13519 1234/13520 1231/13521
f 1767/13522 1210/13523 1207/13524
f 1691/13561 1059/13562 1057/13563
f 1623/13564 921/13565 919/13566
f 1781/13573 1239/13574 1237/13575
f 1777/13609 1227/13610 1225/13611
f 2191/13621 1326/13622 1322/13623
f 1885/13624 1278/13625 1274/13626
f 2315/13633 1320/13634 1316/13635
f 2160/13639 1565/13640 1561/13641
f 1857/13681 911/13682 908/13683
f 1803/13684 893/13685 890/13686
f 1786/13687 888/13688 884/13689
f 1822/13690 900/13691 896/13692
f 1840/13693 906/13694 902/13695
f 2182/13699 1062/13700 1058/13701
f 2312/13702 1242/13703 1238/13704
f 2185/13741 1235/13742 1232/13743
f 2307/13753 1211/13754 1208/13755
f 2150/13759 1230/13760 1226/13761
f 1808/13801 1038/13802 1034/13803
f 1789/13804 917/13805 914/13806
f 1862/13813 1218/13814 1214/13815
f 2023/13849 1223/13850 1220/13851
f 1818/13861 1283/13862 1279/13863
f 1798/13864 1259/13865 1255/13866
f 1872/13873 1331/13874 1327/13875
f 2120/13879 1541/13880 1537/13881
f 2032/13909 1469/13910 1465/13911
f 1813/13921 1269/13922 1267/13923
f 1792/13924 1245/13925 1243/13926
f 1846/13930 1288/13931 1286/13932
f 1867/13933 1306/13934 1304/13935
f 1869/13981 1323/13982 1321/13983
f 1815/13984 1275/13985 1273/13986
f 1853/13993 1317/13994 1315/13995
f 2195/13999 1564/14000 1562/14001
f 2188/14041 1282/14042 1280/14043
f 1882/14044 1258/14045 1256/14046
f 2316/14053 1330/14054 1328/14055
f 2157/14059 1540/14060 1538/14061
f 2154/14089 1468/14090 1466/14091
f 1865/14101 1272/14102 1268/14103
f 1811/14104 1248/14105 1244/14106
f 1850/14113 1307/14114 1303/14115
f 2194/14119 1554/14120 1550/14121
f 2330/14161 909/14162 911/14163
f 2324/14164 891/14165 893/14166
f 2325/14167 886/14168 888/14169
f 2332/14170 898/14171 900/14172
f 2335/14173 904/14174 906/14175
f 2410/14179 1060/14180 1062/14181
f 2497/14182 1240/14183 1242/14184
f 2489/14221 1233/14222 1235/14223
f 2476/14233 1209/14234 1211/14235
f 2500/14239 1228/14240 1230/14241
f 2400/14281 1036/14282 1038/14283
f 2338/14284 915/14285 917/14286
f 2490/14293 1216/14294 1218/14295
f 2494/14329 1221/14330 1223/14331
f 2510/14341 1284/14342 1283/14343
f 2504/14344 1260/14345 1259/14346
f 2517/14353 1332/14354 1331/14355
f 2554/14359 1542/14360 1541/14361
f 1607/14401 1616/14402 1609/14403
f 1603/14404 1608/14405 1605/14406
f 1604/14407 1606/14408 1611/14409
f 1610/14410 1612/14411 1614/14412
f 1613/14413 1615/14414 1617/14415
f 1686/14419 1692/14420 1688/14421
f 1773/14422 1782/14423 1775/14424
f 1768/14461 1779/14462 1770/14463
f 1754/14473 1766/14474 1756/14475
f 1776/14479 1778/14480 1780/14481
f 1758/14482 1760/14483 1767/14484
f 1618/14524 1620/14525 1623/14526
f 1769/14533 1771/14534 1781/14535
f 1772/14569 1774/14570 1777/14571
f 2187/14581 2189/14582 2191/14583
f 1881/14584 1883/14585 1885/14586
f 2313/14593 2317/14594 2315/14595
f 2156/14599 2158/14600 2160/14601
f 1855/14641 1864/14642 1857/14643
f 1801/14644 1810/14645 1803/14646
f 1784/14647 1795/14648 1786/14649
f 1838/14653 1849/14654 1840/14655
f 2180/14659 2193/14660 2182/14661
f 2310/14662 2321/14663 2312/14664
f 2183/14701 2190/14702 2185/14703
f 2305/14713 2314/14714 2307/14715
f 2148/14719 2159/14720 2150/14721
f 1806/14761 1817/14762 1808/14763
f 1787/14764 1797/14765 1789/14766
f 1860/14773 1871/14774 1862/14775
f 2021/14809 2031/14810 2023/14811
f 1812/14821 1814/14822 1818/14823
f 1791/14824 1793/14825 1798/14826
f 1866/14833 1868/14834 1872/14835
f 1802/14881 1804/14882 1813/14883
f 1783/14884 1785/14885 1792/14886
f 1837/14890 1839/14891 1846/14892
f 1856/14893 1858/14894 1867/14895
f 1859/14941 1861/14942 1869/14943
f 1805/14944 1807/14945 1815/14946
f 1842/14953 1844/14954 1853/14955
f 2184/14959 2186/14960 2195/14961
f 2179/15001 2181/15002 2188/15003
f 1873/15004 1875/15005 1882/15006
f 2309/15013 2311/15014 2316/15015
f 2144/15019 2146/15020 2157/15021
f 2147/15049 2149/15050 2154/15051
f 1863/15061 1870/15062 1865/15063
f 1809/15064 1816/15065 1811/15066
f 1848/15073 1854/15074 1850/15075
f 2192/15079 2196/15080 2194/15081
f 2331/15121 2329/15122 2330/15123
f 2327/15124 2323/15125 2324/15126
f 2328/15127 2326/15128 2325/15129
f 2334/15130 2333/15131 2332/15132
f 2337/15133 2336/15134 2335/15135
f 2412/15139 2409/15140 2410/15141
f 2499/15142 2496/15143 2497/15144
f 2492/15181 2488/15182 2489/15183
f 2402/15184 2398/15185 2399/15186
f 2478/15193 2475/15194 2476/15195
f 2502/15199 2501/15200 2500/15201
f 2484/15202 2482/15203 2481/15204
f 2403/15241 2401/15242 2400/15243
f 2342/15244 2339/15245 2338/15246
f 2493/15253 2491/15254 2490/15255
f 2498/15289 2495/15290 2494/15291
f 2509/15301 2511/15302 2510/15303
f 2503/15304 2505/15305 2504/15306
f 2515/15313 2516/15314 2517/15315
f 2555/15319 2556/15320 2554/15321
g chart_50
f 6/19 672/20 670/21
f 5/46 666/47 665/48
f 10/58 692/59 688/60
f 6/64 669/65 668/66
f 6/76 671/77 669/78
f 10/91 690/92 689/93
f 5/94 663/95 664/96
f 10/106 691/107 690/108
f 5/109 667/110 663/111
f 6/121 668/122 672/123
f 10/136 688/137 691/138
f 5/139 665/140 667/141
f 5/151 664/152 666/153
f 10/163 689/164 692/165
f 6/166 670/167 671/168
f 18/184 735/185 736/186
f 34/196 832/197 831/198
f 32/211 819/212 820/213
f 34/226 833/227 834/228
f 18/256 737/257 733/258
f 30/271 807/272 805/273
f 27/274 789/275 787/276
f 32/286 821/287 817/288
f 18/304 736/305 734/306
f 34/316 831/317 829/318
f 32/331 820/332 818/333
f 34/346 834/347 830/348
f 31/379 814/380 811/381
f 27/391 792/392 788/393
f 30/403 810/404 806/405
f 31/406 815/407 812/408
f 31/439 816/440 814/441
f 27/451 791/452 792/453
f 30/463 808/464 810/465
f 31/466 813/467 815/468
f 31/499 812/500 816/501
f 27/511 787/512 791/513
f 30/523 805/524 808/525
f 31/526 811/527 813/528
f 18/556 734/557 738/558
f 30/571 806/572 809/573
f 27/574 788/575 790/576
f 32/586 818/587 822/588
f 18/604 733/605 735/606
f 34/616 830/617 832/618
f 33/619 823/620 827/621
f 32/631 817/632 819/633
f 34/646 829/647 833/648
f 18/676 738/677 737/678
f 30/691 809/692 807/693
f 27/694 790/695 789/696
f 32/706 822/707 821/708
f 118/736 1336/737 1335/738
f 142/751 1479/752 1480/753
f 151/766 1533/767 1534/768
f 119/796 1341/797 1342/798
f 149/811 1521/812 1522/813
f 155/826 1557/827 1558/828
f 125/856 1378/857 1377/858
f 152/859 1540/860 1539/861
f 143/871 1486/872 1485/873
f 153/886 1546/887 1545/888
f 118/916 1337/917 1338/918
f 142/931 1482/932 1481/933
f 151/946 1536/947 1535/948
f 66/1006 1024/1007 1021/1008
f 69/1024 1041/1025 1039/1026
f 71/1036 1053/1037 1051/1038
f 90/1051 1167/1052 1165/1053
f 63/1054 1005/1055 1003/1056
f 91/1066 1174/1067 1171/1068
f 67/1069 1029/1070 1027/1071
f 88/1096 1155/1097 1153/1098
f 65/1099 1018/1100 1015/1101
f 64/1111 1012/1112 1009/1113
f 89/1123 1162/1124 1159/1125
f 125/1156 1380/1157 1376/1158
f 143/1171 1488/1172 1484/1173
f 153/1186 1548/1187 1544/1188
f 118/1216 1335/1217 1333/1218
f 142/1231 1480/1232 1478/1233
f 151/1246 1534/1247 1532/1248
f 119/1276 1342/1277 1340/1278
f 149/1291 1522/1292 1520/1293
f 155/1306 1558/1307 1556/1308
f 125/1336 1377/1337 1375/1338
f 152/1339 1539/1340 1537/1341
f 143/1351 1485/1352 1483/1353
f 153/1366 1545/1367 1543/1368
f 118/1396 1338/1397 1334/1398
f 142/1411 1481/1412 1477/1413
f 151/1426 1535/1427 1531/1428
f 62/1483 1002/1484 998/1485
f 65/1486 1019/1487 1016/1488
f 69/1516 1044/1517 1040/1518
f 89/1531 1163/1532 1160/1533
f 64/1534 1013/1535 1010/1536
f 90/1546 1170/1547 1166/1548
f 91/1576 1175/1577 1172/1578
f 67/1579 1032/1580 1028/1581
f 66/1591 1025/1592 1022/1593
f 71/1606 1056/1607 1052/1608
f 119/1636 1343/1637 1339/1638
f 149/1651 1523/1652 1519/1653
f 155/1666 1559/1667 1555/1668
f 65/1726 1017/1727 1019/1728
f 69/1756 1042/1757 1044/1758
f 89/1771 1161/1772 1163/1773
f 64/1774 1011/1775 1013/1776
f 90/1786 1168/1787 1170/1788
f 91/1816 1173/1817 1175/1818
f 67/1819 1030/1820 1032/1821
f 66/1831 1023/1832 1025/1833
f 71/1846 1054/1847 1056/1848
f 119/1876 1344/1877 1343/1878
f 149/1891 1524/1892 1523/1893
f 155/1906 1560/1907 1559/1908
f 65/1966 1015/1967 1017/1968
f 88/1978 1153/1979 1156/1980
f 69/1996 1039/1997 1042/1998
f 89/2011 1159/2012 1161/2013
f 64/2014 1009/2015 1011/2016
f 90/2026 1165/2027 1168/2028
f 63/2029 1003/2030 1006/2031
f 91/2056 1171/2057 1173/2058
f 67/2059 1027/2060 1030/2061
f 66/2071 1021/2072 1023/2073
f 71/2086 1051/2087 1054/2088
f 119/2116 1340/2117 1344/2118
f 149/2131 1520/2132 1524/2133
f 155/2146 1556/2147 1560/2148
f 49/2176 920/2177 924/2178
f 62/2191 998/2192 1001/2193
f 66/2206 1022/2207 1026/2208
f 69/2224 1040/2225 1043/2226
f 71/2236 1052/2237 1055/2238
f 90/2251 1166/2252 1169/2253
f 91/2266 1172/2267 1176/2268
f 67/2269 1028/2270 1031/2271
f 88/2296 1154/2297 1157/2298
f 65/2299 1016/2300 1020/2301
f 64/2311 1010/2312 1014/2313
f 125/2356 1375/2357 1379/2358
f 143/2371 1483/2372 1487/2373
f 153/2386 1543/2387 1547/2388
f 118/2416 1334/2417 1336/2418
f 142/2431 1477/2432 1479/2433
f 151/2446 1531/2447 1533/2448
f 119/2476 1339/2477 1341/2478
f 149/2491 1519/2492 1521/2493
f 155/2506 1555/2507 1557/2508
f 125/2536 1376/2537 1378/2538
f 143/2551 1484/2552 1486/2553
f 153/2566 1544/2567 1546/2568
f 118/2596 1333/2597 1337/2598
f 142/2611 1478/2612 1482/2613
f 151/2626 1532/2627 1536/2628
f 49/2656 924/2657 922/2658
f 62/2671 1001/2672 999/2673
f 66/2686 1026/2687 1024/2688
f 69/2704 1043/2705 1041/2706
f 71/2716 1055/2717 1053/2718
f 90/2731 1169/2732 1167/2733
f 63/2734 1007/2735 1005/2736
f 91/2746 1176/2747 1174/2748
f 67/2749 1031/2750 1029/2751
f 88/2776 1157/2777 1155/2778
f 65/2779 1020/2780 1018/2781
f 64/2791 1014/2792 1012/2793
f 70/2806 1049/2807 1047/2808
f 125/2836 1379/2837 1380/2838
f 143/2851 1487/2852 1488/2853
f 153/2866 1547/2867 1548/2868
f 470/2926 1672/2927 1675/2928
f 478/2944 1680/2945 1683/2946
f 482/2956 1684/2957 1689/2958
f 542/2971 1744/2972 1747/2973
f 463/2974 1668/2975 1665/2976
f 546/2986 1748/2987 1750/2988
f 464/2989 1666/2990 1676/2991
f 538/3016 1749/3017 1740/3018
f 471/3019 1677/3020 1673/3021
f 467/3031 1674/3032 1669/3033
f 485/3046 1690/3047 1687/3048
f 600/3076 2171/3077 2173/3078
f 624/3091 2137/3092 2135/3093
f 635/3106 2178/3107 2176/3108
f 424/3136 1876/3137 1887/3138
f 461/3151 2091/3152 2098/3153
f 475/3166 2128/3167 2139/3168
f 489/3196 2163/3197 2170/3198
f 547/3211 2131/3212 2136/3213
f 550/3226 2168/3227 2177/3228
f 540/3256 1933/3257 1941/3258
f 473/3259 2110/3260 2119/3261
f 469/3271 2042/3272 2051/3273
f 599/3316 1942/3317 1937/3318
f 622/3331 2052/3332 2050/3333
f 631/3346 2122/3347 2117/3348
f 454/3391 2049/3392 2038/3393
f 472/3406 2116/3407 2109/3408
f 484/3436 1889/3437 1880/3438
f 544/3451 2103/3452 2095/3453
f 468/3454 2046/3455 2041/3456
f 548/3466 2141/3467 2132/3468
f 549/3496 2172/3497 2167/3498
f 477/3499 2157/3500 2146/3501
f 474/3511 2134/3512 2127/3513
f 490/3526 2175/3527 2164/3528
f 598/3556 1888/3557 1890/3558
f 623/3571 2099/3572 2104/3573
f 632/3586 2140/3587 2142/3588
f 452/3631 2375/3632 2374/3633
f 470/3646 2393/3647 2392/3648
f 482/3676 2405/3677 2404/3678
f 542/3691 2465/3692 2464/3693
f 463/3694 2383/3695 2384/3696
f 546/3706 2471/3707 2470/3708
f 464/3709 2386/3710 2385/3711
f 538/3736 2458/3737 2459/3738
f 471/3739 2394/3740 2395/3741
f 467/3751 2389/3752 2390/3753
f 485/3766 2407/3767 2408/3768
f 600/3796 2520/3797 2519/3798
f 624/3811 2543/3812 2544/3813
f 635/3826 2552/3827 2553/3828
f 186/3886 1670/3887 666/3888
f 212/3898 1739/3899 692/3900
f 189/3904 1678/3905 669/3906
f 191/3916 1682/3917 671/3918
f 210/3931 1742/3932 690/3933
f 183/3934 1663/3935 663/3936
f 211/3946 1746/3947 691/3948
f 187/3949 1664/3950 667/3951
f 188/3961 1679/3962 668/3963
f 208/3976 1738/3977 688/3978
f 185/3979 1671/3980 665/3981
f 184/3991 1667/3992 664/3993
f 209/4003 1743/4004 689/4005
f 190/4006 1685/4007 670/4008
f 352/4036 2169/4037 832/4038
f 339/4051 2133/4052 819/4053
f 353/4066 2174/4067 833/4068
f 257/4096 1874/4097 737/4098
f 327/4111 2089/4112 807/4113
f 341/4126 2126/4127 821/4128
f 256/4144 1877/4145 736/4146
f 351/4156 2161/4157 831/4158
f 340/4171 2129/4172 820/4173
f 354/4186 2166/4187 834/4188
f 334/4219 2108/4220 814/4221
f 312/4231 2040/4232 792/4233
f 335/4246 2111/4247 815/4248
f 273/4276 1935/4277 753/4278
f 336/4279 2118/4280 816/4281
f 311/4291 2048/4292 791/4293
f 333/4306 2115/4307 813/4308
f 332/4339 2112/4340 812/4341
f 307/4351 2036/4352 787/4353
f 325/4363 2090/4364 805/4365
f 331/4366 2107/4367 811/4368
f 254/4396 1878/4397 734/4398
f 326/4411 2093/4412 806/4413
f 308/4414 2039/4415 788/4416
f 338/4426 2130/4427 818/4428
f 253/4444 1873/4445 733/4446
f 350/4456 2165/4457 830/4458
f 343/4459 2144/4460 823/4461
f 337/4471 2125/4472 817/4473
f 349/4486 2162/4487 829/4488
f 258/4516 1886/4517 738/4518
f 329/4531 2097/4532 809/4533
f 342/4546 2138/4547 822/4548
f 431/4576 2346/4577 1336/4578
f 454/4591 2376/4592 1479/4593
f 472/4606 2396/4607 1533/4608
f 484/4636 2406/4637 1341/4638
f 544/4651 2468/4652 1521/4653
f 468/4654 2387/4655 1420/4656
f 548/4666 2472/4667 1557/4668
f 549/4696 2462/4697 1378/4698
f 477/4699 2397/4700 1540/4701
f 474/4711 2391/4712 1486/4713
f 490/4726 2411/4727 1546/4728
f 598/4756 2518/4757 1337/4758
f 623/4771 2542/4772 1482/4773
f 632/4786 2551/4787 1536/4788
f 470/4846 1675/4847 1024/4848
f 478/4864 1683/4865 1041/4866
f 482/4876 1689/4877 1053/4878
f 542/4891 1747/4892 1167/4893
f 463/4894 1665/4895 1005/4896
f 546/4906 1750/4907 1174/4908
f 464/4909 1676/4910 1029/4911
f 538/4936 1740/4937 1155/4938
f 471/4939 1673/4940 1018/4941
f 467/4951 1669/4952 1012/4953
f 485/4966 1687/4967 1047/4968
f 600/4996 2173/4997 1380/4998
f 624/5011 2135/5012 1488/5013
f 635/5026 2176/5027 1548/5028
f 424/5056 1887/5057 1335/5058
f 461/5071 2098/5072 1480/5073
f 475/5086 2139/5087 1534/5088
f 489/5116 2170/5117 1342/5118
f 547/5131 2136/5132 1522/5133
f 550/5146 2177/5147 1558/5148
f 540/5176 1941/5177 1377/5178
f 473/5179 2119/5180 1539/5181
f 469/5191 2051/5192 1485/5193
f 487/5206 2121/5207 1545/5208
f 599/5236 1937/5237 1338/5238
f 622/5251 2050/5252 1481/5253
f 631/5266 2117/5267 1535/5268
f 454/5311 2038/5312 984/5313
f 472/5326 2109/5327 1019/5328
f 484/5356 1880/5357 1044/5358
f 544/5371 2095/5372 1163/5373
f 468/5374 2041/5375 1013/5376
f 548/5386 2132/5387 1170/5388
f 549/5416 2167/5417 1175/5418
f 477/5419 2146/5420 1032/5421
f 474/5431 2127/5432 1025/5433
f 490/5446 2164/5447 1056/5448
f 598/5476 1890/5477 1343/5478
f 623/5491 2104/5492 1523/5493
f 632/5506 2142/5507 1559/5508
f 452/5551 2374/5552 982/5553
f 470/5566 2392/5567 1017/5568
f 482/5596 2404/5597 1042/5598
f 542/5611 2464/5612 1161/5613
f 463/5614 2384/5615 1011/5616
f 546/5626 2470/5627 1168/5628
f 464/5629 2385/5630 1006/5631
f 538/5656 2459/5657 1173/5658
f 471/5659 2395/5660 1030/5661
f 467/5671 2390/5672 1023/5673
f 485/5686 2408/5687 1054/5688
f 600/5716 2519/5717 1344/5718
f 624/5731 2544/5732 1524/5733
f 635/5746 2553/5747 1560/5748
f 185/5806 1672/5807 1015/5808
f 208/5818 1741/5819 1153/5820
f 188/5824 1680/5825 1033/5826
f 189/5836 1684/5837 1039/5838
f 184/5854 1668/5855 1009/5856
f 210/5866 1748/5867 1165/5868
f 183/5869 1666/5870 1003/5871
f 211/5896 1749/5897 1171/5898
f 187/5899 1677/5900 1027/5901
f 186/5911 1674/5912 1021/5913
f 191/5926 1690/5927 1051/5928
f 351/5956 2171/5957 1340/5958
f 340/5971 2137/5972 1520/5973
f 354/5986 2178/5987 1556/5988
f 253/6016 1876/6017 920/6018
f 325/6031 2091/6032 998/6033
f 337/6046 2128/6047 1022/6048
f 254/6064 1879/6065 1040/6066
f 349/6076 2163/6077 1052/6078
f 338/6091 2131/6092 1166/6093
f 350/6106 2168/6107 1172/6108
f 343/6109 2145/6110 1028/6111
f 272/6136 1933/6137 1154/6138
f 331/6139 2110/6140 1016/6141
f 308/6151 2042/6152 1010/6153
f 275/6196 1942/6197 1375/6198
f 334/6199 2120/6200 1537/6201
f 312/6211 2052/6212 1483/6213
f 335/6226 2122/6227 1543/6228
f 273/6256 1936/6257 1334/6258
f 311/6271 2049/6272 1477/6273
f 333/6286 2116/6287 1531/6288
f 258/6316 1889/6317 1339/6318
f 329/6331 2103/6332 1519/6333
f 342/6346 2141/6347 1555/6348
f 352/6376 2172/6377 1376/6378
f 339/6391 2134/6392 1484/6393
f 353/6406 2175/6407 1544/6408
f 257/6436 1888/6437 1333/6438
f 327/6451 2099/6452 1478/6453
f 341/6466 2140/6467 1532/6468
f 424/6496 2344/6497 924/6498
f 461/6511 2375/6512 1001/6513
f 475/6526 2393/6527 1026/6528
f 483/6544 2399/6545 1043/6546
f 489/6556 2405/6557 1055/6558
f 547/6571 2465/6572 1169/6573
f 465/6574 2383/6575 1007/6576
f 550/6586 2471/6587 1176/6588
f 476/6589 2386/6590 1031/6591
f 540/6616 2458/6617 1157/6618
f 473/6619 2394/6620 1020/6621
f 469/6631 2389/6632 1014/6633
f 487/6646 2407/6647 1049/6648
f 599/6676 2520/6677 1379/6678
f 622/6691 2543/6692 1487/6693
f 631/6706 2552/6707 1547/6708
f 185/6766 1670/6767 1672/6768
f 208/6778 1739/6779 1741/6780
f 188/6784 1678/6785 1680/6786
f 189/6796 1682/6797 1684/6798
f 209/6811 1742/6812 1744/6813
f 184/6814 1663/6815 1668/6816
f 210/6826 1746/6827 1748/6828
f 183/6829 1664/6830 1666/6831
f 211/6856 1738/6857 1749/6858
f 187/6859 1671/6860 1677/6861
f 186/6871 1667/6872 1674/6873
f 191/6886 1685/6887 1690/6888
f 351/6916 2169/6917 2171/6918
f 340/6931 2133/6932 2137/6933
f 354/6946 2174/6947 2178/6948
f 253/6976 1874/6977 1876/6978
f 325/6991 2089/6992 2091/6993
f 337/7006 2126/7007 2128/7008
f 254/7024 1877/7025 1879/7026
f 349/7036 2161/7037 2163/7038
f 338/7051 2129/7052 2131/7053
f 350/7066 2166/7067 2168/7068
f 343/7069 2143/7070 2145/7071
f 331/7099 2108/7100 2110/7101
f 308/7111 2040/7112 2042/7113
f 275/7156 1935/7157 1942/7158
f 334/7159 2118/7160 2120/7161
f 312/7171 2048/7172 2052/7173
f 335/7186 2115/7187 2122/7188
f 273/7216 1927/7217 1936/7218
f 311/7231 2036/7232 2049/7233
f 328/7243 2090/7244 2101/7245
f 333/7246 2107/7247 2116/7248
f 258/7276 1878/7277 1889/7278
f 329/7291 2093/7292 2103/7293
f 310/7294 2039/7295 2046/7296
f 342/7306 2130/7307 2141/7308
f 352/7336 2165/7337 2172/7338
f 339/7351 2125/7352 2134/7353
f 353/7366 2162/7367 2175/7368
f 257/7396 1886/7397 1888/7398
f 327/7411 2097/7412 2099/7413
f 341/7426 2138/7427 2140/7428
f 424/7456 2346/7457 2344/7458
f 461/7471 2376/7472 2375/7473
f 475/7486 2396/7487 2393/7488
f 489/7516 2406/7517 2405/7518
f 547/7531 2468/7532 2465/7533
f 465/7534 2387/7535 2383/7536
f 550/7546 2472/7547 2471/7548
f 540/7576 2462/7577 2458/7578
f 473/7579 2397/7580 2394/7581
f 469/7591 2391/7592 2389/7593
f 487/7606 2411/7607 2407/7608
f 599/7636 2518/7637 2520/7638
f 622/7651 2542/7652 2543/7653
f 631/7666 2551/7667 2552/7668
f 185/7726 665/7727 1670/7728
f 208/7738 688/7739 1739/7740
f 188/7744 668/7745 1678/7746
f 189/7756 669/7757 1682/7758
f 209/7771 689/7772 1742/7773
f 184/7774 664/7775 1663/7776
f 210/7786 690/7787 1746/7788
f 183/7789 663/7790 1664/7791
f 211/7816 691/7817 1738/7818
f 187/7819 667/7820 1671/7821
f 186/7831 666/7832 1667/7833
f 212/7843 692/7844 1743/7845
f 191/7846 671/7847 1685/7848
f 351/7876 831/7877 2169/7878
f 340/7891 820/7892 2133/7893
f 354/7906 834/7907 2174/7908
f 253/7936 733/7937 1874/7938
f 325/7951 805/7952 2089/7953
f 337/7966 817/7967 2126/7968
f 254/7984 734/7985 1877/7986
f 349/7996 829/7997 2161/7998
f 338/8011 818/8012 2129/8013
f 350/8026 830/8027 2166/8028
f 343/8029 823/8030 2143/8031
f 331/8059 811/8060 2108/8061
f 308/8071 788/8072 2040/8073
f 326/8083 806/8084 2094/8085
f 332/8086 812/8087 2111/8088
f 275/8116 755/8117 1935/8118
f 334/8119 814/8120 2118/8121
f 312/8131 792/8132 2048/8133
f 335/8146 815/8147 2115/8148
f 336/8179 816/8180 2112/8181
f 311/8191 791/8192 2036/8193
f 328/8203 808/8204 2090/8205
f 333/8206 813/8207 2107/8208
f 258/8236 738/8237 1878/8238
f 329/8251 809/8252 2093/8253
f 310/8254 790/8255 2039/8256
f 342/8266 822/8267 2130/8268
f 352/8296 832/8297 2165/8298
f 339/8311 819/8312 2125/8313
f 353/8326 833/8327 2162/8328
f 257/8356 737/8357 1886/8358
f 327/8371 807/8372 2097/8373
f 341/8386 821/8387 2138/8388
f 424/8416 1335/8417 2346/8418
f 461/8431 1480/8432 2376/8433
f 475/8446 1534/8447 2396/8448
f 489/8476 1342/8477 2406/8478
f 547/8491 1522/8492 2468/8493
f 550/8506 1558/8507 2472/8508
f 540/8536 1377/8537 2462/8538
f 473/8539 1539/8540 2397/8541
f 469/8551 1485/8552 2391/8553
f 487/8566 1545/8567 2411/8568
f 599/8596 1338/8597 2518/8598
f 622/8611 1481/8612 2542/8613
f 631/8626 1535/8627 2551/8628
f 186/8686 1021/8687 1675/8688
f 189/8704 1039/8705 1683/8706
f 191/8716 1051/8717 1689/8718
f 210/8731 1165/8732 1747/8733
f 183/8734 1003/8735 1665/8736
f 211/8746 1171/8747 1750/8748
f 187/8749 1027/8750 1676/8751
f 208/8776 1153/8777 1740/8778
f 185/8779 1015/8780 1673/8781
f 184/8791 1009/8792 1669/8793
f 352/8836 1376/8837 2173/8838
f 339/8851 1484/8852 2135/8853
f 353/8866 1544/8867 2176/8868
f 257/8896 1333/8897 1887/8898
f 327/8911 1478/8912 2098/8913
f 341/8926 1532/8927 2139/8928
f 351/8956 1340/8957 2170/8958
f 340/8971 1520/8972 2136/8973
f 354/8986 1556/8987 2177/8988
f 275/9016 1375/9017 1941/9018
f 334/9019 1537/9020 2119/9021
f 312/9031 1483/9032 2051/9033
f 335/9046 1543/9047 2121/9048
f 273/9076 1334/9077 1937/9078
f 311/9091 1477/9092 2050/9093
f 333/9106 1531/9107 2117/9108
f 307/9151 980/9152 2038/9153
f 325/9163 998/9164 2092/9165
f 331/9166 1016/9167 2109/9168
f 254/9196 1040/9197 1880/9198
f 326/9211 1160/9212 2095/9213
f 308/9214 1010/9215 2041/9216
f 338/9226 1166/9227 2132/9228
f 253/9244 920/9245 1875/9246
f 350/9256 1172/9257 2167/9258
f 343/9259 1028/9260 2146/9261
f 337/9271 1022/9272 2127/9273
f 349/9286 1052/9287 2164/9288
f 258/9316 1339/9317 1890/9318
f 329/9331 1519/9332 2104/9333
f 342/9346 1555/9347 2142/9348
f 454/9391 984/9392 2374/9393
f 472/9406 1019/9407 2392/9408
f 484/9436 1044/9437 2404/9438
f 544/9451 1163/9452 2464/9453
f 468/9454 1013/9455 2384/9456
f 548/9466 1170/9467 2470/9468
f 549/9496 1175/9497 2459/9498
f 477/9499 1032/9500 2395/9501
f 474/9511 1025/9512 2390/9513
f 490/9526 1056/9527 2408/9528
f 598/9556 1343/9557 2519/9558
f 623/9571 1523/9572 2544/9573
f 632/9586 1559/9587 2553/9588
f 470/9646 1017/9647 1672/9648
f 482/9676 1042/9677 1684/9678
f 542/9691 1161/9692 1744/9693
f 463/9694 1011/9695 1668/9696
f 546/9706 1168/9707 1748/9708
f 464/9709 1006/9710 1666/9711
f 538/9736 1173/9737 1749/9738
f 471/9739 1030/9740 1677/9741
f 467/9751 1023/9752 1674/9753
f 485/9766 1054/9767 1690/9768
f 600/9796 1344/9797 2171/9798
f 624/9811 1524/9812 2137/9813
f 635/9826 1560/9827 2178/9828
f 424/9856 924/9857 1876/9858
f 461/9871 1001/9872 2091/9873
f 475/9886 1026/9887 2128/9888
f 483/9904 1043/9905 1879/9906
f 489/9916 1055/9917 2163/9918
f 547/9931 1169/9932 2131/9933
f 550/9946 1176/9947 2168/9948
f 476/9949 1031/9950 2145/9951
f 540/9976 1157/9977 1933/9978
f 473/9979 1020/9980 2110/9981
f 469/9991 1014/9992 2042/9993
f 599/10036 1379/10037 1942/10038
f 622/10051 1487/10052 2052/10053
f 631/10066 1547/10067 2122/10068
f 431/10096 1336/10097 1936/10098
f 454/10111 1479/10112 2049/10113
f 472/10126 1533/10127 2116/10128
f 484/10156 1341/10157 1889/10158
f 544/10171 1521/10172 2103/10173
f 468/10174 1420/10175 2046/10176
f 548/10186 1557/10187 2141/10188
f 549/10216 1378/10217 2172/10218
f 474/10231 1486/10232 2134/10233
f 490/10246 1546/10247 2175/10248
f 598/10276 1337/10277 1888/10278
f 623/10291 1482/10292 2099/10293
f 632/10306 1536/10307 2140/10308
f 422/10336 922/10337 2344/10338
f 452/10351 999/10352 2375/10353
f 470/10366 1024/10367 2393/10368
f 478/10384 1041/10385 2399/10386
f 482/10396 1053/10397 2405/10398
f 542/10411 1167/10412 2465/10413
f 463/10414 1005/10415 2383/10416
f 546/10426 1174/10427 2471/10428
f 464/10429 1029/10430 2386/10431
f 538/10456 1155/10457 2458/10458
f 471/10459 1018/10460 2394/10461
f 467/10471 1012/10472 2389/10473
f 485/10486 1047/10487 2407/10488
f 600/10516 1380/10517 2520/10518
f 624/10531 1488/10532 2543/10533
f 635/10546 1548/10547 2552/10548
f 186/10606 1675/10607 1670/10608
f 189/10624 1683/10625 1678/10626
f 191/10636 1689/10637 1682/10638
f 210/10651 1747/10652 1742/10653
f 183/10654 1665/10655 1663/10656
f 211/10666 1750/10667 1746/10668
f 187/10669 1676/10670 1664/10671
f 188/10681 1681/10682 1679/10683
f 208/10696 1740/10697 1738/10698
f 185/10699 1673/10700 1671/10701
f 184/10711 1669/10712 1667/10713
f 190/10726 1687/10727 1685/10728
f 352/10756 2173/10757 2169/10758
f 339/10771 2135/10772 2133/10773
f 353/10786 2176/10787 2174/10788
f 257/10816 1887/10817 1874/10818
f 327/10831 2098/10832 2089/10833
f 341/10846 2139/10847 2126/10848
f 351/10876 2170/10877 2161/10878
f 340/10891 2136/10892 2129/10893
f 354/10906 2177/10907 2166/10908
f 275/10936 1941/10937 1931/10938
f 334/10939 2119/10940 2108/10941
f 312/10951 2051/10952 2040/10953
f 335/10966 2121/10967 2111/10968
f 273/10996 1937/10997 1935/10998
f 336/10999 2124/11000 2118/11001
f 311/11011 2050/11012 2048/11013
f 333/11026 2117/11027 2115/11028
f 307/11071 2038/11072 2036/11073
f 325/11083 2092/11084 2090/11085
f 331/11086 2109/11087 2107/11088
f 254/11116 1880/11117 1878/11118
f 326/11131 2095/11132 2093/11133
f 308/11134 2041/11135 2039/11136
f 338/11146 2132/11147 2130/11148
f 350/11176 2167/11177 2165/11178
f 343/11179 2146/11180 2144/11181
f 337/11191 2127/11192 2125/11193
f 349/11206 2164/11207 2162/11208
f 258/11236 1890/11237 1886/11238
f 329/11251 2104/11252 2097/11253
f 342/11266 2142/11267 2138/11268
f 431/11296 2345/11297 2346/11298
f 454/11311 2374/11312 2376/11313
f 472/11326 2392/11327 2396/11328
f 484/11356 2404/11357 2406/11358
f 544/11371 2464/11372 2468/11373
f 468/11374 2384/11375 2387/11376
f 548/11386 2470/11387 2472/11388
f 549/11416 2459/11417 2462/11418
f 477/11419 2395/11420 2397/11421
f 474/11431 2390/11432 2391/11433
f 490/11446 2408/11447 2411/11448
f 598/11476 2519/11477 2518/11478
f 623/11491 2544/11492 2542/11493
f 632/11506 2553/11507 2551/11508
f 1670/11566 665/11567 666/11568
f 1739/11578 688/11579 692/11580
f 1678/11584 668/11585 669/11586
f 1682/11596 669/11597 671/11598
f 1742/11611 689/11612 690/11613
f 1663/11614 664/11615 663/11616
f 1746/11626 690/11627 691/11628
f 1664/11629 663/11630 667/11631
f 1679/11641 672/11642 668/11643
f 1738/11656 691/11657 688/11658
f 1671/11659 667/11660 665/11661
f 1667/11671 666/11672 664/11673
f 1743/11683 692/11684 689/11685
f 1685/11686 671/11687 670/11688
f 2169/11716 831/11717 832/11718
f 2133/11731 820/11732 819/11733
f 2174/11746 834/11747 833/11748
f 1874/11776 733/11777 737/11778
f 2089/11791 805/11792 807/11793
f 2126/11806 817/11807 821/11808
f 1877/11824 734/11825 736/11826
f 2161/11836 829/11837 831/11838
f 2129/11851 818/11852 820/11853
f 2166/11866 830/11867 834/11868
f 2108/11899 811/11900 814/11901
f 2040/11911 788/11912 792/11913
f 2094/11923 806/11924 810/11925
f 2111/11926 812/11927 815/11928
f 2118/11959 814/11960 816/11961
f 2048/11971 792/11972 791/11973
f 2115/11986 815/11987 813/11988
f 2112/12019 816/12020 812/12021
f 2036/12031 791/12032 787/12033
f 2090/12043 808/12044 805/12045
f 2107/12046 813/12047 811/12048
f 1878/12076 738/12077 734/12078
f 2093/12091 809/12092 806/12093
f 2039/12094 790/12095 788/12096
f 2130/12106 822/12107 818/12108
f 1873/12124 735/12125 733/12126
f 2165/12136 832/12137 830/12138
f 2144/12139 827/12140 823/12141
f 2125/12151 819/12152 817/12153
f 2162/12166 833/12167 829/12168
f 1886/12196 737/12197 738/12198
f 2097/12211 807/12212 809/12213
f 2138/12226 821/12227 822/12228
f 2346/12256 1335/12257 1336/12258
f 2376/12271 1480/12272 1479/12273
f 2396/12286 1534/12287 1533/12288
f 2406/12316 1342/12317 1341/12318
f 2468/12331 1522/12332 1521/12333
f 2472/12346 1558/12347 1557/12348
f 2462/12376 1377/12377 1378/12378
f 2397/12379 1539/12380 1540/12381
f 2391/12391 1485/12392 1486/12393
f 2411/12406 1545/12407 1546/12408
f 2518/12436 1338/12437 1337/12438
f 2542/12451 1481/12452 1482/12453
f 2551/12466 1535/12467 1536/12468
f 1675/12526 1021/12527 1024/12528
f 1683/12544 1039/12545 1041/12546
f 1689/12556 1051/12557 1053/12558
f 1747/12571 1165/12572 1167/12573
f 1665/12574 1003/12575 1005/12576
f 1750/12586 1171/12587 1174/12588
f 1676/12589 1027/12590 1029/12591
f 1740/12616 1153/12617 1155/12618
f 1673/12619 1015/12620 1018/12621
f 1669/12631 1009/12632 1012/12633
f 1745/12643 1159/12644 1162/12645
f 1687/12646 1045/12647 1047/12648
f 2173/12676 1376/12677 1380/12678
f 2135/12691 1484/12692 1488/12693
f 2176/12706 1544/12707 1548/12708
f 1887/12736 1333/12737 1335/12738
f 2098/12751 1478/12752 1480/12753
f 2139/12766 1532/12767 1534/12768
f 2170/12796 1340/12797 1342/12798
f 2136/12811 1520/12812 1522/12813
f 2177/12826 1556/12827 1558/12828
f 1941/12856 1375/12857 1377/12858
f 2119/12859 1537/12860 1539/12861
f 2051/12871 1483/12872 1485/12873
f 2121/12886 1543/12887 1545/12888
f 1937/12916 1334/12917 1338/12918
f 2050/12931 1477/12932 1481/12933
f 2117/12946 1531/12947 1535/12948
f 2038/12991 980/12992 984/12993
f 2092/13003 998/13004 1002/13005
f 2109/13006 1016/13007 1019/13008
f 1880/13036 1040/13037 1044/13038
f 2095/13051 1160/13052 1163/13053
f 2041/13054 1010/13055 1013/13056
f 2132/13066 1166/13067 1170/13068
f 2167/13096 1172/13097 1175/13098
f 2146/13099 1028/13100 1032/13101
f 2127/13111 1022/13112 1025/13113
f 2164/13126 1052/13127 1056/13128
f 1890/13156 1339/13157 1343/13158
f 2104/13171 1519/13172 1523/13173
f 2142/13186 1555/13187 1559/13188
f 2374/13231 984/13232 982/13233
f 2392/13246 1019/13247 1017/13248
f 2404/13276 1044/13277 1042/13278
f 2464/13291 1163/13292 1161/13293
f 2384/13294 1013/13295 1011/13296
f 2470/13306 1170/13307 1168/13308
f 2459/13336 1175/13337 1173/13338
f 2395/13339 1032/13340 1030/13341
f 2390/13351 1025/13352 1023/13353
f 2408/13366 1056/13367 1054/13368
f 2519/13396 1343/13397 1344/13398
f 2544/13411 1523/13412 1524/13413
f 2553/13426 1559/13427 1560/13428
f 1672/13486 1017/13487 1015/13488
f 1741/13498 1156/13499 1153/13500
f 1684/13516 1042/13517 1039/13518
f 1744/13531 1161/13532 1159/13533
f 1668/13534 1011/13535 1009/13536
f 1748/13546 1168/13547 1165/13548
f 1666/13549 1006/13550 1003/13551
f 1749/13576 1173/13577 1171/13578
f 1677/13579 1030/13580 1027/13581
f 1674/13591 1023/13592 1021/13593
f 1690/13606 1054/13607 1051/13608
f 2171/13636 1344/13637 1340/13638
f 2137/13651 1524/13652 1520/13653
f 2178/13666 1560/13667 1556/13668
f 1876/13696 924/13697 920/13698
f 2091/13711 1001/13712 998/13713
f 2128/13726 1026/13727 1022/13728
f 1879/13744 1043/13745 1040/13746
f 2163/13756 1055/13757 1052/13758
f 2131/13771 1169/13772 1166/13773
f 2168/13786 1176/13787 1172/13788
f 2145/13789 1031/13790 1028/13791
f 1933/13816 1157/13817 1154/13818
f 2110/13819 1020/13820 1016/13821
f 2042/13831 1014/13832 1010/13833
f 1942/13876 1379/13877 1375/13878
f 2052/13891 1487/13892 1483/13893
f 2122/13906 1547/13907 1543/13908
f 1936/13936 1336/13937 1334/13938
f 2049/13951 1479/13952 1477/13953
f 2116/13966 1533/13967 1531/13968
f 1889/13996 1341/13997 1339/13998
f 2103/14011 1521/14012 1519/14013
f 2141/14026 1557/14027 1555/14028
f 2172/14056 1378/14057 1376/14058
f 2134/14071 1486/14072 1484/14073
f 2175/14086 1546/14087 1544/14088
f 1888/14116 1337/14117 1333/14118
f 2099/14131 1482/14132 1478/14133
f 2140/14146 1536/14147 1532/14148
f 2344/14176 922/14177 924/14178
f 2375/14191 999/14192 1001/14193
f 2393/14206 1024/14207 1026/14208
f 2399/14224 1041/14225 1043/14226
f 2405/14236 1053/14237 1055/14238
f 2465/14251 1167/14252 1169/14253
f 2383/14254 1005/14255 1007/14256
f 2471/14266 1174/14267 1176/14268
f 2386/14269 1029/14270 1031/14271
f 2458/14296 1155/14297 1157/14298
f 2394/14299 1018/14300 1020/14301
f 2389/14311 1012/14312 1014/14313
f 2407/14326 1047/14327 1049/14328
f 2520/14356 1380/14357 1379/14358
f 2543/14371 1488/14372 1487/14373
f 2552/14386 1548/14387 1547/14388
f 1670/14446 1675/14447 1672/14448
f 1678/14464 1683/14465 1680/14466
f 1682/14476 1689/14477 1684/14478
f 1742/14491 1747/14492 1744/14493
f 1663/14494 1665/14495 1668/14496
f 1746/14506 1750/14507 1748/14508
f 1664/14509 1676/14510 1666/14511
f 1679/14521 1681/14522 1691/14523
f 1738/14536 1740/14537 1749/14538
f 1671/14539 1673/14540 1677/14541
f 1667/14551 1669/14552 1674/14553
f 1685/14566 1687/14567 1690/14568
f 2169/14596 2173/14597 2171/14598
f 2133/14611 2135/14612 2137/14613
f 2174/14626 2176/14627 2178/14628
f 1874/14656 1887/14657 1876/14658
f 2089/14671 2098/14672 2091/14673
f 2126/14686 2139/14687 2128/14688
f 1877/14704 1884/14705 1879/14706
f 2161/14716 2170/14717 2163/14718
f 2129/14731 2136/14732 2131/14733
f 2166/14746 2177/14747 2168/14748
f 1931/14776 1941/14777 1933/14778
f 2108/14779 2119/14780 2110/14781
f 2040/14791 2051/14792 2042/14793
f 1935/14836 1937/14837 1942/14838
f 2118/14839 2124/14840 2120/14841
f 2048/14851 2050/14852 2052/14853
f 2115/14866 2117/14867 2122/14868
f 2036/14911 2038/14912 2049/14913
f 2090/14923 2092/14924 2101/14925
f 2107/14926 2109/14927 2116/14928
f 1878/14956 1880/14957 1889/14958
f 2093/14971 2095/14972 2103/14973
f 2039/14974 2041/14975 2046/14976
f 2130/14986 2132/14987 2141/14988
f 2165/15016 2167/15017 2172/15018
f 2125/15031 2127/15032 2134/15033
f 2162/15046 2164/15047 2175/15048
f 1886/15076 1890/15077 1888/15078
f 2097/15091 2104/15092 2099/15093
f 2138/15106 2142/15107 2140/15108
f 2346/15136 2345/15137 2344/15138
f 2376/15151 2374/15152 2375/15153
f 2396/15166 2392/15167 2393/15168
f 2406/15196 2404/15197 2405/15198
f 2468/15211 2464/15212 2465/15213
f 2387/15214 2384/15215 2383/15216
f 2472/15226 2470/15227 2471/15228
f 2462/15256 2459/15257 2458/15258
f 2397/15259 2395/15260 2394/15261
f 2391/15271 2390/15272 2389/15273
f 2411/15286 2408/15287 2407/15288
f 2518/15316 2519/15317 2520/15318
f 2542/15331 2544/15332 2543/15333
f 2551/15346 2553/15347 2552/15348
g chart_52
f 11/25 696/26 695/27
f 4/31 662/32 659/33
f 4/34 659/35 658/36
f 4/37 658/38 660/39
f 4/40 660/41 661/42
f 4/43 661/44 662/45
f 3/49 654/50 657/51
f 11/73 697/74 693/75
f 11/82 694/83 697/84
f 3/97 655/98 653/99
f 3/112 656/113 655/114
f 11/130 693/131 696/132
f 3/142 657/143 656/144
f 3/154 653/155 654/156
f 11/172 695/173 694/174
f 40/190 868/191 867/192
f 25/202 778/203 780/204
f 23/214 765/215 767/216
f 24/217 773/218 771/219
f 33/229 826/230 825/231
f 25/232 779/233 777/234
f 15/250 718/251 715/252
f 22/277 762/278 758/279
f 28/280 797/281 793/282
f 29/283 802/284 799/285
f 23/289 766/290 763/291
f 24/292 774/293 770/294
f 33/319 828/320 824/321
f 25/322 780/323 776/324
f 23/334 767/335 764/336
f 24/337 771/338 769/339
f 33/349 825/350 823/351
f 25/352 777/353 775/354
f 15/367 719/368 716/369
f 22/394 759/395 757/396
f 28/397 796/398 794/399
f 22/454 761/455 759/456
f 28/457 795/458 796/459
f 15/487 715/488 717/489
f 22/514 758/515 761/516
f 28/517 793/518 795/519
f 29/520 799/521 801/522
f 15/550 716/551 720/552
f 22/577 757/578 760/579
f 28/580 794/581 798/582
f 23/589 764/590 768/591
f 24/592 769/593 772/594
f 40/610 866/611 868/612
f 25/622 775/623 778/624
f 23/634 763/635 765/636
f 24/637 770/638 773/639
f 33/649 824/650 826/651
f 25/652 776/653 779/654
f 15/670 720/671 718/672
f 22/697 760/698 762/699
f 28/700 798/701 797/702
f 29/703 804/704 802/705
f 23/709 768/710 766/711
f 24/712 772/713 774/714
f 129/754 1401/755 1402/756
f 130/757 1408/758 1407/759
f 144/760 1492/761 1491/762
f 146/763 1504/764 1503/765
f 131/769 1414/770 1413/771
f 112/790 1299/791 1300/792
f 132/814 1420/815 1419/816
f 128/817 1395/818 1396/819
f 148/823 1515/824 1516/825
f 133/829 1425/830 1426/831
f 134/832 1431/833 1432/834
f 114/850 1312/851 1311/852
f 137/862 1449/863 1450/864
f 127/874 1390/875 1389/876
f 135/877 1437/878 1438/879
f 150/883 1528/884 1527/885
f 138/892 1455/893 1456/894
f 110/910 1289/911 1290/912
f 129/934 1404/935 1403/936
f 130/937 1409/938 1410/939
f 144/940 1493/941 1494/942
f 146/943 1505/944 1506/945
f 131/949 1415/950 1416/951
f 96/985 1204/986 1201/987
f 62/991 999/992 997/993
f 59/994 981/995 979/996
f 58/997 976/998 973/999
f 60/1000 988/1001 985/1002
f 61/1003 994/1004 991/1005
f 54/1009 952/1010 949/1011
f 73/1012 1066/1013 1063/1014
f 94/1042 1192/1043 1189/1044
f 55/1057 957/1058 955/1059
f 56/1072 963/1073 961/1074
f 78/1087 1095/1088 1093/1089
f 93/1090 1185/1091 1183/1092
f 57/1102 970/1103 967/1104
f 53/1114 945/1115 943/1116
f 74/1117 1071/1118 1069/1119
f 95/1132 1197/1133 1195/1134
f 114/1150 1314/1151 1310/1152
f 137/1162 1451/1163 1447/1164
f 127/1174 1392/1175 1388/1176
f 135/1177 1439/1178 1435/1179
f 150/1183 1530/1184 1526/1185
f 140/1189 1470/1190 1466/1191
f 138/1192 1457/1193 1453/1194
f 110/1210 1287/1211 1285/1212
f 129/1234 1402/1235 1400/1236
f 130/1237 1407/1238 1405/1239
f 144/1240 1491/1241 1489/1242
f 146/1243 1503/1244 1501/1245
f 131/1249 1413/1250 1411/1251
f 112/1270 1300/1271 1298/1272
f 132/1294 1419/1295 1417/1296
f 128/1297 1396/1298 1394/1299
f 148/1303 1516/1304 1514/1305
f 133/1309 1426/1310 1424/1311
f 134/1312 1432/1313 1430/1314
f 114/1330 1311/1331 1309/1332
f 137/1342 1450/1343 1448/1344
f 127/1354 1389/1355 1387/1356
f 135/1357 1438/1358 1436/1359
f 150/1363 1527/1364 1525/1365
f 138/1372 1456/1373 1454/1374
f 110/1390 1290/1391 1286/1392
f 129/1414 1403/1415 1399/1416
f 130/1417 1410/1418 1406/1419
f 144/1420 1494/1421 1490/1422
f 146/1423 1506/1424 1502/1425
f 131/1429 1416/1430 1412/1431
f 95/1465 1200/1466 1196/1467
f 59/1471 984/1472 980/1473
f 58/1474 977/1475 974/1476
f 60/1477 989/1478 986/1479
f 61/1480 995/1481 992/1482
f 57/1489 971/1490 968/1491
f 78/1510 1098/1511 1094/1512
f 53/1537 948/1538 944/1539
f 74/1540 1074/1541 1070/1542
f 63/1549 1008/1550 1004/1551
f 55/1552 960/1553 956/1554
f 96/1570 1205/1571 1202/1572
f 56/1582 966/1583 962/1584
f 54/1594 953/1595 950/1596
f 73/1597 1067/1598 1064/1599
f 94/1612 1193/1613 1190/1614
f 112/1630 1301/1631 1297/1632
f 132/1654 1422/1655 1418/1656
f 128/1657 1397/1658 1393/1659
f 145/1660 1499/1661 1495/1662
f 148/1663 1517/1664 1513/1665
f 133/1669 1427/1670 1423/1671
f 134/1672 1433/1673 1429/1674
f 95/1705 1198/1706 1200/1707
f 59/1711 982/1712 984/1713
f 58/1714 975/1715 977/1716
f 60/1717 987/1718 989/1719
f 61/1720 993/1721 995/1722
f 62/1723 1000/1724 1002/1725
f 57/1729 969/1730 971/1731
f 78/1750 1096/1751 1098/1752
f 53/1777 946/1778 948/1779
f 74/1780 1072/1781 1074/1782
f 63/1789 1006/1790 1008/1791
f 55/1792 958/1793 960/1794
f 96/1810 1203/1811 1205/1812
f 56/1822 964/1823 966/1824
f 54/1834 951/1835 953/1836
f 73/1837 1065/1838 1067/1839
f 94/1852 1191/1853 1193/1854
f 112/1870 1302/1871 1301/1872
f 132/1894 1421/1895 1422/1896
f 128/1897 1398/1898 1397/1899
f 148/1903 1518/1904 1517/1905
f 133/1909 1428/1910 1427/1911
f 134/1912 1434/1913 1433/1914
f 95/1945 1195/1946 1198/1947
f 59/1951 979/1952 982/1953
f 58/1954 973/1955 975/1956
f 60/1957 985/1958 987/1959
f 61/1960 991/1961 993/1962
f 62/1963 997/1964 1000/1965
f 57/1969 967/1970 969/1971
f 78/1990 1093/1991 1096/1992
f 53/2017 943/2018 946/2019
f 74/2020 1069/2021 1072/2022
f 55/2032 955/2033 958/2034
f 96/2050 1201/2051 1203/2052
f 56/2062 961/2063 964/2064
f 54/2074 949/2075 951/2076
f 73/2077 1063/2078 1065/2079
f 94/2092 1189/2093 1191/2094
f 112/2110 1298/2111 1302/2112
f 132/2134 1417/2135 1421/2136
f 128/2137 1394/2138 1398/2139
f 148/2143 1514/2144 1518/2145
f 133/2149 1424/2150 1428/2151
f 134/2152 1430/2153 1434/2154
f 96/2185 1202/2186 1206/2187
f 59/2194 980/2195 983/2196
f 58/2197 974/2198 978/2199
f 60/2200 986/2201 990/2202
f 61/2203 992/2204 996/2205
f 54/2209 950/2210 954/2211
f 73/2212 1064/2213 1068/2214
f 94/2242 1190/2243 1194/2244
f 63/2254 1004/2255 1007/2256
f 55/2257 956/2258 959/2259
f 56/2272 962/2273 965/2274
f 78/2287 1094/2288 1097/2289
f 93/2290 1184/2291 1187/2292
f 57/2302 968/2303 972/2304
f 53/2314 944/2315 947/2316
f 74/2317 1070/2318 1073/2319
f 95/2332 1196/2333 1199/2334
f 114/2350 1309/2351 1313/2352
f 137/2362 1448/2363 1452/2364
f 127/2374 1387/2375 1391/2376
f 135/2377 1436/2378 1440/2379
f 150/2383 1525/2384 1529/2385
f 138/2392 1454/2393 1458/2394
f 129/2434 1399/2435 1401/2436
f 130/2437 1406/2438 1408/2439
f 144/2440 1490/2441 1492/2442
f 146/2443 1502/2444 1504/2445
f 131/2449 1412/2450 1414/2451
f 112/2470 1297/2471 1299/2472
f 132/2494 1418/2495 1420/2496
f 128/2497 1393/2498 1395/2499
f 148/2503 1513/2504 1515/2505
f 133/2509 1423/2510 1425/2511
f 134/2512 1429/2513 1431/2514
f 114/2530 1310/2531 1312/2532
f 137/2542 1447/2543 1449/2544
f 127/2554 1388/2555 1390/2556
f 135/2557 1435/2558 1437/2559
f 150/2563 1526/2564 1528/2565
f 138/2572 1453/2573 1455/2574
f 110/2590 1285/2591 1289/2592
f 129/2614 1400/2615 1404/2616
f 130/2617 1405/2618 1409/2619
f 144/2620 1489/2621 1493/2622
f 146/2623 1501/2624 1505/2625
f 131/2629 1411/2630 1415/2631
f 96/2665 1206/2666 1204/2667
f 59/2674 983/2675 981/2676
f 58/2677 978/2678 976/2679
f 60/2680 990/2681 988/2682
f 61/2683 996/2684 994/2685
f 54/2689 954/2690 952/2691
f 73/2692 1068/2693 1066/2694
f 94/2722 1194/2723 1192/2724
f 55/2737 959/2738 957/2739
f 56/2752 965/2753 963/2754
f 78/2767 1097/2768 1095/2769
f 93/2770 1187/2771 1185/2772
f 57/2782 972/2783 970/2784
f 53/2794 947/2795 945/2796
f 74/2797 1073/2798 1071/2799
f 95/2812 1199/2813 1197/2814
f 114/2830 1313/2831 1314/2832
f 137/2842 1452/2843 1451/2844
f 127/2854 1391/2855 1392/2856
f 135/2857 1440/2858 1439/2859
f 150/2863 1529/2864 1530/2865
f 140/2869 1469/2870 1470/2871
f 138/2872 1458/2873 1457/2874
f 561/2905 1763/2906 1765/2907
f 452/2911 1654/2912 1661/2913
f 448/2914 1650/2915 1653/2916
f 449/2917 1656/2918 1651/2919
f 455/2920 1659/2921 1657/2922
f 458/2923 1662/2924 1660/2925
f 437/2929 1646/2930 1639/2931
f 509/2950 1711/2951 1721/2952
f 434/2977 1636/2978 1641/2979
f 440/2992 1642/2993 1644/2994
f 553/3010 1764/3011 1755/3012
f 443/3022 1645/3023 1647/3024
f 433/3034 1638/3035 1635/3036
f 493/3037 1695/3038 1698/3039
f 557/3052 1759/3053 1762/3054
f 594/3070 2279/3071 2281/3072
f 608/3094 1978/3095 1973/3096
f 610/3097 1991/3098 1996/3099
f 630/3103 2302/3104 2304/3105
f 615/3109 2153/3110 2155/3111
f 617/3112 2009/3113 2014/3114
f 565/3145 2276/3146 2285/3147
f 453/3154 2037/3155 2044/3156
f 451/3157 1952/3158 1961/3159
f 457/3160 2056/3161 2067/3162
f 460/3163 2074/3164 2083/3165
f 439/3169 1966/3170 1975/3171
f 496/3172 1988/3173 1997/3174
f 521/3190 2271/3191 2278/3192
f 560/3202 2006/3203 2015/3204
f 465/3214 1969/3215 1977/3216
f 441/3217 1983/3218 1990/3219
f 537/3223 2290/3224 2301/3225
f 476/3229 2145/3230 2152/3231
f 444/3232 2001/3233 2008/3234
f 510/3247 1825/3248 1833/3249
f 555/3250 1843/3251 1851/3252
f 447/3262 2020/3263 2029/3264
f 435/3274 1947/3275 1954/3276
f 498/3277 2059/3278 2064/3279
f 545/3283 2096/3284 2105/3285
f 562/3292 2239/3293 2244/3294
f 593/3310 1852/3311 1847/3312
f 607/3334 1955/3335 1960/3336
f 612/3337 2065/3338 2063/3339
f 626/3340 2086/3341 2081/3342
f 614/3349 2032/3350 2027/3351
f 450/3394 1959/3395 1951/3396
f 456/3397 2062/3398 2055/3399
f 459/3400 2080/3401 2073/3402
f 462/3403 2101/3404 2092/3405
f 446/3409 2026/3410 2019/3411
f 511/3430 1835/3431 1826/3432
f 436/3457 1957/3458 1948/3459
f 499/3460 2069/3461 2060/3462
f 466/3469 1979/3470 1970/3471
f 442/3472 1993/3473 1984/3474
f 564/3490 2280/3491 2275/3492
f 445/3502 2011/3503 2002/3504
f 438/3514 1972/3515 1965/3516
f 495/3517 1995/3518 1987/3519
f 559/3532 2013/3533 2005/3534
f 592/3550 1832/3551 1836/3552
f 611/3574 2045/3575 2047/3576
f 609/3577 1962/3578 1958/3579
f 625/3580 2068/3581 2070/3582
f 628/3583 2084/3584 2088/3585
f 613/3589 1976/3590 1980/3591
f 616/3592 1998/3593 1994/3594
f 561/3625 2486/3626 2485/3627
f 448/3634 2369/3635 2368/3636
f 449/3637 2370/3638 2371/3639
f 455/3640 2377/3641 2378/3642
f 458/3643 2380/3644 2381/3645
f 437/3649 2359/3650 2360/3651
f 509/3670 2431/3671 2430/3672
f 434/3697 2356/3698 2355/3699
f 440/3712 2363/3713 2362/3714
f 553/3730 2473/3731 2474/3732
f 443/3742 2366/3743 2365/3744
f 433/3754 2353/3755 2354/3756
f 493/3757 2414/3758 2413/3759
f 557/3772 2480/3773 2479/3774
f 594/3790 2514/3791 2513/3792
f 608/3814 2527/3815 2529/3816
f 610/3817 2532/3818 2530/3819
f 630/3823 2550/3824 2549/3825
f 615/3829 2535/3830 2534/3831
f 617/3832 2538/3833 2536/3834
f 216/3865 1761/3866 696/3867
f 182/3871 1652/3872 662/3873
f 179/3874 1648/3875 659/3876
f 178/3877 1649/3878 658/3879
f 180/3880 1655/3881 660/3882
f 181/3883 1658/3884 661/3885
f 174/3889 1637/3890 654/3891
f 214/3922 1758/3923 694/3924
f 175/3937 1634/3938 655/3939
f 176/3952 1640/3953 656/3954
f 198/3967 1708/3968 678/3969
f 213/3970 1753/3971 693/3972
f 177/3982 1643/3983 657/3984
f 173/3994 1633/3995 653/3996
f 215/4012 1757/4013 695/4014
f 388/4030 2277/4031 868/4032
f 298/4042 2010/4043 778/4044
f 285/4054 1971/4055 765/4056
f 293/4057 1989/4058 773/4059
f 346/4069 2151/4070 826/4071
f 299/4072 2007/4073 779/4074
f 238/4090 1820/4091 718/4092
f 309/4114 2035/4115 789/4116
f 282/4117 1950/4118 762/4119
f 317/4120 2054/4121 797/4122
f 322/4123 2072/4124 802/4125
f 286/4129 1964/4130 766/4131
f 294/4132 1986/4133 774/4134
f 300/4162 2004/4163 780/4164
f 287/4174 1967/4175 767/4176
f 291/4177 1981/4178 771/4179
f 345/4189 2143/4190 825/4191
f 297/4192 1999/4193 777/4194
f 245/4210 1841/4211 725/4212
f 279/4234 1945/4235 759/4236
f 316/4237 2057/4238 796/4239
f 281/4294 1953/4295 761/4296
f 315/4297 2061/4298 795/4299
f 321/4300 2079/4301 801/4302
f 303/4309 2025/4310 783/4311
f 278/4354 1949/4355 758/4356
f 313/4357 2053/4358 793/4359
f 319/4360 2071/4361 799/4362
f 301/4369 2017/4370 781/4371
f 236/4390 1824/4391 716/4392
f 277/4417 1946/4418 757/4419
f 314/4420 2058/4421 794/4422
f 284/4429 1968/4430 764/4431
f 289/4432 1982/4433 769/4434
f 386/4450 2273/4451 866/4452
f 295/4462 2000/4463 775/4464
f 283/4474 1963/4475 763/4476
f 290/4477 1985/4478 770/4479
f 344/4489 2147/4490 824/4491
f 296/4492 2003/4493 776/4494
f 240/4510 1830/4511 720/4512
f 310/4534 2043/4535 790/4536
f 280/4537 1956/4538 760/4539
f 318/4540 2066/4541 798/4542
f 324/4543 2082/4544 804/4545
f 288/4549 1974/4550 768/4551
f 292/4552 1992/4553 772/4554
f 450/4594 2372/4595 1401/4596
f 456/4597 2373/4598 1408/4599
f 459/4600 2379/4601 1492/4602
f 462/4603 2382/4604 1504/4605
f 446/4609 2361/4610 1414/4611
f 511/4630 2433/4631 1299/4632
f 436/4657 2358/4658 1395/4659
f 530/4663 2454/4664 1515/4665
f 466/4669 2388/4670 1425/4671
f 442/4672 2364/4673 1431/4674
f 564/4690 2477/4691 1312/4692
f 445/4702 2367/4703 1449/4704
f 438/4714 2357/4715 1390/4716
f 495/4717 2417/4718 1437/4719
f 559/4732 2483/4733 1455/4734
f 592/4750 2512/4751 1289/4752
f 611/4774 2528/4775 1404/4776
f 609/4777 2531/4778 1409/4779
f 625/4780 2545/4781 1493/4782
f 628/4783 2548/4784 1505/4785
f 613/4789 2533/4790 1415/4791
f 616/4792 2537/4793 1445/4794
f 561/4825 1765/4826 1204/4827
f 452/4831 1661/4832 999/4833
f 448/4834 1653/4835 981/4836
f 449/4837 1651/4838 976/4839
f 455/4840 1657/4841 988/4842
f 458/4843 1660/4844 994/4845
f 437/4849 1639/4850 952/4851
f 509/4870 1721/4871 1119/4872
f 558/4882 1760/4883 1192/4884
f 434/4897 1641/4898 957/4899
f 440/4912 1644/4913 963/4914
f 508/4927 1710/4928 1095/4929
f 553/4930 1755/4931 1185/4932
f 443/4942 1647/4943 970/4944
f 433/4954 1635/4955 945/4956
f 493/4957 1698/4958 1071/4959
f 557/4972 1762/4973 1197/4974
f 594/4990 2281/4991 1314/4992
f 608/5014 1973/5015 1392/5016
f 610/5017 1996/5018 1439/5019
f 630/5023 2304/5024 1530/5025
f 615/5029 2155/5030 1470/5031
f 617/5032 2014/5033 1457/5034
f 453/5074 2044/5075 1402/5076
f 451/5077 1961/5078 1407/5079
f 457/5080 2067/5081 1491/5082
f 460/5083 2083/5084 1503/5085
f 439/5089 1975/5090 1413/5091
f 496/5092 1997/5093 1443/5094
f 521/5110 2278/5111 1300/5112
f 465/5134 1977/5135 1419/5136
f 441/5137 1990/5138 1396/5139
f 537/5143 2301/5144 1516/5145
f 476/5149 2152/5150 1426/5151
f 444/5152 2008/5153 1432/5154
f 555/5170 1851/5171 1311/5172
f 447/5182 2029/5183 1450/5184
f 435/5194 1954/5195 1389/5196
f 498/5197 2064/5198 1438/5199
f 545/5203 2105/5204 1527/5205
f 562/5212 2244/5213 1456/5214
f 593/5230 1847/5231 1290/5232
f 607/5254 1960/5255 1403/5256
f 612/5257 2063/5258 1410/5259
f 626/5260 2081/5261 1494/5262
f 629/5263 2102/5264 1506/5265
f 614/5269 2027/5270 1416/5271
f 563/5305 2240/5306 1200/5307
f 450/5314 1951/5315 977/5316
f 456/5317 2055/5318 989/5319
f 459/5320 2073/5321 995/5322
f 462/5323 2092/5324 1002/5325
f 446/5329 2019/5330 971/5331
f 511/5350 1826/5351 1098/5352
f 436/5377 1948/5378 948/5379
f 499/5380 2060/5381 1074/5382
f 466/5389 1970/5390 1008/5391
f 442/5392 1984/5393 960/5394
f 564/5410 2275/5411 1205/5412
f 445/5422 2002/5423 966/5424
f 438/5434 1965/5435 953/5436
f 495/5437 1987/5438 1067/5439
f 559/5452 2005/5453 1193/5454
f 592/5470 1836/5471 1301/5472
f 611/5494 2047/5495 1422/5496
f 609/5497 1958/5498 1397/5499
f 625/5500 2070/5501 1499/5502
f 628/5503 2088/5504 1517/5505
f 613/5509 1980/5510 1427/5511
f 616/5512 1994/5513 1433/5514
f 561/5545 2485/5546 1198/5547
f 448/5554 2368/5555 975/5556
f 449/5557 2371/5558 987/5559
f 455/5560 2378/5561 993/5562
f 458/5563 2381/5564 1000/5565
f 437/5569 2360/5570 969/5571
f 509/5590 2430/5591 1096/5592
f 434/5617 2355/5618 946/5619
f 440/5632 2362/5633 958/5634
f 553/5650 2474/5651 1203/5652
f 443/5662 2365/5663 964/5664
f 433/5674 2354/5675 951/5676
f 493/5677 2413/5678 1065/5679
f 557/5692 2479/5693 1191/5694
f 594/5710 2513/5711 1302/5712
f 608/5734 2529/5735 1421/5736
f 610/5737 2530/5738 1398/5739
f 630/5743 2549/5744 1518/5745
f 615/5749 2534/5750 1428/5751
f 617/5752 2536/5753 1434/5754
f 215/5785 1763/5786 1195/5787
f 179/5791 1654/5792 979/5793
f 178/5794 1650/5795 973/5796
f 180/5797 1656/5798 985/5799
f 181/5800 1659/5801 991/5802
f 182/5803 1662/5804 997/5805
f 177/5809 1646/5810 967/5811
f 198/5830 1711/5831 1093/5832
f 213/5833 1756/5834 1183/5835
f 173/5857 1636/5858 943/5859
f 175/5872 1642/5873 955/5874
f 216/5890 1764/5891 1201/5892
f 176/5902 1645/5903 961/5904
f 174/5914 1638/5915 949/5916
f 214/5932 1759/5933 1189/5934
f 387/5950 2279/5951 1298/5952
f 287/5974 1978/5975 1417/5976
f 291/5977 1991/5978 1394/5979
f 395/5983 2302/5984 1514/5985
f 345/5989 2153/5990 1424/5991
f 297/5992 2009/5993 1430/5994
f 235/6010 1822/6011 896/6012
f 386/6025 2276/6026 1202/6027
f 307/6034 2037/6035 980/6036
f 278/6037 1952/6038 974/6039
f 313/6040 2056/6041 986/6042
f 319/6043 2074/6044 992/6045
f 283/6049 1966/6050 950/6051
f 290/6052 1988/6053 1064/6054
f 296/6082 2006/6083 1190/6084
f 284/6094 1969/6095 1004/6096
f 289/6097 1983/6098 956/6099
f 295/6112 2001/6113 962/6114
f 236/6127 1825/6128 1094/6129
f 242/6130 1843/6131 1184/6132
f 301/6142 2020/6143 968/6144
f 277/6154 1947/6155 944/6156
f 314/6157 2059/6158 1070/6159
f 374/6172 2239/6173 1196/6174
f 245/6190 1852/6191 1309/6192
f 279/6214 1955/6215 1387/6216
f 316/6217 2065/6218 1436/6219
f 330/6223 2106/6224 1525/6225
f 376/6232 2245/6233 1454/6234
f 281/6274 1959/6275 1399/6276
f 315/6277 2062/6278 1406/6279
f 321/6280 2080/6281 1490/6282
f 328/6283 2101/6284 1502/6285
f 303/6289 2026/6290 1412/6291
f 240/6310 1835/6311 1297/6312
f 310/6334 2046/6335 1418/6336
f 280/6337 1957/6338 1393/6339
f 318/6340 2069/6341 1495/6342
f 324/6343 2087/6344 1513/6345
f 288/6349 1979/6350 1423/6351
f 292/6352 1993/6353 1429/6354
f 388/6370 2280/6371 1310/6372
f 298/6382 2011/6383 1447/6384
f 285/6394 1972/6395 1388/6396
f 293/6397 1995/6398 1435/6399
f 346/6409 2154/6410 1466/6411
f 299/6412 2013/6413 1453/6414
f 238/6430 1832/6431 1285/6432
f 309/6454 2045/6455 1400/6456
f 282/6457 1962/6458 1405/6459
f 317/6460 2068/6461 1489/6462
f 322/6463 2084/6464 1501/6465
f 286/6469 1976/6470 1411/6471
f 294/6472 1998/6473 1441/6474
f 565/6505 2486/6506 1206/6507
f 453/6514 2369/6515 983/6516
f 451/6517 2370/6518 978/6519
f 457/6520 2377/6521 990/6522
f 460/6523 2380/6524 996/6525
f 439/6529 2359/6530 954/6531
f 496/6532 2415/6533 1068/6534
f 521/6550 2431/6551 1121/6552
f 560/6562 2481/6563 1194/6564
f 441/6577 2356/6578 959/6579
f 444/6592 2363/6593 965/6594
f 510/6607 2428/6608 1097/6609
f 555/6610 2473/6611 1187/6612
f 447/6622 2366/6623 972/6624
f 435/6634 2353/6635 947/6636
f 498/6637 2414/6638 1073/6639
f 562/6652 2480/6653 1199/6654
f 593/6670 2514/6671 1313/6672
f 607/6694 2527/6695 1391/6696
f 612/6697 2532/6698 1440/6699
f 626/6700 2547/6701 1511/6702
f 629/6703 2550/6704 1529/6705
f 614/6709 2535/6710 1469/6711
f 618/6712 2538/6713 1458/6714
f 215/6745 1761/6746 1763/6747
f 179/6751 1652/6752 1654/6753
f 178/6754 1648/6755 1650/6756
f 180/6757 1649/6758 1656/6759
f 181/6760 1655/6761 1659/6762
f 182/6763 1658/6764 1662/6765
f 177/6769 1637/6770 1646/6771
f 198/6790 1709/6791 1711/6792
f 173/6817 1634/6818 1636/6819
f 175/6832 1640/6833 1642/6834
f 199/6847 1708/6848 1713/6849
f 216/6850 1753/6851 1764/6852
f 176/6862 1643/6863 1645/6864
f 174/6874 1633/6875 1638/6876
f 214/6892 1757/6893 1759/6894
f 387/6910 2277/6911 2279/6912
f 300/6922 2010/6923 2016/6924
f 287/6934 1971/6935 1978/6936
f 291/6937 1989/6938 1991/6939
f 345/6949 2151/6950 2153/6951
f 297/6952 2007/6953 2009/6954
f 235/6970 1820/6971 1822/6972
f 386/6985 2274/6986 2276/6987
f 307/6994 2035/6995 2037/6996
f 278/6997 1950/6998 1952/6999
f 313/7000 2054/7001 2056/7002
f 319/7003 2072/7004 2074/7005
f 283/7009 1964/7010 1966/7011
f 290/7012 1986/7013 1988/7014
f 296/7042 2004/7043 2006/7044
f 284/7054 1967/7055 1969/7056
f 289/7057 1981/7058 1983/7059
f 295/7072 1999/7073 2001/7074
f 236/7087 1823/7088 1825/7089
f 242/7090 1841/7091 1843/7092
f 301/7102 2018/7103 2020/7104
f 277/7114 1945/7115 1947/7116
f 314/7117 2057/7118 2059/7119
f 374/7132 2237/7133 2239/7134
f 245/7150 1845/7151 1852/7152
f 279/7174 1953/7175 1955/7176
f 316/7177 2061/7178 2065/7179
f 323/7180 2079/7181 2086/7182
f 281/7234 1949/7235 1959/7236
f 315/7237 2053/7238 2062/7239
f 321/7240 2071/7241 2080/7242
f 303/7249 2017/7250 2026/7251
f 240/7270 1824/7271 1835/7272
f 280/7297 1946/7298 1957/7299
f 318/7300 2058/7301 2069/7302
f 324/7303 2076/7304 2087/7305
f 288/7309 1968/7310 1979/7311
f 292/7312 1982/7313 1993/7314
f 388/7330 2273/7331 2280/7332
f 298/7342 2000/7343 2011/7344
f 285/7354 1963/7355 1972/7356
f 293/7357 1985/7358 1995/7359
f 299/7372 2003/7373 2013/7374
f 238/7390 1830/7391 1832/7392
f 309/7414 2043/7415 2045/7416
f 282/7417 1956/7418 1962/7419
f 317/7420 2066/7421 2068/7422
f 322/7423 2082/7424 2084/7425
f 286/7429 1974/7430 1976/7431
f 294/7432 1992/7433 1998/7434
f 565/7465 2487/7466 2486/7467
f 453/7474 2372/7475 2369/7476
f 451/7477 2373/7478 2370/7479
f 457/7480 2379/7481 2377/7482
f 460/7483 2382/7484 2380/7485
f 439/7489 2361/7490 2359/7491
f 496/7492 2418/7493 2415/7494
f 521/7510 2433/7511 2431/7512
f 441/7537 2358/7538 2356/7539
f 476/7549 2388/7550 2386/7551
f 444/7552 2364/7553 2363/7554
f 510/7567 2432/7568 2428/7569
f 555/7570 2477/7571 2473/7572
f 447/7582 2367/7583 2366/7584
f 435/7594 2357/7595 2353/7596
f 498/7597 2417/7598 2414/7599
f 562/7612 2483/7613 2480/7614
f 593/7630 2512/7631 2514/7632
f 607/7654 2528/7655 2527/7656
f 612/7657 2531/7658 2532/7659
f 626/7660 2545/7661 2547/7662
f 629/7663 2548/7664 2550/7665
f 614/7669 2533/7670 2535/7671
f 618/7672 2537/7673 2538/7674
f 215/7705 695/7706 1761/7707
f 179/7711 659/7712 1652/7713
f 178/7714 658/7715 1648/7716
f 180/7717 660/7718 1649/7719
f 181/7720 661/7721 1655/7722
f 182/7723 662/7724 1658/7725
f 177/7729 657/7730 1637/7731
f 198/7750 678/7751 1709/7752
f 173/7777 653/7778 1634/7779
f 175/7792 655/7793 1640/7794
f 199/7807 679/7808 1708/7809
f 216/7810 696/7811 1753/7812
f 176/7822 656/7823 1643/7824
f 174/7834 654/7835 1633/7836
f 214/7852 694/7853 1757/7854
f 387/7870 867/7871 2277/7872
f 300/7882 780/7883 2010/7884
f 287/7894 767/7895 1971/7896
f 291/7897 771/7898 1989/7899
f 345/7909 825/7910 2151/7911
f 297/7912 777/7913 2007/7914
f 235/7930 715/7931 1820/7932
f 386/7945 866/7946 2274/7947
f 307/7954 787/7955 2035/7956
f 278/7957 758/7958 1950/7959
f 313/7960 793/7961 2054/7962
f 319/7963 799/7964 2072/7965
f 283/7969 763/7970 1964/7971
f 290/7972 770/7973 1986/7974
f 296/8002 776/8003 2004/8004
f 284/8014 764/8015 1967/8016
f 289/8017 769/8018 1981/8019
f 295/8032 775/8033 1999/8034
f 236/8047 716/8048 1823/8049
f 301/8062 781/8063 2018/8064
f 277/8074 757/8075 1945/8076
f 314/8077 794/8078 2057/8079
f 245/8110 725/8111 1845/8112
f 279/8134 759/8135 1953/8136
f 316/8137 796/8138 2061/8139
f 281/8194 761/8195 1949/8196
f 315/8197 795/8198 2053/8199
f 321/8200 801/8201 2071/8202
f 303/8209 783/8210 2017/8211
f 240/8230 720/8231 1824/8232
f 280/8257 760/8258 1946/8259
f 318/8260 798/8261 2058/8262
f 324/8263 804/8264 2076/8265
f 288/8269 768/8270 1968/8271
f 292/8272 772/8273 1982/8274
f 388/8290 868/8291 2273/8292
f 298/8302 778/8303 2000/8304
f 285/8314 765/8315 1963/8316
f 293/8317 773/8318 1985/8319
f 346/8329 826/8330 2147/8331
f 299/8332 779/8333 2003/8334
f 238/8350 718/8351 1830/8352
f 309/8374 789/8375 2043/8376
f 282/8377 762/8378 1956/8379
f 317/8380 797/8381 2066/8382
f 322/8383 802/8384 2082/8385
f 286/8389 766/8390 1974/8391
f 294/8392 774/8393 1992/8394
f 453/8434 1402/8435 2372/8436
f 451/8437 1407/8438 2373/8439
f 457/8440 1491/8441 2379/8442
f 460/8443 1503/8444 2382/8445
f 439/8449 1413/8450 2361/8451
f 496/8452 1443/8453 2418/8454
f 521/8470 1300/8471 2433/8472
f 465/8494 1419/8495 2387/8496
f 441/8497 1396/8498 2358/8499
f 537/8503 1516/8504 2454/8505
f 476/8509 1426/8510 2388/8511
f 444/8512 1432/8513 2364/8514
f 510/8527 1293/8528 2432/8529
f 555/8530 1311/8531 2477/8532
f 447/8542 1450/8543 2367/8544
f 435/8554 1389/8555 2357/8556
f 498/8557 1438/8558 2417/8559
f 545/8563 1527/8564 2469/8565
f 562/8572 1456/8573 2483/8574
f 593/8590 1290/8591 2512/8592
f 607/8614 1403/8615 2528/8616
f 612/8617 1410/8618 2531/8619
f 626/8620 1494/8621 2545/8622
f 629/8623 1506/8624 2548/8625
f 614/8629 1416/8630 2533/8631
f 618/8632 1446/8633 2537/8634
f 216/8665 1201/8666 1765/8667
f 182/8671 997/8672 1661/8673
f 179/8674 979/8675 1653/8676
f 178/8677 973/8678 1651/8679
f 180/8680 985/8681 1657/8682
f 181/8683 991/8684 1660/8685
f 174/8689 949/8690 1639/8691
f 214/8722 1189/8723 1760/8724
f 175/8737 955/8738 1641/8739
f 176/8752 961/8753 1644/8754
f 198/8767 1093/8768 1710/8769
f 213/8770 1183/8771 1755/8772
f 177/8782 967/8783 1647/8784
f 173/8794 943/8795 1635/8796
f 215/8812 1195/8813 1762/8814
f 388/8830 1310/8831 2281/8832
f 298/8842 1447/8843 2012/8844
f 285/8854 1388/8855 1973/8856
f 293/8857 1435/8858 1996/8859
f 396/8863 1526/8864 2304/8865
f 346/8869 1466/8870 2155/8871
f 299/8872 1453/8873 2014/8874
f 238/8890 1285/8891 1831/8892
f 309/8914 1400/8915 2044/8916
f 282/8917 1405/8918 1961/8919
f 317/8920 1489/8921 2067/8922
f 322/8923 1501/8924 2083/8925
f 286/8929 1411/8930 1975/8931
f 294/8932 1441/8933 1997/8934
f 387/8950 1298/8951 2278/8952
f 287/8974 1417/8975 1977/8976
f 291/8977 1394/8978 1990/8979
f 395/8983 1514/8984 2301/8985
f 345/8989 1424/8990 2152/8991
f 297/8992 1430/8993 2008/8994
f 245/9010 1309/9011 1851/9012
f 304/9022 1448/9023 2029/9024
f 279/9034 1387/9035 1954/9036
f 316/9037 1436/9038 2064/9039
f 330/9043 1525/9044 2105/9045
f 376/9052 1454/9053 2244/9054
f 243/9070 1286/9071 1847/9072
f 281/9094 1399/9095 1960/9096
f 315/9097 1406/9098 2063/9099
f 321/9100 1490/9101 2081/9102
f 328/9103 1502/9104 2102/9105
f 303/9109 1412/9110 2027/9111
f 374/9145 1196/9146 2240/9147
f 278/9154 974/9155 1951/9156
f 313/9157 986/9158 2055/9159
f 319/9160 992/9161 2073/9162
f 301/9169 968/9170 2019/9171
f 236/9190 1094/9191 1826/9192
f 277/9217 944/9218 1948/9219
f 314/9220 1070/9221 2060/9222
f 284/9229 1004/9230 1970/9231
f 289/9232 956/9233 1984/9234
f 386/9250 1202/9251 2275/9252
f 295/9262 962/9263 2002/9264
f 283/9274 950/9275 1965/9276
f 290/9277 1064/9278 1987/9279
f 296/9292 1190/9293 2005/9294
f 240/9310 1297/9311 1836/9312
f 310/9334 1418/9335 2047/9336
f 280/9337 1393/9338 1958/9339
f 318/9340 1495/9341 2070/9342
f 324/9343 1513/9344 2088/9345
f 288/9349 1423/9350 1980/9351
f 292/9352 1429/9353 1994/9354
f 563/9385 1200/9386 2485/9387
f 450/9394 977/9395 2368/9396
f 456/9397 989/9398 2371/9399
f 459/9400 995/9401 2378/9402
f 462/9403 1002/9404 2381/9405
f 446/9409 971/9410 2360/9411
f 511/9430 1098/9431 2430/9432
f 436/9457 948/9458 2355/9459
f 466/9469 1008/9470 2385/9471
f 442/9472 960/9473 2362/9474
f 564/9490 1205/9491 2474/9492
f 445/9502 966/9503 2365/9504
f 438/9514 953/9515 2354/9516
f 495/9517 1067/9518 2413/9519
f 559/9532 1193/9533 2479/9534
f 592/9550 1301/9551 2513/9552
f 611/9574 1422/9575 2529/9576
f 609/9577 1397/9578 2530/9579
f 625/9580 1499/9581 2546/9582
f 628/9583 1517/9584 2549/9585
f 613/9589 1427/9590 2534/9591
f 616/9592 1433/9593 2536/9594
f 561/9625 1198/9626 1763/9627
f 452/9631 982/9632 1654/9633
f 448/9634 975/9635 1650/9636
f 449/9637 987/9638 1656/9639
f 455/9640 993/9641 1659/9642
f 458/9643 1000/9644 1662/9645
f 437/9649 969/9650 1646/9651
f 509/9670 1096/9671 1711/9672
f 434/9697 946/9698 1636/9699
f 440/9712 958/9713 1642/9714
f 553/9730 1203/9731 1764/9732
f 443/9742 964/9743 1645/9744
f 433/9754 951/9755 1638/9756
f 493/9757 1065/9758 1695/9759
f 557/9772 1191/9773 1759/9774
f 594/9790 1302/9791 2279/9792
f 608/9814 1421/9815 1978/9816
f 610/9817 1398/9818 1991/9819
f 630/9823 1518/9824 2302/9825
f 615/9829 1428/9830 2153/9831
f 617/9832 1434/9833 2009/9834
f 565/9865 1206/9866 2276/9867
f 453/9874 983/9875 2037/9876
f 451/9877 978/9878 1952/9879
f 457/9880 990/9881 2056/9882
f 460/9883 996/9884 2074/9885
f 439/9889 954/9890 1966/9891
f 496/9892 1068/9893 1988/9894
f 521/9910 1121/9911 2271/9912
f 560/9922 1194/9923 2006/9924
f 465/9934 1007/9935 1969/9936
f 441/9937 959/9938 1983/9939
f 444/9952 965/9953 2001/9954
f 510/9967 1097/9968 1825/9969
f 555/9970 1187/9971 1843/9972
f 447/9982 972/9983 2020/9984
f 435/9994 947/9995 1947/9996
f 498/9997 1073/9998 2059/9999
f 562/10012 1199/10013 2239/10014
f 593/10030 1313/10031 1852/10032
f 607/10054 1391/10055 1955/10056
f 612/10057 1440/10058 2065/10059
f 626/10060 1511/10061 2086/10062
f 629/10063 1529/10064 2106/10065
f 614/10069 1469/10070 2032/10071
f 618/10072 1458/10073 2245/10074
f 450/10114 1401/10115 1959/10116
f 456/10117 1408/10118 2062/10119
f 459/10120 1492/10121 2080/10122
f 462/10123 1504/10124 2101/10125
f 446/10129 1414/10130 2026/10131
f 511/10150 1299/10151 1835/10152
f 436/10177 1395/10178 1957/10179
f 499/10180 1497/10181 2069/10182
f 530/10183 1515/10184 2087/10185
f 466/10189 1425/10190 1979/10191
f 442/10192 1431/10193 1993/10194
f 564/10210 1312/10211 2280/10212
f 445/10222 1449/10223 2011/10224
f 438/10234 1390/10235 1972/10236
f 495/10237 1437/10238 1995/10239
f 559/10252 1455/10253 2013/10254
f 592/10270 1289/10271 1832/10272
f 611/10294 1404/10295 2045/10296
f 609/10297 1409/10298 1962/10299
f 625/10300 1493/10301 2068/10302
f 628/10303 1505/10304 2084/10305
f 613/10309 1415/10310 1976/10311
f 616/10312 1445/10313 1998/10314
f 561/10345 1204/10346 2486/10347
f 448/10354 981/10355 2369/10356
f 449/10357 976/10358 2370/10359
f 455/10360 988/10361 2377/10362
f 458/10363 994/10364 2380/10365
f 437/10369 952/10370 2359/10371
f 509/10390 1119/10391 2431/10392
f 558/10402 1192/10403 2481/10404
f 434/10417 957/10418 2356/10419
f 440/10432 963/10433 2363/10434
f 508/10447 1095/10448 2428/10449
f 553/10450 1185/10451 2473/10452
f 443/10462 970/10463 2366/10464
f 433/10474 945/10475 2353/10476
f 493/10477 1071/10478 2414/10479
f 557/10492 1197/10493 2480/10494
f 594/10510 1314/10511 2514/10512
f 608/10534 1392/10535 2527/10536
f 610/10537 1439/10538 2532/10539
f 630/10543 1530/10544 2550/10545
f 615/10549 1470/10550 2535/10551
f 617/10552 1457/10553 2538/10554
f 216/10585 1765/10586 1761/10587
f 182/10591 1661/10592 1652/10593
f 179/10594 1653/10595 1648/10596
f 178/10597 1651/10598 1649/10599
f 180/10600 1657/10601 1655/10602
f 181/10603 1660/10604 1658/10605
f 174/10609 1639/10610 1637/10611
f 214/10642 1760/10643 1758/10644
f 175/10657 1641/10658 1634/10659
f 176/10672 1644/10673 1640/10674
f 198/10687 1710/10688 1708/10689
f 213/10690 1755/10691 1753/10692
f 177/10702 1647/10703 1643/10704
f 173/10714 1635/10715 1633/10716
f 215/10732 1762/10733 1757/10734
f 388/10750 2281/10751 2277/10752
f 298/10762 2012/10763 2010/10764
f 285/10774 1973/10775 1971/10776
f 293/10777 1996/10778 1989/10779
f 346/10789 2155/10790 2151/10791
f 299/10792 2014/10793 2007/10794
f 238/10810 1831/10811 1820/10812
f 309/10834 2044/10835 2035/10836
f 282/10837 1961/10838 1950/10839
f 317/10840 2067/10841 2054/10842
f 322/10843 2083/10844 2072/10845
f 286/10849 1975/10850 1964/10851
f 294/10852 1997/10853 1986/10854
f 387/10870 2278/10871 2269/10872
f 300/10882 2015/10883 2004/10884
f 287/10894 1977/10895 1967/10896
f 291/10897 1990/10898 1981/10899
f 395/10903 2301/10904 2288/10905
f 345/10909 2152/10910 2143/10911
f 297/10912 2008/10913 1999/10914
f 245/10930 1851/10931 1841/10932
f 304/10942 2029/10943 2018/10944
f 279/10954 1954/10955 1945/10956
f 316/10957 2064/10958 2057/10959
f 376/10972 2244/10973 2237/10974
f 243/10990 1847/10991 1845/10992
f 281/11014 1960/11015 1953/11016
f 315/11017 2063/11018 2061/11019
f 321/11020 2081/11021 2079/11022
f 303/11029 2027/11030 2025/11031
f 278/11074 1951/11075 1949/11076
f 313/11077 2055/11078 2053/11079
f 319/11080 2073/11081 2071/11082
f 301/11089 2019/11090 2017/11091
f 236/11110 1826/11111 1824/11112
f 277/11137 1948/11138 1946/11139
f 314/11140 2060/11141 2058/11142
f 284/11149 1970/11150 1968/11151
f 289/11152 1984/11153 1982/11154
f 386/11170 2275/11171 2273/11172
f 295/11182 2002/11183 2000/11184
f 283/11194 1965/11195 1963/11196
f 290/11197 1987/11198 1985/11199
f 296/11212 2005/11213 2003/11214
f 240/11230 1836/11231 1830/11232
f 310/11254 2047/11255 2043/11256
f 280/11257 1958/11258 1956/11259
f 318/11260 2070/11261 2066/11262
f 324/11263 2088/11264 2082/11265
f 288/11269 1980/11270 1974/11271
f 292/11272 1994/11273 1992/11274
f 563/11305 2485/11306 2487/11307
f 450/11314 2368/11315 2372/11316
f 456/11317 2371/11318 2373/11319
f 459/11320 2378/11321 2379/11322
f 462/11323 2381/11324 2382/11325
f 446/11329 2360/11330 2361/11331
f 511/11350 2430/11351 2433/11352
f 436/11377 2355/11378 2358/11379
f 466/11389 2385/11390 2388/11391
f 442/11392 2362/11393 2364/11394
f 564/11410 2474/11411 2477/11412
f 445/11422 2365/11423 2367/11424
f 438/11434 2354/11435 2357/11436
f 495/11437 2413/11438 2417/11439
f 559/11452 2479/11453 2483/11454
f 592/11470 2513/11471 2512/11472
f 611/11494 2529/11495 2528/11496
f 609/11497 2530/11498 2531/11499
f 625/11500 2546/11501 2545/11502
f 628/11503 2549/11504 2548/11505
f 613/11509 2534/11510 2533/11511
f 616/11512 2536/11513 2537/11514
f 1761/11545 695/11546 696/11547
f 1652/11551 659/11552 662/11553
f 1648/11554 658/11555 659/11556
f 1649/11557 660/11558 658/11559
f 1655/11560 661/11561 660/11562
f 1658/11563 662/11564 661/11565
f 1637/11569 657/11570 654/11571
f 1758/11602 697/11603 694/11604
f 1634/11617 653/11618 655/11619
f 1640/11632 655/11633 656/11634
f 1708/11647 679/11648 678/11649
f 1753/11650 696/11651 693/11652
f 1643/11662 656/11663 657/11664
f 1633/11674 654/11675 653/11676
f 1757/11692 694/11693 695/11694
f 2277/11710 867/11711 868/11712
f 2010/11722 780/11723 778/11724
f 1971/11734 767/11735 765/11736
f 1989/11737 771/11738 773/11739
f 2151/11749 825/11750 826/11751
f 2007/11752 777/11753 779/11754
f 1820/11770 715/11771 718/11772
f 2035/11794 787/11795 789/11796
f 1950/11797 758/11798 762/11799
f 2054/11800 793/11801 797/11802
f 2072/11803 799/11804 802/11805
f 1964/11809 763/11810 766/11811
f 1986/11812 770/11813 774/11814
f 2148/11839 824/11840 828/11841
f 2004/11842 776/11843 780/11844
f 1967/11854 764/11855 767/11856
f 1981/11857 769/11858 771/11859
f 2143/11869 823/11870 825/11871
f 1999/11872 775/11873 777/11874
f 1823/11887 716/11888 719/11889
f 1841/11890 722/11891 725/11892
f 1945/11914 757/11915 759/11916
f 2057/11917 794/11918 796/11919
f 1953/11974 759/11975 761/11976
f 2061/11977 796/11978 795/11979
f 2079/11980 803/11981 801/11982
f 1949/12034 761/12035 758/12036
f 2053/12037 795/12038 793/12039
f 2071/12040 801/12041 799/12042
f 2017/12049 783/12050 781/12051
f 1824/12070 720/12071 716/12072
f 1946/12097 760/12098 757/12099
f 2058/12100 798/12101 794/12102
f 1968/12109 768/12110 764/12111
f 1982/12112 772/12113 769/12114
f 2273/12130 868/12131 866/12132
f 2000/12142 778/12143 775/12144
f 1963/12154 765/12155 763/12156
f 1985/12157 773/12158 770/12159
f 2147/12169 826/12170 824/12171
f 2003/12172 779/12173 776/12174
f 1830/12190 718/12191 720/12192
f 2043/12214 789/12215 790/12216
f 1956/12217 762/12218 760/12219
f 2066/12220 797/12221 798/12222
f 2082/12223 802/12224 804/12225
f 1974/12229 766/12230 768/12231
f 1992/12232 774/12233 772/12234
f 2372/12274 1402/12275 1401/12276
f 2373/12277 1407/12278 1408/12279
f 2379/12280 1491/12281 1492/12282
f 2382/12283 1503/12284 1504/12285
f 2361/12289 1413/12290 1414/12291
f 2433/12310 1300/12311 1299/12312
f 2387/12334 1419/12335 1420/12336
f 2358/12337 1396/12338 1395/12339
f 2454/12343 1516/12344 1515/12345
f 2388/12349 1426/12350 1425/12351
f 2364/12352 1432/12353 1431/12354
f 2477/12370 1311/12371 1312/12372
f 2367/12382 1450/12383 1449/12384
f 2357/12394 1389/12395 1390/12396
f 2417/12397 1438/12398 1437/12399
f 2469/12403 1527/12404 1528/12405
f 2483/12412 1456/12413 1455/12414
f 2512/12430 1290/12431 1289/12432
f 2528/12454 1403/12455 1404/12456
f 2531/12457 1410/12458 1409/12459
f 2545/12460 1494/12461 1493/12462
f 2548/12463 1506/12464 1505/12465
f 2533/12469 1416/12470 1415/12471
f 2537/12472 1446/12473 1445/12474
f 1765/12505 1201/12506 1204/12507
f 1661/12511 997/12512 999/12513
f 1653/12514 979/12515 981/12516
f 1651/12517 973/12518 976/12519
f 1657/12520 985/12521 988/12522
f 1660/12523 991/12524 994/12525
f 1639/12529 949/12530 952/12531
f 1760/12562 1189/12563 1192/12564
f 1641/12577 955/12578 957/12579
f 1644/12592 961/12593 963/12594
f 1710/12607 1093/12608 1095/12609
f 1755/12610 1183/12611 1185/12612
f 1647/12622 967/12623 970/12624
f 1635/12634 943/12635 945/12636
f 1698/12637 1069/12638 1071/12639
f 1762/12652 1195/12653 1197/12654
f 2281/12670 1310/12671 1314/12672
f 2012/12682 1447/12683 1451/12684
f 1973/12694 1388/12695 1392/12696
f 1996/12697 1435/12698 1439/12699
f 2304/12703 1526/12704 1530/12705
f 2155/12709 1466/12710 1470/12711
f 2014/12712 1453/12713 1457/12714
f 1831/12730 1285/12731 1287/12732
f 2044/12754 1400/12755 1402/12756
f 1961/12757 1405/12758 1407/12759
f 2067/12760 1489/12761 1491/12762
f 2083/12763 1501/12764 1503/12765
f 1975/12769 1411/12770 1413/12771
f 2278/12790 1298/12791 1300/12792
f 1977/12814 1417/12815 1419/12816
f 1990/12817 1394/12818 1396/12819
f 2301/12823 1514/12824 1516/12825
f 2152/12829 1424/12830 1426/12831
f 2008/12832 1430/12833 1432/12834
f 1851/12850 1309/12851 1311/12852
f 2029/12862 1448/12863 1450/12864
f 1954/12874 1387/12875 1389/12876
f 2064/12877 1436/12878 1438/12879
f 2105/12883 1525/12884 1527/12885
f 2244/12892 1454/12893 1456/12894
f 1847/12910 1286/12911 1290/12912
f 1960/12934 1399/12935 1403/12936
f 2063/12937 1406/12938 1410/12939
f 2081/12940 1490/12941 1494/12942
f 2102/12943 1502/12944 1506/12945
f 2027/12949 1412/12950 1416/12951
f 2240/12985 1196/12986 1200/12987
f 1951/12994 974/12995 977/12996
f 2055/12997 986/12998 989/12999
f 2073/13000 992/13001 995/13002
f 2019/13009 968/13010 971/13011
f 1826/13030 1094/13031 1098/13032
f 1948/13057 944/13058 948/13059
f 2060/13060 1070/13061 1074/13062
f 1970/13069 1004/13070 1008/13071
f 1984/13072 956/13073 960/13074
f 2275/13090 1202/13091 1205/13092
f 2002/13102 962/13103 966/13104
f 1965/13114 950/13115 953/13116
f 1987/13117 1064/13118 1067/13119
f 2005/13132 1190/13133 1193/13134
f 1836/13150 1297/13151 1301/13152
f 2047/13174 1418/13175 1422/13176
f 1958/13177 1393/13178 1397/13179
f 2070/13180 1495/13181 1499/13182
f 2088/13183 1513/13184 1517/13185
f 1980/13189 1423/13190 1427/13191
f 1994/13192 1429/13193 1433/13194
f 2485/13225 1200/13226 1198/13227
f 2368/13234 977/13235 975/13236
f 2371/13237 989/13238 987/13239
f 2378/13240 995/13241 993/13242
f 2381/13243 1002/13244 1000/13245
f 2360/13249 971/13250 969/13251
f 2430/13270 1098/13271 1096/13272
f 2355/13297 948/13298 946/13299
f 2385/13309 1008/13310 1006/13311
f 2362/13312 960/13313 958/13314
f 2474/13330 1205/13331 1203/13332
f 2365/13342 966/13343 964/13344
f 2354/13354 953/13355 951/13356
f 2413/13357 1067/13358 1065/13359
f 2479/13372 1193/13373 1191/13374
f 2513/13390 1301/13391 1302/13392
f 2529/13414 1422/13415 1421/13416
f 2530/13417 1397/13418 1398/13419
f 2549/13423 1517/13424 1518/13425
f 2534/13429 1427/13430 1428/13431
f 2536/13432 1433/13433 1434/13434
f 1763/13465 1198/13466 1195/13467
f 1654/13471 982/13472 979/13473
f 1650/13474 975/13475 973/13476
f 1656/13477 987/13478 985/13479
f 1659/13480 993/13481 991/13482
f 1662/13483 1000/13484 997/13485
f 1646/13489 969/13490 967/13491
f 1711/13510 1096/13511 1093/13512
f 1636/13537 946/13538 943/13539
f 1642/13552 958/13553 955/13554
f 1764/13570 1203/13571 1201/13572
f 1645/13582 964/13583 961/13584
f 1638/13594 951/13595 949/13596
f 1695/13597 1065/13598 1063/13599
f 1759/13612 1191/13613 1189/13614
f 2279/13630 1302/13631 1298/13632
f 1978/13654 1421/13655 1417/13656
f 1991/13657 1398/13658 1394/13659
f 2302/13663 1518/13664 1514/13665
f 2153/13669 1428/13670 1424/13671
f 2009/13672 1434/13673 1430/13674
f 2276/13705 1206/13706 1202/13707
f 2037/13714 983/13715 980/13716
f 1952/13717 978/13718 974/13719
f 2056/13720 990/13721 986/13722
f 2074/13723 996/13724 992/13725
f 1966/13729 954/13730 950/13731
f 1988/13732 1068/13733 1064/13734
f 2006/13762 1194/13763 1190/13764
f 1969/13774 1007/13775 1004/13776
f 1983/13777 959/13778 956/13779
f 2001/13792 965/13793 962/13794
f 1825/13807 1097/13808 1094/13809
f 1843/13810 1187/13811 1184/13812
f 2020/13822 972/13823 968/13824
f 1947/13834 947/13835 944/13836
f 2059/13837 1073/13838 1070/13839
f 2239/13852 1199/13853 1196/13854
f 1852/13870 1313/13871 1309/13872
f 1955/13894 1391/13895 1387/13896
f 2065/13897 1440/13898 1436/13899
f 2086/13900 1511/13901 1507/13902
f 2106/13903 1529/13904 1525/13905
f 2245/13912 1458/13913 1454/13914
f 1959/13954 1401/13955 1399/13956
f 2062/13957 1408/13958 1406/13959
f 2080/13960 1492/13961 1490/13962
f 2101/13963 1504/13964 1502/13965
f 2026/13969 1414/13970 1412/13971
f 1835/13990 1299/13991 1297/13992
f 2046/14014 1420/14015 1418/14016
f 1957/14017 1395/14018 1393/14019
f 2069/14020 1497/14021 1495/14022
f 2087/14023 1515/14024 1513/14025
f 1979/14029 1425/14030 1423/14031
f 1993/14032 1431/14033 1429/14034
f 2280/14050 1312/14051 1310/14052
f 2011/14062 1449/14063 1447/14064
f 1972/14074 1390/14075 1388/14076
f 1995/14077 1437/14078 1435/14079
f 2303/14083 1528/14084 1526/14085
f 2013/14092 1455/14093 1453/14094
f 1832/14110 1289/14111 1285/14112
f 2045/14134 1404/14135 1400/14136
f 1962/14137 1409/14138 1405/14139
f 2068/14140 1493/14141 1489/14142
f 2084/14143 1505/14144 1501/14145
f 1976/14149 1415/14150 1411/14151
f 1998/14152 1445/14153 1441/14154
f 2486/14185 1204/14186 1206/14187
f 2369/14194 981/14195 983/14196
f 2370/14197 976/14198 978/14199
f 2377/14200 988/14201 990/14202
f 2380/14203 994/14204 996/14205
f 2359/14209 952/14210 954/14211
f 2415/14212 1066/14213 1068/14214
f 2431/14230 1119/14231 1121/14232
f 2481/14242 1192/14243 1194/14244
f 2356/14257 957/14258 959/14259
f 2363/14272 963/14273 965/14274
f 2428/14287 1095/14288 1097/14289
f 2473/14290 1185/14291 1187/14292
f 2366/14302 970/14303 972/14304
f 2353/14314 945/14315 947/14316
f 2414/14317 1071/14318 1073/14319
f 2480/14332 1197/14333 1199/14334
f 2514/14350 1314/14351 1313/14352
f 2527/14374 1392/14375 1391/14376
f 2532/14377 1439/14378 1440/14379
f 2550/14383 1530/14384 1529/14385
f 2535/14389 1470/14390 1469/14391
f 2538/14392 1457/14393 1458/14394
f 1761/14425 1765/14426 1763/14427
f 1652/14431 1661/14432 1654/14433
f 1648/14434 1653/14435 1650/14436
f 1649/14437 1651/14438 1656/14439
f 1655/14440 1657/14441 1659/14442
f 1658/14443 1660/14444 1662/14445
f 1637/14449 1639/14450 1646/14451
f 1709/14470 1721/14471 1711/14472
f 1634/14497 1641/14498 1636/14499
f 1640/14512 1644/14513 1642/14514
f 1708/14527 1710/14528 1713/14529
f 1753/14530 1755/14531 1764/14532
f 1643/14542 1647/14543 1645/14544
f 1633/14554 1635/14555 1638/14556
f 1757/14572 1762/14573 1759/14574
f 2277/14590 2281/14591 2279/14592
f 2010/14602 2012/14603 2016/14604
f 1971/14614 1973/14615 1978/14616
f 1989/14617 1996/14618 1991/14619
f 2300/14623 2304/14624 2302/14625
f 2151/14629 2155/14630 2153/14631
f 2007/14632 2014/14633 2009/14634
f 1820/14650 1831/14651 1822/14652
f 2274/14665 2285/14666 2276/14667
f 2035/14674 2044/14675 2037/14676
f 1950/14677 1961/14678 1952/14679
f 2054/14680 2067/14681 2056/14682
f 2072/14683 2083/14684 2074/14685
f 1964/14689 1975/14690 1966/14691
f 1986/14692 1997/14693 1988/14694
f 2269/14710 2278/14711 2271/14712
f 2004/14722 2015/14723 2006/14724
f 1967/14734 1977/14735 1969/14736
f 1981/14737 1990/14738 1983/14739
f 2143/14749 2152/14750 2145/14751
f 1999/14752 2008/14753 2001/14754
f 1841/14770 1851/14771 1843/14772
f 2018/14782 2029/14783 2020/14784
f 1945/14794 1954/14795 1947/14796
f 2057/14797 2064/14798 2059/14799
f 2237/14812 2244/14813 2239/14814
f 1845/14830 1847/14831 1852/14832
f 1953/14854 1960/14855 1955/14856
f 2061/14857 2063/14858 2065/14859
f 2079/14860 2081/14861 2086/14862
f 2025/14869 2027/14870 2032/14871
f 1949/14914 1951/14915 1959/14916
f 2053/14917 2055/14918 2062/14919
f 2071/14920 2073/14921 2080/14922
f 2017/14929 2019/14930 2026/14931
f 1824/14950 1826/14951 1835/14952
f 1946/14977 1948/14978 1957/14979
f 2058/14980 2060/14981 2069/14982
f 1968/14989 1970/14990 1979/14991
f 1982/14992 1984/14993 1993/14994
f 2273/15010 2275/15011 2280/15012
f 2000/15022 2002/15023 2011/15024
f 1963/15034 1965/15035 1972/15036
f 1985/15037 1987/15038 1995/15039
f 2003/15052 2005/15053 2013/15054
f 1830/15070 1836/15071 1832/15072
f 2043/15094 2047/15095 2045/15096
f 1956/15097 1958/15098 1962/15099
f 2066/15100 2070/15101 2068/15102
f 2082/15103 2088/15104 2084/15105
f 1974/15109 1980/15110 1976/15111
f 1992/15112 1994/15113 1998/15114
f 2487/15145 2485/15146 2486/15147
f 2372/15154 2368/15155 2369/15156
f 2373/15157 2371/15158 2370/15159
f 2379/15160 2378/15161 2377/15162
f 2382/15163 2381/15164 2380/15165
f 2361/15169 2360/15170 2359/15171
f 2433/15190 2430/15191 2431/15192
f 2358/15217 2355/15218 2356/15219
f 2388/15229 2385/15230 2386/15231
f 2364/15232 2362/15233 2363/15234
f 2477/15250 2474/15251 2473/15252
f 2367/15262 2365/15263 2366/15264
f 2357/15274 2354/15275 2353/15276
f 2417/15277 2413/15278 2414/15279
f 2483/15292 2479/15293 2480/15294
f 2512/15310 2513/15311 2514/15312
f 2528/15334 2529/15335 2527/15336
f 2531/15337 2530/15338 2532/15339
f 2545/15340 2546/15341 2547/15342
f 2548/15343 2549/15344 2550/15345
f 2533/15349 2534/15350 2535/15351
f 2537/15352 2536/15353 2538/15354
g chart_54
f 2/16 649/17 652/18
f 8/28 679/29 681/30
f 7/52 673/53 677/54
f 9/55 685/56 686/57
f 2/67 650/68 648/69
f 8/70 682/71 678/72
f 8/85 680/86 682/87
f 2/88 651/89 650/90
f 7/100 676/101 674/102
f 9/103 687/104 684/105
f 7/115 675/116 676/117
f 9/118 683/119 687/120
f 2/124 648/125 649/126
f 8/127 678/128 679/129
f 7/145 677/146 675/147
f 9/148 686/149 683/150
f 7/157 674/158 673/159
f 9/160 684/161 685/162
f 8/175 681/176 680/177
f 2/178 652/179 651/180
f 19/187 742/188 741/189
f 36/205 844/206 846/207
f 20/208 749/209 747/210
f 37/220 850/221 849/222
f 41/223 876/224 875/225
f 36/235 845/236 843/237
f 20/238 748/239 750/240
f 40/265 870/266 866/267
f 19/268 744/269 740/270
f 37/295 852/296 848/297
f 41/298 874/299 872/300
f 19/307 741/308 739/309
f 40/310 867/311 865/312
f 36/325 846/326 842/327
f 20/328 747/329 745/330
f 37/340 849/341 847/342
f 41/343 875/344 871/345
f 36/355 843/356 841/357
f 20/358 750/359 746/360
f 21/376 755/377 752/378
f 38/385 857/386 853/387
f 39/388 862/389 860/390
f 29/400 803/401 800/402
f 38/412 856/413 854/414
f 39/415 863/416 859/417
f 21/418 754/419 751/420
f 15/427 717/428 719/429
f 21/436 753/437 755/438
f 38/445 858/446 857/447
f 39/448 861/449 862/450
f 29/460 801/461 803/462
f 38/472 855/473 856/474
f 39/475 864/476 863/477
f 21/478 756/479 754/480
f 21/496 751/497 753/498
f 38/505 854/506 858/507
f 39/508 859/509 861/510
f 38/532 853/533 855/534
f 39/535 860/536 864/537
f 21/538 752/539 756/540
f 40/565 865/566 869/567
f 19/568 739/569 743/570
f 29/583 800/584 804/585
f 37/595 847/596 851/597
f 41/598 871/599 873/600
f 19/607 740/608 742/609
f 36/625 841/626 844/627
f 20/628 746/629 749/630
f 37/640 848/641 850/642
f 41/643 872/644 876/645
f 36/655 842/656 845/657
f 20/658 745/659 748/660
f 40/685 869/686 870/687
f 19/688 743/689 744/690
f 37/715 851/716 852/717
f 41/718 873/719 874/720
f 104/727 1252/728 1251/729
f 162/745 1599/746 1600/747
f 121/748 1354/749 1353/750
f 136/772 1444/773 1443/774
f 161/775 1594/776 1593/777
f 126/778 1383/779 1384/780
f 106/787 1263/788 1264/789
f 160/805 1588/806 1587/807
f 120/808 1347/809 1348/810
f 145/820 1497/821 1498/822
f 157/835 1570/836 1569/837
f 124/838 1372/839 1371/840
f 158/865 1575/866 1576/867
f 123/868 1365/869 1366/870
f 147/880 1510/881 1509/882
f 159/895 1581/896 1582/897
f 122/898 1359/899 1360/900
f 104/907 1253/908 1254/909
f 162/925 1602/926 1601/927
f 121/928 1355/929 1356/930
f 136/952 1445/953 1446/954
f 161/955 1595/956 1596/957
f 126/958 1386/959 1385/960
f 79/988 1102/989 1099/990
f 85/1015 1138/1016 1135/1017
f 92/1018 1179/1019 1177/1020
f 50/1027 927/1028 925/1029
f 82/1030 1119/1031 1117/1032
f 80/1045 1108/1046 1105/1047
f 51/1048 933/1049 931/1050
f 76/1060 1083/1061 1081/1062
f 87/1063 1150/1064 1147/1065
f 75/1075 1077/1076 1075/1077
f 83/1078 1126/1079 1123/1080
f 77/1105 1090/1106 1087/1107
f 86/1108 1143/1109 1141/1110
f 84/1120 1131/1121 1129/1122
f 81/1135 1114/1136 1111/1137
f 52/1138 940/1139 937/1140
f 111/1147 1296/1148 1292/1149
f 158/1165 1577/1166 1573/1167
f 123/1168 1367/1169 1363/1170
f 147/1180 1512/1181 1508/1182
f 159/1195 1583/1196 1579/1197
f 122/1198 1361/1199 1357/1200
f 104/1207 1251/1208 1249/1209
f 162/1225 1600/1226 1598/1227
f 121/1228 1353/1229 1351/1230
f 136/1252 1443/1253 1441/1254
f 161/1255 1593/1256 1591/1257
f 126/1258 1384/1259 1382/1260
f 106/1267 1264/1268 1262/1269
f 160/1285 1587/1286 1585/1287
f 120/1288 1348/1289 1346/1290
f 145/1300 1498/1301 1496/1302
f 157/1315 1569/1316 1567/1317
f 124/1318 1371/1319 1369/1320
f 111/1327 1293/1328 1291/1329
f 158/1345 1576/1346 1574/1347
f 123/1348 1366/1349 1364/1350
f 147/1360 1509/1361 1507/1362
f 159/1375 1582/1376 1580/1377
f 122/1378 1360/1379 1358/1380
f 104/1387 1254/1388 1250/1389
f 162/1405 1601/1406 1597/1407
f 121/1408 1356/1409 1352/1410
f 136/1432 1446/1433 1442/1434
f 161/1435 1596/1436 1592/1437
f 126/1438 1385/1439 1381/1440
f 52/1456 941/1457 938/1458
f 81/1468 1115/1469 1112/1470
f 77/1492 1091/1493 1088/1494
f 86/1495 1146/1496 1142/1497
f 88/1498 1158/1499 1154/1500
f 48/1507 918/1508 914/1509
f 82/1525 1122/1526 1118/1527
f 50/1528 930/1529 926/1530
f 84/1543 1134/1544 1130/1545
f 76/1555 1086/1556 1082/1557
f 87/1558 1151/1559 1148/1560
f 79/1567 1103/1568 1100/1569
f 75/1585 1080/1586 1076/1587
f 83/1588 1127/1589 1124/1590
f 85/1600 1139/1601 1136/1602
f 92/1603 1182/1604 1178/1605
f 80/1615 1109/1616 1106/1617
f 51/1618 936/1619 932/1620
f 106/1627 1265/1628 1261/1629
f 160/1645 1590/1646 1586/1647
f 120/1648 1349/1649 1345/1650
f 157/1675 1572/1676 1568/1677
f 124/1678 1374/1679 1370/1680
f 52/1696 939/1697 941/1698
f 81/1708 1113/1709 1115/1710
f 77/1732 1089/1733 1091/1734
f 86/1735 1144/1736 1146/1737
f 88/1738 1156/1739 1158/1740
f 48/1747 916/1748 918/1749
f 82/1765 1120/1766 1122/1767
f 50/1768 928/1769 930/1770
f 84/1783 1132/1784 1134/1785
f 76/1795 1084/1796 1086/1797
f 87/1798 1149/1799 1151/1800
f 79/1807 1101/1808 1103/1809
f 75/1825 1078/1826 1080/1827
f 83/1828 1125/1829 1127/1830
f 85/1840 1137/1841 1139/1842
f 92/1843 1180/1844 1182/1845
f 80/1855 1107/1856 1109/1857
f 51/1858 934/1859 936/1860
f 106/1867 1266/1868 1265/1869
f 160/1885 1589/1886 1590/1887
f 120/1888 1350/1889 1349/1890
f 145/1900 1500/1901 1499/1902
f 157/1915 1571/1916 1572/1917
f 124/1918 1373/1919 1374/1920
f 52/1936 937/1937 939/1938
f 81/1948 1111/1949 1113/1950
f 77/1972 1087/1973 1089/1974
f 86/1975 1141/1976 1144/1977
f 48/1987 913/1988 916/1989
f 82/2005 1117/2006 1120/2007
f 50/2008 925/2009 928/2010
f 84/2023 1129/2024 1132/2025
f 76/2035 1081/2036 1084/2037
f 87/2038 1147/2039 1149/2040
f 79/2047 1099/2048 1101/2049
f 75/2065 1075/2066 1078/2067
f 83/2068 1123/2069 1125/2070
f 85/2080 1135/2081 1137/2082
f 92/2083 1177/2084 1180/2085
f 80/2095 1105/2096 1107/2097
f 51/2098 931/2099 934/2100
f 106/2107 1262/2108 1266/2109
f 160/2125 1585/2126 1589/2127
f 120/2128 1346/2129 1350/2130
f 145/2140 1496/2141 1500/2142
f 157/2155 1567/2156 1571/2157
f 124/2158 1369/2159 1373/2160
f 79/2188 1100/2189 1104/2190
f 85/2215 1136/2216 1140/2217
f 92/2218 1178/2219 1181/2220
f 50/2227 926/2228 929/2229
f 82/2230 1118/2231 1121/2232
f 80/2245 1106/2246 1110/2247
f 51/2248 932/2249 935/2250
f 76/2260 1082/2261 1085/2262
f 87/2263 1148/2264 1152/2265
f 75/2275 1076/2276 1079/2277
f 83/2278 1124/2279 1128/2280
f 77/2305 1088/2306 1092/2307
f 86/2308 1142/2309 1145/2310
f 84/2320 1130/2321 1133/2322
f 81/2335 1112/2336 1116/2337
f 52/2338 938/2339 942/2340
f 111/2347 1291/2348 1295/2349
f 158/2365 1574/2366 1578/2367
f 123/2368 1364/2369 1368/2370
f 147/2380 1507/2381 1511/2382
f 159/2395 1580/2396 1584/2397
f 122/2398 1358/2399 1362/2400
f 104/2407 1250/2408 1252/2409
f 162/2425 1597/2426 1599/2427
f 121/2428 1352/2429 1354/2430
f 136/2452 1442/2453 1444/2454
f 161/2455 1592/2456 1594/2457
f 126/2458 1381/2459 1383/2460
f 106/2467 1261/2468 1263/2469
f 160/2485 1586/2486 1588/2487
f 120/2488 1345/2489 1347/2490
f 145/2500 1495/2501 1497/2502
f 157/2515 1568/2516 1570/2517
f 124/2518 1370/2519 1372/2520
f 111/2527 1292/2528 1294/2529
f 158/2545 1573/2546 1575/2547
f 123/2548 1363/2549 1365/2550
f 147/2560 1508/2561 1510/2562
f 159/2575 1579/2576 1581/2577
f 122/2578 1357/2579 1359/2580
f 104/2587 1249/2588 1253/2589
f 162/2605 1598/2606 1602/2607
f 121/2608 1351/2609 1355/2610
f 136/2632 1441/2633 1445/2634
f 161/2635 1591/2636 1595/2637
f 126/2638 1382/2639 1386/2640
f 79/2668 1104/2669 1102/2670
f 85/2695 1140/2696 1138/2697
f 92/2698 1181/2699 1179/2700
f 50/2707 929/2708 927/2709
f 82/2710 1121/2711 1119/2712
f 80/2725 1110/2726 1108/2727
f 51/2728 935/2729 933/2730
f 76/2740 1085/2741 1083/2742
f 87/2743 1152/2744 1150/2745
f 75/2755 1079/2756 1077/2757
f 83/2758 1128/2759 1126/2760
f 77/2785 1092/2786 1090/2787
f 86/2788 1145/2789 1143/2790
f 84/2800 1133/2801 1131/2802
f 81/2815 1116/2816 1114/2817
f 52/2818 942/2819 940/2820
f 111/2827 1295/2828 1296/2829
f 158/2845 1578/2846 1577/2847
f 123/2848 1368/2849 1367/2850
f 147/2860 1511/2861 1512/2862
f 159/2875 1584/2876 1583/2877
f 122/2878 1362/2879 1361/2880
f 422/2896 1631/2897 1624/2898
f 512/2908 1719/2909 1714/2910
f 494/2932 1706/2933 1696/2934
f 531/2935 1735/2936 1733/2937
f 539/2938 1741/2939 1751/2940
f 419/2947 1621/2948 1626/2949
f 516/2965 1722/2966 1718/2967
f 425/2968 1627/2969 1629/2970
f 497/2980 1699/2981 1704/2982
f 528/2983 1730/2984 1737/2985
f 500/2995 1705/2996 1702/2997
f 524/2998 1736/2999 1726/3000
f 501/3025 1703/3026 1707/3027
f 523/3028 1725/3029 1734/3030
f 527/3040 1732/3041 1729/3042
f 543/3043 1752/3044 1745/3045
f 515/3055 1717/3056 1720/3057
f 428/3058 1630/3059 1632/3060
f 588/3067 1901/3068 1903/3069
f 639/3085 2214/3086 2210/3087
f 602/3088 1919/3089 1924/3090
f 627/3100 2225/3101 2227/3102
f 637/3115 2207/3116 2212/3117
f 604/3118 1926/3119 1922/3120
f 514/3148 1898/3149 1907/3150
f 533/3175 2222/3176 2231/3177
f 551/3178 2293/3179 2298/3180
f 426/3187 1893/3188 1900/3189
f 518/3205 2204/3206 2213/3207
f 429/3208 1911/3209 1918/3210
f 504/3220 2217/3221 2224/3222
f 502/3235 2199/3236 2206/3237
f 526/3238 1916/3239 1925/3240
f 507/3265 2236/3266 2247/3267
f 534/3268 2257/3269 2262/3270
f 529/3280 2077/3281 2085/3282
f 520/3295 2254/3296 2265/3297
f 432/3298 1930/3299 1939/3300
f 586/3307 1834/3308 1829/3309
f 640/3325 2248/3326 2250/3327
f 603/3328 2263/3329 2261/3330
f 618/3352 2245/3353 2243/3354
f 641/3355 2266/3356 2268/3357
f 605/3358 1940/3359 1944/3360
f 411/3367 1828/3368 1821/3369
f 431/3376 1936/3377 1929/3378
f 563/3385 2249/3386 2240/3387
f 519/3388 2260/3389 2253/3390
f 506/3412 2242/3413 2235/3414
f 535/3415 2267/3416 2258/3417
f 541/3418 1943/3419 1934/3420
f 421/3427 1799/3428 1790/3429
f 522/3445 2283/3446 2272/3447
f 427/3448 1905/3449 1894/3450
f 530/3463 2087/3464 2078/3465
f 505/3475 2229/3476 2218/3477
f 536/3478 2296/3479 2289/3480
f 513/3487 1902/3488 1897/3489
f 503/3505 2209/3506 2200/3507
f 525/3508 1923/3509 1915/3510
f 532/3520 2226/3521 2221/3522
f 552/3523 2303/3524 2294/3525
f 517/3535 2211/3536 2203/3537
f 430/3538 1921/3539 1912/3540
f 585/3547 1796/3548 1800/3549
f 642/3565 2286/3566 2284/3567
f 601/3568 1908/3569 1906/3570
f 638/3595 2232/3596 2230/3597
f 606/3598 2299/3599 2297/3600
f 422/3616 2344/3617 2345/3618
f 512/3628 2434/3629 2435/3630
f 531/3655 2455/3656 2456/3657
f 539/3658 2461/3659 2460/3660
f 419/3667 2341/3668 2340/3669
f 516/3685 2439/3686 2440/3687
f 425/3688 2348/3689 2347/3690
f 528/3703 2452/3704 2451/3705
f 500/3715 2422/3716 2423/3717
f 524/3718 2445/3719 2446/3720
f 501/3745 2425/3746 2424/3747
f 523/3748 2444/3749 2443/3750
f 527/3760 2449/3761 2450/3762
f 543/3763 2466/3764 2467/3765
f 515/3775 2438/3776 2437/3777
f 428/3778 2351/3779 2350/3780
f 588/3787 2508/3788 2507/3789
f 639/3805 2560/3806 2561/3807
f 602/3808 2523/3809 2521/3810
f 627/3820 2547/3821 2546/3822
f 637/3835 2558/3836 2557/3837
f 604/3838 2524/3839 2525/3840
f 199/3868 1712/3869 679/3870
f 193/3892 1694/3893 673/3894
f 205/3895 1731/3896 685/3897
f 170/3907 1619/3908 650/3909
f 202/3910 1709/3911 682/3912
f 200/3925 1716/3926 680/3927
f 171/3928 1625/3929 651/3930
f 196/3940 1697/3941 676/3942
f 207/3943 1728/3944 687/3945
f 195/3955 1700/3956 675/3957
f 203/3958 1724/3959 683/3960
f 197/3985 1701/3986 677/3987
f 206/3988 1723/3989 686/3990
f 194/3997 1693/3998 674/3999
f 204/4000 1727/4001 684/4002
f 201/4015 1715/4016 681/4017
f 172/4018 1628/4019 652/4020
f 262/4027 1899/4028 742/4029
f 364/4045 2208/4046 844/4047
f 269/4048 1917/4049 749/4050
f 370/4060 2223/4061 850/4062
f 396/4063 2300/4064 876/4065
f 365/4075 2205/4076 845/4077
f 268/4078 1920/4079 748/4080
f 390/4105 2274/4106 870/4107
f 264/4108 1896/4109 744/4110
f 372/4135 2220/4136 852/4137
f 394/4138 2291/4139 874/4140
f 261/4147 1891/4148 741/4149
f 387/4150 2269/4151 867/4152
f 366/4165 2202/4166 846/4167
f 267/4168 1909/4169 747/4170
f 369/4180 2215/4181 849/4182
f 395/4183 2288/4184 875/4185
f 363/4195 2197/4196 843/4197
f 270/4198 1914/4199 750/4200
f 239/4207 1823/4208 719/4209
f 275/4216 1931/4217 755/4218
f 377/4225 2234/4226 857/4227
f 382/4228 2255/4229 862/4230
f 323/4240 2075/4241 803/4242
f 376/4252 2237/4253 856/4254
f 383/4255 2252/4256 863/4257
f 274/4258 1928/4259 754/4260
f 237/4267 1827/4268 717/4269
f 378/4285 2246/4286 858/4287
f 381/4288 2259/4289 861/4290
f 375/4312 2241/4313 855/4314
f 384/4315 2264/4316 864/4317
f 276/4318 1938/4319 756/4320
f 235/4327 1819/4328 715/4329
f 271/4336 1927/4337 751/4338
f 374/4345 2238/4346 854/4347
f 379/4348 2251/4349 859/4350
f 373/4372 2233/4373 853/4374
f 380/4375 2256/4376 860/4377
f 272/4378 1932/4379 752/4380
f 385/4405 2270/4406 865/4407
f 259/4408 1892/4409 739/4410
f 320/4423 2076/4424 800/4425
f 367/4435 2216/4436 847/4437
f 391/4438 2287/4439 871/4440
f 260/4447 1895/4448 740/4449
f 361/4465 2198/4466 841/4467
f 266/4468 1913/4469 746/4470
f 368/4480 2219/4481 848/4482
f 392/4483 2292/4484 872/4485
f 362/4495 2201/4496 842/4497
f 265/4498 1910/4499 745/4500
f 228/4507 1794/4508 708/4509
f 389/4525 2282/4526 869/4527
f 263/4528 1904/4529 743/4530
f 371/4555 2228/4556 851/4557
f 393/4558 2295/4559 873/4560
f 411/4567 2328/4568 1252/4569
f 563/4585 2487/4586 1599/4587
f 519/4588 2436/4589 1354/4590
f 506/4612 2418/4613 1444/4614
f 535/4615 2457/4616 1594/4617
f 541/4618 2463/4619 1383/4620
f 421/4627 2343/4628 1263/4629
f 522/4645 2442/4646 1588/4647
f 427/4648 2349/4649 1347/4650
f 499/4660 2421/4661 1497/4662
f 505/4675 2426/4676 1570/4677
f 536/4678 2448/4679 1372/4680
f 503/4705 2427/4706 1575/4707
f 525/4708 2447/4709 1365/4710
f 532/4720 2453/4721 1510/4722
f 552/4723 2469/4724 1528/4725
f 517/4735 2441/4736 1581/4737
f 430/4738 2352/4739 1359/4740
f 585/4747 2506/4748 1253/4749
f 642/4765 2562/4766 1602/4767
f 601/4768 2522/4769 1355/4770
f 638/4795 2559/4796 1595/4797
f 606/4798 2526/4799 1386/4800
f 422/4816 1624/4817 922/4818
f 512/4828 1714/4829 1102/4830
f 531/4855 1733/4856 1138/4857
f 539/4858 1751/4859 1179/4860
f 419/4867 1626/4868 927/4869
f 516/4885 1718/4886 1108/4887
f 425/4888 1629/4889 933/4890
f 497/4900 1704/4901 1083/4902
f 528/4903 1737/4904 1150/4905
f 500/4915 1702/4916 1077/4917
f 524/4918 1726/4919 1126/4920
f 501/4945 1707/4946 1090/4947
f 523/4948 1734/4949 1143/4950
f 527/4960 1729/4961 1131/4962
f 543/4963 1745/4964 1162/4965
f 515/4975 1720/4976 1114/4977
f 428/4978 1632/4979 940/4980
f 588/4987 1903/4988 1296/4989
f 639/5005 2210/5006 1577/5007
f 602/5008 1924/5009 1367/5010
f 627/5020 2227/5021 1512/5022
f 637/5035 2212/5036 1583/5037
f 604/5038 1922/5039 1361/5040
f 565/5065 2285/5066 1600/5067
f 514/5068 1907/5069 1353/5070
f 533/5095 2231/5096 1593/5097
f 551/5098 2298/5099 1384/5100
f 426/5107 1900/5108 1264/5109
f 518/5125 2213/5126 1587/5127
f 429/5128 1918/5129 1348/5130
f 504/5140 2224/5141 1498/5142
f 502/5155 2206/5156 1569/5157
f 526/5158 1925/5159 1371/5160
f 507/5185 2247/5186 1576/5187
f 534/5188 2262/5189 1366/5190
f 529/5200 2085/5201 1509/5202
f 520/5215 2265/5216 1582/5217
f 432/5218 1939/5219 1360/5220
f 586/5227 1829/5228 1254/5229
f 640/5245 2250/5246 1601/5247
f 603/5248 2261/5249 1356/5250
f 618/5272 2243/5273 1446/5274
f 641/5275 2268/5276 1596/5277
f 605/5278 1944/5279 1385/5280
f 411/5287 1821/5288 899/5289
f 431/5296 1929/5297 941/5298
f 519/5308 2253/5309 1115/5310
f 506/5332 2235/5333 1091/5334
f 535/5335 2258/5336 1146/5337
f 541/5338 1934/5339 1158/5340
f 421/5347 1790/5348 918/5349
f 522/5365 2272/5366 1122/5367
f 427/5368 1894/5369 930/5370
f 530/5383 2078/5384 1134/5385
f 505/5395 2218/5396 1086/5397
f 536/5398 2289/5399 1151/5400
f 513/5407 1897/5408 1103/5409
f 503/5425 2200/5426 1080/5427
f 525/5428 1915/5429 1127/5430
f 532/5440 2221/5441 1139/5442
f 552/5443 2294/5444 1182/5445
f 517/5455 2203/5456 1109/5457
f 430/5458 1912/5459 936/5460
f 585/5467 1800/5468 1265/5469
f 642/5485 2284/5486 1590/5487
f 601/5488 1906/5489 1349/5490
f 638/5515 2230/5516 1572/5517
f 606/5518 2297/5519 1374/5520
f 422/5536 2345/5537 939/5538
f 512/5548 2435/5549 1113/5550
f 494/5572 2416/5573 1089/5574
f 531/5575 2456/5576 1144/5577
f 539/5578 2460/5579 1156/5580
f 419/5587 2340/5588 916/5589
f 516/5605 2440/5606 1120/5607
f 425/5608 2347/5609 928/5610
f 528/5623 2451/5624 1132/5625
f 500/5635 2423/5636 1084/5637
f 524/5638 2446/5639 1149/5640
f 501/5665 2424/5666 1078/5667
f 523/5668 2443/5669 1125/5670
f 527/5680 2450/5681 1137/5682
f 543/5683 2467/5684 1180/5685
f 515/5695 2437/5696 1107/5697
f 428/5698 2350/5699 934/5700
f 588/5707 2507/5708 1266/5709
f 639/5725 2561/5726 1589/5727
f 602/5728 2521/5729 1350/5730
f 627/5740 2546/5741 1500/5742
f 637/5755 2557/5756 1571/5757
f 604/5758 2525/5759 1373/5760
f 172/5776 1631/5777 937/5778
f 201/5788 1719/5789 1111/5790
f 197/5812 1706/5813 1087/5814
f 206/5815 1735/5816 1141/5817
f 168/5827 1621/5828 913/5829
f 202/5845 1722/5846 1117/5847
f 170/5848 1627/5849 925/5850
f 209/5851 1744/5852 1159/5853
f 204/5863 1730/5864 1129/5865
f 196/5875 1705/5876 1081/5877
f 207/5878 1736/5879 1147/5880
f 199/5887 1713/5888 1099/5889
f 195/5905 1703/5906 1075/5907
f 203/5908 1725/5909 1123/5910
f 205/5920 1732/5921 1135/5922
f 212/5923 1752/5924 1177/5925
f 200/5935 1717/5936 1105/5937
f 171/5938 1630/5939 931/5940
f 261/5947 1901/5948 1262/5949
f 366/5965 2214/5966 1585/5967
f 267/5968 1919/5969 1346/5970
f 369/5980 2225/5981 1496/5982
f 363/5995 2207/5996 1567/5997
f 270/5998 1926/5999 1369/6000
f 260/6028 1898/6029 1100/6030
f 368/6055 2222/6056 1136/6057
f 392/6058 2293/6059 1178/6060
f 259/6067 1893/6068 926/6069
f 385/6070 2271/6071 1118/6072
f 362/6085 2204/6086 1106/6087
f 265/6088 1911/6089 932/6090
f 367/6100 2217/6101 1082/6102
f 391/6103 2290/6104 1148/6105
f 361/6115 2199/6116 1076/6117
f 266/6118 1916/6119 1124/6120
f 373/6145 2236/6146 1088/6147
f 380/6148 2257/6149 1142/6150
f 320/6160 2077/6161 1130/6162
f 379/6175 2254/6176 1112/6177
f 271/6178 1930/6179 938/6180
f 239/6187 1834/6188 1291/6189
f 377/6205 2248/6206 1574/6207
f 382/6208 2263/6209 1364/6210
f 323/6220 2086/6221 1507/6222
f 383/6235 2266/6236 1580/6237
f 274/6238 1940/6239 1358/6240
f 237/6247 1828/6248 1250/6249
f 378/6265 2249/6266 1597/6267
f 381/6268 2260/6269 1352/6270
f 375/6292 2242/6293 1442/6294
f 384/6295 2267/6296 1592/6297
f 276/6298 1943/6299 1381/6300
f 228/6307 1799/6308 1261/6309
f 389/6325 2283/6326 1586/6327
f 263/6328 1905/6329 1345/6330
f 371/6355 2229/6356 1568/6357
f 393/6358 2296/6359 1370/6360
f 262/6367 1902/6368 1292/6369
f 364/6385 2209/6386 1573/6387
f 269/6388 1923/6389 1363/6390
f 370/6400 2226/6401 1508/6402
f 396/6403 2303/6404 1526/6405
f 365/6415 2211/6416 1579/6417
f 268/6418 1921/6419 1357/6420
f 226/6427 1796/6428 1249/6429
f 390/6445 2286/6446 1598/6447
f 264/6448 1908/6449 1351/6450
f 372/6475 2232/6476 1591/6477
f 394/6478 2299/6479 1382/6480
f 514/6508 2434/6509 1104/6510
f 533/6535 2455/6536 1140/6537
f 551/6538 2461/6539 1181/6540
f 426/6547 2341/6548 929/6549
f 518/6565 2439/6566 1110/6567
f 429/6568 2348/6569 935/6570
f 504/6580 2420/6581 1085/6582
f 537/6583 2452/6584 1152/6585
f 502/6595 2422/6596 1079/6597
f 526/6598 2445/6599 1128/6600
f 507/6625 2425/6626 1092/6627
f 534/6628 2444/6629 1145/6630
f 529/6640 2449/6641 1133/6642
f 545/6643 2466/6644 1164/6645
f 520/6655 2438/6656 1116/6657
f 432/6658 2351/6659 942/6660
f 586/6667 2508/6668 1295/6669
f 640/6685 2560/6686 1578/6687
f 603/6688 2523/6689 1368/6690
f 641/6715 2558/6716 1584/6717
f 605/6718 2524/6719 1362/6720
f 172/6736 1622/6737 1631/6738
f 201/6748 1712/6749 1719/6750
f 197/6772 1694/6773 1706/6774
f 206/6775 1731/6776 1735/6777
f 168/6787 1619/6788 1621/6789
f 202/6805 1716/6806 1722/6807
f 170/6808 1625/6809 1627/6810
f 194/6820 1697/6821 1699/6822
f 204/6823 1728/6824 1730/6825
f 196/6835 1700/6836 1705/6837
f 207/6838 1724/6839 1736/6840
f 195/6865 1701/6866 1703/6867
f 203/6868 1723/6869 1725/6870
f 205/6880 1727/6881 1732/6882
f 212/6883 1743/6884 1752/6885
f 200/6895 1715/6896 1717/6897
f 171/6898 1628/6899 1630/6900
f 261/6907 1899/6908 1901/6909
f 366/6925 2208/6926 2214/6927
f 267/6928 1917/6929 1919/6930
f 369/6940 2223/6941 2225/6942
f 395/6943 2300/6944 2302/6945
f 363/6955 2205/6956 2207/6957
f 270/6958 1920/6959 1926/6960
f 260/6988 1896/6989 1898/6990
f 368/7015 2220/7016 2222/7017
f 392/7018 2291/7019 2293/7020
f 259/7027 1891/7028 1893/7029
f 385/7030 2269/7031 2271/7032
f 362/7045 2202/7046 2204/7047
f 265/7048 1909/7049 1911/7050
f 367/7060 2215/7061 2217/7062
f 391/7063 2288/7064 2290/7065
f 361/7075 2197/7076 2199/7077
f 266/7078 1914/7079 1916/7080
f 272/7096 1931/7097 1933/7098
f 373/7105 2234/7106 2236/7107
f 380/7108 2255/7109 2257/7110
f 320/7120 2075/7121 2077/7122
f 379/7135 2252/7136 2254/7137
f 271/7138 1928/7139 1930/7140
f 239/7147 1827/7148 1834/7149
f 377/7165 2246/7166 2248/7167
f 382/7168 2259/7169 2263/7170
f 376/7192 2241/7193 2245/7194
f 383/7195 2264/7196 2266/7197
f 274/7198 1938/7199 1940/7200
f 237/7207 1819/7208 1828/7209
f 378/7225 2238/7226 2249/7227
f 381/7228 2251/7229 2260/7230
f 375/7252 2233/7253 2242/7254
f 384/7255 2256/7256 2267/7257
f 276/7258 1932/7259 1943/7260
f 228/7267 1788/7268 1799/7269
f 389/7285 2270/7286 2283/7287
f 263/7288 1892/7289 1905/7290
f 371/7315 2216/7316 2229/7317
f 393/7318 2287/7319 2296/7320
f 262/7327 1895/7328 1902/7329
f 364/7345 2198/7346 2209/7347
f 269/7348 1913/7349 1923/7350
f 370/7360 2219/7361 2226/7362
f 396/7363 2292/7364 2303/7365
f 365/7375 2201/7376 2211/7377
f 268/7378 1910/7379 1921/7380
f 226/7387 1794/7388 1796/7389
f 390/7405 2282/7406 2286/7407
f 264/7408 1904/7409 1908/7410
f 372/7435 2228/7436 2232/7437
f 394/7438 2295/7439 2299/7440
f 514/7468 2436/7469 2434/7470
f 533/7495 2457/7496 2455/7497
f 551/7498 2463/7499 2461/7500
f 426/7507 2343/7508 2341/7509
f 518/7525 2442/7526 2439/7527
f 429/7528 2349/7529 2348/7530
f 537/7543 2454/7544 2452/7545
f 502/7555 2426/7556 2422/7557
f 526/7558 2448/7559 2445/7560
f 507/7585 2427/7586 2425/7587
f 534/7588 2447/7589 2444/7590
f 529/7600 2453/7601 2449/7602
f 545/7603 2469/7604 2466/7605
f 520/7615 2441/7616 2438/7617
f 432/7618 2352/7619 2351/7620
f 586/7627 2506/7628 2508/7629
f 640/7645 2562/7646 2560/7647
f 603/7648 2522/7649 2523/7650
f 641/7675 2559/7676 2558/7677
f 605/7678 2526/7679 2524/7680
f 172/7696 652/7697 1622/7698
f 201/7708 681/7709 1712/7710
f 197/7732 677/7733 1694/7734
f 206/7735 686/7736 1731/7737
f 168/7747 648/7748 1619/7749
f 202/7765 682/7766 1716/7767
f 170/7768 650/7769 1625/7770
f 194/7780 674/7781 1697/7782
f 204/7783 684/7784 1728/7785
f 196/7795 676/7796 1700/7797
f 207/7798 687/7799 1724/7800
f 195/7825 675/7826 1701/7827
f 203/7828 683/7829 1723/7830
f 193/7837 673/7838 1693/7839
f 205/7840 685/7841 1727/7842
f 200/7855 680/7856 1715/7857
f 171/7858 651/7859 1628/7860
f 261/7867 741/7868 1899/7869
f 366/7885 846/7886 2208/7887
f 267/7888 747/7889 1917/7890
f 369/7900 849/7901 2223/7902
f 395/7903 875/7904 2300/7905
f 363/7915 843/7916 2205/7917
f 270/7918 750/7919 1920/7920
f 260/7948 740/7949 1896/7950
f 368/7975 848/7976 2220/7977
f 392/7978 872/7979 2291/7980
f 259/7987 739/7988 1891/7989
f 385/7990 865/7991 2269/7992
f 362/8005 842/8006 2202/8007
f 265/8008 745/8009 1909/8010
f 367/8020 847/8021 2215/8022
f 391/8023 871/8024 2288/8025
f 361/8035 841/8036 2197/8037
f 266/8038 746/8039 1914/8040
f 272/8056 752/8057 1931/8058
f 373/8065 853/8066 2234/8067
f 380/8068 860/8069 2255/8070
f 320/8080 800/8081 2075/8082
f 374/8092 854/8093 2237/8094
f 379/8095 859/8096 2252/8097
f 271/8098 751/8099 1928/8100
f 239/8107 719/8108 1827/8109
f 377/8125 857/8126 2246/8127
f 382/8128 862/8129 2259/8130
f 323/8140 803/8141 2079/8142
f 376/8152 856/8153 2241/8154
f 383/8155 863/8156 2264/8157
f 274/8158 754/8159 1938/8160
f 237/8167 717/8168 1819/8169
f 273/8176 753/8177 1927/8178
f 378/8185 858/8186 2238/8187
f 381/8188 861/8189 2251/8190
f 375/8212 855/8213 2233/8214
f 384/8215 864/8216 2256/8217
f 276/8218 756/8219 1932/8220
f 228/8227 708/8228 1788/8229
f 389/8245 869/8246 2270/8247
f 263/8248 743/8249 1892/8250
f 371/8275 851/8276 2216/8277
f 393/8278 873/8279 2287/8280
f 262/8287 742/8288 1895/8289
f 364/8305 844/8306 2198/8307
f 269/8308 749/8309 1913/8310
f 370/8320 850/8321 2219/8322
f 396/8323 876/8324 2292/8325
f 365/8335 845/8336 2201/8337
f 268/8338 748/8339 1910/8340
f 390/8365 870/8366 2282/8367
f 264/8368 744/8369 1904/8370
f 372/8395 852/8396 2228/8397
f 394/8398 874/8399 2295/8400
f 565/8425 1600/8426 2487/8427
f 514/8428 1353/8429 2436/8430
f 533/8455 1593/8456 2457/8457
f 551/8458 1384/8459 2463/8460
f 426/8467 1264/8468 2343/8469
f 518/8485 1587/8486 2442/8487
f 429/8488 1348/8489 2349/8490
f 504/8500 1498/8501 2421/8502
f 502/8515 1569/8516 2426/8517
f 526/8518 1371/8519 2448/8520
f 507/8545 1576/8546 2427/8547
f 534/8548 1366/8549 2447/8550
f 529/8560 1509/8561 2453/8562
f 520/8575 1582/8576 2441/8577
f 432/8578 1360/8579 2352/8580
f 586/8587 1254/8588 2506/8589
f 640/8605 1601/8606 2562/8607
f 603/8608 1356/8609 2522/8610
f 641/8635 1596/8636 2559/8637
f 605/8638 1385/8639 2526/8640
f 199/8668 1099/8669 1714/8670
f 205/8695 1135/8696 1733/8697
f 212/8698 1177/8699 1751/8700
f 170/8707 925/8708 1626/8709
f 202/8710 1117/8711 1721/8712
f 200/8725 1105/8726 1718/8727
f 171/8728 931/8729 1629/8730
f 196/8740 1081/8741 1704/8742
f 207/8743 1147/8744 1737/8745
f 195/8755 1075/8756 1702/8757
f 203/8758 1123/8759 1726/8760
f 197/8785 1087/8786 1707/8787
f 206/8788 1141/8789 1734/8790
f 204/8800 1129/8801 1729/8802
f 209/8803 1159/8804 1745/8805
f 201/8815 1111/8816 1720/8817
f 172/8818 937/8819 1632/8820
f 262/8827 1292/8828 1903/8829
f 364/8845 1573/8846 2210/8847
f 269/8848 1363/8849 1924/8850
f 370/8860 1508/8861 2227/8862
f 365/8875 1579/8876 2212/8877
f 268/8878 1357/8879 1922/8880
f 390/8905 1598/8906 2285/8907
f 264/8908 1351/8909 1907/8910
f 372/8935 1591/8936 2231/8937
f 394/8938 1382/8939 2298/8940
f 261/8947 1262/8948 1900/8949
f 366/8965 1585/8966 2213/8967
f 267/8968 1346/8969 1918/8970
f 369/8980 1496/8981 2224/8982
f 363/8995 1567/8996 2206/8997
f 270/8998 1369/8999 1925/9000
f 239/9007 1291/9008 1833/9009
f 377/9025 1574/9026 2247/9027
f 382/9028 1364/9029 2262/9030
f 323/9040 1507/9041 2085/9042
f 383/9055 1580/9056 2265/9057
f 274/9058 1358/9059 1939/9060
f 237/9067 1250/9068 1829/9069
f 378/9085 1597/9086 2250/9087
f 381/9088 1352/9089 2261/9090
f 375/9112 1442/9113 2243/9114
f 384/9115 1592/9116 2268/9117
f 276/9118 1381/9119 1944/9120
f 235/9127 896/9128 1821/9129
f 271/9136 938/9137 1929/9138
f 379/9148 1112/9149 2253/9150
f 373/9172 1088/9173 2235/9174
f 380/9175 1142/9176 2258/9177
f 272/9178 1154/9179 1934/9180
f 385/9205 1118/9206 2272/9207
f 259/9208 926/9209 1894/9210
f 320/9223 1130/9224 2078/9225
f 367/9235 1082/9236 2218/9237
f 391/9238 1148/9239 2289/9240
f 260/9247 1100/9248 1897/9249
f 361/9265 1076/9266 2200/9267
f 266/9268 1124/9269 1915/9270
f 368/9280 1136/9281 2221/9282
f 392/9283 1178/9284 2294/9285
f 362/9295 1106/9296 2203/9297
f 265/9298 932/9299 1912/9300
f 228/9307 1261/9308 1800/9309
f 389/9325 1586/9326 2284/9327
f 263/9328 1345/9329 1906/9330
f 371/9355 1568/9356 2230/9357
f 393/9358 1370/9359 2297/9360
f 431/9376 941/9377 2345/9378
f 519/9388 1115/9389 2435/9390
f 506/9412 1091/9413 2416/9414
f 535/9415 1146/9416 2456/9417
f 541/9418 1158/9419 2460/9420
f 421/9427 918/9428 2340/9429
f 522/9445 1122/9446 2440/9447
f 427/9448 930/9449 2347/9450
f 530/9463 1134/9464 2451/9465
f 505/9475 1086/9476 2423/9477
f 536/9478 1151/9479 2446/9480
f 503/9505 1080/9506 2424/9507
f 525/9508 1127/9509 2443/9510
f 532/9520 1139/9521 2450/9522
f 552/9523 1182/9524 2467/9525
f 517/9535 1109/9536 2437/9537
f 430/9538 936/9539 2350/9540
f 585/9547 1265/9548 2507/9549
f 642/9565 1590/9566 2561/9567
f 601/9568 1349/9569 2521/9570
f 638/9595 1572/9596 2557/9597
f 606/9598 1374/9599 2525/9600
f 422/9616 939/9617 1631/9618
f 512/9628 1113/9629 1719/9630
f 494/9652 1089/9653 1706/9654
f 531/9655 1144/9656 1735/9657
f 539/9658 1156/9659 1741/9660
f 419/9667 916/9668 1621/9669
f 516/9685 1120/9686 1722/9687
f 425/9688 928/9689 1627/9690
f 528/9703 1132/9704 1730/9705
f 500/9715 1084/9716 1705/9717
f 524/9718 1149/9719 1736/9720
f 501/9745 1078/9746 1703/9747
f 523/9748 1125/9749 1725/9750
f 527/9760 1137/9761 1732/9762
f 543/9763 1180/9764 1752/9765
f 515/9775 1107/9776 1717/9777
f 428/9778 934/9779 1630/9780
f 588/9787 1266/9788 1901/9789
f 639/9805 1589/9806 2214/9807
f 602/9808 1350/9809 1919/9810
f 627/9820 1500/9821 2225/9822
f 637/9835 1571/9836 2207/9837
f 604/9838 1373/9839 1926/9840
f 514/9868 1104/9869 1898/9870
f 533/9895 1140/9896 2222/9897
f 551/9898 1181/9899 2293/9900
f 426/9907 929/9908 1893/9909
f 518/9925 1110/9926 2204/9927
f 429/9928 935/9929 1911/9930
f 504/9940 1085/9941 2217/9942
f 537/9943 1152/9944 2290/9945
f 502/9955 1079/9956 2199/9957
f 526/9958 1128/9959 1916/9960
f 507/9985 1092/9986 2236/9987
f 534/9988 1145/9989 2257/9990
f 529/10000 1133/10001 2077/10002
f 545/10003 1164/10004 2096/10005
f 520/10015 1116/10016 2254/10017
f 432/10018 942/10019 1930/10020
f 586/10027 1295/10028 1834/10029
f 640/10045 1578/10046 2248/10047
f 603/10048 1368/10049 2263/10050
f 641/10075 1584/10076 2266/10077
f 605/10078 1362/10079 1940/10080
f 411/10087 1252/10088 1828/10089
f 563/10105 1599/10106 2249/10107
f 519/10108 1354/10109 2260/10110
f 506/10132 1444/10133 2242/10134
f 535/10135 1594/10136 2267/10137
f 541/10138 1383/10139 1943/10140
f 421/10147 1263/10148 1799/10149
f 522/10165 1588/10166 2283/10167
f 427/10168 1347/10169 1905/10170
f 505/10195 1570/10196 2229/10197
f 536/10198 1372/10199 2296/10200
f 513/10207 1294/10208 1902/10209
f 503/10225 1575/10226 2209/10227
f 525/10228 1365/10229 1923/10230
f 532/10240 1510/10241 2226/10242
f 552/10243 1528/10244 2303/10245
f 517/10255 1581/10256 2211/10257
f 430/10258 1359/10259 1921/10260
f 585/10267 1253/10268 1796/10269
f 642/10285 1602/10286 2286/10287
f 601/10288 1355/10289 1908/10290
f 638/10315 1595/10316 2232/10317
f 606/10318 1386/10319 2299/10320
f 512/10348 1102/10349 2434/10350
f 531/10375 1138/10376 2455/10377
f 539/10378 1179/10379 2461/10380
f 419/10387 927/10388 2341/10389
f 516/10405 1108/10406 2439/10407
f 425/10408 933/10409 2348/10410
f 497/10420 1083/10421 2420/10422
f 528/10423 1150/10424 2452/10425
f 500/10435 1077/10436 2422/10437
f 524/10438 1126/10439 2445/10440
f 501/10465 1090/10466 2425/10467
f 523/10468 1143/10469 2444/10470
f 527/10480 1131/10481 2449/10482
f 543/10483 1162/10484 2466/10485
f 515/10495 1114/10496 2438/10497
f 428/10498 940/10499 2351/10500
f 588/10507 1296/10508 2508/10509
f 639/10525 1577/10526 2560/10527
f 602/10528 1367/10529 2523/10530
f 627/10540 1512/10541 2547/10542
f 637/10555 1583/10556 2558/10557
f 604/10558 1361/10559 2524/10560
f 199/10588 1714/10589 1712/10590
f 193/10612 1696/10613 1694/10614
f 205/10615 1733/10616 1731/10617
f 212/10618 1751/10619 1739/10620
f 170/10627 1626/10628 1619/10629
f 202/10630 1721/10631 1709/10632
f 200/10645 1718/10646 1716/10647
f 171/10648 1629/10649 1625/10650
f 196/10660 1704/10661 1697/10662
f 207/10663 1737/10664 1728/10665
f 195/10675 1702/10676 1700/10677
f 203/10678 1726/10679 1724/10680
f 197/10705 1707/10706 1701/10707
f 206/10708 1734/10709 1723/10710
f 204/10720 1729/10721 1727/10722
f 209/10723 1745/10724 1743/10725
f 201/10735 1720/10736 1715/10737
f 172/10738 1632/10739 1628/10740
f 262/10747 1903/10748 1899/10749
f 364/10765 2210/10766 2208/10767
f 269/10768 1924/10769 1917/10770
f 370/10780 2227/10781 2223/10782
f 396/10783 2304/10784 2300/10785
f 365/10795 2212/10796 2205/10797
f 268/10798 1922/10799 1920/10800
f 390/10825 2285/10826 2274/10827
f 264/10828 1907/10829 1896/10830
f 372/10855 2231/10856 2220/10857
f 394/10858 2298/10859 2291/10860
f 261/10867 1900/10868 1891/10869
f 366/10885 2213/10886 2202/10887
f 267/10888 1918/10889 1909/10890
f 369/10900 2224/10901 2215/10902
f 363/10915 2206/10916 2197/10917
f 270/10918 1925/10919 1914/10920
f 239/10927 1833/10928 1823/10929
f 377/10945 2247/10946 2234/10947
f 382/10948 2262/10949 2255/10950
f 323/10960 2085/10961 2075/10962
f 383/10975 2265/10976 2252/10977
f 274/10978 1939/10979 1928/10980
f 237/10987 1829/10988 1827/10989
f 378/11005 2250/11006 2246/11007
f 381/11008 2261/11009 2259/11010
f 375/11032 2243/11033 2241/11034
f 384/11035 2268/11036 2264/11037
f 276/11038 1944/11039 1938/11040
f 235/11047 1821/11048 1819/11049
f 271/11056 1929/11057 1927/11058
f 374/11065 2240/11066 2238/11067
f 379/11068 2253/11069 2251/11070
f 373/11092 2235/11093 2233/11094
f 380/11095 2258/11096 2256/11097
f 272/11098 1934/11099 1932/11100
f 385/11125 2272/11126 2270/11127
f 259/11128 1894/11129 1892/11130
f 320/11143 2078/11144 2076/11145
f 367/11155 2218/11156 2216/11157
f 391/11158 2289/11159 2287/11160
f 260/11167 1897/11168 1895/11169
f 361/11185 2200/11186 2198/11187
f 266/11188 1915/11189 1913/11190
f 368/11200 2221/11201 2219/11202
f 392/11203 2294/11204 2292/11205
f 362/11215 2203/11216 2201/11217
f 265/11218 1912/11219 1910/11220
f 228/11227 1800/11228 1794/11229
f 389/11245 2284/11246 2282/11247
f 263/11248 1906/11249 1904/11250
f 371/11275 2230/11276 2228/11277
f 393/11278 2297/11279 2295/11280
f 519/11308 2435/11309 2436/11310
f 535/11335 2456/11336 2457/11337
f 541/11338 2460/11339 2463/11340
f 421/11347 2340/11348 2343/11349
f 522/11365 2440/11366 2442/11367
f 427/11368 2347/11369 2349/11370
f 530/11383 2451/11384 2454/11385
f 505/11395 2423/11396 2426/11397
f 536/11398 2446/11399 2448/11400
f 503/11425 2424/11426 2427/11427
f 525/11428 2443/11429 2447/11430
f 532/11440 2450/11441 2453/11442
f 552/11443 2467/11444 2469/11445
f 517/11455 2437/11456 2441/11457
f 430/11458 2350/11459 2352/11460
f 585/11467 2507/11468 2506/11469
f 642/11485 2561/11486 2562/11487
f 601/11488 2521/11489 2522/11490
f 638/11515 2557/11516 2559/11517
f 606/11518 2525/11519 2526/11520
f 1712/11548 681/11549 679/11550
f 1694/11572 677/11573 673/11574
f 1731/11575 686/11576 685/11577
f 1619/11587 648/11588 650/11589
f 1709/11590 678/11591 682/11592
f 1716/11605 682/11606 680/11607
f 1625/11608 650/11609 651/11610
f 1697/11620 674/11621 676/11622
f 1728/11623 684/11624 687/11625
f 1700/11635 676/11636 675/11637
f 1724/11638 687/11639 683/11640
f 1701/11665 675/11666 677/11667
f 1723/11668 683/11669 686/11670
f 1693/11677 673/11678 674/11679
f 1727/11680 685/11681 684/11682
f 1715/11695 680/11696 681/11697
f 1628/11698 651/11699 652/11700
f 1899/11707 741/11708 742/11709
f 2208/11725 846/11726 844/11727
f 1917/11728 747/11729 749/11730
f 2223/11740 849/11741 850/11742
f 2300/11743 875/11744 876/11745
f 2205/11755 843/11756 845/11757
f 1920/11758 750/11759 748/11760
f 2274/11785 866/11786 870/11787
f 1896/11788 740/11789 744/11790
f 2220/11815 848/11816 852/11817
f 2291/11818 872/11819 874/11820
f 1891/11827 739/11828 741/11829
f 2269/11830 865/11831 867/11832
f 2202/11845 842/11846 846/11847
f 1909/11848 745/11849 747/11850
f 2215/11860 847/11861 849/11862
f 2288/11863 871/11864 875/11865
f 2197/11875 841/11876 843/11877
f 1914/11878 746/11879 750/11880
f 1931/11896 752/11897 755/11898
f 2234/11905 853/11906 857/11907
f 2255/11908 860/11909 862/11910
f 2075/11920 800/11921 803/11922
f 2237/11932 854/11933 856/11934
f 2252/11935 859/11936 863/11937
f 1928/11938 751/11939 754/11940
f 1827/11947 719/11948 717/11949
f 1935/11956 755/11957 753/11958
f 2246/11965 857/11966 858/11967
f 2259/11968 862/11969 861/11970
f 2241/11992 856/11993 855/11994
f 2264/11995 863/11996 864/11997
f 1938/11998 754/11999 756/12000
f 1819/12007 717/12008 715/12009
f 1927/12016 753/12017 751/12018
f 2238/12025 858/12026 854/12027
f 2251/12028 861/12029 859/12030
f 2233/12052 855/12053 853/12054
f 2256/12055 864/12056 860/12057
f 1932/12058 756/12059 752/12060
f 2270/12085 869/12086 865/12087
f 1892/12088 743/12089 739/12090
f 2076/12103 804/12104 800/12105
f 2216/12115 851/12116 847/12117
f 2287/12118 873/12119 871/12120
f 1895/12127 742/12128 740/12129
f 2198/12145 844/12146 841/12147
f 1913/12148 749/12149 746/12150
f 2219/12160 850/12161 848/12162
f 2292/12163 876/12164 872/12165
f 2201/12175 845/12176 842/12177
f 1910/12178 748/12179 745/12180
f 2282/12205 870/12206 869/12207
f 1904/12208 744/12209 743/12210
f 2228/12235 852/12236 851/12237
f 2295/12238 874/12239 873/12240
f 2328/12247 1251/12248 1252/12249
f 2487/12265 1600/12266 1599/12267
f 2436/12268 1353/12269 1354/12270
f 2418/12292 1443/12293 1444/12294
f 2457/12295 1593/12296 1594/12297
f 2463/12298 1384/12299 1383/12300
f 2343/12307 1264/12308 1263/12309
f 2442/12325 1587/12326 1588/12327
f 2349/12328 1348/12329 1347/12330
f 2421/12340 1498/12341 1497/12342
f 2426/12355 1569/12356 1570/12357
f 2448/12358 1371/12359 1372/12360
f 2427/12385 1576/12386 1575/12387
f 2447/12388 1366/12389 1365/12390
f 2453/12400 1509/12401 1510/12402
f 2441/12415 1582/12416 1581/12417
f 2352/12418 1360/12419 1359/12420
f 2506/12427 1254/12428 1253/12429
f 2562/12445 1601/12446 1602/12447
f 2522/12448 1356/12449 1355/12450
f 2559/12475 1596/12476 1595/12477
f 2526/12478 1385/12479 1386/12480
f 1624/12496 919/12497 922/12498
f 1714/12508 1099/12509 1102/12510
f 1733/12535 1135/12536 1138/12537
f 1751/12538 1177/12539 1179/12540
f 1626/12547 925/12548 927/12549
f 1721/12550 1117/12551 1119/12552
f 1718/12565 1105/12566 1108/12567
f 1629/12568 931/12569 933/12570
f 1704/12580 1081/12581 1083/12582
f 1737/12583 1147/12584 1150/12585
f 1702/12595 1075/12596 1077/12597
f 1726/12598 1123/12599 1126/12600
f 1707/12625 1087/12626 1090/12627
f 1734/12628 1141/12629 1143/12630
f 1729/12640 1129/12641 1131/12642
f 1720/12655 1111/12656 1114/12657
f 1632/12658 937/12659 940/12660
f 1903/12667 1292/12668 1296/12669
f 2210/12685 1573/12686 1577/12687
f 1924/12688 1363/12689 1367/12690
f 2227/12700 1508/12701 1512/12702
f 2212/12715 1579/12716 1583/12717
f 1922/12718 1357/12719 1361/12720
f 2285/12745 1598/12746 1600/12747
f 1907/12748 1351/12749 1353/12750
f 1997/12772 1441/12773 1443/12774
f 2231/12775 1591/12776 1593/12777
f 2298/12778 1382/12779 1384/12780
f 1900/12787 1262/12788 1264/12789
f 2213/12805 1585/12806 1587/12807
f 1918/12808 1346/12809 1348/12810
f 2224/12820 1496/12821 1498/12822
f 2206/12835 1567/12836 1569/12837
f 1925/12838 1369/12839 1371/12840
f 2247/12865 1574/12866 1576/12867
f 2262/12868 1364/12869 1366/12870
f 2085/12880 1507/12881 1509/12882
f 2265/12895 1580/12896 1582/12897
f 1939/12898 1358/12899 1360/12900
f 1829/12907 1250/12908 1254/12909
f 2250/12925 1597/12926 1601/12927
f 2261/12928 1352/12929 1356/12930
f 2243/12952 1442/12953 1446/12954
f 2268/12955 1592/12956 1596/12957
f 1944/12958 1381/12959 1385/12960
f 1821/12967 896/12968 899/12969
f 1929/12976 938/12977 941/12978
f 2253/12988 1112/12989 1115/12990
f 2235/13012 1088/13013 1091/13014
f 2258/13015 1142/13016 1146/13017
f 1934/13018 1154/13019 1158/13020
f 1790/13027 914/13028 918/13029
f 2272/13045 1118/13046 1122/13047
f 1894/13048 926/13049 930/13050
f 2078/13063 1130/13064 1134/13065
f 2218/13075 1082/13076 1086/13077
f 2289/13078 1148/13079 1151/13080
f 1897/13087 1100/13088 1103/13089
f 2200/13105 1076/13106 1080/13107
f 1915/13108 1124/13109 1127/13110
f 2221/13120 1136/13121 1139/13122
f 2294/13123 1178/13124 1182/13125
f 2203/13135 1106/13136 1109/13137
f 1912/13138 932/13139 936/13140
f 1800/13147 1261/13148 1265/13149
f 2284/13165 1586/13166 1590/13167
f 1906/13168 1345/13169 1349/13170
f 2230/13195 1568/13196 1572/13197
f 2297/13198 1370/13199 1374/13200
f 2345/13216 941/13217 939/13218
f 2435/13228 1115/13229 1113/13230
f 2416/13252 1091/13253 1089/13254
f 2456/13255 1146/13256 1144/13257
f 2460/13258 1158/13259 1156/13260
f 2340/13267 918/13268 916/13269
f 2440/13285 1122/13286 1120/13287
f 2347/13288 930/13289 928/13290
f 2451/13303 1134/13304 1132/13305
f 2423/13315 1086/13316 1084/13317
f 2446/13318 1151/13319 1149/13320
f 2424/13345 1080/13346 1078/13347
f 2443/13348 1127/13349 1125/13350
f 2450/13360 1139/13361 1137/13362
f 2467/13363 1182/13364 1180/13365
f 2437/13375 1109/13376 1107/13377
f 2350/13378 936/13379 934/13380
f 2507/13387 1265/13388 1266/13389
f 2561/13405 1590/13406 1589/13407
f 2521/13408 1349/13409 1350/13410
f 2546/13420 1499/13421 1500/13422
f 2557/13435 1572/13436 1571/13437
f 2525/13438 1374/13439 1373/13440
f 1631/13456 939/13457 937/13458
f 1719/13468 1113/13469 1111/13470
f 1706/13492 1089/13493 1087/13494
f 1735/13495 1144/13496 1141/13497
f 1621/13507 916/13508 913/13509
f 1722/13525 1120/13526 1117/13527
f 1627/13528 928/13529 925/13530
f 1730/13543 1132/13544 1129/13545
f 1705/13555 1084/13556 1081/13557
f 1736/13558 1149/13559 1147/13560
f 1713/13567 1101/13568 1099/13569
f 1703/13585 1078/13586 1075/13587
f 1725/13588 1125/13589 1123/13590
f 1732/13600 1137/13601 1135/13602
f 1752/13603 1180/13604 1177/13605
f 1717/13615 1107/13616 1105/13617
f 1630/13618 934/13619 931/13620
f 1901/13627 1266/13628 1262/13629
f 2214/13645 1589/13646 1585/13647
f 1919/13648 1350/13649 1346/13650
f 2225/13660 1500/13661 1496/13662
f 2207/13675 1571/13676 1567/13677
f 1926/13678 1373/13679 1369/13680
f 1898/13708 1104/13709 1100/13710
f 2222/13735 1140/13736 1136/13737
f 2293/13738 1181/13739 1178/13740
f 1893/13747 929/13748 926/13749
f 2271/13750 1121/13751 1118/13752
f 2204/13765 1110/13766 1106/13767
f 1911/13768 935/13769 932/13770
f 2217/13780 1085/13781 1082/13782
f 2290/13783 1152/13784 1148/13785
f 2199/13795 1079/13796 1076/13797
f 1916/13798 1128/13799 1124/13800
f 2236/13825 1092/13826 1088/13827
f 2257/13828 1145/13829 1142/13830
f 2077/13840 1133/13841 1130/13842
f 2254/13855 1116/13856 1112/13857
f 1930/13858 942/13859 938/13860
f 1834/13867 1295/13868 1291/13869
f 2248/13885 1578/13886 1574/13887
f 2263/13888 1368/13889 1364/13890
f 2266/13915 1584/13916 1580/13917
f 1940/13918 1362/13919 1358/13920
f 1828/13927 1252/13928 1250/13929
f 2249/13945 1599/13946 1597/13947
f 2260/13948 1354/13949 1352/13950
f 2242/13972 1444/13973 1442/13974
f 2267/13975 1594/13976 1592/13977
f 1943/13978 1383/13979 1381/13980
f 1799/13987 1263/13988 1261/13989
f 2283/14005 1588/14006 1586/14007
f 1905/14008 1347/14009 1345/14010
f 2229/14035 1570/14036 1568/14037
f 2296/14038 1372/14039 1370/14040
f 1902/14047 1294/14048 1292/14049
f 2209/14065 1575/14066 1573/14067
f 1923/14068 1365/14069 1363/14070
f 2226/14080 1510/14081 1508/14082
f 2211/14095 1581/14096 1579/14097
f 1921/14098 1359/14099 1357/14100
f 1796/14107 1253/14108 1249/14109
f 2286/14125 1602/14126 1598/14127
f 1908/14128 1355/14129 1351/14130
f 2232/14155 1595/14156 1591/14157
f 2299/14158 1386/14159 1382/14160
f 2434/14188 1102/14189 1104/14190
f 2455/14215 1138/14216 1140/14217
f 2461/14218 1179/14219 1181/14220
f 2341/14227 927/14228 929/14229
f 2439/14245 1108/14246 1110/14247
f 2348/14248 933/14249 935/14250
f 2420/14260 1083/14261 1085/14262
f 2452/14263 1150/14264 1152/14265
f 2422/14275 1077/14276 1079/14277
f 2445/14278 1126/14279 1128/14280
f 2425/14305 1090/14306 1092/14307
f 2444/14308 1143/14309 1145/14310
f 2449/14320 1131/14321 1133/14322
f 2466/14323 1162/14324 1164/14325
f 2438/14335 1114/14336 1116/14337
f 2351/14338 940/14339 942/14340
f 2508/14347 1296/14348 1295/14349
f 2560/14365 1577/14366 1578/14367
f 2523/14368 1367/14369 1368/14370
f 2547/14380 1512/14381 1511/14382
f 2558/14395 1583/14396 1584/14397
f 2524/14398 1361/14399 1362/14400
f 1622/14416 1624/14417 1631/14418
f 1712/14428 1714/14429 1719/14430
f 1694/14452 1696/14453 1706/14454
f 1731/14455 1733/14456 1735/14457
f 1739/14458 1751/14459 1741/14460
f 1619/14467 1626/14468 1621/14469
f 1716/14485 1718/14486 1722/14487
f 1625/14488 1629/14489 1627/14490
f 1697/14500 1704/14501 1699/14502
f 1728/14503 1737/14504 1730/14505
f 1700/14515 1702/14516 1705/14517
f 1724/14518 1726/14519 1736/14520
f 1701/14545 1707/14546 1703/14547
f 1723/14548 1734/14549 1725/14550
f 1727/14560 1729/14561 1732/14562
f 1743/14563 1745/14564 1752/14565
f 1715/14575 1720/14576 1717/14577
f 1628/14578 1632/14579 1630/14580
f 1899/14587 1903/14588 1901/14589
f 2208/14605 2210/14606 2214/14607
f 1917/14608 1924/14609 1919/14610
f 2223/14620 2227/14621 2225/14622
f 2205/14635 2212/14636 2207/14637
f 1920/14638 1922/14639 1926/14640
f 1896/14668 1907/14669 1898/14670
f 2220/14695 2231/14696 2222/14697
f 2291/14698 2298/14699 2293/14700
f 1891/14707 1900/14708 1893/14709
f 2202/14725 2213/14726 2204/14727
f 1909/14728 1918/14729 1911/14730
f 2215/14740 2224/14741 2217/14742
f 2288/14743 2301/14744 2290/14745
f 2197/14755 2206/14756 2199/14757
f 1914/14758 1925/14759 1916/14760
f 1823/14767 1833/14768 1825/14769
f 2234/14785 2247/14786 2236/14787
f 2255/14788 2262/14789 2257/14790
f 2075/14800 2085/14801 2077/14802
f 2252/14815 2265/14816 2254/14817
f 1928/14818 1939/14819 1930/14820
f 1827/14827 1829/14828 1834/14829
f 2246/14845 2250/14846 2248/14847
f 2259/14848 2261/14849 2263/14850
f 2241/14872 2243/14873 2245/14874
f 2264/14875 2268/14876 2266/14877
f 1938/14878 1944/14879 1940/14880
f 1819/14887 1821/14888 1828/14889
f 1927/14896 1929/14897 1936/14898
f 2238/14905 2240/14906 2249/14907
f 2251/14908 2253/14909 2260/14910
f 2233/14932 2235/14933 2242/14934
f 2256/14935 2258/14936 2267/14937
f 1932/14938 1934/14939 1943/14940
f 1788/14947 1790/14948 1799/14949
f 2270/14965 2272/14966 2283/14967
f 1892/14968 1894/14969 1905/14970
f 2076/14983 2078/14984 2087/14985
f 2216/14995 2218/14996 2229/14997
f 2287/14998 2289/14999 2296/15000
f 1895/15007 1897/15008 1902/15009
f 2198/15025 2200/15026 2209/15027
f 1913/15028 1915/15029 1923/15030
f 2219/15040 2221/15041 2226/15042
f 2292/15043 2294/15044 2303/15045
f 2201/15055 2203/15056 2211/15057
f 1910/15058 1912/15059 1921/15060
f 1794/15067 1800/15068 1796/15069
f 2282/15085 2284/15086 2286/15087
f 1904/15088 1906/15089 1908/15090
f 2228/15115 2230/15116 2232/15117
f 2295/15118 2297/15119 2299/15120
f 2436/15148 2435/15149 2434/15150
f 2457/15175 2456/15176 2455/15177
f 2463/15178 2460/15179 2461/15180
f 2343/15187 2340/15188 2341/15189
f 2442/15205 2440/15206 2439/15207
f 2349/15208 2347/15209 2348/15210
f 2454/15223 2451/15224 2452/15225
f 2426/15235 2423/15236 2422/15237
f 2448/15238 2446/15239 2445/15240
f 2427/15265 2424/15266 2425/15267
f 2447/15268 2443/15269 2444/15270
f 2453/15280 2450/15281 2449/15282
f 2469/15283 2467/15284 2466/15285
f 2441/15295 2437/15296 2438/15297
f 2352/15298 2350/15299 2351/15300
f 2506/15307 2507/15308 2508/15309
f 2562/15325 2561/15326 2560/15327
f 2522/15328 2521/15329 2523/15330
f 2559/15355 2557/15356 2558/15357
f 2526/15358 2525/15359 2524/15360
g chart_57
f 141/742 1473/743 1474/744
f 139/802 1462/803 1461/804
f 141/922 1476/923 1475/924
f 141/1222 1474/1223 1472/1224
f 139/1282 1461/1283 1459/1284
f 141/1402 1475/1403 1471/1404
f 139/1642 1464/1643 1460/1644
f 139/1882 1463/1883 1464/1884
f 139/2122 1459/2123 1463/2124
f 141/2422 1471/2423 1473/2424
f 139/2482 1460/2483 1462/2484
f 141/2602 1472/2603 1476/2604
f 619/3082 2016/3083 2012/3084
f 620/3322 2030/3323 2034/3324
f 567/3442 2319/3443 2308/3444
f 621/3562 2322/3563 2320/3564
f 619/3802 2539/3803 2540/3804
f 306/4282 2028/4283 786/4284
f 397/4402 2306/4403 877/4404
f 401/4522 2318/4523 881/4524
f 575/4582 2499/4583 1473/4584
f 567/4642 2484/4643 1462/4644
f 621/4762 2541/4763 1476/4764
f 619/5002 2012/5003 1451/5004
f 582/5062 2321/5063 1474/5064
f 560/5122 2015/5123 1461/5124
f 620/5242 2034/5243 1475/5244
f 575/5302 2024/5303 1224/5304
f 621/5482 2320/5483 1464/5484
f 619/5722 2540/5723 1463/5724
f 300/5962 2016/5963 1459/5964
f 304/6202 2030/6203 1448/6204
f 401/6322 2319/6323 1460/6324
f 402/6442 2322/6443 1472/6444
f 620/6682 2539/6683 1452/6684
f 304/7162 2028/7163 2030/7164
f 401/7282 2306/7283 2319/7284
f 402/7402 2318/7403 2322/7404
f 620/7642 2541/7643 2539/7644
f 304/8122 784/8123 2028/8124
f 401/8242 881/8243 2306/8244
f 582/8422 1474/8423 2499/8424
f 560/8482 1461/8483 2484/8484
f 620/8602 1475/8603 2541/8604
f 402/8902 1472/8903 2321/8904
f 300/8962 1459/8963 2015/8964
f 306/9082 1471/9083 2034/9084
f 401/9322 1460/9323 2320/9324
f 575/9382 1224/9383 2496/9384
f 621/9562 1464/9563 2540/9564
f 619/9802 1463/9803 2016/9804
f 620/10042 1452/10043 2030/10044
f 575/10102 1473/10103 2033/10104
f 567/10162 1462/10163 2319/10164
f 621/10282 1476/10283 2322/10284
f 619/10522 1451/10523 2539/10524
f 306/11002 2034/11003 2028/11004
f 397/11122 2308/11123 2306/11124
f 401/11242 2320/11243 2318/11244
f 575/11302 2496/11303 2499/11304
f 621/11482 2540/11483 2541/11484
f 2028/11962 784/11963 786/11964
f 2306/12082 881/12083 877/12084
f 2499/12262 1474/12263 1473/12264
f 2484/12322 1461/12323 1462/12324
f 2541/12442 1475/12443 1476/12444
f 2321/12742 1472/12743 1474/12744
f 2015/12802 1459/12803 1461/12804
f 2034/12922 1471/12923 1475/12924
f 2320/13162 1460/13163 1464/13164
f 2540/13402 1464/13403 1463/13404
f 2016/13642 1463/13643 1459/13644
f 2030/13882 1452/13883 1448/13884
f 2033/13942 1473/13943 1471/13944
f 2319/14002 1462/14003 1460/14004
f 2322/14122 1476/14123 1472/14124
f 2539/14362 1451/14363 1452/14364
f 2028/14842 2034/14843 2030/14844
f 2306/14962 2308/14963 2319/14964
f 2318/15082 2320/15083 2322/15084
f 2541/15322 2540/15323 2539/15324
